gene,baseMean,log2FoldChange,lfcSE,stat,pvalue,padj
NOC2L,11.7401305293747,-0.271567240846398,0.255507904652843,-1.06285260025664,0.287848801298697,0.614868779681339
HES4,4.77334671856904,2.20672066709812,0.522694063276225,4.22182079755505,2.42336745777674e-05,0.000386247490193338
ISG15,668.668579741662,5.49952296104301,0.133100072129004,41.3187075940328,0,0
TNFRSF18,9.3297545516445,-1.34523569342517,0.322472131947772,-4.17163394957505,3.02423191676461e-05,0.000473517017496444
TNFRSF4,3.22264937985531,-1.66435946813194,0.609788575729848,-2.72940414821627,0.00634488913184904,0.049299788554467
SDF4,8.62952307801389,-0.665510995566236,0.285451665492563,-2.33143146815367,0.0197306198298982,0.117928396983315
UBE2J2,8.67740310099223,-0.532586165292988,0.309162486811276,-1.72267395952892,0.0849475019784723,0.316187827723463
PUSL1,0.961846649318679,-1.82307158777586,0.83342519645493,-2.18744477072507,0.0287100708716539,NA
CPSF3L,8.75388630899639,-0.129026310652927,0.289514453314419,-0.445664488165645,0.655839620093591,0.868491495207023
GLTPD1,1.65391948761211,-0.101262700646016,0.637329121863588,-0.158886040465118,0.873758659074556,0.958067353114737
AURKAIP1,30.8449784330493,0.0147778060485108,0.146924841529037,0.100580717969264,0.919883303903628,0.97531109673568
CCNL2,4.92524889176225,-0.643412591459517,0.387657409576833,-1.65974537198158,0.0969656875755522,0.343049922578049
RP4-758J18.2,4.59555161240141,-0.269151772928932,0.372131553072521,-0.723270495894981,0.469513715546088,0.768227758840348
MRPL20,21.3311643090577,0.269374449814059,0.178971394344881,1.50512572581834,0.132291756130179,0.407697350572727
SSU72,30.0202151962527,0.109641860928368,0.168043821395382,0.652459935854449,0.514104510318915,0.797921007775874
MIB2,2.31567868937515,-1.17464787278476,0.555800087279581,-2.11343592717698,0.0345634736445482,0.174247000952564
CDK11A,4.10077025050523,0.229775931107071,0.451324200952781,0.509115023351277,0.610671601915581,0.845608081422868
NADK,2.28029938555491,1.48703763054772,0.5946304493033,2.50077612454931,0.0123921487448501,0.0817723955392659
GNB1,2.63286394244033,-0.123412364510362,0.484680514840815,-0.254626214034817,0.799011810503308,0.933716975091486
C1orf86,11.7371312294011,-0.245199086733572,0.245928553999431,-0.997033824442115,0.318748092063585,0.646439850005625
SKI,0.69264733721771,-0.749827337370019,1.07330080380404,-0.6986180711991,0.484790747137198,NA
RER1,24.758004204196,0.174502978982647,0.173517006091749,1.00568228390465,0.31456842794979,0.642364437626772
PANK4,1.1400556316805,0.790019702803709,0.749458110602641,1.05412122655988,0.29182741908025,0.619393265346129
RP3-395M20.12,0.987953306311345,-1.17918810278851,0.997218195036435,-1.18247752463585,0.237016278322636,0.556800145900795
TNFRSF14,9.19621961194611,0.0855230390212863,0.273201489980127,0.313040163241816,0.754250148623987,0.913861754088822
WRAP73,4.40629036507478,0.047685354286546,0.412522078465898,0.11559467183885,0.907973785855113,0.973433089492132
LRRC47,3.53804999704973,0.0430933103867264,0.41450302341448,0.103963802318603,0.91719807442652,0.9751814025147
CEP104,2.44382351326302,-0.567268094054351,0.515578532573667,-1.10025545715152,0.271220833737658,0.597606465548007
C1orf174,4.23928793435061,-0.527264638906454,0.4130689282884,-1.27645679158497,0.201794091545796,0.516232116567919
KCNAB2,1.01027874042616,-0.768210881516961,0.828304119464635,-0.92745027274944,0.353692799064656,0.678125093750292
RPL22,52.179428127466,-0.188910830198839,0.141570405358568,-1.33439492329183,0.18207446295072,0.488192714863582
ICMT,1.24380831662073,-0.872044623030216,0.908645949159154,-0.959718825398596,0.337196746027134,0.664348279483406
TNFRSF25,0.944208535486508,-0.115962376487581,0.885029633626444,-0.131026546548979,0.895754307326639,NA
NOL9,1.60035809199247,0.608121408080038,0.796638092917812,0.763359690537391,0.445248912759632,0.754870095244953
ZBTB48,1.39379074464329,0.416769179248542,0.677665304249399,0.615007403559147,0.538549831098439,0.810955850316836
THAP3,3.26290175197611,0.063855597686036,0.464586287547198,0.13744615241049,0.89067815283077,0.967280001303168
CAMTA1,12.1777063748834,-0.321159902945,0.280598723073843,-1.14455226106101,0.252394677394242,0.577008206944688
VAMP3,2.80371783628232,-0.0501237168816899,0.528516652006473,-0.0948384817988213,0.924443120555659,0.975683415108361
TNFRSF9,1.05969528815465,-2.31669680665664,0.887926764713744,-2.60910797908374,0.00907785924532088,0.0646368534580923
PARK7,83.7533744701219,-0.242233583472971,0.115147801936508,-2.10367527125301,0.0354067829925086,0.177490776678576
RERE,3.35131710230934,1.07030887307966,0.483792416499057,2.21233081912467,0.0269438151300827,0.147822378507144
ENO1,95.4991592640696,-0.11878879008744,0.135588109512957,-0.8761003491688,0.380975482971725,0.701049023727722
CA6,0.203420321059378,-0.117429731261759,1.63125045159536,-0.071987554790813,0.942611811992622,NA
GPR157,0.19303228359484,-0.0494911120021886,1.59694908034108,-0.0309910394836246,0.975276685698109,NA
SPSB1,1.99078753733721,2.41970521516498,0.677394934180063,3.57207456547318,0.000354164533074748,0.00433363531022172
SLC25A33,5.80988033827918,-0.359971588954988,0.396203737246505,-0.908551725071249,0.363586798606337,0.688202122055298
PIK3CD,1.24989459640508,-1.05676908392729,0.741216917590074,-1.42572175411642,0.153948674553001,0.444423205751151
CLSTN1,1.56414713221535,-0.525137295122294,0.707233961095762,-0.742522735063042,0.457770682307006,0.764098432121468
CTNNBIP1,1.67775915336919,-0.864393943909176,0.649569660328668,-1.33071785321964,0.183281866321871,0.489802270445723
LZIC,5.11124684233329,0.493951160879211,0.395859600225227,1.24779381527737,0.212106574193066,0.52865054738737
UBE4B,1.7123020718349,-0.366343040820237,0.612649217297763,-0.59796541067347,0.549863012982121,0.817299973385189
KIF1B,0.283550282550111,0.832979686512439,1.41046927010049,0.59056918443398,0.554809117323536,NA
PGD,4.01177775339383,-0.151068186692426,0.408849250209309,-0.369496059036642,0.71175801010918,0.891993506217473
APITD1,4.51270576153353,-0.58657698240271,0.390514881464884,-1.50206051099094,0.13308148204697,0.409583205714329
DFFA,5.87872694643759,0.535539184875224,0.376990294095492,1.42056491443669,0.155443284451319,0.446292696274235
PEX14,2.08482919415095,1.25967175641927,0.630135672231774,1.9990484778585,0.0456031089092713,0.210817024438202
TARDBP,8.22297686021212,-0.713085376290184,0.314112262132189,-2.27016090186919,0.0231978222796121,0.132901072156745
SRM,22.7302872100937,-0.0575566029743545,0.182061033999594,-0.316139053535656,0.751896965214838,0.913206630671245
EXOSC10,2.58035586737557,0.169698420463968,0.526828269038196,0.322113353510391,0.747366822349222,0.911015187631039
UBIAD1,3.35183626062982,0.215190101073578,0.442839371940822,0.485932630900612,0.627014931911961,0.855154018387617
FBXO6,21.7407009100635,4.07265757192132,0.316059093316459,12.885747184763,5.41485246139417e-38,6.47283132692811e-36
MAD2L2,6.26799657529804,0.422520702166976,0.342289201207918,1.23439682197372,0.217055072679262,0.536009780767804
AGTRAP,1.96394874984157,0.158431386164092,0.589106934901876,0.268934851684408,0.787979816863937,0.929852751209874
MTHFR,0.878332256891784,-0.60902316128358,0.964451532388756,-0.631470987220218,0.527732613529876,NA
KIAA2013,1.24175970212124,-0.0334471087845027,0.705294619678735,-0.0474228894582211,0.962176186391362,0.985481491944094
MIIP,4.66887561343297,-0.419209138953102,0.396752832791632,-1.05660024152433,0.290694070238752,0.618551834008112
TNFRSF1B,3.01600307886586,-0.851223779247432,0.485890338308781,-1.75188455528927,0.0797936608072267,0.30466670490032
PDPN,0,NA,NA,NA,NA,NA
PRDM2,9.83207901567661,-0.636720503287053,0.282045054664311,-2.25751344601619,0.0239760102638798,0.136478827655931
TMEM51,0.0577316880106304,-0.379320188619758,3.0551770360915,-0.124156533038434,0.901191337485662,NA
EFHD2,1.9297397551627,0.221102808762318,0.585019338881203,0.377941025308937,0.705474405030519,0.889068343411422
CASP9,1.88461203803745,-0.0438029826221574,0.672676831938346,-0.0651174242108759,0.948080507361596,0.981817235420602
DDI2,1.74656364415782,0.14587843333669,0.613384516394372,0.237825425059962,0.812016498015515,0.938961568850194
PLEKHM2,0.373406787440297,0.336369376947886,1.19399667299819,0.281717181089997,0.778160379263432,NA
RP11-169K16.9,1.96569015988806,0.00415279101582889,0.676700856214376,0.00613681950849092,0.995103557195552,0.999321684671416
SPEN,4.87172582693782,0.129962507147133,0.366507853299944,0.354596786881873,0.722891683636209,0.899598539636171
ZBTB17,2.04437704826838,0.426553810291875,0.592781117058772,0.719580631057085,0.471783241052378,0.770116761129617
FBXO42,1.44829974735495,-0.528975966865782,0.658469312539507,-0.803341866951535,0.421777165443442,0.737487161855538
SZRD1,9.38421216852828,0.645708527104504,0.276178587086168,2.33801082812783,0.0193866864392679,0.116207948800857
NECAP2,13.5119608878666,0.294959780486338,0.239673688960422,1.23067234357562,0.218445435886546,0.53766635179255
CROCCP2,1.56748824644823,-0.714145791263401,0.718561275642128,-0.993855103902195,0.320293414480699,0.64704057991941
SDHB,19.9141024945004,-0.263794828754338,0.185681400975663,-1.42068525640278,0.155408280594901,0.446292696274235
RCC2,1.49837174935999,0.0822784947894616,0.666763348286453,0.12339984643864,0.90179047866888,0.971327259644041
ARHGEF10L,0,NA,NA,NA,NA,NA
UBR4,1.50742798091763,0.212576815070168,0.635145831602659,0.334689774368469,0.737859115903659,0.909484882898501
EMC1,1.97608073425233,0.453921822902046,0.729564500051734,0.622181894636949,0.533822269824717,0.808162830382025
MRTO4,8.69294306547376,-0.397921873794691,0.308586473352417,-1.28949875693433,0.197224748214786,0.510174379901418
AKR7A2,8.56786945471776,-0.533027005770984,0.327829172289539,-1.62592914489079,0.103964729268998,0.357362086795534
CAPZB,37.1270559481002,-0.105324172858428,0.165998082123704,-0.634490299592371,0.52576089544621,0.804712398562432
MINOS1,34.8779779532776,0.297819656191518,0.152980778790699,1.94677827205325,0.0515613229677447,0.229259787959586
MUL1,1.93117366022673,-0.670008558981297,0.616451022240139,-1.0868804411201,0.277089651259002,0.602268357792139
CDA,0,NA,NA,NA,NA,NA
DDOST,15.0464918008902,-0.299971174703845,0.222438184290987,-1.34855971630946,0.177478427134888,0.4812865736756
HP1BP3,15.8886445104884,-0.255145464418127,0.256055839208378,-0.996444623980983,0.319034160357992,0.646627662449806
ECE1,4.56617767430509,1.25253982426578,0.416270383589665,3.00895733552944,0.00262145925878918,0.0235136951697454
USP48,7.15864168562852,-0.0527261487570023,0.324722962234135,-0.162372714249216,0.871012356560177,0.957247882561471
CDC42,25.739868895055,-0.262629192466468,0.18426383684962,-1.42528885188038,0.154073721330924,0.444423205751151
C1QA,0.0333703609398035,-0.432341959868918,3.05494334513531,-0.141522087654221,0.887457512221465,NA
C1QB,0,NA,NA,NA,NA,NA
KDM1A,1.13606493554484,-1.0176034526731,0.774419234032882,-1.31402140849965,0.188838999882216,0.496409239052538
LUZP1,1.59562591018541,-0.884163026305673,0.851176179539438,-1.038754428941,0.298918960338895,0.62582696445489
HNRNPR,29.0278644243065,0.0486099175238458,0.165163117663661,0.294314603717007,0.768517514432839,0.921422364125998
ID3,118.272688099095,-1.17410830985779,0.135747583908171,-8.64920226242878,5.18606741399652e-18,2.59972540688729e-16
RPL11,990.482157524697,-0.0652032812367472,0.0560215734302737,-1.16389592873362,0.244466189703601,0.567227262111827
TCEB3,2.94861370156822,-0.0650417055310467,0.519715009051824,-0.125148791930619,0.900405756528331,0.971054218186121
PITHD1,10.2219050192464,-0.596256778397321,0.259637335621957,-2.29649860244097,0.0216473889774674,0.126585296221954
LYPLA2,5.99164788720895,-0.200874144215054,0.33747540796289,-0.59522602084577,0.551692399047043,0.817675857269396
HMGCL,3.08942202692512,0.265126822477879,0.451955204720233,0.58662190347381,0.557457668708231,0.819186020966989
FUCA1,1.91039764159272,-1.22163554746763,0.616633580378568,-1.98113691232586,0.0475759217784213,0.217990574126582
PNRC2_ENSG00000189266,6.58060097147905,0.265330889455593,0.358833362540005,0.739426478010424,0.459648069019089,0.765783084302852
SRSF10_ENSG00000188529,6.91555776811467,0.222566702119788,0.368431389487801,0.604092670901911,0.545782031987195,0.814581165157108
NIPAL3,2.2098732733165,-0.203168459635599,0.51778273202003,-0.392381682647035,0.694776218246584,0.885193127715068
RCAN3,3.18683283446688,-0.399817461771471,0.501364085229572,-0.797459318587603,0.425184320463188,0.740113619714134
SRRM1,24.1846295643521,-0.24403074355591,0.189887542323499,-1.2851329822373,0.198745817778951,0.513254675244685
CLIC4,6.92510114293357,0.0278811221056762,0.315500635900818,0.0883710488445448,0.929581770925928,0.976309881201556
RUNX3,5.42501820395757,0.8200447025009,0.40187276458785,2.04055804414095,0.0412947760658139,0.198675176490015
SYF2,44.9193824311543,-0.141950490536416,0.138699245614764,-1.0234409704771,0.306099396380037,0.633815405695641
C1orf63,29.5896498028643,0.149054793982187,0.190000874035819,0.784495306869417,0.43274953465523,0.747664486060718
TMEM50A,41.8359774332623,0.667634778621909,0.137267446520435,4.86375171641675,1.15181381458109e-06,2.27291259410669e-05
TMEM57,2.08145185751371,-0.851490408002829,0.582387604795488,-1.46206821881424,0.143722516721828,0.429100312492416
LDLRAP1,0.502165526933187,-0.103524465381913,0.978935213708988,-0.105752110999951,0.915779033524279,NA
RP1-187B23.1,0.278816083004061,-0.602858657147482,1.52022178535527,-0.396559675012548,0.691692194021328,NA
MTFR1L,1.20026003804223,-0.231699131692217,0.793123472824887,-0.292135007512725,0.770183401417937,0.921422364125998
STMN1,17.8941935043564,-0.470385241637963,0.21675071966872,-2.17016691966188,0.0299942031185469,0.159313802306159
ZNF593,10.7176376252887,0.19378470385122,0.28050964166153,0.690830813170569,0.489671869211547,0.782987375815642
SH3BGRL3,108.672985409234,-0.848164539317174,0.118450561868232,-7.16049401488446,8.03868401173353e-13,3.02357270409027e-11
UBXN11,1.51242899400064,-1.89246921400441,0.709447145289701,-2.66752671649926,0.00764118136720132,0.0568833333874532
CD52,38.1992252131409,-1.05780450565271,0.189388387006979,-5.58537153396703,2.33201120009541e-08,5.65647740145672e-07
ZNF683,0.0942971128892663,-0.04793262351915,2.48434072512598,-0.0192939008061059,0.984606649476016,NA
DHDDS,2.33690277946285,0.764662497036656,0.574479701257086,1.33105224669106,0.183171820207377,0.489718724477014
HMGN2,5.72013089763986,0.061296234809065,0.347737194938518,0.176271723880163,0.860080475260187,0.953837686747069
RPS6KA1,1.68485774421589,-2.62070002028576,0.777192459715612,-3.37200906612594,0.000746219919464517,0.00828304110605614
ARID1A,1.65588408578193,-0.321113504308834,0.576943171421582,-0.556577354954412,0.577816229222237,0.83026021286302
PIGV,1.3866330684514,-1.25834100174386,0.759113849218292,-1.65764463794153,0.0973892142573412,0.343960997627064
GPN2,4.19670965999903,0.0405689769344419,0.43789008523282,0.0926464843634719,0.926184413347949,0.975683415108361
GPATCH3,1.62682010754887,0.101458128193854,0.614575458415497,0.16508652730038,0.868875877168422,0.9563393125385
NUDC,44.8698721901514,0.134762570351012,0.16339959005979,0.824742401750832,0.409517853288466,0.727642665008755
TMEM222,3.71497649956747,0.602156174327162,0.442211561580306,1.36169251698275,0.173294943811113,0.474956512667495
SYTL1,2.77584473322119,-0.177850096603162,0.487629386771379,-0.364723910059477,0.715317508661088,0.893751484188406
WASF2,21.7016386417898,0.569941808394614,0.189403051470269,3.0091479729094,0.0026198148468921,0.0235136951697454
FGR,1.41970560490482,-1.15844678311914,0.687531539818186,-1.68493620441833,0.0920008805394914,0.331666331329068
IFI6,233.457463934446,5.77227940464303,0.362163260430827,15.9383350972055,3.43380977682571e-57,7.11485385758288e-55
STX12,3.61492482450193,0.212277436631978,0.416911166338057,0.509167069082172,0.610635123558896,0.845608081422868
PPP1R8,7.57388387052899,0.775060612368739,0.333186719713309,2.32620499711285,0.0200076172182196,0.118817515326534
THEMIS2,9.71567514790606,1.41323873599125,0.329433015930479,4.2899122663816,1.78743715589889e-05,0.000293934110081151
RPA2,28.0918460259784,0.0410897309422916,0.179005887400961,0.229544019690556,0.818446111053362,0.939876314823765
XKR8,1.26967626811114,-0.817483295323971,0.801063152575883,-1.02049793789077,0.30749236674793,0.635429704689207
PTAFR,0.0323575550748445,-0.379320188502241,3.05517703609203,-0.124156532999947,0.901191337516134,NA
DNAJC8,41.2348270551457,-0.118949033065693,0.153439353798577,-0.775218548051493,0.43821052988246,0.750860792214219
ATPIF1,18.7189337285204,-0.518692272420704,0.196458756698475,-2.64020948283203,0.0082854795493259,0.0603360142116353
SESN2,1.09733041340305,0.221270420024056,0.81345481266076,0.272013167271449,0.785611894936685,0.928864184944779
MED18,2.12193443035414,-0.385197468584736,0.582294456898531,-0.661516633073256,0.508281051347898,0.793653930918014
PHACTR4,2.33690527650365,-0.312223485920592,0.605093538646084,-0.515992100360553,0.605859926580712,0.84500809909513
RCC1,2.04640237771722,-0.476206504713328,0.541612288669429,-0.879238737147596,0.37927184503882,0.699175598343184
TRNAU1AP,4.50439745085791,0.303038455851283,0.404578485509382,0.749022666071192,0.453843544102759,0.760607028887233
SNHG12,1.5243892276255,-1.23031396445459,0.683792467879048,-1.79925053616152,0.0719790586508311,0.28613714484069
TAF12,11.4172419596597,-0.171708920618575,0.251768096799463,-0.682012227924747,0.495231218884057,0.786651947053803
GMEB1,1.91790215659543,0.351740522402498,0.605451135358715,0.580956086892297,0.561270049978816,0.820156126018609
YTHDF2,18.9911699342422,0.0583755873810119,0.192153747918762,0.303796246564452,0.761283126486983,0.917563685630044
EPB41,5.08332887211298,-0.479124037209243,0.377861276050521,-1.26798925313845,0.204801788432948,0.518964604609232
SRSF4,14.007176063105,0.379447602067712,0.22626397924181,1.67701285613029,0.093539967899471,0.334740610514169
LAPTM5,199.03116600659,-0.0742498067754868,0.105180370255791,-0.705928364721639,0.480232687070536,0.777509145001712
PUM1,2.70459511964844,-0.0587725870887829,0.491948146952213,-0.119469068951472,0.904903743901674,0.972153762891947
SNRNP40,17.3869555455636,-0.203402178874144,0.225311188630743,-0.902761110578913,0.366652695155221,0.690132438455656
ZCCHC17,6.56978365045263,-0.456903315648142,0.345261761170813,-1.32335337136306,0.185717890571009,0.493132169068515
SERINC2_ENSG00000168528,0.147820931096105,-1.20447595639843,2.20660951488888,-0.545849162831643,0.585169625865474,NA
PEF1,12.2733496125546,0.482385210639405,0.242945203773231,1.98557206788766,0.0470808605220331,0.216300538806325
PTP4A2,8.71287992129077,-0.603419881496082,0.275550233257173,-2.18987251203996,0.0285334840155423,0.153695092409542
KHDRBS1,28.11145415856,0.346806954709024,0.16763816359821,2.06878283121879,0.0385664702385305,0.189359541076387
TMEM39B,1.85401161442376,-0.0921513449770147,0.572058512728411,-0.161087271540637,0.872024665159391,0.957517279390704
KPNA6,1.78983659958982,-0.359056134044954,0.615605875731228,-0.583256509074837,0.559720635205221,0.819353284981176
CCDC28B,1.7317333955702,-1.44560387704909,0.722522061086578,-2.00077472357743,0.0454166725321958,0.210569148959857
TMEM234,1.58081524067643,-0.968665552460411,0.634109425964377,-1.52759998952425,0.126611884381287,0.39985832325141
EIF3I,37.3131973322117,-0.0203498781220224,0.154940746970206,-0.13133974451495,0.895506552512552,0.969931584883637
LCK,3.44066067979911,-0.617438802161879,0.547024903109074,-1.12872156030301,0.259015311177584,0.582925117407625
HDAC1,11.1237762064569,-1.23294746770552,0.26052384065332,-4.73257059551111,2.21694162001726e-06,4.21422296942731e-05
MARCKSL1,17.8070028002379,-1.3896141279318,0.242985918535803,-5.71890805979789,1.07210782410834e-08,2.74247828586725e-07
BSDC1,5.31076325876474,0.0116911082690655,0.381824008342619,0.0306191020303123,0.975573308074332,0.991425629778593
ZBTB8OS,7.16930026908041,-0.139428526950453,0.307803399674634,-0.452979164940468,0.650563744456984,0.865837306642174
RBBP4,9.73781321802533,-0.158538356114209,0.287498633671293,-0.551440381088805,0.581331825455853,0.832617195169028
YARS,5.51673105802154,-0.328382044607259,0.369633383806936,-0.88839931400454,0.374325994255611,0.697083371532284
S100PBP,2.18563509470097,-0.177795644250827,0.547929490706452,-0.324486356851487,0.745569849633436,0.910831399230374
RNF19B,0.249491666201401,0.845124391464493,1.43814308184853,0.587649728411032,0.556767425147197,NA
AK2,13.264350517693,0.400807079115152,0.248911679881376,1.61023813469165,0.107345879188259,0.36367663396412
SMIM12,15.3776346194689,0.00620797348259844,0.238856037016521,0.0259904399325232,0.979264963705402,0.99235588757626
SFPQ,16.2482723241173,-0.245671054768104,0.224553358239627,-1.0940431115973,0.273936070702639,0.599995283822272
ZMYM4,1.30409585088293,0.0785894642278215,0.684802340582893,0.11476225995508,0.908633563548642,0.973636654200717
KIAA0319L,0.812701616821483,-0.404113012118962,0.918438021374412,-0.440000307820685,0.659936884375987,NA
PSMB2,31.7342777793215,0.135320458672266,0.167205441872262,0.809306546228597,0.418338841756446,0.734782209764924
C1orf216,0.726056074996806,-0.832918716353692,0.973648075959975,-0.855461780204793,0.392295554390654,NA
AGO3,3.06379039399968,-1.26336683034996,0.651347255293188,-1.93962102408996,0.0524257638852434,0.23227266451224
ADPRHL2,9.85400253794663,0.974475655389944,0.302022670119992,3.22649837842567,0.0012531494206362,0.0127907665002867
TRAPPC3,15.9453106495675,0.341874890141439,0.201169034525618,1.69944092512857,0.0892361364530433,0.326054872995897
MAP7D1,4.40402151051054,-0.509079496396758,0.424727047569449,-1.19860390175297,0.230682000326113,0.550920552064424
THRAP3,32.9433814740823,0.380143333384779,0.161700082996546,2.3509161302836,0.018727254429497,0.113018071391993
STK40,2.871904669544,-0.258553984898939,0.552238727628545,-0.468192417451844,0.639646994119525,0.861921897994139
LSM10,22.5624355162954,0.0208054326131174,0.201485126014955,0.103260389610959,0.917756312027328,0.9751814025147
MRPS15,13.5847420789548,-0.0571804522738853,0.240941141208298,-0.237321247783299,0.812407579538881,0.938961568850194
CSF3R,0.0964161680507499,0.035968357155186,2.46314210654435,0.0146026317603119,0.988349199636166,NA
ZC3H12A,4.23606777647434,-0.553975941757297,0.448854675271167,-1.23419888947937,0.217128801154011,0.536009780767804
MEAF6,24.0552531403569,-0.257549212157742,0.18024070853441,-1.42891810763479,0.153027772290197,0.442662261063338
GNL2,8.328468372336,0.138032016936995,0.303161279857831,0.455308860688693,0.648887052541018,0.864967713142032
C1orf109,1.898332244849,-0.0656132372939772,0.580047915543588,-0.113116926267183,0.909937855899756,0.973693868141371
YRDC,3.34868050742288,-0.880496030181482,0.492595426880046,-1.78746285924391,0.0738627098334387,0.289672305567606
C1orf122,3.29403504751588,-0.259854229075814,0.454943723462198,-0.571178841853844,0.567878418973501,0.823595952482333
MTF1,2.17830313890923,0.109818947532422,0.566395173949298,0.193891036829797,0.846261202095843,0.951253966071503
SF3A3,18.0880622971395,-0.0939274241944026,0.239630181516945,-0.391968255416777,0.695081669301359,0.885193127715068
FHL3,0.324664158596311,0.032769554529174,1.14626141348064,0.0285882034794042,0.977193020500145,NA
UTP11L,8.04376872726153,-0.16398555754895,0.33760971403162,-0.485725234593195,0.627161989646482,0.855154018387617
RRAGC,11.9551878191316,0.473552926325173,0.249266064737901,1.89978899383318,0.0574608158664165,0.247755187199321
MYCBP,2.63124743645469,-0.697418945777693,0.53233194058866,-1.31012042036493,0.190155101374238,0.498735911452432
AKIRIN1,10.5250599402522,-0.0580001568476805,0.256917776903969,-0.22575377051219,0.821392934620344,0.940983870549218
NDUFS5,30.0643569365593,-0.384283108639437,0.186046114879184,-2.06552611372178,0.0388732473159491,0.190114953041652
MACF1,1.72176629525579,-0.0981078184302234,0.647118540614348,-0.151607182104663,0.879496768393474,0.961064229109702
PABPC4,6.46234847363402,-0.17997888975647,0.352776361402738,-0.51017842873832,0.609926463207259,0.845039390946641
PPIE,11.2431983382671,-0.0270965705157077,0.27157828110251,-0.0997744385364891,0.920523401859159,0.975351695087598
TRIT1,2.19483336123729,-1.06045702131625,0.708182574819146,-1.49743450209441,0.134280236373649,0.412038863679488
CAP1,31.8755061332838,-0.118474781049309,0.155856198419497,-0.760154438840001,0.44716227527771,0.756548912119284
PPT1,5.25231816596381,-0.997615738200271,0.379409709040275,-2.62938905997888,0.00855384365649979,0.0619705036932433
RLF,2.08180551564888,-0.39535019035522,0.585513340874304,-0.675219781952146,0.499536140273812,0.789102070633295
ZMPSTE24,6.39396303205561,0.185696921466237,0.323510974536148,0.574005013995246,0.565964408315309,0.822162832925441
SMAP2,8.69309426935558,-0.376552818277197,0.284828929634058,-1.32203150417686,0.186157660459992,0.493877941706918
NFYC,5.30441382060173,-0.270848195595162,0.355369545047843,-0.76215927720733,0.44596494759986,0.75555140754449
CTPS1,2.36166236774198,0.196345464808381,0.536950385394171,0.365667797527039,0.714612978205613,0.893409293970309
PPCS,23.5091485727632,0.102927216433217,0.178257761825541,0.577406646303295,0.563664785466741,0.821895450729829
PPIH,5.27702840138345,-0.099608304673,0.348321699293253,-0.285966406557805,0.774903851263494,0.92328969512246
YBX1,276.35516446284,-0.23688854085723,0.0892576910422191,-2.65398463808773,0.00795474482317238,0.0585167974211119
C1orf50,4.72044740498038,0.27941915856923,0.360113343575752,0.77592003616065,0.437796201553532,0.750860792214219
CCDC23,13.4907804816504,0.986165678982779,0.24205899445433,4.07407161715216,4.61982646252146e-05,0.00069030868488061
EBNA1BP2,14.0422100115859,-0.0984622437144159,0.260848958408865,-0.377468418179697,0.705825530162304,0.889068343411422
ELOVL1,3.03026006207513,-0.0570406749066553,0.464299863283193,-0.122853094341456,0.902223429456251,0.971455156223809
MED8,5.77147384579601,-0.272159372062264,0.347598811013453,-0.782969801504097,0.43364484577072,0.747664486060718
DPH2,4.01186846860424,-0.754796208810057,0.500467765558309,-1.5081814669283,0.13150808924155,0.406289404933139
ATP6V0B,43.2766203905087,-0.327014627848971,0.151959713390788,-2.15198239422841,0.0313987410304029,0.164012247264693
DMAP1,3.86732789851348,0.251567193966319,0.413066297517025,0.60902377046617,0.542508683157056,0.813763024735584
ERI3,5.95842024839913,0.195347085704895,0.353237961435357,0.553018381464768,0.580250823453311,0.831988306834031
C1orf228,0.419045450644704,-0.739386344128002,1.17527111958146,-0.629119810577253,0.529270621826622,NA
RPS8,563.894057761094,-0.164879652546704,0.104613785076714,-1.57607960008135,0.115007459753636,0.37884810271786
PLK3,1.94055295778811,-0.992338225403401,0.675369362767444,-1.46932668271644,0.141744202889235,0.425503673287179
EIF2B3,2.496797197809,-0.0166820194672225,0.534420204740998,-0.0312151736016555,0.975097939027124,0.991203399671726
UROD,6.02476943632329,-0.532990549868137,0.353020838234487,-1.50979911705413,0.131094690430383,0.406021223575117
MUTYH,2.69853252433843,-0.14484057991404,0.556709630805357,-0.260172578125706,0.794730655557744,0.932033348097491
TOE1,2.53193979868697,-0.891110156615132,0.512970923660453,-1.73715529577458,0.0823597632576742,0.311477170136682
PRDX1,64.4352201145213,-0.473375369427005,0.140866279480302,-3.36045909051782,0.000778130535397431,0.00859104682691359
AKR1A1,21.748997003976,0.206535630957801,0.176305968111066,1.17146137008641,0.24141337662322,0.562742062962243
NASP,10.406378420051,0.417319935854352,0.280799110001209,1.48618681822943,0.137229713216212,0.417942134910325
GPBP1L1,4.97439503552597,-0.0605363749916499,0.411987077184227,-0.146937557860777,0.883181306765333,0.962963515673269
TMEM69,2.91234617609532,-0.925081242431316,0.475724447617048,-1.94457368559708,0.051826308949687,0.229845019848085
LRRC41,3.84465152500899,0.0207856806871971,0.430811194982384,0.0482477728742565,0.961518777246314,0.985414602815086
UQCRH,46.3919212874528,-0.268436158920083,0.138905621344498,-1.93250752793034,0.0532968938053773,0.234793403185135
MKNK1,1.08375545558653,-0.610969376895317,0.814358517129513,-0.750246192609232,0.453106442823208,0.760192362665951
MOB3C,1.78114828308296,0.967171334820112,0.674238254778104,1.43446523238052,0.151439543854087,0.440087987188875
ATPAF1,4.26281991600455,0.180568492025914,0.397584881459716,0.45416337603926,0.649711241016687,0.865353562065509
EFCAB14,3.00184749975092,0.187968189711445,0.462845568162584,0.406114269296445,0.684658641684085,0.880761199649891
CMPK1,31.8158876126755,-0.190426951743291,0.16627049948585,-1.14528405418964,0.252091509207487,0.576527160130146
FAF1,1.58976643055812,-0.961509014728466,0.708726981983814,-1.35667053628618,0.174885918346154,0.477475104514766
RNF11,2.66151794213469,-0.689122753365408,0.495031552027633,-1.39207844538956,0.163898644577046,0.45974457341648
EPS15,4.33572340589726,-0.410058965377823,0.393260125286077,-1.04271686604261,0.297079444099969,0.623866832609934
OSBPL9,2.95603892168058,-0.251604770052536,0.46789487802718,-0.537737816480053,0.59075806757068,0.837545037219097
NRD1,11.2211308764563,0.542598524849292,0.257343064899498,2.10846375464284,0.034990894759646,0.175973626072783
TXNDC12,13.6993579976749,-0.315700325047908,0.273208920220115,-1.15552715040768,0.247874620954068,0.570240060640446
KTI12,3.8874676490462,-0.341357034625395,0.404186881825857,-0.844552482958782,0.398360748783568,0.717053034466412
BTF3L4,10.4082255022665,0.0735926427526869,0.257159366780156,0.286175237068463,0.774743908926367,0.92328969512246
CC2D1B,0.634780045713383,1.79369560528394,0.997766681694618,1.79771046497315,0.0722229021769736,NA
PRPF38A,10.8547689853099,0.223538481337208,0.255880635567286,0.873604525960413,0.382333660584738,0.702409321343903
ZCCHC11,12.276754632491,-0.212362644866787,0.234905302072714,-0.904035128168586,0.365976774837052,0.690132133197775
GPX7,3.90305531169206,-0.458763282550799,0.434756213187877,-1.05521961189902,0.291324896631384,0.619314486135665
FAM159A,13.6782283409507,-0.793440654277619,0.251239924903512,-3.15809939277102,0.00158801404602905,0.015569550962329
SCP2,13.2594991171429,-0.304116834659734,0.247497514447743,-1.22876722757531,0.219159092224843,0.538819760403202
CPT2,1.80635284819319,-0.268655247606004,0.609282802986356,-0.440936862634576,0.659258705975178,0.87011026139071
C1orf123,6.32610365762516,0.0165412054454624,0.361336352038123,0.0457778614085228,0.963487304344885,0.986336805633697
MAGOH,32.5130337143656,0.0632196430479222,0.153702862645113,0.411310771705606,0.680844672095163,0.879712496033004
YIPF1,1.47542292181753,-0.166323292246425,0.613222457888424,-0.271228312184039,0.786215438854154,0.929109347512818
HSPB11,7.91782347115354,0.398434660489813,0.28808127268331,1.38306338617094,0.166645431077843,0.46356514711711
LRRC42,2.10692543290126,0.225731914866168,0.636227283924642,0.354797602318647,0.722741224751256,0.899591400291111
TMEM59,63.2767227030162,0.384194031718896,0.119493077926486,3.21519905910581,0.0013035409475678,0.013206075646021
MRPL37,8.17969744681091,0.147149470441377,0.319729508465485,0.460231122074434,0.6453503343834,0.864947395773462
SSBP3,0.0333703609398035,-0.432341959868918,3.05494334513531,-0.141522087654221,0.887457512221465,NA
OMA1,4.1027816545429,0.659198714890839,0.411699754695446,1.60116373005488,0.10934065983654,0.367384617050775
JUN,37.2043209936354,-1.3601539826742,0.196320774601802,-6.92822237194716,4.26161506565346e-12,1.45550545319241e-10
TM2D1,8.8803861714464,0.272885004512022,0.302642159139511,0.90167544828488,0.367229298862853,0.690132438455656
L1TD1,0.0386844800401195,0.442042704943031,3.05417699194027,0.144733820636311,0.884921035293415,NA
USP1,9.69339933807172,0.152706726373829,0.288171926530539,0.529915346759657,0.596170625198238,0.83901284492146
ATG4C,3.35157203433604,0.328306159401404,0.50992725094081,0.643829406637285,0.519686062555486,0.799200535587556
PGM1,1.47598574287871,-0.086208388657128,0.884038202098594,-0.0975165874647502,0.922316162117906,0.975351695087598
JAK1,47.9298527604741,0.056808978501207,0.135849958741642,0.418174425869688,0.675819592531605,0.878596572723045
AK4,0.0166851804699018,-0.233443170298403,3.0558605060609,-0.0763919589377195,0.939107266751526,NA
LEPROT,5.94687093027623,0.351030430385915,0.337207970505889,1.04099090498747,0.297879769348988,0.624637568109545
PDE4B,17.2992697789606,0.179606199791752,0.195264808572631,0.919808341834141,0.35767292336514,0.683459849873259
MIER1,5.6734206411731,0.646395832955287,0.348458736353308,1.8550139959754,0.0635942279651243,0.263594609016653
SERBP1,51.1949090499376,0.0279965718429744,0.132396798052879,0.211459584028555,0.832528666384907,0.946987117233853
GADD45A,2.13433460512582,-2.62980929170383,0.92042468764624,-2.8571694425417,0.00427437591633018,0.0356637861690046
SRSF11,18.3772406992088,0.672189073346495,0.215029876136422,3.12602641746413,0.00177185634196676,0.0170757504211867
ANKRD13C,1.77572068829527,0.0460407833283613,0.602374466744455,0.0764321628325146,0.939075282196779,0.97891865740989
ZRANB2,12.4802618658733,0.00161887842149768,0.235812855297156,0.00686509825538423,0.994522487119143,0.999022588870813
TYW3,4.08082546798146,0.00612449213344745,0.406799864589472,0.0150552954082914,0.987988066011782,0.996579780351802
ACADM,10.1164561537925,0.0654597098098824,0.262575797773035,0.249298337337489,0.803130017345219,0.934725015988602
RABGGTB,9.36779563841272,-0.222643389265849,0.278710515030009,-0.798833833886306,0.424386769227379,0.739636160428511
PIGK,3.43470283229656,0.0560240704647612,0.510358571186751,0.109773938614349,0.91258866008284,0.973845684304709
USP33,4.66947232633382,0.57452654629998,0.376185756497535,1.52724162565082,0.126700939044019,0.39985832325141
NEXN,23.2390029009742,5.3903859655175,0.43704614883541,12.3336768436953,5.96609193976434e-35,6.07954549140576e-33
FUBP1,11.8045271438625,0.258667668441574,0.262182307364274,0.986594675445369,0.323841381545822,0.650604294183342
DNAJB4,3.48116924891608,0.968404430632051,0.462639137940808,2.09321769650183,0.0363297257220228,0.180949980038536
IFI44L,68.7317525651746,4.6096912968757,0.446058165705313,10.3342829507152,4.93085930937678e-25,3.48297971216887e-23
IFI44,24.1064575571302,3.70676098991115,0.316487601995521,11.7121838787341,1.1039886174551e-31,9.94549745811724e-30
RP5-887A10.1,2.63536125303668,0.740242800571043,1.02121194486049,0.724866962530653,0.468533650495081,0.767616724714575
PRKACB,0.998555577634219,0.19633522870389,0.887261438758947,0.221282273890448,0.824872651277286,0.941533164784864
RPF1,13.9761217299444,-0.111847818691123,0.226479744884068,-0.493853517666124,0.621409633960038,0.853532093032661
GNG5,64.8075887771623,1.35035273671048,0.126658691917301,10.6613507235032,1.54339430658989e-26,1.21439734300794e-24
CTBS,5.05975006420452,1.14050751313943,0.399133622174709,2.85745787820452,0.00427049310271043,0.0356637861690046
MCOLN2,2.22444652465432,1.81326272545561,0.693303636940686,2.61539479795162,0.00891243720022446,0.0638245502725752
C1orf52,9.31521658915481,0.434370022923762,0.284861534198346,1.52484618236071,0.127297467860188,0.400851600921442
BCL10,4.52919566147159,0.293123295205886,0.389998951241365,0.751600213982309,0.452291514612857,0.760192362665951
ZNHIT6,1.93508023693121,0.354280127770472,0.667023942767161,0.531135548599252,0.595324851740077,0.838934318389553
ODF2L,22.2331400518886,2.04427009501105,0.210096117237404,9.73016599207817,2.24226759314423e-22,1.40787225848329e-20
SH3GLB1,18.7004498721836,0.444997821227687,0.23357629359208,1.90514976663186,0.0567606058349396,0.245357389339349
SEP15,45.6824170341136,0.13699032651995,0.129012154091794,1.06184047142163,0.288308113300119,0.61542693415987
LMO4,5.12613653022954,1.71492148479628,0.511261287691635,3.3542955942141,0.000795673150582316,0.00869227469950734
PKN2,3.57950774329298,0.448274353777938,0.485801413792211,0.922752262655365,0.356136323338747,0.681571239493118
GTF2B,14.41831597906,0.663825815064523,0.245302547941981,2.70615132469611,0.00680680207968352,0.0519154377022242
CCBL2,2.36539209890865,0.26254015730237,0.540373793543132,0.485849166705407,0.627074111779241,0.855154018387617
RBMXL1,5.03317909521851,0.319482198870117,0.377122364944906,0.847157921585451,0.396907103929195,0.716160974752939
GBP3,4.34018909956172,0.861569044024637,0.392474675505063,2.19522200487436,0.0281476765369788,0.152464981697381
GBP1,76.2332203389569,3.90763589948408,0.216759724329397,18.0274998576114,1.1853140145388e-72,3.68395595718659e-70
GBP2,82.8898359408915,1.558680988271,0.15905959572347,9.79935213076243,1.13310058488232e-22,7.18709513839644e-21
GBP7,12.8104816496285,1.96735397413778,0.358656161459972,5.48534832394715,4.12655491502172e-08,9.64310727510338e-07
GBP4,74.6580599330822,2.33139189809074,0.175020259823242,13.3206972749628,1.75461070562261e-40,2.18133202923003e-38
GBP5,17.8499863317476,3.33769812073205,0.344483637120782,9.68898885482269,3.35836961268452e-22,2.04662995220069e-20
LRRC8C,0.339420438663157,-1.06720021708471,1.32479391039051,-0.805559422272805,0.420496930593368,NA
LRRC8D,1.36402273624387,-0.546814687559734,0.677972179148842,-0.806544434089066,0.419928998183439,0.736029438035756
ZNF326,5.78012236703642,-0.266202498866522,0.361128057388286,-0.737141558016081,0.461036268976272,0.765950298176077
ZNF644,3.5097036925941,-0.255547076746359,0.429571117562133,-0.594888870081905,0.55191775747851,0.817675857269396
TGFBR3,0.0500555414097052,-0.612843477950321,3.052719966558,-0.20075325764037,0.840891513756669,NA
GLMN,2.4558881281345,-0.0360214848258058,0.52134870192127,-0.0690928829266472,0.944915686093475,0.981516712066786
RPAP2,2.71527428229131,-0.189432903400098,0.468485382904187,-0.404351790499386,0.685954046001332,0.881151136586956
GFI1,0.445910205153576,-1.3519591382871,1.19377352055446,-1.13250890140298,0.257420544200466,NA
EVI5,1.20556041306077,-0.552476729270211,0.756838617501708,-0.729979570934042,0.465402672059944,0.766952017371318
RPL5,289.80107697583,-0.40469800760061,0.0739720051309273,-5.47096170888313,4.47600007217002e-08,1.04205305050969e-06
MTF2,10.1287761718803,0.637212542300206,0.331715894321295,1.92095872766052,0.0547369109307966,0.238935841534994
TMED5,9.05232553453397,0.497606133738842,0.301934203028337,1.64806149402074,0.0993400529117259,0.34777873119244
DR1,6.41607672668563,-0.036046663762871,0.318500437726586,-0.113176182802659,0.909890877700281,0.973693868141371
DNTTIP2,17.7403023637877,-0.357527242393053,0.206624873683082,-1.73032044022649,0.0835730395620559,0.31314866344213
GCLM,3.59981378959021,-0.51637121883464,0.466592726040374,-1.10668510248049,0.268430098545181,0.593582886003858
CNN3,4.9448754203073,-1.10663131063437,0.47136316677892,-2.34772546653693,0.0188884374838435,0.113659755469091
SLC35A3,2.06162234233783,0.017776236421129,0.605351457875066,0.0293651500956617,0.976573367006005,0.99151339278349
HIAT1,12.7151725611192,0.507657827569335,0.235122475499417,2.15912080072751,0.0308407963068719,0.162463042240267
SASS6,1.47910052047782,-0.636386900932646,0.734246846973059,-0.866720645183781,0.386095090811521,0.706912248743568
TRMT13,5.5457969218277,-0.436170304251382,0.357182553508792,-1.22114112228229,0.222032592122406,0.540389425463146
RTCA,3.94933930862217,-0.186170128061451,0.495241621077344,-0.375917774553073,0.706978025908199,0.889410121239701
SLC30A7,1.73350703585245,-0.962554025760063,0.680545880801237,-1.41438520592734,0.157248831434608,0.448787298529626
DPH5,2.41248743801853,-0.514144654168834,0.507883147679126,-1.0123286360619,0.311380947337988,0.639177359372326
RP11-421L21.3,1.41410925512495,-0.65523631053696,0.684117205151816,-0.957783703731808,0.338171838315718,0.664926443402895
RP4-575N6.4,1.38982621184944,-1.55620773152463,0.851831098735212,-1.826897061912,0.0677152481105993,0.274187788069261
S1PR1,3.45278981478055,-0.44231492486599,0.471734195026774,-0.937635917703371,0.348431546423213,0.673251629644603
RNPC3,1.46714781789873,0.568606689048143,0.677072952789925,0.839801215962269,0.401019851575388,0.719612990009415
VAV3,1.89833724332724,0.489731503460476,0.554581491835456,0.883064997065894,0.377201154784333,0.699070476487601
SLC25A24,2.16620941952884,0.967300345940444,0.572121157388305,1.69072640200216,0.0908890693453939,0.329618701896714
HENMT1,1.68265153629247,-0.0476180156024824,0.670200045771044,-0.0710504511346302,0.943357602715696,0.980979575543856
PRPF38B,15.5226798298574,-0.136276632385487,0.233704449462646,-0.583115266734657,0.559815707052853,0.819353284981176
STXBP3,3.19601443693485,-0.675269361877887,0.465825520104429,-1.44961865061945,0.147164892144101,0.434414666657561
TMEM167B,4.16880278414423,-0.401717028415911,0.474191302335121,-0.847162371890173,0.396904623724585,0.716160974752939
SARS,22.3676877120118,0.170281696943794,0.208108572174358,0.818234900968557,0.413223070003275,0.731376595427208
PSMA5,52.6891847275065,0.81323379921446,0.134456523453317,6.04830303750055,1.46379431938255e-09,4.04397577301418e-08
GNAI3,7.01266076757755,0.169097114272611,0.310685258235092,0.544271444461834,0.586254694172473,0.836199903390567
AMPD2,0.311091853893387,-0.0976556331784867,1.2530388775891,-0.0779350385092442,0.937879727462683,NA
GSTM3,0.273156383944957,-0.128543077008609,1.30159383781668,-0.098758209568839,0.921330250157051,NA
AHCYL1,3.25219231709776,0.999181186110217,0.48390889083355,2.06481262286603,0.0389407330398353,0.190295280326742
STRIP1,2.40434606913951,-0.387630643570032,0.531668764737849,-0.729082972856534,0.465950909446813,0.767042069152911
LAMTOR5,52.1373251349811,-0.0911322830420163,0.123978864172495,-0.735063058129176,0.462301091337242,0.765950298176077
KCNA3,1.84705446639477,2.00807921940666,0.661738743125646,3.03454987374886,0.00240894922196798,0.0218995924114185
CD53,69.0136088674638,0.880219403197892,0.14006223812616,6.28448763188435,3.28936719592982e-10,9.64467287259422e-09
LRIF1,6.0889591292452,0.0536774729820138,0.339553218977059,0.15808265091323,0.874391671273882,0.958295863629668
DRAM2,12.2612849992408,0.144927026956105,0.266732274476904,0.543342672874234,0.586893888425156,0.836571555815479
CEPT1,6.82425774380186,0.380878357997146,0.315408649766905,1.20757106147414,0.227212295984804,0.546152989884587
DENND2D,7.08986835519937,0.834162243575934,0.319563782815376,2.61031533744818,0.00904587953616668,0.0644830128403809
CHI3L2,8.47409243038417,2.45340842274631,0.373095136584575,6.57582525788342,4.8384051086805e-11,1.55028485337928e-09
WDR77,5.9676427798944,-0.431600792723992,0.367715852169679,-1.17373452946715,0.240501375070436,0.562013739638281
ATP5F1,28.2878201207306,-0.559101061762767,0.163951841987768,-3.41015419518421,0.000649261608202789,0.0074324312276032
C1orf162,10.4811581955585,-0.842582143125348,0.275610949936916,-3.05714320609615,0.0022345749068116,0.020639532014471
ADORA3,0.0166851804699018,-0.233443170298403,3.0558605060609,-0.0763919589377195,0.939107266751526,NA
RAP1A,17.1610218868633,-0.331370845046512,0.204896412808371,-1.61726035368138,0.10582209338961,0.36045930818041
DDX20,4.27148930322999,-0.157027671894511,0.435500035579289,-0.360568677533258,0.718421907993899,0.896591472484062
CTTNBP2NL,0.430544155192822,-0.167398489942314,1.10930769336956,-0.150903568904166,0.880051785150951,NA
ST7L,0.610368488530889,-1.21092291576601,0.982523029039305,-1.23246262934929,0.217776318161917,NA
CAPZA1,5.73043158240206,0.687881398078407,0.374680147380336,1.83591632192923,0.066370033336883,0.27124005734521
MOV10,2.99455340581634,3.87952230429104,0.694052070613423,5.5896703843304,2.27501041415559e-08,5.5485833886816e-07
RHOC,3.37797302795081,-0.456214278404887,0.446160832639462,-1.0225332324802,0.306528592139816,0.634492750163536
PHTF1,2.41709767201002,-0.355396750904424,0.534712838450275,-0.664649743466883,0.506274545133209,0.792695862102778
RSBN1,5.37417465167672,-0.245676470692612,0.348373407067579,-0.705210173074304,0.480679451338906,0.777890952086742
PTPN22,2.09925612950674,-0.528177751818156,0.551578290502207,-0.957575308733154,0.338276954782164,0.664926443402895
AP4B1,1.61582328236439,0.781447614557708,0.657876191133216,1.18783385854356,0.234898872029583,0.554580823455767
HIPK1,0.743867910111885,-1.92566550748273,1.01757469766225,-1.89240702614432,0.0584367706086546,NA
TRIM33,1.89353355356497,0.108043755914471,0.60095110398577,0.179787931493723,0.857319058505176,0.953586263561639
BCAS2,21.8713222256174,-0.111649672502971,0.227301239474346,-0.491196936546278,0.623287165451816,0.853944764451818
NRAS,4.72159784174923,0.0965315052880371,0.4141335287959,0.233092707003714,0.815689417917327,0.939644208060827
CSDE1,35.4157759068111,0.126343175492534,0.166003032613309,0.761089562663835,0.446603574152516,0.756057772863198
SIKE1,5.95910388361169,0.917282031419807,0.345969602727842,2.65133706599475,0.00801737855124854,0.0589078310574006
TSPAN2,0.516683055921158,-0.142343292508924,1.08345650663469,-0.131378870898154,0.895475602357306,NA
ATP1A1,21.9003823580196,-0.411455084128334,0.212408697751052,-1.9370915055963,0.0527341587908007,0.232974791075776
CD58,19.9845923236437,-0.909625843509618,0.250040489069925,-3.63791419099023,0.000274854960277889,0.00344455329251483
CD2,5.06138721290038,-0.588232916422386,0.38922300508596,-1.51130048516139,0.130711910411921,0.406021223575117
MAN1A2,2.09442658770062,-0.47450984166217,0.569053175644713,-0.833858524951681,0.404360711222195,0.722479500131407
FAM46C,8.8049751911705,-0.696933044867754,0.291979799659955,-2.38692212844661,0.0169900896355005,0.105294513633371
WDR3,4.52956402441041,0.0440831355215824,0.412423249582923,0.106888095096877,0.914877757817165,0.974987639149784
WARS2,1.56722425181889,0.778784106122422,0.655721140598947,1.18767576322317,0.234961176055622,0.554580823455767
PHGDH,0.735615945690775,1.04535804533972,1.05815759530885,0.987903928464083,0.323199701317884,NA
REG4,0,NA,NA,NA,NA,NA
NOTCH2,1.23059357714815,-0.637759504966792,0.755273978237696,-0.844408152992238,0.398441368017542,0.717053034466412
FAM72B_ENSG00000188610,0.0224953582478284,0.35274060894598,3.05510878660049,0.115459263019725,0.9080811078806,NA
FCGR1B_ENSG00000198019,0,NA,NA,NA,NA,NA
RP11-343N15.5_ENSG00000269996,1.7684179403899,2.24744307120902,0.805861852114197,2.7888689175605,0.00528924682713036,0.0420434249072153
PDE4DIP_ENSG00000178104,1.98608175978709,-1.06851924630424,0.691190268562733,-1.54591187825332,0.12212585144855,0.391306336393911
NOTCH2NL_ENSG00000213240,3.91336144889641,-0.893367705929202,0.480051322712507,-1.86098373999111,0.0627464729312632,0.262087401041807
NBPF10_ENSG00000163386,0.976867092912809,-0.798365859206021,0.757105008271134,-1.05449818781295,0.29165488986708,0.619380524569105
TXNIP_ENSG00000117289,16.1439626612397,0.0888747444942144,0.223469439664163,0.397704243711258,0.690848208898481,0.88365563407996
POLR3GL_ENSG00000121851,16.6989930810308,-0.256179068184865,0.219826396054797,-1.16536991363406,0.243869290304889,0.566476647434675
LIX1L,3.91342790820246,-1.01465522896447,0.449241790989616,-2.25859492441549,0.0239085938331418,0.136344788318174
RBM8A_ENSG00000131795,56.6720803281397,0.423151016348587,0.129753670356762,3.26118725724767,0.00110946744997596,0.0116101846280313
PEX11B_ENSG00000131779,3.22490790588427,-0.208874100654235,0.470376768526512,-0.444057008403173,0.657001367905948,0.869104171718105
RNF115_ENSG00000121848,7.63697459531434,0.468841480354506,0.300833381118256,1.55847558742228,0.119120550664567,0.385490189676383
CD160_ENSG00000117281,0,NA,NA,NA,NA,NA
RP11-403I13.8_ENSG00000235999,1.13016275940804,1.5415455701842,0.824226196914848,1.87029431478197,0.0614429586044828,0.258827258899855
FCGR1A_ENSG00000150337,0.0785955191812165,-0.186862202793662,2.28046534532294,-0.0819403825525793,0.93469412175933,NA
HIST2H2BE_ENSG00000184678,0.687262181892642,0.515257113920987,0.926894192628672,0.555896366617334,0.578281702221449,NA
HIST2H2AC_ENSG00000184260,1.84529379289502,0.8103493453454,0.668856298299129,1.21154476291257,0.225686689855242,0.545058627861148
BOLA1_ENSG00000178096,2.61094119564072,-0.281747245529651,0.55207860509688,-0.510339004135488,0.609813981538471,0.845039390946641
SF3B4_ENSG00000143368,15.5187495354016,-0.0555494200386487,0.219312926348341,-0.253288399200046,0.800045359991812,0.933820019713094
MTMR11_ENSG00000014914,0.0581379860964978,0.442042704943031,3.05417699194027,0.144733820636311,0.884921035293415,NA
PLEKHO1_ENSG00000023902,7.14846870725911,0.605735628977927,0.295084091167115,2.05275596722996,0.0400962510282066,0.194262117218497
ANP32E_ENSG00000143401,7.81515109012657,-0.345572086745716,0.294890617283805,-1.17186531714278,0.241251133661521,0.562708085118204
APH1A_ENSG00000117362,16.8131391053339,0.373778072992102,0.204136490329249,1.83102037459957,0.0670975020414144,0.272947985996257
MRPS21,19.4976040784314,0.210366445617158,0.201561400421555,1.04368418346562,0.296631529907052,0.623558197464401
PRPF3_ENSG00000117360,2.60117802932431,-0.613124520729736,0.512836520303214,-1.19555549664682,0.23187006712779,0.55264736858372
MCL1,29.0181146150998,1.2324663399792,0.177731090780352,6.93444424702447,4.07821200656941e-12,1.40056164822295e-10
ENSA,28.290382632132,0.130985923279361,0.152476902604373,0.859054197993682,0.390310615100282,0.710445324586633
CTSS,56.2491044671683,0.848477677239381,0.138775552325006,6.11402846556348,9.71469652788554e-10,2.73242324060346e-08
CERS2,5.46265470849994,-0.254729984320532,0.418181225027743,-0.60913778303565,0.542433115554658,0.813763024735584
CDC42SE1,9.93512550075288,0.373425945567096,0.277018758862834,1.34801681698386,0.17765297376568,0.4812865736756
MLLT11,0.146366468943743,-0.555715097591373,1.69965708064239,-0.326957186788137,0.743700267057372,NA
GABPB2,0.715009361464674,-0.106422802652988,0.904056438622935,-0.117716989898432,0.906291904390044,NA
TNFAIP8L2,1.61602803251739,-0.207903897175867,0.718915275501287,-0.289191097004997,0.772435144487767,0.921818659015747
SCNM1,12.3672458886982,-0.271219279472718,0.230931635169043,-1.17445701743801,0.240212018717552,0.5619713618172
VPS72,6.8737840830914,-0.614965738754449,0.334919797663764,-1.83615821771107,0.0663342601299001,0.27124005734521
PSMD4,43.8758925004035,-0.294966928370993,0.142449735689432,-2.07067374989082,0.0383892949455997,0.188638622436243
PI4KB,3.04820064564669,-0.0792592793570471,0.482391481382334,-0.164304890148397,0.869491132230673,0.9563393125385
RFX5,5.59060053195105,1.20754611318541,0.431124495062875,2.80092207010716,0.00509568228763722,0.0409234639534276
PSMB4,14.2192095163442,-0.400764913301578,0.23114611254182,-1.73381636790049,0.0829506705175014,0.3121194721167
POGZ,2.91002013423671,0.444203272124871,0.50991091610667,0.871138973678976,0.383678276198991,0.704146490951559
SNX27,1.60444262102718,-0.212475803110738,0.645973727804138,-0.328923288928496,0.742213670856727,0.910812869020314
MRPL9,13.1002380878522,-0.0964047986730367,0.236358694668512,-0.407874983436688,0.683365459855979,0.880716029778897
THEM4,0.979523533312051,-0.83091382209878,0.840097399202426,-0.98906843764501,0.322629658685141,0.649438458026824
S100A10,25.7572204775764,-0.467026906941548,0.231625769889288,-2.01629942628913,0.0437686748823983,0.205751368682979
S100A11,48.1047558999945,0.535277457032116,0.183570830258936,2.91591783006635,0.00354643888595737,0.0304905451108036
S100A9,0.322883104015028,-0.516238296887294,1.29172886016145,-0.399649115854524,0.689414975218387,NA
S100A12,0.064715110149689,-0.730023781641682,3.05073570326641,-0.239294338365676,0.810877355233919,NA
S100A8,1.33807761900271,-2.72976101575735,0.889560772604985,-3.06866163597067,0.00215019975161494,0.0199847954572483
S100A6,43.6538836010369,-0.178270683095058,0.165498947101181,-1.07717110119177,0.281403833257205,0.609038620687173
S100A4,7.50578089319467,-1.20405076978112,0.375376259689601,-3.20758369422922,0.00133855106341358,0.0134417341036815
S100A2,0.0744168684805322,-0.60965271652238,2.67551417691177,-0.2278637585939,0.819752158026559,NA
CHTOP,15.2327505101821,0.466477933957962,0.207570986802143,2.24731760996352,0.0246197362326964,0.139123891293128
SNAPIN,13.0333176616974,0.411970391692275,0.230987775324145,1.7835159939272,0.0745023467985597,0.290896097801412
ILF2,39.7254338822119,-0.0124668994881199,0.149124558225746,-0.0836005795185481,0.933374006161919,0.977236453141736
SLC27A3_ENSG00000143554,0.361965260511875,-0.741602124145679,1.45131448641764,-0.510986509875068,0.609360502944553,NA
GATAD2B_ENSG00000143614,2.04213008225311,-0.386978604580578,0.584180657755544,-0.662429677263489,0.507695889378712,0.793653930918014
CRTC2,0.926799588786684,-0.191164003503421,0.791020315369936,-0.241667628237865,0.80903771505257,NA
SLC39A1,6.42633121307709,-0.7330961014843,0.351654312191762,-2.08470670220171,0.0370959319176756,0.183882227113454
JTB,51.4307859978584,-0.239666334388968,0.121766688101965,-1.96824220256591,0.0490401765742823,0.221858615419024
RAB13,1.62805026283149,-1.79818729022346,0.691428512310748,-2.6006843197917,0.00930380238785403,0.065793442142094
RPS27,672.034560530208,-0.0557004374808583,0.0617414796055498,-0.902155857564701,0.366974080084935,0.690132438455656
TPM3,34.8727216604211,0.397508508728865,0.153138944510052,2.59573755063183,0.0094388131407497,0.0665966657013623
C1orf43,21.2790648272038,0.141667893320155,0.193626697432706,0.731654752152098,0.464379320503487,0.766952017371318
UBAP2L,2.80216266024268,0.541879272326365,0.539746231868004,1.00395193209775,0.315401783149668,0.64358526571616
HAX1,27.4306999634774,0.456233480357428,0.168405288406954,2.70913986534041,0.00674578955670712,0.0515367255554499
IL6R,0.416476056709133,0.429142697348368,1.14423547346802,0.375047538115294,0.707625112389043,NA
UBE2Q1,1.42744721378018,-0.432971061410434,0.654432312790026,-0.66159792685749,0.508228936536887,0.793653930918014
ADAR,20.6761556360538,1.64029067868989,0.200149128895179,8.19534258152545,2.49880450589987e-16,1.16786231644163e-14
PMVK,6.33530141002297,-0.674085216688542,0.325381188442069,-2.07167851318041,0.0382954324628329,0.1883262723014
PBXIP1,6.46926279020634,-0.831881390480316,0.354107480943674,-2.34923415981894,0.0188120720972738,0.113419825564165
SHC1,1.77683636651115,0.785819724169171,0.718133073352895,1.09425363254787,0.273843755070128,0.599995283822272
CKS1B_ENSG00000173207,13.3526139129325,0.744987677128651,0.238061379300531,3.12939326537368,0.00175167697557287,0.0169601621186308
FLAD1,6.24618996078364,-0.296226590822121,0.340996842539808,-0.86870772355477,0.385007015834799,0.706168076255269
SLC50A1,9.97248234892116,-0.952760938891793,0.296167256193631,-3.21696919212733,0.00129552509387885,0.0131584705613577
DPM3,2.46228516471553,0.409976154428947,0.534739916270802,0.766683282759329,0.443269845383663,0.753655732742026
KRTCAP2,11.503454889834,0.140862120691511,0.238219495591183,0.591312311958085,0.554311181693114,0.818146046340154
SCAMP3_ENSG00000116521,6.01657394625359,-0.605883199169006,0.368231002359463,-1.64538888710285,0.0998896397973582,0.349416995486988
FDPS,14.5874340006724,-0.664253083995404,0.227508330777362,-2.91968686037012,0.00350383263982943,0.0302291438407689
RUSC1,1.71165184678661,0.592141117775155,0.706623593065938,0.837986621994802,0.402038217019732,0.720038669524694
ASH1L,8.78754765743921,-0.24123066108429,0.299134841774297,-0.806427829180471,0.419996206034882,0.736029438035756
YY1AP1,2.15229699657595,-0.324237536997912,0.593309222038177,-0.546489966705841,0.584729182670962,0.835598124627478
DAP3,8.56637057895035,0.138067483619496,0.293183989651601,0.47092436317401,0.637694749225628,0.86064619521093
GON4L,3.92432875769568,-0.0860921769135769,0.468708274127368,-0.183679661029799,0.854264765570929,0.953077108565433
RIT1,2.90678697659426,0.42783684115431,0.523506701875878,0.817251889271418,0.413784494626517,0.731537092889201
KIAA0907,3.18221132583514,-0.123547526569872,0.435250176098441,-0.283854053035302,0.776522229074607,0.923816391994954
ARHGEF2,4.47592818934009,-0.478066002765952,0.385219072763407,-1.24102370979842,0.214596990225867,0.532729304135313
SSR2,40.389607150757,-0.241709958361017,0.163075815767876,-1.48219377117861,0.138288743478332,0.419753260249578
LAMTOR2,22.069072342616,0.108051526902234,0.172714162578424,0.625608955798119,0.531571463120293,0.807765711025472
LMNA,11.4305255143209,-1.34858426172476,0.380652745004379,-3.54282027234362,0.000395872399762224,0.00476888146690307
SEMA4A,0.607652337385219,0.281090247751104,1.1226733100116,0.250375817474631,0.802296729023345,NA
PMF1,9.6735240715427,-0.442883233688849,0.288085334564449,-1.53733349307224,0.124211663607821,0.394935908432847
C1orf85,0.319151393663359,0.145602632430716,1.26381332832737,0.115208970476216,0.908279488612623,NA
CCT3,44.3256386118983,-0.17736139707387,0.153177773472393,-1.15787945635491,0.246913232217812,0.570240060640446
APOA1BP,13.8828448723922,-0.247491676706421,0.231714707011484,-1.06808790817993,0.285480859749313,0.612757753931906
GPATCH4,5.83973508061771,-0.0112653500685585,0.349313774319648,-0.0322499451689238,0.974272726387181,0.991161823930352
ISG20L2,4.15213511251909,-0.442603563431608,0.413919062674373,-1.06929978187499,0.284934608879876,0.61201496602073
RRNAD1,2.29382172630302,0.152427616131969,0.586292402979695,0.259985657936707,0.794874836607689,0.932033348097491
MRPL24,11.0618650060275,-0.274586939209805,0.238024322338986,-1.15360874263407,0.248660612442382,0.571413814026561
HDGF,1.67387066739923,-0.406877224294262,0.650820418917725,-0.625175874123423,0.531855634396504,0.807921462221083
PRCC,8.94911284477694,-0.318999769859137,0.31446801192333,-1.01441087094389,0.31038673919718,0.638517471050304
SH2D2A,2.24155701599799,-0.886520140696838,0.581198703128509,-1.52533055549647,0.127176670196479,0.400674192570355
ETV3,0.607654034508598,-0.418954050497105,0.949028435194398,-0.441455740376512,0.65888309654994,NA
CD1D,0.347906395993585,-0.381874432975451,1.33582277476705,-0.285872078384084,0.774976099914264,NA
MNDA,20.7550624973169,4.47737122758152,0.405164547705494,11.0507477836783,2.17396429903569e-28,1.77807395826392e-26
PYHIN1,1.62560794235459,2.07883050104055,0.926032268331791,2.24487911720989,0.0247758938904564,0.139625527128809
IFI16,76.6401195636746,2.26489471446549,0.147216980389993,15.3847382853904,2.07212637232754e-53,3.57787153621889e-51
AIM2,15.8352123615829,1.41559716557381,0.3483892799993,4.06326269733861,4.83915160815632e-05,0.000719621205653103
FCER1A,0,NA,NA,NA,NA,NA
DUSP23,4.39005619964109,0.105484277654241,0.39863190910805,0.264615740095329,0.791305493412213,0.93069852646282
TAGLN2,68.2816233530583,-0.65778037371427,0.128329425246511,-5.12571744516681,2.96406850676386e-07,6.397447860432e-06
IGSF8,2.02755163779406,0.431721630817995,0.587473273837247,0.734878759672049,0.462413335219193,0.765950298176077
PEA15,7.82128428482569,-0.509633181172042,0.326445423363983,-1.56115890956697,0.118486261424526,0.38514701165689
DCAF8_ENSG00000132716,3.22540061673525,0.0228306833637822,0.45846019649951,0.049798616189806,0.960282869437264,0.985414602815086
PEX19,2.56734003728171,0.139761695581907,0.526757353122634,0.265324621959988,0.790759398430588,0.93069852646282
COPA,3.08169388694068,0.062452782361945,0.484267571708435,0.128963378946931,0.897386626159143,0.970300651985212
NCSTN,4.32576592184276,1.01154178510598,0.422777630318653,2.392609524642,0.0167290342850508,0.103780116882112
CD84,3.56628243112051,0.47555080354119,0.436283903342994,1.09000309178798,0.275711782129021,0.602043943802481
SLAMF1,8.0387661458226,0.671551926969149,0.32642040110574,2.05732216704068,0.0396552464527921,0.192877161150669
CD48,65.2400443519817,1.62023644415185,0.150098788849787,10.7944671410595,3.65576959531466e-27,2.91336715441999e-25
SLAMF7,7.06382566876178,1.31795580451023,0.453268280211046,2.90767270080443,0.0036412922259745,0.0312196861747
LY9,26.2248688165038,-0.42219446551675,0.241163387171085,-1.75065738820976,0.0800049435761499,0.305285898876211
TSTD1,23.283208852939,0.0104358464126339,0.208233351535787,0.0501161141366943,0.960029858649851,0.985414602815086
ARHGAP30,5.1490935077023,-0.485312389689995,0.382808519230006,-1.26776799708159,0.20488081398183,0.518964604609232
PFDN2,30.1610934551918,0.708635618319598,0.160749765296976,4.40831510397813,1.04177902859689e-05,0.00017741639566461
NIT1,4.73934417901098,0.432293999033845,0.435773748325836,0.992014779905032,0.321190315640691,0.64758968602742
DEDD,1.807669244183,0.297781272451689,0.610888651171763,0.487455892134362,0.625935293148991,0.855154018387617
UFC1,29.0377849830505,-0.176526197116514,0.183723600593541,-0.960824828961685,0.336640252212426,0.664192158899915
B4GALT3,3.47326543201591,0.0361662456021918,0.41895896349019,0.0863240764701735,0.931208799656453,0.976751571751765
NDUFS2,12.9545101095595,0.186000772847366,0.245799824495876,0.756716459130293,0.449219751873003,0.75837859251564
FCER1G,4.73344575544718,0.833805476811219,0.442032677342073,1.88629827510686,0.0592547715946863,0.253820263821325
SDHC,27.0247724748098,-0.0301519691594124,0.186592468112138,-0.161592638033448,0.871626655115495,0.95741849941649
FCGR2A,0.418828483144823,0.088333890069175,1.25370386004254,0.070458337797714,0.943828859721324,NA
HSPA6,1.13108032379599,-1.86280425980601,1.04790242424439,-1.77765049179004,0.0754612755616827,0.293167055557137
FCGR3A,0.855462407365008,-1.17485556941554,0.971333837568639,-1.20952809834808,0.226460022836898,NA
FCGR2B,7.58152976066786,0.718674718013737,0.342921911279142,2.09573869261661,0.0361053774844869,0.179976765391797
FCGR3B,0,NA,NA,NA,NA,NA
FCRLA,12.6657127022653,-0.436782435413794,0.33192840447429,-1.31589351657196,0.188209785155734,0.496012650573641
DUSP12,3.8464350659172,-0.21260301852495,0.419892918836311,-0.506326753768929,0.612627284613586,0.846995373923054
ATF6,4.19572260441022,0.00794503868368489,0.429266804056673,0.0185083929355878,0.98523328211888,0.995644623906838
SH2D1B,0.248518123468418,-0.0526769674847405,1.42465834691755,-0.0369751580080337,0.97050481322984,NA
UHMK1,7.22213384765174,0.323167103326157,0.33706944407862,0.958755262463897,0.337682051530073,0.664671194525312
UAP1,4.32904049360228,-0.222618816953903,0.386443423573503,-0.576070915880292,0.564567249052751,0.822162832925441
HSD17B7,4.19151135052648,-0.759657723874004,0.431922188276847,-1.75878374506449,0.0786142467347763,0.301501578199712
MGST3,11.9121237011176,-1.0687101409371,0.331002909108002,-3.22870316704193,0.00124352894122408,0.0127575234014178
ALDH9A1,7.1077314002572,-0.547454152104775,0.304617959072916,-1.79718278518743,0.0723066065415412,0.286365608852508
TMCO1,21.2030289566536,0.292144349873743,0.177877471072097,1.64239095661154,0.100509007882425,0.350730327055732
POU2F1,1.15833027152877,1.39791179541646,0.780299909599989,1.79150577645598,0.0732121684733971,0.288577577191272
CD247,1.44472826720953,-0.474198352570649,0.689390345111058,-0.68785174601518,0.491546146182985,0.783850909356961
CREG1,2.83944724915754,-0.186989724618088,0.48382965635333,-0.386478427195735,0.699142376489567,0.886372545519633
RCSD1,17.3027254995532,0.00913370832228945,0.245270880273557,0.0372392691382784,0.970294228069337,0.989466575521499
MPZL1,3.06868388448563,-0.159318543084752,0.446420687377248,-0.356879839105932,0.721181763224674,0.898369907856628
MPC2,10.8833545219521,-0.183654758387528,0.265968161188531,-0.690514073439583,0.489870962764966,0.782987375815642
DCAF6,2.86283651316336,0.315722456200822,0.506065400572665,0.623876787157449,0.53270850598785,0.808162830382025
TIPRL,11.1943090696732,0.787618964473093,0.247015324292316,3.18854292432899,0.00142991778485196,0.0142441810106406
SFT2D2,4.12665094668724,0.983590646699419,0.457429161722637,2.15025785193779,0.0315348243252504,0.164554007366473
XCL2,0.0549490603892113,-0.379320188502241,3.05517703609203,-0.124156532999947,0.901191337516134,NA
XCL1,0,NA,NA,NA,NA,NA
NME7,4.1948823753863,0.514916872002613,0.399239486405226,1.28974435028697,0.197139435465845,0.510165999523603
BLZF1,5.80123199283692,1.98830753817122,0.387367807401448,5.13286726511747,2.85361161230566e-07,6.20211530842377e-06
SELL,76.4361647327402,1.99651295195741,0.13364868646968,14.9385153322128,1.85052309350683e-50,2.94944911518935e-48
METTL18,4.51621125537127,-0.512795675758311,0.377732871760431,-1.35756169000706,0.174602806073604,0.477278382829166
KIFAP3,1.5904296517587,0.115077037841989,0.617849516036872,0.186254152273418,0.852245459462623,0.953077108565433
PRRC2C,19.3615366800507,0.299928738187493,0.20191219601816,1.48544141514125,0.137426931668782,0.418116993555786
VAMP4,3.80606744426274,-0.165077383486502,0.513283304314024,-0.321610662375077,0.747747665266016,0.911015187631039
METTL13,3.6580538117448,-0.0978300390666237,0.421417243029314,-0.232145316037338,0.816425148992519,0.939644208060827
PIGC,7.38035919583946,-0.363836111476357,0.335986372868801,-1.08288948855206,0.278857478089039,0.604807426308955
SUCO,2.31452351599906,0.554870542811207,0.548727445726025,1.01119517008495,0.31192302703221,0.639483356211154
FASLG,0.152739107702271,0.646272956829063,1.90688353547504,0.338915798897002,0.734673162288377,NA
PRDX6,25.9672515743456,-0.130631295943715,0.183647403614142,-0.711315778894331,0.476888575866612,0.774656135210081
KLHL20,1.96721190200265,0.408634077601004,0.581334231739275,0.702924505887818,0.482102798274828,0.778623737255449
RABGAP1L,22.9695642586421,2.71085448839426,0.258369999802622,10.4921410785509,9.38766004790093e-26,7.03056564551231e-24
CACYBP,33.2282224506831,0.00682788593372842,0.15692068214602,0.0435117018378421,0.965293636643718,0.987210471434246
MRPS14,11.6516029808581,0.128291414034682,0.254398749699693,0.50429262795562,0.614055757165616,0.848273508343757
KIAA0040,15.459903746655,3.34335131195502,0.326710167513196,10.2333861765107,1.40518343722386e-24,9.49415244106906e-23
RFWD2,3.07673093891946,-0.115607502491961,0.484231398888798,-0.238744333302743,0.811303837590237,0.938961568850194
RALGPS2,5.09613677383304,-0.216694895915312,0.370865434235327,-0.58429520767312,0.559021715858304,0.819353284981176
TOR3A,9.86709474044759,0.486678270301299,0.270753019230692,1.7974989593251,0.0722564431914858,0.286365608852508
ABL2,1.23245249526568,-0.210097157684418,0.779768941207175,-0.269435144927884,0.787594844030427,0.929852751209874
SOAT1,3.46618122914969,0.686779115634078,0.467436469104547,1.46924589976841,0.1417661047905,0.425503673287179
TOR1AIP2,1.89818256909675,0.11253418900507,0.62718095037918,0.179428582671451,0.857601189827818,0.953586263561639
TOR1AIP1,5.38025738911852,0.377237682526168,0.376894220012232,1.0009112968459,0.316869694494255,0.645367634658023
CEP350,3.94297017463404,-0.455592896464698,0.436153480241996,-1.04457012749713,0.296221692025502,0.62290731990207
QSOX1,0.802689776237214,-0.555921607380205,0.853328326310623,-0.651474456243284,0.514740260983263,NA
ACBD6,2.95818491241794,-0.550128373416769,0.523472305561891,-1.05092163916153,0.293294581008342,0.621588515358968
STX6,1.98986967621821,0.262646158139001,0.577586858713955,0.454730148680676,0.649303388371677,0.865117057415762
MR1,3.73235482015224,1.31145577073226,0.459557031467568,2.85373888534401,0.00432080290253013,0.0358586259574463
IER5,2.34307843044733,-0.920103947095733,0.553490781030537,-1.66236544244261,0.0964395234933124,0.342160900922434
GLUL,5.71418383400614,-0.0103047032013207,0.389367053068528,-0.0264652674644947,0.978886236437861,0.99229563693701
RNASEL,0.665602496723926,0.0516957274327561,1.01273496782294,0.0510456625625219,0.959289134489386,NA
RGS16,2.24523355321635,-2.09372408644952,0.754312311423917,-2.77567269516945,0.00550876346386894,0.043510131755285
NPL,0.620087160804122,0.804720869735907,0.923512306873343,0.871369946828734,0.383552189728096,NA
DHX9,8.22332193654767,-0.373749832828987,0.308676410574924,-1.21081436748879,0.225966557488228,0.545320081154603
NCF2,0.605585231198008,-0.733355423433594,1.10123808064924,-0.665937217682522,0.505451230435068,NA
ARPC5,65.0803949856673,0.373778254204143,0.111226995730059,3.36049941608851,0.000778016951778399,0.00859104682691359
RGL1,0.061179838287948,0.734651541532373,2.85256736923591,0.257540470193753,0.796761577905134,NA
TSEN15,7.75540189791933,0.979291797305286,0.311691507273854,3.14186230439982,0.00167876965648706,0.0162796133927045
C1orf21,0.259468747111172,-0.346443219294438,1.31450653155146,-0.263553821132821,0.792123746028154,NA
FAM129A,0.229397760980136,0.225244528856704,1.56631429279757,0.143805448173749,0.885654100576848,NA
RNF2,3.80876753236364,0.101799418465945,0.421070569783963,0.241763318956665,0.80896356307238,0.938506440473668
TRMT1L,4.41638780759482,0.501613097604675,0.367604609924404,1.36454517724309,0.172396045688351,0.473536818382144
IVNS1ABP,6.7866832850707,0.0068471338312229,0.361389745491719,0.0189466743775656,0.984883645443591,0.995634723943493
TPR,13.0082318154244,-0.419692711193594,0.228766988818885,-1.83458598358291,0.0665670570336636,0.271830236195998
C1orf27,1.66418656215926,0.636885319456327,0.662361575559741,0.961537237298398,0.336282111697151,0.664018299335924
RGS18,0.453230049422593,0.826780362524154,1.19609662486677,0.691232083876372,0.489419704450188,NA
RGS1,20.9491208563486,0.401313962361003,0.323714118657516,1.23971720487603,0.215080011212123,0.533397011071184
RGS2,70.028175336375,0.0645475832078978,0.130828554304402,0.493375345704067,0.621747399321521,0.85363038653046
UCHL5,2.94606517293621,-0.485145359376168,0.468341079107003,-1.03588043205863,0.30025792764612,0.627573395510519
TROVE2,10.6773300172648,0.287544153019866,0.253098228344112,1.13609705963221,0.255915945500498,0.5799393063183
GLRX2,4.13285295080899,-0.660906456687143,0.440927564978442,-1.49890029379192,0.133899500166371,0.411538649252304
CDC73,12.7651791816327,1.03142198871505,0.269704464570264,3.82426738970922,0.000131161509688671,0.00178402613615925
DENND1B,3.85648819952507,2.63573820586963,0.577282889049953,4.56576533942886,4.97675245017559e-06,8.94089399719406e-05
NEK7,3.42654968194493,-0.314329466291935,0.444462310745874,-0.707212869780665,0.479434201937069,0.776911628102744
PTPRC_ENSG00000081237,44.5516715440036,0.194890673928425,0.138608220730947,1.40605422175303,0.159708024523103,0.453101360308356
MIR181A1HG,0.835040921791769,-2.88105113340784,1.07198065884173,-2.68759618902154,0.00719683708439713,NA
ZNF281,8.34553554863579,0.462001452188517,0.294508295985967,1.56872135177656,0.116712881166487,0.382237760448306
DDX59,3.09967848038124,1.04763967014965,0.488050796620043,2.14657916226138,0.0318268003076588,0.16555262821122
TMEM9,2.14057276060907,-1.28348026130081,0.615089457493949,-2.08665625083233,0.0369192186044017,0.183287569523345
IPO9,2.11551480297592,0.461534420189397,0.545151722641952,0.846616457438082,0.397208937731508,0.716289746718611
TIMM17A,12.4135611630089,0.463701167104397,0.250211995597764,1.85323315933196,0.0638489468197753,0.263710998957956
RNPEP,5.09621663211541,-0.477932783209507,0.36797690300618,-1.29881190722854,0.194008487275361,0.506491708065369
ARL8A,1.36514895348389,-0.0561449032167718,0.683237559630538,-0.0821747903425162,0.934507720023984,0.97760013255959
PTPN7,3.46175190069619,-0.795049356086087,0.581708883123331,-1.36674783410093,0.17170435891993,0.472681264413766
KDM5B,1.03987321920512,0.191566605873333,0.804016734731066,0.238261963462004,0.811677920660808,0.938961568850194
RABIF,6.88305047409331,0.109479488364109,0.335134364383371,0.326673418184212,0.74391490736826,0.910831399230374
ADIPOR1,9.03223722111677,0.0809923323425937,0.27911874873905,0.290171594378685,0.771684966168924,0.921422364125998
CYB5R1,2.66610151009775,-0.0217772266882063,0.586994878951057,-0.0370995173367127,0.970405656874466,0.989466575521499
TMEM183A,4.13050700703252,-0.619417654894678,0.441262744026564,-1.40373884557403,0.160396630464683,0.454225719803404
BTG2,28.1505232819245,-0.336186431571024,0.180309317052567,-1.86449839124516,0.0622517472831782,0.26128079750995
ATP2B4,0.18122816309576,0.946169438264001,1.47893109266744,0.639765735506623,0.52232491189532,NA
LAX1,0.722433365109228,0.313531119152541,1.06884234687225,0.293337104457011,0.769264495118958,NA
ZC3H11A,3.72571620455338,0.105876890645231,0.424387060539655,0.249481901051831,0.802988039254553,0.934725015988602
ZBED6,0.969741398540816,-1.32324549210488,0.889909559974871,-1.48694378802071,0.137029657917315,NA
SNRPE,24.3859229478074,0.186739371120236,0.164434147276188,1.13564836874536,0.256103757120843,0.580078513396557
MDM4,4.40861132550375,0.296852798191787,0.408816904973566,0.726126524075567,0.467761210126566,0.767616724714575
RBBP5,2.11543238708724,0.404036126723416,0.660722410137983,0.611506618398245,0.540864238153531,0.812669109103783
DSTYK,1.35630037813083,-1.08095403724994,0.824239698980206,-1.31145592548789,0.189703774997112,0.497762205733241
NUAK2,5.21696489395273,-1.05758264494763,0.418133384068795,-2.52929492176982,0.0114291944385612,0.0768041866271312
NUCKS1,11.5288232982337,0.0343209936874815,0.252697486757143,0.13581850032591,0.891964765439785,0.967956177020549
RAB7L1,9.96066574150365,1.49129771898206,0.298140058397579,5.00200384677383,5.67374580952997e-07,1.17169448345642e-05
SRGAP2_ENSG00000163486,0.38665711841624,0.740376268558827,1.10976761278828,0.667145319458945,0.504679314532837,NA
IKBKE_ENSG00000143466,1.71286392233716,0.105690572212322,0.694640545784201,0.152151458554733,0.879067478570276,0.961064229109702
RASSF5_ENSG00000136653,13.0415371808505,-0.769963383298897,0.287322483939574,-2.67978813471773,0.00736687707962888,0.0551053043645886
EIF2D_ENSG00000143486,2.2338843182751,-0.35410525149572,0.567963456797917,-0.623464850172063,0.532979093722325,0.808162830382025
MAPKAPK2_ENSG00000162889,0.862340863577644,-0.73770684335005,0.830318604600434,-0.888462379697067,0.374292083545936,NA
IL10,2.32753556883376,1.41080995763752,0.8272184735525,1.70548652229535,0.0881037238098238,0.324246741978605
FAIM3,15.9050536074591,0.0364381864452028,0.214795522936675,0.169641275325582,0.865292259972173,0.956127988918996
CD55,25.4547240533365,-0.175549527562411,0.261546208039187,-0.671198901633891,0.502093828294131,0.790414386435752
CD46,6.42857272262319,0.36161078827155,0.34617023787026,1.04460392232528,0.296206066037923,0.62290731990207
G0S2,2.04164440762269,-1.31667792719044,1.57135237416547,-0.837926584029071,0.402071937323355,0.720038669524694
TRAF3IP3,14.9862037095569,-1.2961656016047,0.252853040330864,-5.12616182075024,2.95708472353084e-07,6.397447860432e-06
DIEXF,1.9080347191056,0.171783542975985,0.578776693559718,0.296804527354833,0.766615748817922,0.920417958121704
SLC30A1,0.579100495911627,0.0326692586228244,1.10590439604501,0.0295407620583278,0.976433309693879,NA
LPGAT1,2.23148487727753,-0.301763461233542,0.62190165275089,-0.485226980662837,0.627515345262728,0.855371706197981
PPP2R5A,3.72509756341971,-0.673947621791566,0.452260009016486,-1.49017735009818,0.136177610216537,0.41611422526238
TMEM206,2.69584310361992,0.154888341307604,0.501608882274073,0.308783091330857,0.757486532194127,0.91534531184267
NENF,11.3579078579104,0.161990495049526,0.280295464078467,0.577927636403629,0.563312975903029,0.821768002396909
ATF3,1.52588390580289,2.12196241093732,0.821497878319865,2.58304064677219,0.00979337841783642,0.0682462334588242
BATF3,1.96395866588984,2.12727638629395,0.809743434345498,2.6270992712814,0.0086116206731813,0.0621717004697967
NSL1,11.4950372438756,0.11232057285543,0.2436342076424,0.461021356328955,0.64478328307709,0.864893233162934
TATDN3,3.25006444906492,0.0161545158592445,0.452754703195791,0.0356805036926553,0.971537116451713,0.989849978014071
ANGEL2,3.11397681062445,-0.0442067134509147,0.49337716490453,-0.089600242158489,0.928604891967567,0.976024350434629
SMYD2,2.54285264536943,-0.433397695756188,0.523098511109594,-0.828520224301284,0.407375946202184,0.725572745442056
CENPF,0.48371611037439,1.11383528711718,1.18363415316054,0.94103003376763,0.346689468282447,NA
GPATCH2,1.86459181544033,-0.707294811841054,0.625929656166683,-1.12999089414083,0.258480061445702,0.582142051429884
RRP15,4.80923102570823,0.0416326515836047,0.409312035750149,0.10171372436509,0.918983908179409,0.9751814025147
LYPLAL1,8.82787851143678,0.129601782850775,0.285654685997923,0.453700881531195,0.650044132357856,0.865611466738739
EPRS,10.3961273731352,-0.0266712492266341,0.250171429784359,-0.106611891092536,0.915096884626993,0.974987639149784
BPNT1,1.51235370323593,0.702437774231356,0.693183214247554,1.01335081374388,0.310892624320929,0.638845802571535
IARS2,5.52978897415945,-0.749223441030189,0.422093658107974,-1.77501705282322,0.0758950715271093,0.294117060232239
RAB3GAP2,1.55874826593161,-0.35404972843549,0.664645812786906,-0.532689323582638,0.594248657895448,0.838934318389553
HLX,0.856092693796261,-1.83415619470231,1.0337232821474,-1.77432029091203,0.076010186109963,NA
DUSP10,7.82711359001737,-0.32024006031187,0.309747304477761,-1.03387521273769,0.301194504259149,0.628231448029218
MIA3,10.3436043654322,1.01700452492721,0.274948515223365,3.69889076906274,0.000216543762037554,0.00280424171838633
AIDA,4.67096467363072,1.12717247960718,0.39551073469896,2.8499162746243,0.004373073897089,0.0361441855357747
BROX,2.74393303434911,1.50259311791052,0.537936859229091,2.79325183268509,0.00521810507404784,0.0416376651351494
RP11-452F19.3,2.12176894969138,-0.699293305612127,0.54038200920297,-1.29407214471026,0.195640502122575,0.508403579094452
CAPN2,10.4415816022932,0.812191438969659,0.28876181687776,2.81266909784502,0.00491321826858453,0.0397146485793516
TP53BP2,2.09083994635276,-0.0234619148143351,0.653294984548962,-0.0359132021050695,0.971351568901313,0.989849978014071
FBXO28,2.8088054732429,-0.0982560310773267,0.470185047134213,-0.208973108941255,0.834469231107638,0.947062395575146
DEGS1,12.4867004440331,0.14709389978867,0.241959428081863,0.607927952858702,0.543235259249448,0.814131076034048
NVL,2.35306713900473,-1.4205409135577,0.618977826135145,-2.29497867868299,0.021734346222277,0.126736112680745
CNIH4,8.95791708851637,0.0765918012264709,0.270162023959996,0.283503210791063,0.77679112073133,0.923816391994954
LBR,8.42864011132332,-0.448699471082609,0.293865492872673,-1.52688723911189,0.126789053270355,0.39985832325141
SRP9,31.4803594225942,0.0901964829617078,0.167006478897067,0.540077747626184,0.589143415994811,0.837054965445428
EPHX1,0.158714755345514,1.09188712752096,1.95435116509469,0.558695462219072,0.576369576780243,NA
TMEM63A,1.01086997804652,0.533259670471902,0.745163751665563,0.715627497016568,0.474221390253766,0.772667133447231
PYCR2,9.06238667400449,-0.418139502512576,0.271462501131455,-1.54032141002817,0.123482027485901,0.393824670524556
SDE2,2.55532647758193,0.669372795824889,0.504175989503924,1.32765702802212,0.184291435690774,0.491404212640364
H3F3A,11.0064823120832,-1.12317145317365,0.269064021046905,-4.17436507788552,2.98818246819948e-05,0.000469054096523434
ACBD3,2.19383388635885,-0.601009464358467,0.683085315474787,-0.879845387893792,0.37894307294968,0.699175598343184
PARP1,30.7789790931242,-0.322011030121461,0.173589534646538,-1.85501407545759,0.06359421661529,0.263594609016653
ITPKB,0.683743885930306,-1.37589444411675,0.937342229274379,-1.46786776605794,0.142140145496955,NA
ADCK3,3.41014435035533,-1.76637092414217,0.561421403078697,-3.14624792438591,0.00165379751733668,0.0161635304524603
SNAP47,1.88232021118192,-1.0666950112238,0.601217520589241,-1.77422476008076,0.076025980205764,0.29444080558195
ARF1,47.5368622806487,0.0388825060686705,0.161395115891878,0.24091501067925,0.809620987900261,0.938558209902837
C1orf35,7.05367110672037,-0.701795822919754,0.345667215230941,-2.03026434673847,0.0423296762287883,0.201009371610503
MRPL55,9.15289730595373,-0.369915911767879,0.275680434772088,-1.34182867229478,0.179651553225232,0.484684919638907
GUK1,40.1743079989585,-0.08081251336419,0.150555263188392,-0.536763123737947,0.591431246976523,0.837625115335172
IBA57,0.705260960529003,1.27297751212875,1.16825362756155,1.08964139472504,0.275871141111091,NA
TRIM11,2.27294140535594,-0.0896517054465245,0.6248287388271,-0.143482045359845,0.885909490254965,0.964148897243399
RNF187,5.20241259663765,-0.0383594067427838,0.400408971401234,-0.0958005676260069,0.923678966534382,0.975683415108361
RAB4A,7.7322797140937,-0.581596485461237,0.298265752826189,-1.94992713695882,0.051184804163304,0.228258116115701
GALNT2,9.11489105296146,0.190756445999829,0.293852296086157,0.649157582025154,0.516236525998919,0.798271731090971
COG2,2.77918049565567,0.117131100872426,0.489442788813604,0.239315204043252,0.81086117677197,0.938961568850194
ARV1,1.85802307130015,-0.999296826033511,0.662854142758689,-1.50756669012372,0.131665463350693,0.406573532135075
C1orf131,6.928948670714,0.0658887648758261,0.350119552584616,0.188189332442101,0.85072823456801,0.952472389422686
GNPAT,5.93528508408207,-0.179628686456923,0.35729797419758,-0.50274196729028,0.615145699525373,0.848966622613171
SPRTN,3.31376807590037,0.355357562484555,0.468450979432983,0.75858003950527,0.448103816758584,0.757496945232992
EGLN1,2.96905420385608,-0.199211087698864,0.529018750292588,-0.376567158704082,0.706495297646958,0.889162739456062
RP11-295G20.2,0.910512603417791,-0.171502515743685,0.864873530924041,-0.19829779685875,0.842812075317445,NA
TSNAX,5.97277849712118,0.649356284906549,0.352451413349732,1.84239943524415,0.0654167443542117,0.269113489679537
NTPCR,5.26527314260043,-0.176774530316936,0.424328544433439,-0.416598253018693,0.676972287378497,0.878876302912434
RP5-827C21.4,0.864209625380646,-1.10695226264469,0.955499833546349,-1.15850597120067,0.246657616313958,NA
COA6,12.0135863761116,0.6431162133837,0.253072389235471,2.5412342109961,0.0110461896356937,0.0747150323998605
TARBP1,3.65392345248395,3.7278687986449,0.631827562473819,5.90013639805302,3.63201187761979e-09,9.64811360311308e-08
IRF2BP2,8.33257169805059,-0.647892457308433,0.396551962289825,-1.6338147807094,0.102297747803369,0.354724220560766
TOMM20,9.76092320414438,0.0176610748289225,0.294866563562191,0.0598951424521132,0.952239148712749,0.98210030668632
RBM34,1.45890695086275,0.13745425004784,0.638685478633321,0.215214302886561,0.829600240107646,0.944814051394124
ARID4B,22.9074154410493,0.0710067276682924,0.21126098324197,0.336109046633396,0.736788636657997,0.909074280991856
GGPS1,11.7676462847666,0.202630844550674,0.275540059160026,0.735395227715299,0.462098827425386,0.765950298176077
LYST,7.29547149603745,-0.646265352786419,0.327172926085041,-1.97530205362542,0.0482338803362224,0.21981070393692
GPR137B,4.8447154027912,0.684215503050898,0.435138926431014,1.57240702104681,0.115856187030586,0.380434262325473
ERO1LB,2.9194494473797,0.963558436604716,0.520142835887907,1.85248814387663,0.0639557585089842,0.263812793608338
LGALS8,1.87717964883753,1.57156507665106,0.760172215822842,2.06738031716922,0.0386983314408821,0.189837300915494
FH,3.77931953576285,-0.101236191333101,0.449714730837532,-0.225112019667584,0.821892130604179,0.941149390068634
KMO,1.85767262853309,0.681659304725634,0.574141877110332,1.18726630455253,0.23512259463997,0.554580823455767
OPN3,5.66251439034752,-0.474906828375505,0.394133986902665,-1.20493751911019,0.228227423178676,0.546690428700828
CEP170,3.64705103241468,-0.869396572780525,0.489048016450635,-1.77773254064161,0.0754477925580082,0.293167055557137
SDCCAG8,8.58474264053795,-0.231973483676932,0.3234810218937,-0.71711620768022,0.473302395894067,0.772190995505911
ADSS,10.9923536266145,0.349214152355414,0.274054376679326,1.2742513240868,0.202574361200139,0.517126172164297
DESI2,4.35247860384301,-0.665581453667011,0.427098279438243,-1.55838008652819,0.119143174309516,0.385490189676383
COX20,8.77625147332928,-0.427265987235737,0.315035624153143,-1.35624657809505,0.175020726621918,0.477475104514766
HNRNPU-AS1,0.711982976222629,-1.51071747070328,0.981554406677849,-1.53910721649799,0.123778123573686,NA
HNRNPU,50.5187348508903,0.084278173712285,0.139383194065947,0.604650899823763,0.545410978900161,0.814578242393897
TFB2M,3.71603071664382,-0.112292453230279,0.502263495353532,-0.223572794497515,0.823089734670238,0.941391858718912
CNST,1.76609344540324,-0.324599511087114,0.613846729572023,-0.528795700049467,0.596947180960152,0.83969759602813
SCCPDH,2.10259549889745,-0.767107827625326,0.577860124146574,-1.32749742640271,0.184344190705446,0.491404212640364
AHCTF1,0.991122271323533,-1.52127490675509,0.962886109627636,-1.57991157162231,0.114127118837697,0.377347963135703
ZNF672,3.34720348510217,0.807650244266123,0.494887926276221,1.63198615561967,0.102682402698656,0.355567869599535
PGBD2,3.75534825045721,-0.878722770957566,0.488982117490838,-1.79704479882954,0.0723285080274192,0.286365608852508
SH3YL1,2.39423358388719,-0.288678768956665,0.533533155547576,-0.541069970919406,0.588459355233787,0.836975483410608
ACP1,25.8215585001136,-0.226355491052688,0.167782053085782,-1.34910431056031,0.177303463914822,0.481064308902022
TMEM18,5.98968938610549,0.56337359186045,0.336611967839579,1.67365882881781,0.0941976696009354,0.336513054160583
TSSC1,4.54243280257258,-0.419665333759042,0.436896569688307,-0.96055991938422,0.336773489583034,0.664192158899915
ADI1,6.12585614297973,-0.592043221115699,0.34156866487315,-1.73330659981813,0.0830411883469452,0.312271038575082
RNASEH1,4.17019875507663,0.83965694998073,0.403100553540222,2.08299627129375,0.0372515634367684,0.184338897143192
RPS7,459.114087502832,-0.266468987265306,0.098003304727008,-2.71897960999954,0.00654836446303635,0.0504394467190011
CMPK2,28.4220661880075,5.73629252322815,0.430415069840825,13.3273505626779,1.60496921479377e-40,2.0360180896241e-38
RSAD2,38.9248009302366,7.10779553992123,0.574590941901516,12.370183763077,3.78953431253878e-35,3.92595754779017e-33
AC092580.4,0.250267038793517,-1.17064383753705,1.70226216994824,-0.68769890925359,0.491642407026845,NA
ID2,3.12593626488477,-0.375137991042212,0.576052408196809,-0.651221982070155,0.514903202338683,0.797942805141236
KIDINS220,0.838243448047041,-0.688798637113338,0.874709572126416,-0.787459814163084,0.431012743947977,NA
ITGB1BP1,12.4404760132976,0.281964712912646,0.274926906203868,1.02559882845209,0.305080719920305,0.632637269054431
CPSF3,3.95212634369694,-0.171866766798589,0.414686724986079,-0.414449647030197,0.678544836058357,0.879351357428364
IAH1,9.87972179231478,-0.253658060831035,0.270101831080518,-0.939120108206225,0.347669081293831,0.672238082091404
ADAM17,2.00964410629761,-0.0289944692555872,0.579487972089053,-0.050034635147063,0.960094788020037,0.985414602815086
YWHAQ,31.2194217418838,0.559856197638568,0.155162873651734,3.60818399699902,0.000308347786045717,0.00383337967612036
TAF1B,3.26804896945475,0.660332361363151,0.52691630725129,1.25320160389007,0.21013234641483,0.525916164562701
HPCAL1,5.28852790405221,-0.743457088673139,0.416264550716298,-1.78602066256618,0.0740959126373752,0.290037904882824
ODC1,15.8998069918207,-0.402415745462082,0.227066464627063,-1.77223768434064,0.0763551105568098,0.29516378558528
NOL10,4.67647703943781,0.38336921681041,0.473345884810983,0.809913488449355,0.417989898943054,0.734376826407581
PDIA6,49.5428111418217,-0.0301127870751863,0.168945695777463,-0.178239445146038,0.858534932924052,0.953586263561639
PQLC3,3.83577420634779,-0.0558984821715154,0.480184201136994,-0.116410498386156,0.907327215454089,0.973075564400038
ROCK2,0.800904990995047,-0.555099196725179,0.90052328648309,-0.616418481406591,0.537618358750365,NA
E2F6,2.26866486486367,0.27217879150932,0.576986552208847,0.471724670995108,0.637123325131107,0.86064619521093
LPIN1,3.0306290034979,0.122378187134065,0.511808158102903,0.239109488968832,0.811020684033787,0.938961568850194
TRIB2,0.643547776792468,2.16872199858821,0.975684322125935,2.22277016183138,0.0262313020660692,NA
NBAS,1.92124653353949,-0.585952943844152,0.617000256256616,-0.949680227686079,0.34227475940112,0.667277961959181
DDX1,6.29852591525589,-0.198927088583938,0.340794795651988,-0.583715159744041,0.559411966165779,0.819353284981176
FAM49A,6.9872109693118,-0.608783645568214,0.357978208147115,-1.7006164948399,0.089015024727641,0.326054872995897
SMC6,17.795274004094,0.623747069431915,0.198474215777886,3.14271084023305,0.00167391111261924,0.0162796133927045
RDH14,19.6872900247345,0.689512124636242,0.191286083952841,3.6046120574366,0.000312619545047569,0.00387100217533006
TTC32,1.22362774273688,-0.6463098483435,0.880609287748612,-0.733934853214951,0.462988443892938,0.766005432462872
LAPTM4A,37.8968948373985,-0.310846799171346,0.15747734244428,-1.97391443331813,0.0483914733065914,0.22036732459617
PUM2,1.47840107510015,0.378269697937033,0.681623339078272,0.554954145860894,0.578926024871428,0.830894521034587
RHOB,0.663159324343344,0.240281301252641,1.06170171178685,0.226317145941345,0.820954763787619,NA
HS1BP3,0.406029706614276,0.15382229682594,1.15095598308084,0.13364741926463,0.893681385365185,NA
UBXN2A,6.9184624238246,1.6447083828094,0.357988394148636,4.59430643476817,4.34190943348081e-06,7.89161082997566e-05
SF3B14,28.9397289690685,0.143404475015952,0.153837049196559,0.932184254475154,0.351241311278531,0.675807677067245
TP53I3,0.164506111566007,-1.34120788296195,1.85670555847409,-0.722358952845601,0.47007381641474,NA
ITSN2,10.5554252002501,-0.135643839865655,0.248921068021005,-0.544927116632044,0.585803645448057,0.836036378287134
NCOA1,1.17359952521736,-1.65678858018656,0.889254190643255,-1.86312147597314,0.0624451773575583,0.261739192484547
PTRHD1,9.75320021233965,-0.0618806904221098,0.321006235236013,-0.192770992054448,0.847138322345673,0.951253966071503
POMC,2.12746449757051,0.409981373505434,0.625373250665093,0.655578685320188,0.512095243486909,0.796832355107668
ASXL2,1.50508023932851,1.26178795791024,0.800454395959376,1.57633959445989,0.11494756132246,0.37884810271786
RAB10,17.5741597398732,0.571764289980959,0.245970427329246,2.32452452186709,0.0200973988537596,0.119090020281191
HADHA,9.717616290764,-0.12804296821257,0.27231219314689,-0.470206518235125,0.638207477639237,0.860915295357096
HADHB,9.14683925360381,0.175225596307328,0.305107736007222,0.574307287649962,0.565759878502132,0.822162832925441
OST4,59.8930898044778,0.0333940817254179,0.125308943059702,0.266494002024322,0.789858778136905,0.930508907068129
PREB,3.73620922003024,-0.462560220129523,0.447600363603738,-1.03342235114677,0.301406291096729,0.628283536370646
SLC5A6,1.90101562661559,-1.04268055411886,0.630411775654169,-1.65396744538423,0.0981341274210507,0.345262657563142
ATRAID,28.5260876106335,0.0961437677201366,0.172492884606647,0.557378166290065,0.577269079817833,0.830241693694504
MPV17,5.57085068082748,-0.157736975811458,0.427866185414035,-0.368659597763772,0.712381467000679,0.892099951502868
EIF2B4,3.4022600688502,-0.489145991809384,0.513981881992962,-0.951679444249518,0.341259577365742,0.666437176533287
SNX17,13.83273514959,-0.220985223611249,0.233529249536916,-0.946284990207688,0.344003246978244,0.668853357277687
PPM1G,13.0984747668355,-0.0935394586299847,0.230193406703827,-0.406351597855863,0.684484278296656,0.880761199649891
NRBP1,8.4433399114006,0.558324393949446,0.320145515742785,1.74397068362507,0.0811642019488334,0.307845228072906
GPN1,6.17484474360114,0.447152094760041,0.330857735965834,1.35149354587319,0.176537385995922,0.479613807408502
SUPT7L,2.11653768200702,-0.35986509364328,0.544543906126308,-0.660855974320295,0.5087046821901,0.793901156036571
SLC4A1AP,3.50703057032249,-0.141291737096918,0.423496972199827,-0.333631044309448,0.738657989257694,0.909567761732533
MRPL33,12.0688404121681,-0.149687485534699,0.249334641235218,-0.600347728631443,0.548274516208034,0.815930821457906
BRE,6.6381004733059,0.801457800893927,0.353594967268632,2.26659843912611,0.0234147675347378,0.134020437381151
FOSL2,0.900098350193932,0.437770817393822,0.836003927221737,0.523646843201624,0.60052419417265,NA
PPP1CB,7.07957641197666,0.0653640889626653,0.325924203981751,0.200549968870447,0.841050482180609,0.94949602575558
TRMT61B,2.29353982902644,-0.737590802695527,0.556265112740519,-1.32596991219111,0.184849663693769,0.492509862632004
WDR43,7.60067930267839,0.153772730035215,0.330889237058128,0.464725693112229,0.642127906490877,0.863206545576836
CLIP4,0.359084576621411,-0.829185122651835,1.21806083849652,-0.680741960044718,0.496034780868777,NA
YPEL5,29.7838216634403,-0.0641468749396693,0.161656336364271,-0.396810149124763,0.691507465969003,0.88365563407996
LBH,16.3738490989337,-0.804934008647849,0.278178011522722,-2.89359322198656,0.00380861215212577,0.0323890975405437
DPY30,13.0823761200371,-0.280613170629526,0.236606301320548,-1.18599195821653,0.235625475345348,0.554580823455767
YIPF4,9.56051854629063,0.377801065619495,0.313065029012313,1.20678143710723,0.227516326707644,0.54667239536711
BIRC6,2.56014000467518,0.258424200171919,0.525946809409756,0.491350447513762,0.62317860515602,0.853944764451818
TTC27,2.28800668478747,-0.501649109064921,0.640989601664223,-0.782616609945734,0.433852284623714,0.747664486060718
RASGRP3,5.09810580731759,1.17595088352569,0.377892342371542,3.11186745977906,0.00185907945053526,0.0178059135046643
FAM98A,2.37557418118852,0.692186681416666,0.522949816041905,1.32361970533937,0.185629377395896,0.493132169068515
FEZ2,3.49951984262791,0.425979796166981,0.430974575762138,0.988410500581562,0.3229516469359,0.649665837331248
EIF2AK2,51.1511584578402,3.28720441153735,0.180805267839355,18.1809106052044,7.31096576562146e-74,2.52472017772794e-71
CEBPZ-AS1,3.28315193931348,-0.214485587685654,0.459236699145433,-0.467048012680123,0.640465527519861,0.862650860035419
CEBPZ,12.826637938777,-0.127294286161136,0.267648739245164,-0.475602039150782,0.634357922372278,0.85923409545606
PRKD3,5.58266802122847,-0.470814663228428,0.350807187832001,-1.34208955676785,0.179566959576092,0.484684919638907
QPCT,4.01805887300781,-1.53982823711409,0.485939151286212,-3.16876759783275,0.00153086751276906,0.0150567602205261
CDC42EP3,2.30651397521512,-1.02198566739972,0.575592364943874,-1.77553721981593,0.0758092256024203,0.293967652117682
CYP1B1,0.502514380376918,-2.05626795358264,1.24786917820148,-1.64782333717568,0.099388928644857,NA
HNRNPLL,1.14351225341514,-0.393359537343615,0.855567060756946,-0.459764705054911,0.645685119782079,0.864947395773462
GALM,1.89798160274778,0.46664817651428,0.719903556584757,0.64820929448949,0.51684959119623,0.798271731090971
SRSF7,86.7056328595707,0.316146916294147,0.133301424006879,2.37166946001891,0.0177079243469022,0.108552719665034
GEMIN6,6.13671975946771,-0.704021054732541,0.386092037311299,-1.82345396096553,0.0682346639307944,0.275241188185476
MORN2,1.41068362706263,0.0858560206921267,0.706450132161689,0.12153160822465,0.903269980502408,0.971742159709756
SOS1,1.25398767159198,-0.582748137997174,0.793712127518217,-0.734205913949322,0.462823249670101,0.765950298176077
SLC8A1,0.0748231665663995,0.177134740500807,2.67339183637077,0.0662584279980723,0.947172080108877,NA
EML4,8.34334133623913,-0.100948519569303,0.310109575519363,-0.325525322461381,0.744783520774484,0.910831399230374
COX7A2L,32.8612625519534,0.022120889700358,0.154435538288567,0.143237042105066,0.886102976061934,0.964148897243399
ZFP36L2,71.0844609243871,-0.957959659051958,0.158887404155999,-6.02917307473543,1.64800726356295e-09,4.51278112348339e-08
LRPPRC,2.60318377145726,-0.629208478171552,0.509330989684185,-1.23536264416524,0.216695568989498,0.53598159551951
PPM1B,6.93198007461165,-0.383259465808481,0.352470772402677,-1.08735105380775,0.276881693752877,0.602268357792139
PREPL,2.20427506559965,-0.552798312840723,0.640091287571085,-0.863624179198554,0.387794377132804,0.708466122015172
RHOQ,0.356742047236883,0.156644830334171,1.25779240996058,0.124539494032311,0.90088813205419,NA
PIGF,5.62270733740604,0.27139522826153,0.369323193080414,0.734844800831227,0.462434018940002,0.765950298176077
CRIPT,6.5353607509948,-0.0145917719485981,0.323971117519825,-0.0450403482270459,0.964075148336658,0.98646973164739
MCFD2,4.82745305601412,-0.138394904036639,0.387323309948321,-0.357311064121351,0.720858948002737,0.898335760052004
CALM2,121.600608244153,0.203389061408671,0.0923197686097725,2.20309327537831,0.0275881750684351,0.150296315710247
MSH2,2.20762226483054,-1.05181867685048,0.583102997651151,-1.80382999416468,0.0712579622186148,0.284300059788774
MSH6,0.985283300611557,-0.0573593871713991,0.785657054946452,-0.0730081742539797,0.941799612758108,0.980279034310851
FBXO11,2.26618455023421,-0.153124937712685,0.530193339485639,-0.288809621526436,0.772727068813505,0.921891366084454
FOXN2,1.41063953798776,-0.20366408128487,0.71682853424745,-0.28411826755569,0.77631974810083,0.923816391994954
PPP1R21,2.31189637333102,0.943606060570795,0.543497503053381,1.73617368114774,0.0825331293934481,0.311664241102693
CHAC2,2.24618159041581,-0.340479003042408,0.568869594330665,-0.598518547019581,0.549493987228418,0.817142254691829
ERLEC1,7.50558660066514,0.210634017195651,0.288798039960072,0.729347114768411,0.465789358935123,0.767017908766173
PSME4,0.927164794085167,-1.01225520779632,1.00476110953027,-1.00745858711585,0.31371444923933,NA
ACYP2,3.20260417977468,0.528786170380982,0.438692911780531,1.20536748185602,0.22806146912857,0.546690428700828
SPTBN1,1.99283331411818,-1.41057906758733,0.606413599269744,-2.32610065025913,0.0200131818769114,0.118817515326534
RTN4,15.4739884383989,-0.178495606207762,0.207951854619853,-0.858350633775602,0.390698878074444,0.710683109456576
RPS27A,1039.89570744187,-0.00999417872046341,0.0563157283244387,-0.177466917641308,0.859141648652485,0.953586263561639
MTIF2,2.70877805899147,0.483101179604806,0.495536569872678,0.974905201706773,0.329607285637332,0.656468723973617
CCDC88A,0.848152490922427,-0.0158003356446188,1.03047425163691,-0.0153330717575136,0.987766458134124,NA
CCDC104,5.39373711679023,-0.657917106425914,0.360631111556736,-1.82434927365496,0.0680992856146277,0.275052085367463
SMEK2,6.41954773550839,0.202883360909942,0.344232182326658,0.589379411124948,0.555606784823756,0.81840089442286
PNPT1,15.4049343008894,2.36247324712953,0.274142043669404,8.61769765595862,6.83137751638081e-18,3.39710741134585e-16
VRK2,6.63476437722106,0.646952441039713,0.323217457089496,2.00160117236669,0.0453276428265202,0.210569148959857
FANCL,5.16429154765381,-0.524311548815724,0.767481300825422,-0.683158727452811,0.494506549273367,0.7861837048336
BCL11A,8.60537162117214,1.68272329333487,0.33059821217691,5.08993464379174,3.58186946200882e-07,7.59894217605694e-06
REL,39.5711953826798,-0.537769758541341,0.163596439297613,-3.28717275785591,0.00101198730303079,0.0106981514891827
PEX13,3.15038881969436,-0.346167500821168,0.455965695126632,-0.759196370518683,0.447735096899795,0.757311935327654
USP34,6.20961616039536,-0.420973935727577,0.33479407220341,-1.25741155737013,0.208604646371656,0.524075474264882
XPO1,6.01447020720536,0.080000249701158,0.338496265046117,0.236340125319429,0.813168753182445,0.939309394642452
CCT4,46.120649446147,0.326118071785407,0.138051018858004,2.36230108609951,0.0181618850586399,0.110886426120554
COMMD1,12.5724411618656,0.138746510106997,0.251790359152634,0.551039803803169,0.581606388950312,0.832818547273702
B3GNT2,10.1284656847839,2.64739043023009,0.32865228535214,8.05529292879706,7.92886922791604e-16,3.62395964122986e-14
MDH1,37.5453017226961,-0.112868168924789,0.162270043878518,-0.69555764099803,0.486705901452603,0.781123853334201
UGP2,20.2422438948449,-0.361150971971835,0.201876852104818,-1.78896672999597,0.0736201737872784,0.289451613068768
PELI1,3.23568528305423,1.13503026913035,0.519059326352379,2.18670624243789,0.0287639756163821,0.154401444241305
AFTPH,7.43865324539903,0.294734309066813,0.342321016952857,0.860988062288337,0.389244617940911,0.710168636665894
SLC1A4,0.499708033663606,0.888411660852307,1.0479471123413,0.847763833107415,0.396569508695041,NA
CEP68,1.56544018356094,-0.616220834917914,0.662363808131502,-0.930335908080854,0.352197191521559,0.676765451038039
RAB1A,9.49592752806653,-0.0679533941100352,0.264937276806615,-0.256488610923696,0.797573573550998,0.932953958071698
ACTR2,15.7821168244488,0.105685862907776,0.216361617809834,0.488468629406655,0.625217940796929,0.855154018387617
C1D,5.8021355528248,0.309994854323026,0.370042587788021,0.837727506382608,0.402183761356136,0.720038669524694
PNO1,9.45217881080367,0.282833274537513,0.284381014515896,0.99455751298652,0.319951520212912,0.646671703855226
PPP3R1,2.54686804708758,0.00909382585870538,0.561271310432248,0.0162021925754623,0.987073086271628,0.996315230639244
PLEK,5.4017041290416,-0.789724511367591,0.439785538991618,-1.79570368134056,0.0725416561001725,0.286661750997249
FBXO48,1.67691463808246,-0.34542005752483,0.713510273984028,-0.484113642255083,0.628305219948751,0.855728581770691
ARHGAP25,9.14283391927517,0.27098845083128,0.289482580433947,0.936113152042022,0.3492149321199,0.67392735736023
GFPT1,1.27441274705329,-0.149624488088437,0.817074399482041,-0.183122232422515,0.854702111778158,0.953077108565433
NFU1,7.87631352998713,-0.425081854012273,0.306824646747767,-1.38542277655329,0.165923230464736,0.462294397386285
RP11-427H3.3,0.215851877906617,0.180232283575548,3.05278752520552,0.0590385941004571,0.952921368061221,NA
AAK1,0.857790952417578,-0.755288810428706,0.891973908212044,-0.846761103071589,0.397128292913782,NA
ANXA4,2.36780072723224,-0.670333902528766,0.589913534699269,-1.13632568690002,0.255820284228844,0.579933948492522
GMCL1,2.10442635683186,-0.840406889540632,0.644276112223731,-1.3044203775303,0.192090291056707,0.502750841771996
SNRNP27,7.03149729945792,0.0960402933610247,0.351464815653706,0.273257205511154,0.784655508907875,0.928338493545934
MXD1,0.689695438390181,1.5517416814195,0.945081141959462,1.64191370722119,0.1006078887441,NA
PCBP1-AS1,1.77694195325119,-0.138167028910505,0.604621260923779,-0.228518310288006,0.819243323117037,0.940195681505649
PCBP1,58.3152062555133,-0.0250406547180641,0.133305457470872,-0.187844182775005,0.85099879936981,0.952603734356697
C2orf42,2.0610661624586,-0.672845329957393,0.562010027460432,-1.19721232198969,0.231223808307793,0.551753280066851
TIA1,7.10569695729527,1.37677211439196,0.345416765954603,3.98582885977488,6.72449691633406e-05,0.000958703505319553
PCYOX1,0.559021503973784,-0.522306172068388,1.00351235858253,-0.520478066464621,0.602730411352643,NA
SNRPG,25.5008272939081,0.404753554181385,0.173946391359763,2.32688675526621,0.0199712933207586,0.118817515326534
FAM136A,6.29768107414625,-0.145965980718116,0.318733777217035,-0.457955796190134,0.646984199365923,0.864947395773462
TEX261_ENSG00000144043,3.0950956110618,0.243093635339871,0.557829692874277,0.435784682036744,0.662992958654119,0.871056819639505
NAGK,14.5295350665268,0.899080796211616,0.223415602738307,4.02425249262799,5.71565696394324e-05,0.00083010569364185
MCEE,1.52859556497989,-0.385565762859389,0.649617229763538,-0.593527611636372,0.552828109861975,0.818146046340154
MPHOSPH10,10.3060773273928,-0.411447692772141,0.282127666551054,-1.45837413892085,0.14473744490547,0.43026683765299
ZNF638,5.6471067801857,-0.414934530955117,0.353455316723739,-1.17393772655973,0.240419969848074,0.562013739638281
PRADC1,1.67531461815737,0.553428246954374,0.800173239716997,0.691635535262474,0.489166239820048,0.78274915374707
CCT7,35.0155759521442,0.0195349538629031,0.173891489229503,0.112339907775019,0.910553900229023,0.97381871700637
TPRKB,11.9938448073097,0.0384678021475253,0.253960027436624,0.151471877428132,0.879603493414624,0.961064229109702
DUSP11,13.9916857243416,-0.0804792609277557,0.224385013185315,-0.358665936665251,0.719845013729446,0.897604133468854
STAMBP,2.50986045108916,0.305114382565448,0.596364510792389,0.511623976685069,0.608914201627857,0.845039390946641
DGUOK,27.5228711777512,-0.0102872716053489,0.177404214576112,-0.057987752038074,0.953758384568049,0.982688897476379
BOLA3,5.22143553965357,0.0367690265532678,0.405004415252763,0.0907867301405103,0.927662054318422,0.975683415108361
MOB1A,35.4334269807097,0.615516046576895,0.181896564567038,3.38387944842161,0.0007146937569085,0.0080045700773752
MTHFD2,12.7944764269927,1.28871856225993,0.256098174645297,5.03212708971798,4.85067513577228e-07,1.01180525650874e-05
DCTN1,2.51226088015053,-0.256257201486656,0.499907989266049,-0.512608733984999,0.608225042463819,0.845039390946641
WDR54,5.28076348835296,-1.17959376824705,0.450990579852153,-2.61556187855133,0.00890807785654304,0.0638245502725752
MOGS,1.64679021630582,-0.832768735978172,0.68127391523243,-1.22236991224602,0.221567771951668,0.540135484363521
PCGF1,1.77052061589529,-0.294847965124134,0.675684885590164,-0.436369040379828,0.662568997634046,0.870948973460923
AUP1,20.8624509021685,-0.281207317402381,0.188828233187304,-1.48922283842715,0.136428698694455,0.41611422526238
HTRA2,6.52999557482743,-0.751528261682423,0.371657689053223,-2.02209797837601,0.0431662308409581,0.204046609055054
DOK1,4.6097011224569,-0.180368217376937,0.382692096545208,-0.471314194897752,0.637416380350441,0.86064619521093
HK2,0.286328911961215,-0.252974668977054,1.37152982714762,-0.184447077978003,0.853662740419361,NA
POLE4,24.9864005785508,0.211652720725759,0.23153337188294,0.91413483509741,0.360646000192895,0.685024132035705
MRPL19,6.87364889080761,0.130130772004186,0.32867858934388,0.39592104938736,0.692163272088184,0.883805798579383
GCFC2,2.2558792280727,0.128352495406004,0.564964722845743,0.227186743199626,0.820278535597632,0.940195681505649
SUCLG1,13.0910944813522,0.0373537619585586,0.271872951477034,0.13739418267107,0.890719228999249,0.967280001303168
TRABD2A,0.605657836586127,-1.82517089863414,1.2678699165779,-1.43955690940318,0.149992798226627,NA
TMSB10,275.254846506308,1.23447603070492,0.0798222151845103,15.4653191201398,5.94777792171121e-54,1.05632535889591e-51
KCMF1,3.58166341977036,0.195437367719503,0.475295904592242,0.411190935649172,0.680932534290661,0.879712496033004
TGOLN2,8.14913141181524,-0.134466981419786,0.278204623158076,-0.483338414341813,0.628855468595302,0.856290381771828
ELMOD3,2.68475295771333,0.0865611110034264,0.473506746798997,0.182808611679976,0.854948191338619,0.953077108565433
CAPG,23.9749307854963,0.0472822639396685,0.202348152066328,0.233667881109039,0.815242824660524,0.939644208060827
MAT2A,4.76524726066248,0.646701975339578,0.384646784110526,1.68128787774748,0.0927070113381456,0.332743731879523
GGCX,1.66470504861081,0.0150086712542652,0.6753499898215,0.0222235455400422,0.982269635602368,0.993942382370881
VAMP8,35.1723988640965,0.0619250174745307,0.154398201437753,0.401073438018618,0.688366056305934,0.882514249088342
VAMP5,14.9475911413967,2.32610916335471,0.29737830409905,7.82205403451335,5.1968291326135e-15,2.25898530687591e-13
RNF181,16.1952391817401,0.0200549363525738,0.209606437264357,0.0956790097399555,0.923775512205374,0.975683415108361
TMEM150A,2.11449759730278,-0.111144914014818,0.560039336933115,-0.198459120074438,0.842685866029639,0.94962569674406
USP39,4.71159636021209,-0.150019800791167,0.404079403789814,-0.371263171010818,0.710441526082826,0.891321955237226
C2orf68,1.43861451182524,-0.384207745645626,0.796078694163567,-0.482625333980719,0.629361787647335,0.856604526388402
GNLY,12.1711753005566,0.152523286573841,0.85845979628521,0.177670855681129,0.858981474846627,0.953586263561639
ST3GAL5,4.0337339736208,1.98422098517875,0.478333770524386,4.14819339015828,3.35109269330177e-05,0.000520759804539095
PTCD3,4.12010817186987,0.120879223463736,0.415061465238463,0.291232103164017,0.770873811394262,0.921422364125998
IMMT,6.39237392714298,-0.175164955344,0.343005768678702,-0.510676412291128,0.6095776600953,0.845039390946641
MRPL35,3.45504540332316,-0.353089262934038,0.510687654453763,-0.691399644880209,0.489314427202806,0.78274915374707
KDM3A,1.25353005300843,-0.311703025575787,0.760220924469128,-0.410016372271591,0.681793937486972,0.879712496033004
CHMP3,8.72786417019331,0.157394365781576,0.30416829003277,0.517458166874065,0.604836364148464,0.844868053830754
CD8A,0.614533902086046,0.319614873576111,0.975448840745862,0.327659288960477,0.743169288188329,NA
CD8B,0.691420316670043,0.182846269843786,1.00039873668153,0.182773391388232,0.854975827490287,NA
LINC00152,5.05635831808706,0.284308124811752,0.455329302662876,0.624401116179101,0.532364192234267,0.808162830382025
RP11-1399P15.1,0.455621962016733,0.844444170658853,1.20258619163256,0.702190143654057,0.482560591519823,NA
KRCC1,13.6562613362873,0.283573326593527,0.227187481905133,1.24819080794222,0.211961189388743,0.528500101580597
RPIA,14.2954809291503,-0.101980569627988,0.240107721674819,-0.424728404886958,0.671034674586134,0.876206143027596
MAL,0.161209250566944,0.482760810684578,2.00179113535739,0.241164426276864,0.809427680988192,NA
MRPS5,12.7894864606016,-0.639787869951247,0.296780118833622,-2.15576391190111,0.0311021047495639,0.163296099955422
ZNF514,0.632606497922027,0.962813098519999,1.0084637469848,0.954732484334419,0.339712997971224,NA
ANKRD36C,1.32732937380445,-1.62301164325187,0.744243604580177,-2.18075322819523,0.0292016737146586,0.156480692939929
DUSP2,35.3730459495604,0.239211527454166,0.443524166260832,0.539342713771063,0.589650401099771,0.837080717101646
STARD7,5.26769201439105,-0.302257612106546,0.361078704171589,-0.83709620261324,0.402538494745529,0.720258861064538
TMEM127,1.23497249366413,0.210318797813285,0.767883770346822,0.273894052635456,0.784166042197216,0.928157113580113
CIAO1,6.17191241085228,-0.170951422020807,0.327857519821875,-0.521419859802772,0.602074319647507,0.842176954652238
SNRNP200,2.5116683324795,0.199481477614505,0.490404306434495,0.406769424732103,0.684177345109752,0.880761199649891
ARID5A,38.7307176051533,1.07941784069587,0.192929641921119,5.59487816360121,2.20776752032214e-08,5.42430154400096e-07
ANKRD39,1.81104826752543,-1.47898549668857,0.686257545253257,-2.15514642704987,0.0311503776215989,0.163401474511273
FAHD2B,0.432965705645809,-1.90796805312881,1.16861030451275,-1.63268118187982,0.102536067231385,NA
COX5B,42.4448756781122,-0.00745943855264375,0.140607288970067,-0.0530515779607395,0.957690812271887,0.984248109977934
ACTR1B,3.39760349193718,-0.760192710597609,0.450754120203021,-1.68649087501455,0.0917012911813525,0.331352017709837
ZAP70,0.703254150776027,-0.448648123277305,0.94343770362712,-0.475546102887814,0.634397780892113,NA
INPP4A,1.31658003646036,-1.81258260224677,0.794032221631979,-2.28275698752043,0.0224446868883667,0.129969262201442
COA5,6.59104694944457,0.179787893135612,0.335539253436073,0.535817765863468,0.592084502564965,0.837786767116736
UNC50,11.48742913554,0.0172299035861639,0.244137451640069,0.0705746024234164,0.943736324327288,0.980979575543856
MGAT4A,2.01982780365313,-0.240768083872326,0.602261197973957,-0.399773527968071,0.689323330107469,0.883188420886722
LIPT1,1.76063181428988,-0.263143534501304,0.578151713455474,-0.455146163847821,0.649004088496531,0.864967713142032
MITD1,14.7561915067486,0.0528057792476561,0.211569832764365,0.249590305752466,0.802904196257661,0.934725015988602
TXNDC9,10.0093611275257,0.167461794755568,0.272921443684459,0.613589729318524,0.539486472200368,0.811556488592928
EIF5B,24.5899007105025,0.046325768491695,0.172442810629469,0.268644243982058,0.788203461643889,0.929852751209874
REV1,2.72770392246651,-0.631649537420784,0.481135543175904,-1.31283075295448,0.189239984861371,0.496964827164463
PDCL3,17.4658974382101,-0.674467769013082,0.206272412526849,-3.26979144108905,0.00107626804451881,0.0113391223130999
RPL31,439.799936840119,-0.0119154540740759,0.0630348227452736,-0.189029706995874,0.850069533686888,0.952077877729314
CNOT11,2.08972250062519,-0.976867271232407,0.643125104952527,-1.51893817191993,0.128778059543618,0.402860804289447
RNF149,13.1886288935047,0.45387327198956,0.222630571837016,2.03868349366605,0.0414816261922304,0.199265678833775
MAP4K4,2.55418175182893,-0.456678889824556,0.512758036857542,-0.890632339228325,0.373126444035699,0.696084626688446
IL1R2,0,NA,NA,NA,NA,NA
IL18R1,0.457766244945746,1.05790233440105,1.05763717874638,1.00025070568622,0.317189196198513,NA
IL18RAP,0.181916621123265,0.879199609258907,2.05243830325258,0.428368349911228,0.668382963790576,NA
MRPS9,6.40708127239507,0.0884289677114528,0.323628542532526,0.273242177650525,0.784667060020968,0.928338493545934
RP11-332H14.2,1.67916910122475,0.0366279042401479,0.669427193114941,0.0547152918448278,0.956365286482324,0.983770659502165
C2orf49,4.25196868979218,0.590771943929229,0.436157612952344,1.35449187721453,0.175579503118525,0.478462666439627
NCK2,1.23940430201446,-0.231544986801138,0.71664992064689,-0.323093577673367,0.746624373931843,0.910949570491831
UXS1,5.36026296104036,-1.03318934547125,0.361919793361335,-2.85474672682444,0.00430711620844028,0.0358440606666982
GCC2,21.4159314995512,-0.102125299810843,0.175794795548901,-0.580934717048745,0.561284453037832,0.820156126018609
LIMS1,5.23329451836283,-0.477688294341101,0.37995188906779,-1.25723363427172,0.208669047426895,0.524075474264882
RANBP2,2.16971780262579,-0.373041829345162,0.563090748971359,-0.662489714183062,0.507657424640837,0.793653930918014
LINC00116,5.43535748554682,0.241549644348523,0.343656935656385,0.702880167068831,0.482130431900937,0.778623737255449
BCL2L11,2.93025117560869,0.242240107345479,0.648515071119569,0.37353042069984,0.708753708569219,0.890434321187655
MIR4435-1HG,0.538717592147589,-0.118034676641738,1.16608484203485,-0.101223060610036,0.919373391015064,NA
FBLN7,0.203067929071454,-1.10559230159411,1.6031570071901,-0.689634450422244,0.490424097056171,NA
ZC3H8,6.12462163293324,0.0073627249358195,0.365644563352549,0.0201362899213148,0.983934650837249,0.995141195835396
ZC3H6,2.18988879242435,0.241626035406957,0.525048132332546,0.460197876209033,0.645374195265009,0.864947395773462
CHCHD5,6.45924245476158,0.476935506210384,0.34325060916276,1.38946732643447,0.164690689752206,0.460714443141393
SLC20A1,3.15489549418546,-0.994725561454768,0.502904218398151,-1.97796225417071,0.0479329649968847,0.218920874666154
IL1B,0.320781015923577,-1.65536645629453,1.29665135665201,-1.27664730214661,0.201726794003402,NA
IL1RN,1.71882091793355,4.37490625665568,0.841505509379034,5.19890387869714,2.00467150901673e-07,4.45037075001714e-06
CBWD2,8.83253161643435,1.59734728806371,0.380008000326385,4.2034569974626,2.62869110548136e-05,0.000414719388621121
SLC35F5,1.58599168808222,1.00500395667573,0.736343334615322,1.36485781758419,0.172297742444882,0.473536818382144
ACTR3,48.6623091862178,0.617548806902387,0.14984359092484,4.12128942646698,3.76757744980343e-05,0.00057968468881134
DDX18,21.7756644893176,-0.414521436146512,0.184421251781889,-2.2476880085206,0.0245960911815562,0.139116745026891
CCDC93,1.57641354681339,-0.238915094033032,0.62842432624725,-0.380181167491967,0.703810937746506,0.888843719835896
INSIG2,7.4946165073174,-0.0178421069965618,0.315909455239375,-0.0564785469401105,0.954960585303153,0.983438535163088
MARCO,0,NA,NA,NA,NA,NA
C2orf76,0.824202160277495,-0.62561114563628,0.82084178770871,-0.762158012669659,0.445965702229892,NA
DBI,38.432485956228,-0.432913312199918,0.1434401771326,-3.01807569436925,0.00254385355975535,0.023016875876913
TMEM177,1.34680780535245,-0.648803650096707,0.795794021278647,-0.815290933015855,0.414905797540595,0.732269857328886
PTPN4,1.88307535335014,-1.62332534202631,0.698006645814813,-2.32565886264784,0.0200367567067738,0.118843969169185
TMEM185B,2.16371767713823,-0.00333535540607908,0.569296340969299,-0.00585873325727022,0.9953254339304,0.999321684671416
RALB,2.23125844168562,2.18997445798167,0.658020895522058,3.32812297129895,0.000874332633395624,0.00945191591162991
NIFK-AS1,2.0242419064307,-0.0670332163551416,0.610052680618483,-0.109881029105851,0.912503728009418,0.973845684304709
NIFK,15.9010466685875,-0.196389455741353,0.230004097990262,-0.853851985496659,0.393187006185536,0.713589689872694
TSN,11.8663721939209,-0.229154808112428,0.246970568050789,-0.927862821554114,0.353478731898833,0.678125093750292
GYPC,9.53362424081524,0.333886718501061,0.297183836950757,1.12350228036252,0.261224232646021,0.585345640265224
BIN1,4.11604117678596,-1.15325209836247,0.414147261887946,-2.78464257642371,0.00535867562973154,0.0424866424928715
MAP3K2,1.82606453310066,-0.656264370052808,0.645333106955492,-1.01693894669202,0.309182474302278,0.637520154753935
IWS1,4.47199174296208,0.34324972856937,0.412722603385176,0.831671746965188,0.405594252255148,0.723851240889463
WDR33,10.0027929283186,0.148214763614787,0.263027579175454,0.563495144043127,0.573097765796913,0.826860931948977
POLR2D,3.36518834035201,0.325414904078874,0.455437978285916,0.714509811640225,0.474911991251244,0.773193540497048
MZT2B,17.5361176745889,-0.0931727418634288,0.225450619016216,-0.413273391175418,0.679406322734069,0.879647927955628
CCDC115,11.841927380982,-0.589913034946776,0.29349004543273,-2.00999333410778,0.0444318943713265,0.207660643167042
IMP4,19.3552292869558,0.493095229825891,0.198854104382079,2.47968344107425,0.0131499069775068,0.0855019056194375
PTPN18,1.57195181316984,-0.572259274218964,0.713323349411929,-0.802243855736308,0.422411912305277,0.738181739356086
FAM168B,1.36334298159729,0.554034736714294,0.706385651573948,0.784323316137311,0.432850421572152,0.747664486060718
PLEKHB2,11.882754475872,0.854671783034799,0.251172919059256,3.40272265909832,0.000667179675081127,0.00760393067337393
MZT2A,12.7066958223922,0.0550310249741123,0.285270227588982,0.19290840631782,0.847030701403859,0.951253966071503
CCNT2,3.51782419441686,-0.0503096608679892,0.538796577781834,-0.093374128460705,0.925606343203687,0.975683415108361
RAB3GAP1,3.53661409790278,0.961554770392662,0.466432894531574,2.06150719999782,0.0392546772865673,0.191288359381836
R3HDM1,1.48754788967114,-0.13488076747776,0.61989763724761,-0.21758554860225,0.82775204527681,0.943054749530911
UBXN4,29.3010997763899,0.123990454467266,0.188879790569912,0.656451672744587,0.511533552517365,0.7965161729579
MCM6,2.69660598255321,-1.11069255289065,0.585647392026645,-1.89652095785328,0.0578911913800927,0.248860059210689
DARS,13.2931142041393,-0.41086708773614,0.241043240492396,-1.70453685777221,0.0882808363013645,0.324706318609043
CXCR4,441.899984727268,-0.216683976429384,0.089990799330021,-2.40784589138657,0.016046953180469,0.10041299760791
HNMT,0,NA,NA,NA,NA,NA
SPOPL,1.13546508684791,0.523023487890787,0.841107172863549,0.621827401744957,0.534055366212136,0.808162830382025
KYNU,8.79300188956677,0.43314722114082,0.354849677075877,1.22064989521803,0.222218606171612,0.540630472001071
ARHGAP15,5.16797571457237,0.729214839945184,0.407587032110405,1.78910216100216,0.0735983642174434,0.289451613068768
GTDC1,0.568581576572103,1.19043415067901,1.05802848363942,1.125143764168,0.260528118660649,NA
ZEB2,2.95231278294242,0.922771949203779,0.471674738114953,1.95637348078389,0.0504211737981826,0.225642920323616
ZEB2-AS1,0.202016498513182,-0.0446368720926739,1.62427930602103,-0.0274810323121212,0.97807606815626,NA
ORC4,3.16659973367669,0.159453076093068,0.485573673506469,0.328380809737091,0.742623750863641,0.910812869020314
EPC2,1.01571687109207,-0.155625864881332,0.83492064350502,-0.186395995945208,0.852134232182319,0.953077108565433
MMADHC,16.7614532795761,0.512146218932006,0.263388326428812,1.94445299029009,0.0518408490712701,0.229845019848085
RBM43,1.70447776319525,2.22563120169528,0.74652999196124,2.98130179049905,0.00287025782984368,0.0254515302001545
NMI,51.530374921006,2.30559710843819,0.168747016154726,13.6630392701235,1.68789179830496e-42,2.28085552570949e-40
TNFAIP6,0.240431020842851,1.74027138926558,1.69883938453159,1.02438841782881,0.305651850360828,NA
RIF1,6.13346219011858,0.920971048497706,0.335073720312331,2.74856245855164,0.0059857229534768,0.0467427812547887
ARL5A,24.9328776334654,-0.197687988206153,0.171540778875803,-1.15242561857132,0.249146218681035,0.572317983795187
STAM2,0.555341880682931,0.0929882089525353,0.935972972579972,0.0993492458400984,0.920860979263134,NA
PRPF40A,19.3338540761262,0.0320530907989359,0.210929977634291,0.151960812580701,0.879217843661856,0.961064229109702
ARL6IP6,11.1693315726529,0.929918562144918,0.288845628202772,3.21943097401532,0.0012844528011833,0.0130673627040187
NR4A2,9.61230792378134,-0.18731015641015,0.294092473015437,-0.636909045952762,0.52418409014609,0.803335380756434
CYTIP,94.4963706695154,-0.0393128778289641,0.116200479180447,-0.338319412331471,0.735122496406568,0.908092495561055
BAZ2B,1.23095584150423,0.235762952170954,0.754239369573197,0.312583725647159,0.754596944020277,0.913861754088822
MARCH7,7.64237198954238,-0.145362001967232,0.292792429111494,-0.496467761848715,0.619564427032491,0.852090554460604
RBMS1,4.7451293174662,0.0386156757807749,0.394892312029553,0.0977878641959607,0.922100744163733,0.975351695087598
TANK,21.8070242701507,1.2672513810022,0.196749572540717,6.4409358792378,1.18739032359291e-10,3.63587105982933e-09
PSMD14,12.2941675761529,-0.308767030761494,0.246542984237684,-1.25238619835891,0.210429172963658,0.526184425122022
DPP4,0.204166014564582,-1.01367792196722,1.80464265871706,-0.561705619154459,0.574316605228942,NA
IFIH1,21.1304948402764,2.9745988648629,0.249836093923859,11.9062014545002,1.09869342698761e-32,1.03476944578106e-30
GCA,8.81228925700907,-0.0816574434552733,0.274313171473487,-0.297679630243952,0.765947691711479,0.920025285348513
GALNT3,1.44163664554879,1.05646435369454,0.679945835233977,1.55374781188417,0.120244583500243,0.38711974914105
CERS6,1.38406152491233,1.21656489294161,0.714607748902605,1.70242331518212,0.0886760424681955,0.325197805299294
DHRS9,0.177384195521908,-0.0481883102577375,2.15960510211091,-0.0223134823170383,0.982197894226582,NA
PPIG,22.9903019341024,0.0836901008743441,0.185707742466073,0.450654882575148,0.652238304530408,0.866799041096623
SSB,33.6817976426018,0.427755175932137,0.171732603135059,2.49082100965843,0.0127448307279745,0.0832162476944216
METTL5,13.2146216355258,0.0701969505021609,0.21702469277941,0.323451445101277,0.746353373967587,0.910949570491831
GORASP2,9.87330306348049,-0.30505891143431,0.272635035140321,-1.11892776831599,0.26317095544469,0.586839417548376
TLK1,5.61805341562241,0.0578536842249648,0.374490907963003,0.154486218476312,0.87722637683617,0.960304864324268
DYNC1I2,4.68367187769665,-0.469534494869668,0.409330541870916,-1.14707906408249,0.251348945685536,0.575252226208134
HAT1,9.90577373680745,0.165625560995303,0.266419593760342,0.621671847245185,0.534157667115149,0.808162830382025
MLTK,0.954884250909791,-1.41503836490717,0.931074737744117,-1.51979031064213,0.128563685111017,NA
SP3,4.22594490272977,-0.19948431455647,0.390622209660489,-0.510683493214204,0.609572701036734,0.845039390946641
OLA1,7.91863611888697,-0.179434088727427,0.291247266391739,-0.616088490547689,0.53783611785318,0.81047013541221
CIR1,15.68926626763,0.514700081886026,0.228113340419723,2.25633485941239,0.0240496678231125,0.136656317726679
GPR155,4.79980901133686,0.527863724338192,0.42896625632146,1.23054836262603,0.218491828286355,0.53766635179255
WIPF1,20.3510856093618,0.848480844845723,0.228199805018314,3.71814885984512,0.000200688004982144,0.00262626660835581
CHN1,0.168907540984825,0.166811673768314,1.67968059020628,0.0993115445525439,0.920890912504975,NA
ATF2,2.15655213349911,-0.154549254803935,0.596690752964482,-0.259010641670082,0.795627029743201,0.932033348097491
ATP5G3,28.0902091716944,-0.348823131135345,0.168846582973706,-2.06591762173633,0.0388362586611929,0.19008360932124
MTX2,4.96749987931924,0.659374031171009,0.372972442010638,1.76788941192658,0.0770793932270103,0.297059450708748
HNRNPA3,54.2131902210856,-0.352581871971385,0.129554371700541,-2.72149729371049,0.00649869172184703,0.0501189426091825
NFE2L2,26.90402839382,0.470783944255017,0.174774609079179,2.69366326570775,0.00706715237142679,0.0532477807767138
AGPS,2.05005773892168,-0.48865485815749,0.630296632373627,-0.77527759638707,0.43817564476808,0.750860792214219
RBM45,1.38579256939085,-0.124123926704941,0.766678713829268,-0.161898229944313,0.871385996730533,0.957323321964827
PRKRA,9.68136582746388,0.0242361564562128,0.267356540729504,0.0906510698787564,0.92776985105361,0.975683415108361
PLEKHA3,4.23492873592339,-0.0706374884287697,0.401933523255519,-0.175744207292368,0.860494903379885,0.953956896630884
SESTD1,2.344170265231,0.406938321742412,0.540655704405536,0.752675535329549,0.451644914681752,0.759995882420619
CWC22,4.05433150778062,0.764828562296106,0.391961267006236,1.95128607512114,0.0510230245967762,0.228007994891129
UBE2E3,8.8336617520597,-0.0498886116382236,0.30412285216508,-0.164040983053597,0.869698880976243,0.9563393125385
ITGA4,9.22291371253625,1.54963313177848,0.323940557564707,4.78369594541721,1.72100958615603e-06,3.30178876158824e-05
SSFA2,0.729812198360366,-0.671211409568105,0.880421628096193,-0.762374966888898,0.445836242494931,NA
DNAJC10,5.96014523000933,0.0775851740137881,0.330441744242723,0.234792290518836,0.814369951774996,0.939518118083403
NUP35,4.04112174148295,0.733279399630711,0.479471889860384,1.52934804967239,0.126178183809816,0.398943840570607
ZC3H15,22.9188928298924,0.108155562525429,0.175433942151922,0.61650306205722,0.537562551587377,0.810254321209295
CALCRL,0.249116998329709,-0.19431094807026,1.70038140964557,-0.114274919125799,0.909019863875965,NA
TFPI,0.0166851804699018,-0.233443170298403,3.0558605060609,-0.0763919589377195,0.939107266751526,NA
SLC40A1,0.187001469813835,-0.994860893048073,1.62376256812733,-0.61268864831355,0.540082229848079,NA
ASNSD1,8.44659722568772,0.151220229634583,0.294172287100979,0.514053281921402,0.607214739098663,0.845039390946641
ORMDL1,19.477939258538,0.496996401006823,0.208397459672651,2.38484865308579,0.0170861489956946,0.105606033170354
C2orf88,0.228154585229637,0.858612454968477,1.54510485434838,0.555698503277684,0.578416979940093,NA
HIBCH,4.67470648502301,0.606992626239381,0.379761403555153,1.59835259865008,0.109964527572939,0.368683658788237
INPP1,9.76402794605485,3.96798151497294,0.503548001639832,7.88004619629308,3.27260063738951e-15,1.44272947248321e-13
TMEM194B,0.911142083160486,0.042928666197137,0.905093281922763,0.0474301014652768,0.962170438510192,NA
NAB1,0.523938008983168,-0.977239926444354,1.04765132061378,-0.932791194184555,0.350927788684443,NA
GLS,4.39801928187518,1.58475291361236,0.453809947926051,3.49210703920178,0.000479226161926068,0.00566325061317954
STAT1,29.0389236982608,2.89933245698629,0.232527006476428,12.4687987899599,1.10478866390084e-35,1.20480111136975e-33
STAT4,4.83394340399588,0.132623126956517,0.393131535630074,0.337350517413876,0.735852681856437,0.908813882459688
NABP1,3.22715851945827,0.438907448354335,0.471785463816407,0.930311512363878,0.352209818871952,0.676765451038039
SDPR,1.603426729486,-0.49521505357867,0.659278079254111,-0.75114745835163,0.452563916868836,0.760192362665951
SLC39A10,1.42900385275098,-0.936071982874969,0.806642162951388,-1.16045506405221,0.245863578959965,0.56877112274475
STK17B,3.35691546618033,0.12196350432383,0.428121900313278,0.284880320849234,0.775735833235773,0.923728809235911
RP11-347P5.1,3.95568780164126,-0.378356928662075,0.396795451034255,-0.95353141694513,0.340320885989077,0.665992196910221
GTF3C3,1.41359076382315,0.168927552252443,0.675649279625233,0.250022544753016,0.802569914008901,0.934725015988602
PGAP1,4.41337591985982,1.33775886702456,0.443436761465891,3.01679739542175,0.00255460492852371,0.023080558482127
ANKRD44,4.0247459664413,-0.907173585959838,0.411364618613391,-2.20527858963101,0.0274345513043979,0.149985198687895
AC013264.2,0.241248712291007,-1.79199886373038,1.47447456034338,-1.21534742743412,0.224233610162731,NA
SF3B1,19.5203274786112,-0.271488578919869,0.191420832599304,-1.41828125618996,0.156108666809814,0.446848874700369
COQ10B,7.84264728000192,0.445709536813086,0.295208328722323,1.50981355689434,0.131091004797974,0.406021223575117
HSPD1,63.0285654231589,-0.104168082414277,0.151804772816486,-0.686197676671229,0.492588462673476,0.785053927646688
HSPE1,55.3230486581989,0.540236472684646,0.15005822134523,3.60017910276144,0.000317998064312708,0.00392197612652339
MOB4,10.114141993704,0.0312706406107767,0.282112417586034,0.110844608962455,0.911739570448527,0.973845684304709
C2orf69,2.39170930349451,-0.00272133410974363,0.561761963350195,-0.00484428332155908,0.996134836246931,0.999321684671416
TYW5,1.56519856219968,0.289003556292274,0.623830667160604,0.463272441554833,0.643169096720494,0.863983408394389
C2orf47,4.03782183394992,0.257365828358552,0.409929002221456,0.627830251004088,0.5301151467059,0.807765711025472
SPATS2L,5.96321116356513,4.701226114033,0.676348537073686,6.95089270743971,3.62981864756635e-12,1.26050015157946e-10
BZW1,16.2185118687045,0.0447149235005694,0.212635480582006,0.210289098405308,0.833442043278414,0.946987117233853
CLK1,9.93594799449676,-0.220758940391666,0.299487976544561,-0.737121212473178,0.461048640398747,0.765950298176077
PPIL3,3.34007908369528,-0.711070938790926,0.486658924022946,-1.46112791462425,0.143980340846251,0.429247865084074
NIF3L1,3.74544987871313,0.21238415426989,0.49684089944954,0.427469144559544,0.669037654433668,0.875339520092545
FAM126B,1.65534762959964,-0.317438332292209,0.694781136605916,-0.456889681609565,0.647750340893318,0.864947395773462
NDUFB3,18.5482419108608,0.155589494690297,0.209412877779514,0.742979592946113,0.45749403557343,0.764098432121468
CFLAR,28.9216763399855,1.33622119368059,0.194326769237143,6.87615606911038,6.14891343942448e-12,2.07726336627514e-10
CASP10,2.60464058850514,1.91782631447739,0.567942733616514,3.37679523121135,0.000733356232320645,0.00815481635081418
CASP8,4.27601515394582,0.31502926505589,0.370446675114988,0.850403813067304,0.395100616918175,0.715185042155904
TRAK2,1.17268051796331,-0.263054560332866,0.748217953670883,-0.351574777165232,0.725157183916135,0.901335144015736
STRADB,3.45791306203021,0.2265526253295,0.459648200404624,0.492882654887081,0.622095503697391,0.85363038653046
SUMO1,43.8517606084822,-0.0242416789992578,0.14319594161047,-0.169290265678069,0.865568332338327,0.956127988918996
NOP58,24.8966721415118,0.0731768511076415,0.184904634257283,0.395754554241298,0.692286105740511,0.883805798579383
BMPR2,1.75838686819036,-0.0593012837980112,0.699815797147352,-0.0847384183662903,0.932469352355558,0.977236453141736
NBEAL1,26.3011544097074,-0.285688399760139,0.181194717124296,-1.57669276618126,0.114866235675862,0.378784361252602
CYP20A1,6.60480272241486,0.0650443440194997,0.322976303077416,0.201390453106737,0.84039327960595,0.949358988812801
ABI2,1.56919768197101,-0.381142137179672,0.627019184124865,-0.607863597844513,0.543277944560687,0.814131076034048
CD28,0.313180053802667,-0.408614443553304,1.37599661001177,-0.296958902791053,0.766497885361773,NA
CTLA4,0.243695405106938,1.73238222323113,1.51650152353202,1.14235442322294,0.253306727830646,NA
ICOS,0.561102220753217,0.595669812051368,1.14905175575969,0.518401202613842,0.604178375800394,NA
NRP2,1.33182516795823,-1.82972043040917,0.745891152880706,-2.45306627293085,0.0141644239853179,0.0905823657332672
INO80D,2.73817023028205,0.81157356551941,0.64252563551527,1.26309912112467,0.206553559828131,0.520804356092983
NDUFS1,2.35955905859432,-0.113307484148557,0.514275443179151,-0.220324508298728,0.825618434226607,0.941533164784864
EEF1B2,208.376940910019,-0.27255793390723,0.101347783801727,-2.68933294526156,0.00715949716467556,0.0538131008169568
FASTKD2,2.29250853515344,0.0302896219639642,0.550813384689167,0.0549907151966852,0.956145860801022,0.983770659502165
CREB1,6.84364259222195,-0.23139107530634,0.32890702313825,-0.703515154825623,0.481734765718644,0.778623737255449
METTL21A,15.202950860585,-0.21648675121362,0.226590592193281,-0.95540926531035,0.339370770321955,0.665992196910221
AC079767.4,3.94379051550326,0.74689514259053,0.495625455083547,1.50697494434507,0.131817079671182,0.406671699950759
CCNYL1,0.303587677277678,0.784876700479435,1.34175395326125,0.584963210707689,0.558572454101444,NA
BARD1,3.35954508097785,1.19692629161163,0.496835157426046,2.40910143680764,0.0159918525243995,0.100207011382729
ATIC,8.8477880024641,0.101174392076128,0.297711492386033,0.339840398048652,0.733976723320152,0.907197174223863
XRCC5,28.731974926106,-0.00969968324586004,0.161779321865045,-0.0599562609982468,0.952190470650578,0.98210030668632
RPL37A,145.196876798566,-0.0933639599810999,0.0873123213993869,-1.06931024722194,0.284929894716088,0.61201496602073
TNS1,0.0166851804699018,-0.233443170298403,3.0558605060609,-0.0763919589377195,0.939107266751526,NA
ARPC2,141.477531915114,0.017429698962132,0.0875833328651697,0.199007030127115,0.842257245340293,0.94949602575558
GPBAR1,0,NA,NA,NA,NA,NA
AAMP,11.1056370335838,-0.485826413857479,0.247972340883422,-1.95919598180459,0.0500898395370051,0.224807539755974
PNKD,5.35039459100357,-0.327864396328548,0.35020052914043,-0.93621902038039,0.349160432081404,0.67392735736023
TMBIM1,4.02276772004748,-0.595146466091984,0.458478321365016,-1.29809074575232,0.194256153955951,0.50671265337398
SLC11A1,0.179210989246025,-1.42796379899011,1.84258208522982,-0.774979747408106,0.438351626992607,NA
CTDSP1,3.20127117905068,-0.669715103270421,0.488169772306314,-1.37188974259183,0.17009776405014,0.469506084074453
RQCD1,1.94301961152564,-0.551799271526179,0.728146966494237,-0.757813047251838,0.448562910463435,0.757496945232992
BCS1L,2.17831925486494,-0.906876949074658,0.634870417036813,-1.4284441749663,0.153164051939217,0.442822207839149
RNF25,1.63087554473763,-0.615918078605884,0.671681837728536,-0.916978908777359,0.359153692336262,0.684187912534774
CYP27A1,0.131245350995872,-1.20929149595662,2.31441794891909,-0.522503507424575,0.601319805016868,NA
WNT10A,2.11433723002206,-1.8592615637345,0.627414276353207,-2.96337146572645,0.00304289114165492,0.0267912341877153
CNPPD1,9.61652560885731,-0.184406965503646,0.257007730216719,-0.717515248853204,0.473056230826045,0.771992000738959
FAM134A,3.36977268660563,-0.668518233126236,0.441509481011478,-1.51416506751948,0.129983979089594,0.405002713794945
ZFAND2B,3.32030132887903,-0.125943615936998,0.458453745116825,-0.274713899228601,0.783536051831298,0.927825239195989
ANKZF1,2.04883315579904,-1.16568475720974,0.574481145086536,-2.0291088178954,0.0424472079659541,0.201259988342007
STK16,3.60750592294655,-0.495105909112378,0.415280660825834,-1.19221999918754,0.233174993603418,0.553613949313564
TUBA4A,8.49900518703354,-1.27563505054218,0.297965553489296,-4.28114940000273,1.85930475146965e-05,0.000304143114082509
DNAJB2,6.33580389992189,-0.518355008067714,0.32520915238997,-1.59391273049455,0.110955582677052,0.370732935727807
DNPEP,17.2812995189813,1.11950384674188,0.229603129997624,4.87582136512453,1.08356633324788e-06,2.16573901204785e-05
GMPPA,2.64922664880514,0.349395654941304,0.530345897521755,0.658807123000272,0.510019632682695,0.794964458004433
FARSB,3.93020948378902,0.182263379263547,0.450282733626039,0.40477541254095,0.685642603593815,0.881043397732576
ACSL3,7.11378303832603,1.17064428009009,0.336827201369033,3.47550398344318,0.000509894419927683,0.00594653604928795
WDFY1,3.76383894529641,1.90430449519779,0.49576513803618,3.84114240614235,0.000122463039734198,0.00167448402565271
MRPL44,14.5164125192568,1.44805427345519,0.258090733312958,5.61064031578109,2.01579349909074e-08,5.01206895613921e-07
SERPINE2,2.110074439836,-1.37761394965395,0.67883495122443,-2.02937981783218,0.0424196191355943,0.201259988342007
CUL3,2.23718550475824,-0.824480004807608,0.54187322496421,-1.52153671158427,0.128125205899801,0.402032448194428
DOCK10,2.84025933077331,0.473800389027125,0.551062512849238,0.859794266493226,0.389902460353112,0.710284722505106
MFF,10.2932019758393,-0.725732920015116,0.331325499498873,-2.19039259312302,0.0284957767377929,0.153695092409542
AGFG1,1.98250558146627,0.438095128602037,0.653588893527951,0.670291574627717,0.502671937022537,0.79063986855569
CCL20,0.117766964448773,-0.380697242739082,2.03042039517857,-0.187496758623526,0.851271164869129,NA
PID1,0.217001918370426,-0.884037740625142,3.04833469351046,-0.290006783870273,0.771811047748901,NA
TRIP12,2.32310915046807,0.204424034318591,0.647335482684437,0.315793031259255,0.752159607908315,0.913332001761903
SP110,50.705775165986,2.3215940484465,0.14489796679403,16.0222679435289,8.93317021418783e-58,1.91477882935833e-55
SP140,23.1050506610461,1.60456198525953,0.249004329454459,6.44391199452213,1.16432615457213e-10,3.58289672119821e-09
SP140L,8.07058428052154,1.05616619472578,0.308298394145308,3.42579207281885,0.000613009460641656,0.0070564200136084
SP100,61.1221620842562,1.17420298631825,0.130276728753011,9.01314453899436,2.00231117599531e-19,1.10144834247671e-17
CAB39,2.11616634519517,-0.34018975983049,0.639107705042041,-0.532288622319319,0.594526111175772,0.838934318389553
ITM2C,6.96082993429887,-0.479172313893096,0.409630941605925,-1.16976591664326,0.242095183225199,0.563629820727114
PSMD1,5.60501461693633,-0.612894047627494,0.36857955734179,-1.66285415297503,0.0963416335959124,0.342010048219413
NCL,36.4721752921321,0.03655909165492,0.177472962466494,0.205998092029496,0.836792401684972,0.947277648674883
PTMA,861.617070127038,-0.13548470700826,0.0631294512403908,-2.14614105375869,0.0318617267576752,0.165595730372666
PDE6D,4.61058237658723,-0.33287127009577,0.396530313444389,-0.839459831467469,0.401211321037774,0.719748794104127
COPS7B,3.05291405964627,-0.0533959164165487,0.490178742911583,-0.108931521794245,0.913256804628497,0.974224180121973
DIS3L2,1.09746142067961,0.00071169929071226,0.806871017822789,0.000882048400539488,0.999296227290586,0.999778745990388
EIF4E2,10.6760195070787,0.3236521513505,0.250827670712423,1.29033670978658,0.196933776336584,0.510096439119552
GIGYF2,2.70505254068351,-0.0202792989398104,0.515903437324728,-0.0393083229779798,0.968644570969518,0.98877738329148
INPP5D,1.74543008864985,0.233576811136981,0.618371096746519,0.377729186189192,0.705631783899989,0.889068343411422
DGKD,1.49891100668357,-0.909569502155182,0.670947579406821,-1.35564912978645,0.175210832113281,0.47768005807726
ARL4C,2.91538857887489,-0.140088793971248,0.540965290657986,-0.258960780646122,0.795665501002953,0.932033348097491
COPS8,11.1504585739133,0.137973928243928,0.254506944233565,0.542122450369396,0.587734153820673,0.836774049507399
LRRFIP1,29.957066159104,0.211011340525327,0.1849720694136,1.14077407034628,0.253963953638554,0.578256386746245
RAMP1,2.09421767314435,-0.279621975991342,1.18530376801541,-0.235907438697778,0.813504495901055,0.939309394642452
UBE2F,13.6476461934536,1.5620660667857,0.301144473913199,5.18709855933118,2.13595702662717e-07,4.70819463741648e-06
ILKAP,8.10051797360758,-0.685367350431216,0.307057000700101,-2.2320525142516,0.0256114923498119,0.142653258464544
ASB1,2.41708721295547,-0.248767749955033,0.551119343889997,-0.451386351636909,0.651711118356994,0.86671722544011
NDUFA10,12.1930842504389,-0.0970818164532748,0.239610672841923,-0.405164825513936,0.68535635843247,0.88092951282387
MYEOV2,18.5560258010476,0.0262246559147063,0.195268191681316,0.134300705552217,0.893164795347505,0.968075391086328
RNPEPL1,2.78738612865178,-0.593437291497056,0.480455365780148,-1.23515592449145,0.216772479268991,0.53598159551951
GPR35,0.261984601496277,0.404803168826389,1.658728021229,0.244044330140669,0.807196487156132,NA
MTERFD2,6.4418347876533,-0.781227788552665,0.342333086126674,-2.28206918995725,0.0224852556572622,0.130017068991202
PASK,3.60723925675105,-0.433943796406641,0.4572881518525,-0.948950447652558,0.342645815033839,0.667277961959181
PPP1R7,16.6447269951497,-0.776892424074629,0.220156551010839,-3.52881810923891,0.000417419926382411,0.00498977358152513
HDLBP,2.53965245731678,-0.0506081416307484,0.521102631814291,-0.0971174170710848,0.922633149420712,0.975497325077729
SEPT2,10.1634640860116,0.197453976807688,0.283074045730582,0.697534725580657,0.485468215340991,0.780768545034826
STK25,5.07829663314135,-0.331748970946459,0.37945936876501,-0.874267440085011,0.381972626616726,0.702260232786031
THAP4,2.6494350615311,0.0748484067082285,0.535290861347204,0.13982754444911,0.888796249763604,0.966542597713535
ATG4B,3.19604153644622,-0.234986563239272,0.499735531153874,-0.470221844535839,0.638196528856192,0.860915295357096
DTYMK,7.32840209660512,-0.426386112678508,0.332654338384168,-1.28176928264225,0.199923592685577,0.513735036020481
ING5,1.74726179705437,0.229517116797482,0.623119061843413,0.368335894136326,0.712622791311341,0.892177899454441
NEU4,0.0224953582478284,0.35274060894598,3.05510878660049,0.115459263019725,0.9080811078806,NA
TRNT1,6.05961517078036,0.562194243396658,0.371953674021573,1.51146307366237,0.130670509881944,0.406021223575117
CRBN,11.1835930727768,-0.107575498643202,0.264135717784181,-0.407273577180878,0.683807067105088,0.880759371969587
BHLHE40,4.14919733478286,-0.262069740915817,0.513095989468255,-0.510761624130821,0.609517983967143,0.845039390946641
ARL8B,3.26486292353603,-0.159048878597938,0.445137803633504,-0.357302564059214,0.720865310672361,0.898335760052004
EDEM1,3.22268465727954,0.852591381539191,0.525781436971956,1.62156995585347,0.104895459953944,0.358984558106118
RAD18,0.638044670335452,-0.638885012662378,1.04651559122681,-0.6104878111882,0.541538715198285,NA
SETD5-AS1,18.2857777127641,0.138555528534034,0.193443846358721,0.716257100663195,0.473832610716492,0.772316508828894
THUMPD3,2.42373489381305,-0.381008123365245,0.557504321962945,-0.683417344683059,0.494343163114983,0.7861837048336
SETD5,2.43851558229086,-0.455329675417492,0.566069324140026,-0.804370871198911,0.421182818657223,0.737077726652001
MTMR14,7.64084496599765,-0.537030520939155,0.300531367964788,-1.78693666679771,0.0739477253841517,0.289822863170168
CAMK1,0.0323575550748445,-0.379320188502241,3.05517703609203,-0.124156532999947,0.901191337516134,NA
TADA3,8.27214446001955,-0.764550834525057,0.319182949294768,-2.39533733306972,0.0166050804104718,0.103320500331825
ARPC4,12.1097627059447,-0.442540709414543,0.267820393000567,-1.65237868728542,0.0984573774657964,0.345964419631085
RPUSD3,4.65813197565587,-0.150881524678396,0.369560435539057,-0.408272937708587,0.683073305123647,0.880716029778897
JAGN1,16.3965010035947,-0.53338026286524,0.238055111029456,-2.24057471632794,0.0250536359906515,0.140885955503178
CRELD1,2.05061028190375,-0.611936459966926,0.643759660030434,-0.950566644604598,0.341824407727358,0.666971835254427
EMC3,14.0450967413989,-0.207963317667466,0.240598315803889,-0.864358991760258,0.387390712926285,0.708241373985231
BRK1,58.966618924127,-0.738482292510198,0.125786452921986,-5.8709207180539,4.33381497401791e-09,1.13565147534963e-07
VHL,3.9846493629454,-0.130035131398059,0.402571476826166,-0.323011288388446,0.74668669304143,0.910949570491831
IRAK2,1.83392170724991,-2.4805950118195,0.753614111332106,-3.2915984115992,0.000996197550050163,0.0105573395771731
SEC13,7.90696774264703,-0.337632571367228,0.30910186273136,-1.09230196280203,0.274700397907022,0.600976046314795
ATG7,0.726843754309337,-0.163731195159485,0.925617105762277,-0.176888687709209,0.859595824404883,NA
VGLL4,1.40402606836569,-0.0863639670360849,0.669319479414891,-0.129032501954945,0.897331930953624,0.970300651985212
TAMM41_ENSG00000144559,2.03269065040865,-0.589976254529688,0.563765572253936,-1.04649216547751,0.295333860214745,0.622725669977901
PPARG,0,NA,NA,NA,NA,NA
MKRN2,4.1969835641179,0.265161759176258,0.409879802746945,0.646925653323704,0.517680061997276,0.798600377045079
RAF1,3.33458593116829,0.316642574283513,0.489777705737675,0.646502628792799,0.517953895213993,0.798710347965811
TMEM40,0.0904955411713423,0.0357703405507957,2.51364572472857,0.0142304622321661,0.988646117098166,NA
RPL32,1105.0710770381,0.0589863266034044,0.0545476339021395,1.0813727816174,0.279531324050006,0.606057450399316
IQSEC1,0.454897856914022,0.383645847984248,1.3030114594336,0.294430141198461,0.768429237742333,NA
NUP210,2.45055569746348,-0.0426704360619002,0.499213471484626,-0.0854753296921281,0.931883507734807,0.976908983178071
CHCHD4,3.90726240597487,0.0219361748512049,0.455339939822932,0.0481753804854791,0.96157647092632,0.985414602815086
TMEM43,5.9750502685509,-0.227532042916303,0.337827704825553,-0.67351504825158,0.500619678462714,0.789409416875755
XPC,6.42814762060058,-0.408437262655206,0.353197693201691,-1.1563984434688,0.247518217976754,0.570240060640446
LSM3,26.864662810858,0.324630196992972,0.165269253805925,1.96425039453608,0.0495010612472284,0.223379420955175
SLC6A6,0.624233250741834,-1.76441047061704,1.04369542005375,-1.69054154757733,0.0909243966318992,NA
CCDC174,8.25344829201231,-0.0138589737411628,0.326821649855803,-0.0424053111147243,0.966175594502208,0.98778741701081
FGD5-AS1,4.01241560572829,0.149319280440419,0.408776588572476,0.365283346979018,0.714899908012921,0.893409293970309
MRPS25,7.53460272099578,0.107754332303614,0.322484832043221,0.334137675936251,0.738275670991217,0.909551564101901
CAPN7,1.758527153317,0.471693706052386,0.707371534093684,0.666825965306536,0.504883305232728,0.792232934199135
SH3BP5,10.4681058317548,-0.448801326774331,0.274792486204824,-1.63323725831355,0.102419106702593,0.354870215865842
HACL1,4.05592007396188,-0.120483102615066,0.39555452890302,-0.304592903914406,0.760676225223243,0.917416262318137
BTD,1.03342179372011,0.161124273286001,0.836321030491882,0.192658401990962,0.847226503443995,0.951253966071503
ANKRD28,0.43589038766663,-0.485200485697061,1.20808983171449,-0.401626164677238,0.687959170977971,NA
DPH3,10.603842577047,0.752030106202481,0.282843873534584,2.65881702440526,0.00784155372344221,0.0580966602442393
OXNAD1,1.14766212714519,-0.627196128132608,0.848441722704254,-0.739233009585543,0.459765519726229,0.765783084302852
RFTN1,8.11442712079516,-0.497927516368713,0.333279172241472,-1.49402530323121,0.135169005837242,0.414100808420057
SATB1,4.82287913483588,1.97419731154725,0.423636868013999,4.66011686093859,3.16029906894742e-06,5.86400567539616e-05
RAB5A,7.33460708501206,0.168825025111998,0.361910937178518,0.466482241261258,0.640870356188857,0.862822207942373
UBE2E2,5.62310905204757,-0.0823727891160591,0.337670867323788,-0.2439440209009,0.807274175084262,0.937071199313496
UBE2E1,7.67592976336188,0.155179839509991,0.319511780280357,0.485677990882927,0.627195490641755,0.855154018387617
RPL15,1020.21831536834,-0.258432521470234,0.0631439702031946,-4.09275059263155,4.2628615743251e-05,0.000646291403561093
TOP2B,2.105076538815,-0.488322246285035,0.549029428612548,-0.889428181507635,0.373773004886457,0.696872525007264
NGLY1,14.7531959908957,0.0527078945797309,0.21847958681802,0.241248600600995,0.809362445195127,0.938558209902837
SLC4A7,1.69318165069401,-0.280880483397098,0.631342256947065,-0.444894160507063,0.656396242856248,0.868803545144511
RP11-222K16.2,0,NA,NA,NA,NA,NA
EOMES,0.100019758986162,0.0360881736291274,2.4344362895544,0.0148240369994373,0.988172562934934,NA
CMC1,6.70697591718425,0.222548897337227,0.321790178604611,0.691596301360947,0.489190885054814,0.78274915374707
AZI2,6.70881308661078,1.66712730966712,0.363033083880708,4.59221868113523,4.38558466091457e-06,7.94732058707722e-05
TGFBR2,4.48159044127916,0.0305149865639655,0.387379216386593,0.0787729059101416,0.937213255014339,0.978396083872473
STT3B,4.42362848384449,0.823798616829567,0.3845828094464,2.1420578262856,0.0321888290504605,0.166322328659736
CMTM8,0.793381152553243,0.340426443781082,0.87350105261649,0.389726426500995,0.696738853110157,NA
CMTM7,18.0951431599961,-1.04996611038235,0.277502372281131,-3.78362931369342,0.000154557963954216,0.002061657304591
CMTM6,33.3494473569757,-0.0988720317551949,0.157882148338307,-0.626239462762652,0.531157886712359,0.807765711025472
DYNC1LI1,5.99971760580024,0.0375734233477825,0.423778634168908,0.0886628544203732,0.929349854108276,0.976309881201556
CNOT10,3.11589875040818,-0.0607322689984415,0.45790418632151,-0.132630953838451,0.894485251055556,0.968999707312886
CCR4,0.409524845282662,0.0217882010498678,2.74758320168154,0.00792995132468903,0.993672880582746,NA
GLB1,2.93532817778974,-0.586771177462166,0.489064079632273,-1.19978383590011,0.230223303439736,0.550410790069768
CRTAP,0.495012295119332,-1.29891777470606,1.05918690664389,-1.22633481074816,0.220072706661879,NA
PDCD6IP,4.96280788601193,0.100664309698205,0.361099501126553,0.278771666491241,0.780420059655784,0.925604100519052
TRANK1,4.29675754296469,2.08063287635979,0.535519314940725,3.88526205929676,0.000102219565293292,0.00140574517226351
EPM2AIP1,2.90666152454425,-0.784287331376943,0.498296326757143,-1.57393761355015,0.115501873068764,0.379471270082155
MLH1,2.23675007488907,-0.228892038482679,0.509972342705013,-0.448832258762469,0.653552666055509,0.867229805000569
LRRFIP2,3.74743119799695,-0.591667873815768,0.444042648559913,-1.3324573117799,0.182709960019219,0.488785103473052
GOLGA4,6.39936149331189,-0.253616272565337,0.323028195585312,-0.785121162893525,0.432382532760964,0.747664486060718
ACAA1,5.58149921990828,0.514507725462512,0.358363787262227,1.43571349491858,0.15108388362261,0.439465334861088
MYD88,6.56583427304496,2.38897415470575,0.421534918631213,5.66732208677542,1.4504653478622e-08,3.63552121060946e-07
OXSR1,3.20697661996864,1.26943488985398,0.502087413084602,2.52831450614374,0.0114611631869502,0.0769358427322703
EXOG,6.10067720395775,0.7138520538444,0.334015960562941,2.13717947082916,0.0325833971153772,0.167724413434717
WDR48,4.00289877955403,0.546366579811729,0.433163987493652,1.26133888223969,0.207186778065032,0.522040134759723
CSRNP1,3.93015372322616,0.368814111558709,0.442448730482665,0.833574798952123,0.404520631574355,0.722557541915572
SLC25A38,5.70848100644613,0.229899678060593,0.354653768836296,0.648236951816271,0.516831705474702,0.798271731090971
RPSA,304.163432791889,-0.40709977642166,0.0660161161374418,-6.16667262845487,6.97419358582404e-10,1.98860492337074e-08
EIF1B,20.132387618456,0.311114355857278,0.199465092717419,1.55974336972351,0.118820538808646,0.385490189676383
ENTPD3-AS1,1.04165989075854,0.368452949116312,0.808720779962332,0.455599705418072,0.64867785501811,0.864947395773462
RPL14,431.668811655851,-0.215308631168511,0.0794793290076092,-2.70898903975269,0.00674885691797558,0.0515367255554499
CTNNB1,4.30425737281776,0.281722294346362,0.425549615540428,0.66201985399185,0.507958497751436,0.793653930918014
SEC22C,4.03753817851614,0.709183353810896,0.437465916257133,1.62111681723349,0.104992587940303,0.358984558106118
SS18L2,23.1666657189804,0.0493749333387204,0.18671330199294,0.264442505229689,0.791438962392904,0.93069852646282
NKTR,10.6234017138412,-0.0726634170053263,0.251725314944828,-0.288661539747213,0.772840397147054,0.921891366084454
HIGD1A,6.81040016474845,0.276724657811317,0.37540033571517,0.737145472403835,0.461033888793455,0.765950298176077
SNRK,1.70918914641093,0.680499434897745,0.605960638442032,1.1230093041148,0.261433542949482,0.585345640265224
ABHD5,1.68253634732641,-1.30836994830613,0.783575633651615,-1.66974302430624,0.0949702173994382,0.338699148531308
TCAIM,0.747657399590029,0.894771103058314,0.897005367517569,0.997509196109452,0.318517412316968,NA
KIAA1143,5.52920673880108,0.234585257794209,0.335054828561795,0.700139910835351,0.483839933307642,0.77933906965771
TMEM42,2.75177527740398,-0.547620133853103,0.504442143783127,-1.08559552488251,0.277657980552222,0.603258303779313
ZDHHC3,4.6318214370956,-0.0416667874078754,0.405888531190491,-0.102655739706822,0.918236202583741,0.9751814025147
EXOSC7,9.38367499886062,0.477548315436109,0.293175253415577,1.6288834404423,0.103337696291146,0.355870980690175
SACM1L,3.7019495048689,-0.593837742526235,0.424374022254567,-1.39932632862719,0.161715147828629,0.456503796050298
LZTFL1,2.45826963485823,-0.761830411978199,0.510115393121865,-1.49344721263136,0.135320162267706,0.4143596692887
CXCR6,0.126583301248324,-1.06735134700679,2.27686922941773,-0.468780258969791,0.639226711959271,NA
CCR1,0.731466233990016,1.76863306564019,0.995603284940599,1.77644358188886,0.0756598331676007,NA
CCR5,0.342391475841947,0.719544201348964,1.26303626273298,0.56969401637923,0.568885249158934,NA
CCRL2,0.206920814193134,0.504142109407241,1.43992115419861,0.350117857451593,0.726250249731177,NA
CCDC12,20.0974326411606,-0.108745799766796,0.191095119910766,-0.569066336270525,0.569311122678311,0.824519556982381
SETD2,5.80533178654143,0.58543130441078,0.33931515438201,1.72533203085792,0.084467652658099,0.315535414016072
KLHL18,1.19691199936219,0.0125202822261097,0.708231437214261,0.0176782356278291,0.985895543388311,0.995755247924868
ELP6,3.69949185308902,0.381131249949067,0.459308589920148,0.829793429326737,0.406655586447125,0.7249203779127
SMARCC1,7.84332075477568,-0.103892540952924,0.324178795553083,-0.320479137988259,0.748605142563135,0.911645242610309
DHX30,2.99348014825097,-0.119929280871693,0.505676603222645,-0.237165967551972,0.812528037137258,0.938961568850194
MAP4,5.30172566554762,0.126563954844693,0.366004450746634,0.345798950221802,0.729493814145677,0.90440231480749
NME6,4.14093502670423,0.189788618190799,0.434425287851102,0.436872860531655,0.662203555087888,0.870948973460923
CCDC51,1.70527021042177,0.065071248831716,0.666030769653925,0.0977000640158526,0.922170464724083,0.975351695087598
TMA7,51.5729407091818,0.122084379529761,0.127511618442191,0.957437298822373,0.33834657987184,0.664926443402895
TREX1,16.1791707998285,2.49438890746885,0.249791853937553,9.98586970771449,1.75752977994263e-23,1.12626856826014e-21
SHISA5,8.2803109372189,0.855646773715803,0.279969648435709,3.05621262339189,0.00224152239348757,0.0206725566734699
UQCRC1,14.4503931993956,-0.186906634193538,0.225113112587612,-0.830278752068674,0.406381198545307,0.7249203779127
IP6K2,6.23607162829361,-0.283496740190201,0.382903261798888,-0.740387373192716,0.459064978270501,0.765436669777208
PRKAR2A,2.46273175897597,-1.08183067816971,0.5243395791452,-2.06322528605099,0.0390912287830129,0.190730830545689
SLC25A20,0.520854559941815,-1.15407981258427,1.04196819636654,-1.1075960059133,0.268036329151734,NA
ARIH2,5.57069680971828,-0.366052605122488,0.359569847771348,-1.01802920181244,0.308664078663737,0.637008539422984
P4HTM,2.2624558311528,-0.894554620539907,0.563185554899897,-1.58838346040127,0.112199655191823,0.372560393521565
WDR6,3.9012921105273,-0.353602384890075,0.468757738031609,-0.754339301949254,0.450645508542834,0.759393335883736
DALRD3,3.9199151833058,-1.06072427378711,0.416985972470402,-2.54378886537342,0.0109657344851724,0.0744950880435318
NDUFAF3,29.3886423130425,0.170534396129626,0.180527403201096,0.944645483764378,0.344839897883232,0.669662963302388
IMPDH2,25.160473892134,-0.748611059809025,0.172071842790446,-4.35057268911048,1.35782432984727e-05,0.000228732683857199
QARS,4.30242436844248,-0.144051189357293,0.457584538909633,-0.31480781606072,0.752907576902381,0.913576768089929
CCDC71,2.99845071664156,0.263296876391734,0.492689471644923,0.534407352997975,0.593059732833032,0.838443526510293
USP4,3.77802079474798,0.0233853216304517,0.452369897077658,0.0516951321949638,0.958771616001081,0.984751882797258
GPX1,12.4413906832276,-1.47146379166032,0.251091044632776,-5.86027985909396,4.62087746080412e-09,1.20181482411541e-07
RHOA,48.3955416719734,0.0340521065753883,0.132271105357926,0.257441763136727,0.796837766688585,0.932439694946943
APEH,3.71432822597674,-0.821948625141221,0.461416456524157,-1.78135957987486,0.0748537269877007,0.291535568267887
IP6K1,2.92154472292651,0.353376068951399,0.490486970492591,0.720459645638511,0.471242037414451,0.769637547180301
UBA7,1.96486441883695,2.61300090326148,0.737445985626263,3.54331158375273,0.000395135549928159,0.00476888146690307
RBM6,10.0994729730172,0.0327731833093103,0.299515093863188,0.109420807100561,0.912868731154413,0.973977348584936
RBM5,6.57652674210236,-0.778704226888896,0.353172222817477,-2.20488525591476,0.0274621473898577,0.150004137236692
GNAI2_ENSG00000114353,3.84884500195706,0.295484560701374,0.424587626830947,0.69593304662885,0.486470760536794,0.781123853334201
IFRD2_ENSG00000214706,11.7470929927793,-0.16671174185811,0.257561217242036,-0.647270360201194,0.517456980948083,0.798538379735175
TUSC2_ENSG00000114383,13.0014850594426,0.180685489550318,0.229652425335251,0.78677805943721,0.431411799439345,0.747230728891465
RASSF1_ENSG00000068028,5.45032626124866,-0.610136605514121,0.389942579774615,-1.56468320506772,0.11765720839958,0.383755187188673
NPRL2,2.19822609194907,-0.84436632709168,0.623942309438695,-1.35327627942282,0.175967384235954,0.478462666439627
CYB561D2,6.06658529795323,-0.012591388648684,0.322890175803393,-0.0389958865033753,0.968893668215638,0.98877738329148
TMEM115,2.69015039558126,0.180890046058175,0.507160265459517,0.356672354633852,0.72133710389181,0.898383377638046
HEMK1,1.40450305664293,0.819959841163479,0.746237545139658,1.09879199526208,0.271858804540581,0.598106244068028
CISH,0.279559493774947,1.02404482715581,1.40614829550303,0.728262325126575,0.466453020171524,NA
MAPKAPK3,1.3423758402782,-0.217614613529767,0.665943528294256,-0.326776377100869,0.743837027763239,0.910831399230374
MANF_ENSG00000145050,23.5460646500825,-0.22874954112414,0.223189601109118,-1.02491128613247,0.305405048801237,0.633010264537676
RBM15B_ENSG00000179837,1.45985176094489,0.0398583057835437,0.814720160158861,0.0489226948499369,0.960980902640365,0.985414602815086
TEX264,10.8628963749184,-0.465105910529366,0.270724426970073,-1.71800496813234,0.0857957090924442,0.318391718040975
RRP9,7.84263658732036,-0.435075584294295,0.322783695331457,-1.34788587709651,0.177695091149534,0.4812865736756
ABHD14B,6.02317929897965,-0.835938226588145,0.366227769754336,-2.28256373663005,0.0224560790869288,0.129969262201442
ABHD14A,2.10227887095457,-1.7298213904386,0.705461055460201,-2.4520437762651,0.0142047379698108,0.0906536460167805
RPL29,424.082179963928,-0.0731786016706329,0.0758186373869571,-0.965179594261893,0.334454865764375,0.661040205275471
ALAS1,2.23496840288597,0.131956379047601,0.548845221793588,0.24042548574328,0.810000422768211,0.938649578624983
TWF2,9.33248855295829,-0.816227862126621,0.293050165284776,-2.78528374598744,0.00534809004853766,0.0424568681247894
PPM1M,0.48073761489813,0.41973674400014,1.1403323378983,0.368082821165747,0.712811479800152,NA
WDR82,1.79825495779956,-0.866100052294837,0.610186850275111,-1.41940137173448,0.155782032741567,0.446848874700369
BAP1,1.05465104847089,0.950422173651963,0.834296667107612,1.13918970448119,0.254624038792618,0.579122951018996
NISCH,0.711138453149728,-0.558992621198313,0.89597971952869,-0.623889814707367,0.532699949756757,NA
PBRM1,5.35153754050569,0.0106456893793141,0.369343243894013,0.0288232952823932,0.977005521647923,0.99151339278349
GNL3,15.825352761292,-0.292914375566693,0.229919711289173,-1.27398548790926,0.20266855930264,0.517154254772254
GLT8D1,3.01505690420669,-0.737621384160883,0.499678685563645,-1.47619141154447,0.139892514482662,0.422532492723144
SPCS1,47.0770644441523,-0.0914024096005001,0.129705219582099,-0.704693380073617,0.481001071925058,0.778012662785887
TMEM110,0.605994775788423,1.5061356517228,0.997891281993217,1.50931837856565,0.131217440249413,NA
SFMBT1,2.36992049463703,-0.575697025098527,0.540397791299117,-1.06532083285269,0.286730768448712,0.614380715848739
RFT1,3.16018759423926,0.102122042183751,0.494202038827039,0.206640268878963,0.83629080892216,0.947253812151602
PRKCD_ENSG00000163932,3.06708797340211,0.591662264345245,0.480337686264413,1.23176315593016,0.218037570136476,0.537211668917664
TKT_ENSG00000163931,9.40293844568948,-0.729752221327183,0.292589157039842,-2.49411915571366,0.0126270148274112,0.0828268547797294
DCP1A,5.6230896652343,0.10682833896809,0.3471364561114,0.307741630380094,0.758278939497555,0.915768775581271
SELK,51.2386172740922,0.191640150676942,0.169445645281735,1.13098303800198,0.258062230720608,0.581499344059984
CCDC66,3.22670352618284,0.293029101154389,0.477723094189725,0.613386927947039,0.539620527408494,0.811556488592928
FAM208A,2.19423971956288,0.418493537718514,0.635032660419177,0.659011045892146,0.509888675555414,0.794964458004433
ARHGEF3,4.2090617665804,2.35480502331399,0.473661093810176,4.97149766803034,6.643766368371e-07,1.36747191211239e-05
HESX1,0.492482885095902,1.70691613306958,1.04233810539585,1.63758393196356,0.101508517184642,NA
APPL1,10.6502245411149,-0.140720904487314,0.25345849228041,-0.555202957380608,0.578755846316793,0.830894521034587
PDE12,3.2502864155402,-0.00240177619745235,0.452669903763107,-0.00530580049056953,0.99576660356864,0.999321684671416
ARF4,14.4362184135159,0.000873440602876397,0.236456191496118,0.00369387918053623,0.997052717534866,0.999330962586761
SLMAP,2.11029100795597,0.55526596407847,0.57117764426521,0.972142326741079,0.33097974757624,0.657727017561991
DNASE1L3,0.39052875937041,-2.30496934412247,2.64913259582606,-0.87008455060126,0.384254199944996,NA
RPP14_ENSG00000163684,3.80987000569485,-0.194672958468453,0.423779718799292,-0.45937299458319,0.645966337693082,0.864947395773462
PXK,9.90346215527429,-0.619755505978935,0.275124474844497,-2.25263676133948,0.0242820612570576,0.137590968800246
PDHB,13.0049956311208,0.0409567653116685,0.241712845562376,0.169443892054546,0.865447501737621,0.956127988918996
KCTD6,3.77786786201997,-0.34902108389659,0.523410559198805,-0.666820868938608,0.504886560941588,0.792232934199135
FHIT_ENSG00000189283,0.402854330560055,0.560002440049132,1.20940334745854,0.463040259666826,0.64333550974666,NA
C3orf14,2.0717815959638,0.631167973468473,0.669427463801963,0.942847444417356,0.345758940079711,0.669753060621841
THOC7,12.7873462295882,0.0953122335108006,0.243103457528731,0.392064491717631,0.695010562935783,0.885193127715068
ATXN7,0.939108286247297,-0.445039347514478,0.756636279174544,-0.588181349168184,0.556410574738069,NA
PSMD6,16.6180230296687,0.247700524358238,0.220132379033319,1.12523439507618,0.260489721684137,0.584972583088365
SLC25A26_ENSG00000144741,4.43230126335188,0.776020007419059,0.501824053153739,1.54639858839392,0.12200833487086,0.391146687373002
SUCLG2,4.08846243493225,0.531418567892313,0.441023891923881,1.20496548514436,0.228216626427254,0.546690428700828
TMF1,10.4538243676863,-1.23118150201386,0.308084164000697,-3.99625052461662,6.43536311717634e-05,0.000919591198537199
UBA3,6.88295564752866,0.321707280040629,0.306457830618262,1.04976035166601,0.293828308358516,0.622192455279114
ARL6IP5,29.521745732288,-0.440546164337314,0.16921907491465,-2.60340723739044,0.00923022420566514,0.0655376271883467
LMOD3,0.648738184075479,-0.51826897832387,1.00856090626344,-0.513869787243664,0.607343032017739,NA
FRMD4B,0.339453350385272,1.13838177731969,1.34858284460352,0.844131883981049,0.398595712620431,NA
MITF,0,NA,NA,NA,NA,NA
FOXP1,15.3373884997264,-0.575801299298064,0.243772091230095,-2.3620476667059,0.0181743052137591,0.110886426120554
EIF4E3,0.267923658294125,-0.416955740567007,1.3012911134257,-0.320416958407834,0.748652271718919,NA
LINC00877,0.0577316880106304,-0.379320188619758,3.0551770360915,-0.124156533038434,0.901191337485662,NA
RYBP,1.65381602688545,-1.09313598471959,0.763269731859604,-1.43217520503049,0.152093685879946,0.440958186301186
PPP4R2,9.70452669947053,-0.337868396954959,0.290136626512827,-1.16451480468297,0.244215447224505,0.566857064954266
EBLN2,0.7730255768156,-0.397814739376106,0.995906711735673,-0.399449802565133,0.689561803927925,NA
GBE1,4.28420595228465,0.0533775048203685,0.400643597115047,0.133229396912191,0.894011962705404,0.968655806201289
CHMP2B,8.91568959406101,-0.0598643954285932,0.31078546572002,-0.192622892740177,0.847254314862831,0.951253966071503
CGGBP1,15.9802401134991,0.519577929888794,0.209805945436139,2.4764690476655,0.0132689129722254,0.0860955772811616
C3orf38,7.47951997964324,0.518560395841681,0.30918902386738,1.67716301618814,0.0935106089197123,0.334740610514169
ARL13B,2.59363104001368,0.939075674521036,0.526422773021289,1.78388117431056,0.0744429755681516,0.290896097801412
NSUN3,1.85050007919281,0.827490549524207,0.768351455036413,1.07696880652747,0.281494201614261,0.609038620687173
MINA,3.87492649070941,-0.286980389441757,0.482407679871175,-0.594891834057023,0.551915776100248,0.817675857269396
CLDND1,9.78493498424316,0.475696624936913,0.273128424063092,1.74165917212274,0.0815681006408091,0.308974596942882
ST3GAL6,0.0391805387177302,0.0909295178218514,3.05371975599516,0.0297766413055211,0.976245188042495,NA
CMSS1,17.8547693242178,-0.240261012221971,0.211589668928968,-1.13550445746303,0.256164015327148,0.580078513396557
TBC1D23,2.5834822607602,0.334181220195163,0.4904133892465,0.681427602759008,0.49560096201276,0.786651947053803
NIT2,5.29596760767001,-0.35965081924482,0.360289206588749,-0.998228125260889,0.318168751168067,0.646093443889434
TOMM70A,2.37106286780597,-0.144529279429202,0.588023442717473,-0.245788295040209,0.805846118374104,0.935980511456425
TFG,15.6262119641767,0.637153479527476,0.216865653977674,2.93801008984609,0.00330326272977366,0.0286374911133515
SENP7,2.15584195704671,0.256022418313182,0.578229425634893,0.44276961178873,0.657932385560357,0.86998884346384
TRMT10C,11.1608296224426,0.0110328258550612,0.264970411465422,0.0416379541928626,0.966787316394649,0.988087793276741
PCNP,31.5251130482566,0.153524239406958,0.155272302065918,0.98874195438786,0.322789410359052,0.649549684296493
RPL24,242.322087075703,-0.120069283339075,0.081696649443231,-1.46969654395077,0.141643959175727,0.425503673287179
NXPE3,1.38746579604679,0.0678649012088149,0.671407729998117,0.101078522299714,0.919488127435434,0.9751814025147
NFKBIZ,2.61730983831968,0.333242645934589,0.541198385064152,0.615749520196901,0.538059848571099,0.810502819715904
ALCAM,1.36736310409964,-0.357689635624424,0.734103021451275,-0.487247191705184,0.626083165994687,0.855154018387617
CBLB,2.12384732830251,-1.13375048791161,0.635607701274165,-1.78372679506376,0.0744680699135614,0.290896097801412
BBX,24.8089337486284,1.21928221619854,0.212573430655216,5.73581661847552,9.70436179697646e-09,2.50300053651476e-07
CD47,68.4255563067859,0.827578006531537,0.128521335680732,6.43922662449895,1.2008378972062e-10,3.65902371031066e-09
IFT57,16.5301708607636,-0.682387928066357,0.211390550267622,-3.22809097758839,0.00124619333555925,0.0127616767279017
TRAT1,3.40225006211859,-0.659858209742069,0.477650989595716,-1.3814651787921,0.167135977228145,0.464331457504954
CD96,3.35173090950987,-1.10832196710684,0.513172462009139,-2.15974560047047,0.0307923689915755,0.162463042240267
GCSAM,2.38249882183702,0.195882583539363,0.566512762656999,0.34576905667695,0.729516281603082,0.90440231480749
CD200,11.3402688218542,-0.0221913220860336,0.321655714874336,-0.0689909150058262,0.944996851044558,0.981516712066786
BTLA,12.8771873825657,0.621069737758791,0.230205684502202,2.69789053689876,0.00697803816919435,0.0528969332435513
ATG3,22.6257606300286,1.07648631736186,0.195071382655086,5.51842255234968,3.42056158013542e-08,8.05386772050066e-07
SLC35A5,7.32691449637015,1.43364518103079,0.325816225417164,4.40016509059733,1.08168552708934e-05,0.000183709214108944
GTPBP8,3.28794660924526,0.262321762069693,0.506792990613156,0.517611267180939,0.604729518969398,0.844868053830754
C3orf17,4.04656534208358,0.436031264862464,0.466923247187487,0.933839271205489,0.350386808670639,0.675402170082671
KIAA2018,1.70854921276499,-1.15852370498021,0.651918041117351,-1.77710023639561,0.0755517492983586,0.293335211516925
NAA50,10.3129584987129,0.0962056060893914,0.261867212369896,0.367383168051973,0.713333225086978,0.892697630171545
ATP6V1A,1.41509759552803,-1.01263672853169,0.690444387741957,-1.46664488336771,0.142472683573474,0.426389119447624
QTRTD1,4.24096890562311,-0.187924151822226,0.412235405748098,-0.455866112424752,0.648486259275987,0.864947395773462
ZNF80,0.183677282812617,0.403295170831492,1.79088963216822,0.22519264369364,0.821829411972718,NA
TIGIT,1.5811922508675,0.188066514596268,0.789920541036469,0.238082825836511,0.811816854795437,0.938961568850194
ZBTB20,6.62148713614291,0.599309081667749,0.379413209516745,1.57956830873412,0.114205761639771,0.377407237827124
B4GALT4,1.85985256325707,0.621932178406334,0.638543544577505,0.973985538946819,0.330063719492189,0.656736331353626
POGLUT1,1.38834364706458,-0.326337413004524,0.790207912946325,-0.412976645333455,0.67962372481041,0.879712496033004
TIMMDC1,9.27763945415329,-0.224611649626462,0.283937764982852,-0.79105944093075,0.428909305780854,0.744506180845694
CD80,0.688502860545167,-0.0359845380248014,0.966196784967046,-0.037243487646286,0.970290864520224,NA
ADPRH,0.922081029828623,-0.675423031966822,1.02732055891374,-0.657460834504274,0.510884646309723,NA
COX17,21.6331353697526,0.431374272710749,0.198207252409639,2.1763798623232,0.029526868307633,0.157702885808554
GSK3B,1.86276511240776,0.0172063678249125,0.588318311000841,0.0292466977538762,0.976667837724457,0.99151339278349
NDUFB4,29.680741464169,0.647551473384588,0.161752413839768,4.0033496750537,6.24518895255016e-05,0.000896537979885722
RABL3,2.73125528392121,0.583771272826932,0.489514952980405,1.19255044053843,0.233045485095027,0.553592297704259
HCLS1,27.415679975475,-0.055504189454122,0.158729651614163,-0.34967751072144,0.726580733281269,0.902743521502373
GOLGB1,7.12669001811037,-0.494352646851894,0.407535053240619,-1.21303098450286,0.225117974486094,0.544699622189785
EAF2,15.9979267175444,2.91300379530817,0.304432967032773,9.56862137402674,1.08340654256533e-21,6.47543756594814e-20
CD86,5.22548910036745,1.769513912669,0.509096509342586,3.47579266444792,0.000509345901641554,0.00594653604928795
CSTA,0,NA,NA,NA,NA,NA
CCDC58,3.34249272772598,0.44034540049579,0.885900704418595,0.497059544370475,0.619147062182897,0.852029696375667
FAM162A,12.2545326014469,-0.539455664513226,0.236099619864771,-2.28486460428104,0.0223207680722232,0.129427140239682
KPNA1,5.62911977809169,-0.104337611124006,0.353421451058444,-0.295221500595197,0.767824678472337,0.920856299707514
PARP9,16.0324223455068,3.06224917813804,0.296540601095739,10.3265764176062,5.3433762459121e-25,3.73195806118985e-23
DTX3L,8.48301611133718,2.98528129223154,0.387427704455685,7.70538930979574,1.30445001955785e-14,5.47869008214299e-13
PARP14,42.4465173755725,2.21745456161801,0.179909118661782,12.3254150657404,6.61022444129624e-35,6.62728308501571e-33
HSPBAP1,3.11659846463687,0.0458042597832119,0.478679646285215,0.0956887558070936,0.923767771484822,0.975683415108361
DIRC2,1.01947788143143,-1.87307483537065,0.8859655783249,-2.11416208619761,0.0345014258709182,0.174075375985087
SEC22A,2.02227588992564,-0.471476315616174,0.590040499296792,-0.799057549741209,0.424257042741521,0.739636160428511
CCDC14,1.56381093398832,-0.84230681633562,0.65665122999234,-1.28273088949433,0.199586373972516,0.513735036020481
UMPS,4.34351424782251,-0.295599583723059,0.378349596257473,-0.781286901445242,0.434633772291259,0.748181536572269
ZNF148,8.38601475932453,-0.440464221856899,0.291663059982422,-1.51018172093321,0.13099706155362,0.406021223575117
SNX4,5.53691465023032,-0.398465761515263,0.394869619855195,-1.00910716215997,0.312923243482985,0.640688696143029
OSBPL11,3.15625066900527,0.163875976132025,0.608348176822615,0.269378593337691,0.787638357561069,0.929852751209874
TPRA1,2.38552897268629,-0.38298023093983,0.547099746573257,-0.700019024572055,0.483915423530347,0.77933906965771
ABTB1,4.64986545620405,-1.08393648649157,0.467729437866129,-2.31744337375192,0.0204795919263722,0.120893773422915
MGLL,0.830111764833955,-1.63502038743576,0.959990445694832,-1.70316318747563,0.0885375336687854,NA
SEC61A1,1.42654910258236,0.0411904972368469,0.620504788396031,0.0663822391174803,0.947073510141262,0.981817235420602
RUVBL1,6.60276007311436,-0.00898769330919293,0.323938485182859,-0.0277450618567889,0.977865483358278,0.991985693434289
RPN1,9.28101947060159,-0.530780020501947,0.277970917802646,-1.90948040427305,0.056200147243179,0.243944776138364
RAB7A,21.0813618830707,-0.0917284011220057,0.188821740370585,-0.485793642945869,0.6271134819506,0.855154018387617
ACAD9,1.9399868570417,0.0379230504384827,0.584760605578307,0.0648522661696374,0.948291626615804,0.981817235420602
GP9,0.083215421316085,-0.891613794946866,2.60529011852597,-0.34223205646338,0.732176262568524,NA
ISY1,5.78827310766775,-0.00994838100334639,0.335694598640507,-0.0296352132075858,0.976357981560352,0.99151339278349
CNBP,67.5030934802984,-0.122451730057162,0.125992647080252,-0.971895843883373,0.331102367625541,0.65776040816886
COPG1,2.61502388600957,-0.301665697544163,0.541950532328623,-0.556629580651914,0.577780538898789,0.83026021286302
HMCES,1.37069600963705,-0.138246128354634,0.676291340649852,-0.204418007514029,0.838026859320707,0.948329684605409
H1FX,1.8326303214804,-1.69611176686486,0.653575412058629,-2.5951278698237,0.00945557337068749,0.0666392789934166
MBD4,13.8225684061976,0.000220726149067653,0.246497015553558,0.000895451608499067,0.999285533082113,0.999778745990388
TRH,0.0166851804699018,-0.233443170298403,3.0558605060609,-0.0763919589377195,0.939107266751526,NA
ATP2C1,2.6450453525282,0.587750460390258,0.519311981929204,1.13178682726867,0.257724067104151,0.581470554142947
ASTE1,1.87159566108238,0.259223255215591,0.610752930705399,0.424432273974023,0.671250587692634,0.876206143027596
NUDT16,1.87874975976204,-1.00698422492406,0.589963821154707,-1.70685758823845,0.0878485254733576,0.323723092788951
MRPL3,16.5110710186089,-0.238375953901294,0.22423632547729,-1.0630568146972,0.287756187058328,0.614868779681339
DNAJC13,0.785458624592928,1.84106660384801,0.936693187891277,1.96549588237393,0.0493568717803547,NA
UBA5,4.31553590532995,0.452831053464601,0.421043790703944,1.07549633425899,0.282152572528041,0.609614317286862
CDV3,5.73597073165973,0.269858516763497,0.342078230058694,0.788879539973049,0.430182415007593,0.746097626028794
TOPBP1,1.34186567253236,-1.64137720216283,0.805036051427608,-2.03888658060977,0.041461348515339,0.199265678833775
SRPRB,6.00989962827946,0.132482474026683,0.356924675753464,0.371177682649748,0.710505194369442,0.891321955237226
ANAPC13,6.25595773846158,0.300243251580058,0.325043717260533,0.923701138143837,0.355641939380464,0.680834707480432
CEP63,4.13103524733533,0.0971491092762214,0.445134533439851,0.218246624285664,0.827236959599106,0.942640685768661
MSL2,2.64939199084833,-0.229361485373728,0.535127197308647,-0.428611153623423,0.668206227231008,0.875339520092545
PCCB,2.29981331171241,0.0687491267521588,0.541047695664587,0.127066665846736,0.898887634362287,0.97104382323968
STAG1,1.71255998329253,-0.0833689898369217,0.734070256216319,-0.113570859370652,0.909577988705747,0.973693868141371
NCK1,6.5694282861293,-0.372865334054249,0.335370598673979,-1.11180090183374,0.266223764040892,0.590173650955131
DBR1,1.40159844225999,-0.613194952981727,0.656820594501437,-0.933580582148425,0.350520285556335,0.675402170082671
ARMC8,4.09560199319449,-0.0312921945583844,0.394950094308664,-0.0792307560102231,0.936849081722011,0.978396083872473
MRAS,0,NA,NA,NA,NA,NA
FAIM,2.82833702821972,-0.684907083492325,0.491977416597072,-1.39215146953231,0.163876535091442,0.45974457341648
MRPS22,10.5060486505291,-0.155070091736411,0.283879436541027,-0.54625334482091,0.584891801842689,0.835598124627478
COPB2,9.77166583961961,0.055562450727814,0.264166283193102,0.210331349088932,0.833409069456006,0.946987117233853
SLC25A36,3.264350110313,-0.230739465969861,0.431781605883039,-0.534389290386686,0.593072227001231,0.838443526510293
ZBTB38,3.8130467542958,-0.209898159112713,0.421939595483715,-0.49746020842648,0.618864556614765,0.851829513710669
RASA2,0.770718419612579,0.655573483508794,0.888428377280592,0.737902458176147,0.460573725093701,NA
RNF7,16.5739135350084,-0.305095686018316,0.21273903900784,-1.4341311657757,0.151534835617512,0.440159129999278
ATP1B3,25.5084609508668,-0.137847644304274,0.178666418805263,-0.77153639293862,0.440389059743524,0.752479888355233
TFDP2,1.72626449969949,0.748096890471814,0.698059290981359,1.0716810164078,0.283863330268499,0.610924378557947
XRN1,26.5016143538348,2.81087718518221,0.226942781285666,12.3858409122253,3.11799396288263e-35,3.28499160564041e-33
ATR,1.4994785643529,0.828653086652392,0.696537589920272,1.18967461145527,0.23417430784592,0.554227320122181
U2SURP,15.2048958547179,0.327363665268997,0.229734996979285,1.42496210665942,0.154168155036737,0.444484810625398
CHST2,1.5366627473212,-0.706413457931756,0.748564308079372,-0.94369107678168,0.345327535216278,0.669662963302388
PLSCR1,106.580619506646,4.13473249703641,0.172077342717016,24.0283376750886,1.40642537612904e-127,1.09279251725227e-124
GYG1,6.12073133336919,0.0482154125858332,0.349589493051775,0.137920084968607,0.890303576595877,0.967280001303168
HLTF,1.58506124103498,-0.911110035687792,0.755867781934607,-1.20538281623256,0.228055552059935,0.546690428700828
HPS3,2.87766339139328,0.417147768587675,0.49741643911633,0.838628834480716,0.401677624725044,0.71996197096046
COMMD2,11.5827670936092,0.347607022881609,0.241597524860007,1.43878553012092,0.150211297341173,0.438569010931297
RNF13,10.3389575459748,0.362246451831158,0.256440393294455,1.41259513439918,0.157774800504188,0.449257059062774
TSC22D2,2.06849733316905,-0.170076899703679,0.594470756273884,-0.286098008873832,0.774803056535513,0.92328969512246
SERP1,62.002561609177,-0.0699122228395243,0.119933584252014,-0.58292448504348,0.559944136840418,0.819353284981176
EIF2A,9.89756257237464,-0.218292644560848,0.323510894223769,-0.674761340215818,0.499827405919607,0.789119882964355
SELT,58.5149520222717,0.142822010147576,0.118964726721682,1.20054081645317,0.229929370567098,0.54991957192962
SIAH2,9.37799791624507,-0.0866513307437394,0.313843340680644,-0.276097401193268,0.78247325667449,0.927314669814513
GPR171,1.34323776060847,1.06057216877771,0.722578880902356,1.4677597101278,0.142169505080751,0.425891876425035
P2RY14,1.81016949234192,1.24732824726359,0.736320459587836,1.69400188602907,0.090264924656751,0.328312914959838
MBNL1,6.06567760727794,0.205998605371586,0.339191751406288,0.607321977959419,0.543637255657464,0.814211522382921
RAP2B,1.11547056428525,-0.627519346767688,0.88807137564458,-0.706609135231075,0.479809410361826,0.777096220638121
DHX36,13.6023876851959,0.478513806028285,0.26117093195448,1.83218630973713,0.0669236678162025,0.272785258456075
GMPS,4.22319948906683,-0.57777248386135,0.379165553512807,-1.52380003538965,0.12755867072887,0.401470732785142
SSR3,18.2645396901005,0.695682039209598,0.21039763867261,3.30651067948589,0.000944657494750575,0.0100720257073235
TIPARP,4.5067577485213,1.75997521187303,0.463192165315518,3.79966533042322,0.000144891623664217,0.00195367968047023
CCNL1,20.4995143568304,0.0026074218057779,0.197160529250246,0.0132248671460424,0.989448390260744,0.99714837773359
PTX3,0.0386844800401195,0.442042704943031,3.05417699194027,0.144733820636311,0.884921035293415,NA
RSRC1,6.00130713548549,0.252907085993821,0.363629379277571,0.695507845092924,0.48673709647373,0.781123853334201
GFM1,5.19342315545991,0.432565414379897,0.375425096388921,1.15220164698788,0.249238221063959,0.572317983795187
LXN,1.09427327081973,-0.0595536090771701,0.774165894193761,-0.0769261595270753,0.938682286910986,0.978837291635411
MFSD1,4.27837110548606,-0.451987926100022,0.415811401873603,-1.08700224203428,0.277035818845442,0.602268357792139
SMC4,7.92630741783012,-0.210600472155085,0.287385604141965,-0.732814967485466,0.463671291133788,0.766688161948046
KPNA4,3.08578713232248,0.0705076328538996,0.482646249715199,0.14608552929916,0.883853869808015,0.963358873352028
NMD3,5.40624596182508,-0.352308372145692,0.414445332935379,-0.850071997796209,0.39528505887187,0.715310604351542
PDCD10,15.6417291616698,0.255620195365546,0.23728165776331,1.07728594689998,0.281352538550653,0.609038620687173
MYNN,2.9666321577944,-0.148013023773094,0.506257193982289,-0.292367250347206,0.770005845283597,0.921422364125998
SEC62,47.9143705071996,-0.364960751717841,0.144478379921934,-2.52605789125708,0.01153504715627,0.0773482773714932
GPR160,1.3205461367597,0.317598500768392,0.800631720418415,0.396684883534734,0.691599848745014,0.88365563407996
PHC3,2.01461644376057,0.902860595636734,0.619485127419357,1.45743708068967,0.144995767645031,0.4307391917588
PRKCI,0.723190766304833,0.400509219186067,0.937797382569877,0.427074362362302,0.669325165767025,NA
SKIL,12.7327012179776,-0.193356663896725,0.243164972992706,-0.795166596228993,0.426516599874717,0.741394626627864
RPL22L1,19.1435910538987,-0.120886274328697,0.201233922252674,-0.600725131108408,0.548023077604674,0.815930821457906
EIF5A2,1.31080237796865,0.326885523730018,0.728678326688728,0.448600585138103,0.653719811610835,0.867229805000569
TNIK,0.595719504305957,-0.814467499075965,0.972029897093333,-0.83790375328112,0.402084760650611,NA
FNDC3B,0.711749626927435,1.29230329149042,0.980057578709162,1.31859935534861,0.187303089346995,NA
TNFSF10,112.663281442078,5.85909985131348,0.238657226957273,24.5502720617902,4.29615997739209e-133,3.81499005992418e-130
TBL1XR1,2.08514502594927,-0.309200349082508,0.666219863462792,-0.464111573430708,0.642567810319523,0.863611137069439
MFN1,1.98926010658091,0.924264276985684,0.593053929135775,1.55848268020509,0.119118870557026,0.385490189676383
GNB4,8.57661614253535,2.49119659228202,0.346740787615325,7.18460787210808,6.74003488075533e-13,2.55463761090092e-11
ACTL6A,8.45411336659673,-0.0595815263197207,0.322089202753353,-0.18498455027487,0.853241153534935,0.953077108565433
MRPL47,16.0857821737606,0.0743056914864799,0.246216211009043,0.301790410883022,0.7628118412646,0.918058458679336
NDUFB5,22.493231889423,0.316610480038032,0.192093908071741,1.64820677144945,0.0993102477734215,0.34777873119244
TTC14,8.05099825508895,-0.266718954623787,0.283834573957473,-0.939698610021165,0.347372178331971,0.672040292720676
FXR1,5.33495246807476,0.516586330269089,0.360687228345316,1.43222795173251,0.152078594718821,0.440958186301186
DNAJC19,12.8437491702637,0.0864666672110392,0.266216175471333,0.324798698117989,0.745333429924941,0.910831399230374
ATP11B,1.10668473402527,-0.611094703878765,0.716942088173519,-0.852362713752221,0.394012808209648,0.714255939291681
DCUN1D1,1.36545308731575,0.270122904977017,0.704885925486426,0.383215063899326,0.701560309651998,0.887805147556356
LAMP3,8.43289418305023,6.57279490039697,0.74582115111678,8.81282984607633,1.22025692019623e-18,6.32093084661645e-17
B3GNT5,0.186482054250991,-0.357022710803215,1.788852081483,-0.199582019384875,0.841807491307833,NA
KLHL6,3.94381473103192,-0.471936513063701,0.497370334052747,-0.94886341374283,0.342690084459605,0.667277961959181
KLHL24,3.39781639541284,-0.810621213589814,0.457717184809981,-1.77100891225296,0.0765592197014251,0.295768868653858
PARL,9.0494536589152,0.120289503200567,0.289889112518859,0.414950055058524,0.678178465792353,0.879316600035527
EIF2B5,4.52547647210602,-0.307281393037222,0.405136387466835,-0.758464069244771,0.44817321521163,0.757496945232992
AP2M1,30.3465889990383,-0.5030885140896,0.163499384968254,-3.07700554462198,0.00209091411570834,0.0195739791313901
ABCF3,3.78205841082448,-0.0258232198736156,0.429164802767733,-0.0601708707402812,0.952019545446992,0.98210030668632
ALG3,7.13953109564014,-0.612092089602324,0.372882102404168,-1.64151640868747,0.100690263782991,0.351032349789722
ECE2,2.32256084390943,-0.929917433109968,0.567272652508052,-1.63927774236705,0.101155429299907,0.351727310557865
PSMD2,16.3177966355125,-0.185636994402202,0.215556528935658,-0.861198662452079,0.389128636621948,0.7101654742343
EIF4G1,4.47012794655266,0.39828950113532,0.417510516838114,0.95396279871377,0.340102473517626,0.665992196910221
POLR2H,11.0049496467125,-0.0653702532662363,0.28480606043829,-0.229525499442103,0.818460503883694,0.939876314823765
MAGEF1,2.50512980332589,-1.66884533948056,0.5643029574941,-2.95735706736573,0.0031028856873993,0.0272303279552883
VPS8,1.31468639181227,0.673668267666511,0.720493909815641,0.935008968832073,0.349783677334435,0.674606062150434
MAP3K13,4.24559015962107,-0.140934602780039,0.385554984510151,-0.365536975119378,0.714710611330584,0.893409293970309
TMEM41A,2.32717332649262,0.618929374132118,0.591865313649328,1.04572672170281,0.295687221826658,0.62290731990207
SENP2,1.8156742805728,0.364704930815835,0.60495759785332,0.602860319648821,0.546601615154478,0.814790321295021
TRA2B,15.6523877353099,0.166243647943152,0.216352815132994,0.768391425094053,0.442254673208705,0.752876048126355
DNAJB11,9.9467586185843,-0.461098915654235,0.289666984041659,-1.59182420178035,0.111424210586774,0.371366945446939
EIF4A2,94.0473802270238,-0.158781006054246,0.0887992159551857,-1.78809018014729,0.0737614596559955,0.289465232609801
ST6GAL1,10.609503290618,0.516225208139077,0.286554456302123,1.80149077002943,0.0716255607961601,0.285400311480084
RTP4,9.56362634544077,3.37290550631738,0.398418552526,8.46573405011622,2.54544397576462e-17,1.23613123073069e-15
LPP,1.50658306852758,1.37891995027065,0.79506414828114,1.734350559325,0.0828559017224053,0.3121194721167
TPRG1,0.16514949040495,0.369303458373367,1.52240969649509,0.242578235821528,0.808332142990883,NA
CCDC50,18.1530454442481,0.953557677954232,0.256198794262061,3.72194444045218,0.000197694528290139,0.00259255102922258
MB21D2,0.148050660549357,-0.365194737842808,1.92621225071964,-0.189592158240282,0.84962873257787,NA
OPA1,2.20560693237717,-0.4265986038854,0.634566015711757,-0.672268279931298,0.501412919518392,0.789796559525012
HES1,2.67973793851991,-1.48398251445458,0.53954690079302,-2.75042357258181,0.00595182738775691,0.0465365522544615
LSG1,2.73433423861131,-0.714987209185422,0.488141659061546,-1.46471253971642,0.142999362257866,0.427553648770992
FAM43A,4.371720598258,-2.08520418492947,0.458448521606921,-4.54839330187077,5.40570386397414e-06,9.63731505214182e-05
ACAP2,3.90912337059171,-0.206471941386855,0.484043991590823,-0.426556149800103,0.669702642343095,0.875840863623959
PPP1R2,25.3422961401943,-0.215038949338013,0.182653543219036,-1.1773051075179,0.239073749063055,0.559729726619943
LINC00969,2.1539287985199,-1.03650928216839,0.611450695987423,-1.69516412193225,0.0900442909467643,0.328086349663005
PCYT1A,1.44817527481386,0.0463325255101511,0.703031921718883,0.0659038716149191,0.94745435818372,0.981817235420602
TCTEX1D2,2.59169132624218,-0.756269053091794,0.563033364540545,-1.34320468505261,0.179205705047887,0.484322896772899
TM4SF19_ENSG00000145107,0.090996808433722,-0.790360831815415,2.51718854179356,-0.31398555121829,0.753532012701437,NA
UBXN7,1.39739146026677,-0.466489713776586,0.816048582966011,-0.571644536261655,0.567562816753284,0.823595952482333
RNF168,2.79114174055472,-0.990363688755142,0.477461872477499,-2.0742257043819,0.0380583540700904,0.187731333970938
NRROS,7.52113046739116,0.238224192855841,0.307321666922101,0.775162373814096,0.438243718493112,0.750860792214219
PIGX,6.0320179950931,-0.775904762692232,0.335995632431716,-2.30927038270332,0.0209285820800894,0.122960365037652
CEP19,2.76051438284213,-0.319114545573966,0.537441884515487,-0.593765679170416,0.552668847189712,0.818146046340154
PAK2,11.7636382870249,-0.0471765585758073,0.246345539137611,-0.191505633676014,0.84812946718822,0.951536327415761
NCBP2,13.210788204424,-0.265777141701132,0.24282532067658,-1.0945198835138,0.273727031696804,0.599960235905265
NCBP2-AS2,8.23490754659173,0.0514549132050395,0.302564457409149,0.170062649280244,0.864960867135835,0.956009379465923
KIAA0226,2.79943223735827,0.887787516568863,0.496355713200129,1.78861145940091,0.0736774110530054,0.289465232609801
FYTTD1,14.5517256163935,0.807634600169308,0.227090381066645,3.55644565998719,0.000375906189692086,0.00457266707461058
LRCH3,1.86107199663189,0.154945572439027,0.602309510146774,0.257252408983663,0.796983928451272,0.932439694946943
RPL35A,462.103175647829,0.0131930995600308,0.063059547995788,0.209216525955943,0.834279212043254,0.947019646103153
ZNF721_ENSG00000182903,2.40463195001391,-0.0710536904308099,0.553159288418829,-0.128450686661906,0.897792321188198,0.970300651985212
PIGG_ENSG00000174227,1.60023811533187,0.238525202096523,0.661608541463739,0.360523160068053,0.718455940225726,0.896591472484062
ATP5I,11.5561999855992,-0.0706001616992135,0.265919325606248,-0.265494662857834,0.790628420807725,0.93069852646282
MFSD7,0.143232141083146,0.441163535172992,2.5437083981778,0.173433218795449,0.86231091590273,NA
GAK,2.40070097060486,-0.325113498723401,0.585778423590689,-0.555011051329834,0.578887101407432,0.830894521034587
SPON2,0.320247128884246,-0.168857043461783,1.44797380890966,-0.116616089616244,0.907164287052665,NA
MAEA,4.21680881044828,-0.436371138015903,0.398561767861073,-1.09486451838504,0.273575995631213,0.599840701532142
SLBP,20.4569584948501,-0.231364701417476,0.193862921145035,-1.19344483231213,0.232695205777601,0.553423629691435
TACC3,4.47774009360463,-1.48306034336708,0.476758736040861,-3.11071456326702,0.00186635250252702,0.017848072547243
LETM1,1.74975979545173,0.105482278923262,0.575619514256102,0.183250005100299,0.854601860200843,0.953077108565433
NELFA,2.28177450761099,-0.529860806636562,0.556224652328728,-0.952602162486345,0.340791681150817,0.665992196910221
C4orf48,8.73754748487797,0.230011525887829,0.283477554803266,0.811392373013299,0.417140377707376,0.73350624832505
HAUS3,5.00502382399485,0.220332260220863,0.363861546281934,0.605538734368321,0.544821095931138,0.814578242393897
MXD4,0.458020792428643,-0.981138768017004,1.17851273529584,-0.832522838856475,0.405113892271505,NA
ZFYVE28,0.13058364523732,0.109726932588952,1.76150275972385,0.0622916609033036,0.950330569216937,NA
RNF4,2.17375014151356,0.0359570534228148,0.532549577524154,0.0675186967380214,0.946168778143881,0.981703409270967
TNIP2,11.704753845627,-0.276970580561681,0.243280182657129,-1.13848393871043,0.254918461764526,0.579137819353809
SH3BP2,0.285613452324296,0.068977780722204,1.38480642027433,0.0498104137244968,0.960273468033755,NA
ADD1,3.3634652108985,-0.00217914983562711,0.445700278999628,-0.00488927186789785,0.996098941005499,0.999321684671416
MFSD10,7.07769887795377,-0.55846499554909,0.307098250450346,-1.8185222310128,0.0689843520509302,0.277724567583278
NOP14,1.9178527531466,0.629044614829947,0.553399753154936,1.13669117350299,0.255667410455885,0.579798841077628
RGS12,0.267162602547778,-0.494550046082997,1.29323383715307,-0.382413475332273,0.702154696703827,NA
LRPAP1,19.4640218753845,-0.00548745788948677,0.202600953553378,-0.0270850546023764,0.978391895088176,0.992279983662605
TMEM128,5.25360752233111,0.287510891305741,0.357439160063907,0.804363157227473,0.421187272372572,0.737077726652001
LYAR,5.51552660741624,-0.00183830187283782,0.39292751177479,-0.00467847584541613,0.996267129972453,0.999321684671416
NSG1,0.138437236004333,-1.114431149101,1.91703855696563,-0.581329543452153,0.561018372895623,NA
STX18,3.11582013158528,0.291060979202892,0.451432223719934,0.644750117314319,0.519089132572623,0.799200535587556
MRFAP1,17.1844475896152,-0.0363909507054808,0.204380550998603,-0.178054861520212,0.858679890781105,0.953586263561639
AC093323.3,1.10327467461176,-0.599133720610111,0.782798471370343,-0.765374157618481,0.444048776782946,0.754331786782329
MRFAP1L1,3.66613958759268,-0.0453759833440569,0.42365257179322,-0.107106592441989,0.914704417243436,0.974987639149784
BLOC1S4,12.7851952163659,-0.116866743274606,0.231329535696094,-0.505195944490798,0.61342121848093,0.847715939101259
KIAA0232,1.38317449087781,0.648616584096342,0.660719596355446,0.981682074626113,0.326256499057709,0.653775112231695
GRPEL1,11.599688696091,0.311198892239668,0.321097481102072,0.969172636208698,0.332459061481065,0.658981354007111
WDR1,15.9860597393772,0.231432145612031,0.251686848681027,0.919524189781303,0.357821459033267,0.683533555424335
HS3ST1,0.446125589132171,1.14344980185729,1.19753235835285,0.954838333913622,0.339659458450799,NA
RAB28,9.34477461558942,-0.0928215931123152,0.287685956631515,-0.322649023953597,0.746961061904257,0.910949570491831
BOD1L1,3.35020425194612,-0.816985737882461,0.471760958761766,-1.73177903493076,0.0833129123087159,0.312725279535615
FBXL5,6.04825106642484,-0.527972329478143,0.330693450873627,-1.59656119007904,0.110363555772812,0.369423727885729
FAM200B,2.08526379298361,-1.49128185557229,0.6339298012056,-2.35244005367185,0.0186506957402504,0.112775024048051
BST1,0,NA,NA,NA,NA,NA
CD38,13.0760530285843,4.80255046307445,0.494657706249955,9.7088358321212,2.76476759263897e-22,1.71857953558438e-20
FGFBP2,0.461498007998396,-0.569660638974197,1.21369416523398,-0.469360943878624,0.638811660169951,NA
QDPR,2.64237471561629,0.183917568913757,0.486016890836979,0.37841805990946,0.705120054089084,0.889068343411422
LAP3,45.8409226829276,2.9998308810587,0.204539061270345,14.6662982729433,1.05970673812591e-48,1.64678427104766e-46
MED28,26.5376103619464,0.157076253680854,0.173509922743988,0.905286863118587,0.365313434156664,0.689789886609302
FAM184B,2.55282814633681,0.185018771364641,0.685322464224608,0.269973306031892,0.787180790023551,0.929852751209874
LCORL,1.18451730104052,0.00336190716110319,0.807408672238355,0.00416382344740376,0.996677759157261,0.999330962586761
DHX15,7.93159577618588,0.397656657418489,0.311163312139907,1.27796768418409,0.201260820919205,0.515466527743626
PI4K2B,6.57032917923109,2.58026797917218,0.429163380273017,6.01232094297215,1.82885789387395e-09,4.96427103420107e-08
ANAPC4,1.7989248271983,-0.103794749208522,0.585653089038982,-0.177229064699108,0.859328466690217,0.953586263561639
SMIM20,9.59575032817461,-0.185656788888877,0.341716687295192,-0.543306182552616,0.586919008190364,0.836571555815479
RBPJ,4.9984112665965,-0.587384011183943,0.374104877038501,-1.57010519572428,0.116390640032866,0.38158450339889
STIM2,2.80924917793811,-0.304017849901529,0.57713319867967,-0.526772416830365,0.598351639806809,0.839792727299619
ARAP2,3.67913192614149,0.943888062054415,0.475469820929835,1.98516923788882,0.0471256455992646,0.216346390727496
PGM2,2.88291144593079,-1.00722841994669,0.517268370921651,-1.94720666595572,0.0515099628507803,0.229195367988869
TBC1D1,5.3144953278382,0.589481345101507,0.424409112848328,1.38894601283496,0.164849167287725,0.46074749274303
KLF3,4.78159325561375,-0.240030614146654,0.429931410671924,-0.558299785008773,0.57663969172735,0.829912554706462
TLR1,1.56317740111708,0.653316653837399,0.611664816793284,1.06809585233704,0.285477276624694,0.612757753931906
TMEM156,5.93081820772877,-0.0331081519272915,0.370597511826836,-0.0893372212999681,0.928813913998279,0.97607900074612
KLHL5,2.97966582017024,-0.318123110352008,0.494732476616808,-0.643020471442404,0.520210816572579,0.79961187829257
RFC1,4.4967468202397,0.370845498471051,0.390890809430139,0.948718899305124,0.342763599185274,0.667277961959181
RPL9,578.036264321803,-0.105820905687747,0.0670697706191505,-1.57777348440091,0.114617657429349,0.378489519955318
LIAS,1.8980356000443,-0.649349663075778,0.66167945343282,-0.981365916240751,0.326412327750061,0.653851103089658
UGDH,1.92912286548941,-1.21120077671955,0.63041752566144,-1.92126761617033,0.0546979775831054,0.238933681417135
SMIM14,27.5812905361735,-0.982646372843408,0.180246509366966,-5.45168045858145,4.98960534208209e-08,1.15298835711458e-06
UBE2K,5.34625741905387,0.105174164209326,0.338758359020136,0.310469576348001,0.756203891752268,0.914529887516528
PDS5A,2.81654815917759,0.418437273374876,0.508526494942545,0.822842619875986,0.410597496498484,0.72880469395619
RHOH,49.5450771686831,0.730015600489394,0.165279054817392,4.41686698472441,1.00141811770671e-05,0.000171956216012842
RBM47,0.145945868822933,-1.1932310529186,1.92668282089522,-0.619318883200594,0.535706307051498,NA
TMEM33,2.66918879341382,-0.555712804898397,0.607053128489701,-0.915426968115567,0.359967526150432,0.684687314122118
SLC30A9,3.36336046190318,0.272566872932266,0.46340003203366,0.588189154273662,0.556405336392224,0.819186020966989
ATP8A1,1.30702917745765,1.6650624445286,0.88505855102044,1.88130202528278,0.0599308456843597,0.255332513210404
GNPDA2,2.0412486061256,0.0275447811103341,0.529195823259345,0.0520502617361647,0.958488644587213,0.98467904860238
COMMD8,11.6468752106683,-0.0513395733428432,0.253567929531424,-0.2024687169143,0.839550312225027,0.948925955672915
ATP10D,1.02693502634764,0.176229041900885,0.868897952496921,0.202819032309216,0.839276481465516,0.948925955672915
TXK,0.179686396610261,-0.115278790003034,1.67615144092766,-0.0687758797852025,0.94516801775831,NA
SLAIN2,2.3249962591834,0.510026052276665,0.576896191910847,0.884086356311889,0.376649597742943,0.698673201900966
FRYL,3.24089079435271,0.46579621132424,0.493255129440149,0.944331206150709,0.345000423934934,0.669662963302388
OCIAD1,19.9652529015009,-0.2579188496514,0.203106819391754,-1.26986799568715,0.204131655040931,0.518600435900489
OCIAD2,37.8876040706106,-0.284083529459943,0.15274221346335,-1.85988878266524,0.0629012627051422,0.262236250151016
SGCB,1.80666454916697,0.34026583322944,0.667061136356461,0.510096923181582,0.609983560666653,0.845039390946641
FIP1L1,11.6966762114474,0.224473617854268,0.280435953569443,0.800445217516245,0.423452891600476,0.738962148845749
CHIC2,6.28396718238344,-0.227777668148866,0.332334496327917,-0.685386773463675,0.493099888131343,0.785120108766504
SRD5A3,2.2068285078765,-0.859711987300077,0.597280165510038,-1.43937809581528,0.150043426954416,0.438569010931297
TMEM165,16.8287322216813,-0.339254897060859,0.21953327324671,-1.5453461429494,0.122262559884684,0.391403049902371
EXOC1,2.94337680058203,0.428512621759278,0.482635602810413,0.887859534738062,0.374616313743162,0.697398923697961
CEP135,3.66941027427189,-0.0797779840096856,0.431446412318286,-0.184908210456579,0.853301031030376,0.953077108565433
AASDH,2.09610609893006,-0.690202705337606,0.68482059612865,-1.00785915207484,0.313522083895418,0.641070155754578
PAICS,7.31522555586544,0.253605497856506,0.30229762238407,0.838926538212397,0.401510534581969,0.71996197096046
SRP72,9.34982503156141,-0.515117856593117,0.266748749898625,-1.93109754699462,0.0534709903177563,0.235089190939955
HOPX,3.47614203505187,-2.12919451049543,0.545038172689263,-3.90650530033484,9.36405902483801e-05,0.00129348868663096
REST,11.6377057458353,0.059000403380874,0.296415520914023,0.199046268558883,0.842226551576122,0.94949602575558
NOA1,6.04498603978811,-0.942589956010998,0.362406334746114,-2.60092019823918,0.00929740788248983,0.065793442142094
POLR2B,4.87755369159249,-0.474523937119155,0.409463498925342,-1.15889191189097,0.246500246154089,0.569925352472359
IGFBP7,0.261964013883645,1.26996242040199,1.52777126123991,0.831251675313825,0.405831467907218,NA
CENPC,4.75380549240967,-0.428771299736747,0.40653400050226,-1.05469972796128,0.291562676253221,0.619380524569105
STAP1,9.10030008700225,2.04421985170473,0.312501834445337,6.54146512558251,6.09190411711143e-11,1.91487078965674e-09
UBA6,3.74206597886798,0.210280209503407,0.446375382037859,0.471083796206244,0.637580895991566,0.86064619521093
YTHDC1_ENSG00000083896,9.60954209321143,-0.0187922723081665,0.273591917446497,-0.0686872349284277,0.945238579256701,0.981516712066786
IGJ,17.6937485315973,-0.0901637174395677,0.499464219972875,-0.180520873836497,0.856743668626529,0.953586263561639
UTP3,5.2253058396765,-0.162537640219724,0.395913095193029,-0.410538681829856,0.681410833963507,0.879712496033004
GRSF1,9.06217871584743,0.0599101683343225,0.284168885918061,0.210825925367485,0.833023107675839,0.946987117233853
DCK,36.3894384328405,1.34057841613084,0.153759537613314,8.71866836320896,2.81492737051316e-18,1.44608169711651e-16
ANKRD17,2.33461296597524,0.786950824470491,0.522398183879319,1.50641952586169,0.131959511321574,0.406875159908188
IL8,1.89093727839202,-3.26395228767231,0.772746961008398,-4.22383063585654,2.40184573686006e-05,0.000383801365046841
CXCL1,0.192478731045297,-1.45519034053569,1.57008219296477,-0.926824307068832,0.354017762417075,NA
PF4,1.87840009661494,0.501781657971921,0.662162985190114,0.757791766067768,0.448575652413553,0.757496945232992
PPBP,9.25617982820876,0.0293028886921521,0.354151601506159,0.0827410876232969,0.934057413664665,0.977567186599105
CXCL5,0.0942971128892663,-0.04793262351915,2.48434072512598,-0.0192939008061059,0.984606649476016,NA
CXCL3,0.475784892027546,-0.788079609269969,1.1972940213796,-0.658217275955236,0.510398525264011,NA
CXCL2,0.361634886216381,-0.441823665084023,1.23509553914391,-0.357724282115268,0.72054965950781,NA
MTHFD2L,1.5862766719744,0.308329896358626,0.638397549351427,0.482974749310786,0.62911366529629,0.856454345922414
EREG,0.0549490603892113,-0.379320188502241,3.05517703609203,-0.124156532999947,0.901191337516134,NA
RCHY1,4.21708938272165,-0.652285233330817,0.406674982062844,-1.60394728493531,0.108725672793045,0.365911630796733
G3BP2,14.2289802542873,0.0950835628865769,0.249696760380981,0.380796141453742,0.703354522622925,0.88844781805001
USO1,4.10446759916582,0.74237312036133,0.395994653457921,1.87470490795456,0.0608333313286594,0.257224230834041
NAAA,4.7644476562956,-0.431786634633702,0.411753833514938,-1.04865237306415,0.294338141863608,0.622192455279114
SDAD1,12.6513640064651,-0.212794849022309,0.247602480492062,-0.859421313548313,0.390108114966608,0.710284722505106
CXCL9,0.506111188736725,2.69498747802961,1.17689063630313,2.28992176069575,0.0220258525345101,NA
CXCL10,383.891618341074,8.69690949546894,0.59572601802592,14.5988411321839,2.8565982893738e-48,4.33088169920672e-46
CXCL11,22.3676901925996,7.99238162759695,0.89535765598144,8.92646818196484,4.3982596238559e-19,2.35686050188692e-17
NUP54,3.74317218317974,0.297643004465877,0.427392990054913,0.696415269767609,0.486168803011278,0.781123853334201
SCARB2,3.86671645923856,1.40017390680323,0.52825307655571,2.65057406940737,0.00803551057496825,0.0589713503353042
SEPT11,2.09371885128319,-0.535091243577555,0.54580561394414,-0.980369622274201,0.326903699130035,0.653851103089658
CCNI,50.4380444233723,-0.028338505188092,0.146830233814561,-0.193001839279791,0.846957527635414,0.951253966071503
CCNG2,1.5310338175853,-2.06603827169356,0.796941595353883,-2.59245882476009,0.00952925875134138,0.0670825281974383
CXCL13,0.0224953582478284,0.35274060894598,3.05510878660049,0.115459263019725,0.9080811078806,NA
CNOT6L,2.26101497545588,-0.195601684803004,0.505652553054067,-0.386830213002187,0.698881908402474,0.886372545519633
MRPL1,6.91050285804987,0.608123207325512,0.324079135221731,1.8764651630826,0.0605914339946952,0.256797924649954
LINC01094,0.0224953582478284,0.35274060894598,3.05510878660049,0.115459263019725,0.9080811078806,NA
ANTXR2,1.21215182350477,-0.530364940145471,0.808916690406419,-0.655648407846553,0.512050371327628,0.796832355107668
RASGEF1B,6.88217096891084,0.136432099516404,0.32634128483293,0.418065705619351,0.67589907802442,0.878596572723045
HNRNPD,8.3045895739317,0.315377435474776,0.301677735062853,1.04541170533871,0.295832729052076,0.62290731990207
RP11-127B20.3,0.89952589667876,-0.0390963620335658,0.984205583498794,-0.0397237758950529,0.968313346211344,NA
HNRNPDL,45.7131287870223,-0.608274493321217,0.1407808027857,-4.32072044827837,1.55520598248339e-05,0.000259869902879483
ENOPH1,5.44625004205313,-0.703654141162848,0.370153555457182,-1.90097901475985,0.0573047613686436,0.247537454251208
SEC31A,3.01549296578524,0.0251464619062485,0.515483022520275,0.0487823280450704,0.961092765582799,0.985414602815086
THAP9-AS1,4.22868809994291,-0.77433453665334,0.403570607395674,-1.91870895070948,0.0550211781152275,0.239839861966518
COPS4,9.84292494932498,-0.199019381846286,0.270276804387606,-0.736353910566706,0.461515345630361,0.765950298176077
PLAC8,47.9476200048624,3.21329789222198,0.352181575427826,9.12398068615175,7.24144754333645e-20,4.09207617539812e-18
COQ2,2.27989024342632,0.417054948958286,0.51277615220049,0.813327505907922,0.416030310831342,0.732657006251591
HPSE,0.558429112163698,0.547233098650311,1.05847644934766,0.517000731558621,0.605155648144717,NA
HELQ,1.76376782264044,0.110553336985175,0.695380927764265,0.158982411756126,0.873682730966269,0.958067353114737
MRPS18C,20.2915419376268,0.388388079716369,0.191158275041522,2.03176179337256,0.042177776809494,0.201009371610503
FAM175A,2.95858882378296,0.330994932763499,0.479258732647911,0.690639335739899,0.489792221252334,0.782987375815642
AGPAT9,0.211841298619906,-1.54795715338061,1.4199386459711,-1.09015777390998,0.275643650390795,NA
ARHGAP24,17.1457063645644,-0.461570819468622,0.430765022514576,-1.07151415584817,0.283938309146382,0.610924378557947
HSD17B11,12.2933229049769,-0.487388760821096,0.24850295371491,-1.96129966881699,0.0498440759101357,0.224348208839383
NUDT9,5.91909566696151,-0.023783402688523,0.370604638779315,-0.0641745952421426,0.948831205747197,0.981817235420602
SPP1,0.187095475235323,0.965850818299174,2.16180998504776,0.446778775646111,0.655034797250758,NA
PPM1K,55.3775878169219,2.61813986020308,0.171027938071613,15.3082583449425,6.73431902195936e-53,1.13136559568917e-50
HERC6,9.72265531323483,4.50119359019602,0.503940239871516,8.93199874521558,4.18380240072764e-19,2.26143614981939e-17
HERC5,57.391433050321,5.37687264227409,0.295391910411905,18.2025047157737,4.93011182910404e-74,1.80268088998298e-71
PYURF,29.9323788007012,0.144978446235184,0.170305808904099,0.851283037073755,0.394612145442036,0.714925414184698
SNCA,2.12886745590047,-0.464188681813812,0.767229767479068,-0.605019123982929,0.54516628994606,0.814578242393897
PDLIM5,1.34747633269491,-0.467296903369804,0.684055924947714,-0.683126753716112,0.494526751270813,0.7861837048336
TSPAN5,2.09141375276922,0.067573808219175,0.660924488673197,0.10224134432487,0.918565111655634,0.9751814025147
EIF4E,11.6071397352607,0.0615352739193163,0.247049224595826,0.249081024318082,0.80329810736987,0.934725015988602
METAP1,2.94092143514381,-0.76435575402338,0.548499791075511,-1.3935388243715,0.163456913160782,0.459542366443882
ADH5,11.2562681410695,-0.0154437727247226,0.256907610525943,-0.0601141114235815,0.952064750998552,0.98210030668632
DAPP1,19.2467863631978,0.982257407586202,0.227479923527078,4.31799603391936,1.57452259072345e-05,0.000262392290185977
LAMTOR3,4.91921237174395,-0.256395526060875,0.398118755817936,-0.644017701537597,0.519563955370161,0.799200535587556
DNAJB14,7.06648344040924,0.0685559605534359,0.346112540670042,0.198074188299325,0.842987019474796,0.949792878929732
H2AFZ,56.0788707785749,-0.0052193815485037,0.14072816948851,-0.0370883922350019,0.970414527316566,0.989466575521499
PPP3CA,2.3848827269128,0.144088305070183,0.534418860561455,0.269616803790954,0.787455071394949,0.929852751209874
BANK1,32.2854708802523,0.875120185010958,0.223738673318775,3.91134966534872,9.17817792539808e-05,0.00127063594619765
SLC39A8,1.93555446351964,-0.292863838659025,0.599749022354072,-0.488310656196664,0.625329814645741,0.855154018387617
NFKB1,11.7346331904862,-0.501213066312882,0.282647330633057,-1.77328073536125,0.0761821996439307,0.294862112694068
MANBA,3.02797064940084,-0.799403631440566,0.488214666486753,-1.63740191828558,0.101546517670589,0.352830158658682
UBE2D3,85.8050117074253,0.49310773741404,0.100181410462499,4.922148082539,8.55994016656246e-07,1.73884274756053e-05
CISD2,13.7528931994778,-0.130511058373181,0.246108536038294,-0.5302987879822,0.595904786896772,0.83901284492146
BDH2,2.46547544124641,-1.34376894073578,0.556065888316878,-2.41656423990177,0.0156677612925085,0.0988739128875458
TET2,1.21899517469608,-0.129870352283651,0.731795095843217,-0.177468191603562,0.859140648059099,0.953586263561639
PPA2,6.67497163336805,-0.504188381287481,0.322050940025285,-1.56555475741787,0.117452888701892,0.383663028773249
INTS12,4.8692015161072,0.270167688903684,0.456759832259531,0.591487407216173,0.554193890237912,0.818146046340154
AIMP1,13.9034733070789,0.065887631422404,0.229716032232689,0.28682208543313,0.774248551393673,0.92303969993538
PAPSS1,6.0682198678785,0.427476776100625,0.403362690439837,1.05978263788972,0.289243497278508,0.616365299651424
HADH,2.534877352176,-0.258683635147443,0.528171587711746,-0.48977196268388,0.624295272695791,0.854385604376274
LEF1,1.29700421838754,-1.1802981097323,0.708050179288525,-1.66696957963955,0.0955204539250516,0.339676854461167
RPL34,839.9201259591,0.0495394885118819,0.0601256028641355,0.823933335418278,0.409977437909962,0.728119929728093
OSTC,23.6709286732963,0.260696702130851,0.169146060118664,1.54125199220106,0.123255468065914,0.393303896046059
CCDC109B,33.6360269230631,0.45075795683697,0.165837170545367,2.71807553972745,0.00656628450715151,0.0505148818025418
CASP6,1.62128038809076,0.0730533695242542,0.672866746028791,0.108570337225624,0.913543289106803,0.974362574654751
PLA2G12A,2.41428841689795,0.145781051125196,0.502016718401986,0.290390829192392,0.771517258831913,0.921422364125998
GAR1,8.94954140773235,0.0799824574350713,0.282599786256491,0.283023771866828,0.777158614384471,0.923816945817705
C4orf32,2.65049559878428,1.00346467110254,0.549121918943149,1.82739868230689,0.0676398473285656,0.274086891130615
TIFA,7.43355322105311,-0.206917851855499,0.316043579936827,-0.654713036401054,0.512652530282769,0.796832355107668
ALPK1,2.46483371755754,3.12027251821542,0.697139118136943,4.47582474865869,7.61169036172061e-06,0.000133656122283772
LARP7,13.9297770196406,0.667417125982734,0.254768436922912,2.61970098825343,0.0088006895111735,0.0632428739901208
SNHG8,20.8499660376202,-0.311703093993321,0.204619451078447,-1.52333071147679,0.127675987311108,0.401499575880461
SEC24D,1.00946074689874,1.75810738526278,0.840177730425252,2.09254223433526,0.0363900378122299,0.181105264244052
C4orf3,47.9051677961053,0.618266999696914,0.146756468948402,4.21287732068757,2.52138024349377e-05,0.000399818867182583
MAD2L1,0.648973079876869,-0.234191801356901,0.90588114864023,-0.258523760769759,0.796002713584188,NA
TNIP3,0.0666354813628951,-0.762348075756327,2.80397276118186,-0.271881412797677,0.785713203518629,NA
ANXA5,38.500418351704,-0.182705260262009,0.182772714906895,-0.999630937008732,0.317489145699919,0.645571648567451
EXOSC9,8.04513565962776,1.03672048242475,0.366789272633214,2.8264743812763,0.00470635085075268,0.0383416472978751
KIAA1109,1.29265176284923,1.35162302091181,0.699914095828974,1.93112701825351,0.0534673465186906,0.235089190939955
MFSD8,3.32559148351172,-0.469641065679476,0.917687654021458,-0.511765701130915,0.608814997711512,0.845039390946641
PGRMC2,5.77161475089965,0.495164960539642,0.353570402041902,1.40047062107014,0.161372435089506,0.455950480234714
JADE1,1.84104367228002,0.449905597415452,0.61406684563536,0.732665508019645,0.463762466043219,0.766688161948046
SCLT1,3.73503691284198,3.29797210099878,0.606689201087587,5.4360158299944,5.44851164241754e-08,1.25436845812102e-06
C4orf33,0.720449799090707,2.4699099020306,0.939826757144007,2.62804807721828,0.00858763776428158,NA
SLC7A11,0.462797318782961,-0.766486055664587,1.1597256872915,-0.660920133152084,0.508663533837467,NA
ELF2,6.46969123396069,-0.102032643400265,0.362777014188855,-0.281254432914949,0.778515257422654,0.924460814217432
NDUFC1,12.8496077974724,0.105586501442445,0.22977099528486,0.459529286155303,0.64585412632743,0.864947395773462
NAA15,2.46379351006825,-0.15351386117459,0.491620787392279,-0.312260720277674,0.754842389235793,0.913861754088822
RP11-83A24.2,3.54647859749576,0.59984540381298,0.452785076546144,1.32479057920507,0.185240620304929,0.492917678003184
MGST2,0.375876906810531,-0.580102587719098,1.30065291101306,-0.446008756684566,0.655590920571896,NA
SCOC,7.49707986850249,0.402357026312945,0.313427794238674,1.28373116139965,0.199236037203406,0.513735036020481
ZNF330,5.05392469935616,-0.0366322513420764,0.356337378837869,-0.102802157499014,0.918119992902818,0.9751814025147
IL15,4.23872332706297,1.04925927729137,0.450331971791135,2.32996842999638,0.0198078197481836,0.118276087948808
SMARCA5,12.8661684929646,0.491776370983531,0.273502079999479,1.79807177694761,0.0721656340512756,0.286295449345144
ANAPC10,4.11131044999861,0.819768382735004,0.436037371905082,1.88004156422045,0.060102413475309,0.255804660008466
ABCE1,8.65287677589473,0.369547843475047,0.305033921391102,1.2114975337488,0.225704779297715,0.545058627861148
OTUD4,2.58387227413192,0.958137422414306,0.516826529247653,1.85388591373023,0.063755483584021,0.263594609016653
LSM6,19.4992096807499,0.306380835969772,0.190699397716344,1.60661669433009,0.108138478059264,0.364725328060978
ARHGAP10,0.0166851804699018,-0.233443170298403,3.0558605060609,-0.0763919589377195,0.939107266751526,NA
LRBA,3.33041399278091,1.27362647026497,0.498845707128312,2.55314709952464,0.0106754399455985,0.072921466705319
RPS3A,949.124647856531,-0.277158350539042,0.0572088780659144,-4.84467376234346,1.26819886903364e-06,2.4711987993458e-05
RP11-18H21.1,0.0849224441464915,0.530017699775573,2.22546504817044,0.238160424137554,0.811756670994652,NA
FBXW7,1.45637664164471,0.0704325364264883,0.68481167477156,0.102849497199333,0.91808242044243,0.9751814025147
TMEM154,4.56450202510354,-0.304241548224299,0.398428760399383,-0.763603380236229,0.445103634300474,0.754870095244953
ARFIP1,3.20298278655517,0.802044648643823,0.47606707457198,1.68473034890077,0.0920406083562811,0.331666331329068
TLR2,0.491160727921856,-0.435073549227583,1.05503298599092,-0.412379096203279,0.680061582360408,NA
PLRG1,9.8261900865069,0.146628482630396,0.296962159040747,0.493761505183146,0.621474622436587,0.853532093032661
CTSO_ENSG00000256043,2.64990378727771,1.24320116843036,0.504110927457145,2.46612620500285,0.0136583201252437,0.0880706617204513
PPID,11.8525693832733,-0.128011320888982,0.269210429363109,-0.475506544051166,0.634425969984383,0.85923409545606
FNIP2,0.347509374459985,-1.3899853399686,2.66441996880354,-0.521684027384307,0.60189034754844,NA
RAPGEF2,0.403335775303117,1.88818722384925,1.16828965865686,1.61619784088479,0.106051545463848,NA
NAF1,3.21042349778991,0.149309946042941,0.471238907866957,0.316845539598559,0.751360807470603,0.912789132376273
TMA16,7.61012437550147,0.156364173491616,0.32045457316261,0.4879448963653,0.625588872444924,0.855154018387617
MARCH1,3.61659370631389,-0.508340353093017,0.452862450822463,-1.12250497291131,0.261647794341818,0.585345640265224
TMEM192,3.32967492746233,-0.0610054970385878,0.465162211303524,-0.131148867118058,0.895657544599755,0.969931584883637
MSMO1,3.14694203260638,0.114364268953132,0.493250137863985,0.231858564598451,0.816647868233205,0.939644208060827
DDX60,8.54568809602757,3.77797622355477,0.445239036025944,8.48527626255715,2.15206827577511e-17,1.0533272757652e-15
DDX60L,18.4920892133001,3.71684419157991,0.30691056127333,12.11051250944,9.29117961240257e-34,8.88522653395298e-32
NEK1,2.29609020944761,0.052070916680519,0.527967029778385,0.0986253188998864,0.92143576644896,0.975351695087598
C4orf27,6.15377728097101,-0.47281291806335,0.35863535114566,-1.318366738117,0.187380909792836,0.495220975881065
GALNT7,1.91554117957655,-1.33963693736192,0.608530995775385,-2.20142761282843,0.0277057659872706,0.15076657691712
HMGB2,16.2774597859512,-0.61416705921878,0.211819068689295,-2.89948899794129,0.00373771462296944,0.031958231219227
FBXO8,1.73502912035642,0.499598424173608,0.622427135703192,0.80266170209495,0.422170294486763,0.73796697146505
CEP44,1.07024556150463,0.286819632823504,0.739407404834864,0.387904734180422,0.698086534555087,0.886360072889301
SPCS3,11.7213176296803,0.339410844403881,0.296794767816586,1.14358769496109,0.252794667161481,0.577497850450483
AGA,4.11469450962481,0.101246936235921,0.437705377927476,0.231312982068721,0.817071661914524,0.939644208060827
DCTD,5.57290479958742,-0.169953579175765,0.362026763635787,-0.46945031762001,0.638747789213493,0.861130271879279
CDKN2AIP,5.36117407070042,0.0878425538632674,0.386824436051027,0.227086361864895,0.820356588702068,0.940195681505649
ING2,2.67937438933662,-0.317493518735726,0.487133546306086,-0.651758683308235,0.514556859066396,0.797942805141236
RWDD4,2.85711352286298,-0.208782407240151,0.491447350714506,-0.424831687334578,0.670959376324525,0.876206143027596
IRF2,18.0804728072368,1.5525756980089,0.221767216081132,7.00092522891617,2.54277629561303e-12,9.08384911122448e-11
RP11-326I11.3,1.75130997566218,0.611637794291149,0.653724942306389,0.935619485671215,0.349469138304723,0.67420861691563
CASP3,4.35659300507792,0.496858823416927,0.493809391810014,1.00617532120184,0.314331241368486,0.642204781790596
ACSL1,3.09196959793568,-0.276778141654575,0.557992185871662,-0.496025121251848,0.619876687141385,0.852090554460604
RP11-701P16.5,0.151912460212366,1.39076328141049,1.89653674881292,0.733317338712785,0.463364902300251,NA
SLC25A4,5.45657940692011,-0.141063926859732,0.369689547243081,-0.381574020449592,0.702777357400663,0.888418506015909
KIAA1430,9.59584736670014,0.333842266085484,0.274138767778463,1.21778568128412,0.223305426985538,0.541845016044485
ANKRD37,8.17204930018923,0.555439076416479,0.333031151983973,1.66782918987474,0.0953496395536285,0.339457823290581
UFSP2,4.60121267459099,-0.391186992217264,0.399332645739984,-0.979601834186068,0.327282699204203,0.653934187802418
FRG1_ENSG00000109536,13.6364124192987,0.153157403381781,0.226594093243361,0.675910837699068,0.499097256384588,0.788809698877855
CCDC127,2.56295259368152,0.0940234910217058,0.510003727745077,0.184358438785183,0.853732271967184,0.953077108565433
SDHA,15.0746078763612,0.27318887393927,0.204828155029782,1.33374669072984,0.182286887258426,0.488192714863582
PDCD6,48.8959007339059,-0.194767582517037,0.138870289132447,-1.40251441639383,0.160761688585352,0.455052211405532
EXOC3,2.16716414520755,0.514564626779428,0.554251966259159,0.928394770076152,0.353202830421312,0.677835379406878
BRD9,2.08075342367688,-0.0482856879332276,0.583980912943856,-0.0826836748650204,0.934103065989196,0.977567186599105
LPCAT1,3.57555021234222,-0.332587499599604,0.446426723747234,-0.744999082509931,0.456272274534512,0.763236937165374
MRPL36,16.4549952782398,0.131574740174336,0.25235503124636,0.521387425978787,0.602096909021002,0.842176954652238
NDUFS6,18.8728304765634,0.00548945708469039,0.218587403033074,0.0251133277056217,0.979964569563736,0.992741161083472
KIAA0947,3.37799422167981,-0.108653376617986,0.445088228271521,-0.244116491330127,0.807140600626255,0.937071199313496
MED10,26.4110810745002,0.218244029370444,0.182089832295664,1.19855143265812,0.2307024126486,0.550920552064424
NSUN2,7.51173529894414,0.281733484374734,0.320988850440312,0.877704892205044,0.380103888899613,0.699859530035543
SRD5A1,3.21595636809571,1.46359599084816,0.482327682524176,3.03444327140564,0.00240980070936459,0.0218995924114185
CCT5,40.8669084035045,-0.0180474666705477,0.163232749525557,-0.110562780587863,0.911963063265563,0.973845684304709
MARCH6,3.01294695958152,0.54046102919724,0.517340821476434,1.04469047629921,0.296166047893683,0.62290731990207
DAP,1.83286997790685,-0.682350323997945,0.641065932254446,-1.06439960332678,0.287147713411371,0.614595797980639
FAM105A,1.79094413385334,0.0566398749655508,0.631405290220193,0.0897044669134758,0.928522066172498,0.976024350434629
FAM105B,1.07874630259957,0.12980133301401,0.751816870805296,0.172650199875104,0.862926390556949,0.95507570493838
ANKH,3.09305280010563,-1.17617693431373,0.474784137036057,-2.47728776630211,0.013238511654641,0.085988075700364
ZNF622,6.87034758046735,-0.428536591532497,0.334553827737212,-1.28091970858904,0.200221869486773,0.513845990152266
FAM134B,1.98504308934166,-0.942270576168761,0.735674662424213,-1.28082510421627,0.200255104212524,0.513845990152266
MYO10,0.0386844800401195,0.442042704943031,3.05417699194027,0.144733820636311,0.884921035293415,NA
BASP1,15.0495693693854,-0.0551373303522115,0.224733606085924,-0.245345283745105,0.806189091598871,0.936161291496093
GOLPH3,2.07576539036507,0.64811329934117,0.609358234830794,1.06359980434356,0.287510031089583,0.61477893128753
ZFR,7.32405808036146,0.398833534986772,0.308636272655401,1.2922445296379,0.196272475112107,0.509311746273677
SUB1,83.2403541653886,1.80022272244319,0.126006511573418,14.2867435973283,2.64700508172746e-46,3.82646129953904e-44
TARS,13.380847885523,1.00825381505467,0.271801458577922,3.70952319509213,0.000207649934024995,0.00270031797050077
RAI14,0.0323575550748445,-0.379320188502241,3.05517703609203,-0.124156532999947,0.901191337516134,NA
RAD1,3.14346790229076,-0.264002878480225,0.439800778452199,-0.600278333770433,0.548320755670316,0.815930821457906
BRIX1,15.3903285651495,0.19466040947865,0.241367343479529,0.806490251218098,0.419960226908929,0.736029438035756
DNAJC21,2.40324913266777,0.252943403067929,0.65529296878196,0.386000483933305,0.69949631040224,0.886372545519633
IL7R,6.74105760057656,-0.203724819994473,0.37899032003438,-0.537546235946058,0.590890356373843,0.837545037219097
NIPBL,5.90116172922612,-0.154244473704975,0.376958384689389,-0.409181702728464,0.682406321052481,0.880049313622868
WDR70,1.81407041890462,0.708078624276626,0.633757634475638,1.11727036608006,0.263878742055728,0.587279004875906
RICTOR,4.86919987076443,0.800995496977619,0.429007196773273,1.86709104882672,0.0618888742161482,0.260285008205397
FYB,2.05679421464553,0.75256038736012,0.610408626708773,1.23287967179921,0.217620660739335,0.536797629823692
DAB2,0.0166851804699018,-0.233443170298403,3.0558605060609,-0.0763919589377195,0.939107266751526,NA
PTGER4,5.99411066991792,-0.827779841628976,0.368537761448942,-2.24611947056518,0.0246963565224533,0.139430110938756
TTC33,2.3226789296547,-0.419896403626985,0.559873714244197,-0.74998413560784,0.453264259535214,0.760192362665951
PRKAA1,3.39447224385295,-0.00883784336669681,0.473798934539171,-0.0186531516270562,0.985117801330325,0.995644623906838
RPL37,132.859501998643,-0.0277286794718866,0.0825486830400198,-0.335906987861257,0.736941007387059,0.909074280991856
CARD6,0.189940962628872,0.752419440662519,1.60552684913269,0.468643324818254,0.639324603823126,NA
OXCT1,4.02975860130621,0.511899024599966,0.419864087842897,1.21920173556617,0.222767633388771,0.541542279681111
ANXA2R,14.3644232203854,1.92753983850854,0.275897784793107,6.98642738271341,2.81974244355182e-12,9.88728682919606e-11
ZNF131,4.9728488762309,-0.045957048242292,0.369352058903509,-0.124426132559607,0.90097788333051,0.971054218186121
HMGCS1,2.09330134125749,-0.682976050100183,0.614193853950333,-1.11198776364736,0.266143411515369,0.590173650955131
C5orf28,3.2948444805205,0.146876582003894,0.467530598718739,0.314153945017518,0.753404119695609,0.913754834074747
PAIP1,8.92107887874275,0.601632921544251,0.278999834132828,2.15639168178796,0.031053093657,0.163296099955422
NNT-AS1,0.785124007947319,-1.27701289483981,0.89362660777733,-1.42902290926191,0.152997648971223,NA
MRPS30,8.97151220152072,-0.20142136028726,0.284375418426956,-0.708293851140289,0.478762794751212,0.776817941052868
EMB,9.22511419331352,0.455466999688125,0.272779060647754,1.66972860235882,0.0949730720543869,0.338699148531308
PARP8,3.17348565852856,1.17699868270065,0.461265757174826,2.55167149174385,0.0107207549309451,0.073070408608284
PELO,2.41946218915247,-0.125860131431641,0.552651697314822,-0.227738613747429,0.819849451683346,0.940195681505649
MOCS2,4.05732114476637,-0.120810294426816,0.410648010531992,-0.294194276675802,0.768609453789057,0.921422364125998
FST,0.268637285003375,-0.118286852049511,1.51514951435,-0.078069425445618,0.937772827903298,NA
NDUFS4,10.7805372292148,0.175866909229345,0.262860375374774,0.669050666075485,0.503463158559815,0.791283689913479
SNX18,1.17281754615152,-0.0189389123009878,0.723885704646246,-0.026162848885437,0.979127448026586,0.99235588757626
GZMK,0.579668003358731,0.202764482419982,1.12800313211835,0.17975524769971,0.857344718395737,NA
GZMA,0.410646038786995,1.28109585335688,1.10414482669855,1.16026070346896,0.245942678617805,NA
DHX29,6.62809801538058,-0.100505412922568,0.303012525766556,-0.331687321071336,0.740125375527035,0.910316250081378
SKIV2L2,4.23800563969028,-0.187641161126494,0.452385251321218,-0.414781782957064,0.678301656558937,0.879316600035527
IL6ST,1.3079893938478,0.677741990816728,0.715106888167943,0.947749213481999,0.343257140639547,0.667820465169147
GPBP1,51.578576544426,0.735480576116708,0.144421009963874,5.09261482315271,3.53158700397089e-07,7.51792630708324e-06
PLK2,0.55740820869363,1.22278915185856,1.07558869842862,1.13685570854825,0.255598610348332,NA
GAPT,4.90762449218796,-0.359970008733024,0.395480680169302,-0.910208833915537,0.362712386235974,0.687352574766202
PDE4D,1.70628664472505,-0.78096995065234,0.60347538290329,-1.29412064315719,0.195623752132187,0.508403579094452
NDUFAF2,7.13011168934899,-0.17349989608821,0.314455027386206,-0.551747884364784,0.581121097847929,0.832617195169028
SMIM15,7.66815445957989,0.434953140465837,0.298561341475048,1.45683007155897,0.145163292774809,0.430804914299601
KIF2A,5.28400641615716,-0.0568674615659958,0.376573770264955,-0.151012805607741,0.879965614333139,0.961064229109702
DIMT1,9.30812985576219,0.299639290459001,0.282458858805387,1.0608245453029,0.288769645218518,0.61587138642383
SREK1IP1,7.44838573348356,0.00844112425289041,0.292251630395262,0.0288830698445516,0.976957848295965,0.99151339278349
CWC27,4.600875401848,0.246171984823108,0.408122585442095,0.603181479300991,0.546387967133252,0.814667211249771
CENPK,0.613999188373562,0.2816408918849,1.06345879030191,0.264834796094867,0.791136730251775,NA
PPWD1,5.49193629826429,-0.176506776480126,0.359243615857088,-0.491328916337217,0.623193831137285,0.853944764451818
TRAPPC13,1.92248250662242,0.868766478528266,0.658055740627149,1.32020195994385,0.186767597783326,0.494230475871075
SGTB,1.68334734129861,-0.377838005943528,0.715702116728045,-0.527926349681455,0.597550455370038,0.839792727299619
NLN,1.13649121219411,-0.772902701019814,0.871392421699736,-0.886974320378172,0.375092726240022,0.697512380818435
ERBB2IP,3.81986531730878,-0.689142973408517,0.424055254309982,-1.62512542034147,0.104135837421684,0.357628931167507
SREK1,7.7131944801962,0.447079670575717,0.291284086706854,1.53485786206252,0.124818746064716,0.395853737519528
CD180,1.3562318972229,-1.34162574622266,0.721334268491914,-1.85992237555494,0.0628965091219288,0.262236250151016
PIK3R1,4.23115456245313,-0.359126289083522,0.408929574478547,-0.878210605191535,0.37982943782002,0.699561417922738
SLC30A5,4.26799721557612,-0.657992312066153,0.526857169235509,-1.24890074670698,0.211701378478131,0.528276101413112
CENPH,5.23474115312796,-0.103826176039058,0.403477778268256,-0.257328114784126,0.796925490572449,0.932439694946943
MRPS36_ENSG00000134056,10.7040714024823,0.0313797175688106,0.243161965986287,0.129048625847104,0.897319172614959,0.970300651985212
CDK7_ENSG00000134058,2.81904411937205,0.417230887660797,0.497754247867191,0.838226674003434,0.401903408840635,0.720038669524694
TAF9_ENSG00000085231,32.2528501001943,-0.0517026463891627,0.177831153878828,-0.290740093967969,0.771250104957034,0.921422364125998
RAD17_ENSG00000152942,3.02302245052976,-0.0735141704368646,0.476322945910646,-0.154336823510189,0.877344164172702,0.960304864324268
GTF2H2_ENSG00000145736,1.49753851831075,-0.161586762807004,0.752494982394518,-0.214734671443015,0.82997418917559,0.94489369229221
BDP1_ENSG00000145734,7.36970288930877,-0.0679741725818202,0.299359663772315,-0.227065235594063,0.820373015996849,0.940195681505649
MRPS27,2.80057991233002,-0.28493491891197,0.496010960429479,-0.574452868269796,0.565661385802389,0.822162832925441
TNPO1,5.56795380609884,0.0370185783906603,0.348415893184366,0.10624824847204,0.915385390815269,0.974987639149784
BTF3,187.282300373581,-0.253789939828423,0.0746019170481715,-3.4019224956987,0.000669136112988343,0.00760393067337393
ANKRA2,1.96771105393523,-0.00226594974443359,0.581409369933255,-0.00389733957107317,0.99689038080017,0.999330962586761
HEXB,8.38114188523568,-0.95331717374877,0.336735370616684,-2.83105743243694,0.00463943895635805,0.0378958640640232
GFM2,1.9432050751538,0.187431062471238,0.585505302781169,0.320118471311762,0.748878523768643,0.911678202848783
NSA2,10.4757558812361,-0.573461442065049,0.270568848209423,-2.11946588034844,0.0340511142975977,0.173209268800219
COL4A3BP,3.33998058746687,0.447935197694009,0.443081123418083,1.01095527211469,0.312037837860796,0.639507814092551
POLK,2.79595884419308,0.419425420616375,0.464186570100035,0.903570778719398,0.366223041796468,0.690132438455656
IQGAP2,2.93347374431904,0.531042461055715,0.483250101016369,1.09889777558003,0.271812657027222,0.598106244068028
F2R,0.260884034164652,-1.84026530272951,1.32793161204032,-1.38581330999569,0.16580391707271,NA
AGGF1,3.59373387683754,0.196653301669859,0.430972364789213,0.456301419154895,0.648173243575757,0.864947395773462
WDR41,3.77971328134844,0.690335701864237,0.506133865644023,1.36393896698817,0.172586775404298,0.473704730258402
TBCA,28.8925518804109,0.27243215965404,0.15837963495513,1.72012114897994,0.0854104221473606,0.317151244962959
AP3B1,12.3467639729912,2.28025615685824,0.331476616731203,6.87908601018249,6.02377845209323e-12,2.04610966438314e-10
CTD-2037K23.2,2.08998979909624,1.66204791484713,0.633875163536537,2.62204296753667,0.00874044106847368,0.0630285170320562
SCAMP1,1.89672748305816,-0.728463405629193,0.610229906059337,-1.19375238479112,0.232574842369661,0.553423629691435
LHFPL2,0.218821808066667,0.860274695270617,1.57624598567094,0.545774392506658,0.585221027731733,NA
PAPD4,5.01921098826575,0.233451023028796,0.36857850175563,0.633382093412427,0.526484155611743,0.804875925057205
SERINC5,0.308039519615046,-0.758626832272536,1.28681835681603,-0.58953684352903,0.555501204250344,NA
ZFYVE16,0.817206092677269,0.181085615421625,0.855029678310886,0.211788689931045,0.832271892506663,NA
ZCCHC9,5.72981486044324,0.0473937408836201,0.462508163636406,0.102471144532874,0.918382715588552,0.9751814025147
SSBP2,2.20440683536958,-0.679429281481986,0.537924452378127,-1.26305706773186,0.206568671472235,0.520804356092983
RPS23,592.139337831903,0.00118329858350264,0.0569965106299512,0.020760895192079,0.983436392126278,0.994799123426679
TMEM167A,10.084702875998,0.136443360528446,0.269457238684915,0.506363685734913,0.61260136257884,0.846995373923054
VCAN,0.364822849466531,-1.82162979606488,1.44812167371977,-1.25792592509557,0.208418546820605,NA
COX7C,73.2588319089317,0.292324366997913,0.116650840587041,2.50597737253157,0.0122113434227318,0.0810958447817315
CCNH,9.20794659218673,-0.474581022801456,0.314583663630883,-1.50860034282742,0.131400946520391,0.406289404933139
MEF2C,15.0039380859458,-0.465317523228818,0.262457911459258,-1.77292244932403,0.0762415581650301,0.294908229965045
CETN3,1.58526144163322,0.119081631614809,0.698008720523424,0.170601925324818,0.864536783931163,0.955880585008201
LYSMD3,1.64801336629352,0.355349708197553,0.679993852903343,0.522577824314633,0.601268075811551,0.841775306136171
LUCAT1,0.0490427355447462,-0.584001260124786,3.05323034309532,-0.191273239978591,0.848311525420231,NA
ARRDC3,1.39317742440697,-0.718035593755116,0.694492894743576,-1.03389912148811,0.301183325764314,0.628231448029218
FAM172A,1.89068833244763,-0.144622893832063,0.58304456322055,-0.248047753045175,0.804097459465825,0.935129992149592
ANKRD32,2.29880919648044,-0.762718140717451,0.550450450752545,-1.38562542672952,0.165861309961682,0.462294397386285
TTC37,2.14863271619604,-0.0178876529482019,0.591477994356164,-0.0302422966177685,0.975873816122082,0.991505662146921
GLRX,17.2953137672967,1.6950969730619,0.220354032913107,7.6926069863688,1.44166839384998e-14,6.01436962159161e-13
ELL2,3.5506552165943,0.0175214228019682,0.512860225927953,0.0341641287745905,0.972746270923446,0.990240501899755
CAST,32.2071381185389,1.31519053005244,0.172279871524562,7.63403477384724,2.27518503104269e-14,9.12422590513638e-13
ERAP1,1.57900296983043,0.598239783626328,0.674228201297737,0.887295699697597,0.374919720203105,0.697512380818435
ERAP2,4.81102559051415,0.96163510254047,0.468889986611226,2.05087574910785,0.0402790483547284,0.194844019122951
LNPEP,3.58037996621742,0.99197608290447,0.450040667082113,2.20419209965191,0.0275108371524847,0.150138159560882
RIOK2,6.00156904882409,0.924580129375998,0.363782081471864,2.54157688480736,0.0110353672514787,0.0747150323998605
CHD1,14.3157936977245,0.0368141543807066,0.237633626782655,0.154919801877946,0.876884542474185,0.960139918270131
FAM174A,1.11563729922284,-0.613501515074081,0.785712794999378,-0.780821591526414,0.434907433109939,0.7482381965711
ST8SIA4,4.81478297655226,-0.114064238066766,0.374430313861249,-0.304634090361162,0.760644852990443,0.917416262318137
PPIP5K2_ENSG00000145725,2.43731840495349,0.268666240347698,0.541470249346591,0.496179135736278,0.619768030086328,0.852090554460604
PJA2,5.93702529049616,-0.558277642298968,0.362901879478228,-1.53837076595373,0.123957985938895,0.394532944493687
SLC25A46,3.38727359875625,-0.109812947624824,0.455531947193252,-0.24106530464314,0.80950450276693,0.938558209902837
WDR36,2.14159945145479,-1.33559032322825,0.595190291008466,-2.2439719588928,0.0248342055912544,0.139827374959454
CAMK4,1.43482260418807,0.139855524349803,0.667700964951366,0.209458322948493,0.834090467200097,0.946987117233853
STARD4,1.41114617928311,0.372571293336017,0.703129291010475,0.529875939033332,0.596197949482708,0.83901284492146
EPB41L4A-AS1,10.6176717346544,-0.3086504015827,0.276008550736235,-1.11826391160489,0.263454295179788,0.586839417548376
APC,1.08163627630353,-0.991653791944913,0.793112837354644,-1.25033128356929,0.211178555107493,0.527394896965921
SRP19,18.4066539041134,0.192764614760866,0.201815641491931,0.95515200574071,0.339500832636024,0.665992196910221
REEP5,23.5992795694166,0.352393815208241,0.184367743237292,1.91136371808104,0.0559578558802473,0.243070602481913
DCP2,3.72300207929775,0.0665848457969088,0.424951612424737,0.156688064829267,0.875490693775816,0.959120576755459
TRIM36,0.0577316880106304,-0.379320188619758,3.0551770360915,-0.124156533038434,0.901191337485662,NA
PGGT1B,2.66190107937175,-0.190208682323794,0.532053129462984,-0.357499414608796,0.720717964354232,0.898335760052004
FEM1C,1.40769543689015,1.09553302188334,0.750567452691015,1.4596063524411,0.144398292394449,0.43008135386866
TMED7,4.56642681092111,0.545150702548646,0.444252154692832,1.22711999658297,0.219777493103575,0.538855167874784
ATG12,10.5297081710545,0.126986405353307,0.24720788520897,0.513682665283767,0.607473873461502,0.845039390946641
AP3S1,18.070203789217,0.245496260587635,0.202557167479271,1.2119850590464,0.225518099964571,0.545031302247189
COMMD10,3.39041645268777,0.642866468985357,0.455422057603676,1.41158395438282,0.158072499683099,0.449898652944205
DMXL1,4.01036613117986,1.20802525738986,0.453844431165836,2.66176067047177,0.00777331264435257,0.0576597988034553
TNFAIP8,36.154292195293,0.784951695497239,0.185218626422987,4.23797385099181,2.25546030567106e-05,0.000363210913472832
SRFBP1,7.00750921073753,0.970841031049079,0.326501122384621,2.97346919961096,0.00294453957163034,0.0260359288438893
SNX2,61.2754474004049,0.830564647494255,0.174241344002016,4.76674839861569,1.87222869053354e-06,3.58085339703276e-05
CSNK1G3,4.91776036773622,0.0703408921634475,0.394858223709162,0.178142148092268,0.858611341991717,0.953586263561639
PHAX,11.3650533456691,-0.481275498008175,0.259842739399612,-1.85217989588703,0.063999994671738,0.263812793608338
LMNB1,6.63058169345958,2.16652222631818,0.365571636079229,5.92639584830548,3.09655626843855e-09,8.26102736678713e-08
MARCH3,7.26525920989252,0.0462176803650256,0.304927190148663,0.151569561056503,0.879526442736918,0.961064229109702
PRRC1,1.03274108257179,-0.562810302053806,0.757562372740092,-0.742922724657152,0.45752846660744,0.764098432121468
ISOC1,9.18409965629239,0.391795686593997,0.266766827162942,1.46868218496555,0.141919011720969,0.425669717464144
HINT1,135.429936582715,0.0163388406697377,0.0920637171178727,0.177473180328125,0.85913672982525,0.953586263561639
LYRM7,4.13544202011944,-0.462743437384862,0.390131020159546,-1.18612315728091,0.235573666643331,0.554580823455767
CDC42SE2,21.7574468233661,0.603695769142297,0.216375008746815,2.79004388093957,0.00527008983458194,0.0419447866987982
CSF2,0.458593329918127,-2.48185123404395,2.75691416956333,-0.900227965543467,0.367998946601711,NA
C5orf56,21.2323547164011,2.55406695565259,0.225336254099508,11.3344697499264,8.85668668188801e-30,7.75396681895998e-28
IRF1,50.5217359469275,1.33070888765232,0.159139757488306,8.36188837192429,6.17222321839828e-17,2.95127227119721e-15
RAD50,5.69693892524621,0.197903199046218,0.32794463581664,0.603465272586038,0.546199211128511,0.814581165157108
KIF3A,3.15980938813601,0.225212316944755,0.449083318843456,0.501493392194469,0.616023927114663,0.84942429701525
UQCRQ,20.5481483393949,0.0796784894551884,0.186095030417341,0.428160221562604,0.668534474823481,0.875339520092545
AFF4,2.43457584273684,-0.791122110056009,0.547099053300001,-1.44603085178837,0.148168548668611,0.436223111077961
ZCCHC10,11.5551947495769,0.0903679844751939,0.272686418616549,0.331398919438921,0.740343180989334,0.910316250081378
HSPA4,11.6625856269698,-0.0210298790872271,0.262736693114945,-0.0800416524920892,0.936204128325313,0.978396083872473
C5orf15,6.39960207673578,-0.0220014623472083,0.351927369129948,-0.0625170540205536,0.950151081359553,0.98210030668632
VDAC1,21.9711035284681,0.00493279097704877,0.221192925478875,0.0223008532771537,0.982207968235749,0.993942382370881
TCF7,2.51174272301814,-0.347580696537115,0.530868024921538,-0.654740312507025,0.512634965670384,0.796832355107668
SKP1,108.556655128709,0.0344744158897321,0.109522691419753,0.314769619362315,0.752936580264592,0.913576768089929
PPP2CA,17.84310018424,-0.317535830978537,0.200363070747009,-1.58480217833893,0.113011287328777,0.374260523065148
UBE2B,42.4957478816618,0.105392420795404,0.145423087692928,0.724729631775857,0.468617912802944,0.767616724714575
CDKN2AIPNL,5.35099652162713,-0.296320869005034,0.378987262007126,-0.781875537018608,0.43428772297002,0.747792932404887
JADE2,1.98486458275514,0.783972389425209,0.638220545313199,1.2283722220827,0.219307270563079,0.538819760403202
SAR1B,8.22789767539682,0.569371680635486,0.288987623050437,1.97022860226825,0.0488121769069731,0.221471891718062
CAMLG,14.3455957130523,0.0270029067178655,0.238980946791723,0.112991881069913,0.910036991959528,0.973693868141371
DDX46,11.9897722574534,-0.289997470204435,0.239855525441702,-1.20905061357413,0.226643401011963,0.545744635304982
C5orf24,3.03698406186398,-0.124674417629029,0.471029600315336,-0.264684889326625,0.791252219024008,0.93069852646282
TXNDC15,7.25476559323533,0.0329468493553894,0.309577241960748,0.106425295175822,0.915244924395854,0.974987639149784
H2AFY,16.7362590670242,-0.523570891669384,0.236344960651621,-2.21528265390495,0.0267406696961781,0.147227637583209
TGFBI,0.42089431609037,-2.16951707033345,1.19709434663234,-1.81231920143699,0.069936889318665,NA
HNRNPA0,57.6305475077215,-0.0349703519951822,0.117875840625872,-0.296671071947433,0.766717644481217,0.920417958121704
CDC23,1.17675913785447,0.172193898349462,0.745670554718278,0.23092490009146,0.817373146008314,0.939644208060827
FAM53C,1.68074816568091,-0.653786420590127,0.759606133340236,-0.860691339754216,0.389408064098475,0.710183334445446
ETF1,8.96631451048794,0.00088436200718632,0.289486529420178,0.0030549331913911,0.99756251976365,0.999330962586761
HSPA9,23.391551165623,0.00173880547736047,0.200885947239133,0.00865568498572282,0.99309384882265,0.998024296035169
CTNNA1,2.3901302745723,-0.359149906901094,0.535313053798268,-0.670915652724656,0.502274264224778,0.790414386435752
SIL1,1.79205703985906,0.210549547666975,0.594748588391168,0.354014371411162,0.72332811297182,0.89978137887389
MATR3,22.4188008464909,0.00435183917712254,0.19358668655035,0.0224800540505696,0.982065022541694,0.993942382370881
PAIP2,46.3625533122044,-0.259612592525883,0.129133344116763,-2.01042259303019,0.044386481256874,0.207604490212738
MZB1,3.55421850465827,-0.0121652149455659,0.831718549855178,-0.0146266004860469,0.988330077402199,0.9966005794962
TMEM173,0.691812904514614,0.565327473418445,1.16098922974719,0.486936018813498,0.626303672722899,NA
UBE2D2,34.5496493536045,-0.220316774187448,0.151181987538283,-1.4572951300277,0.145034930558425,0.4307391917588
CXXC5,6.88624971721798,-1.9688396791072,0.407526792488294,-4.83119077174232,1.35718882751026e-06,2.63633929743868e-05
PURA,1.78800637431419,0.429619685657482,0.607569835580379,0.707111611699894,0.479497120544317,0.776911628102744
CYSTM1,28.9521939223608,-0.274321158824432,0.183791659883379,-1.49256587049976,0.135550862763833,0.414657560501963
PFDN1,9.27032227245447,0.488515004440222,0.285882112474996,1.70879877796814,0.0874882291823209,0.323129431133278
HBEGF,0,NA,NA,NA,NA,NA
ANKHD1,1.85876763220383,0.0430741871868427,0.57419533765267,0.0750166090914834,0.940201496984051,0.979764041115316
SRA1,12.933266837398,0.112514348027902,0.219674024789357,0.51218776610385,0.608519604372593,0.845039390946641
SLC35A4,3.3519554484172,0.318727874271717,0.458353720660438,0.695375339841171,0.486820110652621,0.781123853334201
CD14,0.785241899665545,-1.83416610362058,0.902235046799688,-2.03291382897011,0.0420612296408024,NA
NDUFA2,19.7805621192849,-0.0412715414417803,0.187291326278288,-0.220360132323783,0.825590692059066,0.941533164784864
TMCO6,1.10030316298374,-0.355827502576882,0.778992962135836,-0.456778841237894,0.647830015502007,0.864947395773462
IK,16.1304331432324,0.129766548129867,0.220117591269069,0.589532837342573,0.555503890840431,0.81840089442286
WDR55,1.70781829505543,1.22543055926953,0.651865197588508,1.87988339276717,0.0601239717297891,0.255804660008466
HARS,6.38776866160972,-0.64197700831139,0.326657718009452,-1.96528957657389,0.0493807313146,0.223074582740955
ZMAT2,13.5887768234928,0.01734812799376,0.22118118193575,0.078434014331289,0.937482817338059,0.978396083872473
TAF7,26.9448068171853,-0.0315655990455119,0.161288984082802,-0.195708338204343,0.844838457677547,0.950844804078152
DIAPH1,2.14160207685986,0.600510555006398,0.564205530258679,1.06434716216106,0.28717146038715,0.614595797980639
HDAC3,6.50279498965087,-0.219277381526698,0.312835825354329,-0.700934367981467,0.483343975162455,0.77933906965771
RNF14,1.16256438872344,-0.0914046486236478,0.713938722193365,-0.128028702999655,0.898126258247039,0.970407234705996
GNPDA1,3.53418208848204,-1.22800009930071,0.494894379755064,-2.48133773494958,0.0130890289458412,0.0852844904898837
NDFIP1,17.6654139749749,0.322947554268546,0.225579586952717,1.43163465556055,0.152248406177452,0.44099538341055
ARHGAP26,0.303691581574516,0.612576667128471,1.27147064032047,0.481785931741274,0.629958024211139,NA
NR3C1,38.6753421407675,0.583648023518438,0.156524742261771,3.72879082939072,0.000192400770126681,0.00253919997262728
YIPF5,9.32086908865045,-0.420720523909408,0.278933996608306,-1.50831569125726,0.131473749124737,0.406289404933139
LARS,14.5202693610037,0.189364602985013,0.245585765151853,0.771073204784175,0.440663541953491,0.752479888355233
RBM27,6.8952876965934,-0.268903870835541,0.341622513236781,-0.787137440936633,0.431201413869999,0.747230728891465
TCERG1,2.54191783010376,-0.942050433844619,0.53709409800355,-1.75397651425764,0.0794345315014549,0.303640632351887
JAKMIP2,0.199166697436715,0.440605202505518,2.31653161787842,0.190200383670586,0.849152110483257,NA
SPINK1,0.0224953582478284,0.35274060894598,3.05510878660049,0.115459263019725,0.9080811078806,NA
ADRB2,3.31661168697859,2.36955138950504,0.592182074052006,4.00138993281472,6.2971486020329e-05,0.00090191418687181
CSNK1A1,14.9288672944412,0.142713421402548,0.236344732771888,0.603835844906642,0.545952785492579,0.814581165157108
HMGXB3,1.45864074813357,0.166546780122241,0.677095453707983,0.245972379832384,0.805703613449982,0.935980511456425
CSF1R,0.0386844800401195,0.442042704943031,3.05417699194027,0.144733820636311,0.884921035293415,NA
TCOF1,3.83705731286314,0.156143539323801,0.422322960000293,0.369725433170134,0.711587079610272,0.891959122173311
CD74,1513.81710699451,-0.115946107461561,0.0800204159884451,-1.44895656976219,0.147349711532315,0.434706125716597
RPS14,1009.14358941297,-0.0329904793929739,0.0659355048231416,-0.500344685029167,0.616832395074777,0.849973435554159
RBM22,11.1253160080536,-0.0695063016977168,0.246459166929855,-0.282019543292131,0.777928524906986,0.924236183261052
TNIP1,9.14444256144861,-0.449119856673653,0.331701509869968,-1.35398797807618,0.175740213181609,0.478462666439627
ANXA6,16.3518549162212,-0.37466153402605,0.230756758425936,-1.6236210656699,0.10445670672362,0.35813728019527
CCDC69,3.06520806580635,-0.273593125748011,0.472598932934105,-0.578911856718387,0.562648649441226,0.821184316723799
GM2A,2.34231621437647,-0.292060385194556,0.67648042388797,-0.431735161700589,0.6659339087656,0.873193028934347
SPARC,0.215950384678534,1.090671120406,1.59039201926604,0.685787596513053,0.492847059021272,NA
ATOX1,9.79003952875514,0.771776342368602,0.286323098946929,2.69547355839305,0.00702886562253417,0.0531525896711343
G3BP1,17.9806767046293,0.0384849382845115,0.204222283155998,0.188446322750756,0.850526789804506,0.95241839766255
LARP1,3.05501390093124,-0.150833095624299,0.49579297768682,-0.304225962069951,0.760955746793579,0.917563685630044
CNOT8,3.70222703778068,0.147205678632131,0.423250881402296,0.347797689503719,0.727992124977937,0.903053092968041
MRPL22,15.9336024113081,0.493951903019987,0.219431179953848,2.25105613123841,0.024381982440232,0.138031332284592
HAVCR2,0.481706497902373,1.04416878972591,2.21522099007144,0.471361003893447,0.637382958680804,NA
MED7,3.41386130847978,0.0288254451746014,0.4707696191403,0.0612304702823459,0.951175663475793,0.98210030668632
ITK,0.607509390814291,0.418781693817332,0.990978028437099,0.422594327825618,0.672591265749162,NA
CYFIP2,2.63524008018372,-0.865257564221473,0.500882870090839,-1.72746487430195,0.0840842082952746,0.314481010086298
ADAM19,1.05438276967534,2.35583071377466,0.891858632047078,2.64148445630596,0.00825435946695262,0.0602927126281757
THG1L,3.12923037521952,0.317842799294352,0.49403913634796,0.643355507508803,0.519993446471296,0.7994754546786
CLINT1,5.24355195060004,-0.126783232663621,0.40783723438816,-0.310867233232939,0.755901555218295,0.914496704405784
RNF145,7.75554910750783,-0.383666486051522,0.34134134698053,-1.12399651974598,0.261014502376414,0.585345640265224
UBLCP1,2.8960540848254,-0.601314113934027,0.468891605337745,-1.28241603621992,0.199696741730174,0.513735036020481
TTC1,17.8839247301249,0.165771932133826,0.201346214238809,0.823317849608089,0.410327265689596,0.728533071558564
PWWP2A,3.04676768984764,-0.193348315223104,0.479597765267795,-0.40314682266116,0.68684021706026,0.881742831318995
SLU7,14.8818423285225,0.389323714252004,0.209854622028519,1.85520676403827,0.0635667061460879,0.263594609016653
PTTG1,3.19647094861546,0.834439520001593,0.494480599919993,1.6875070935778,0.0915058870921789,0.330890398001736
CCNG1,10.1506814541323,-0.380439080761857,0.278941586064901,-1.36386648591487,0.172609590417516,0.473704730258402
NUDCD2,11.981412259764,0.408586299850316,0.244319999099741,1.67234078812973,0.0944571409228529,0.337246173450002
MAT2B,25.1737700190233,0.586002598565371,0.180052470839201,3.25462125476029,0.00113543678249902,0.0118619748571662
RARS,5.43632681467266,-0.175671154814518,0.344154983232584,-0.510441990885824,0.609741845067184,0.845039390946641
DOCK2,1.04510466488911,-1.25495625966146,0.944022138299039,-1.32937164156199,0.183725389001203,0.490355095762763
LCP2,0.199190335939925,-0.865780237481954,1.58393978526351,-0.546599211369592,0.58465411100965,NA
NPM1,210.504690312571,-0.235692170260632,0.108851923726759,-2.16525498301957,0.0303681637591405,0.160790890908703
STK10,2.01440449185245,0.956701301328464,0.619205603983565,1.54504625793706,0.122335074788644,0.391403049902371
DUSP1,8.11723644577581,-0.641550381163913,0.318182528155078,-2.01629669889111,0.0437689599091478,0.205751368682979
ERGIC1,1.8481557603857,-0.771289811354578,0.560278155813741,-1.37661945830168,0.168629931702249,0.466905859893621
RPL26L1,7.05801191699666,-0.0226618182576448,0.307753273843674,-0.073636319037685,0.941299771161085,0.980086997912447
ATP6V0E1,90.8429092669662,0.102271516656813,0.0954347528800346,1.07163809378092,0.283882616292076,0.610924378557947
CREBRF,2.70819344061532,1.10912187856984,0.559366509486957,1.9828178122196,0.0473877836460236,0.217389271692755
BNIP1,2.06967863529218,0.174025504929565,0.59575778691892,0.292107814200083,0.770204192253097,0.921422364125998
BOD1,4.92136102604587,0.167840900114961,0.367381935372887,0.45685670403093,0.647774045513781,0.864947395773462
SFXN1,2.65845612581818,-0.665828377830829,0.516741650187408,-1.28851308499973,0.197567416923873,0.510848196172545
THOC3,3.49798903332842,-0.533640739889521,0.47539196514689,-1.12252789069465,0.261638055713755,0.585345640265224
KIAA1191,2.45152541062027,0.628749506113518,0.561167731556415,1.1204306141582,0.262530305151659,0.586030252940374
NOP16,10.0112380354138,0.0423317628075062,0.25080007012588,0.168786885849989,0.86596427389951,0.956213789262184
HIGD2A,26.7084988317143,0.133424072394144,0.183745152582037,0.726136556634187,0.467755060380403,0.767616724714575
CLTB,7.61850379300915,-0.328266543679182,0.307470835591576,-1.06763473370603,0.285685309443618,0.612774286922543
FAF2,2.63280360498517,0.325384712923808,0.499254975817089,0.651740550790261,0.514568558340123,0.797942805141236
TSPAN17,1.58862830558121,-0.369306137680866,0.688971725015833,-0.536025099828848,0.591941203528987,0.837774708819713
UIMC1,2.34287543980395,-0.526184356891388,0.509034048884593,-1.03369186804768,0.301280235935505,0.628231448029218
NSD1,9.24548924536308,-0.362416725470931,0.29371572147851,-1.23390305308341,0.217239031731902,0.536069004067289
RAB24,0.821643612689348,-0.14110554586077,0.911755018134418,-0.154762565660995,0.877008503845007,NA
PRELID1,32.9852383471824,0.128937344440602,0.167374572039454,0.770352048519107,0.441091089503258,0.752627563094222
LMAN2,33.1020374775423,-0.119168394789092,0.152038839572466,-0.783802317382809,0.433156113873179,0.747664486060718
RGS14,0.684358462513042,-2.66121441372253,0.990048922159613,-2.68796253817192,0.00718894613410704,NA
GRK6,1.34712640338008,-0.0586034441423893,0.698837658517792,-0.0838584518565942,0.933168973769718,0.977236453141736
PRR7,0.926359072514603,-1.41809695223427,0.89710039306685,-1.58075613743332,0.113933807157782,NA
PDLIM7,1.01003267188615,-1.28064711018105,0.820417000812762,-1.56097095612639,0.118530603812682,0.38514701165689
DDX41,2.25154057668986,-0.791345859579602,0.545642872290273,-1.45030000347667,0.146974878104649,0.434218556225522
TMED9,33.0561133523064,0.00632166068200856,0.167287766495273,0.0377891391250489,0.969855803911087,0.989434379962468
B4GALT7,3.597472290162,0.147428734078402,0.429800737352543,0.343016475463779,0.731586065646246,0.905523493440275
RMND5B,3.61964905855388,0.0217274743084273,0.454432615444166,0.0478123126950091,0.961865823668398,0.985481491944094
NHP2,39.2817893194343,-0.231940850420747,0.209815515425028,-1.10545137689603,0.268964052168221,0.594340756586443
HNRNPAB,5.46704988023483,-0.0826952129103528,0.394191532804476,-0.209784346005653,0.833835991284444,0.946987117233853
PHYKPL,9.7370777663452,0.332532372521877,0.313249549555559,1.0615573844996,0.288436668751105,0.615489987283511
CLK4,7.25824253542029,-0.0383832285571372,0.333503648829001,-0.11509088039039,0.908373088264716,0.973525364940254
ZNF354A,3.5973044464815,-0.577034779117156,0.489516447764422,-1.17878527218528,0.238483690335367,0.558769174189461
RUFY1,4.20730223086558,-0.338318105355955,0.410262073864998,-0.8246389976259,0.409576574212847,0.727642665008755
HNRNPH1,3.90440732784731,-0.76185347312652,0.44841118652734,-1.69900639416825,0.0893179788440372,0.326054872995897
CANX,10.4344388102026,-0.132094184981506,0.292821480456599,-0.451108247849612,0.651911533506291,0.866798308508044
SQSTM1,44.8792233565207,-0.494969864839175,0.188861286351366,-2.62081167825105,0.0087720704192882,0.0631833021162172
C5orf45,3.12891608936996,-1.05634625238581,0.531743083680106,-1.98657262276927,0.0469697775857058,0.215949805823038
RNF130,2.80798071278526,-1.4038359206782,0.586278856481679,-2.39448498808701,0.0166437247539288,0.103457393070421
MGAT1,4.60246687844312,-0.426901920415988,0.379536762694769,-1.12479728547221,0.260674945017189,0.58517712467564
LINC00847,2.13831231799269,-1.00350863508373,0.62507067918347,-1.60543226310762,0.108398708977486,0.365404758678989
ZFP62,1.61194877843929,-0.456919603477164,0.723561553727379,-0.631486846037318,0.527722247320003,0.805579933531714
GNB2L1,392.737459186769,-0.314274217958765,0.0826726738469942,-3.80142800921627,0.000143864540541065,0.00194404779131143
DUSP22,7.69195171014548,-0.1397022616166,0.314366762900503,-0.444392595221067,0.656758766085372,0.868968175816661
IRF4,3.2854133945028,-0.572395287397534,0.490230779568528,-1.16760373124944,0.242966644435937,0.564805232204643
EXOC2,2.72690026892103,1.00996769341724,0.577737977524728,1.74814142865311,0.0804395407604217,0.306380015543371
GMDS,2.40026589763298,1.33127615725913,0.581873002855933,2.28791531953708,0.0221424529900435,0.128584601816165
SERPINB1,25.0203270470515,0.490287271966678,0.190323633079626,2.57607142125937,0.00999300026325049,0.0693750963072216
RP11-420G6.4,3.87594559129744,1.72253346565276,0.4728779618093,3.64265963899459,0.000269835527905598,0.00339533935518462
SERPINB9,10.3041950358679,0.602069966485935,0.281196103643732,2.14110351702718,0.0322656911334617,0.166561468643057
SERPINB6,4.66628725418484,0.411069213324915,0.415071407226552,0.990357818360993,0.321999255289494,0.648379452827824
NQO2,1.34126288468035,0.685798014989784,0.677690851545769,1.0119629229545,0.311555781569142,0.639177359372326
RIPK1,1.1707154222803,1.05711616365399,0.724772557106799,1.45854882788866,0.14468932669193,0.43026683765299
TUBB2A,1.22801517533287,0.976184996587721,0.807666104578561,1.20864920671283,0.226797643371328,0.545789450714741
PSMG4,6.46314880383965,0.156053697992289,0.327297791637193,0.476794228313257,0.633508656073635,0.85923409545606
PRPF4B,5.04600193513462,-0.253006208170479,0.390017996038176,-0.64870393351212,0.516529761421383,0.798271731090971
ECI2,4.95879935295219,-0.381131642678478,0.373855299015451,-1.01946299459227,0.307983212777661,0.636021146387356
RPP40,2.59550430731686,0.148876782771521,0.523621163670347,0.284321553636148,0.776163970022864,0.923816391994954
LYRM4,9.06590510185602,-0.0511802836989695,0.282499686997948,-0.181169346567599,0.856234654328213,0.953586263561639
FARS2,2.22773959637257,0.198913078429869,0.591398064444874,0.336343810351464,0.736611616415041,0.909074280991856
F13A1,0.171702356427425,-1.35831326256876,1.81250534338058,-0.749412004510456,0.45360891773463,NA
LY86,13.1827911647882,0.584960336483808,0.327144658948107,1.78807851659469,0.0737633411283663,0.289465232609801
SSR1,10.8182718757282,0.415795338213702,0.277731092708966,1.49711483204156,0.134363381061506,0.412038863679488
RIOK1,8.93431656661615,0.0638919852777783,0.324945320903818,0.196623804583695,0.844121940880901,0.950382536590415
SNRNP48,3.08147537370536,-0.415607816999345,0.454693053425718,-0.914040392453987,0.360695621646214,0.685024132035705
BLOC1S5,3.82123535952242,-0.179171393425655,0.407648104157312,-0.439524657660404,0.660281419398022,0.870294593506807
EEF1E1,11.6349436876023,0.226329554194385,0.251732591940219,0.899087211751004,0.368606209187139,0.691595592003398
SLC35B3,3.2291185132715,-0.37323883655511,0.505916554259976,-0.737747823059598,0.460667705275936,0.765950298176077
GCNT2,4.48361104654056,2.62225386909754,0.488935925702209,5.3631850949211,8.17671413256205e-08,1.85498011124108e-06
PAK1IP1,7.99016938054055,-0.385728983847664,0.358993793296242,-1.07447257041951,0.282610932124546,0.610237219614429
TMEM14C,8.92742841400714,-1.03039416970308,0.296356229059363,-3.47687704413558,0.000507290398682533,0.00593845031678084
TMEM14B,16.7250117179949,-0.244638078033131,0.218301595804093,-1.12064264639033,0.262440004400451,0.586030252940374
NEDD9,0.945365581799768,-0.14263059944143,0.790866066239393,-0.180347350240535,0.856879884918107,NA
ADTRP,1.75562591912494,0.58447655306631,0.721260592963548,0.810354203138682,0.417736631017259,0.73434697353034
HIVEP1,1.23648686744839,0.668864320649219,0.734990871008576,0.910030786819684,0.362806273778621,0.687352574766202
EDN1,0,NA,NA,NA,NA,NA
PHACTR1,10.855666441207,-0.170145837494721,0.261231026328988,-0.651323236315901,0.514837851826357,0.797942805141236
TBC1D7,1.51873582415817,-0.324445097073792,0.687177891472582,-0.472141349568923,0.636825899749021,0.86064619521093
GFOD1,2.4012160512157,-0.0723992056950769,0.52019385934027,-0.139177355509149,0.889310002021547,0.966593980165403
SIRT5,2.56030313400959,0.849593560945427,0.627632304956263,1.35364855224371,0.175848529104165,0.478462666439627
NOL7,36.089054071763,0.424774411894246,0.148807928508254,2.8545146495382,0.00431026437716631,0.0358440606666982
MCUR1,4.35337581879534,-0.213041773050099,0.413707480258725,-0.514957507939828,0.60658271339029,0.845033875318757
CD83,148.591319197088,-0.119153484073194,0.112741621122808,-1.05687219046994,0.290569921881328,0.618551834008112
JARID2,2.77854844390021,-0.35378947131105,0.500413960258272,-0.706993608108883,0.479570449972688,0.776911628102744
DTNBP1,17.1617774691668,0.341430598201655,0.199690519887879,1.7097987345286,0.0873030971151725,0.322829299029097
MYLIP,3.34017049940314,-0.149993560917981,0.496833394196556,-0.301899112801264,0.762728972106306,0.918058458679336
GMPR,8.91749176558769,4.79926383067911,0.574090697748988,8.35976588629122,6.28428394102715e-17,2.98191671583395e-15
ATXN1,1.23360586537907,-1.38865119472477,0.818814458618726,-1.69592901066661,0.0898993248366461,0.327750265797415
FAM8A1,0.168856618606803,0.175889218118401,1.69114820290345,0.104005797845763,0.917164747511,NA
TPMT,1.58649253904793,-0.223073031721333,0.767416689264395,-0.290680454102659,0.771295721783369,0.921422364125998
DEK,37.3177654529004,1.48855239030422,0.168601597780287,8.82881544363549,1.0579011442933e-18,5.52597774195561e-17
RNF144B,0.377353939113344,-0.0895801997056349,1.26851507413826,-0.0706181593990825,0.943701657384021,NA
E2F3,1.23603559082718,-1.33046548854176,0.910400718867414,-1.46140645648537,0.143903929888302,0.429244591977878
SOX4,1.11248704821147,0.131388871306686,0.787394461094777,0.166865374089634,0.867475978584171,0.956289790012189
MRS2,1.0166849738285,-0.975590467431228,0.848971149775107,-1.14914442933622,0.250496430705825,0.574570410799781
TDP2,5.04225236692524,0.0885952661987775,0.357140769037423,0.24806819573571,0.804081642745079,0.935129992149592
ACOT13,2.46687456716942,-0.259990734748225,0.553540416155701,-0.469686995131886,0.63857866054299,0.861130271879279
C6orf62,3.82207635586777,0.617256551748997,0.433697397387303,1.42324246229629,0.154665880127741,0.445506538866562
GMNN,1.42885092037118,0.326674377505981,0.804315358175946,0.406152107112345,0.684630841418135,0.880761199649891
FAM65B,11.8143791956663,0.84179871795983,0.272547917971252,3.08862648530164,0.00201084075797785,0.0189960275860035
RP11-367G6.3,1.43753298750835,0.181316351766621,0.79430891840667,0.228269313821037,0.81943687884788,0.940195681505649
TRIM38,13.4769849657269,1.16487808563626,0.253180453377507,4.60097953888784,4.20508738162654e-06,7.68788916593841e-05
HIST1H1C,12.444419478787,-0.271332553396318,0.267612542594976,-1.01390073411833,0.310630121051499,0.638517471050304
HIST1H4C,8.8958924765494,0.230599265631468,0.279082805399709,0.826275432129179,0.408647866674627,0.727004905337573
HIST1H2BC,0.690444195117409,0.924240660208113,1.02049740031767,0.905676643488175,0.365107028493916,NA
HIST1H2AC,15.2259101556144,-0.0665937625679268,0.321233701115598,-0.207306276821692,0.835770672431944,0.947253812151602
HIST1H1E,3.88152336852115,0.510436413941202,0.439844248980547,1.16049354998791,0.245847918309808,0.56877112274475
HIST1H2BD,3.55152469018057,0.00148099210026571,0.454436816446135,0.00325896152483335,0.997399729517924,0.999330962586761
HIST1H3D,0.317850320683909,0.202198587811249,1.35230784122186,0.149521123554645,0.881142442534358,NA
HIST1H1D,2.23477655463435,-0.604872024099684,0.537023531689907,-1.12634174930151,0.260020892664855,0.584553297940231
HIST1H4H,2.44451483695469,1.28244671101986,0.64767700819663,1.98007138556711,0.0476955079189842,0.218114477601831
BTN3A2,8.84023112946866,0.48852175329002,0.319616918093617,1.52846024610915,0.12639830653895,0.399436641304583
BTN2A2,2.3887980421846,0.471873883553824,0.546542079530373,0.863380700639355,0.387928186921065,0.708466122015172
BTN3A1,2.60723652315967,0.795082825343912,0.568106364952095,1.3995316271645,0.161653621012382,0.456503796050298
BTN3A3,2.06632678158683,1.64706671487635,0.644794141940235,2.55440707001494,0.0106368819343645,0.0728181256652091
BTN2A1,2.47004827370567,-0.47638567155207,0.516443714894315,-0.922434832321578,0.356301807848356,0.681625480607482
ABT1_ENSG00000146109,21.0195782863924,0.00898139364927358,0.199508306606677,0.0450176426336977,0.964093246421797,0.98646973164739
HIST1H2BJ,1.13872945957749,0.285596688183245,0.728244328388736,0.392171524102545,0.69493148279075,0.885193127715068
HIST1H2BK,21.9658884974314,-0.179966717359613,0.212382319613555,-0.847371465228724,0.396788104208454,0.716160974752939
ZNF184,2.20551848598605,0.266403851885755,0.591832174284698,0.450134114806679,0.652613739486449,0.86699016983282
RP1-313I6.12,2.56325163567068,-1.67034232206533,0.54682809763818,-3.05460222194095,0.00225359200760412,0.0207530783989144
ZSCAN16,2.9499274404411,-0.150756721344254,0.509699772533263,-0.295775531927308,0.767401510080012,0.92052639649891
TRIM27_ENSG00000204713,5.31273846453383,0.10393311031197,0.400166311578802,0.259724787681192,0.795076070817916,0.932033348097491
HLA-F_ENSG00000204642,40.2802050344274,0.695063930680864,0.203188988932178,3.42077557614536,0.000624428372437733,0.00717457812028272
HLA-A_ENSG00000206503,658.209837496321,0.50252826606616,0.0930928511884917,5.39814024009916,6.73352266254065e-08,1.53880797317473e-06
ZNRD1_ENSG00000066379,12.490361379753,0.0143937958657313,0.237039837396017,0.0607231089248678,0.951579727377741,0.98210030668632
PPP1R11_ENSG00000204619,18.0560463168479,0.151873363321142,0.192479868317769,0.789035054151278,0.430091518757752,0.746097626028794
TRIM26_ENSG00000234127,2.83560700395466,0.343774481549749,0.494107085724938,0.695748940830051,0.486586070275549,0.781123853334201
HCG18,1.96774044369933,0.175917750737962,0.630193589156064,0.279148746932741,0.780130674713859,0.925437456874302
RPP21_ENSG00000241370,2.41457379985276,-0.222670333445715,0.554617326225332,-0.401484632586556,0.688063350101393,0.882514249088342
HLA-E_ENSG00000204592,255.076327284527,1.03098472325542,0.0771658377351017,13.3606366951478,1.02682080463115e-40,1.32973294199734e-38
GNL1_ENSG00000204590,7.2509492323989,-0.709119935695365,0.299410142798088,-2.36838982496853,0.0178657005974316,0.109412014693236
ABCF1_ENSG00000204574,7.80632039531653,-0.268427619946416,0.288183569551518,-0.931446648274061,0.351622570191523,0.676264200591121
PPP1R10_ENSG00000204569,7.13231131245799,0.156955160114713,0.330797787685603,0.47447463664384,0.635161480474842,0.859529173609098
MRPS18B_ENSG00000204568,19.7783224580274,-0.0182469310098243,0.218003275463923,-0.0837002607919255,0.933294749792546,0.977236453141736
C6orf136_ENSG00000204564,2.05061463967873,0.0470119333057465,0.57044893074586,0.0824121683325421,0.934318960036242,0.977567186599105
DHX16_ENSG00000204560,2.62076814880047,0.148790865371798,0.49881370887868,0.298289446988688,0.765482257976525,0.919821711885188
PPP1R18_ENSG00000146112,3.81120983767749,-0.579666435242631,0.415157569702626,-1.39625645187643,0.162637282548615,0.458274409937528
TUBB_ENSG00000196230,25.6007307716778,-0.852087542696609,0.207146101970092,-4.1134616321172,3.89769847681319e-05,0.000595284858276924
FLOT1_ENSG00000137312,5.4124786004184,-0.296691355903282,0.4066091663051,-0.72967207945494,0.465590651605106,0.767017908766173
IER3_ENSG00000137331,0.514376956416955,-1.1229899809852,1.09669071887641,-1.02398056412453,0.305844455128643,NA
XXbac-BPG299F13.17,3.09386699422908,0.381700113170415,0.563620719194559,0.677228675545999,0.498260876457425,0.787888478264908
HLA-C_ENSG00000204525,608.642209240512,0.6586966859631,0.221402153343113,2.97511418031377,0.00292879512141568,0.0259336046648431
HLA-B_ENSG00000234745,1287.36928049318,0.54971685934108,0.21831802679488,2.51796366709362,0.0118035496269434,0.0788086621708704
MICA_ENSG00000204520,1.93744360881035,1.54314117512994,0.715219893821422,2.15757585668505,0.0309608234881021,0.162957221678275
MICB_ENSG00000204516,2.84367620048076,1.5082915270009,0.522739238570677,2.88536121972594,0.00390964792541281,0.0331094979623515
DDX39B_ENSG00000198563,1.26374917127841,-0.0961070498739359,0.748637012550678,-0.128376033061056,0.89785139704998,0.970300651985212
NFKBIL1_ENSG00000204498,1.8587083575975,-0.758340678392526,0.605163877663489,-1.25311623245004,0.210163409390886,0.525916164562701
LTA_ENSG00000226979,7.72845819420794,0.0975590058173735,0.802440211674171,0.121577912470053,0.903233306998952,0.971742159709756
TNF_ENSG00000232810,3.55401101012239,1.12653746369555,1.00694377011593,1.11876898902295,0.263238704664518,0.586839417548376
LTB_ENSG00000227507,92.0573323180148,0.0192507638345657,0.175057315503687,0.109968348247407,0.912434477075644,0.973845684304709
LST1_ENSG00000204482,3.46667898756367,0.658127334870836,0.537330297439851,1.22480965247359,0.220646947288618,0.539480903456943
AIF1_ENSG00000204472,0.57024641072472,-0.212178002276133,1.027579727894,-0.206483250415018,0.836413447074567,NA
BAG6_ENSG00000204463,9.44438072723191,-0.199182818129621,0.280047809685318,-0.711245763191068,0.476931954544559,0.774656135210081
C6orf47_ENSG00000204439,4.12281330683665,-0.544247244926363,0.433027923703326,-1.2568409913889,0.208811219449584,0.524220735096372
GPANK1_ENSG00000204438,5.32530754839669,-0.188178565659212,0.377811076995424,-0.498075829739348,0.61843059583634,0.851609345086108
CSNK2B_ENSG00000204435,24.2981477046557,-0.0360443104385748,0.175645553625345,-0.205210491780839,0.837407672624367,0.947801546437194
DDAH2_ENSG00000213722,13.1852059517634,0.338856965785737,0.239637720484615,1.41403851238642,0.157350595014979,0.448871637729743
CLIC1_ENSG00000213719,163.346896575272,0.913061975564867,0.102458225970369,8.91155362995379,5.03223679103761e-19,2.65087999093981e-17
LSM2_ENSG00000204392,22.6018249950952,0.0750759065378598,0.182558361163086,0.411243319996676,0.680894126254255,0.879712496033004
HSPA1A_ENSG00000204389,7.4824018927556,1.03964326624008,0.406291742517269,2.55885896129402,0.0105016337731264,0.072185818309467
HSPA1B_ENSG00000204388,3.5123991249786,0.882628052957778,0.589326329760636,1.49768983394357,0.134213854336465,0.412038863679488
C6orf48_ENSG00000204387,37.193504908916,-0.139463118857905,0.141860187774139,-0.98310259591613,0.32555694681081,0.652807806533515
NEU1_ENSG00000204386,6.21101720228214,-0.144314508249932,0.405595875388897,-0.355808618890809,0.721983894008374,0.899008791096966
EHMT2_ENSG00000204371,3.06421643604147,-0.324046486868061,0.462199762701501,-0.701096177492713,0.483242995692606,0.77933906965771
C2_ENSG00000166278,0.0667546385630707,0.442042704943031,3.05417699194027,0.144733820636311,0.884921035293415,NA
NELFE_ENSG00000204356,14.7701337857748,0.0874208250566784,0.206521937131482,0.423300431280683,0.672076079671611,0.876547400595621
DXO_ENSG00000204348,1.21743899897774,0.148798570068044,0.779838804543039,0.190806829823293,0.848676937572105,0.951546869399027
ATF6B_ENSG00000213676,11.8388332613964,-0.500578948980497,0.265498477514185,-1.88543058200306,0.0593717283777682,0.253820263821325
AGPAT1_ENSG00000204310,1.75648170383649,0.248641956339503,0.725898730090734,0.342529813088974,0.731952211781927,0.905616032730186
RNF5_ENSG00000204308,19.3553611239111,0.127602352826866,0.195772480929355,0.651789016623391,0.514537288030944,0.797942805141236
PBX2_ENSG00000204304,0.983452013132944,-0.68055745413006,0.967513194337252,-0.703408964459904,0.481800921520801,0.778623737255449
GPSM3_ENSG00000213654,29.6238868755117,-0.0906797141702006,0.153198944274007,-0.591908218427497,0.553912050164176,0.818146046340154
HLA-DRA_ENSG00000204287,932.575781163362,-0.227392499181715,0.0978620460640188,-2.32360254386017,0.020146805972628,0.119269091357957
HLA-DRB5,10.2839740196378,0.0958549386529683,0.968378027325213,0.098985040911897,0.921150147391932,0.975351695087598
HLA-DRB1_ENSG00000196126,442.321954440506,-0.117014677566341,0.146498950851388,-0.798740720573784,0.42444076983268,0.739636160428511
HLA-DQA1_ENSG00000196735,133.649614166627,-0.444056273740546,0.119153771202685,-3.72674963837434,0.000193964953960308,0.00255441981740948
HLA-DQB1_ENSG00000179344,133.720612176408,-0.708769634818284,0.119501885688679,-5.93103306055554,3.01034585997512e-09,8.06565080414022e-08
HLA-DQA2_ENSG00000237541,2.43783384861654,-0.027908548383367,1.17503037136985,-0.0237513421468683,0.981050952428619,0.99351262013199
HLA-DOB_ENSG00000241106,9.22296532439209,1.39117488312294,0.36796711222342,3.78070440783919,0.000156385261055543,0.00208156484522753
TAP2_ENSG00000204267,17.0210400972569,1.81448714403156,0.254732029230545,7.1231213032475,1.05509881397013e-12,3.85793778096374e-11
PSMB8_ENSG00000204264,92.7001726882357,1.39682762418478,0.108431330248324,12.8821404384308,5.67398343261809e-38,6.65461905984039e-36
TAPSAR1,18.3688012759118,0.134403293958412,0.215379778261097,0.624029307874389,0.532608337827255,0.808162830382025
PSMB9_ENSG00000240065,212.484105272076,2.02805110433463,0.0979492979794681,20.7051111765982,3.11515310462156e-95,1.76034469984796e-92
TAP1_ENSG00000168394,48.2716073075692,1.87151948409021,0.152117640041829,12.3031062247323,8.71567366919057e-35,8.59946468693469e-33
HLA-DMB_ENSG00000242574,21.8929241607867,-1.55018610521277,0.243589269289438,-6.36393429700227,1.96650287204144e-10,5.90520862444909e-09
HLA-DMA_ENSG00000204257,45.458137147347,-1.12021782731708,0.182602359484652,-6.13473906075807,8.52990853723337e-10,2.41008688488375e-08
BRD2_ENSG00000204256,8.35421481564364,0.337995698310771,0.285275274280027,1.18480544506985,0.236094379218537,0.555263965653586
HLA-DPA1_ENSG00000231389,276.170229872757,0.224750241667614,0.131976446901251,1.70295720899185,0.0885760766243001,0.325029041807078
HLA-DPB1_ENSG00000223865,286.499534135,-0.0478128276484588,0.150115811849765,-0.318506272319331,0.750100937577162,0.91227302445307
RXRB_ENSG00000204231,1.88020571840798,-0.267786066412429,0.574458573727352,-0.466153833643581,0.641105392016706,0.862951735984376
SLC39A7_ENSG00000112473,1.60225936200479,-0.51360174812073,0.66640755607266,-0.770702167825857,0.440883486710064,0.752479888355233
RING1_ENSG00000204227,4.11901475388461,-0.201098792616085,0.46079846038042,-0.436413768505356,0.662536551138931,0.870948973460923
RPS18_ENSG00000231500,1631.4394420347,0.0256581716358059,0.116415140450986,0.220402359490419,0.82555780798487,0.941533164784864
B3GALT4_ENSG00000235863,3.63726681522518,-0.824261582919111,0.497351042004962,-1.65730342012813,0.0974581461944965,0.34400899304088
WDR46_ENSG00000227057,15.2238183690659,-0.0305306408857147,0.221964743393576,-0.137547253761736,0.890598244551594,0.967280001303168
PFDN6_ENSG00000204220,12.8290138590179,0.204186269214136,0.239845521429703,0.851324085590572,0.394589348999956,0.714925414184698
TAPBP_ENSG00000231925,33.3080524780209,0.599872844125652,0.161381673201291,3.7171063617455,0.000201517620292127,0.00263158304146189
DAXX_ENSG00000204209,5.84501522330249,-0.300153146532311,0.343417555554076,-0.874018062495492,0.382108417223552,0.702302164831933
PHF1_ENSG00000112511,5.31344702364635,-0.0804452381572066,0.353589156119335,-0.227510478658618,0.820026822070075,0.940195681505649
CUTA_ENSG00000112514,25.0943515917568,-0.329432223005332,0.189774474886344,-1.73591429091098,0.0825789905238313,0.311664241102693
BAK1,3.70107029477476,0.54604420185194,0.459313652079442,1.18882641388917,0.234507981641696,0.554370662785457
UQCC2,8.13449196244373,0.215282328920862,0.296849347448032,0.725224194601104,0.468314502182456,0.767616724714575
LEMD2,1.57586714485001,0.498111435299844,0.596160868264336,0.835531920687862,0.403418282047459,0.721277779616701
HMGA1,27.2152291892876,-0.305324469603806,0.189167753963945,-1.61404078235237,0.10651858062477,0.361669946207747
C6orf1,10.4631124314974,-0.058844141902095,0.267615402982536,-0.219883240076189,0.825962089377713,0.941533164784864
NUDT3,7.67025691253466,-0.352682305050267,0.306166229739158,-1.15193078397555,0.249349517091862,0.572362111611158
RPS10,185.148213067532,-0.0472978938003233,0.127275788762528,-0.371617369337793,0.710177754975954,0.891270931744504
C6orf106,2.07168116435582,-0.439538178066578,0.652556447920097,-0.673563458713073,0.500588891324225,0.789409416875755
SNRPC,23.7195055447872,0.076208360500475,0.170322587041751,0.447435433104325,0.65456069701768,0.867722178004243
TAF11,5.17935589403776,-0.0615059098762019,0.407825058761548,-0.15081444495583,0.880122091176412,0.961064229109702
DEF6,4.48237504279191,-0.160937475623874,0.405168164743722,-0.39721155220986,0.691211464044471,0.88365563407996
RPL10A,449.79630698043,-0.336127084776949,0.0700125761992457,-4.80095295765691,1.57912364555711e-06,3.0483952114233e-05
FKBP5,2.25584722571278,1.82170140602944,0.591354076389669,3.08055947995029,0.00206612082595173,0.0194886298241517
SRPK1,3.95172366574766,-0.28012542444984,0.399496480428446,-0.701196226183059,0.483180564650589,0.77933906965771
MAPK14,1.27237390813669,-1.11481120075517,0.772816931040094,-1.44252947364236,0.149153063077631,0.437741000987042
MAPK13,0.714606107680516,-1.27820514844944,1.0192631674259,-1.25404820786127,0.209824483691255,NA
ETV7,6.30174849004938,5.14134581273849,0.93119611774296,5.52122771430804,3.36639167066869e-08,7.95646031364128e-07
KCTD20,3.32174450479493,-1.091359719967,0.490273150841171,-2.22602383608919,0.0260125848680886,0.144241059357751
STK38,1.6275041204201,-0.35064007232605,0.641855458638814,-0.546291330246928,0.58486569481667,0.835598124627478
SRSF3,55.4773439506901,-0.203115447828104,0.141362763110031,-1.4368384103387,0.150763913531214,0.439220088440472
CDKN1A,6.35751212401233,0.373155915048735,0.373066948355008,1.00023847380241,0.317195114266234,0.645437590813405
PPIL1,2.57087320518134,-0.0680016197148715,0.554532177134546,-0.122628807702844,0.902401041358457,0.971455156223809
C6orf89,2.58202377456588,0.306072669359773,0.524152484585483,0.583938220958402,0.559261877221315,0.819353284981176
MTCH1,11.0581218273994,-0.191432305706807,0.250180805130778,-0.765175831961763,0.444166848964833,0.754331786782329
FGD2,4.5420695529207,1.66329918749108,0.47050948451822,3.53510235653213,0.000407617231489787,0.00489140677787744
COX6A1P2,5.60971798373927,0.266499129182252,0.458588667251311,0.581128903118333,0.561153580155903,0.820156126018609
PIM1,9.15506602015977,-1.39110753069379,0.350196800127972,-3.97235934247669,7.11642582262676e-05,0.00100535688439654
RNF8,3.56926990821473,0.0040944865643598,0.460295036743843,0.00889535240989012,0.992902629248662,0.998024296035169
CMTR1,1.57288181308144,1.7639379617208,0.756121532456422,2.3328762454235,0.0196546414611755,0.11760885994829
CCDC167,6.07375401270829,-0.981049051043771,0.427322692452316,-2.29580377633056,0.0216871034315629,0.126593734955555
ZFAND3,2.57404003530345,-0.56250438715053,0.486590332419492,-1.15601225440211,0.247676144566723,0.570240060640446
GLO1,10.5517513266103,0.39528275855807,0.252489953722043,1.56553855997464,0.117456683358348,0.383663028773249
SAYSD1,7.74661698298416,0.737239007908185,0.317453362535006,2.32235375307101,0.0202138953812813,0.119552401227445
OARD1,5.8023806018892,0.0027730647009475,0.325739225842394,0.00851314327826524,0.993207576459709,0.998024296035169
TREML1,0.330039660190129,-0.95346242385797,1.44067867054679,-0.661814770601204,0.508089938748879,NA
TREM1,0.309926556531085,0.976713734836774,1.43897174025233,0.678758107275616,0.497291141686437,NA
BYSL,2.56341213372614,-0.0512918439445079,0.563630447145509,-0.0910026138656526,0.927490514112165,0.975683415108361
CCND3,5.18778368746691,-0.0363049307919329,0.354472264704727,-0.102419665533422,0.918423574913314,0.9751814025147
TAF8,2.26052616360378,0.46103787463961,0.533288628717558,0.864518479886407,0.387303133075437,0.708241373985231
MRPS10,9.70993404327099,-0.0719493327541969,0.264434935857161,-0.272087092127122,0.785555054264788,0.928864184944779
UBR2,1.93279466434414,-0.0460653363098023,0.573625115840982,-0.0803056474301456,0.935994166723323,0.978396083872473
TBCC,19.6998016600205,0.0344319036879439,0.210186398999324,0.163816040675661,0.869875963637826,0.9563393125385
RPL7L1,14.4658103775378,0.0749104228238726,0.243061463060295,0.308195391736328,0.757933658783378,0.915707604081143
C6orf226,2.62026250809188,-0.107638901709961,0.587557720911412,-0.183197153026929,0.854643328122245,0.953077108565433
PTCRA,0.150124519523618,-0.678045002052927,1.71394210469001,-0.395605545950201,0.692396045133915,NA
CNPY3,21.5682051049142,-0.552543309573169,0.177103651062064,-3.11988661024011,0.00180920669358822,0.0174087133240625
MEA1,14.9057413626913,-0.0951225642467516,0.219233864746823,-0.433886271888704,0.664371029180144,0.87198697579894
KLHDC3,7.68337847146192,-0.827522828318039,0.309110485965043,-2.67711017869391,0.00742602105042896,0.0554143419561421
MRPL2,6.01067372685395,-0.528270727529968,0.3371077268468,-1.56706798883326,0.11709880059182,0.382896446332853
DNPH1,19.4542285934392,-0.970925667037272,0.22630683942206,-4.29030633593226,1.78426824660847e-05,0.000293934110081151
TJAP1,1.51163374389927,-0.748900756521121,0.742014644281783,-1.00928029155813,0.312840229261247,0.640688696143029
POLR1C,6.10980701286919,0.0367046975290729,0.355103190610954,0.103363468703062,0.917674504558319,0.9751814025147
YIPF3,10.4264058751774,-0.254007889311946,0.285921541341039,-0.888383184144116,0.374334667660033,0.697083371532284
MAD2L1BP,9.58964708252187,0.486723838284165,0.268870815221923,1.81025165517659,0.0702567704313431,0.281266394183684
MRPS18A,9.17515993445102,0.448961094472224,0.288439443426104,1.55651768405677,0.119585040863658,0.386118787565361
VEGFA,0.148582600818542,-0.444777535010442,2.19324749964461,-0.202794046309189,0.839296011608581,NA
MRPL14,21.8592229605924,0.0214828123354288,0.202580624969136,0.106045740251329,0.915546061291372,0.974987639149784
HSP90AB1,191.959317406921,0.408025540967628,0.11802028932827,3.45724911614744,0.000545720116816708,0.00634055373108908
SLC35B2,2.65770904286464,-0.316984631075731,0.568401559536123,-0.557677271917453,0.577064780360445,0.830139938606925
NFKBIE,12.5812565335485,0.548434986293857,0.256026977602259,2.14209842818149,0.0321855623708538,0.166322328659736
CDC5L,4.91373865117767,0.565941167093911,0.369043498415527,1.53353512397253,0.125144059288672,0.396480872853407
SUPT3H,2.65996038377794,-0.162262334053973,0.504051087097847,-0.321916444994145,0.747515994510623,0.911015187631039
RUNX2,0.231551562412161,-0.424816712647243,1.70436176505007,-0.24925266534289,0.803165343542097,NA
PLA2G7,0.751054840016352,1.26086048656238,0.936368497839106,1.34654304312043,0.178127448685296,NA
CD2AP,5.20512158081074,2.31266475806798,0.508480176699899,4.5481905962932,5.41091208686856e-06,9.63731505214182e-05
MCM3,10.9323306026372,-0.228984499280335,0.275202207736825,-0.832059092706524,0.405375590445133,0.723668773752713
PAQR8,2.29759473714942,0.273038897036029,0.650121293348159,0.419981470888093,0.674498989735041,0.878054274003851
EFHC1,3.80048944339137,0.0277971610694039,0.421659785697386,0.0659231968811776,0.947438972311152,0.981817235420602
TMEM14A,2.84201858236009,-0.497294861012498,0.545251029896561,-0.912047540940617,0.36174369178674,0.686595049815687
FBXO9,4.02285517680033,-0.377598675560152,0.426556435162512,-0.885225598381355,0.376034968637437,0.698673201900966
ELOVL5,9.73150589410758,0.116935393664109,0.29330513496434,0.398681713084656,0.690127743961335,0.883590948808169
GCLC,0.499328841333967,-0.929740001361955,1.02979795903959,-0.902837292694821,0.366612255446804,NA
KIAA1586,1.70942371506445,-0.334865379353705,0.725379144095615,-0.461641862851195,0.64433816867896,0.86468179112876
ZNF451,2.11647266216068,0.0585764842743535,0.641441576973794,0.0913200615256449,0.927238277797986,0.975683415108361
BAG2,4.87100773815943,0.75317365586305,0.391699656119356,1.92283461089776,0.0545008238966088,0.23857543756431
PTP4A1,13.3328190117318,0.10972106139784,0.260577567030564,0.421068715347128,0.673704905388907,0.87793494589045
PHF3,6.25774548689429,0.152547314467569,0.31960189251717,0.477304165085237,0.633145545494906,0.85923409545606
LMBRD1,12.2696040937504,-0.125740827849489,0.254944290225343,-0.49320903691684,0.621864893205136,0.85363038653046
SMAP1,7.81071947807951,0.417054216199025,0.316953674047673,1.31582073453515,0.188234218232946,0.496012650573641
OGFRL1,1.05891768961155,-1.09452890901584,0.883597750689032,-1.23871853245701,0.2154497530485,0.533772684316253
MB21D1,6.29198534562822,1.97561601608977,0.418687806912012,4.71858980241322,2.37485130911422e-06,4.50063284678476e-05
MTO1,2.98987769903986,0.298150810995513,0.516829828978188,0.57688390700084,0.564017882598085,0.822024656091371
EEF1A1,266.534576727384,-0.708021141387591,0.0730602371745663,-9.6909231172612,3.29536564181767e-22,2.02811810193452e-20
SLC17A5,1.20541079981072,-0.320027250137443,0.772343425811544,-0.414358741774972,0.678611399868704,0.879351357428364
COX7A2,63.9004111619729,0.345294265727162,0.115362366325159,2.99312745331453,0.00276134405843646,0.0246616590046567
TMEM30A,4.05856919404266,0.504869648473621,0.417350696075859,1.20970122542183,0.226393559485559,0.545744635304982
SENP6,5.0417479762637,-0.369381594651624,0.362841547211462,-1.01802452748431,0.308666299990674,0.637008539422984
PHIP,6.99620204157829,-0.133010735983561,0.342695927741528,-0.388130483079102,0.697919474538763,0.886360072889301
HMGN3,11.3104124008767,0.0697055292615833,0.27344684372552,0.254914367677077,0.798789238978107,0.933716975091486
FAM46A,13.0598777999647,3.06776860435109,0.320898839356208,9.55992427553084,1.17842896216399e-21,6.91048531019939e-20
IBTK,3.00903564651296,-0.0216300602022568,0.468188762283915,-0.0461994433543026,0.963151286141546,0.986155228900651
CYB5R4,9.13286077941125,0.547818244557962,0.28087016789773,1.95043228926126,0.0511246164524254,0.228258116115701
SNX14,3.51487907008659,0.664931279499649,0.560570770159171,1.18616830362176,0.235555840840002,0.554580823455767
SYNCRIP,10.0327991841445,0.0250193584465229,0.27046054697828,0.0925064994730344,0.926295627532708,0.975683415108361
ZNF292,3.02280781249776,0.118763506011682,0.473765807984854,0.250679774711556,0.80206169892619,0.934725015988602
SLC35A1,2.97562811856486,-0.122453010201628,0.466644348659419,-0.262411857238628,0.793003932146602,0.931640983221183
RARS2,4.21078899005747,0.0281322609947974,0.419675222772057,0.0670334093325239,0.946555106205091,0.981756628141046
AKIRIN2,13.9615618736604,0.316302132828177,0.214007341302265,1.47799664676658,0.139408675775469,0.422096604296306
RNGTT,2.13290144199506,0.360705638559086,0.604586191691446,0.596615740677011,0.550763959571984,0.817675857269396
PNRC1,23.8788687761971,-0.155378769330361,0.173228475031097,-0.896958593571112,0.369741012191381,0.692308811250803
UBE2J1,7.77177365953883,1.02385693763221,0.353753281349999,2.89426838310856,0.0038004317410418,0.0323890975405437
RRAGD,0.0619103387113147,0.0227298075839578,2.84309539988115,0.00799473967173526,0.993621188599562,NA
LYRM2,5.14394086118247,0.0369845094224476,0.348178107066312,0.106222960811846,0.915405453912779,0.974987639149784
BACH2,3.47839321230289,-0.23353330878557,0.437347736777198,-0.533976259958425,0.593357958995943,0.838443526510293
MAP3K7,3.35979550987528,-0.664934469322669,0.451846219710359,-1.47159462736881,0.141130377264957,0.425131983735709
UFL1,6.67264409493899,0.35107709060456,0.309984938851746,1.13256176866214,0.257398331266448,0.581390998238459
NDUFAF4,9.34010175028622,0.0467963069891594,0.263904946379962,0.177322583873754,0.859255012512472,0.953586263561639
PNISR,37.3238686520151,-0.320885815366643,0.155752196401119,-2.06023300332949,0.0393762712437431,0.191670244362652
CCNC,8.5344609901296,0.422428277375868,0.27203425404448,1.55284958087226,0.120459074453506,0.387563978676499
ASCC3,2.84341729925516,0.575611809489607,0.516522290335875,1.11439877863801,0.265108147074383,0.588750354488877
PREP,1.51601134736922,-0.795149174600319,0.647580003205641,-1.22787790028133,0.219492806722858,0.538855167874784
PRDM1,0.347230438616672,0.676928670285743,1.34796768757193,0.502184641758797,0.615537645283397,NA
ATG5,9.2449493742081,0.0638445621293153,0.281909475441216,0.22647185600765,0.820834446269015,0.940517404241143
AIM1,1.55629249375987,0.7372706407321,0.651788816903275,1.13114957116779,0.257992142997925,0.581499344059984
QRSL1,6.68105016450501,-0.354466649483334,0.317654325502765,-1.11588799844707,0.264470079671398,0.588173887383688
C6orf203_ENSG00000130349,6.3855651783741,0.0934963420899254,0.36803270457686,0.254043569843667,0.799461898093528,0.933732810080407
SOBP,2.95621061973868,5.06944676308339,0.803415667815943,6.30986793780671,2.79273668915669e-10,8.26650059990382e-09
SCML4,2.46911683788786,2.84065990650808,0.658180637534048,4.31592748937579,1.58934148596187e-05,0.000264153654458262
SEC63,6.43950331137299,-0.173601956383344,0.344421783330719,-0.504038840704359,0.614234083181347,0.848273508343757
OSTM1,4.12337070468299,-0.156045229351775,0.410927739787712,-0.379738854895482,0.704139274805392,0.889050678465837
SNX3,66.7898307841359,0.216850528647292,0.108264089771462,2.00297743328419,0.0451797107420788,0.21005017350244
FOXO3,0.44431778178134,-1.33340196401843,1.13677806714399,-1.17296594872597,0.240809461046056,NA
SESN1,1.04173432641772,-0.00811716524476936,0.799996934478924,-0.0101464954363312,0.991904406854067,0.997843954200498
CD164,55.4835094950492,1.51065493456933,0.141883144919209,10.6471768399941,1.79733364672157e-26,1.39652824350266e-24
MICAL1,2.95396759986137,0.454167145283411,0.48774641161429,0.931154252432647,0.351773778269485,0.676345748754444
ZBTB24,4.48995081892359,-0.0647835022951821,0.430070406345482,-0.150634643396366,0.880263931720439,0.961064229109702
FIG4,3.31550232923414,1.61140176999715,0.501287002140786,3.21452932774145,0.00130658566961115,0.013206075646021
CDC40,9.25763957824946,0.366858442037211,0.299000597143136,1.22694886077967,0.219841812376199,0.538855167874784
CDK19,2.28302458373152,-0.409846961216679,0.626706891049487,-0.653969131455292,0.513131693254455,0.797103395270034
AMD1,9.23821082752675,-0.456998524313502,0.285143258927662,-1.60269797726285,0.109001350328986,0.366442614194146
GTF3C6,27.7677085415761,-0.0008818542595937,0.160644291623688,-0.00548948394418806,0.995620047512066,0.999321684671416
RPF2,6.6829401925235,0.446721598346514,0.320212126221256,1.39508020392033,0.162991655046744,0.459064851731111
REV3L,2.22615439724191,-0.594834868584552,0.522414662702169,-1.13862590591886,0.254859218559142,0.579137819353809
FYN,4.81376414987588,-0.496917711698857,0.389332022224086,-1.2763340371033,0.201837463035133,0.516232116567919
TUBE1_ENSG00000074935,4.47006811994312,0.533920270440172,0.432375569277847,1.23485300367901,0.216885216763916,0.535996001248732
MARCKS,2.31663939290224,0.647853089423282,0.560149834911175,1.15657106196597,0.247447650872047,0.570240060640446
HDAC2,11.3514090709146,-0.20080647994442,0.262833074150055,-0.764007652361805,0.444862682373484,0.754870095244953
NT5DC1,5.56619497630266,-0.36161278943922,0.364132647688423,-0.993079834326312,0.32067105043574,0.64738267278615
DSE,1.06480789637111,-1.56265789832148,0.854161487467425,-1.82946424212444,0.0673300913490537,0.273187890225665
TSPYL1,2.99145791391904,-0.283401284731143,0.492221930703352,-0.575759158731877,0.564777982508877,0.822162832925441
FAM26F,12.8167821288066,0.239620091484238,0.335175201244295,0.714909965279885,0.474664678903309,0.772993357103214
RWDD1,22.5335806932834,0.0033685669902366,0.191517719179024,0.0175888006847439,0.985966891055253,0.995755247924868
ZUFSP,2.52161574940668,0.390768838950595,0.506940903557919,0.770837066427309,0.440803513704957,0.752479888355233
GOPC,4.53554710572167,-0.291381072471966,0.412839905183518,-0.70579677209847,0.480314529730787,0.777509145001712
NUS1,2.61866282847259,-0.256966996588024,0.482828901936044,-0.5322112979518,0.594579658872062,0.838934318389553
CEP85L,1.54060953567849,0.33548963662361,0.643399597805527,0.521432773299642,0.602065325815778,0.842176954652238
ASF1A,10.0091771804978,0.542473608067072,0.265591256156649,2.04251305527587,0.041100665753138,0.197894452611546
SERINC1,6.12598036076047,-0.0483354273232982,0.386553925904999,-0.125041874067468,0.900490399758524,0.971054218186121
PKIB,0,NA,NA,NA,NA,NA
SMPDL3A,0.0823227445347087,0.44203023894401,3.04494531423715,0.145168531230175,0.884577811145513,NA
HDDC2,16.6890615140449,0.000631024818552403,0.262177337451638,0.00240686256366,0.99807960337462,0.999526794679658
NCOA7,2.94466875225346,3.40114990014818,0.638603971612731,5.32591410535532,1.00446592616697e-07,2.25406505308804e-06
HINT3,2.69409024005636,0.38662497465604,0.535156807686206,0.722451754519661,0.470016777224553,0.768638618129661
TRMT11,2.15439323737365,0.470695568175845,0.556408615137013,0.845953055669238,0.3975789331009,0.716741094204801
RNF146,6.82981603499735,0.80658874525836,0.316832561870981,2.54578866671796,0.0109031174258063,0.074231958290046
ECHDC1,9.54858271066319,0.259197546122863,0.289362065620243,0.895755100335208,0.370383574939091,0.692726035619943
THEMIS,0.0970726652245335,-0.989255318394263,2.95968826602398,-0.33424307882371,0.738196139180712,NA
ARHGAP18,1.46091414465941,0.648606643257814,0.798726907299209,0.812050573644743,0.416762612611893,0.733431424156869
L3MBTL3,4.57041109670403,1.66172360893485,0.44997903028079,3.69289121739277,0.00022171888210676,0.0028593455833519
SAMD3,0.438905568844339,-0.321175770614029,1.38417313848727,-0.23203439055683,0.816511302823089,NA
AKAP7,1.89541596349289,1.16832741257188,0.647019331568257,1.80570711811666,0.0709641002155485,0.28349154687651
STX7,17.4535556575601,0.2319879778248,0.200572097820973,1.15663135772688,0.247423005053102,0.570240060640446
VNN2,0.83343937215644,0.240018130143901,0.811814763580865,0.295656276420986,0.767492591424448,NA
SLC18B1,3.25893482866806,1.82748203299303,0.513827645023519,3.5566051198148,0.000375678195640255,0.00457266707461058
RPS12,637.341565950295,0.186689226947794,0.057822587770906,3.2286556888021,0.00124373538952046,0.0127575234014178
TBPL1,11.650307283312,0.173655637345028,0.238644022954727,0.727676457993555,0.466811664780676,0.767249231661998
SGK1,3.97150046591112,-0.0714981751187945,0.602426132000093,-0.118683721241334,0.905525933950403,0.97231805241591
HBS1L,3.95094097725037,-0.605021761812194,0.452094316978367,-1.33826447068819,0.180810239379026,0.486333382942461
MYB,0.438403476723663,-0.794311680194279,1.10277563352542,-0.720284032441829,0.471350133950893,NA
AHI1,2.80977930831136,0.159167725028588,0.56323760183816,0.282594280831277,0.777487864942994,0.923889231214997
BCLAF1,10.9001192110011,0.210724405378377,0.283730388889713,0.742692406699821,0.45766792801072,0.764098432121468
RP3-325F22.5,1.26363100735433,0.669057789143213,0.707452301668204,0.945728478889028,0.344287092963213,0.669195925534501
IFNGR1,20.3944694926339,-0.616038577707758,0.225860057494871,-2.72752333697492,0.0063811743655718,0.0494580796214393
RP11-356I2.4,0.345163574749452,-0.538272343163148,1.37472732190566,-0.391548443524779,0.695391888169215,NA
TNFAIP3,3.34003128097776,-0.506017645078079,0.481133253498376,-1.05172037351142,0.292927860817964,0.621023050083379
PERP,0.36138063009084,-0.379996419517894,1.19141899632032,-0.318944402172121,0.749768673171729,NA
HEBP2,4.00652390498634,-0.171589985265767,0.449431419124144,-0.381793479414863,0.702614555737123,0.888418506015909
CCDC28A,6.50560920703157,-0.260721694023229,0.358788451482369,-0.726672480527265,0.467426615497444,0.767616724714575
ABRACL,11.5311770235137,0.331270061888654,0.311278124998789,1.06422531904528,0.287226639822033,0.614595797980639
HECA,0.934792177451077,-0.302284264167635,0.807311574079868,-0.374433210018279,0.70808203891591,NA
CITED2,7.51309564099647,0.3356178563504,0.317687495654625,1.05644024691254,0.290767126604199,0.618551834008112
VTA1,3.3669896060135,0.422704288895564,0.437183825904297,0.966879980111837,0.333604035768074,0.659778137554676
PEX3,2.73703487814552,0.765058216279674,0.513558414857218,1.48971995034368,0.136297886674894,0.41611422526238
FUCA2,0.751866792234569,-0.899088887801789,0.889238457775485,-1.01107737743478,0.311979396983732,NA
PHACTR2,0.438783174815095,0.862710853614132,1.13074050122734,0.76296095583179,0.445486681400254,NA
LTV1,7.41724239538612,0.0415645189836472,0.309388394583709,0.13434414383763,0.893130447869516,0.968075391086328
SF3B5,28.7872093687497,-0.238015626695889,0.165335922601028,-1.43958810010238,0.149983968323029,0.438569010931297
STX11,5.8724232514342,0.459754875919612,0.366661430192179,1.25389484156717,0.209880230239568,0.525842608290671
UTRN,4.16136803341231,1.89949649579231,0.465274033980636,4.08253278082432,4.45475259691437e-05,0.000668858505855549
SHPRH,1.95607570991631,0.313651535557867,0.552584211574426,0.567608572572513,0.570300784888524,0.825177236153167
RAB32,0.324775558566187,1.0398744974677,1.24089757909428,0.838001874600073,0.402029650669256,NA
TAB2,1.15792182236331,1.01097514516828,0.754867756399843,1.33927451079627,0.180481323468701,0.486000465505107
ZC3H12D,1.55899843787593,-0.0434288246196715,0.709258149235625,-0.0612313368080088,0.951174973383214,0.98210030668632
PPIL4,5.76797906651545,0.319719599026356,0.339449485754388,0.941876810671301,0.346255713813216,0.670297576164108
GINM1,4.41729874408405,-0.165635372279845,0.408631215765297,-0.405341946208486,0.685226177550492,0.88092951282387
KATNA1,5.00720778866268,0.179772223598505,0.359950279300187,0.499436266442179,0.617472075457078,0.850594951819087
PCMT1,22.3111478843513,-0.194868306275106,0.183194526818662,-1.0637234073483,0.287454017434799,0.61477893128753
MTHFD1L,2.87841667662447,0.711843351997831,0.545134740966917,1.30581175350377,0.191616582071773,0.501933701710131
ZBTB2,2.39554013586134,0.161814768598333,0.546937456411883,0.29585607403797,0.767339997893249,0.92052639649891
C6orf211,4.75285571363839,-0.435833199355075,0.38170563041794,-1.14180448131685,0.2535352992139,0.578237157423509
SYNE1,2.0249745794028,-0.130030130685786,0.598441656685757,-0.217281215692618,0.827989195123425,0.943152068331906
MTRF1L,1.18967190428995,0.338676094412829,0.841047964672992,0.402683448077197,0.687181111919932,0.881816224544653
IPCEF1,0.263153290954029,0.267420027328762,1.60417528247536,0.166702498318085,0.867604139672866,NA
TFB1M,2.65845462567694,0.0930182194927632,0.489616220909741,0.189981899128932,0.849323314613535,0.952035361759358
TMEM242_ENSG00000215712,3.11758143953387,0.0506038715613004,0.480880202959485,0.105231763025112,0.916191907388154,0.975012651313947
SNX9,22.8552334569712,-0.487626029890697,0.220165362311352,-2.21481719363789,0.0267726145896048,0.147273072822109
GTF2H5,5.83409168906911,0.430212200104653,0.360767114226405,1.19249283856473,0.23306805712549,0.553592297704259
DYNLT1,62.3184196020133,3.09704736825822,0.172518977673888,17.9519227972273,4.63572586743648e-72,1.3721748567612e-69
SYTL3,1.35637374421655,-0.282776724447564,0.729616285863673,-0.387569096148712,0.698334942411684,0.886360072889301
EZR,73.4469763151316,-0.279723010833363,0.125985785615248,-2.22027437037713,0.0264001486057732,0.146129406708358
TAGAP,26.5854116965253,0.449805874212685,0.179061262027787,2.51202224936225,0.0120041520087998,0.079890587673126
SOD2,24.6655754841197,1.5244276495503,0.209878836780894,7.26337001353667,3.77563261077333e-13,1.44872421657821e-11
WTAP,14.1978417408586,-0.116922521861888,0.228997383421661,-0.510584532079975,0.609642009171848,0.845039390946641
ACAT2,5.98595996648017,-0.919638411790671,0.359843045910816,-2.55566537200387,0.0105984986358689,0.0726353555904754
TCP1,26.5556188681625,0.15676268773155,0.170659031517769,0.91857246778778,0.358319238277815,0.684187912534774
MRPL18,25.8996140956667,-0.0263745120096683,0.202380287781291,-0.130321546128894,0.896312034090796,0.969986417963122
IGF2R,0.380510308373773,0.219698398865485,1.37828320400284,0.159400040737224,0.873353706816917,NA
MAP3K4,0.95824461696424,-2.0732952657994,1.04431771343436,-1.9853108293846,0.0471098999234572,NA
AGPAT4,0.436999295066157,0.653076028820004,1.29751302778905,0.503329072489422,0.614732929628133,NA
QKI,1.17874621605965,1.67223745516372,0.780533913872132,2.14242767091049,0.032159083199595,0.166322328659736
SFT2D1,27.6699812444874,0.239212775329432,0.179324065624081,1.33396917193979,0.182213959976485,0.488192714863582
MPC1,8.58149228634191,0.427705545039661,0.282717525010655,1.51283704476241,0.130321056458381,0.405849542557762
RNASET2,49.8725795721461,0.220746349898789,0.209426896235908,1.05404966537884,0.291860179246913,0.619393265346129
CCR6,9.69695303160124,0.833697525449352,0.282797291721373,2.94803928416243,0.00319796423206073,0.027880148199845
C6orf120,2.84111838772785,-0.0433295820852508,0.481027010936931,-0.0900772328789909,0.928225841189416,0.97595599269848
PHF10,1.04282687266653,-0.881499391290568,0.772256162706586,-1.14145983400263,0.253678617548708,0.578242129329948
PSMB1,66.9148027347881,0.23974402011209,0.119840523405118,2.00052547585796,0.0454435518061215,0.210569148959857
TBP,2.20572394803569,0.430703774063655,0.589889946833428,0.730142590792917,0.465303029828728,0.766952017371318
PDCD2,18.5599631777863,-0.359857847266698,0.199530213375951,-1.8035255973423,0.0713057091140413,0.284308074312303
AC147651.3,0.126907754302596,-0.0693972893802785,1.80163281212316,-0.0385191082851652,0.969273796580338,NA
PRKAR1B,1.08359134915317,-0.368703837465019,0.813809745614713,-0.453059009740069,0.650506250477032,0.865837306642174
AC147651.4,1.26721124191981,-0.0306063014211162,0.771277340893641,-0.0396826145387004,0.968346162347127,0.98877738329148
SUN1,2.70769392087155,-1.11513062619497,0.53161220424008,-2.09763925150855,0.0359370249650012,0.179281338027647
COX19,8.64332226097507,-0.291326757039666,0.299828054665461,-0.971646090172313,0.331226644820949,0.657797068436748
C7orf50,39.1809209696485,0.206871437745571,0.184228051798912,1.12290954458648,0.261475913446132,0.585345640265224
GPR146,1.34238472232371,1.05387047585771,0.733507382828882,1.43675510366821,0.150787591494847,0.439220088440472
ZFAND2A,3.81330069197982,-0.307737082216863,0.418142974265271,-0.735961384398709,0.461754198512978,0.765950298176077
PSMG3,3.59932383793375,-0.908257020563332,0.449025555112029,-2.02272901892349,0.0431010933267458,0.2038937565594
MAD1L1,5.76783703892808,-0.732987955574904,0.401578485929193,-1.82526699327251,0.0679607484974767,0.274849715458891
FTSJ2,6.70018353309481,-0.329737058052922,0.312972941643715,-1.05356410787834,0.292082529062514,0.619653583840473
NUDT1,6.19946126253586,-0.207247868070642,0.331041205695734,-0.626048553789787,0.531283094820674,0.807765711025472
SNX8,8.55636675000771,-0.0233112504518896,0.420231248003023,-0.0554724346717832,0.955762090071004,0.983770659502165
EIF3B,1.58360851206487,-0.372605740733034,0.692223601512543,-0.538273673302777,0.590388123974341,0.837292397587156
CHST12,29.4805268817217,3.57144640737397,0.282404846617565,12.6465478554993,1.16899417342177e-36,1.29758353249816e-34
BRAT1,1.92209231189374,-0.623199204546976,0.59874527649812,-1.04084195568419,0.297948904350837,0.624637568109545
GNA12,0.443768907624756,-0.603605389215296,1.03446283002241,-0.58349645023226,0.559559145999442,NA
AP5Z1,2.68632407873511,-0.218016879889667,0.518660092998926,-0.42034635560465,0.674232450556441,0.878054274003851
RBAK-RBAKDN,1.29872033879547,-0.252714170959107,0.682716480298831,-0.370159763608595,0.711263454589951,0.891959122173311
WIPI2,10.1664688801687,-0.765698887127694,0.256054225321001,-2.99037786300062,0.00278632532910592,0.0248134645354189
ACTB,479.216134735465,-0.326316817009852,0.0849577686028664,-3.84092970397109,0.000122569213589444,0.00167448402565271
FSCN1,0.0166851804699018,-0.233443170298403,3.0558605060609,-0.0763919589377195,0.939107266751526,NA
RNF216,2.39894942657803,-0.349658657232163,0.504998709776564,-0.692395149656659,0.488689210982004,0.78274915374707
CCZ1,7.99943520955245,0.47210610516969,0.305743582494002,1.54412433228734,0.122558215242157,0.391682193288046
AIMP2,5.5319823815103,0.111139118270316,0.367244718121904,0.30262958944293,0.76217216213726,0.91797225497515
EIF2AK1,6.68682374921251,-0.565949510900735,0.374946332862669,-1.50941471164628,0.131192835813698,0.406122842339616
USP42,1.32042357829352,1.7941038434734,0.780541008606581,2.29853886431442,0.0215311385557336,0.12602406521887
RAC1,26.5366154307591,-0.275433553633428,0.162141464353266,-1.69872373320453,0.0893712494966938,0.326054872995897
KDELR2,26.1783935749892,0.134018503194488,0.168864567044833,0.793644904551863,0.427402182980018,0.742518716993793
ZDHHC4,8.40342692961459,-0.311335386826406,0.285248407051172,-1.09145355111678,0.275073359755281,0.601215191363862
C7orf26,1.68368524412224,-0.899426314037149,0.653345911702869,-1.37664642561687,0.168621589934927,0.466905859893621
CCZ1B,2.27493119714602,1.14393963101008,0.61762013332422,1.85217347895227,0.0640009158239019,0.263812793608338
C1GALT1,6.84920338927883,0.800403393863499,0.33207896898914,2.41028029055847,0.0159402690300605,0.100063785832878
MIOS,3.0703563712821,-0.439041500195789,0.506018905139151,-0.867638532349015,0.385592245350451,0.706818916039601
RPA3,33.9581604454885,0.560619658990534,0.184261494373929,3.04252204669982,0.00234604631151774,0.0214772074703892
RPA3-AS1,3.87946203969464,-0.187356197605162,0.471659233083662,-0.39722788077368,0.691199424063595,0.88365563407996
NDUFA4,59.6894159524803,-0.174506664142854,0.126619029097033,-1.37820251337674,0.16814077148427,0.465966578486947
PHF14,9.83492775840324,-0.441047678060965,0.27609825957912,-1.59743012771356,0.110169861212957,0.369172968894741
TMEM106B,5.87532005440662,0.430781917716721,0.327277541668227,1.31625871888704,0.188087221324508,0.496012650573641
SCIN,0.171572741345608,1.1629815062166,1.81838302094995,0.63956905273403,0.52245280740479,NA
ARL4A,7.42961740896544,0.135986239440958,0.307855922553412,0.441720394115091,0.658691549980953,0.870020379355818
BZW2,8.20037735492981,-0.8683877085344,0.323016438397531,-2.68837001869759,0.00718017836091718,0.0539033679848565
TSPAN13,16.3997530522025,1.60378437412003,0.249541866215252,6.4269150441338,1.30219548607826e-10,3.9485108007134e-09
AHR,0.60873668076282,-0.419047634872697,0.99399420891745,-0.421579553596271,0.673331932912368,NA
SNX13,1.83462608141359,-0.714255266088601,0.640496376895445,-1.11515894836232,0.264782314255031,0.588238262960404
TWISTNB,8.08013924894625,0.117591048440511,0.285714806537928,0.411567919301731,0.680656149531362,0.879712496033004
CDCA7L,5.16282560770207,0.303870535094277,0.395115686020859,0.769067252567227,0.441853387338078,0.752876048126355
IL6,3.71616434673299,1.6715549867414,0.592757088919885,2.81996625259648,0.00480287002744892,0.0390256733210751
TOMM7,64.3482014428468,0.265016063549476,0.123623119831959,2.14374191421243,0.032053571796312,0.16610616133682
KLHL7,1.54723078692835,-0.182662510019007,0.663868919037981,-0.275148458951362,0.783202182914783,0.927825239195989
NUPL2,7.15228209054885,0.278994997743334,0.305358341880301,0.913664241249708,0.360893299127349,0.685190209949787
GPNMB,0,NA,NA,NA,NA,NA
MALSU1,3.98992470670226,0.213261216102761,0.402238510202293,0.530185973480034,0.595982995139828,0.83901284492146
TRA2A,4.52437666524784,0.239771282066756,0.395400565710753,0.606400958571607,0.544248532094761,0.814211522382921
CCDC126,2.63656624858151,0.219501536723622,0.518368570050168,0.423446847293188,0.671969271119637,0.876547400595621
CYCS,41.0174318792791,0.543287256660349,0.17643587844688,3.07923343847503,0.00207533996466418,0.0195163588810174
NFE2L3,0.436902431443905,2.00475618958755,1.37554281170517,1.45742914908071,0.144997955691046,NA
HNRNPA2B1,137.2942051311,-0.0910286506840201,0.0976580510509768,-0.932116192207275,0.351276480792192,0.675807677067245
CBX3,17.6049863529615,0.0970151309295286,0.212733290451517,0.456041133588533,0.648360399462564,0.864947395773462
SNX10,9.69286127801855,0.922201304066256,0.286858506273542,3.21482990358621,0.00130521838561963,0.013206075646021
SKAP2,7.31714877390362,-0.146506705081294,0.3084006444415,-0.475053174245506,0.634749073033209,0.859373569215999
HOTAIRM1,0.857149177543202,0.246994612618218,0.841801644857121,0.293411891182679,0.769207337382393,NA
TAX1BP1,26.7338712538029,0.0236203036819025,0.211840054734098,0.111500649447767,0.911219350627311,0.97381871700637
JAZF1,2.48764095802932,-0.0649048759400782,0.543113133176895,-0.119505259540351,0.904875073388892,0.972153762891947
CPVL,0.0295527836364702,0.429483717069159,3.05433812154166,0.140614332787877,0.88817462481673,NA
AC007036.6,0.318700914064499,1.57567508117619,1.54569893802776,1.01939326113963,0.308016304128615,NA
GGCT,4.71599484929607,-0.397369834561384,0.373800220553755,-1.06305403986309,0.287757445351519,0.614868779681339
GARS,11.6958718478486,0.601151909308411,0.260252930401197,2.30987565973492,0.020895038979386,0.12287943452778
PPP1R17,0,NA,NA,NA,NA,NA
LSM5,15.2164888297061,0.282329815557968,0.221708900524277,1.27342571674092,0.202867016559656,0.517328947353315
AVL9,1.10130433205156,1.06393601644556,0.911692373755751,1.16699014609789,0.243214348967867,0.565166502124957
KBTBD2,1.28597471049423,0.315691647136559,0.846273902626306,0.37303720008008,0.709120757371556,0.890434321187655
NT5C3A,51.4235940130469,3.96778191667955,0.204642301481491,19.388864804369,9.58285644103556e-84,3.97113570916514e-81
RP9,2.27931586696852,0.0665665968502469,0.536795348972536,0.124007402407007,0.90130941403318,0.971145660882345
HERPUD2,4.90443136807006,0.510801034254624,0.410568766578162,1.24413027934842,0.213451618596828,0.530938479871101
SEPT7,83.481858143468,-0.38524761449582,0.125546380736795,-3.06856806412828,0.0021508732562579,0.0199847954572483
EEPD1,0.0224953582478284,0.35274060894598,3.05510878660049,0.115459263019725,0.9080811078806,NA
AOAH,0.170833036531282,-0.643338726152901,1.83659364666459,-0.350289094880219,0.726121748501484,NA
ELMO1,3.56019141356501,0.270888316928176,0.425992384249363,0.635899436102611,0.524841970243089,0.804132840028496
GPR141,0.0581379860964978,0.442042704943031,3.05417699194027,0.144733820636311,0.884921035293415,NA
STARD3NL,4.64077202631904,-0.0612595561216615,0.387633899091475,-0.158034568868305,0.874429558961949,0.958295863629668
VPS41,3.3407204939394,0.457069703658076,0.455341162647537,1.00379614485211,0.315476882985383,0.64358526571616
RALA,18.1877294596995,0.0141334862760802,0.206811902596677,0.0683398107102338,0.945515133824954,0.981516712066786
CDK13,1.23208420356099,-1.48057582472995,0.816283809048701,-1.81380030856598,0.0697084750002182,0.279553471355714
MPLKIP,19.3574331577626,-0.106751710716462,0.215153395736019,-0.496165586191538,0.619777588942663,0.852090554460604
AC004988.1,0,NA,NA,NA,NA,NA
INHBA,0,NA,NA,NA,NA,NA
PSMA2_ENSG00000106588,108.532867441968,1.66030619610699,0.0952944735128299,17.4229011914679,5.5300614998079e-68,1.49455922968721e-65
MRPL32,29.1996038317217,0.792274707169499,0.174477009287886,4.54085446789296,5.6026696707152e-06,9.9503413351902e-05
STK17A,62.9653899919288,-0.525743372450709,0.124258266368155,-4.23105349702068,2.3259933835876e-05,0.000372652722013334
COA1,8.9271363207725,-0.421067834465556,0.354223528006365,-1.18870656852017,0.23455515494301,0.554370662785457
BLVRA,3.32648418396068,0.420780030766313,0.455074972129614,0.92463892003814,0.355153760976676,0.680109605123542
UBE2D4,2.30931308754337,-0.939564941532131,0.558848939149549,-1.68125029093184,0.0927143088184256,0.332743731879523
DBNL,20.8048403624734,-0.114435006430762,0.202655642533065,-0.564677129145765,0.572293393178718,0.826332237178339
POLD2,14.556995074484,-0.702658827744766,0.238127432835878,-2.95076807983333,0.00316984832114001,0.0277127667569709
YKT6,3.30031325901275,0.128688528363896,0.488481103688193,0.263446277434798,0.792206625695691,0.930984635279655
NUDCD3,2.74945069320026,0.407442572545515,0.533656698488636,0.763491910997144,0.445170084634626,0.754870095244953
DDX56,5.33589806421204,-0.468044343407915,0.347575449282331,-1.34659782321889,0.178109795616408,0.481808589415953
TMED4,8.25868149294169,0.426092577312908,0.285177605760773,1.49413056532336,0.135141496442679,0.414100808420057
OGDH,0.932241499674023,-0.0430155267112668,0.781620620370075,-0.0550337664977418,0.956111562770739,NA
PPIA,54.2142703174941,-0.10596464837394,0.124937665566282,-0.848140133671087,0.396359932880288,0.715797019983693
H2AFV,31.4771535677264,-0.361316971981048,0.171638148886766,-2.10510876704583,0.0352818412703075,0.177150182016342
MYO1G,1.34236120945518,0.0923311128324821,0.76931028598187,0.120018040204207,0.904468857238495,0.972153762891947
SNHG15,9.72217777732859,0.284287230077487,0.366445922002846,0.775795862384516,0.437869527379064,0.750860792214219
CCM2,9.14010238238913,-0.899702949523631,0.278757562180378,-3.2275463398602,0.00124856815870958,0.012764966569965
TBRG4,4.83450813843721,0.068936777052196,0.390097377228334,0.176716843220009,0.859730810121838,0.953790240178002
IGFBP3,0.0549490603892113,-0.379320188502241,3.05517703609203,-0.124156532999947,0.901191337516134,NA
TNS3,0.197375289494949,-0.555021803415588,1.61260829034733,-0.344176454218802,0.730713588638233,NA
HUS1,2.8130134461701,0.0878202409829916,0.484235293412854,0.181358612595214,0.856086102499884,0.953586263561639
UPP1,6.15468051479433,-0.739804175444035,0.414304097470746,-1.78565498135406,0.0741551387327557,0.290087062531661
IKZF1,3.87167023362301,-0.449073310971612,0.434916864228156,-1.03254977653851,0.301814641936685,0.628713074490092
SEC61G,9.53247481607114,0.344074161997251,0.25756238037045,1.3358867141326,0.181586304132143,0.487648169000568
VOPP1,12.8454195288052,-0.144091822430844,0.229852661810411,-0.626887769303692,0.530732805050547,0.807765711025472
GBAS,6.43752935218064,-0.453352654287551,0.3430990992592,-1.32134609291136,0.186385991628272,0.494061971838523
MRPS17_ENSG00000239789,4.74852008230267,-0.308449336608906,0.361733371463779,-0.852698039334176,0.393826778466395,0.714126970521327
CCT6A,35.1923820591272,0.0883597897095964,0.145677367892006,0.606544386325673,0.544153317279894,0.814211522382921
SUMF2,3.69951520034075,-0.954277636394267,0.418308795979431,-2.28127556859022,0.0225321454875797,0.130046254736115
CHCHD2,110.100241353046,0.0690200047940614,0.0947570756567956,0.728388928379846,0.466375538784168,0.767249231661998
ZNF138,1.99548777551546,-0.143678331620678,0.622267383114288,-0.230894846041271,0.817396494827114,0.939644208060827
ERV3-1,6.38094079495677,0.22048138612098,0.345347909358725,0.638432664991055,0.523192073130326,0.802210638031106
ZNF92,6.82158695475106,1.4872004935918,0.335618762628815,4.43121976239631,9.37015316947964e-06,0.000163150902245057
GUSB,5.51305366893475,-0.403601761114158,0.360181023808937,-1.12055254007011,0.262478376455952,0.586030252940374
ASL,0.984781107181238,-1.97084254273343,0.879698951284049,-2.2403602276173,0.0250675461368267,0.140885955503178
CRCP,2.26536111841994,0.161085798491983,0.621548780458688,0.259168392822049,0.795505316993083,0.932033348097491
TPST1,0.659286754804994,0.366597545986233,1.00143171094931,0.366073434641607,0.714310279802361,NA
RP11-792A8.4,2.17101585080843,0.0187056155062459,0.612474395120947,0.0305410571531762,0.97563554976764,0.991425629778593
TMEM248,12.7987881575564,0.00707574757019424,0.226668265160027,0.0312163132549622,0.975097030158265,0.991203399671726
SBDS,12.8273579611007,-0.516371451428564,0.236942977209924,-2.17930684213136,0.0293088812835947,0.156919901859453
AUTS2,0.367919778777078,0.751800806000005,1.24895423333994,0.601944239373405,0.547211255002453,NA
NSUN5_ENSG00000130305,5.91299553407576,0.201288497687431,0.35807812002898,0.562135708462557,0.574023560836891,0.827398810574741
BAZ1B_ENSG00000009954,3.79612877080922,-0.132773400753099,0.417276341060082,-0.318190579450995,0.750340378229698,0.912385718129069
BCL7B_ENSG00000106635,12.0266346935246,0.163737796503513,0.26903746458061,0.608605930622922,0.542785672516152,0.813982084526032
TBL2_ENSG00000106638,2.32223840821897,-0.960343843613026,0.572864006706219,-1.67639061342794,0.0936617063062867,0.334983409896363
DNAJC30_ENSG00000176410,3.39482814549663,-0.852874051015528,0.486318906631452,-1.75373410201768,0.0794760792851543,0.303640632351887
WBSCR22_ENSG00000071462,27.9714336289545,-0.285447597645198,0.173950759551001,-1.64096781400663,0.10080409658436,0.351232210968824
ABHD11_ENSG00000106077,1.20696420461504,-0.46360064723916,0.702470925854463,-0.659957060393996,0.509281385263761,0.794601679417556
EIF4H_ENSG00000106682,14.1854102413072,-0.453414596215117,0.223229313253659,-2.03116064645101,0.0422387010246265,0.201009371610503
LAT2_ENSG00000086730,17.7027967133605,-0.0942038081401756,0.210063327668141,-0.448454326540039,0.653825341738443,0.867229805000569
RFC2_ENSG00000049541,5.22567032055754,-0.34279261268811,0.359947720390937,-0.952340001808608,0.340924576989756,0.665992196910221
GTF2I_ENSG00000077809,1.74792087478392,-0.729217970545375,0.594821440389726,-1.22594432720447,0.220219626240962,0.539006660511142
NCF1_ENSG00000158517,7.788115161754,0.0334549653455144,0.300351012181016,0.111386224746104,0.911310083144475,0.97381871700637
HIP1_ENSG00000127946,0.177308736965107,0.81979700610385,1.8347413217815,0.446818849268539,0.655005860501702,NA
RHBDD2_ENSG00000005486,4.56218387349964,0.200052122571107,0.364956139551836,0.548153876289819,0.583586249485089,0.835076456445515
POR_ENSG00000127948,2.62633468501695,0.376996561063178,0.513172016498428,0.734639748354893,0.462558923692897,0.765950298176077
STYXL1_ENSG00000127952,2.3039071938986,0.213190120576781,0.551296965709002,0.386706500919346,0.698973502856021,0.886372545519633
MDH2_ENSG00000146701,25.44169127658,-0.029322671615177,0.175420040833526,-0.167156907932796,0.867246589783734,0.956289790012189
HSPB1,25.9829677232347,-0.0906446311580778,0.392321386846557,-0.23104687686458,0.817278384618223,0.939644208060827
YWHAG,1.21716202796601,-0.421917044188148,0.752886458757294,-0.560399299629534,0.5752071092397,0.828426179572283
DTX2,0.875766900237115,0.119410785660071,0.870338252174604,0.137200433695421,0.890872368113484,NA
FGL2,1.88520838161163,1.95148941591302,0.697864832948445,2.79637162352497,0.00516799378305625,0.0413972285508733
GSAP,3.98501014192374,-0.182216642083801,0.446731838615664,-0.407888192273143,0.683355761940276,0.880716029778897
RP5-899E9.1,0,NA,NA,NA,NA,NA
PTPN12,0.703999761454254,-1.63584433547598,1.04671546584077,-1.56283573603452,0.118091236336692,NA
RSBN1L,17.6732240254439,0.238927650422489,0.212639398811516,1.12362831985936,0.261170736774638,0.585345640265224
TMEM60,8.41370205640923,0.127655966891243,0.279079486998174,0.457417950220318,0.647370664717967,0.864947395773462
CD36,0.231290368397452,-0.933782667663653,1.40853670974661,-0.662945212007743,0.507365643977931,NA
DMTF1,2.07382338609475,1.17375255776761,0.556998016088911,2.10728319287272,0.0350930393372492,0.176344650380227
TMEM243,32.1719070564389,-0.491854405168684,0.196538415013641,-2.50258660697222,0.0123289456569985,0.0815284321318111
TP53TG1,2.29572300874831,-0.120898900682923,0.592096464505143,-0.204187844262788,0.838206710125984,0.948360558817459
ABCB1,1.87074933448456,-0.739848898459086,0.657004771610691,-1.12609364562954,0.260125883408232,0.584577907182058
DBF4,4.27272513678325,0.209932122479596,0.401480370762636,0.52289510961848,0.601047247988071,0.841775306136171
SRI,34.651237356599,0.0470831407692554,0.150052600364391,0.313777573030508,0.753689978893521,0.913777434913619
GTPBP10,1.41964498348578,-0.704872463168663,0.68583381712292,-1.02775985314578,0.30406280541877,0.632125216883972
MTERF,3.20636165938623,-0.234688021256036,0.513709012858442,-0.456850114328648,0.647778782301924,0.864947395773462
AKAP9,8.05082188111813,-0.462949464586834,0.301233579111293,-1.53684548034996,0.124331153058848,0.395113725671676
KRIT1,1.95952720060004,-1.52887509389242,0.613790335607943,-2.49087514937509,0.0127428889294439,0.0832162476944216
ANKIB1,2.93012799675118,0.852005467216875,0.529877716053076,1.60792847369247,0.107850844885044,0.364150381208817
PEX1,1.12603811386981,-0.00236286618032353,0.772664315289237,-0.00305807597629124,0.997560012195814,0.999330962586761
RBM48,2.7866683740162,0.112215403398515,0.477286650473013,0.235111129312551,0.814122480845988,0.939518118083403
FAM133B,10.6273549257236,-0.051291569706336,0.259873617758029,-0.197371207392411,0.843537059598058,0.950104052662746
SAMD9,47.2561241716546,3.02987451752793,0.177767259431537,17.0440525843558,3.86963780114825e-65,9.621467428775e-63
SAMD9L,61.9338178669952,4.06334702884838,0.224830265896981,18.0729538909599,5.20507565374458e-73,1.70288159282507e-70
GNG11,4.61291799468949,0.264970602120257,0.546258130389798,0.485064820785698,0.627630365503377,0.855371706197981
BET1,7.5045139307304,0.204495166739129,0.3260998243283,0.627093765414769,0.530597773666553,0.807765711025472
SHFM1,18.6700866420461,0.290394272801777,0.219728307704581,1.32160610453618,0.186299349562068,0.494042985016133
ACN9,4.7794113633403,-0.966117096972992,0.393303984554149,-2.45641319415613,0.0140331700901641,0.0899280260623302
ASNS,6.55232701122469,0.378419883848438,0.350295145775387,1.08028868915895,0.280013644915417,0.606891498184879
BRI3,3.10853682520157,-0.668808960100587,0.473309950126026,-1.41304648237905,0.157642057368065,0.449257059062774
ARPC1A,8.18479833282974,0.255322390662074,0.297052851916765,0.859518395513052,0.390054575447783,0.710284722505106
ARPC1B,75.1141969535573,-0.075358927201081,0.124617540925242,-0.604721667925455,0.545363948497656,0.814578242393897
PDAP1,13.7140316548375,0.0158091877917712,0.223553808799952,0.0707175953594155,0.943622516825389,0.980979575543856
BUD31,28.471530700761,0.338395762002433,0.159825193273317,2.11728673729018,0.0342355198148097,0.173296409746626
CPSF4,3.22859712145774,0.157103995362257,0.474519364290333,0.331080261808101,0.740583860466784,0.910316250081378
ATP5J2,30.0535746977334,-0.0316630669772892,0.157292653582275,-0.201300354823801,0.840463725134627,0.949358988812801
ZNF394,5.60664127540533,-0.123627985872889,0.343722752981903,-0.359673558995956,0.719091267411435,0.8971496086276
FAM200A,2.34387401486037,-1.18762108031711,0.617761861442158,-1.92245775345312,0.0545481845353493,0.238614718558572
ZNF655,6.22533049793489,0.0233658048487241,0.366105052726624,0.0638226778753903,0.949111420735514,0.981817235420602
TRIM4,3.83184031797147,-0.246390989943908,0.45410025581072,-0.542591612294996,0.587411015317999,0.836697266548277
ZKSCAN1,3.08813535829704,-0.389490705131239,0.440487718358886,-0.884226026964735,0.376574211128417,0.698673201900966
ZNF3,1.95316776067991,0.0639802650242898,0.606079787332674,0.105564096281553,0.915928212546714,0.974987639149784
COPS6,22.370836450134,-0.366651110578247,0.194460746475604,-1.88547620650137,0.0593655738612074,0.253820263821325
MCM7,4.39867560119973,-0.759487032060755,0.407031774007753,-1.86591583399651,0.0620531419279527,0.260676923538532
AP4M1,2.54017619425685,-0.490542946998218,0.577533586880062,-0.84937561752593,0.395672316138399,0.715398211452795
TAF6,4.88715897023428,-0.706500609927094,0.38896480844383,-1.81636126094199,0.0693149735957757,0.27872875991246
CNPY4,0.87904936148698,-0.890354434708798,0.921475711708438,-0.966226698539954,0.333930755985681,NA
LAMTOR4,24.365999038672,-0.136770681829918,0.201224177826461,-0.679693083143672,0.496698816584677,0.787056896454839
STAG3,6.14658815894352,2.13077284671522,0.44427810918941,4.79603384151166,1.6183795093213e-06,3.11450372444e-05
PILRB,2.2319491722214,0.376581914968556,0.537878398765272,0.70012463008929,0.483849475370149,0.77933906965771
PILRA,0.502894931562269,0.605315618256956,1.22441750843466,0.494370273282694,0.621044704007668,NA
MEPCE,2.15710272864698,0.490657691149622,0.600128858290393,0.817587230428103,0.413592921486256,0.731537092889201
PPP1R35,3.70091835486294,-0.781530544605527,0.494058487830549,-1.58185835049063,0.113681910798211,0.376075975264333
TSC22D4,10.0551737909037,0.672858159290445,0.269529721463603,2.49641544404337,0.0125455574688578,0.0825218891284871
LRCH4,2.76646686440895,-0.52481534756181,0.510937847371473,-1.02716083817578,0.30434473514911,0.632265484302697
GNB2,9.83349308861894,-0.0502961798164563,0.262696360758179,-0.191461273659424,0.84816421839251,0.951536327415761
POP7,5.9402291615088,-0.589394215931917,0.328619977030987,-1.79354347613609,0.0728860653681485,0.287657004652959
SLC12A9,0.606149352123461,-1.09843907860961,1.04098274635641,-1.05519431753725,0.291336462510339,NA
TRIP6,0.786348199954861,-0.625831803611778,1.13490057082037,-0.551441967431024,0.581330738266449,NA
SRRT,2.3391155933471,-0.148049961506991,0.539179949225742,-0.274583581454742,0.783636181753369,0.927825239195989
TRIM56,2.82685702474848,1.42326283245798,0.552545580459642,2.57582882352262,0.010000013882122,0.0693750963072216
AP1S1,4.61118105547189,-0.47996764463126,0.391350058043125,-1.22644071405343,0.220032872629213,0.538898477645069
ZNHIT1,14.4994862816617,-0.381132539658297,0.245224563440606,-1.5542184449667,0.120132319229608,0.387113787626359
FIS1,14.1295554685764,-0.699072733945579,0.26872424138994,-2.60145020906829,0.00928305395034665,0.065793442142094
RABL5,3.18581795066208,-0.266594558521517,0.515499394468191,-0.517157850003968,0.60504597296343,0.844970965612375
CUX1_ENSG00000257923,1.20129534001498,-0.677042810639158,0.773164301491422,-0.875677794917785,0.381205220081837,0.701080728298238
SH2B2_ENSG00000160999,1.92974449015075,-1.18118773786258,0.725002964136209,-1.62921780501944,0.103266919040158,0.355824372923293
PRKRIP1_ENSG00000128563,4.59092870639345,0.347542166727149,0.394750052285684,0.880410692069092,0.378636866388542,0.699175598343184
ORAI2,31.7747785267461,-0.546753714177541,0.169305484270808,-3.22939163212809,0.00124053886199215,0.0127575234014178
ALKBH4,1.88936853719986,-0.566638026712941,0.658453709645715,-0.86055863671544,0.389481175534834,0.710183334445446
LRWD1,4.09889050490131,-0.839119021752705,0.426870946380563,-1.96574404715896,0.0493281840157043,0.222999266793904
POLR2J,16.8898460333603,-0.132151337484126,0.21891006609706,-0.603678669694123,0.546057298174298,0.814581165157108
POLR2J3,4.21023794290479,-0.234397160015779,0.397439361320443,-0.589768359220946,0.555345958211525,0.81840089442286
ARMC10,8.73038570441905,0.418183847912955,0.34930160772547,1.19719989448667,0.231228650993267,0.551753280066851
NAPEPLD,2.55989990989199,0.213160551796955,0.543583201277596,0.392139696914766,0.694954997743875,0.885193127715068
PMPCB,12.8801849962856,-0.541219345611383,0.257872697437784,-2.09878498572715,0.0358358589646456,0.178920240421074
DNAJC2,12.1981422410639,-0.0951745055579741,0.231356502601362,-0.411375969500906,0.680796871761642,0.879712496033004
PSMC2,11.5783102956584,-0.225202089713361,0.24718360919922,-0.911072099169236,0.362257386145134,0.687352574766202
ORC5,2.69535528508785,-0.227438259828217,0.553845313995684,-0.410653036291626,0.681326968230333,0.879712496033004
KMT2E,33.8791743585942,-0.349846939827854,0.148259691282898,-2.35969019495868,0.0182902024243207,0.111353475288519
SRPK2,4.74060090908487,-0.795924934312159,0.381093179621769,-2.08853103879242,0.0367499585407544,0.182604110543029
RINT1,1.77589186772337,0.570539551139278,0.605678677524285,0.941983880745746,0.346200892678989,0.670297576164108
ATXN7L1,0.476622947582203,-0.988102434730809,1.17943243275012,-0.837777906807957,0.402155449137564,NA
SYPL1,18.1814452765279,-0.713676664333772,0.207130535880575,-3.4455405684136,0.000569918413073559,0.00658478225960082
NAMPT,10.9750996610392,1.35436949469277,0.268170044563977,5.05041305748694,4.40855731064078e-07,9.25797035234563e-06
PIK3CG,1.02001631309352,0.188165797815568,0.88617285068339,0.212335322246061,0.831845440479624,0.946503982797243
HBP1,16.3341569856456,0.227479751049538,0.208966352621513,1.08859511684906,0.276332471116353,0.602195637788977
BCAP29,4.57235189938646,0.000443887129663973,0.394310736480628,0.0011257292500474,0.999101798201453,0.999778745990388
CBLL1,3.45781307829945,0.276068610643195,0.457430803719696,0.603519938749826,0.546162855394905,0.814581165157108
DLD,8.03362057324761,-0.0829724499136728,0.279796940375347,-0.296545236707612,0.766813725701554,0.920417958121704
PNPLA8,7.46203954956625,-0.396340272732913,0.340229713983123,-1.16491963060162,0.244051526537429,0.566688191616233
THAP5,2.87762821031584,-0.580135712579557,0.529305423268395,-1.09603205838567,0.273064745260129,0.598931000895188
DNAJB9,9.37155004848268,-0.555143854868897,0.275629757338353,-2.01409260099382,0.0439998122099782,0.20641723222432
LRRN3,0.0719496004632112,0.0351384875501114,2.70680072164726,0.0129815568871015,0.989642507094279,NA
DOCK4,0.455210141078929,-0.374832147726714,1.13193568918282,-0.331142618179408,0.740536761215366,NA
ZNF277,6.69376059113982,-0.266810849126203,0.333011901596677,-0.801205145662772,0.423012892783702,0.738597923662207
IFRD1,7.16194936507097,0.335891159876946,0.352330316473851,0.9533416347437,0.340417002888135,0.665992196910221
LINC00998,5.27737348499338,-0.0293294258405619,0.401308921663037,-0.0730844101821106,0.941738947352224,0.980279034310851
MDFIC,2.19749725250826,-1.51554855158953,0.717824457863171,-2.11130804333559,0.0347458431468982,0.174882721458396
TFEC,1.54419673312727,1.15441181945934,0.789576962274569,1.46206370577705,0.14372375331551,0.429100312492416
TES,4.63119357415719,-1.20825791356301,0.462479704985795,-2.61256418506002,0.00898658161484313,0.0642075762274309
CAPZA2,14.9610616099555,0.859907094076491,0.219230138400286,3.92239452272028,8.76732782381508e-05,0.00121646673555434
NAA38,14.5140742300469,0.258177862836408,0.214117107917201,1.20577876914088,0.227902803768552,0.546690428700828
ING3,6.25712340890449,0.209938351216647,0.346133850068997,0.606523606907555,0.544167111227078,0.814211522382921
FAM3C,9.41598165456591,-0.167002800106625,0.329374465152552,-0.507030197466208,0.61213363058035,0.846877954081339
NDUFA5,23.5323134373426,-0.022875279936466,0.178224944485434,-0.128350607725034,0.897871517087989,0.970300651985212
WASL,0.79995441875217,-0.451685882505403,0.904893872054242,-0.49915895825442,0.617667405190471,NA
ZNF800,6.84819292830011,0.128325746318858,0.324794497960722,0.39509827637036,0.692770360867764,0.883972378184294
ARF5,10.7078214490681,-0.433934851683698,0.256524901621053,-1.691589584253,0.0907242538105408,0.329213054107602
SND1,6.01090646556403,-0.044835856656256,0.344108102219293,-0.130295847052398,0.896332365633876,0.969986417963122
RBM28,2.01531666115158,0.263499892359185,0.619631357701513,0.425252674972135,0.670652488686031,0.87616138496687
METTL2B,2.19880386904394,0.0199829963068504,0.577695022562668,0.0345909096086814,0.972405950244928,0.990240501899755
CALU,2.0837515401875,0.217410200649629,0.613504431341464,0.354374295511198,0.723058395501288,0.899625898005606
ATP6V1F,62.7943429277735,-0.211142354746331,0.131917843199764,-1.60055948175712,0.109474522574713,0.367437166481866
IRF5,1.69192071999183,0.174520864341502,0.70835266348893,0.246375673216098,0.805391435895226,0.935980511456425
TNPO3,2.91946101862868,-0.109288859693269,0.684852328457063,-0.159580182693533,0.873211790823853,0.958067353114737
SMKR1,2.37285081771288,-1.23270697738785,0.649005097801228,-1.89937949881158,0.0575145970284139,0.247755187199321
ZC3HC1,2.51821401725639,0.443571077552321,0.513489229495452,0.863837159716413,0.387677351381374,0.708466122015172
MIR29A,0.690573093252861,-1.23872591487924,1.00387633216983,-1.2339427429291,0.217224240698187,NA
RP11-138A9.1_ENSG00000271204,4.32194063395278,0.236725760981565,0.404204174767251,0.585658871826044,0.558104777623965,0.819353284981176
LINC-PINT_ENSG00000231721,6.76231069639292,-1.16124034382138,0.355471585484715,-3.26675996405713,0.00108785876210332,0.0114418444420207
CHCHD3,8.48231496883623,-0.386377627418114,0.305701559329744,-1.26390466658153,0.206264246645086,0.520771144250956
EXOC4,1.88740369605339,0.526939500115336,0.652626466875709,0.807413623045249,0.419428220827655,0.736029438035756
AKR1B1,21.2394609584803,-0.0879044621237876,0.200463945298159,-0.438505098725077,0.661020174871031,0.870452199435946
BPGM,4.75301454137929,1.15286428922472,0.382325831245044,3.01539732607242,0.00256642814047229,0.0231537261555526
C7orf49,3.53252082084706,-0.665916750121047,0.505881897799205,-1.31634824851029,0.188057183699177,0.496012650573641
TMEM140,17.3241067040323,2.21352237704826,0.243701300087615,9.08293216430302,1.0568848911773e-19,5.86571114603403e-18
CNOT4,6.56086466768925,0.384553675906017,0.331318210541115,1.16067775229728,0.245772972615001,0.56877112274475
C7orf73,15.4946469918467,-0.0657780441005211,0.241931797894991,-0.271886724576286,0.785709119118347,0.928864184944779
MTPN,10.7340637488174,0.726611640681747,0.282015482747322,2.57649556543238,0.00998074857432833,0.0693750963072216
ZC3HAV1,9.82507198615319,1.40015899940484,0.302093016367116,4.63486053482054,3.57178206012251e-06,6.54932073325119e-05
C7orf55,4.01891055839854,-0.641877314833957,0.425440874422835,-1.50873447621775,0.131366651343561,0.406289404933139
C7orf55-LUC7L2,9.95857442038862,-0.552048658921769,0.269414118879556,-2.04907100347093,0.0404551724088444,0.195331328207265
HIPK2,1.07497980008702,0.641548839186275,0.878154136977412,0.730565184597857,0.465044784068918,0.766952017371318
TBXAS1,0.106774423555377,-0.954387066682108,2.07230434430679,-0.460543871996448,0.645125888590632,NA
PARP12,13.5851222649081,1.71788668143698,0.240378943887915,7.14657720702027,8.89683593538858e-13,3.31154084876499e-11
KDM7A,1.39192008968545,-0.529028086420163,0.673040952874494,-0.786026591934316,0.431851908382667,0.74746461239414
JHDM1D-AS1,0.828645052687398,-0.428708560919612,0.966241686285232,-0.443686674881318,0.657269130714764,NA
MKRN1,22.0307030600356,0.625195365796401,0.197130149091622,3.17148527851933,0.00151661554876459,0.0150355378805752
ADCK2,1.65718343622248,0.0351634335436691,0.641328639370649,0.0548290398791107,0.9562746647162,0.983770659502165
NDUFB2,55.6621692284461,0.0412332732855813,0.13561625057286,0.304043749266086,0.761094560792105,0.917563685630044
BRAF,3.10293112582582,-0.241397449641005,0.442439518491377,-0.545605533755479,0.585337119670435,0.835850111617603
MRPS33,11.2553665644556,-0.0508928289620693,0.244565186530164,-0.208095149126192,0.835154674693318,0.947253812151602
SSBP1_ENSG00000106028,44.9401870911442,0.315927393246203,0.134738726501185,2.34474082878782,0.0190403096248375,0.114352236355546
CLEC5A_ENSG00000258227,0.269405472848212,-1.87633829496845,1.33026346377122,-1.41050126239589,0.158391723945812,NA
EPHB6_ENSG00000106123,1.51986460160537,-1.17944077470562,0.712789737740403,-1.65468259748594,0.097988898930968,0.345098581164248
GSTK1,21.2292678424372,1.0806379005515,0.183946839830248,5.87472935957337,4.23534710160814e-09,1.11554735523713e-07
AC093673.5,1.6075993812883,-0.44643585785498,0.658010701762411,-0.678462913535068,0.497478230683054,0.787318138709254
ZYX,2.57336680948026,-0.788763092560413,0.610217770781285,-1.29259279281645,0.196151933610299,0.509311746273677
CUL1,4.71356428056076,0.37534871662115,0.408909697327885,0.917925691354235,0.358657770287138,0.684187912534774
PDIA4,8.18257977134414,0.0484135006082921,0.348887115033164,0.138765516186203,0.889635444390111,0.966778657749812
ZNF467,0,NA,NA,NA,NA,NA
ATP6V0E2,0.570594517186943,-1.81119357021562,1.15000740353645,-1.57494079137745,0.115270111904761,NA
REPIN1,6.58358681785924,-0.63168742514092,0.324730478355974,-1.94526682046905,0.0517428732802986,0.229738357364526
ZNF775,7.15286474090064,-0.475410690894417,0.32995055666245,-1.44085433800549,0.149625838468991,0.438423235417113
LINC00996,0.26378776918221,0.0963976968257785,1.55219965399171,0.0621039288199025,0.950480068294279,NA
GIMAP8,0.169629359998765,-0.358460347378797,1.82933159824536,-0.195951541930736,0.844648094552128,NA
GIMAP7,13.3063155042125,0.401184695554076,0.271094678147753,1.47986931464372,0.138908126120022,0.420991180868872
GIMAP4,4.24251062783349,0.804040113349256,0.510578801560351,1.57476203652027,0.115311382303919,0.379258151694351
GIMAP6,0.394542993668711,1.95406850145583,1.23239237495162,1.58558957453185,0.112832442733384,NA
GIMAP2,5.51295744843473,0.951069841149443,0.421515400884735,2.25631101296229,0.0240511601661819,0.136656317726679
GIMAP1,2.65613311686167,-0.114475693961186,0.485429383643892,-0.23582357767853,0.81356957173552,0.939309394642452
GIMAP5,4.57478221624207,1.05570470156718,0.426806051526433,2.4734998432931,0.0133796862794008,0.0865433193681114
TMEM176B,0.0224953582478284,0.35274060894598,3.05510878660049,0.115459263019725,0.9080811078806,NA
TMEM176A,0,NA,NA,NA,NA,NA
ABCB8,1.19783429977363,0.100048720813367,0.695596953840833,0.143831453345122,0.885633564931141,0.964148897243399
SLC4A2,0.88007759702225,0.58343045658871,0.803985821419932,0.725672569148427,0.468039521763245,NA
FASTK,7.30176474621576,-0.182866006289246,0.350410525156194,-0.521862196370199,0.601766281072887,0.842176954652238
TMUB1,9.6673691369857,-0.104585561236816,0.276990270979615,-0.377578464640418,0.705743765159022,0.889068343411422
ABCF2,7.12305758457726,0.193669918672031,0.3216593156467,0.602096408377464,0.547109965155011,0.815200795751625
CHPF2,2.38042379327572,-0.788791662477958,0.633514171989856,-1.24510499899375,0.213093156824661,0.530521903159221
NUB1,28.7474645320564,2.44056426477642,0.191150431963876,12.767767457819,2.48170868328647e-37,2.85672243987198e-35
RHEB,22.1119357847464,0.212787406628269,0.228037323114975,0.933125348612268,0.350755252613209,0.675641354274468
PRKAG2,7.64527136377368,0.757020215991812,0.371474694664074,2.03787829121547,0.0415621061330927,0.199266331723552
GALNT11,2.45920681456358,-0.900679013541806,0.529733806908716,-1.70024831678717,0.0890842274453256,0.326054872995897
KMT2C,2.51334570079139,-1.25891171387397,0.563112268517112,-2.23563183446377,0.0253758975159814,0.141775778749594
LINC01003,0.737450808759813,-1.27261612958993,0.901561670612809,-1.41156858268487,0.158077028509754,NA
PAXIP1-AS1,3.52056113538006,-1.0432297475147,0.458012417813002,-2.27773245209397,0.0227425229927691,0.131017166749817
INSIG1,8.9744168337542,-0.753336703319908,0.332621763184169,-2.26484489802549,0.0235221991325594,0.134511490163744
RBM33,2.08934474920621,0.128846612967905,0.583135965605993,0.220954666779999,0.82512773122349,0.941533164784864
NOM1,2.00174908957226,0.0347286550371019,0.55684351509471,0.0623669919747474,0.950270580358052,0.98210030668632
DNAJB6,37.8446124888165,0.202743593947116,0.145597942435807,1.39248941678214,0.163774244227616,0.45974457341648
IL3RA,0.259170343660683,0.597136606670041,1.37551692813406,0.434117962822949,0.664202782030001,NA
SLC25A6,4.51256750822293,-0.669708989712126,0.397427375001005,-1.68511036692033,0.09196727987995,0.331666331329068
CD99,1.01831366770063,-1.79928153521109,0.862404318355075,-2.0863549693756,0.0369464807935571,0.183287569523345
PRKX,10.3987531356493,0.210395913363784,0.285745470852319,0.736305330531457,0.461544902927085,0.765950298176077
PNPLA4,3.51127601759432,0.43548260818305,0.442950500900111,0.983140570556112,0.325538259154946,0.652807806533515
TBL1X,1.43416933103013,-0.540213456157745,0.651027467296436,-0.829785966483295,0.406659806592919,0.7249203779127
HCCS,6.65133950160084,0.47011865063643,0.315325238821808,1.49090079941903,0.135987541475108,0.41578876429379
MSL3,15.285915812268,1.06730664909021,0.227258401513309,4.69644528863635,2.64728100475383e-06,4.98651476531813e-05
PRPS2,3.85545997207178,0.662021173857459,0.441712068860144,1.49876179649298,0.133935438776932,0.411538649252304
TLR7,4.94898475782874,5.44015383572643,0.75423203403645,7.21283847705614,5.47974019557684e-13,2.08969724268133e-11
TMSB4X,2670.38735015931,0.404714522821469,0.0731338597758187,5.53388709500719,3.1321063258832e-08,7.48814343141922e-07
RAB9A,7.57198148781136,0.131857637068809,0.345828034110585,0.381280937527017,0.702994796925385,0.888418506015909
TRAPPC2,2.10824438837822,0.032429300486351,0.64751839158113,0.0500824392140649,0.960056693652471,0.985414602815086
OFD1,25.102981223092,0.880467506987716,0.179801808051894,4.8968779375878,9.73712788559678e-07,1.96512944600226e-05
GPM6B,4.37693554158082,0.724319044187487,0.41055007413965,1.76426479938013,0.0776874074736176,0.298642501457024
GEMIN8,4.52055216070519,0.0386010083270977,0.390854720658476,0.0987605017589815,0.921328430151234,0.975351695087598
MOSPD2,1.34974000848715,1.52080707099625,0.793922128433343,1.91556201361622,0.055420868588312,0.241074960913189
ZRSR2,7.53030237352109,0.710672934220943,0.320361563844857,2.2183464386043,0.0265312201097987,0.146495546311545
AP1S2,16.2157282830144,0.24441817129994,0.21420265378434,1.14106042563796,0.253844778295049,0.578256386746245
SYAP1,7.02703099333132,-0.523585318545394,0.319977027213782,-1.63632159191097,0.101772299460065,0.353219773000426
TXLNG,4.50502533117739,-0.306175864750232,0.407100937395766,-0.752088331480754,0.451997940567872,0.760178354591421
RBBP7,17.5805584778774,-0.608801588040082,0.223541236878987,-2.72344197670183,0.00646055630384383,0.049886730415768
SCML1,2.5356801843248,1.78024665077793,0.632483119354027,2.81469433144105,0.00488236484366286,0.0395681614970122
PDHA1,12.4078972645208,0.0749416794981105,0.229895753615049,0.325981138492871,0.744438625663584,0.910831399230374
SH3KBP1,4.88317601320045,-0.456798379471758,0.361074164524195,-1.26510956571402,0.205832054316107,0.520152880489934
EIF1AX,17.1306212779933,0.0612705552651841,0.225822356219643,0.271321919985593,0.786143448849678,0.929109347512818
RPS6KA3,1.24811513849711,-0.391121391988511,0.841115955146244,-0.465002939957912,0.641929351225285,0.863206545576836
SMS,12.1299466084703,-0.992019631037588,0.328146688943979,-3.0230980974699,0.00250201123457621,0.0226712854724865
PRDX4,30.6063636554677,0.575873071064441,0.153754409129052,3.74540850130087,0.000180100479936134,0.00238700337586995
ACOT9,8.76834543625461,0.913360916275118,0.316944824904774,2.88176630285583,0.00395452911423144,0.0333532604804106
SAT1,179.206452395593,2.18562492038402,0.138131845653497,15.8227446396876,2.16830620120338e-56,4.34780366021942e-54
APOO,2.6885508141526,0.0973644923380822,0.565055900013916,0.172309487142218,0.863194226245788,0.95507570493838
EIF2S3,12.8344321490523,-0.197142386915127,0.267670944005526,-0.73651022395265,0.461420247869094,0.765950298176077
ZFX,2.30451342543771,-1.10861531664778,0.559628940606347,-1.98098281952076,0.0475932003069556,0.217990574126582
PDK3,2.28468327923808,0.0305972939447305,0.53494529112871,0.0571970525811558,0.954388226018165,0.983011965688304
CXorf21,6.2943862345686,0.956452697525019,0.328543898583789,2.91118691184915,0.00360058555786137,0.030913314679097
GK,1.95342012680431,-0.155213913451421,0.60930845778101,-0.254737828548584,0.798925596874321,0.933716975091486
CYBB_ENSG00000165168,7.65256134384202,0.318058570151176,0.307870221941379,1.03309299660601,0.301560380463742,0.628394007697827
DYNLT3,9.39693715526839,0.296622387772628,0.268616644415929,1.10425915124356,0.269480737072189,0.595220998982152
MID1IP1,4.7895200480199,-0.262569728567895,0.423877072435733,-0.619447820234969,0.535621386599597,0.808674375630276
ATP6AP2,25.0864411075706,-0.26989244567106,0.167015075312334,-1.61597655281319,0.106099382735668,0.361045907512047
CXorf38,4.53247399928751,1.50520432466196,0.444368193801521,3.38729086747884,0.000705865090980208,0.00796304660144651
USP9X,2.62222936978892,0.24977636036541,0.544988853634652,0.458314621848861,0.646726420695932,0.864947395773462
DDX3X,12.0868103532659,0.765750594244438,0.251542638209629,3.04421786976044,0.00233286127262617,0.0214195947867715
GPR82,1.6498135315834,2.0976314755386,0.809591267875646,2.59097591435583,0.00957041894576081,0.0672176615281766
FUNDC1,6.08457787156893,0.122096116385555,0.364310451862277,0.335143051102229,0.737517178746814,0.909243709458587
KDM6A,1.2233009928245,1.73420221209375,0.753201032546401,2.30244269080568,0.0213102198101654,0.124966345603763
KRBOX4,2.01785628484773,-1.26376406533638,0.62728757160973,-2.01464865961451,0.0439414751312342,0.206299251824586
CHST7,1.52995892595341,-1.50661788183895,0.74404782349622,-2.0248938767934,0.0428782625013758,0.20299412011314
RP2_ENSG00000102218,2.65287853902548,1.69863899504941,0.54580309648916,3.11218277429312,0.00185709482724722,0.0178059135046643
NDUFB11_ENSG00000147123,38.8353645845329,-0.0611732954096689,0.154200779442868,-0.396711972732497,0.691579870201611,0.88365563407996
RBM10_ENSG00000182872,4.44001545534507,0.128615655538223,0.405746394154107,0.316985332195886,0.751254732000127,0.912789132376273
UBA1_ENSG00000130985,3.20312429418524,-0.0329128282123833,0.459918268617371,-0.0715623415250006,0.942950210312643,0.980979575543856
USP11,7.60699273776832,-0.0230696818428,0.30657483517747,-0.0752497569784076,0.940015996200217,0.979734981955156
ARAF,4.60008336032421,0.279503310282044,0.382184205269437,0.731331401005952,0.464576754919283,0.766952017371318
TIMP1,13.0876065760943,-0.70196853860827,0.299622559533568,-2.34284274088388,0.0191374475277729,0.114824685166637
CFP,1.113356221734,-1.6914873930501,0.96187546836869,-1.75853054649455,0.0786572787860741,0.301501578199712
UXT,39.1952933673491,0.253770940858069,0.147173961187844,1.72429238711711,0.0846550729292963,0.315855902358047
SLC38A5_ENSG00000017483,8.24664782819853,2.81810665609649,0.402832915705122,6.99572092107632,2.63898383129811e-12,9.3736705687709e-11
FTSJ1_ENSG00000068438,3.6678498443552,-0.0445678227128687,0.449411511694866,-0.0991692948513714,0.921003853813292,0.975351695087598
EBP_ENSG00000147155,4.76196669462655,-0.630550063966882,0.40300312537234,-1.56462822312931,0.117670107268599,0.383755187188673
RBM3_ENSG00000102317,18.1749219461156,-0.49526936185676,0.235566954495767,-2.10245687013652,0.0355132739556227,0.177758853475032
WDR13_ENSG00000101940,5.18107236797812,-0.186223155894638,0.356235292440837,-0.522753247211086,0.601145978467919,0.841775306136171
WAS_ENSG00000015285,7.6574180218103,-0.550475792676719,0.296140862384396,-1.85883092338062,0.0630511077660058,0.262333123074626
HDAC6_ENSG00000094631,1.79542939063803,0.146854246545423,0.602597063040984,0.243702227495647,0.807461448085399,0.937113585007251
PCSK1N_ENSG00000102109,0.666638443302011,-1.10251610571751,0.974655623796844,-1.13118529129558,0.257977111421219,NA
TIMM17B_ENSG00000126768,12.0898644890226,-0.306386208115275,0.230337054586623,-1.33016465225335,0.183464027709654,0.489867867802065
PQBP1_ENSG00000102103,11.4995964355842,-0.168456475542554,0.243456128088528,-0.691937709127197,0.488976448179303,0.78274915374707
SLC35A2_ENSG00000102100,2.98673849543614,-1.07215514722794,0.501797438637458,-2.1366293740741,0.0326281485104047,0.167724413434717
PIM2_ENSG00000102096,14.4197670308633,0.835912865568997,0.227624386461473,3.67233440389956,0.000240344891871281,0.00305518169298953
OTUD5_ENSG00000068308,1.73984743646148,-0.709306773324748,0.764946967322944,-0.927262677839068,0.353790167154472,0.678125093750292
GRIPAP1,4.85389217204897,1.09170685260739,0.388926188836584,2.80697696360606,0.0050008817813283,0.0402140765235921
TFE3_ENSG00000068323,0.81475373642595,-1.18760685462528,0.942256180604262,-1.26038637800568,0.207530013268228,NA
PRAF2,3.93925790988608,-0.470665606219718,0.426377868082422,-1.10386969271289,0.269649667492558,0.595220998982152
WDR45_ENSG00000196998,6.54619387616534,0.7790002944594,0.312018486941492,2.49664788165412,0.0125373380842956,0.0825218891284871
GPKOW_ENSG00000068394,2.99063356191579,-0.416402807074571,0.464791704504983,-0.895891219741223,0.370310864020071,0.692726035619943
PLP2_ENSG00000102007,51.587303862148,-0.554282819631613,0.171607020786754,-3.22995421219035,0.00123810044602057,0.0127575234014178
CCDC22_ENSG00000101997,2.59742587195812,-0.787324978123414,0.495315272767679,-1.58954310801698,0.111937829749274,0.372486910985808
GSPT2_ENSG00000189369,3.00255441109141,-0.113091888459586,0.547554149369491,-0.206540099440049,0.836369045089308,0.947253812151602
TSPYL2_ENSG00000184205,4.19575693709838,-0.608185334516427,0.47777387551233,-1.2729564459008,0.203033497523946,0.517448224931878
IQSEC2_ENSG00000124313,0.136474527353179,1.28001492945627,2.26554017330697,0.564993260564369,0.572078348190313,NA
SMC1A_ENSG00000072501,5.72249873801676,0.970768562314156,0.454318050045719,2.13675983645481,0.0326175303938989,0.167724413434717
HSD17B10_ENSG00000072506,18.4551491326819,-0.238785116286612,0.187078089213747,-1.27639274748945,0.201816718693018,0.516232116567919
TSR2,14.7908812010462,0.169239339709062,0.23370833680724,0.724147636413365,0.468975101945599,0.767616724714575
MAGED2,25.2537688583368,-0.339230935997587,0.185326840107997,-1.83044687860595,0.0671831432712795,0.272947985996257
APEX2,3.46690812852969,0.77867582596374,0.528067760992713,1.47457558192894,0.140326683692157,0.423638011573796
ALAS2,1.66229563779886,-0.465436155588262,0.800083213826693,-0.581734684023855,0.560745405340974,0.820156126018609
FAM104B,3.58482283886448,-0.785003837085649,0.421495817298105,-1.86242378896598,0.0625433785487646,0.26197415165709
MAGEH1,3.83474302066537,-1.09926800994852,0.4550042009379,-2.41595134216915,0.0156941584400797,0.0989400495573382
UBQLN2,7.52510070892075,0.401450006832493,0.304000227480558,1.32055824483937,0.18664870316708,0.494126209065829
FAAH2,0.500917377291873,0.421555099006641,1.10468303849411,0.381607288531651,0.702752677198902,NA
ARHGEF9_ENSG00000131089,0.806658719125351,-0.414005403747587,0.927078152417122,-0.446570122128509,0.655185472172504,NA
LAS1L,6.09455551877785,-0.0550447116336246,0.334856225708626,-0.164383121493825,0.869429549925543,0.9563393125385
MSN,18.8844070146596,0.0197843326311397,0.196801898717866,0.100529175582307,0.919924221390169,0.97531109673568
YIPF6,3.97563980824518,0.291850282263038,0.430606197192939,0.677766098503851,0.497920009345022,0.787549816307546
PJA1,4.40522170472299,0.14910089513633,0.40318662888632,0.369806150437519,0.711526932235355,0.891959122173311
IGBP1,19.0218712797126,-0.459228001381856,0.254037268675748,-1.80771901609449,0.0706502434256028,0.282600973702411
PDZD11,3.01737679400482,0.187212982889957,0.465366065690457,0.402291865893126,0.68746924022925,0.882003879724463
SNX12,3.10307650212396,0.128127738223888,0.5789720586291,0.221302110031478,0.824857207145545,0.941533164784864
IL2RG,72.2017299197368,0.224383890888114,0.119999149497002,1.86987901021515,0.0615006212025555,0.258827258899855
NONO,6.64920766192412,-0.264886844242746,0.320502590161602,-0.826473333988301,0.408535638667125,0.727004905337573
OGT,2.09985689422352,0.0150457590352483,0.594543245673425,0.0253064165554624,0.979810555900342,0.992741161083472
CXCR3,2.16539175554989,-0.274303278321877,0.540023313954833,-0.507947103826001,0.6114904396562,0.846364857025816
PIN4,11.137109814116,0.044499726592996,0.256718552614275,0.173340516841639,0.862383777862801,0.95507570493838
RPS4X,1220.55361088479,-0.211944409738867,0.0754496430942646,-2.80908432494597,0.00496826314583834,0.0400955485641486
HDAC8_ENSG00000147099,1.32792456872583,0.216273053081568,0.690225359478891,0.313336869055131,0.754024741943153,0.913861754088822
XIST,6.42263487752409,0.282014552406346,0.362837133526471,0.777248319832654,0.437012279149439,0.750820433165536
JPX,4.66942224022828,-0.281876320725799,0.375601918155423,-0.750465604941773,0.452974331567267,0.760192362665951
RLIM,0.626294447234094,-1.0102347000013,1.07772961987964,-0.93737304920145,0.348566699120899,NA
ABCB7,4.71753567561619,-0.318970517952142,0.432016807631398,-0.738328954609312,0.460314575558844,0.765950298176077
UPRT,1.67029476904272,0.6774832139447,0.646617563067582,1.04773401256021,0.294761172323414,0.622574056120402
PBDC1_ENSG00000102390,8.53368525089261,-0.343418209176502,0.302998446384413,-1.13339924106676,0.257046632667121,0.581018861330482
ATRX_ENSG00000085224,12.7492058325618,-0.0886098117605251,0.237479824172249,-0.37312564159663,0.709054935295962,0.890434321187655
MAGT1_ENSG00000102158,3.22264690481943,1.31814948070026,0.504879740528076,2.61081872550788,0.00903257586587485,0.0644621028499174
COX7B_ENSG00000131174,21.96629356199,0.20197300083633,0.196165470755877,1.02960526160937,0.303195344313724,0.630954891280251
PGK1_ENSG00000102144,54.5374141267324,-0.141709858638677,0.129037818793525,-1.09820407663143,0.272115386524232,0.598217041255235
TAF9B_ENSG00000187325,0.616647604690695,-0.766042285536255,0.971034685281671,-0.788892814177947,0.430174655952055,NA
CYSLTR1,3.38430278318262,-0.35208066454048,0.433033722217548,-0.813055996511055,0.416185953840793,0.732657006251591
P2RY10,20.1072717684753,-0.210994801746498,0.221148478276102,-0.954086609101929,0.34003980380072,0.665992196910221
ITM2A,7.24956312892609,-1.1149323219603,0.336996812654044,-3.30843580738811,0.000938186898623277,0.0100202229584919
SH3BGRL,36.9905962758341,0.374219076982346,0.159036679088465,2.35303628777475,0.0186208168074157,0.112703989556861
CHM,1.10393481135043,0.504629982960208,0.813541541544501,0.620287910562223,0.535068252779002,0.808651655549302
CSTF2,1.82284624238159,-0.401477071886112,0.615051368224959,-0.652753725342935,0.513915060478912,0.797921007775874
TRMT2B,1.64098753310399,-0.122230396751064,0.592157806756003,-0.206415241607088,0.836466566103626,0.947253812151602
TIMM8A_ENSG00000126953,4.21236994881239,-0.216783625798709,0.400563140266913,-0.541197139742455,0.588371708757929,0.836975483410608
BTK_ENSG00000010671,10.505098697644,-0.439391208469909,0.277307543632303,-1.5844906442665,0.113082109014059,0.374290942295735
RPL36A_ENSG00000241343,88.2862361002693,-0.053789288409818,0.0962861213134483,-0.558640099695294,0.576407367240676,0.829770309117193
GLA_ENSG00000102393,13.0936299075649,0.260988145779501,0.282982309767435,0.922277247627211,0.356383978760347,0.681625480607482
HNRNPH2_ENSG00000126945,19.9666982951542,-0.0549611461482394,0.223416918674017,-0.246002614638294,0.805680208500946,0.935980511456425
ARMCX1_ENSG00000126947,0.133448432503889,-0.232411025127815,1.77263253203928,-0.131110662208395,0.895687766751961,NA
ARMCX3_ENSG00000102401,7.35318188291369,-0.121876177442488,0.305688494706322,-0.398694028571719,0.69011866835475,0.883590948808169
BEX5_ENSG00000184515,0.317781473738785,-0.641667475926601,1.38171526082367,-0.464399210257031,0.642361755803453,NA
BEX4,9.74186928209886,-0.729059636845737,0.284475323831382,-2.56282206493901,0.0103825243057981,0.0716290467090358
TCEAL8,5.1306175120886,-1.04280345837039,0.402860116178951,-2.58850011825737,0.00963949139118738,0.0674764397383116
BEX2,5.06666447273446,-0.838501336359812,0.374962709746136,-2.23622593544705,0.0253369751507411,0.141759349718278
WBP5,0.160765080469837,-0.924147959819523,1.67328051737964,-0.552297089591853,0.580744824293587,NA
NGFRAP1,1.03082614410043,-1.49208930851203,0.927914394889401,-1.60800319159815,0.107834479779572,0.364150381208817
TCEAL4,6.35584547247301,-1.0236768011954,0.375167694422529,-2.72858462072829,0.00636067683874349,0.0493607580894251
TCEAL3,2.36873093092771,-1.2634959908971,0.597525961751173,-2.1145457633241,0.0344686804284366,0.174051435859596
MORF4L2,18.3456567213762,-0.569653062752108,0.225975873466661,-2.5208578863449,0.0117069122252137,0.0783317183982005
RBM41,2.32299224340562,-0.862345954241832,0.618412061204531,-1.39445203019193,0.16318114559918,0.459182435964012
PRPS1,10.1022009815239,0.00606800776148205,0.257583136588761,0.0235574729069698,0.981205594432157,0.99351262013199
TSC22D3,28.2791054023989,-1.4543884851588,0.22200845726213,-6.55104991537132,5.71339560726045e-11,1.82125472280672e-09
PSMD10,1.59166620799909,-0.291295116283204,0.614502103461084,-0.474034368055913,0.635475399459628,0.859529173609098
ATG4A,1.9182134526354,0.0982874770150934,0.58876739642719,0.166937703431831,0.867419066341927,0.956289790012189
NXT2,1.06231755910735,0.984698550702208,0.762225769430251,1.29187255298158,0.196401284295993,0.509311746273677
ACSL4,1.93925346844729,-0.40567944840272,0.568693042257803,-0.713353985820026,0.475626738945578,0.773431934277436
TMEM164,0.282774587883661,-0.710307989347432,1.27396162915429,-0.557558385662653,0.577145979692356,NA
ALG13,10.4246391380805,0.0585025546038377,0.253438836809622,0.230835002797079,0.817442987181961,0.939644208060827
DOCK11,0.767503322496696,0.094874743583589,0.849380838578417,0.111698709547508,0.911062302559924,NA
IL13RA1,5.61098655222678,-0.272010980762495,0.422377435736715,-0.643999792006054,0.519575568868529,0.799200535587556
PGRMC1,2.25965632352223,0.118638116718883,0.557923935484104,0.212642098991401,0.83160613205808,0.946404928025087
SLC25A5,71.3356876014065,-0.342448011047421,0.12036764749645,-2.84501706372155,0.00444090439875924,0.0365141028342426
UBE2A,22.1922748554587,0.427879420576464,0.206995157558766,2.06709869749,0.0387248548199561,0.189837300915494
NKRF,1.28548366590715,-0.420192418790958,0.723060989888204,-0.581129980274453,0.561152854241172,0.820156126018609
SEPT6,26.4978614348243,0.541334851902948,0.17592896519291,3.07700810556899,0.00209089615196367,0.0195739791313901
RPL39,9.55114332342983,-0.725740163381557,0.270873808292346,-2.67925558383366,0.00737860495446861,0.055126692784828
UPF3B,6.55814881348411,0.155906820176606,0.309279298829638,0.504097172900295,0.614193093491976,0.848273508343757
RNF113A,5.8070685171815,-0.423019954803052,0.369760785981128,-1.14403682283562,0.252608366271663,0.577284413509064
NDUFA1,22.7761647546841,0.10820923321146,0.172598428075213,0.626942171016215,0.530697142786831,0.807765711025472
NKAP,8.79080394231515,-0.177039485595892,0.285270808095462,-0.62060147961809,0.534861865903332,0.808651655549302
LAMP2,5.28865767958788,0.954608762376982,0.362137217297502,2.63604157976603,0.00838794525133482,0.0609105930867959
MCTS1,10.1732406931339,0.0689487858666254,0.272313806920782,0.253196070541818,0.800116702862281,0.933820019713094
C1GALT1C1,3.57951198396038,0.687973915937901,0.464774692568641,1.48023101717462,0.138811605511708,0.420914435932543
THOC2,9.48136263648346,0.629625988917574,0.276377643718564,2.27813646735741,0.0227184481209729,0.130999882671584
XIAP,4.34859890215716,0.605979853892801,0.421072051769457,1.43913577580443,0.150112057492541,0.438569010931297
STAG2,6.90530525271724,0.0798771947661881,0.314587690459949,0.253910744725588,0.799564513677296,0.933732810080407
SH2D1A,0.342257771031337,1.13601292164379,2.76952662987752,0.410183065000542,0.681671662814473,NA
SASH3,3.68278494597399,-1.51252367559878,0.518598339595377,-2.91656096851157,0.00353913546639151,0.0304698975887668
UTP14A,3.04408316158693,0.806747792425624,0.547377148474587,1.47384265980749,0.140523959316159,0.42382189767552
ELF4,0.532967727584695,1.32432577369936,1.01254772984702,1.30791441693266,0.190902339003915,NA
RAB33A,0.879610062929135,-0.295770909464855,0.921265762662451,-0.321048411275025,0.74817370424723,NA
RBMX2,5.69858966555378,-0.365899859386851,0.363696028094893,-1.00605954181986,0.31438692905225,0.642204781790596
RAP2C,3.64176224525326,0.113812256419868,0.43682126953367,0.260546508052065,0.79444224543246,0.932033348097491
PHF6,2.90988380138336,-0.507771580409605,0.523602460026552,-0.969765459818228,0.332163413223322,0.658605351386338
HPRT1,14.1651114935761,0.281272792657348,0.227316705717338,1.23736085198728,0.215953145724836,0.534806674830909
FAM122B,1.74047233444285,0.642467365549666,0.626289287586191,1.02583163768588,0.304970950481316,0.632637269054431
FAM127A,1.16490724064962,-1.11196135155427,0.802093605236949,-1.38632367131986,0.165648091901631,0.462117638934899
FAM127B,2.0382667823703,-0.170663352205121,0.582885746878317,-0.292790402097013,0.76968236495079,0.921422364125998
MAP7D3,2.72778955533695,-0.389997257900685,0.514276338421825,-0.758341826686954,0.448246373716077,0.757496945232992
HTATSF1,10.6935838033584,0.58956330998569,0.298257714450562,1.9766908999211,0.0480765800670829,0.219397168536281
CD40LG,0.457296155090032,-1.20413066431891,1.24164563924852,-0.969786085704515,0.332153129904758,NA
ARHGEF6,1.38298533078471,0.397794550502576,0.747163837003649,0.532406054471066,0.594444792757537,0.838934318389553
RBMX,29.2130038108569,0.241566163460861,0.158867846786523,1.5205478537483,0.128373341274786,0.402201960364954
FMR1_ENSG00000102081,2.61936902239972,0.307447009201571,0.53348378097957,0.576300574006287,0.564412034955883,0.822162832925441
IDS_ENSG00000010404,15.6651268599034,-0.351003866141056,0.23583406172714,-1.48835101923134,0.136658346644502,0.416610241658767
CXorf40B_ENSG00000197021,2.58447014794648,0.0191098194905191,0.540189920331586,0.0353761126804974,0.971779832106261,0.989935010877174
HMGB3_ENSG00000029993,1.23032174953612,-0.835320234829517,0.832445520611161,-1.00345333616096,0.315642180980721,0.643711219480367
VMA21,5.0538281830116,0.391567574959512,0.35945953796851,1.08932309091716,0.276011433560307,0.602127027077058
CETN2_ENSG00000147400,8.40679725184425,-0.193737307334431,0.290778620042099,-0.666270812160749,0.505238018326797,0.792232934199135
NSDHL_ENSG00000147383,2.03194482817121,-0.630773447034875,0.586313537535307,-1.07582958034103,0.282003480395895,0.609504045250656
FAM58A_ENSG00000147382,3.98260641428159,-1.47965250948709,0.447658773086906,-3.30531332890877,0.000948702766351875,0.0100978362939097
BCAP31_ENSG00000185825,29.6007676603333,0.14914057858772,0.166284254617615,0.896901386909313,0.369771539977838,0.692308811250803
ABCD1_ENSG00000101986,0.199029826705828,0.853596176425422,1.57320816191935,0.542583109525707,0.587416870927168,NA
IDH3G_ENSG00000067829,8.32800109462818,-0.197741388332587,0.312717847904097,-0.632331635875256,0.527170195527423,0.805528499360486
SSR4_ENSG00000180879,62.1743545095287,0.0974031814900716,0.110680388229503,0.880040114135669,0.378837578988757,0.699175598343184
ARHGAP4_ENSG00000089820,1.30486370251338,-1.3298464992112,0.761264231418572,-1.74689213590544,0.080656050210767,0.306975353322935
NAA10_ENSG00000102030,11.3143592213526,-0.394803610459885,0.237668452400876,-1.66115278015093,0.0966827663965703,0.342438789698622
RENBP_ENSG00000102032,1.04943918806933,-1.19420087186184,0.859498559800339,-1.3894157916207,0.164706351045914,0.460714443141393
HCFC1_ENSG00000172534,0.616619856809673,0.638954810417093,1.01523964284906,0.629363534922649,0.529111085131507,NA
TMEM187_ENSG00000177854,2.24534410359147,1.20170599366228,0.548543797097284,2.19072023058381,0.028472044184503,0.153695092409542
IRAK1_ENSG00000184216,0.982339354437429,1.12692070662992,0.799285821829744,1.40990954155817,0.158566394908284,0.450479301073993
MECP2_ENSG00000169057,4.42957851746836,-0.0969967718197885,0.382356356125205,-0.253681599026502,0.799741550976204,0.933732810080407
FLNA_ENSG00000196924,4.38947640784506,-0.877491136252617,0.408135860717588,-2.14999763733039,0.0315554016700187,0.164554007366473
EMD_ENSG00000102119,8.64396927058112,-0.612234877264665,0.305243294356841,-2.00572752484102,0.0448853268557091,0.20915081839212
RPL10_ENSG00000147403,1571.54941555915,-0.390794627914538,0.0663825903562892,-5.88700479774987,3.93257302389556e-09,1.04020740070361e-07
TAZ_ENSG00000102125,0.945405767575969,-0.973789341066356,0.81611266354555,-1.19320454707294,0.232789274297812,NA
ATP6AP1_ENSG00000071553,3.40883914262857,-1.14143861537533,0.459021683020542,-2.48667689914826,0.0128942446023952,0.0841034884034508
GDI1_ENSG00000203879,4.90402193067537,-0.432690857980643,0.403772564572715,-1.07162025344275,0.283890632585808,0.610924378557947
FAM50A_ENSG00000071859,8.11128761995902,-1.11158040532224,0.353793587144268,-3.14188963766877,0.00167861294973759,0.0162796133927045
LAGE3_ENSG00000196976,11.8324523912665,-0.763892134794264,0.253554109383869,-3.01273813566069,0.0025890221743838,0.0232899592416349
UBL4A_ENSG00000102178,2.61111787651808,-1.56256507670209,0.552494942213331,-2.82819797488526,0.00468108480879864,0.0381858571804361
SLC10A3_ENSG00000126903,2.35971785265959,-1.08323860962218,0.590529621709546,-1.8343510127168,0.0666019063266577,0.271830236195998
FAM3A_ENSG00000071889,1.9408766086656,-0.38805534950123,0.676020263761496,-0.574029167915798,0.565948063552221,0.822162832925441
G6PD_ENSG00000160211,3.43372513024318,-0.687460968112988,0.498133788121451,-1.38007295330341,0.167564183888553,0.464990610290734
DKC1_ENSG00000130826,11.7667901049822,-0.0633288511541981,0.243482458814252,-0.260096154205961,0.794789604367482,0.932033348097491
MPP1_ENSG00000130830,0.644186422794053,0.855801855114507,1.09602251406371,0.78082506894996,0.43490538757821,NA
F8A1_ENSG00000197932,7.79153349996441,-0.34434552373627,0.288552202346767,-1.19335607538512,0.232729949809107,0.553423629691435
FUNDC2_ENSG00000165775,12.2945736154439,0.133886276152913,0.257252982788437,0.520445962187425,0.602752782175537,0.842904678065948
BRCC3_ENSG00000185515,1.67358588901413,0.115438450159948,0.591806742993035,0.195061059250734,0.845345147178191,0.950898558606521
VBP1_ENSG00000155959,9.93249497373565,-0.0507259310308861,0.293744186417206,-0.172687438173976,0.862897118330667,0.95507570493838
RAB39B_ENSG00000155961,1.71291419335314,-0.434547325045645,0.65096922742787,-0.667538966108493,0.504427928545935,0.792199091420296
CLIC2_ENSG00000155962,0.127838889627141,0.883389234531332,2.04986811552878,0.430949302464494,0.666505233781973,NA
FBXO25,2.88641076921969,-1.24123014573245,0.513988467195303,-2.41489882546492,0.0157395810110375,0.0991258718992999
ERICH1,5.4946389214056,0.259122559033765,0.378307029885826,0.68495306342039,0.493373539780043,0.785354653847054
CLN8,3.12613309142525,-1.08263886740597,0.53292660447376,-2.03149712984404,0.042204590399195,0.201009371610503
CTD-2336O2.1,3.2218071265234,-0.734703172561397,0.505501965934074,-1.45341308654221,0.146109095161091,0.43268896404066
MYOM2_ENSG00000036448,0.722921543094226,0.804048770508157,0.884209888769946,0.909341527074184,0.363169876694215,NA
AGPAT5,8.91662245361739,0.562392617110553,0.299654652519328,1.87680255381411,0.0605451603282791,0.256797924649954
DEFB1,0.244157413932372,0.972443655024475,3.0470105811355,0.319146792940273,0.749615201818816,NA
SGK223,0.147740348206053,0.418444322259721,1.73270911593893,0.241497155183472,0.809169821083625,NA
CLDN23,0.0391805387177302,0.0909295178218514,3.05371975599516,0.0297766413055211,0.976245188042495,NA
MFHAS1,0.703605618560311,0.122234653812124,1.02758536384242,0.11895328418756,0.905312366725072,NA
TNKS,1.24699310867977,-0.30589385304795,0.796397161015629,-0.384097116390835,0.700906468660013,0.88733902427508
MSRA,1.78318287589371,-0.0841558093975984,0.622240406912736,-0.135246455329283,0.892417018441442,0.967992053849821
PINX1,3.57540189497547,-0.517363582194536,0.471429072067655,-1.097436736189,0.272450521845812,0.598217041255235
MTMR9,4.84597153021297,-0.374273284513579,0.464028997791804,-0.806573051026229,0.419912505136478,0.736029438035756
BLK,9.66736549518047,-1.21000047768361,0.299580050182085,-4.03898883436387,5.36821202185848e-05,0.000781470864821366
FDFT1,12.7859833550835,-0.1991428664559,0.265807698287769,-0.749199017706041,0.45373726113471,0.760607028887233
CTSB,8.16597979973522,0.0688919000232976,0.305940296659037,0.225180862984114,0.821838576291206,0.941149390068634
MSR1,0.245404661543087,0.518962967105955,1.68902298599641,0.307256308178543,0.758648289176185,NA
CNOT7,12.4545508919841,0.0671795780379573,0.233241076328691,0.288026359230506,0.77332656150515,0.922117380839442
VPS37A,3.8346186465702,0.335981653085069,0.420253109499097,0.799474520213611,0.424015315266066,0.739528394975832
PDGFRL,0.432809241897771,2.38881332733941,1.20946989013256,1.97509119228888,0.0482578001835803,NA
PCM1,5.04933768104613,-0.0508977542838822,0.389324615934835,-0.130733460461184,0.89598616187702,0.969949491854329
ASAH1,11.9826698339788,-0.255596594679219,0.300491840702711,-0.850594126221522,0.394994853436747,0.715185042155904
CSGALNACT1,0.659048889630942,-0.833979948348831,0.996058613498159,-0.837279992409173,0.402435202801927,NA
INTS10,7.55697574540966,-0.671897624776915,0.309329550288976,-2.17210940289806,0.0298474119102006,0.1587095914746
ATP6V1B2,6.01999304994317,0.484555356813486,0.342515941649171,1.41469431898677,0.157158140774185,0.448787298529626
DOK2,1.79156924581532,-0.306963545815835,0.666095199569731,-0.460840351370376,0.644913149245527,0.864893233162934
REEP4,1.06081738791786,-0.701020359754671,0.868962346575194,-0.806732722675009,0.419820487181711,0.736029438035756
POLR3D,2.90961925532956,0.0137182612596269,0.479111100588588,0.0286327351688869,0.977157503891837,0.99151339278349
PPP3CC,4.53685951476726,0.659625172258974,0.390622415712117,1.68865161272544,0.0912862135233463,0.330480549365824
PDLIM2,2.08352163296086,-0.951896507042239,0.616662179718985,-1.54362718900001,0.122678674401453,0.391865693771549
CCAR2,2.89849689603505,0.680145181263207,0.462892582186012,1.46933696377509,0.141741415671471,0.425503673287179
BIN3,4.54529738675805,-0.0449123417600252,0.417560916411527,-0.107558777641349,0.914345697897948,0.974987639149784
TNFRSF10B,2.24717857560144,-0.209937350707175,0.596565752287536,-0.351909827042818,0.724905889121957,0.901203001356417
CHMP7,3.53770272974594,-0.543184398306555,0.450753277248627,-1.20505923245223,0.228180436377824,0.546690428700828
R3HCC1,4.04756456683366,-0.74728911853388,0.450607882672619,-1.65840223233913,0.0972363063266067,0.343616191089362
ENTPD4,1.67430449265683,-0.616412677907839,0.70394566882061,-0.875653768763968,0.381218285335915,0.701080728298238
SLC25A37,3.98736997776433,-0.339010144527765,0.548449096382554,-0.618125085379479,0.536492887586812,0.809623643903768
ADAM28,21.4156963484804,-0.812392529452431,0.261302368198186,-3.10901326709856,0.00187713289097746,0.0179235914751396
ADAMDEC1,0.357714623147748,0.291156663495393,1.4554026170669,0.200052315476914,0.841439666165804,NA
PPP2R2A,16.3553824580774,1.21683738303208,0.248152912548475,4.90357888825657,9.41061235636318e-07,1.90541910121021e-05
BNIP3L,8.65969538939571,-0.920162731212115,0.305872014054465,-3.00832599561811,0.00262691184946664,0.0235286513779318
PTK2B,1.86727463668218,0.106211938931853,0.599572156723067,0.177146216249182,0.859393540616523,0.953586263561639
EPHX2,0.466852668562705,-0.669960480235968,1.19625071308121,-0.560050224346649,0.575445180575999,NA
CLU,0.613355203274953,-0.0697107388965509,0.945621624073769,-0.0737194847514535,0.94123359438419,NA
CCDC25,6.28297106265077,0.223918857760874,0.330161192503946,0.678210712963178,0.497638100992559,0.787318138709254
HMBOX1,2.31044417270679,-0.454598176088045,0.592364424368706,-0.767429908662255,0.442825951742113,0.753107008489459
KIF13B,0.892484329896547,-0.157560733353628,0.886643279402146,-0.177704762460805,0.858954844879819,NA
DUSP4,19.9018403222257,-0.137527303648729,0.279763686420524,-0.491583827080424,0.623013578858238,0.853944764451818
TMEM66,144.743425296259,-0.537550530819284,0.100314623290632,-5.3586457605676,8.38480742046167e-08,1.89012316195144e-06
RP11-489E7.4,0.722124333775012,0.385199543732288,1.147084999828,0.335807323598553,0.737016167133193,NA
LEPROTL1,11.0801478199638,-0.967163088240036,0.260505880089819,-3.71263438624331,0.000205113087353422,0.00267292023268107
RP11-51J9.5,0.856417484035316,0.330299999326844,0.936290497200469,0.352775127286295,0.724257031988959,NA
DCTN6,3.92932544652759,0.0312709133462047,0.401662195999372,0.0778537628327202,0.937944379632572,0.978396083872473
GTF2E2,10.6077612790497,0.95282765006704,0.281503830725106,3.38477685228197,0.000712361406591855,0.00799284928407034
GSR,0.932361990107078,-0.49708938472022,0.840519368316784,-0.591407412437962,0.554247475013386,NA
PPP2CB,1.13779624373268,-0.690877187447182,0.925099079774391,-0.746814262982156,0.45517568482414,0.762017790699394
NRG1,0,NA,NA,NA,NA,NA
TTI2,2.0409872339367,-0.681732786921051,0.625481945278573,-1.08993199894431,0.275743099743511,0.602043943802481
PROSC,5.49556995486412,-0.234523513339282,0.344905842308885,-0.679963875848909,0.496527334488138,0.787056896454839
BRF2,1.83733367258436,0.409601213599322,0.615775254346043,0.665179723784647,0.505935547641287,0.792455845795244
RAB11FIP1,3.00955846966126,-0.371933709860471,0.505444373511185,-0.73585488206496,0.461819017278635,0.765950298176077
EIF4EBP1,10.4807383255546,-0.833167703676654,0.262836279220101,-3.16991134613861,0.00152485454199624,0.015056042633413
ASH2L,5.88346387454274,0.305047290449854,0.403700672755065,0.755627401777785,0.449872622127975,0.759068463395085
LSM1,16.7857700965426,0.149441691726434,0.229710775384795,0.650564569625001,0.515327607768444,0.798026011432149
BAG4,1.26877535107121,-0.306846648789489,0.736420539920738,-0.416673126502576,0.676917513368805,0.878876302912434
PPAPDC1B,6.84854952181972,-0.238437503490472,0.340021078782659,-0.701243300398092,0.483151191545326,0.77933906965771
WHSC1L1,27.9419456563806,0.488750373049918,0.17193420625961,2.8426593153426,0.00447388649350421,0.0367366954341112
TACC1,2.23657003885814,-0.251467562860899,0.604474058324566,-0.416010512606442,0.677402310655823,0.878990115969937
PLEKHA2,4.24599886045492,0.211985134582131,0.508325991786827,0.417025959733001,0.676659419750044,0.878876302912434
TM2D2,5.69912903637489,0.0915130908446735,0.32351929227726,0.282867492076008,0.777278414836968,0.923816945817705
ADAM9,0.0295527836364702,0.429483717069159,3.05433812154166,0.140614332787877,0.88817462481673,NA
IDO1,6.7770141397857,4.28219795059808,0.576958081969112,7.42202611320267,1.15342064279353e-13,4.53776121240797e-12
GOLGA7,9.41665761215437,0.103627884659134,0.273148872878045,0.379382435546061,0.704403891802485,0.889050678465837
AGPAT6,1.73669450908783,-0.511538626969501,0.617130624199155,-0.828898464783401,0.407161864175031,0.725523462444673
KAT6A,2.6591158178797,0.256328091249977,0.592803370391832,0.432399854745341,0.665450823672752,0.873035525527612
AP3M2,2.50823964756702,-0.731948937827869,0.522124772682633,-1.40186594492956,0.160955281584554,0.455185637092623
IKBKB,2.33117276066179,-1.43452703738442,0.65877339330484,-2.17757282240543,0.0294378547373654,0.157474789197473
POLB,1.9230594744633,0.36290279738347,0.550812382044736,0.65885010797378,0.509992026723112,0.794964458004433
VDAC3,12.8660992374688,-0.139788758152217,0.263905676542837,-0.529692123274682,0.596325410048747,0.83901284492146
SLC20A2,0.657539317926757,1.48611499113986,0.937184631318662,1.5857227503281,0.112802216024081,NA
SMIM19,15.2492581846279,0.507256329641611,0.222988282446321,2.27481159133876,0.0229172345913454,0.131536038984121
THAP1,5.26823512914402,0.118657320532268,0.35210613812752,0.336993047503462,0.736122141175454,0.908966076588522
RNF170,3.64365110892241,0.93611852048433,0.435658134494214,2.14874564794052,0.0316545680189006,0.164932770163861
HOOK3,4.47549462592938,-0.512425153538406,0.441421066991672,-1.16085341606062,0.245701515890882,0.56877112274475
FNTA,13.2073903217486,0.2931192530724,0.23953177160931,1.22371763504716,0.221058764690535,0.539921918002501
HGSNAT,5.75947980736868,-0.893847840064109,0.341473031515819,-2.61762352387322,0.00885444345705614,0.0635556819042274
CEBPD,0.188362190448814,0.764390892010251,1.79499483060016,0.425845734471935,0.670220258923993,NA
PRKDC,6.40444660514928,-0.409557119968126,0.336429628942436,-1.21736340897074,0.223465978549658,0.541845016044485
UBE2V2,16.8954485458779,0.26123850986499,0.246801332169391,1.05849716275312,0.289828843601165,0.617400991029762
PCMTD1,7.80995145703107,0.717051506614239,0.336595815439484,2.13030428104997,0.0331465003488632,0.169718818919715
RB1CC1,4.73606722568878,-0.703239668069504,0.394715588821797,-1.7816364186898,0.0748085414743275,0.291535568267887
ATP6V1H,6.49499658747424,0.594632046449554,0.326485666201379,1.82131134076428,0.0685595435074895,0.276193209619284
TCEA1,24.9085894063287,0.00637858627361378,0.172622887334669,0.0369509882038262,0.970524084773903,0.989466575521499
LYPLA1,13.7945234812987,-0.198430961016512,0.231464053698868,-0.857286294979816,0.391286680812598,0.711351144285198
MRPL15,15.949255006231,-0.547041244441165,0.24724727984777,-2.2125268467179,0.0269302833173178,0.147822378507144
TMEM68,2.69274170805745,-0.510499755630416,0.491786816769552,-1.03805091601232,0.299246351231727,0.626090649362644
TGS1,6.27130608056249,0.470079702175294,0.34529372359153,1.36139081036811,0.173390218660901,0.475008197089537
LYN,24.0492852394684,0.794724314530165,0.179868835799561,4.41835469161415,9.94551106268277e-06,0.000171250129544698
RPS20,338.471501103721,0.144385595545025,0.0777266277122946,1.85760787254876,0.0632247197501329,0.26287950365674
CHCHD7,7.57105008401759,-0.106610839149748,0.310026902243681,-0.343876090681809,0.730939473438725,0.90508361890341
UBXN2B,1.4880459917593,0.0728561442082128,0.690134204488543,0.105568081880837,0.915925050168849,0.974987639149784
SDCBP,31.3659995083729,-0.142485326744315,0.164322861884889,-0.867105922510826,0.385883975870375,0.706912248743568
NSMAF,3.18417950861311,-0.762403688103807,0.504932284079369,-1.50991273907922,0.131065691656283,0.406021223575117
RP11-25K19.1,0.433334175369955,-0.178699691259389,1.21887030558538,-0.146610915402985,0.883439137544798,NA
RAB2A,14.7677622509462,-0.504073571330145,0.235999741739221,-2.13590730064079,0.0326869704179062,0.167724413434717
CHD7,2.9060574241438,-0.083922341327052,0.511372610336038,-0.164111920800577,0.869643037606925,0.9563393125385
ASPH,0.803138731280337,-0.654922130319698,0.930208024712322,-0.704059858570066,0.48139549706827,NA
YTHDF3,1.45023978799516,0.164700888631144,0.647173755117216,0.254492533618447,0.799115071569861,0.933716975091486
ARMC1,2.95022888147443,-0.30503545217186,0.499481127841908,-0.610704659633121,0.541395120682667,0.812968369040239
PDE7A,2.63301671494514,0.303513040906215,0.497310019326715,0.610309523458078,0.541656789498197,0.813073799449599
RRS1,5.21762196119754,0.0333950618256556,0.395226940651423,0.0844959146019069,0.932662150902585,0.977236453141736
VCPIP1,1.74917962737682,1.23207597951853,0.638035894080477,1.93104493171841,0.0534774961372421,0.235089190939955
C8orf44,1.23401178253142,0.589619816930444,0.75235061601913,0.783703507880761,0.433214103729711,0.747664486060718
SGK3,0.484725091716937,-0.473720251751337,1.12239258591219,-0.422062883965272,0.672979118391336,NA
COPS5,13.0814261219554,0.33479896204017,0.23314004582002,1.43604227606024,0.150990311892643,0.439398772811175
CSPP1,1.61109300971848,-0.113403233440916,0.782798440171263,-0.144869007935306,0.884814296342903,0.964015892440863
TRAM1,36.4084141491537,0.51906445596205,0.144448131183965,3.59343143942086,0.000326351548888447,0.0040170321344368
LACTB2,2.89663716154793,0.0957895238145962,0.462817891993511,0.206970226241684,0.836033111044985,0.947253812151602
RP11-383H13.1,0.0718017546414379,-0.379320190118137,3.05517703608479,-0.124156533529146,0.901191337097137,NA
MSC,0.22454138800415,-1.12841995502016,1.32471693140049,-0.851819681829833,0.394314180711243,NA
TERF1,8.7075981833517,-0.122012383354519,0.285222612104576,-0.42777948934071,0.66881167110206,0.875339520092545
RPL7,903.7541292786,-0.385963092890296,0.0552056852239162,-6.99136495317133,2.7222458985876e-12,9.61447756001167e-11
STAU2,1.34154435620831,1.14449973865989,0.774744868134428,1.47726017394065,0.139605909245393,0.422487990199301
UBE2W,2.26085805867723,0.856122439414535,0.568122826978388,1.50693194985299,0.131828100933201,0.406671699950759
TCEB1,19.3544667495273,0.292010948097758,0.199818131489609,1.46138363881629,0.143910188172764,0.429244591977878
TMEM70,11.1047122185536,-0.114088731392918,0.253210387546441,-0.450568922145791,0.65230026955897,0.866799041096623
PEX2,5.34584827380698,-0.127064968014348,0.386525052409229,-0.328736694354858,0.742354716319887,0.910812869020314
PKIA,0.741662364629783,-1.21097245356072,0.975654608247657,-1.24118970312221,0.214535677753359,NA
ZC2HC1A,0.87284803185645,0.0028407949409522,0.899864709413692,0.00315691337957138,0.997481151738498,NA
MRPS28,7.28861788542918,0.553140400358433,0.322588829458714,1.71469173711492,0.0864017593004008,0.320067542199816
TPD52,17.3431035507139,-0.36824482277008,0.197874477636819,-1.8610021219915,0.0627438770313376,0.262087401041807
PAG1,0.996160457198304,-1.881132825592,0.907028522299535,-2.07395112650138,0.0380838500864467,0.187731333970938
FABP5,23.7823034640829,-0.605220026349955,0.241644954049851,-2.50458375483024,0.0122595575478736,0.0811786904632781
IMPA1,3.36065070677479,0.491146250688054,0.446388596625817,1.10026612328485,0.271216187790054,0.597606465548007
ZFAND1,3.01478735763027,0.202125638708108,0.461059998034094,0.438393353511361,0.661101163696445,0.870452199435946
SNX16,1.24344510883509,0.481567072846126,0.68980307514948,0.698122536988937,0.485100564971782,0.780379169737214
LRRCC1,0.251401555327716,0.130056691933732,1.34162595160823,0.0969396065854496,0.922774355400744,NA
C8orf59,7.1499045985687,-0.25015098885079,0.331257861021554,-0.755154875658974,0.450156060234571,0.759136431804016
CA1,0.54832754908445,-0.902648882698502,1.18747870963001,-0.760139003232946,0.447171500802864,NA
CA2,3.34860466020075,0.653111095045,0.547663415637665,1.19254103231372,0.233049171715791,0.553592297704259
RMDN1,2.92192909635637,0.303846210141185,0.485741895225294,0.625530169680458,0.531623153765316,0.807765711025472
CPNE3,11.7169212351058,0.298976422955607,0.255608566399162,1.16966511399591,0.242135762443569,0.563629820727114
RIPK2,9.46197521082918,1.17909213572786,0.30743221848985,3.83529137420835,0.000125415524503874,0.00170961162350018
NBN,5.12855855067153,0.816004269468423,0.432665893595261,1.88599166596606,0.0592960777286825,0.253820263821325
DECR1,16.9827518936533,0.886311303527485,0.224685153368274,3.94468121387069,7.99062079894448e-05,0.00111617300867953
TMEM55A,1.01363475512703,-0.0758433037910364,0.828668614240728,-0.0915242866541147,0.927076009261588,0.975683415108361
GS1-251I9.4,7.56067436122735,-0.248348159787898,0.296606101021441,-0.837299566437258,0.40242420291328,0.720258861064538
PDP1,2.31981645416855,-0.321814692638555,0.593851752555883,-0.541910824129918,0.587879939752574,0.836789948592169
GEM,2.31124777266916,-0.596036851280625,1.27102554837824,-0.468941676303152,0.639111325560342,0.861386816930417
KIAA1429,2.58982234145372,0.714131199468744,0.526596203534409,1.35612675267242,0.175058842211897,0.477475104514766
INTS8,1.66057522033875,-0.635313609334576,0.605406211708862,-1.04940054635597,0.293993806864609,0.622192455279114
NDUFAF6,3.70870313869672,-0.0668002105669079,0.479717599351217,-0.139249030382146,0.889253365234017,0.966593980165403
PLEKHF2,11.6085412336649,-0.830247777163242,0.244952460963208,-3.38942411069691,0.000700395924984503,0.00793016588288464
UQCRB,35.059375507143,-0.315002281727575,0.163367415951579,-1.928183046128,0.0538323622203257,0.23631494601804
MTERFD1,5.59939281680843,0.0785236445944252,0.355117506927235,0.221120173077006,0.824998863159884,0.941533164784864
PTDSS1,4.06460035124915,-0.488494056717873,0.387603342336627,-1.26029371618169,0.207563425989203,0.52256551476261
SDC2,0,NA,NA,NA,NA,NA
CPQ,0.802784830255138,0.200726192634107,0.849551711901995,0.236273071811858,0.813220781033065,NA
MTDH,26.4539236404523,-0.279539576365367,0.164131792792196,-1.70314094307912,0.0885416954173049,0.325029041807078
RPL30,445.019415997653,0.0847522754782709,0.0668076035587022,1.26860223932147,0.20458296525377,0.518844435747628
HRSP12,3.07766593086656,-0.162207414261396,0.4821519648507,-0.33642383747544,0.736551276294252,0.909074280991856
COX6C,48.7486500615145,0.12433792206117,0.124945238636654,0.995139337984301,0.319668500468406,0.646627662449806
POLR2K,13.4429487279587,0.457269434881721,0.223557225201713,2.04542454160957,0.04081302148327,0.196814384437553
RNF19A,5.97696876349855,1.17059551606565,0.350368910534791,3.34103706370205,0.000834660800121809,0.00905454019818005
PABPC1,288.627534885397,-0.431357934866177,0.101950686409617,-4.23104493022313,2.32608198425311e-05,0.000372652722013334
YWHAZ,18.8301037643276,-0.130000642811482,0.214246132544994,-0.606781748016761,0.543995762421031,0.814211522382921
ZNF706,43.6181064328972,-0.28569362532884,0.149019769887705,-1.91715250630252,0.0552185597427978,0.240531581892944
UBR5,1.7196424447698,-0.115385961584245,0.640583169353711,-0.180126433388281,0.857053311157078,0.953586263561639
KLF10,6.65387886979706,1.22444814661841,0.435261550801835,2.81313188441007,0.00490615244142535,0.0397091713227864
AZIN1,7.17743354120315,0.136746945940543,0.309655389396258,0.441610095038752,0.658771377644467,0.870020379355818
ATP6V1C1,4.5457345020324,0.121154859737761,0.371757511958793,0.325897542996226,0.744501874711256,0.910831399230374
SLC25A32,3.77308242122681,0.635467856333074,0.431089643320601,1.4740967828366,0.140455534621182,0.4238211666045
DCAF13,16.662157744469,0.141049748117959,0.249593751415831,0.565117304891842,0.571993978864948,0.826332237178339
OXR1,0.99246663027569,1.7557327960774,1.06380844738926,1.6504219348758,0.0988566678265052,0.347035829586096
EIF3E,56.6895891168278,-0.320696767481196,0.156122509962977,-2.05413535535168,0.0399625929812174,0.19376558344091
EMC2,5.01173063061022,0.668337931178528,0.384755516062132,1.73704574275838,0.0823790971210915,0.311477170136682
NUDCD1,8.13037416134193,1.55908084761065,0.33954899515709,4.59162262250062,4.39813108422549e-06,7.94732058707722e-05
ENY2,26.9251222154862,0.572781112157712,0.173572794899526,3.2999475089934,0.000967029139185938,0.0102753044943244
EBAG9,14.4034222022644,0.656872542668855,0.247341914045085,2.65572677079358,0.00791377051086801,0.0584281487620083
TRPS1,0.615490260341222,0.755519167358444,1.05146724636251,0.718537995331871,0.472425629137351,NA
EIF3H,50.8922942527802,-0.177710581739913,0.128203980500858,-1.38615494655974,0.165699595294505,0.462117638934899
UTP23,5.54978480785231,-0.285915052749812,0.338327686556443,-0.845083225850962,0.398064373130205,0.71681436257228
RAD21,10.9103162845236,-0.340915959079518,0.277496678301315,-1.22854068440178,0.219244066529706,0.538819760403202
MED30,8.10476116461134,-0.042857708506485,0.316559973298292,-0.135385747161725,0.892306892496027,0.967992053849821
EXT1,0.0490427355447462,-0.584001260124786,3.05323034309532,-0.191273239978591,0.848311525420231,NA
TAF2,0.98481425124665,0.037366635262034,0.836362830158485,0.0446775417493784,0.964364334907059,0.986584711287406
MRPL13,8.25936319173061,0.229999780725328,0.317581459737659,0.724222947130858,0.46892887287037,0.767616724714575
DERL1,12.4439379696348,1.06748441269158,0.268043763592646,3.982500463297,6.81939918418183e-05,0.00096895336835543
C8orf76,5.03578446395941,0.217360536200591,0.381126210490436,0.570311173091166,0.568466664090358,0.823872414079195
FBXO32,0.759722379228123,-1.1348216540278,0.930630848977192,-1.21941117176055,0.222688171806273,NA
FAM91A1,1.47540941345497,-0.194103996482479,0.626423337821081,-0.309860735964341,0.756666862354935,0.914888390662959
RNF139,5.69172698030963,-0.0616078592632655,0.366270397579324,-0.168203217269075,0.866423409992806,0.956289790012189
TATDN1,2.73840153846105,-0.349924395575575,0.504914357127697,-0.693037127258943,0.488286252219727,0.78274915374707
NDUFB9,32.0747715950105,0.157017635088652,0.157430195032675,0.99737941032254,0.318580381558449,0.646310591307872
MTSS1,9.9375532632977,-0.977872997943489,0.28007578702721,-3.49145853814377,0.000480391019653365,0.00566624398133837
SQLE,10.0400390634578,-0.390070472161396,0.321521685243648,-1.21320113094643,0.225052931858626,0.544699622189785
KIAA0196,1.62216047750302,-0.182275311263267,0.668248819843113,-0.272765631379731,0.785033380251104,0.92859514588789
NSMCE2,5.67137955287645,0.351241012135266,0.339302219077484,1.03518630998124,0.300581910896023,0.627828346145726
TRIB1,4.3245504316151,1.94930988004844,0.51419084675224,3.79102407668433,0.00015002740814625,0.00201419086185117
LINC00861,0.409751908112415,-0.951103505425999,1.21192383242028,-0.784788185513762,0.432577768214526,NA
MYC,64.438197019706,0.548900167407727,0.337898062652364,1.62445491133948,0.104278755882706,0.357922002521758
FAM49B,32.478128553312,-0.176408838183692,0.155839917795627,-1.13198749511046,0.257639691746524,0.581470554142947
ASAP1,0.82555840777658,-1.01916620654135,0.846782103173441,-1.20357551573407,0.228753687589063,NA
EFR3A,6.78106417819496,0.971265267688178,0.33629426947558,2.88814099985342,0.00387526114719989,0.0329079553155663
TMEM71,0.608486553926007,-0.578131158930072,0.961981022226947,-0.600979796453492,0.547853442936302,NA
PHF20L1,6.36971737001928,-0.527818134592261,0.328386199779381,-1.60730912245053,0.107986574138619,0.364410719243026
SLA,2.7257053214926,-0.9786555261727,0.564328772400224,-1.73419392034584,0.0828836813299551,0.3121194721167
NDRG1,0.720277062935327,0.406059408734965,0.977589852306116,0.415367863912538,0.677872628204805,NA
ST3GAL1,1.95789286991323,-1.04022725336761,0.633173507139314,-1.64287867644269,0.100408037703159,0.350730327055732
CHRAC1,6.2917294610269,0.320386658931683,0.355123623410552,0.902183458973355,0.366959420118442,0.690132438455656
CASC7,4.78802911075698,-0.885948060487266,0.425380911635734,-2.08271701022149,0.0372770260149601,0.184338897143192
AGO2,1.78154921092642,-0.748015478013062,0.634908798152742,-1.17814634194612,0.238738269819292,0.559154892689042
DENND3,3.26376428343664,-0.434229423655215,0.481622793784169,-0.901596496800787,0.367271252640172,0.690132438455656
LYPD2,0,NA,NA,NA,NA,NA
LY6E,163.351670263676,4.16923045055656,0.140042679741403,29.7711416137944,9.23684770609401e-195,1.43540613352701e-191
GLI4,1.43924199076077,-1.3922580173165,0.736374717489161,-1.89069231228324,0.0586654292834246,0.251492626500529
ZC3H3,0.573187251376102,-0.534782516473103,1.13929859103631,-0.469396276516645,0.638786409375111,NA
RP11-661A12.5,0.0391805387177302,0.0909295178218514,3.05371975599516,0.0297766413055211,0.976245188042495,NA
GSDMD,14.1628063607745,1.54803232524699,0.250639134760737,6.17633924855654,6.56049406235322e-10,1.88796440238832e-08
NAPRT1,3.44628678450783,-1.26669732408198,0.512026223983091,-2.47389150154897,0.0133650278844795,0.0865385555520046
EEF1D,297.772869816285,-0.246050966874989,0.0864052969138875,-2.84763753685386,0.00440450576301522,0.0363108857067674
TSTA3,15.0361328989068,-0.360721659462494,0.231732155330306,-1.55663187505562,0.119557911447648,0.386118787565361
PUF60_ENSG00000179950,20.8847442303555,-0.106040623000506,0.199379267661796,-0.531853809295664,0.594827251051544,0.838934318389553
PLEC_ENSG00000178209,0.666067225358006,-1.1573292892034,1.05867274163315,-1.0931888993553,0.274310869881481,NA
PARP10_ENSG00000178685,3.16029652765497,2.78398406457676,0.626302272194103,4.44511250905051,8.78458821238873e-06,0.000153816902332981
GRINA_ENSG00000178719,2.3717693129959,-0.734575365505879,0.573571256005423,-1.28070463401837,0.200297431489533,0.513845990152266
EXOSC4_ENSG00000178896,6.38232708097972,-0.263434641548205,0.364756377818152,-0.722220796039213,0.470158739556587,0.768638618129661
GPAA1_ENSG00000197858,5.86676108466303,-0.61092722325608,0.362290948254094,-1.68628895146341,0.0917401580564076,0.331352017709837
CYC1,25.9285179506692,-0.118047481934099,0.180878445008607,-0.65263432538068,0.513992051036568,0.797921007775874
SHARPIN,7.67960060776333,-0.448455762894448,0.334041260353587,-1.34251607846214,0.179428720660889,0.484684919638907
MAF1,17.4553561856229,-0.385874416821414,0.232161810463666,-1.66209255540676,0.0964942180368446,0.342160900922434
MROH1_ENSG00000179832,0.175520796276359,-1.41284283514825,1.85191818389021,-0.762907804156001,0.445518381627418,NA
HSF1_ENSG00000185122,8.4594183736382,-0.140060074577919,0.276789703872822,-0.506016201535711,0.612845276091988,0.847108346939692
SLC52A2_ENSG00000185803,7.53628288521046,-0.248605786374804,0.302791753274316,-0.821045433656768,0.411620389452685,0.72967224176968
SLC39A4_ENSG00000147804,1.4518250878944,-0.774341963817455,0.670619998548345,-1.15466578016407,0.248227317894828,0.570639641657404
VPS28_ENSG00000160948,22.3028599656916,-0.385873118866228,0.183386446951761,-2.10415287105557,0.0353651141103428,0.177424979265448
CYHR1,1.66993469038834,-1.92587136409851,0.690105802762936,-2.79069000200841,0.00525958199263345,0.0419148226489865
C8orf82,1.42524708183694,-1.78740747800618,0.75932873140687,-2.35393104998741,0.0185760563945353,0.112563333963422
RPL8,928.874995115388,-0.167074009515551,0.0679406514757418,-2.45911697763458,0.0139279227781237,0.0894309272952415
ZNF7,2.03080969118407,-0.511807494840547,0.537093539165236,-0.952920594866977,0.340630304404373,0.665992196910221
COMMD5,7.16349281699143,-0.586180188992684,0.307249268120348,-1.90783266166506,0.0564128478509736,0.244193775934298
C8orf33,4.56590482297502,-0.227489741507216,0.385024925102922,-0.590844193908758,0.554624820616003,0.818146046340154
CBWD1,8.74943003433578,1.60535435365142,0.440881153437538,3.64124059541786,0.000271327423816252,0.00340721467968044
DOCK8,6.86209472103264,1.08678483102878,0.364074840762578,2.9850588652389,0.00283523756820538,0.0252129280743414
SMARCA2,1.65700046641455,0.608656333607556,0.637033864091894,0.955453654689471,0.339348331687137,0.665992196910221
KIAA0020,6.85606882980422,0.185394914225694,0.341189518698884,0.54337810532015,0.58686949737318,0.836571555815479
CDC37L1,4.28151096835216,-0.184710928636756,0.389825478787777,-0.473829799968804,0.635621282280143,0.859529173609098
AK3,2.16001921642042,1.33299045270942,0.677238843437574,1.96827229510838,0.0490367158851808,0.221858615419024
JAK2,1.36071826556983,2.66992914594967,0.822653699052471,3.24550798109203,0.00117241278065315,0.0121868191380267
PLGRKT,7.38367283683955,0.111340418872664,0.331300138988847,0.336071150505653,0.736817213003824,0.909074280991856
CD274,0.85683480421599,0.864597700434241,1.00703695905688,0.858556076476047,0.390585479963758,NA
PDCD1LG2,0.0553696605100213,0.179510562384738,2.95012600043697,0.0608484391372264,0.95147991290956,NA
KIAA2026,1.01692939666484,-0.472101406594252,0.777450051114959,-0.60724339257191,0.543689399092632,0.814211522382921
RANBP6,1.36759424751353,-1.11461894170738,0.690607845935278,-1.61396796788179,0.106534374437964,0.361669946207747
UHRF2,2.69583197243297,0.208272869996591,0.569997536967147,0.365392578895644,0.71481838005277,0.893409293970309
TMEM261,11.5499947770237,-0.316655610207565,0.276038301650021,-1.1471437417009,0.251322218223567,0.575252226208134
TTC39B,1.13802435463127,2.81469162830322,0.867244862583156,3.24555583981143,0.00117221572650369,0.0121868191380267
SNAPC3,1.8355618713457,-0.545484668908207,0.649510237100156,-0.839839986731559,0.400998110009219,0.719612990009415
PSIP1,15.5644745494009,-0.314932399345351,0.227723697371497,-1.38295839642717,0.166677622877532,0.46356514711711
RRAGA,14.1093125016187,-0.132111838966704,0.244179487468474,-0.541043968665717,0.588477277082009,0.836975483410608
PLIN2,6.97548442606664,-1.00599328102943,0.367458903136063,-2.73770283545676,0.00618699535781293,0.0481331203306198
RPS6,1498.84221422774,-0.253780270019599,0.0537963993235815,-4.71742111387658,2.3885296671028e-06,4.51279647741976e-05
MLLT3,1.20590614566832,1.19389198015069,0.836232565033563,1.42770328503384,0.153377280246539,0.443232530921658
PTPLAD2,4.39282461621103,0.577943601972157,0.399690357032792,1.44597834749549,0.148183275026352,0.436223111077961
KLHL9,0.510873639799261,0.580824190591351,1.29816099941956,0.447420767417179,0.654571283979768,NA
CDKN2A,1.14817645016345,-0.00759584376256487,0.782867431314578,-0.00970259262134594,0.992258572611246,0.99786722882087
PLAA,3.24800545869739,0.656917299790552,0.49822880025928,1.31850527197282,0.187334561398914,0.495220975881065
IFT74,2.54128948350998,0.573661060759673,0.573671580012696,0.99998166328368,0.31731938184134,0.645437590813405
C9orf72,1.52498926104778,1.05877721693242,0.671127001754329,1.57761081608215,0.1146550460225,0.378489519955318
DDX58,33.9795110606817,3.94113633291743,0.254754868026716,15.4703082356963,5.50428607344093e-54,1.0063130068385e-51
TOPORS,6.14590826650423,-0.142247961083407,0.341258288990051,-0.416833717078018,0.676800038426302,0.878876302912434
TOPORS-AS1,2.44831537175578,0.287557549383619,0.580376487971748,0.495467261929496,0.620270325774835,0.8524431450401
NDUFB6,12.435820493127,-0.451577993794468,0.251919363323209,-1.79254975813471,0.0730449461495489,0.288101132782739
APTX,3.06488735961444,-0.0296211404615535,0.467125513331581,-0.0634115234903205,0.94943881130142,0.981981971888457
DNAJA1,105.464196651816,1.13138469069843,0.108411196622203,10.4360502046771,1.69726453077691e-25,1.24119956744815e-23
SMU1,6.33492371657152,0.804536060073647,0.315285293737994,2.55177160512354,0.0107176751127741,0.073070408608284
B4GALT1,0.898022134963186,-0.141481949329422,0.82971045659835,-0.170519665269099,0.864601470189907,NA
BAG1,23.4651675205883,1.57082101470487,0.201788224201134,7.78450289120509,6.99878435003838e-15,3.00030644964404e-13
CHMP5,27.4358720311,1.30898346300097,0.172254539341216,7.59912318135214,2.98143885174697e-14,1.1879887116961e-12
NFX1,2.37613188054603,0.242231761414951,0.524296022169958,0.462013349657702,0.644071747183707,0.864532978709957
AQP3,0.518695714291021,-1.01187310020816,1.04685467018747,-0.966584120054563,0.333751976211255,NA
UBE2R2,2.44661923183395,-0.328087997122473,0.503912169074501,-0.651081710777196,0.514993741967077,0.797942805141236
DCAF12,0.583459341233014,0.132394507323941,1.13261703533005,0.116892562264314,0.906945192200276,NA
UBAP1,2.1803108575532,0.2860502036651,0.546399857769431,0.523518078560349,0.600613773592274,0.841617496990437
NUDT2,2.14854894738479,-1.20432394268679,0.64722930391171,-1.86073766346506,0.0627812323280648,0.262087401041807
RPP25L,10.5642564949369,-0.269762440503743,0.275975204453445,-0.977487963232038,0.328327633932113,0.655291189199875
DCTN3,9.09683255572276,-0.0527345621698716,0.28227503872409,-0.186819785441309,0.851801933487316,0.953077108565433
SIGMAR1,1.70501206549034,-0.94762816067301,0.695495339500409,-1.36252266097673,0.173032997568355,0.474595450731783
GALT_ENSG00000213930,2.39163241020365,-0.613966057819459,0.529916774064545,-1.15860846055173,0.246615818663144,0.569925352472359
CCL19,0.0674860747434853,0.813628025318698,3.04962996464762,0.266795655456747,0.789626499494662,NA
VCP,18.8506954618874,0.0815878533836077,0.22509669759559,0.362456909653064,0.71701061856762,0.895327039979174
STOML2,18.319951439934,-0.0949119060531566,0.217320081397447,-0.436737854333749,0.662301473037037,0.870948973460923
FAM214B,0.0715380937925747,-0.257893451331212,2.34664729134547,-0.109898684937585,0.912489725495268,NA
CD72,9.09326560520294,0.158865261242835,0.276300511539245,0.57497273659687,0.565309735648801,0.822162832925441
SIT1,1.56886950268138,-1.12720247366123,0.670116217268826,-1.68209997700897,0.0925494548512681,0.332728404485531
CCDC107,10.174472929959,-0.491520928705028,0.275718922987638,-1.78268841100568,0.0746370388788934,0.291239066962462
TLN1,7.59716808428463,-0.506684677505768,0.293564663817604,-1.72597297957011,0.0843522739492462,0.31529388747355
CREB3,5.10710533237768,-0.410474404217389,0.413728259330209,-0.992135284357689,0.321131536389813,0.64758968602742
GBA2,0.795897156513586,-0.698547762992886,0.947277745265894,-0.737426553599449,0.460862992501397,NA
RGP1,3.76328832299322,-1.08425041398777,0.525267025990965,-2.0641889940497,0.0389998006221847,0.190434218906128
HINT2,6.14823146762139,-0.50634960043317,0.37487044435705,-1.35073225445026,0.176781216143084,0.480066421819752
GLIPR2,4.11559553341579,1.53695353536856,0.42799761614419,3.59103293428337,0.000329370007844072,0.00404617385130188
CLTA,27.4118750942317,0.00816942479436101,0.171861689605536,0.0475348800137588,0.962086931514064,0.985481491944094
RNF38,0.876071165905477,-0.175838569100579,0.946279814175576,-0.185820902513676,0.852585212173846,NA
RP11-220I1.1,7.36996521751655,-0.24043294891724,0.353216646613248,-0.680695406693276,0.496064243380971,0.786816875952058
ZCCHC7,2.84536314827415,-1.15163790311086,0.543876691569284,-2.11746140432671,0.0342207075774591,0.173296409746626
GRHPR,7.00222573634579,-1.44312929182116,0.393993669647665,-3.66282355021516,0.000249450374486207,0.00315801125826123
TOMM5,3.37114623166678,0.0448729445554338,0.476610220237533,0.0941501937014066,0.924989848617661,0.975683415108361
TRMT10B,1.72873371916114,-0.239346869744315,0.731222190394156,-0.327324406847251,0.743422534291831,0.910831399230374
EXOSC3,10.277704294658,0.188661290464234,0.260553196430328,0.724079738989814,0.469016782571743,0.767616724714575
DCAF10,3.29750218272649,-0.195573322546767,0.420828611543289,-0.464733901598441,0.64212202746972,0.863206545576836
SLC25A51,1.09926347413481,0.499216440051817,0.901805541283495,0.553574376291043,0.579870166271073,0.831859012621036
CBWD5,6.27686540805783,0.607723956784373,0.336675880880344,1.80507126080814,0.0710635316000422,0.283706430588222
FAM122A,3.36118629576468,0.0407261560409912,0.449393380502315,0.0906247350494327,0.927790777074528,0.975683415108361
FXN,3.62022876208078,-0.212077253034216,0.442398774889095,-0.479380290072869,0.631668112624048,0.858740625237937
PTAR1,2.03726060135975,0.174830822251301,0.602565638592703,0.290144029220816,0.771706053352629,0.921422364125998
SMC5,5.34353130762565,0.0126781952393277,0.354135496286144,0.0358004079576468,0.971441507773779,0.989849978014071
TMEM2,1.32481243060102,-1.34466914563481,0.742846446700455,-1.81015760606718,0.0702713497695078,0.281266394183684
ABHD17B,1.27590248178667,-0.0810836751237997,0.677971533324905,-0.119597462634087,0.904802029822162,0.972153762891947
C9orf85,1.75325962328876,0.0440083817414615,0.642398864073639,0.068506319364252,0.945382589771052,0.981516712066786
ZFAND5,6.94251237174298,0.494238159901543,0.328775291444254,1.50327038790062,0.132769332964073,0.408966389348205
ALDH1A1,0.0823227445347087,0.44203023894401,3.04494531423715,0.145168531230175,0.884577811145513,NA
ANXA1,25.9225490962961,-0.298462353517677,0.197675581897107,-1.50985949125993,0.1310792810207,0.406021223575117
C9orf41,1.93870481304102,0.364452080218777,0.633159748753506,0.575608416258724,0.564879891038257,0.822162832925441
NMRK1,1.5712098371959,-0.129530127179469,0.728920993256627,-0.177701188987248,0.858957651434339,0.953586263561639
OSTF1,17.0636001470778,-0.417608414512294,0.270773903076858,-1.54227719055244,0.12300624930555,0.392710244316025
RFK,5.64608575225943,0.43134359730666,0.375962512557407,1.14730480539811,0.251255668672275,0.575252226208134
GCNT1,0.97813155604623,1.38555804849368,0.912505218311321,1.51841109583767,0.128910796214503,0.402916213090079
VPS13A,2.43840763827645,-0.73819051791254,0.530899860724519,-1.39045151924721,0.164391811319193,0.460426076652226
CEP78,1.95256811560262,-1.18265170325169,0.630090837992592,-1.87695429284372,0.06052435863322,0.256797924649954
PSAT1,4.82298985818473,0.509321450776456,0.465973161749192,1.09302743716943,0.274381753324882,0.600759767054409
TLE4,2.50775007191597,1.34396783116543,0.546422556218306,2.45957604764122,0.0139101224164576,0.0894160506108586
FRMD3,0.291651371829633,2.09755315943146,1.38403586856033,1.51553381460651,0.129637273699563,NA
IDNK,3.8500814732846,0.248492874429079,0.42565134383725,0.583794408327044,0.559358640734303,0.819353284981176
UBQLN1,9.02507538331014,0.104667178639486,0.266605183884433,0.392592436180298,0.69462052698376,0.885193127715068
HNRNPK,86.5778759590188,0.0451265778355417,0.0997709058094021,0.452301975906177,0.651051452691312,0.866210580036214
NAA35,1.92497739065605,-0.335876154832904,0.602857293842116,-0.557140401656761,0.577431505562201,0.83026021286302
GOLM1,0,NA,NA,NA,NA,NA
ISCA1,5.67324420980214,-0.145155332549157,0.370545022833657,-0.391734670834641,0.695254269703491,0.885231573223454
ZCCHC6,2.8633103873382,-0.229694986134302,0.521280416174674,-0.440636131738611,0.659476440840349,0.87011026139071
DAPK1,0.0656226754979361,-0.73597272179759,2.78758134046816,-0.264018384365418,0.791765752551559,NA
CTSL,1.7225071134927,0.944595969896337,0.639765816625142,1.47647146088426,0.139817371164597,0.422510830898947
SPIN1,1.83355213581965,0.548664366386953,0.707406267515181,0.775600092312128,0.437985145863248,0.750860792214219
CKS2,16.3288712148338,-0.0524134143318399,0.218705806668817,-0.239652596015472,0.810599586939934,0.938961568850194
SECISBP2,8.00265567695771,-0.098036773031943,0.325298510075769,-0.301374798824342,0.763128709137087,0.918058458679336
SEMA4D,1.47569345252723,-0.489889698030314,0.749211213449693,-0.65387395334708,0.513193016066711,0.797103395270034
GADD45G,0.865545177297279,-0.65233986330691,1.16014428307015,-0.562292012145756,0.573917079765453,NA
SYK,2.05158125779569,-0.242328029588512,0.616790173904567,-0.392885684372149,0.694403915363585,0.885193127715068
IARS,4.10826082499792,-0.0465244345429583,0.406483826040642,-0.114455807494556,0.908876476624593,0.973693868141371
NOL8,6.14750449185631,0.0208749027052575,0.337005571582206,0.0619423073845695,0.950608775743619,0.98210030668632
FGD3,1.81742261804183,0.297689310556866,0.579666617454725,0.51355262075294,0.607564812014971,0.845039390946641
SUSD3,1.87246105891494,2.68655294930608,0.749246456864428,3.58567321165484,0.000336209759878447,0.00412205102052155
C9orf89,2.97651108579795,-0.0745285251084269,0.547840293677428,-0.136040605206578,0.891789181023904,0.967934616595877
NINJ1,4.17053136722619,-0.368062080890677,0.478135226095652,-0.769786580872094,0.441426501074909,0.752649478898487
FAM120AOS,5.89724314415231,-0.0213712192808621,0.338722655702613,-0.0630935631882425,0.949691999920215,0.982080431126944
FAM120A,1.50483982455859,-0.101965031483429,0.833980244119976,-0.122263125778265,0.902690634225985,0.971455156223809
AAED1,7.12001150221265,-0.0751946320569051,0.325386680385697,-0.231093147291011,0.817242438719636,0.939644208060827
TDRD7,5.56849844143227,2.27403560131902,0.452860247950032,5.02149528825488,5.12707618259604e-07,1.06588312879655e-05
XPA,4.05241512996929,-0.49673949461386,0.406385467514115,-1.22233577310834,0.221580676500479,0.540135484363521
C9orf156,2.55701540244627,-0.426785426934085,0.523616104539574,-0.815073148503264,0.415030440567434,0.73228192408946
ANP32B,34.0178845708283,-0.207969023940416,0.15564408703525,-1.33618326209409,0.181489380548583,0.487648169000568
NANS,9.56213057710429,-0.480738056853711,0.305330875235185,-1.57448229394887,0.115375991771882,0.379258151694351
TRIM14,5.31318379981894,2.61555445950017,0.466548965692531,5.60617352482547,2.06848587950812e-08,5.12259291913245e-07
TBC1D2,0.340539405624057,-0.881227757387656,1.43729162584081,-0.613116880070975,0.539799059605191,NA
ALG2,6.62621885356698,-0.48867515994969,0.358106980251937,-1.36460663125275,0.17237671944304,0.473536818382144
SEC61B,63.2722295390383,0.191226060150227,0.113965925171777,1.67792311484332,0.0933621094247958,0.334489263506934
NR4A3,3.41796163233628,0.853293394326316,0.49742366775228,1.71542580227859,0.0862671881305854,0.319759595360596
STX17,3.99938127353131,2.52128025218449,0.548564138869685,4.59614486900215,4.30379523440392e-06,7.8452760050014e-05
ERP44,14.8120696408898,0.243310696524184,0.218917283252173,1.11142753513852,0.266384365614083,0.590247148742755
MRPL50,9.61482509585744,0.203799745122121,0.266877022771031,0.763646652701805,0.445077839740958,0.754870095244953
RNF20,2.45625406140851,-0.052522263647033,0.510054318316857,-0.102973863294311,0.917983714728713,0.9751814025147
SMC2,7.30034538665282,-0.411725837871188,0.353958346012589,-1.16320420893973,0.244746659270889,0.567666132099943
NIPSNAP3A,6.01807869693427,0.414720884873911,0.33864387665412,1.22465195287583,0.220706384341729,0.539480903456943
SLC44A1,1.77429525230907,0.736886976207081,0.671295570153518,1.09770868298529,0.272331717003432,0.598217041255235
TMEM38B,8.77119093478351,-0.150286263884457,0.336369020004342,-0.446789849679132,0.655026800754031,0.867838971255276
RAD23B,14.2377959301925,-0.0441723918156727,0.224071570776061,-0.197135190612016,0.843721745607844,0.950104052662746
KLF4,0.160388178992402,0.474423014516835,1.85334631380941,0.25598184806686,0.797964853602209,NA
CTNNAL1,1.49575353618844,0.0660390552260176,0.691572288743874,0.0954911819066184,0.9239246940736,0.975683415108361
TMEM245,1.80752907510791,0.00825524771539208,0.605378195897826,0.0136365131273829,0.989119973911805,0.99714047201161
TXN,70.8227438659412,0.846481110915311,0.431658254032604,1.96099831986851,0.0498792188893224,0.224348208839383
PTGR1,0.0386844800401195,0.442042704943031,3.05417699194027,0.144733820636311,0.884921035293415,NA
UGCG,1.46512428962936,0.0733732674461621,0.654979893834401,0.112023694371164,0.910804619426895,0.97381871700637
PTBP3,4.52805469977668,0.000785253641890637,0.45636203732223,0.00172068133996909,0.998627095602247,0.999778745990388
HSDL2,2.06723294144081,1.23129904419141,0.663959069743824,1.85448034419725,0.0636704696736745,0.263594609016653
INIP,4.37495866479996,-0.644550984424959,0.391054634956439,-1.64823768038642,0.0993039074120927,0.34777873119244
SLC31A2,1.04351296996065,1.10487489736464,0.86349013911039,1.27954547170965,0.2007050376777,0.514679255034894
FKBP15,0.83413482834492,-0.14075056697229,0.838656838886905,-0.167828556861349,0.866718156004686,NA
SLC31A1,0.838331852945152,0.485471989190614,0.842565505344565,0.576183081447277,0.564491439558097,NA
PRPF4,4.07308172990968,0.0893839060638772,0.431818054347787,0.206994369883125,0.836014255465528,0.947253812151602
HDHD3,3.67203307339854,0.109253442918352,0.479616576238735,0.227793300588446,0.819806935146789,0.940195681505649
POLE3,9.05444179736193,0.0665378951102845,0.288344497397931,0.230758331477568,0.817502554245971,0.939644208060827
AKNA,2.42163941871432,-0.938794256651304,0.55400391676746,-1.69456248997127,0.0901584478402113,0.328265407947209
ATP6V1G1,85.7452329882441,0.418414074677932,0.103124249112204,4.05737814607191,4.96266949522637e-05,0.000734063841787363
TNFSF8,0.129677783139344,0.319170132361014,2.00212862539544,0.159415398347833,0.873341607918687,NA
TLR4,0,NA,NA,NA,NA,NA
CDK5RAP2,1.34415407723121,0.292164026084541,0.708171295732178,0.412561237436873,0.679928105888509,0.879712496033004
FBXW2,4.2810030339202,-0.180017815697047,0.402853158348788,-0.446857153695661,0.654978201754631,0.867838971255276
PSMD5,1.37135773776058,-0.0737611900977713,0.736890306412133,-0.100097924285243,0.920266583237735,0.975351695087598
PSMD5-AS1,4.3353161667779,-0.233869349766951,0.552408962920597,-0.423362699494374,0.672030655021029,0.876547400595621
PHF19,1.02182259151589,-0.178317883018262,0.757335947875658,-0.235454138310015,0.813856270608705,0.939448575321023
TRAF1,5.93390786180846,-0.0075993929231803,0.423206956774957,-0.0179566824257601,0.985673410250151,0.995755247924868
CNTRL,5.95900403857621,0.956680283958126,0.335172489689906,2.85429238194109,0.00431328143157823,0.0358440606666982
RAB14,13.5353289868095,0.716077290539376,0.251293400755416,2.84956663560112,0.00437788341456883,0.0361441855357747
GSN,2.45238088062417,1.083812078635,0.590169656268344,1.83644155053306,0.0662923791292436,0.27124005734521
STOM,4.93830383358704,3.35461715173391,0.531211305952945,6.31503342293522,2.70103094723505e-10,8.03433854447837e-09
NDUFA8,11.7868242169833,-0.109126718947562,0.254855566969447,-0.428190446240653,0.66851247134984,0.875339520092545
RBM18,5.47098943854672,0.059985783001324,0.410185443353709,0.146240643039098,0.883731421927243,0.963358873352028
MRRF,2.19401159801184,0.510374058416439,0.591185949897024,0.86330545999163,0.387969543008309,0.708466122015172
PTGS1,0.371563796490028,-1.05450209647428,1.32125842239997,-0.79810435157632,0.424809936401415,NA
PDCL,2.85401195745383,0.333224504659481,0.526298068361328,0.633147877013882,0.526637079730627,0.804911750087429
RC3H2,2.39382243904345,-0.253516818050504,0.570010558424451,-0.444758108957214,0.656494570711675,0.868803545144511
STRBP,5.2035361767437,-0.346080785282058,0.362872477094358,-0.95372563952285,0.340222538228806,0.665992196910221
NEK6,0.638910641543918,-1.52985584149276,1.06525341992633,-1.43614262378858,0.150961761538992,NA
PSMB7,31.1154962548553,-0.195874542371466,0.159785100043947,-1.22586237588857,0.220250469385183,0.539006660511142
RPL35,360.48776539016,0.0718744433378558,0.0662641832674103,1.08466504518444,0.278070034813806,0.603731518128753
ARPC5L,25.5133138483964,0.232928196178571,0.181292423077911,1.28482035941717,0.198855066108548,0.513323542745321
PPP6C,8.25262907369399,-0.400886850939527,0.303507333232786,-1.32084733067076,0.18655227442017,0.494081353982011
RABEPK,2.32125939521374,-1.35660578583465,0.571974566214404,-2.37179389778344,0.0177019620321937,0.108552719665034
HSPA5,56.3405526165688,-0.87509272428473,0.361007790579462,-2.42402725680822,0.0153494533812911,0.097161102055097
GAPVD1,2.52981100608075,-0.277857982172704,0.52028389454829,-0.534050707861983,0.593306451721636,0.838443526510293
MAPKAP1,4.27268354958217,0.194928531587384,0.39464384367946,0.493935315878663,0.621351862308853,0.853532093032661
ZBTB43,4.27265728138706,0.128133018038771,0.454877306167911,0.281686987460906,0.7781835331247,0.924362476954546
RPL12,707.5642308797,-0.0414683394487559,0.0787860123068986,-0.526341392774424,0.598651028126117,0.839907072265518
PTRH1,4.98522825149091,-0.409596480221769,0.37307921063051,-1.09788074100817,0.27225656868085,0.598217041255235
TOR2A,2.90212029878811,-0.637067936271274,0.499644812733521,-1.27504162964471,0.202294507631854,0.516836275971888
CDK9,6.3540108421072,0.0592727805660666,0.358329679471409,0.165414097580482,0.868618058258767,0.9563393125385
ENG,0.137160769290511,-0.795492669104998,1.75758483412201,-0.452605560574482,0.650832794009677,NA
ST6GALNAC6,2.8641121334303,-0.908862521135721,0.549795614601863,-1.6530916162252,0.0983122193365348,0.345649748527093
ST6GALNAC4,3.39857300887621,-1.07759662955168,0.495370338679504,-2.17533539134419,0.0296049922372456,0.157825584688438
DPM2,11.0066438678281,0.921245643127031,0.27819651149543,3.31149243452021,0.000927997491893756,0.00992845509399585
FAM102A,1.45381094827838,-1.1891937054288,0.717887739815029,-1.65651764123345,0.0976170355189601,0.344162900836666
SLC25A25,1.23545396067218,-1.25724962005167,0.873698484068999,-1.43899714029077,0.150151332987958,0.438569010931297
PTGES2,5.24508593353884,-0.478927783358785,0.373415792256236,-1.28255899533608,0.199646623730312,0.513735036020481
C9orf16,15.1069824138206,-0.135138519643879,0.228832976081348,-0.590555268554645,0.5548184438007,0.818146046340154
GOLGA2,1.76514871287981,-0.894511183473342,0.647479640116857,-1.38152789377578,0.167116707358826,0.464331457504954
SWI5,2.65612243331199,-0.268771165259846,0.476134852110321,-0.564485384904299,0.572423843836861,0.826332237178339
TRUB2,4.40451902103719,-0.158044150519987,0.380903944963896,-0.414918649726684,0.678201456751803,0.879316600035527
COQ4,5.30609747684183,0.00906390430346785,0.341306388614485,0.0265565034989889,0.978813466191517,0.99229563693701
URM1,9.25511537025065,0.106246516814491,0.282438342074938,0.376175968297891,0.706786080063722,0.889348638395971
ODF2,3.24256529082174,0.234787125490755,0.502280093355816,0.467442625333016,0.640183232073001,0.862457514210181
GLE1,1.80860079607028,0.716590591773657,0.746050599108899,0.960512051903142,0.33679756834822,0.664192158899915
SPTAN1,1.26189806173719,-1.08130778528197,0.697537640502296,-1.5501784025638,0.121098702097346,0.389218992883713
WDR34,3.40400736401847,-0.426771185551019,0.43222848603104,-0.987374037907282,0.323459306969516,0.650266187620477
SET,15.3275689257857,-0.0996982971140591,0.218727648408726,-0.455810218046864,0.648526455707826,0.864947395773462
ZDHHC12,12.7253912025862,-0.215360487012846,0.239501617997819,-0.89920263926905,0.368544734799169,0.691595592003398
C9orf114,4.99861478314278,-0.212036317659676,0.394902534669592,-0.5369332912413,0.591313694021473,0.837625115335172
PPP2R4,2.09993589608332,-0.3214323032059,0.618081531666718,-0.520048386398354,0.603029850923121,0.843102463638804
NTMT1,11.6771612033718,0.233793664757342,0.265273483599725,0.881330699113963,0.378138854785637,0.699175598343184
TOR1B,1.53661286048593,-0.00830262946747957,0.652876412619512,-0.0127170001963576,0.989853575367843,0.997233358911914
TOR1A,7.27317615616633,0.377956906577847,0.32858345834737,1.15026151492471,0.250036176654876,0.573726420851499
C9orf78,22.1273570541456,-0.24195158764105,0.179740510410725,-1.34611605969165,0.178265090150633,0.481990343791359
FNBP1,26.2242588882571,-1.22726729154373,0.216094881155061,-5.67929830167099,1.35248429992951e-08,3.40366089407362e-07
GPR107_ENSG00000148358,0.422713398508194,1.11395444944419,1.17167655048736,0.950735464476807,0.341738680349594,NA
EXOSC2,2.34514423307212,-0.0343335962132778,0.537766010342843,-0.063844861060276,0.949093757138841,0.981817235420602
NUP214,1.18565935084724,0.0995524005647404,0.793604950885176,0.1254432705513,0.90017263369386,0.971054218186121
PRRC2B,3.25602991115738,-0.82902000705347,0.504611923310037,-1.64288628301816,0.100406463592751,0.350730327055732
UCK1,1.71254001217985,-0.543958062997048,0.617874281914813,-0.880370131786849,0.378658831477481,0.699175598343184
RAPGEF1,1.93079825125227,-1.76332654042782,0.868388720214979,-2.03057282917181,0.042298346302941,0.201009371610503
MED27,2.58583482283642,0.579649342667665,0.509603810647995,1.13745095808958,0.255349815037197,0.579289945354458
SETX,7.37252603249675,0.526207444871872,0.365242667444922,1.44070638995435,0.149667648898828,0.438423235417113
TTF1,5.71251033136039,0.11184466894523,0.357039843530817,0.313255427851363,0.75408661054076,0.913861754088822
GTF3C5,2.60766540371707,0.193420762052551,0.482602327451211,0.400787047741922,0.688576915714038,0.882514249088342
RALGDS,0.763424011146488,-0.0697570008678342,1.05110407169368,-0.0663654558538933,0.947086871783444,NA
RPL7A_ENSG00000148303,289.751112928713,-0.383330793775956,0.0746343917956749,-5.13611465911578,2.80476575596558e-07,6.11734173301125e-06
SURF1_ENSG00000148290,13.8482428644329,-0.18812841536108,0.222492980676125,-0.845547642848704,0.397805143984325,0.716741094204801
SURF2_ENSG00000148291,8.53329400717065,-0.287871104846354,0.321481676404153,-0.895451050480571,0.370546021305713,0.692726035619943
SURF4_ENSG00000148248,5.9967729904022,0.565845490362541,0.350224869872677,1.61566336099504,0.106167116678651,0.361045907512047
REXO4_ENSG00000148300,3.92735737320527,0.0196715810064375,0.43512645978671,0.0452088825305637,0.963940814255325,0.98646973164739
SLC2A6_ENSG00000160326,0.865319250028704,-0.852651878258419,0.884958011633191,-0.963494162491223,0.33529959224657,NA
BRD3,1.20380411620949,-0.724506435572987,0.737129472208089,-0.98287541454924,0.325668759340481,0.652807806533515
RXRA_ENSG00000186350,0.164277682854182,-0.118295634411761,1.86662476478297,-0.0633740838778143,0.94946862382696,NA
FCN1,0.891701937429142,1.23766246842348,0.867050036549789,1.4274406507708,0.153452920622795,NA
MRPS2,3.90723564927601,-0.272834234093013,0.477936221150064,-0.570859085416227,0.568095167298885,0.823718115215738
UBAC1,1.55286137286184,-1.39503126496485,0.731776462256909,-1.90636258053773,0.0566031800732452,0.244847158897211
PMPCA,4.99940450134233,-0.522125407468938,0.500540448161637,-1.04312330679084,0.296891187551482,0.623682197303147
SEC16A,1.34002189821962,0.295709976415343,0.708971537409085,0.41709710589512,0.676607381716347,0.878876302912434
NOTCH1,0.704992453374686,-0.335028710373381,0.912876639265449,-0.367003268528115,0.71361657994268,NA
AGPAT2,1.85843464392825,-0.770034490482826,0.620285924769448,-1.24141860992418,0.214451147830658,0.532729304135313
SNHG7,11.7327235319113,-1.44755368403661,0.275511937279545,-5.25405068952735,1.48789901386768e-07,3.31497500724068e-06
TMEM141,4.74025538675621,-0.459575932607369,0.37198258472894,-1.23547701283451,0.216653026439874,0.53598159551951
RABL6,1.3380604066966,-0.649880379096512,0.791799929643456,-0.820763370601903,0.411781066634836,0.72967224176968
PHPT1,16.0713932692525,0.322337027989967,0.234349077508391,1.37545678189591,0.168989875577261,0.467234197439152
EDF1,70.3870267365188,-0.0212834511480281,0.115513454643022,-0.184250840854874,0.853816676909594,0.953077108565433
TRAF2,3.77733778042985,-0.270682479852934,0.430803390424472,-0.628320217225379,0.529794190127553,0.807750965374753
FBXW5,6.05719021941548,0.112678148820795,0.338036154097661,0.333331649454991,0.738883951298772,0.909665803381494
PTGDS,0,NA,NA,NA,NA,NA
C9orf142,5.48928260183072,-1.17111935729797,0.407909888274158,-2.87102468207599,0.00409143577268191,0.034368060490528
CLIC3,0.994034459216467,-0.520254885715522,0.76614996145564,-0.679050984649361,0.497105557807773,0.787263222250475
MAN1B1,1.69600876716096,-0.918908848138569,0.689688353678269,-1.33235372648793,0.182743980127312,0.488785103473052
DPP7,13.6826329716779,-0.624336816798445,0.24566231893074,-2.54144314649438,0.011039589876907,0.0747150323998605
SSNA1,21.017145034542,-0.272291505398689,0.21209202246206,-1.28383662071683,0.199199127172013,0.513735036020481
TMEM203,5.74718230790713,-0.705118536387526,0.464179042928581,-1.51906585859374,0.128745919443056,0.402860804289447
TUBB4B,11.4862121341927,-0.594781009578425,0.280866571685514,-2.11766393561567,0.0342035392336704,0.173296409746626
TOR4A,0.0499503008929934,-0.592556499290627,3.05294941014914,-0.194093127557486,0.846102962719717,NA
MRPL41,15.5574821849195,0.0500006837657377,0.227031088644537,0.220237166919566,0.825686452144031,0.941533164784864
DPH7,3.18172543370169,0.0670409009181529,0.463889246451906,0.144519195973868,0.885090499371976,0.964015892440863
ARRDC1,4.44298409404109,-0.210500333942113,0.414847542501991,-0.507416128519316,0.611862871422633,0.846691809608879
EHMT1,5.50102597460995,0.471408003445311,0.342679612398764,1.37565231892684,0.168929300516714,0.467234197439152
GTPBP4,14.8275162840744,0.300093881832194,0.256047420805113,1.1720246229725,0.241187170523215,0.562708085118204
IDI1,20.1436581339993,-0.152696563391667,0.222636951510546,-0.685854537423603,0.492804841147626,0.785053927646688
PFKP,3.06434003966789,1.65975040569963,0.494411448660349,3.35702259767016,0.000787866730421194,0.00863735378535828
KLF6,31.4002403536306,0.811702658415663,0.192794860908194,4.2101882518652,2.55157988099873e-05,0.000403578130796136
AKR1C1_ENSG00000187134,0,NA,NA,NA,NA,NA
AKR1C3_ENSG00000196139,0.685404925226385,-1.20577442037165,1.06253191284508,-1.13481242849734,0.256453917670864,NA
GDI2,47.980115082983,0.0020801547582307,0.129449299093826,0.0160692624277786,0.987179135377591,0.996315230639244
FBXO18,3.6820293348865,0.680083522134706,0.431214368582739,1.5771355772998,0.114764332529459,0.378649199046239
IL15RA,5.46003516340963,4.12700698376938,0.605643201580197,6.81425461889363,9.47537549917786e-12,3.14967562047538e-10
IL2RA,4.76653068110035,0.202326036634015,0.43479497178018,0.46533665236659,0.641690391088988,0.863197478731919
RBM17,29.4528479086763,0.0864186259852826,0.171971992308016,0.502515699361671,0.615304811881605,0.848997716016882
PFKFB3,3.65302307087578,-0.565649651014641,0.423599993560775,-1.33533913978562,0.181765373982978,0.487846962296282
PRKCQ,0.0295527836364702,0.429483717069159,3.05433812154166,0.140614332787877,0.88817462481673,NA
PRKCQ-AS1,1.12232443574023,0.330077412396928,0.88011289334919,0.375039855558585,0.707630825891106,0.889691184008721
KIN,4.55855058893089,-0.588505228554429,0.407558467746294,-1.44397742932132,0.148745324412157,0.436956964341196
ATP5C1,25.2488767334054,0.210956246707185,0.168056581235204,1.2552691787294,0.209381059843539,0.52501519483156
TAF3,3.79364037108685,-0.164982337982532,0.479370265654618,-0.344164729861238,0.730722405363093,0.90508361890341
GATA3,1.50802952788656,-0.048949213564185,0.89303594156309,-0.0548121428108578,0.956288126382721,0.983770659502165
CELF2,6.73615520758423,0.964054954658861,0.324955255080302,2.96673138712783,0.00300983788191896,0.0265755003892163
USP6NL,1.58319522747907,0.874588362514933,0.634059429664726,1.37934761569179,0.167787602155294,0.465402826861806
UPF2,11.2865318423933,0.494518626929761,0.255090203220053,1.93860297529014,0.0525497009910632,0.232410212871369
NUDT5,13.4688444772855,0.0160846808218972,0.250158655744454,0.0642979183511772,0.94873301094215,0.981817235420602
CDC123,18.3774876490702,-0.14763075575436,0.215664773355017,-0.684538107256567,0.493635434678024,0.785570369165027
CAMK1D,3.85607525947918,0.277521026809662,0.422610143923917,0.656683306824799,0.511384570278318,0.796483710561269
OPTN,4.45570569999265,1.13324514200362,0.45786434317182,2.47506747119278,0.0133211007207125,0.0863440689050565
PHYH,2.32286716788599,-0.870727305709171,0.593473314613857,-1.46717179065702,0.14232932869301,0.426165273196411
SEPHS1,2.6179373638906,1.05880230789255,0.516393618929898,2.05037837238707,0.0403275220234584,0.194926809407323
PRPF18,4.33832632011165,0.0884476363071713,0.413762142470639,0.213764448770099,0.830730749883037,0.945581824074887
FAM107B,27.8978963800989,0.27908098938456,0.17527109338176,1.59228189885648,0.111321378260376,0.371230518919796
HSPA14,4.08606289356633,-0.545422965261869,0.458349042799185,-1.18997295583059,0.234057021684586,0.554227320122181
DCLRE1C,4.10701632470122,0.11081521031298,0.384208172993733,0.288424916756749,0.773021496929742,0.92193047293079
RPP38,8.52297479784423,-0.18804824952543,0.291613185032442,-0.644855099760012,0.519021091155344,0.799200535587556
NMT2,2.37570514886873,-1.05581794014532,0.550125589847996,-1.91923073499825,0.0549551394563262,0.239720103060016
RSU1,6.70271847460518,-0.356952614733323,0.32448549160324,-1.10005724129503,0.271307182396473,0.597606465548007
VIM-AS1,2.80523570984557,-0.431784929355816,0.537337708482516,-0.803563424899418,0.421649153349869,0.737470775808324
VIM,119.029460796581,-0.393361799514528,0.173038718948379,-2.27325885157458,0.0230105856500847,0.131950000369859
ARL5B,1.63251178568103,1.63399418940913,0.684871083122094,2.38584199227731,0.0170400705689368,0.105499082327203
PLXDC2,0.0332651204230916,-0.379320188502241,3.05517703609203,-0.124156532999947,0.901191337516134,NA
MLLT10,1.31920635554791,-1.20948868848889,0.746781737939715,-1.61960131995961,0.105317945885141,0.359503762560151
DNAJC1,11.3390012627457,0.623450718139916,0.25899826989169,2.40716170961542,0.0160770492654374,0.100437123853225
COMMD3,16.1948514874639,-1.28558689703337,0.30100656549597,-4.27095965470088,1.94633620435303e-05,0.000316712718488441
BMI1,1.47734430327306,-0.155942525227115,0.700795558682168,-0.222522136870219,0.823907442483658,0.941533164784864
PIP4K2A,0.469837872559211,0.546689490309272,1.19805497226153,0.456314195063438,0.648164057751149,NA
MSRB2,1.94869289383771,0.615445567833923,0.742596400555906,0.828775317754303,0.407231557347082,0.725523462444673
APBB1IP,5.72247242245899,-0.447843923839335,0.345426658198656,-1.29649496704964,0.194805012887447,0.507506196059159
ABI1,10.5537867600129,0.129255480434387,0.283406993302178,0.456077243995778,0.648334433286549,0.864947395773462
ANKRD26,1.18221498562904,0.384205547932847,0.744477113842487,0.516074357141535,0.605802476906678,0.84500809909513
YME1L1,4.49564251971291,-0.00659660368966725,0.385124952020356,-0.0171284764985016,0.986334121281676,0.995785755706821
MASTL,2.04182447131657,2.38039085114806,0.677823300521336,3.51181620536978,0.000445055670832782,0.00529974339060646
ACBD5,0.931490592233062,-0.350006372793978,0.790908965210008,-0.442536863520117,0.658100760820279,NA
RAB18,11.8728564789662,-0.00508659634380544,0.233650970989191,-0.0217700629373406,0.982631374840506,0.994146586264418
WAC-AS1,3.43094579276892,0.477147964563981,0.489591907824061,0.974583029128512,0.329767135171477,0.656576717561147
WAC,6.27972094730403,-0.23047447479013,0.327578179351684,-0.703570900986953,0.481700038256016,0.778623737255449
SVIL,0.164506111566007,-1.34120788296195,1.85670555847409,-0.722358952845601,0.47007381641474,NA
MAP3K8,7.56154611312603,0.0662887621601815,0.320913891238366,0.206562457936556,0.836351582107107,0.947253812151602
ZNF438,0.344630599772028,-0.797162227313694,1.48298549961996,-0.537538787478354,0.590895499910998,NA
ZEB1,3.11462384418382,-0.00918963453403633,0.465570848357686,-0.019738423413865,0.984252039291774,0.995300256423893
KIF5B,12.0099190626461,-0.100740919830016,0.272284171728855,-0.369984487861952,0.711394048473994,0.891959122173311
EPC1,10.939136485395,-0.251668068185794,0.26522870561846,-0.948871908864294,0.342685763291409,0.667277961959181
ITGB1,2.31181852660041,0.128805190950266,0.556982656981077,0.231255299129793,0.817116471582284,0.939644208060827
CUL2,4.31481084803801,0.681462667779025,0.389553924142115,1.74934104252642,0.0802320854742773,0.305964811845465
CREM,150.388728702766,0.92728145429111,0.154913456892601,5.98580312447602,2.15324697436498e-09,5.81938399680552e-08
CCNY,0.55795524793791,1.76814068569423,1.10059718453779,1.60652844704195,0.108157849772114,NA
ZNF33A,4.50550077574708,0.07106913641237,0.386231704001258,0.184006480245181,0.854008371226909,0.953077108565433
ZNF37A,3.96350058792779,0.242299711282426,0.412013288635867,0.588087127200812,0.556473813096847,0.819186020966989
ZNF33B,1.40178256581441,-0.888969829691167,0.706089269155822,-1.25900487165595,0.208028572250063,0.523524536480321
BMS1,3.48998265676684,-0.136715922797874,0.437562603344658,-0.312448828471262,0.754699446630431,0.913861754088822
CSGALNACT2,2.24468486408622,-0.258174123714073,0.649095199182048,-0.397744620572466,0.69081844270913,0.88365563407996
HNRNPF,62.5097484873812,0.571964268706549,0.122895018482717,4.65408830860776,3.25417323210275e-06,6.02022047939008e-05
ZNF32,7.78843817310674,-0.81021196008355,0.318720882649848,-2.54207365814076,0.0110196947966715,0.0747150323998605
RASSF4,0,NA,NA,NA,NA,NA
ZNF22,15.931799824208,0.0654784049738758,0.224390299233248,0.291805863255313,0.770435062030109,0.921422364125998
ALOX5_ENSG00000012779,9.30213907489208,0.344231043721643,0.275778031114174,1.24821778707648,0.211951311829657,0.528500101580597
MAPK8,2.75542189054809,0.052426882566534,0.515699627070944,0.101661664687071,0.919025231589447,0.9751814025147
C10orf128,1.56423584806978,-1.3794925233476,0.796292318679069,-1.73239461311893,0.0832033264581543,0.312691582384454
NCOA4_ENSG00000138293,8.13836954251775,0.193275467782411,0.28722393128503,0.672908649769199,0.501005408937532,0.789617044106415
TIMM23,3.38253880986752,0.274349100123556,0.477701727509277,0.57431046262697,0.565757730380725,0.822162832925441
CSTF2T,8.35045753007873,-0.24585267127243,0.321246893316477,-0.765307545029634,0.444088432253883,0.754331786782329
IPMK,1.13944046149823,-0.000322596247659744,0.75721887178912,-0.000426027743996302,0.999660079050874,0.99988634307833
CISD1,8.53293651621289,0.0806405746478683,0.301356042053876,0.267592360512392,0.789013112011413,0.930293153312395
UBE2D1,13.6425475945232,0.793540101437214,0.234773946094826,3.38001773466251,0.000724811527456121,0.00807424454241442
TFAM,5.60436818877824,0.206171631225193,0.36229181384394,0.569076151728901,0.569304461834764,0.824519556982381
ARID5B,26.7281223831889,-0.148869467202188,0.192354902672823,-0.773931234055418,0.438971457806982,0.751693273203361
EGR2,4.23077783580008,0.91797592716095,0.83188412855831,1.10349013239601,0.269814374386837,0.595373145611849
NRBF2,9.88503091244923,0.485323627910311,0.286799829562444,1.69220333446761,0.0906072109858558,0.328980387551448
JMJD1C,7.67976789648914,0.244803017823934,0.342872667564905,0.713976472847877,0.475241727755508,0.773325282651371
REEP3,3.657929335376,0.605035615967069,0.419840018593623,1.44110992085465,0.149553631214285,0.438423235417113
HERC4,4.78603042446952,-0.267690694924527,0.400025462031691,-0.669184140341845,0.503378021851705,0.791283689913479
HNRNPH3,11.7344885636278,-0.424703430802603,0.262333385239548,-1.61894541335174,0.105459008514441,0.359787704130498
RUFY2,1.27434484056824,0.138951990849585,0.695334803242159,0.199834655480625,0.841609896791938,0.94949602575558
CCAR1,4.17435072974908,-0.105584896218533,0.422124688872393,-0.250127270453142,0.80248892734731,0.934725015988602
DDX50,9.10854585265747,-0.179730014353978,0.283516773720117,-0.633930797094231,0.526125985893047,0.804712398562432
DDX21,19.2152405715972,0.333498256988601,0.267859373186507,1.24504979243863,0.213113447906785,0.530521903159221
KIAA1279,1.14123859878186,-0.118431162534435,0.723710597342497,-0.163644366918656,0.870011115732357,0.9563393125385
SRGN,158.581648389539,0.64882214461881,0.112163428024678,5.78461407648896,7.26789886354658e-09,1.88238580565856e-07
VPS26A,5.99337723957249,0.0823836263993609,0.324727747231934,0.253700606436071,0.799726865515449,0.933732810080407
SUPV3L1,3.81954755460809,-0.353428658988548,0.439624987343026,-0.803932144814095,0.421436164309327,0.737305712734809
HK1,3.51444263976925,0.816133883168869,0.435768378881134,1.87286164559336,0.0610874927092015,0.257611841709903
AIFM2,0.118578382730482,-0.0863069958888021,2.04691346163523,-0.0421644576121228,0.966367596065638,NA
TYSND1,1.71628149038315,-0.937467281262109,0.620511239541282,-1.51079822817575,0.130839866288976,0.406021223575117
SAR1A,9.33577063750993,-0.0318638361691096,0.337642304250398,-0.0943715753861199,0.924813994569334,0.975683415108361
PPA1,33.5799900306958,-0.138199702328998,0.20611071570334,-0.670511971478047,0.502531477526319,0.790618998811339
EIF4EBP2,3.0902996635446,0.148866417646113,0.463746690844323,0.321008042936281,0.748204295829114,0.911392887100484
PRF1,1.43816251589934,2.5901652298669,0.95743847789308,2.70530722304661,0.00682412440773932,0.0519837712236613
SGPL1,0.390810245173582,-1.40322375768281,1.1302558407877,-1.2415098485179,0.214417462248536,NA
PCBD1,3.82657353503527,-0.00769560377904143,0.443112487979209,-0.017367156168712,0.986143710782736,0.995755247924868
C10orf54,3.79864443328859,-1.74196277475092,0.49531128030835,-3.51690511402544,0.00043660982967903,0.00520914913874251
PSAP,29.9066684022632,-0.770011615690679,0.194401495774371,-3.96093462462028,7.46569724629481e-05,0.00104519761448127
SPOCK2,10.7989347016696,-0.510218763084248,0.260510242420985,-1.95853628764328,0.0501671173405598,0.224829705399365
ASCC1,3.54567130344735,0.512155823404724,0.46892718263478,1.09218625486169,0.274751242781034,0.600976046314795
ANAPC16,65.9094808611611,-0.19602560135746,0.118353897032184,-1.6562665554152,0.0976678502374323,0.344162900836666
DDIT4,16.5171012165043,-0.318353047261366,0.27791986204957,-1.14548505066753,0.252008284593405,0.576527160130146
DNAJB12,3.45832080663673,0.729070700510882,0.432664008514379,1.68507360483776,0.0919743714594615,0.331666331329068
MICU1,1.83438729684358,0.484506288573104,0.595103574583382,0.814154559418158,0.415556413451245,0.732586121954889
MCU,1.08868879726177,1.1532543689858,0.902235843251868,1.27821830357482,0.201172464114544,0.515452612092335
P4HA1,2.51007984247864,-0.614474893746117,0.59082209573998,-1.04003370587641,0.298324241388165,0.625213582086594
ECD,2.36579829634931,-0.418251701751099,0.562523089086615,-0.743528061097415,0.457162038973065,0.763903019961444
DNAJC9,6.57995669050468,-0.185424100452473,0.327749097904576,-0.565750147408365,0.571563640158172,0.826241764470511
MRPS16,15.2524498886281,0.372355977423061,0.233223336382363,1.59656397682517,0.110362934150596,0.369423727885729
ANXA7,30.6211429955303,-0.3876939441932,0.157091532951036,-2.46794933444339,0.013588955192396,0.08771437744126
CHCHD1,10.3948216020532,0.0666220482724875,0.247088683905927,0.269628083404469,0.78744639281861,0.929852751209874
PLAU,0.066740721879607,-0.776298332177593,3.04999030158549,-0.254524852677088,0.799090106480663,NA
VCL,0.318993297450308,-0.916316974286501,1.31559989044768,-0.696501254628939,0.486114971831912,NA
AP3M1,2.00686808653939,-0.0865826593352298,0.543872197756063,-0.159196700424212,0.873513903391847,0.958067353114737
ADK,7.18302759950265,0.0528391982604813,0.314801973985166,0.167849005492485,0.866702068551511,0.956289790012189
KAT6B,2.8085633273997,-0.212173962722956,0.474982535535353,-0.446698450678434,0.655092800640664,0.867838971255276
SAMD8,2.45514455168373,-0.34782651872471,0.511918742079764,-0.679456503802929,0.496848658572842,0.787056896454839
VDAC2,27.337238739346,-0.319656310208945,0.211698444601455,-1.50996059895826,0.131053478279236,0.406021223575117
COMTD1,2.09452866747507,-0.206242747702659,0.591656876562712,-0.348585059808391,0.72740084557268,0.902922095067253
KCNMA1,0.234828626060143,-0.379320198898316,3.05517703604545,-0.124156536404613,0.901191334820461,NA
RPS24,234.762914543364,-0.105453010406221,0.0924294031718959,-1.1409032925389,0.253910169126529,0.578256386746245
PPIF,3.52096592303763,-0.542082156741099,0.450391561516744,-1.20357973607582,0.228752055558139,0.547651507912203
EIF5AL1,4.34270121800948,-0.254222542041824,0.569316443611551,-0.446539960147862,0.655207254199004,0.867838971255276
ANXA11,13.8098042830407,-0.193734202321946,0.250645343147245,-0.772941559134153,0.439556967786901,0.752074349508224
TSPAN14,1.37526485906618,-0.620705607256439,0.731144768490431,-0.848950350199439,0.395908920109012,0.715398211452795
GHITM,52.2454557145359,0.0946986320886975,0.125883729661883,0.752270625783437,0.451888328871068,0.760178354591421
CCSER2,6.11511196152012,0.229182778753222,0.327866530030539,0.699012426586743,0.484544264939685,0.779887920990441
WAPAL,6.36894750937052,0.207223172795189,0.333118104935427,0.622071180536277,0.533895064232902,0.808162830382025
GLUD1,5.75550307112294,-0.0404674132288732,0.368347223993663,-0.109862137116498,0.912518710927436,0.973845684304709
NUTM2A-AS1,2.12873786389084,0.438358474564355,0.530995223798344,0.825541275924602,0.40906435904972,0.727329535427076
ATAD1,3.61548045125826,-0.227707435182563,0.423696758428411,-0.537430203684311,0.590970484755946,0.837545037219097
LIPN,0,NA,NA,NA,NA,NA
ANKRD22,0,NA,NA,NA,NA,NA
ACTA2,2.36268674002572,2.69518786393416,0.67728007411463,3.97942884626782,6.90810312354882e-05,0.000978149635899305
FAS,6.24454702443046,3.45209428062303,0.516752459988317,6.68036351622028,2.38350271740698e-11,7.75699104261875e-10
CH25H,0.0806333443443262,0.735396219976453,2.60711676020463,0.282072606490678,0.777887837555019,NA
LIPA,6.6310580463101,0.0297359787501141,0.338389379037073,0.0878750356607862,0.929975998486874,0.976309881201556
IFIT2,129.292029578241,6.15900210843222,0.256958041734272,23.9689019532669,5.87023512193508e-127,4.0543757242165e-124
IFIT3,250.976631290738,6.74963576711036,0.215303367981006,31.3494202640891,9.90760428989005e-216,2.05285560886522e-212
IFIT1,163.081072032309,6.53074528090494,0.243032074493595,26.8719480525894,4.67383231376824e-159,5.81050833247668e-156
IFIT5,17.5543657687294,3.25200639049575,0.292815122683988,11.1060055938619,1.17289585387979e-28,9.72096083695569e-27
KIF20B,7.29981183677345,-0.262735211141429,0.298156263138746,-0.881199705065953,0.378209738900328,0.699175598343184
RPP30,8.68380030673164,-0.488330555855762,0.340315708325349,-1.43493392726059,0.151305926627267,0.43990535075542
PCGF5,12.8756257987409,0.766476815606592,0.241813478624298,3.16970261528496,0.00152595026689996,0.015056042633413
TNKS2,2.29654225002463,0.535124409023299,0.566338018629113,0.944885194743997,0.344717490851156,0.669662963302388
FGFBP3,0.65762841125128,-0.518644986091054,1.12471576579189,-0.461134272200663,0.644702274477663,NA
BTAF1,1.53304663725374,1.7321104307422,0.789088048311611,2.19507878043311,0.028157947070237,0.152464981697381
MARCH5,5.17376415868216,-0.33264706377124,0.39815808143337,-0.835464804767267,0.40345605529718,0.721277779616701
HHEX,17.0264212710166,-0.841779194769805,0.208053317952467,-4.04597822834108,5.21050758267653e-05,0.000760293782486323
EXOC6,2.61208718192806,0.620633376824639,0.486410784519221,1.27594493497525,0.20197498511795,0.516232116567919
MYOF,0.064715110149689,-0.730023781641682,3.05073570326641,-0.239294338365676,0.810877355233919,NA
FRA10AC1,6.58752409070418,0.0299183889267077,0.362576067530804,0.0825161713801364,0.934236259285511,0.977567186599105
NOC3L,6.06033897119911,0.290521352789916,0.338360560427389,0.858614705044091,0.390553122448729,0.710678632652606
TBC1D12,0.669068259394782,-0.950734682448302,0.954003148931635,-0.99657394581245,0.318971357700775,NA
PDLIM1,13.0568085058099,-0.0165063049005667,0.298650576055554,-0.0552696235131195,0.955923662087108,0.983770659502165
TCTN3,4.10249070873447,-0.459597815389288,0.438859781506756,-1.04725435037891,0.294982284174135,0.622725669977901
ENTPD1,2.68760041786378,-1.98939950158031,0.649020157079868,-3.0652353087633,0.00217498801956308,0.0201486222497826
BLNK_ENSG00000095585,28.9957444285855,0.699907966206418,0.155070461118809,4.5134834910317,6.37714158013926e-06,0.000112614522903823
TM9SF3,2.80691015074145,-0.876501830373152,0.486780878320564,-1.80060858881137,0.071764594481424,0.285771120625581
PIK3AP1,2.21393804859144,2.31931577722976,0.627509389043232,3.69606545770739,0.000218966539306997,0.00282972143104427
LCOR,2.71811480942168,0.187992960084398,0.546411891774514,0.344049906150242,0.730808754752036,0.90508361890341
PGAM1,5.23328613138039,-0.443249242324755,0.356911067513045,-1.24190388774804,0.214272025517921,0.532552943070532
EXOSC1,13.6947990814525,0.161343362836775,0.24167766268865,0.667597332090354,0.504390661172085,0.792199091420296
ZDHHC16,4.16635301750286,-0.491365022238487,0.431228413481744,-1.13945418918758,0.254513765162032,0.579084027908927
AVPI1,0.191303708305576,-0.847172295773942,1.83157378483398,-0.462537901988335,0.643695628607284,NA
ZFYVE27,2.54074110963712,-0.904617662672306,0.530801100933545,-1.70424978599576,0.0883344316686299,0.32471131120769
R3HCC1L,1.19093192404276,-0.227454243356149,0.729123430893049,-0.311955745377099,0.755074156187752,0.913861754088822
HPS1,4.81567788713489,-0.421931075646179,0.363454871783817,-1.16088986116863,0.245686692529541,0.56877112274475
GOT1,4.32988495520596,-0.643244457946447,0.462594035756536,-1.39051610748606,0.164372211538775,0.460426076652226
SLC25A28,1.01093367186567,0.473670331162097,0.791890694875431,0.598151151702329,0.549739081954974,0.817299973385189
CUTC,8.20393297927741,-0.653672429468822,0.291971966230151,-2.2388191507179,0.0251676856948362,0.141066126491526
COX15,2.29720181664045,0.159351428994117,0.577524155256263,0.275921669325516,0.782608230026856,0.927314669814513
ERLIN1,0.992575192412723,-1.01441935637115,0.78237831260092,-1.29658419722658,0.194774292685182,0.507506196059159
CHUK,1.10335262726312,-0.341824338182329,0.806172459009625,-0.424008950395374,0.67155928583852,0.876425051600302
BLOC1S2,28.381819768135,0.0304805624521702,0.160707849320312,0.189664428844533,0.849572096473481,0.952035361759358
PKD2L1,0,NA,NA,NA,NA,NA
NDUFB8_ENSG00000166136,51.4419037568457,-0.243940574763264,0.129019615482584,-1.89072470764101,0.0586611024565648,0.251492626500529
HIF1AN,2.23704420052476,-0.297969446838071,0.529204918954486,-0.563051166317102,0.573400043068088,0.826860931948977
FAM178A,2.93975092668276,-0.564943445458856,0.460195608871336,-1.22761589760585,0.219591191111585,0.538855167874784
MRPL43,8.99255670664675,-0.181634327758671,0.296151608115186,-0.613315351939692,0.539667844366983,0.811556488592928
SFXN3,0.291089412814331,-1.94478868795688,1.43657959424225,-1.35376326919269,0.175811915620359,NA
NPM3,8.91317760880122,-0.198379902798749,0.293120595671095,-0.676785956798978,0.498541769474786,0.788132156423009
MGEA5,7.06495761844164,0.235840784502599,0.302698928859786,0.779126590870241,0.435905147662517,0.749332521534902
HPS6,2.15592861697533,-0.392496672563324,0.592325651731926,-0.662636628036768,0.507563305629946,0.793653930918014
NOLC1,8.63053094779289,-0.038876257156374,0.312731591714272,-0.124311896163958,0.901068328587122,0.971054218186121
NFKB2,13.6237193998754,-0.575208644951845,0.226394996099258,-2.54073038213114,0.0110621187710717,0.0747414459575887
FBXL15,8.01109751382643,-0.525236967787112,0.340015274294431,-1.54474521439378,0.122407903637421,0.391403049902371
CUEDC2,8.29462464835191,-0.363008122315494,0.314386775272975,-1.15465455568321,0.248231916190737,0.570639641657404
ACTR1A,5.52954809140911,-0.561912556243845,0.431347855732898,-1.3026900418668,0.192680603130702,0.503835188680556
TRIM8,1.49682869314192,-2.55039070071608,0.822930155537306,-3.09915815279717,0.00194071393417401,0.0184456847321494
ARL3,4.26569491576136,-0.523765924966443,0.390290197573748,-1.34199098061507,0.179598920114929,0.484684919638907
WBP1L,1.80372522469087,0.239274543048613,0.638480637612535,0.374756146002063,0.707841831647699,0.889776506677876
C10orf32,7.74047887858129,0.00153505969756738,0.304295692783797,0.00504463169860917,0.995974983324395,0.999321684671416
NT5C2,1.91925822533844,-0.414597102990073,0.662410112382509,-0.625891868556898,0.531385868388835,0.807765711025472
PCGF6,1.80442868791911,-0.356420964369392,0.6987425197681,-0.510089130525049,0.609989019816213,0.845039390946641
TAF5,1.25547320837606,0.597482012878013,0.777731622060066,0.768236748938399,0.442346544536916,0.752876048126355
USMG5,21.0454107589606,0.11097136634435,0.19537079651606,0.568003858935118,0.570032347642922,0.824987444225472
CALHM2,1.22959958602961,-0.490887958125138,0.955494429506449,-0.51375282049389,0.607424817301588,0.845039390946641
OBFC1,1.54348645816824,-0.723599018475837,0.676430033257844,-1.0697322456113,0.284739847547421,0.61201496602073
SFR1,4.98117519273451,-1.60862135222915,0.480056981180201,-3.35089669620972,0.000805503452638044,0.00878422712561067
GSTO1,19.4942383972505,-0.454514855051361,0.212816703026102,-2.13571044278237,0.0327030226967305,0.167724413434717
ITPRIP,0.558474987619854,0.0938948601622119,0.986937585210055,0.0951375867828843,0.924205543525271,NA
XPNPEP1,1.76103698604426,0.348546603637971,0.639746312748103,0.544820027396092,0.585877303061439,0.836036378287134
ADD3,5.04867479485439,0.0722467610665802,0.399998688825981,0.180617494718867,0.85666782293336,0.953586263561639
MXI1,2.21686110389182,-0.911207642074727,0.548496995126003,-1.6612810100544,0.0966570221122088,0.342438789698622
SMNDC1,3.70766760588054,0.182823244090807,0.445993615871307,0.409923455369731,0.681862098759172,0.879712496033004
DUSP5,4.35326172714899,1.67701047321893,0.422473030859913,3.96950894073759,7.20209045752663e-05,0.00101285507429832
SMC3,16.3380282256691,0.210248244465235,0.319139142198396,0.65879804970627,0.510025459865135,0.794964458004433
PDCD4-AS1,2.49305054807487,-0.738831200967105,0.53486910359104,-1.3813308639566,0.167177252557286,0.464331457504954
PDCD4,23.007396795533,-0.27523799052296,0.198567610400419,-1.38611725229473,0.165711103150883,0.462117638934899
BBIP1,2.28148257109679,-0.491201214644274,0.573759560061877,-0.856109856524745,0.391937017188507,0.711738387041705
SHOC2,8.49435028254494,0.216799109619134,0.28113815682318,0.771147936903807,0.440619249563782,0.752479888355233
ACSL5,3.12050797639588,0.253673185842639,0.447218401023086,0.567224392516766,0.570561737610411,0.825177236153167
ZDHHC6,4.39355388324217,0.162649844371735,0.413148580864641,0.393683657417727,0.693814608506267,0.884848503585342
VTI1A,2.14621164864803,-0.172231777722397,0.696661645210877,-0.247224429400391,0.804734540065342,0.935695828852631
TCF7L2,0.0553696605100213,0.179510562384738,2.95012600043697,0.0608484391372264,0.95147991290956,NA
CASP7,7.77825662305943,1.20328784740551,0.333037330395084,3.61307198198484,0.000302590657581194,0.00377691471390503
C10orf118,4.28911569335827,0.569521167676049,0.443912061387356,1.28295943547046,0.199506288041826,0.513735036020481
ABLIM1,4.6989845989794,0.333713786126514,0.377402561660081,0.884238264463831,0.376567606436205,0.698673201900966
KIAA1598,0.0718017546414379,-0.379320190118137,3.05517703608479,-0.124156533529146,0.901191337097137,NA
FAM204A,9.14081007991146,0.132642703048257,0.330912464149702,0.400839247288826,0.688538481161046,0.882514249088342
CACUL1,2.3482153932842,0.849530257506451,0.539484018519394,1.57470884835101,0.115323664475916,0.379258151694351
EIF3A,11.7415170661562,0.0488997691420593,0.254200209939608,0.192367146957419,0.847454624707962,0.951253966071503
FAM45A,1.64673692355589,-0.811445559195208,0.662714846582298,-1.22442640809985,0.220791412225621,0.539480903456943
PRDX3,13.752136086785,0.365722167160807,0.217652911320562,1.68029990934588,0.092898978702515,0.333021944414552
GRK5,4.42746842242454,-0.278422349876168,0.44936970472371,-0.619584157430802,0.535531599634052,0.808674375630276
RGS10,11.5792985911404,-0.418532358269108,0.258158291710029,-1.62122376739003,0.104969657277797,0.358984558106118
TIAL1,9.85260605713224,0.169958407805202,0.298989487306184,0.568442754748608,0.569734366013995,0.824940325912646
BAG3,0.573462817673277,0.54649262017068,1.13723731055802,0.48054404748867,0.630840590400538,NA
INPP5F,3.64057413520785,0.56701428734419,0.438868513247341,1.29199126897634,0.196360168241792,0.509311746273677
MCMBP,6.80218243329397,0.0492483566222459,0.34368547064023,0.14329484610014,0.88605732604518,0.964148897243399
SEC23IP,2.7654926085881,-0.0655912833066077,0.527481627669482,-0.124347995960358,0.901039746879917,0.971054218186121
WDR11,3.14738450789566,-0.405047878063494,0.501813221297781,-0.807168605514151,0.419569350472988,0.736029438035756
ATE1,1.35889251058326,-0.836267012104633,0.761174050203317,-1.09865412763514,0.271918958451777,0.598106244068028
NSMCE4A,10.6683652242754,-0.167998206525778,0.287617495554564,-0.584102876641268,0.559151099556937,0.819353284981176
PLEKHA1,4.28496638899752,-0.402455641649451,0.383612563057188,-1.04912007688719,0.294122856863844,0.622192455279114
BUB3,31.1425139337149,-0.188408873375529,0.154638048168733,-1.21838626138082,0.223077223444671,0.541845016044485
OAT,2.58692953926049,-0.5482628557484,0.529455011758764,-1.03552302569988,0.300424718892099,0.627710942061609
METTL10,3.4042653354734,-0.193858444957097,0.432297237465814,-0.448437852838295,0.653837228460402,0.867229805000569
FAM175B,3.95790821609839,0.226119065248488,0.439586840261882,0.514389978357357,0.606979364462237,0.845033875318757
CTBP2,0.0748231665663995,0.177134740500807,2.67339183637077,0.0662584279980723,0.947172080108877,NA
EDRF1,1.03986150391148,0.756638290720032,0.837968416328363,0.902943686153845,0.366555783323192,0.690132438455656
UROS,4.3534282612762,0.0714526796304864,0.415378062059307,0.172018424074318,0.863423044583124,0.955108388145819
BCCIP,8.34814167363126,0.57728382114357,0.316034812365014,1.82664630147396,0.0677529669360336,0.274187788069261
PTPRE,0.53569116447727,-1.39088907823732,1.16705147903352,-1.19179753697684,0.233340641793008,NA
MGMT,5.43707984137633,-0.266789787916736,0.46429134145334,-0.574617194198844,0.565550220842483,0.822162832925441
GLRX3,17.3951234274136,-0.0539332085720761,0.21673851974768,-0.248839978398225,0.803484565261907,0.934766995633167
PPP2R2D_ENSG00000175470,0.868314444561058,-1.25474298880483,0.907449949294056,-1.3827131620658,0.166752834485762,NA
BNIP3,1.12924885843662,-0.00244572323135395,0.72185911968423,-0.00338808939952689,0.997296700949428,0.999330962586761
ADAM8,2.19160528411261,-1.10198286384315,0.602490683123784,-1.82904548520087,0.067392794556595,0.273263934092495
TUBGCP2,3.97637157108088,-0.299721511038997,0.408007836539809,-0.734597437100337,0.462584699324259,0.765950298176077
ZNF511,4.56169107238345,-0.618800397535499,0.434991856390471,-1.42255628109974,0.154864825262947,0.445621996917339
FUOM,3.5305981115028,0.566690454015135,0.508170766905478,1.11515752365295,0.264782924672331,0.588238262960404
ECHS1,13.8718019802989,0.400016460079242,0.267160722111521,1.49728768854077,0.134318416951868,0.412038863679488
PAOX,3.4017765933148,0.375509679444449,0.445866512379742,0.842202024637879,0.399674880721089,0.718443915142363
BET1L,1.08596017955169,0.702413049020607,0.738861025258882,0.950670051616941,0.341771895617717,0.666971835254427
RIC8A,8.83088038958401,0.206839143182089,0.278063151839619,0.743856716769825,0.456963163259441,0.763903019961444
SIRT3,1.69218385516652,0.163655139039333,0.73085635949399,0.2239224396332,0.822817654739388,0.941391858718912
PSMD13,18.1431659080361,-0.231731616765841,0.202796647597138,-1.14267972134423,0.253171592317425,0.578125578295107
IFITM2,110.305515003394,3.05220714453148,0.164184956961966,18.5900535652516,3.86791415368227e-77,1.50268464870556e-74
IFITM1,14.8874741918287,4.23880411364674,0.404672049026546,10.4746649140788,1.12936851220857e-25,8.3573269903434e-24
IFITM3,45.5020454596817,6.11182446926172,0.667058237375184,9.16235513905235,5.07768207056498e-20,2.89567630739742e-18
SIGIRR,4.84851660300315,-0.322511432797746,0.444903432140964,-0.724902101217238,0.468512091727967,0.767616724714575
RNH1,24.6173315800708,0.04218422196081,0.187513037780424,0.224966874091216,0.822005044380261,0.941149390068634
HRAS,1.47347156611786,-1.39416476348163,0.799165011866019,-1.74452677830115,0.0810672761799386,0.307845228072906
RASSF7,3.7528131221106,-0.638280875785145,0.437570792703109,-1.45869168241816,0.144649986410756,0.43026683765299
IRF7,128.166204218127,3.69677178801677,0.14937561221826,24.7481615848727,3.24484622787627e-135,3.36166069207982e-132
DEAF1,1.44489092177453,-1.57148688004301,0.772730340522752,-2.03368082969268,0.0419837862325998,0.200901628346297
TMEM80,2.63024770903306,-0.612762154367702,0.506864841474644,-1.20892613617659,0.226691223995731,0.545744635304982
TALDO1,53.8855545220881,-0.116654678616018,0.139069430120876,-0.838823302249999,0.401568472400811,0.71996197096046
RPLP2,660.894142750477,0.144631710906818,0.0635162749752361,2.27708112547859,0.022781381580868,0.131119507320996
PNPLA2,1.48757445230203,-0.267629385023169,0.629130157107881,-0.425395893042967,0.670548099434768,0.87616138496687
CD151,1.68359735108822,-0.147537926162285,0.640711590437886,-0.23027197941191,0.817880432776493,0.939876314823765
POLR2L,20.2530637648997,-0.159126270485267,0.203194657919202,-0.783122312932762,0.433555289458126,0.747664486060718
CHID1,4.93699321395876,-0.10369700927365,0.409869974974633,-0.252999769695422,0.800268391165742,0.933821723199972
AP2A2,0.807155656330453,-0.372847501439464,0.870027528766952,-0.428546786292939,0.66825307835006,NA
TOLLIP,4.55239853485802,-0.0637414455869572,0.416611177388773,-0.152999845050905,0.878398397483285,0.960951150784249
MOB2,6.59965118350432,-0.69673137732447,0.371358416999554,-1.87616961251024,0.0606319932967133,0.256797924649954
CTSD,3.10091703602582,-0.736532582368265,0.544346136675329,-1.35305926274547,0.176036698543666,0.478462666439627
LSP1_ENSG00000130592,25.1867215465392,-1.54811514644406,0.208950818658568,-7.40899296965056,1.27262051474005e-13,4.97522586139884e-12
MRPL23,18.747654477824,-0.0186112360289262,0.200995039977077,-0.0925954990284774,0.926224919641787,0.975683415108361
ASCL2,0.932988454945361,3.10098765215984,0.969415166463257,3.19882312494992,0.00137989800219773,NA
C11orf21,0,NA,NA,NA,NA,NA
TSPAN32,0.0963074221995409,0.804503104683664,2.46351576864094,0.326567061158893,0.743995360102074,NA
CD81,1.39220394952263,-0.36996448529544,0.705893357606576,-0.52410818335202,0.600203297095196,0.841231949209411
TSSC4,15.3123414979626,-0.300893378202862,0.244201365660611,-1.23215272522694,0.217892038975485,0.537211668917664
KCNQ1OT1,1.03459486073275,0.615225170869055,0.788150039341811,0.780593973430279,0.435041337432381,0.748261470248944
CDKN1C,0.212500091686161,-0.244493628110476,1.43258163376389,-0.170666454426131,0.864486041273087,NA
PHLDA2,0.246817784431191,0.234835288521727,1.41424592803239,0.166049824763115,0.868117739905329,NA
NAP1L4,7.29028020855747,0.0273408610963203,0.316381027835127,0.0864175114525776,0.931134526878158,0.976751571751765
CARS,7.79542254397038,0.910190633494782,0.306943372451133,2.96533730709462,0.00302351219898794,0.0266583713885235
ZNF195,2.95955460110971,-0.585648522084034,0.493459937668372,-1.18682080829349,0.235298309276876,0.554580823455767
NUP98,5.56763764305312,-0.308932254335009,0.351154491106421,-0.879761649528167,0.378988444205584,0.699175598343184
RHOG,37.3362181101057,-0.615555525599077,0.147678420119925,-4.16821581040212,3.06993206947988e-05,0.000479464767434345
RRM1,3.23162919187645,-0.228557712059656,0.51795632726828,-0.441268307822547,0.659018766825354,0.87010634124605
TRIM21,7.37238185281938,2.71287479676714,0.42046939420383,6.45201490088011,1.10372723434643e-10,3.41331765606835e-09
HBB,667.575892818765,-0.608986245837901,1.23998245423021,-0.491124889517862,0.623338118684416,0.853944764451818
HBD,0.386144361277732,-0.0770008543115843,1.53602190596686,-0.0501300495861844,0.960018753728197,NA
HBG2,0.0687333223542004,0.409941838457234,2.37218920188865,0.172811611371831,0.86279950980961,NA
TRIM5,3.76910568479629,2.77479757263758,0.582231374366354,4.76579877829052,1.88106920461832e-06,3.58672582083052e-05
TRIM22,37.1300793641976,3.07702275335596,0.188650592730441,16.3106975113121,8.2841348981947e-60,1.83907794739922e-57
FAM160A2,2.20919345008018,-0.621482577900354,0.640348329278532,-0.970538298429803,0.331778244470807,0.658471764888421
PRKCDBP,0,NA,NA,NA,NA,NA
SMPD1,1.37701778654524,-1.64642928793949,0.77312241220251,-2.12958421842804,0.0332059551068525,0.16988330612691
APBB1,0.679049385847351,-1.3600381610193,0.937264515136074,-1.45107185757677,0.146759852011785,NA
ARFIP2,2.84694706418715,-0.0844926359298388,0.503673961087381,-0.167752638527169,0.866777883353349,0.956289790012189
TIMM10B_ENSG00000132286,6.24434949365919,-0.0538788090169618,0.350758098230348,-0.153606742905702,0.877919819974531,0.960765774817198
RRP8,3.66898938734918,0.303823598973424,0.429693136289726,0.707071101011415,0.479522293882015,0.776911628102744
ILK,17.5250342095483,0.167594431640269,0.209038932890693,0.801737883573605,0.422704596917184,0.73846122849691
TPP1,4.00442051379381,-0.303824116597349,0.417062891273388,-0.728485134867081,0.466316665042278,0.767249231661998
MRPL17,10.500115238593,1.09354823421658,0.265606883679878,4.1171682716423,3.83556031412749e-05,0.000587237510162967
EIF3F,66.306591501296,-0.56360131976751,0.127243515610435,-4.42931270064098,9.45338720097198e-06,0.000164049499923841
RIC3,7.48028862903816,-0.462220979122132,0.299192945456222,-1.54489263915403,0.122372234213964,0.391403049902371
RPL27A,568.663971941397,0.0229779329792947,0.0565420623121165,0.406386538440263,0.684458609149578,0.880761199649891
AKIP1,1.96048566312338,-0.330891595074086,0.604968814855803,-0.546956449569975,0.584408652376427,0.835598124627478
TMEM9B,22.6194784905828,-0.177206188426375,0.187051417390936,-0.94736618892342,0.343452213855968,0.66799091405779
NRIP3,0.201370127179644,0.903277133920557,2.0121088607235,0.448920608398775,0.653488929026104,NA
DENND5A,1.27677112390776,1.2862471140561,0.71536556144882,1.79802772648306,0.0721726140804119,0.286295449345144
TMEM41B,2.00837016324043,0.205787332659707,0.632539215684611,0.325335295515202,0.744927320579177,0.910831399230374
IPO7,2.35910105531007,-0.800482546644378,0.564443673038809,-1.41817967829243,0.156138313360554,0.446848874700369
ZNF143,3.12086870802952,-0.343816474505584,0.505963877798141,-0.679527708582297,0.496803557148487,0.787056896454839
SWAP70,15.3234346611413,-0.400280989269455,0.212737237488293,-1.88157463166966,0.059893793307154,0.255332513210404
SBF2-AS1,4.01999841666899,-0.433233984863646,0.415732550788143,-1.04209781996219,0.29736632921157,0.624258393238472
ADM,0.875734557212571,-1.06438115839941,0.96725173469974,-1.10041793693947,0.27115006680517,NA
AMPD3,1.24529360084572,-0.792105349284169,0.74341366734332,-1.06549742637212,0.286650889613076,0.614380715848739
RNF141,3.24308165972963,-0.726707522070809,0.534468421847872,-1.35968280325765,0.173930322322375,0.47585866353692
CTR9,6.57687590056608,-0.478118556012464,0.314892865299564,-1.51835309306744,0.128925409883553,0.402916213090079
EIF4G2,33.6950067032623,0.0397734591985643,0.205835970694807,0.193228904862,0.846779702486865,0.951253966071503
ZBED5,3.57843164008125,0.204515561857555,0.459356740336562,0.445221641262323,0.656159588735986,0.868730139208283
ZBED5-AS1,2.443546015235,0.594818627506834,0.529951652189159,1.12240168522868,0.261691688271727,0.585345640265224
USP47,5.83045599886213,-0.357303244643897,0.41546259791604,-0.860013022679128,0.389781863967826,0.710284722505106
DKK3,0.0332651204230916,-0.379320188502241,3.05517703609203,-0.124156532999947,0.901191337516134,NA
ARNTL,0.870760630939208,-0.251709664964785,0.980041768177971,-0.256835650415948,0.797305647904922,NA
BTBD10,2.3709937650831,0.249519800822837,0.556532797162467,0.448346983493222,0.653902797489898,0.867229805000569
FAR1,1.29885963696103,0.354622337419745,0.741670997130742,0.478139685644512,0.632550787577767,0.85923409545606
RRAS2_ENSG00000133818,7.16511104149336,-0.736561252025281,0.365028981614532,-2.01781581497297,0.0436104471815824,0.205365560364179
COPB1,10.230485308903,0.156433351905251,0.271066701732581,0.577102797596951,0.563870014591922,0.822001878682783
PSMA1_ENSG00000129084,41.802618650943,0.404202679546699,0.141726915404212,2.85198247907883,0.00434474953326106,0.0360092841316677
PDE3B_ENSG00000152270,1.19202924504222,-0.39911381197228,0.693938912907827,-0.575142573140717,0.565194877318207,0.822162832925441
C11orf58,56.595835849005,0.253058838830481,0.114679450231833,2.20666246933435,0.0273376491084884,0.149600151077234
RPS13,659.517366521103,0.0235007949752988,0.0605807347509729,0.387925221968711,0.698071372458807,0.886360072889301
NUCB2,2.84477635886299,-0.914152757682778,0.498768199651003,-1.83282085410102,0.0668292168142479,0.272579010313232
SERGEF,1.90542902918301,-1.01777731256537,0.590697600307752,-1.72300905240704,0.0848868880341615,0.316187827723463
SAAL1,4.3861753485456,-0.218973837791157,0.405650814699473,-0.539808697175632,0.589328968560344,0.837080717101646
HPS5,3.47086940598766,1.61228406224796,0.475399069207728,3.39143293850975,0.00069528175929768,0.00788662667115762
GTF2H1,5.00916642489858,-0.118214294950476,0.348632580661322,-0.339079883831381,0.734549552088554,0.907565099539347
LDHA,65.8653246718587,-0.327238768938007,0.13469842558814,-2.42941792013656,0.015123088768759,0.0958258101800264
TSG101,19.7927131551944,0.364815275434127,0.194621189265207,1.87448898453189,0.0608630589200314,0.257224230834041
SPTY2D1,2.48719481365963,-0.0860832142535476,0.523167866923323,-0.164542242932065,0.869304294841209,0.9563393125385
ZDHHC13,2.80189457831811,0.361442900601186,0.490917353375886,0.736260183339732,0.46157237254463,0.765950298176077
HTATIP2,19.5948526870184,-0.0543413422664308,0.195243458455023,-0.278326058636935,0.780762074185299,0.925806879358156
FANCF,8.59279109278436,0.460800786331739,0.281584405654426,1.63645705187686,0.101743967236911,0.353219773000426
SVIP,11.1602176577379,-0.24513848573563,0.262579984651617,-0.933576434094445,0.350522426107898,0.675402170082671
LIN7C,2.07996280783303,0.410505265396517,0.569042041432711,0.721397077029605,0.47066524447153,0.769099673931396
ARL14EP,10.4566159482773,-0.159733272979864,0.303852391700701,-0.525693650413005,0.599101076216732,0.840065934979293
IMMP1L,1.85346705716944,0.420847230715222,0.649130120204583,0.648324916093227,0.516774821972755,0.798271731090971
RCN1,2.45850500832058,0.421091112954078,0.518805077261962,0.811655728537628,0.416989204246245,0.733447904242971
EIF3M,33.8800905924356,0.1417764042556,0.177303004067104,0.799627761534944,0.42392649795495,0.739528394975832
PRRG4,0.732703773921503,0.880636936463158,0.922773821618205,0.954336713755973,0.339913229670502,NA
CSTF3,4.02563361876015,0.701427284718737,0.477091572211729,1.4702152072547,0.14150347730382,0.425503673287179
HIPK3,1.00933508153107,-0.206281210752899,0.884445663328803,-0.233232203295017,0.815581100680812,0.939644208060827
CD59,14.4039032949996,0.318773301951128,0.228716720649759,1.39374725663051,0.163393940399108,0.459542366443882
FBXO3,3.19068032020659,-1.0201337052751,0.564919496822574,-1.80580367824603,0.0709490107284037,0.28349154687651
LMO2,0.628528445186013,2.93666461938264,1.08160401753045,2.71510143433798,0.00662554738227498,NA
CAPRIN1,4.05506166108743,0.530414096836763,0.445244636423427,1.19128688690668,0.233540979963657,0.55386903145902
CAT,10.6020133364929,-0.720743289231139,0.266556747668998,-2.70390187280547,0.00685305235379232,0.0521402367578618
APIP,5.39180345969,0.340125047829709,0.382123625679703,0.890091648284534,0.373416677094733,0.696417061152374
PDHX,2.47275639539344,0.619349966733438,0.569035924688573,1.08841979892992,0.276409824584355,0.602195637788977
CD44,44.7188570130293,-0.784568336643738,0.146078307083221,-5.3708750622142,7.83554835871983e-08,1.78409408783159e-06
TRIM44,8.41702941314698,1.03808460860832,0.3234901581364,3.20901450167337,0.00133190774168138,0.0134183768594675
COMMD9,4.49801378681383,-0.369430103924435,0.432872098430839,-0.853439399914244,0.39341568005047,0.713589689872694
PRR5L,0.187412976484472,-0.784399320863595,1.82723409789872,-0.429282335397329,0.667717770458396,NA
TRAF6,1.99547560728497,0.878628810992708,0.574036554873988,1.5306147379161,0.125864637115011,0.398182742040918
API5,9.93154374892561,0.300014791537929,0.275138957972884,1.09041189131601,0.275531746036334,0.602005389582373
TTC17,5.57253862062288,0.193464404704697,0.33098359147454,0.584513582207529,0.558874829967248,0.819353284981176
HSD17B12,4.11906566556315,-0.0419297665124635,0.397592827582167,-0.105459061642148,0.916011552869166,0.974987639149784
ALKBH3,1.80707757756346,-0.747446421494358,0.590841563739526,-1.26505389492854,0.205852008688101,0.520152880489934
EXT2,1.90039774492701,0.491326202501304,0.724300441670476,0.678345855164941,0.497552430753016,0.787318138709254
CD82,20.1834209649427,-1.34180742206907,0.260116604185401,-5.15848431233815,2.48956962922456e-07,5.44900169551404e-06
PEX16,8.80274767678414,-0.0114477511833781,0.287227228271027,-0.0398560792870795,0.968207866910077,0.98877738329148
DGKZ,0.866721015770972,-0.0649512694679352,0.80730665089966,-0.0804542727296421,0.93587596336136,NA
MDK,2.3404503129046,1.6425485668403,0.604756637485244,2.71604884515282,0.00660661701206806,0.0506483679952714
ATG13,0.700925923426442,0.0206023359295772,0.940306301351975,0.0219102391422402,0.982519557082195,NA
ARHGAP1,0.808203859730046,-1.19060649768506,0.912722338281951,-1.30445640229008,0.192078015188945,NA
C11orf49,2.48158453649494,0.113979079586668,0.539654684701802,0.211207431006829,0.832725412442887,0.946987117233853
ARFGAP2,7.11098444294437,-0.189667340172187,0.296390158372588,-0.639924554896183,0.522221649282372,0.801909528641113
DDB2,1.97919585600723,-0.840140848866296,0.610893615665237,-1.37526539371576,0.169049181151971,0.467234197439152
ACP2,0.488532434876434,-0.574727545620543,1.11282949610147,-0.516456067739002,0.605535915008134,NA
SPI1,12.1887959913514,-2.36305920906885,0.305016450696472,-7.74731724689951,9.38542672137988e-15,3.99587756849982e-13
SLC39A13,0.885336570088345,-0.686498556320663,0.91343318561302,-0.751558589214101,0.452316554454664,NA
PSMC3,22.0079246084677,0.0924603191520636,0.225226777733603,0.410520987257674,0.6814238112315,0.879712496033004
CELF1,4.32458004497773,0.0561304270098532,0.410020262691088,0.136896714912214,0.891112435510727,0.967537973647979
NDUFS3,11.2642195691951,-0.436999722152051,0.259588826813691,-1.68343039843425,0.092291802686663,0.332186361030861
PTPMT1,7.91568588445671,-0.615913609139712,0.291150312357509,-2.11544890387554,0.0343917054744867,0.173910140254273
KBTBD4_ENSG00000123444,3.67955860079881,0.126578484486369,0.433249501107962,0.292160716083148,0.770163745904587,0.921422364125998
MTCH2,11.1320563368967,0.0297048822901485,0.256316328293457,0.115891494263835,0.907738536866933,0.973348757144188
FNBP4,8.18315876075694,-0.143228715524049,0.326970318239255,-0.438048065938646,0.661351440510631,0.870597321942839
NUP160,1.42651672505492,0.740974111295032,0.671206400744724,1.10394375034698,0.269617538871593,0.595220998982152
SSRP1,13.5125203267746,-0.312229365711473,0.247732632201451,-1.26034815412438,0.207543795859724,0.52256551476261
SLC43A3,3.8595540238155,0.125334873618059,0.442176685027378,0.283449756312454,0.77683209153115,0.923816391994954
TIMM10,10.696270989946,-0.499207735885107,0.320436975714058,-1.55789679007137,0.11925771626879,0.385494521230786
UBE2L6,139.96782959564,2.74907959065029,0.115750162525474,23.7501143036863,1.09575439325064e-124,6.81120930844598e-122
SERPING1,0.0224953582478284,0.35274060894598,3.05510878660049,0.115459263019725,0.9080811078806,NA
YPEL4,0.4714040422649,-1.58514511709709,1.16855884412756,-1.35649575976685,0.174941483587776,NA
CLP1,4.07402303036815,-0.0305326971516555,0.394045202146238,-0.0774852656125583,0.938237512369343,0.978537647128832
MED19,8.09576173338704,-0.374128725632967,0.313424304642686,-1.19368128154415,0.232602665333355,0.553423629691435
TMX2,12.3161207755373,-0.138232741693613,0.246576498853751,-0.56060793439849,0.575064841368125,0.828413222235056
C11orf31,47.6371737828225,-0.66521330700156,0.149947902553451,-4.43629617803048,9.1519907565222e-06,0.000159799928490286
LPXN,20.6926877457182,-0.698713599233149,0.191201749302795,-3.65432639492558,0.000257858068210417,0.00325781656909746
FAM111A,1.65760200932947,0.921115192781325,0.663040729106053,1.38922867381499,0.164763225080971,0.460714443141393
MPEG1,1.69934211448926,2.1594095872454,0.673030278299888,3.20848802330288,0.00133434866571884,0.0134212157056769
PATL1,1.00883056333498,-0.838932819740585,0.815910216650985,-1.02821707906061,0.303847726265194,0.631889416682651
STX3,1.77388538905668,-0.543948727863365,0.634740369179527,-0.856962553943874,0.391465579818023,0.711351144285198
MRPL16,13.1959629956137,-0.263206381673165,0.23249266498406,-1.13210617501077,0.257589799102151,0.581470554142947
MS4A6A,0.0581379860964978,0.442042704943031,3.05417699194027,0.144733820636311,0.884921035293415,NA
MS4A4A,0.824453352201454,1.58554896587599,1.14256939026934,1.38770474631937,0.16522697015634,NA
MS4A7,3.68867634652772,0.187838023901166,0.491705618834985,0.382013173545215,0.70245159328281,0.888418506015909
MS4A1,95.6593983500297,-0.275702457211887,0.146886204914684,-1.87697992042224,0.0605208459684427,0.256797924649954
MS4A12,1.94405625466611,4.58301483651126,0.895343475797337,5.11872254659577,3.07612106297367e-07,6.61632128977312e-06
PRPF19,7.93474759844651,-0.0869592592869787,0.297320252342118,-0.292476743854358,0.769922138620034,0.921422364125998
TMEM109,14.8928400688709,-0.138183999331624,0.221425135003427,-0.624066456274196,0.532583942015598,0.808162830382025
SLC15A3,0.206970786002956,-1.59471091370565,2.04543146513881,-0.779645243991313,0.435599717015443,NA
CD6,2.17283963006108,-0.954773825363553,0.600441667297208,-1.59011920285498,0.111807938258763,0.372253960480165
CD5,1.76472409431197,-1.98017765101814,0.888087906215627,-2.22970906050977,0.0257667639886714,0.143261364001415
VPS37C,0.312750465448501,-0.657323596055281,1.37257270269412,-0.478898928096902,0.632010533562114,NA
DDB1,5.68567297158731,-0.611311492049454,0.350482295444418,-1.74420077703012,0.0811240859001865,0.307845228072906
CYB561A3,8.47463182969232,-1.64906416516044,0.333286994295916,-4.94788033551733,7.50260070212405e-07,1.53408440672379e-05
TMEM138,5.34091614636811,-0.768784544352175,0.372010920172822,-2.06656445459995,0.0387752130916832,0.189934377129947
TMEM216,6.59617259043167,-0.311476054392232,0.326913699167919,-0.952777614352104,0.340702758724824,0.665992196910221
CPSF7,4.17207403444837,-0.466085330970058,0.43646249317974,-1.06787029413343,0.285579023993039,0.612757753931906
SDHAF2,8.91854347148793,-0.322546107103386,0.268468050434354,-1.20143200124387,0.229583668859032,0.549304113020687
TMEM258,22.6634190078345,0.0650241668703048,0.17334368367967,0.375117024687591,0.707573436112022,0.889691184008721
FEN1,3.86848997821606,0.0388943802231061,0.480706283500034,0.0809109045546797,0.935512807820258,0.978316088810994
FADS3,3.5915865795249,-1.32811168029677,0.459944377948579,-2.88754846014283,0.00388256792991111,0.0329250235365995
BEST1,5.42762581366966,-1.28879035274882,0.373792383705731,-3.44787750882433,0.000565010212657082,0.00654022994762835
FTH1,3066.9324763302,-0.843985061520159,0.1290244708374,-6.54127899957651,6.09949189755524e-11,1.91487078965674e-09
AHNAK,1.13939596755865,-1.57217045934467,0.78418979032927,-2.0048341342018,0.0449807820603759,0.20943860770584
EML3,1.34207665355039,-1.06315030721575,0.719925730894136,-1.47674997793916,0.139742669801564,0.422490484186051
B3GAT3,3.53823866256978,-0.550715016281995,0.426276689595566,-1.29191914482702,0.196385146941485,0.509311746273677
GANAB,1.75252057511075,-0.0353904455301922,0.647191773201654,-0.0546830893030606,0.956390941983846,0.983770659502165
C11orf48,18.3968159725999,0.127836966610758,0.198527423333477,0.643925984955858,0.519623430721801,0.799200535587556
METTL12,2.87524869149385,-0.439028144654366,0.487959076310715,-0.899723288218557,0.368267526876783,0.691377513460008
C11orf83,5.55222151534969,-0.268274675774971,0.369292274692502,-0.726456235777894,0.467559127288202,0.767616724714575
UBXN1,54.4357509275599,-0.247145246995957,0.137614165318095,-1.79592883061624,0.0725058365345768,0.286661750997249
HNRNPUL2,1.43413972225244,-0.910960928714877,0.732593656558376,-1.24347367815665,0.213693334672446,0.531327107329571
TTC9C,6.52624552683641,-0.159887403565356,0.333928099110987,-0.478807875081557,0.632075313780185,0.858825003305052
POLR2G,17.6552535389673,-0.4331245672033,0.213245113265026,-2.03111133742607,0.0422437016304249,0.201009371610503
TMEM223,7.09006112614953,-0.564510737079524,0.317721848124588,-1.77674510082216,0.0756101881646522,0.293378857447864
TMEM179B,21.2770430794552,0.35360037755571,0.210311641426304,1.68131623697881,0.0927015056985899,0.332743731879523
NXF1,3.41040584977837,-0.289668769222265,0.441945695979466,-0.655439733563382,0.51218467644604,0.796832355107668
STX5,12.6338424106232,0.041073988439729,0.253260195757164,0.162180986699988,0.871163331990064,0.957247882561471
WDR74,16.2495355971065,-0.220467087521602,0.280705033026007,-0.785404825645488,0.432216252330956,0.747664486060718
SLC3A2,62.0258408623932,0.312418963699768,0.154820340446674,2.01794520538066,0.0435969683284462,0.205365560364179
RARRES3,15.8310806059051,1.70753426979616,0.240579945634207,7.0975752583817,1.26964672251133e-12,4.56192140296557e-11
HRASLS2,0.572409377620642,2.51038709360617,1.1217411809009,2.23793789186737,0.0252251055970718,NA
PLA2G16,0.471999354635315,0.874898505778393,1.20764201568806,0.724468422274885,0.468778206788996,NA
ATL3,2.73456632935006,0.730926886255464,0.652255728612496,1.1206139772974,0.262452212802189,0.586030252940374
RTN3,4.26907561417869,-1.05663388572875,0.403267708098861,-2.62017975778441,0.00878834286748882,0.0632272445188779
MARK2,0.63396443269225,-0.32466580800769,1.0170726277325,-0.319215952877931,0.749562760645549,NA
COX8A,22.3671049080709,0.138797483580989,0.182422097362135,0.760858939722938,0.446741325720023,0.756057772863198
OTUB1,12.4220377488142,-0.355785317366368,0.245443526479366,-1.44956081127802,0.147181030884946,0.434414666657561
STIP1,11.8835917573698,0.274476516463317,0.265247096227547,1.03479555617021,0.300764398683783,0.627998489156331
FERMT3,4.22076758023963,-1.491131883907,0.448472584978159,-3.32491200990496,0.000884464436864287,0.00954484538116043
TRPT1,3.71867006749593,-0.0716734879646274,0.4196836332956,-0.17077980239974,0.864396911097063,0.955880585008201
NUDT22,6.47259479088712,-0.161097773110426,0.329339582702947,-0.489153996577844,0.624732675816279,0.854796018682367
DNAJC4,3.52370321198236,0.0141537023345457,0.444254925745559,0.0318594156514813,0.974584163815227,0.991161823930352
FKBP2,16.2921020905513,-0.704675533817416,0.244684437499262,-2.87993605567801,0.00397755834274723,0.0334847011123475
PPP1R14B,2.337819156088,-0.199123882693991,0.600786453954591,-0.331438702359692,0.740313135061854,0.910316250081378
BAD,2.90502543480384,-1.53450521726539,0.514453203948814,-2.98278872691803,0.00285635092317186,0.0253643961977661
GPR137,6.16235117880935,0.161746081417522,0.354468566071723,0.456305853040842,0.648170055624307,0.864947395773462
TRMT112,64.6964217946899,0.140399418002455,0.111957179488158,1.25404568643412,0.209825400108823,0.525842608290671
PRDX5,40.3899518146529,-1.13585707317543,0.165550838805196,-6.86107712514824,6.83432505639207e-12,2.29633321894774e-10
RASGRP2,8.95155379219756,-1.01940768798197,0.328789333283104,-3.10048892950007,0.00193201435783868,0.018391119828982
SF1,26.605488396998,-0.147111658983595,0.162013018118638,-0.908023692737266,0.363865704070056,0.688520309436673
EHD1,3.99383348604569,-0.504170798733743,0.423386119275537,-1.19080615962667,0.233729690231594,0.554105169519294
BATF2,0.134370886419007,1.03935657466516,1.93345608137885,0.537564098132471,0.590878021730245,NA
ARL2,16.2031658579986,-0.262771306512496,0.214068394275577,-1.22751098966166,0.219630593872471,0.538855167874784
SAC3D1,1.12070704874522,-1.91630351958971,0.875928782781618,-2.1877389546491,0.028688622799913,0.154130059917251
NAALADL1,1.50418738091974,-2.17041783646112,0.823597612761173,-2.63528913007,0.00840656414775097,0.0609745656270946
ZFPL1,3.78551404048635,0.163443788337269,0.445106605750926,0.367201443936173,0.713468762337876,0.892697630171545
VPS51,7.78611282224868,-0.564313858706341,0.330554347172815,-1.7071742166843,0.0877896758166084,0.323723092788951
ZNHIT2,4.20963677519241,-1.10443208346184,0.44313965976534,-2.49228896381489,0.0126922730618533,0.0831350572734249
FAU,413.737838522534,-0.0137771127892405,0.057990265835596,-0.237576299931078,0.81220973417995,0.938961568850194
MRPL49,5.86046717408534,0.311233220776294,0.353657285093454,0.880041876400344,0.378836624355179,0.699175598343184
CAPN1,3.18206425367436,-0.664106988050226,0.468996945083029,-1.41601559458486,0.156770938664242,0.448246621314134
CDC42EP2,0.0224953582478284,0.35274060894598,3.05510878660049,0.115459263019725,0.9080811078806,NA
DPF2,5.46036892323637,-0.21690259933068,0.337884646370227,-0.641942750760612,0.520910355133317,0.800489188506477
SLC25A45,0.902492747696832,-0.0529934791876874,0.835877018180611,-0.0633986555857633,0.949449057786594,NA
FRMD8,1.91344970223415,-0.0873957438034581,0.706023954895969,-0.123785805279561,0.901484871112921,0.971166370682481
NEAT1,32.9864085197779,0.0963386338950351,0.162027892235637,0.594580553790888,0.552123881932293,0.817727436285712
MALAT1,11050.0954733129,0.048272156867664,0.0446993960077352,1.07992861602225,0.280173969187679,0.607027323970237
SCYL1,3.06844120353486,-0.28242238350501,0.531251892918033,-0.531616710020053,0.594991489017879,0.838934318389553
LTBP3,2.27622924039182,-1.31530414384165,0.646141390641416,-2.03562898599634,0.0417876248765155,0.200117007883221
SSSCA1,9.13276896583963,0.403246707961379,0.299263304843378,1.34746459534162,0.177830648695493,0.481443951346334
FAM89B,0.728802055182952,-1.32546486313884,0.906926195654696,-1.46149143060313,0.143880625565913,NA
EHBP1L1,0.540321588940675,1.33759249435842,1.19505897092443,1.11926902931304,0.263025384202004,NA
MAP3K11,1.692571619361,0.540498076832597,0.611202002918618,0.884319871747156,0.376523564052929,0.698673201900966
SIPA1,4.63148776921742,-1.0136678497991,0.368002271557127,-2.75451519771866,0.00587791600165432,0.0460745597304959
RELA,4.177171881365,-0.234836432586648,0.434673877271027,-0.540258904126008,0.589018495307572,0.837054965445428
KAT5,10.3688597197359,-0.181885533600759,0.248563848639358,-0.731745724876738,0.464323782043138,0.766952017371318
RNASEH2C,23.8354028692483,0.290620942583821,0.193491431566623,1.50198352573434,0.133101363504335,0.409583205714329
AP5B1,1.20652412333511,-0.174680455066493,0.877299043481421,-0.199111644272746,0.842175412787936,0.94949602575558
CFL1,143.183389920824,0.0117462120962865,0.0788203043951321,0.149025205959645,0.881533743568593,0.961673174802101
MUS81,2.70683263379518,-0.321379858990157,0.470711218497372,-0.68275376995705,0.494762446559455,0.786357291693575
CTSW,0.399295276605126,-0.543771243276897,1.07236128067789,-0.507078400791527,0.612099809488576,NA
FIBP,17.6345891066941,0.453431217883635,0.211097241019694,2.14797320748182,0.0317158839411095,0.165113848055223
CCDC85B,20.4641607408556,0.640826055507604,0.193074732087284,3.31905707484241,0.000903219664423182,0.00969674168230484
DRAP1,87.0642917765848,1.88950261901324,0.129806908484689,14.5562562198768,5.32977775503047e-48,7.88807107744509e-46
SART1,3.4749566311767,0.213550996831261,0.473094928245477,0.451391431362914,0.651707457892663,0.86671722544011
EIF1AD,4.32321444793023,0.00383099497549167,0.411374465224425,0.00931267081295791,0.992569671138906,0.99786722882087
BANF1,28.0959294373459,0.241161980757316,0.166650300264907,1.44711398883749,0.147865000714409,0.435812633684575
CST6,0.0166851804699018,-0.233443170298403,3.0558605060609,-0.0763919589377195,0.939107266751526,NA
CATSPER1,0,NA,NA,NA,NA,NA
SF3B2,22.960819648197,-0.41296549635692,0.179555780608356,-2.29992871829436,0.0214522587735419,0.125680716810873
PACS1,1.67863491947916,-1.99955493244579,0.77931136151419,-2.56579722969865,0.0102938984697878,0.0711756094418252
RAB1B,2.36394304843905,-0.402017837921678,0.642447426866824,-0.625759900514029,0.531472437184361,0.807765711025472
YIF1A,20.0040472968186,-0.177269420215348,0.187797716510441,-0.943938102705802,0.345201279550544,0.669662963302388
BRMS1,9.83766635137222,-0.317421396036863,0.258641126637269,-1.22726574912439,0.219722724465288,0.538855167874784
MRPL11,11.1719183845412,-0.175961093232138,0.260984675240632,-0.674220021041078,0.500171442805565,0.789303297405278
DPP3,2.57552994884102,0.45311993537086,0.570426986203572,0.794352206908305,0.42699041912317,0.742010747908757
ZDHHC24,3.30514692177482,0.313979549169035,0.451723745858059,0.695069834269225,0.487011538208697,0.781229347485228
CCS,4.33997628691893,-0.763343844381296,0.405269252723348,-1.88354739287953,0.0596262234856727,0.254383394088498
RBM14,6.46318916795831,-0.46192210579396,0.333233826395091,-1.38618012100096,0.165691910007872,0.462117638934899
RBM4,6.79839438838104,-0.046813764246857,0.31050252853609,-0.150767739211553,0.880158935694012,0.961064229109702
RBM4B,4.35296526608772,-0.85156180634478,0.417899301965522,-2.03772009749621,0.0415779331154195,0.199266331723552
RCE1,4.36933051534088,-0.819279230797607,0.403143957963385,-2.03222500204757,0.0421308829028045,0.201009371610503
KDM2A,1.50293101787856,0.0431176452430486,0.612660098763799,0.0703777597562655,0.943892992491602,0.980979575543856
ADRBK1,0.83104065057118,-1.12781462071512,0.819916642210366,-1.37552351379856,0.168969200991327,NA
ANKRD13D,1.13179993740588,0.0818759737612018,0.903698266596399,0.0906010078668973,0.927809631065882,0.975683415108361
POLD4,23.4054797165245,-0.560667376245081,0.208417353430964,-2.6901184906889,0.00714266528181667,0.053751582798756
RAD9A,7.59555285049004,0.650260086929091,0.307422192896941,2.1152021615664,0.0344127208032103,0.173910140254273
PPP1CA,52.4034649863375,-0.511939955194836,0.128556549645784,-3.98221604893256,6.82756717084424e-05,0.00096895336835543
TBC1D10C,6.23597747241095,-1.36378957189485,0.368055937403619,-3.70538669071731,0.000211068472158586,0.00273904305414984
RPS6KB2,6.70976333473878,-0.244115154636913,0.31650438592267,-0.771285219082417,0.440537891524888,0.752479888355233
PTPRCAP,46.8851086915235,-0.773021138429201,0.159501682624881,-4.84647638637898,1.2567353842301e-06,2.45656199634412e-05
CORO1B,1.81437596760389,-1.79460735599429,0.690329622093382,-2.59963834458132,0.00933220537662857,0.0659193052512764
TMEM134,10.9360883289625,-0.356974485826068,0.269342324875587,-1.32535607239211,0.185053079350373,0.492840591791738
AIP,11.0292754180609,-0.190476571696857,0.262093905523382,-0.726749335573027,0.467379524803513,0.767616724714575
PITPNM1,0.343519351735687,-0.317994453171503,1.42741728334021,-0.22277609840017,0.82370977126698,NA
CDK2AP2,16.2965812117668,-0.559362519098133,0.222381204584221,-2.51533181567191,0.011892040117924,0.0793142933186864
GSTP1,124.676397554779,-1.35241466133045,0.141462585125397,-9.56022866492668,1.17496810116754e-21,6.91048531019939e-20
NDUFV1,7.12563476186509,-0.680011973838783,0.314904417876081,-2.1594234162392,0.0308173328612766,0.162463042240267
UNC93B1,9.131026757447,2.87008786143768,0.375916236209276,7.63491327317894,2.25972489486604e-14,9.12107139382292e-13
NDUFS8,13.7263692617128,-0.413436053659545,0.242337588438495,-1.7060335390953,0.08800183526227,0.324063630325989
TCIRG1,3.75260567677806,1.18392464535198,0.481510033931572,2.45877460888016,0.0139412111565459,0.0894309272952415
CHKA,0.926151843980171,0.494319737747766,0.794348108924536,0.622296109468962,0.533747178943803,NA
SUV420H1,2.98664631881606,-0.738192427304283,0.527943802779565,-1.39824053889407,0.16204084694944,0.456800863781278
PPP6R3,2.72199668347094,-0.497760692512643,0.54454356353539,-0.914087918477974,0.360670650289374,0.685024132035705
MRPL21,14.5533827663672,0.0673961150934402,0.211016221483257,0.31938831346569,0.749432071647111,0.911816354934124
ORAOV1,1.25424276197075,-0.0275747752025981,0.760932281275067,-0.0362381461283151,0.971092469740901,0.989849978014071
FADD,5.33184930627594,-0.13380469317795,0.348294669442399,-0.384170947526024,0.700851749731133,0.88733902427508
PPFIA1,0.753315539145949,-0.79013051664608,0.923381689756684,-0.855692207687466,0.392168051523143,NA
RP11-660L16.2,1.80863094596718,-1.58181073760916,0.649096258877561,-2.43694323603788,0.0148120043048074,0.0939504273047783
NADSYN1,1.14604191356517,0.506112305933084,0.82474808568648,0.613656842273021,0.539442113051885,0.811556488592928
RNF121,2.46346991193194,-0.18255798061312,0.501133248509339,-0.364290298351093,0.715641243693024,0.893894025538726
NUMA1,1.10071011923654,-0.79603051359396,0.741619819206111,-1.07336736826437,0.283106319556842,0.610401970990403
LAMTOR1,27.9029829483604,-0.1540545285149,0.171486880138723,-0.898345858238711,0.369001191317374,0.692127762591671
ANAPC15,3.03802184232515,-0.721814165103532,0.510285802836601,-1.41452919342666,0.157206582017863,0.448787298529626
ARAP1,0.860686345522508,-1.15178772092091,0.93046820814242,-1.2378582210996,0.215768635957507,NA
STARD10,0.660864348091254,-1.67213522534875,1.03278649731765,-1.61905217553832,0.105436037483322,NA
ATG16L2,1.56292363462564,0.374313091928729,0.785195221512085,0.476713410466123,0.633566212130017,0.85923409545606
P2RY6,0.221028259959364,-0.600151287487734,1.44199694435705,-0.416194562572617,0.677267638242531,NA
RELT,0.699356646209371,0.423108341695368,0.922854122696436,0.458478031673209,0.646609041890819,NA
RAB6A,9.31125792913478,-0.20490981502625,0.271659732639483,-0.754288510245219,0.450676000012082,0.759393335883736
MRPL48,5.61599787837787,-0.314961700060109,0.344251763911705,-0.91491673559265,0.360235343558593,0.684987120085719
COA4,10.5059306479213,-0.140434222503753,0.257187782039189,-0.546037690399906,0.585040029365043,0.835617836059997
PAAF1,4.34429676562531,0.308289400429387,0.494705740870849,0.623177325346363,0.533168000426182,0.808162830382025
UCP2,18.5801592381495,-2.06869661040252,0.269152404633032,-7.68596741025973,1.51845160613724e-14,6.29246345583271e-13
PPME1,0.952484420673845,0.561955225189975,0.789726966543918,0.711581659227441,0.476723867680684,NA
PGM2L1,2.63327925265614,-0.507385502834876,0.507351779600469,-1.00006646913594,0.317278341762013,0.645437590813405
KCNE3,0,NA,NA,NA,NA,NA
POLD3,2.26703335581829,-0.56324462323976,0.587634740037218,-0.958494426663894,0.337813500529772,0.664707486101843
XRRA1,1.5479469231017,-0.920544707207736,0.7243240561416,-1.27090174543061,0.203763605403578,0.518458686528303
SPCS2,52.7561911514647,-0.194803595406084,0.132558264779015,-1.46956959440316,0.141678360247283,0.425503673287179
ARRB1,0.0581379860964978,0.442042704943031,3.05417699194027,0.144733820636311,0.884921035293415,NA
RPS3,1018.16465594724,-0.251084545018465,0.0632735462208401,-3.96823886150017,7.24057414203779e-05,0.00101596859744711
DGAT2,1.55451524219105,-0.672450890649902,0.68172882784459,-0.986390575232058,0.323941488175265,0.650604294183342
UVRAG,4.14166336509815,0.969870225482508,0.412943509448755,2.34867531100611,0.0188403277492679,0.113480113652567
AP001189.4,0.422896326517831,1.25928384089524,1.27156478896065,0.990341862111921,0.322007051694947,NA
ACER3_ENSG00000078124,0.817709490053515,-0.620069911347796,0.998231558104526,-0.621168411590998,0.534488820961234,NA
PAK1,1.5377571091973,-0.144375336363817,0.700751146939479,-0.206029397160996,0.836767948270786,0.947277648674883
CLNS1A,18.4539904770646,-0.24406038275577,0.20518020136294,-1.1894928513305,0.234245782417409,0.554227320122181
RSF1,11.3616541314305,-0.168733270172195,0.23746284446974,-0.710567038599155,0.477352574673308,0.774732011532449
AAMDC,1.36742522919856,0.476681395994299,0.73518009655196,0.648387243112216,0.516734519175888,0.798271731090971
INTS4,2.41452607913996,-0.665007949787642,0.628399100355549,-1.05825732311103,0.289938143776083,0.617422234228206
NDUFC2,36.3184035116348,0.179545692234958,0.14775834422656,1.21513064574991,0.224316266911342,0.543394355074396
ALG8,3.59940720952695,-0.825092507177257,0.443789052711208,-1.85919977551627,0.0629988266375229,0.262333123074626
NARS2,2.36718920116969,0.214002467362433,0.53336782969394,0.401228674562606,0.688251771045729,0.882514249088342
PRCP,4.2579546978805,1.46096371199703,0.451995020797097,3.23225620808967,0.00122816884098365,0.0126815573348079
RAB30,5.94225691073868,0.375149059359715,0.361110590941897,1.03887581469489,0.298862495747432,0.62582696445489
RAB30-AS1,4.77891893658325,0.752920241734764,0.375793461745024,2.00354800809606,0.045118500029353,0.209922601932978
PCF11,8.08044100592269,0.409900385899886,0.287822506418955,1.42414292405346,0.154405103049758,0.444961576521695
CCDC90B,16.646786114193,0.252256584467045,0.225894514037797,1.11670079966987,0.264122275831393,0.587610617955598
TMEM126B,12.9158761265668,1.10748807655153,0.259015421634974,4.27576114796863,1.90485364423302e-05,0.000310776122114238
TMEM126A,9.54167762158281,-0.12165037896062,0.268612117096636,-0.452884926694707,0.65063160542561,0.865837306642174
CREBZF,2.81240791141777,-0.373798228899786,0.498284672971106,-0.750170031662726,0.453152305486941,0.760192362665951
SYTL2,0.36830627766714,-0.398482120683393,1.48036571142916,-0.269178161590013,0.787792584786033,NA
PICALM,1.20672141533273,-0.996383518245264,0.839510365729273,-1.18686267486372,0.235281792120031,0.554580823455767
EED,8.30657147360385,0.127114988414885,0.289379330028665,0.439267685091033,0.660467586281167,0.870355420038951
C11orf73,14.4785857083086,0.0990434362450259,0.254394641826908,0.38932988341954,0.697032132950462,0.885839482573623
PRSS23,0,NA,NA,NA,NA,NA
CTSC,7.21286823324767,0.324902219665896,0.341126712377713,0.952438515885404,0.340874633835352,0.665992196910221
CHORDC1,16.4347284474209,0.784855701910788,0.248666152042524,3.15626270589722,0.00159804857893033,0.0156432597899699
SLC36A4,3.10807092025886,-1.23492860663752,0.562461088347797,-2.19558051609413,0.0281219820802656,0.152464981697381
SMCO4,1.3715453931396,0.184488245084326,0.647987970665724,0.284709367204438,0.775866813549017,0.923728809235911
TAF1D,14.6297189099285,-0.331767364802568,0.231021666620652,-1.4360876607619,0.15097739879095,0.439398772811175
MED17,5.70281516332438,-0.0205622590210752,0.358113685394355,-0.0574182441490111,0.954212030247362,0.982993367586609
PANX1,0.941956099080003,0.945390712005209,0.950439981040231,0.994687440411023,0.319888304826129,NA
MRE11A,1.81961076156192,0.580705245075254,0.637692051753754,0.910635852333777,0.362487273489762,0.687352574766202
ANKRD49,3.55687168220576,0.322538600161524,0.409970886566867,0.786735377388602,0.431436789895667,0.747230728891465
FUT4,0.337825669273357,1.52504418139199,1.3114542246456,1.16286497289229,0.244884290807457,NA
CWC15_ENSG00000150316,21.5339502388089,0.0420927306138706,0.206906720426907,0.203438199237905,0.838792545340027,0.948850675492922
ENDOD1_ENSG00000149218,3.53107040096992,1.9249271091633,0.54139443778465,3.5554984957732,0.000377263103491449,0.00458020986582588
SESN3,13.6107037143112,-1.10371046226546,0.253910520145859,-4.34684810078541,1.3810779248728e-05,0.000232021091378631
FAM76B,3.37675372516971,1.38497414870821,0.583015842144178,2.37553433130504,0.0175235621636764,0.10774130802118
CEP57,8.07806119817659,-0.0517151398159224,0.327125652838722,-0.15808952727232,0.874386252864224,0.958295863629668
MAML2,1.31651064495016,0.72673896522917,0.725614705749818,1.00154938904965,0.316561275157347,0.645162257828876
CCDC82,6.17413365821881,0.829607846935516,0.349540716058479,2.37342263382192,0.0176240847934936,0.108252283672289
BIRC3,102.194769739566,-0.47253401464852,0.112160707372557,-4.21300851000284,2.51991565212251e-05,0.000399818867182583
BIRC2,5.30246715021609,-0.075086030858719,0.362321514814651,-0.207235915584892,0.835825619509261,0.947253812151602
TMEM123,86.4229079456907,1.04239261743816,0.136346060045914,7.64519794035221,2.08624146202112e-14,8.53162955784424e-13
MMP7,4.73230203542288,-4.41039839701248,0.793499389605642,-5.55816230583919,2.7262981202564e-08,6.56847640136193e-07
DCUN1D5,8.29175649943504,-0.0475986022206016,0.286696088520106,-0.166024595823056,0.868137594118208,0.956289790012189
CASP4,40.0260545826005,1.50274223790434,0.150467219483961,9.9871735721449,1.73457105488225e-23,1.12313475803626e-21
CASP5,0.0823227445347087,0.44203023894401,3.04494531423715,0.145168531230175,0.884577811145513,NA
CASP1,18.1770928412967,2.00858581172051,0.235407859159952,8.53236514230281,1.43385650496655e-17,7.07369209116829e-16
CARD16,32.1401670712544,2.61462038363689,0.19330474888603,13.5258983480972,1.09991722986258e-41,1.45469904272889e-39
KBTBD3,3.55473856043347,0.330133856021749,0.53309545060019,0.619277196325847,0.53573376429303,0.808674375630276
AASDHPPT,6.42009436896214,0.479006094754021,0.315993596808483,1.51587278853735,0.129551522196989,0.404263183723135
CWF19L2,7.01209131836268,0.153106664552092,0.321842882218155,0.475718659666711,0.634274825465962,0.85923409545606
CUL5,3.1063273504018,-0.0564869126130784,0.46970680821272,-0.120259940084787,0.904277236924967,0.972153762891947
ACAT1,5.92685347033884,-0.345407003632101,0.332422720109701,-1.0390595550091,0.298777039446308,0.62582696445489
NPAT,2.44542984284206,-0.106878109890696,0.553564771843341,-0.193072455703417,0.846902223940411,0.951253966071503
ATM,6.0998220507493,-0.183205361387029,0.345683917647491,-0.529979417711446,0.596126201297733,0.83901284492146
DDX10,2.66604399082557,-0.0670989002979826,0.531873302074351,-0.126155796946925,0.899608600658487,0.971054218186121
RDX,4.66477373738101,0.500663192757571,0.396428312788086,1.26293500390121,0.206612538951946,0.520804356092983
FDX1,9.88483234332471,0.445251256216212,0.271129876287082,1.64220654069404,0.1005472076598,0.350730327055732
LAYN,0.0332651204230916,-0.379320188502241,3.05517703609203,-0.124156532999947,0.901191337516134,NA
C11orf1_ENSG00000137720,3.44997420972642,-0.176431809221409,0.544735677006983,-0.323885173430907,0.746024969355159,0.910949570491831
DLAT_ENSG00000150768,4.0052299320655,1.33996207620437,0.436115391198258,3.07249435183364,0.00212277850515054,0.0197828953343564
C11orf57_ENSG00000150776,3.14601660051326,0.49239544637828,0.513824853030132,0.958294336045681,0.337914359086522,0.664707486101843
TIMM8B,10.5026526947303,0.534759178145242,0.260154682114513,2.0555431630089,0.0398265711164413,0.193462279644747
SDHD_ENSG00000204370,26.0233821370952,0.0593768387299428,0.183969733135161,0.322753301415724,0.746882081807699,0.910949570491831
IL18,0.061179838287948,0.734651541532373,2.85256736923591,0.257540470193753,0.796761577905134,NA
PTS,3.98381207327424,0.105082893916233,0.382368018569485,0.27482134700849,0.783453496810928,0.927825239195989
USP28,2.5766829602539,1.0763174602352,0.564097401969298,1.90803477640157,0.0563867216507074,0.244193775934298
RBM7,13.498445795939,0.994142446819611,0.244256191738059,4.0700808431736,4.69968263973207e-05,0.000700557009318334
REXO2,12.1186552601525,-0.647245882092373,0.250142108880147,-2.58751269424411,0.00966716335723436,0.0675180757624368
CADM1,0.0823227445347087,0.44203023894401,3.04494531423715,0.145168531230175,0.884577811145513,NA
BUD13,2.51286968946216,-0.18266651314235,0.596778812950182,-0.306087463526622,0.759538052799724,0.916755055573415
ZNF259,11.6838266431358,0.38783103756704,0.318607825349383,1.2172677715676,0.223502352177938,0.541845016044485
SIK3,0.964659617826074,-0.294371795835023,0.827143799524296,-0.355889503136361,0.721923317120305,NA
PAFAH1B2,2.42481315476034,-0.907488714878013,0.596566157536185,-1.52118705262454,0.128212903623595,0.40210464627864
SIDT2,1.8173113266221,-0.337761562953197,0.686675002198233,-0.491879800301352,0.622804318850133,0.853944764451818
PCSK7,5.49568052556548,-0.398742352440835,0.358447967722832,-1.11241348353566,0.265960409873202,0.590173650955131
CEP164,1.10028292661762,-0.124784159542367,0.751143506198596,-0.166125591864432,0.868058114588518,0.956289790012189
FXYD6,0,NA,NA,NA,NA,NA
IL10RA,11.2728112059995,-0.738686402966307,0.306308255720984,-2.41157849705225,0.0158836323017363,0.0998307971563124
AMICA1,1.46494672061621,-0.720123389321758,0.673457227424066,-1.06929343096693,0.284937469701415,0.61201496602073
CD3E,3.12858328563003,-0.703853554549442,0.48912740994624,-1.43899838822528,0.150150979412674,0.438569010931297
CD3D,6.23305607338927,-1.00422677667386,0.411361837894723,-2.44122493669639,0.0146375343762782,0.0931288778740483
CD3G,1.96871265447526,-0.444244088731398,0.620132587356389,-0.71636952772503,0.473763205575866,0.772316508828894
UBE4A_ENSG00000110344,1.60318960635526,-0.46992757035713,0.678890766868265,-0.692199089000598,0.48881231074118,0.78274915374707
ATP5L_ENSG00000167283,78.6264933454268,0.0650898506434411,0.101910973409447,0.638693248291625,0.523022505829536,0.802148506349962
KMT2A_ENSG00000118058,4.56008329940623,-0.904430862843333,0.450563559078664,-2.00733247201074,0.0447142738003193,0.208823385381506
ARCN1_ENSG00000095139,2.09620455956725,-0.09875521095756,0.556192565893797,-0.177555790949599,0.859071846464217,0.953586263561639
DDX6_ENSG00000110367,9.19976793920326,-0.134741219438839,0.295050295983815,-0.456672036167794,0.647906793259486,0.864947395773462
CCDC84_ENSG00000186166,3.84000948360845,-0.21415606166218,0.513005817570887,-0.417453475822598,0.676346747325933,0.878876302912434
RPS25_ENSG00000118181,318.36836721306,-0.142825832567948,0.0698937617001293,-2.04347039125931,0.0410058954987638,0.197591198775439
TRAPPC4_ENSG00000196655,20.9706861712602,0.130993191961219,0.198083735540816,0.661302108442049,0.508418589593876,0.793653930918014
H2AFX,1.86262391859863,-1.7080271287004,0.708044316420556,-2.41231669980088,0.0158515057880106,0.0997297165772004
DPAGT1,1.96786313034793,0.176990198016244,0.646350181815778,0.273830197616762,0.784215115914214,0.928157113580113
CBL,0.749353851234889,-0.0849890432326616,0.944164391955865,-0.0900150905464717,0.928275222989223,NA
RNF26,2.85591525588126,-0.295731192590308,0.498981576903623,-0.592669561921377,0.553402315565909,0.818146046340154
SC5D,8.01961810178318,0.329950555804585,0.31585039396191,1.04464190044473,0.296188506446444,0.62290731990207
SORL1,3.4322407129402,-2.15619778872394,0.567942857518037,-3.79650480709754,0.000146750518324794,0.00197446151927904
CRTAM,0.0914031065195894,0.0358007938675926,2.50561427375491,0.0142882303324133,0.988600029508587,NA
HSPA8,150.486293555497,0.395286464160106,0.118944619950003,3.32328157697473,0.000889650634906808,0.00957929604474651
AP000783.1,0,NA,NA,NA,NA,NA
TBRG1,7.94631738421847,0.612808198793594,0.316859949055721,1.93400333686802,0.0531127175784979,0.234147980473718
NRGN,0.91884245841108,0.118157174597182,0.790039877362752,0.149558494428921,0.881112956427206,NA
ESAM,0.477180830855293,-0.655229037505564,1.28789507564266,-0.508759641913069,0.610920711208027,NA
TMEM218,2.3624126149619,-0.693085848849405,0.575919029474332,-1.20344321576249,0.228804852967824,0.547651507912203
FEZ1,0.211156511989792,-0.472787655194328,1.46797930626098,-0.322066975452497,0.747401956164587,NA
EI24,5.440182354187,-0.313095827145195,0.340995911156616,-0.918180590738502,0.358524328309647,0.684187912534774
STT3A,0.97693136265688,-0.768559858638509,0.827388079582081,-0.928898877811624,0.352941494616149,0.677543029812842
HYLS1,3.30210913914104,-0.664134056422184,0.447006065530745,-1.48573835487811,0.137348341295818,0.41809857467914
PUS3,3.95389385075622,0.63705809490934,0.438808445463716,1.45179087024207,0.146559763237028,0.433556122519556
RPUSD4,2.40655593946502,0.0823971989663656,0.557524055797052,0.147791289200191,0.882507484055561,0.962397635243749
FAM118B,1.4271546630315,-0.90849474066191,0.706297829399758,-1.2862771239634,0.198346363228801,0.51243599078563
SRPR,8.93576894759024,-0.0602761197982964,0.269638646969053,-0.22354406712779,0.823112090112176,0.941391858718912
DCPS,8.92231785510474,-0.0861962010392487,0.333561344877478,-0.258411840469434,0.796089079478717,0.932094503303769
ETS1,3.00774536036377,-0.403085313463108,0.490750112811084,-0.821365707190936,0.411437990784416,0.729671483799124
FLI1,2.04582602109742,-0.46159552302554,0.546227069008139,-0.845061603892542,0.398076444594516,0.71681436257228
NFRKB,1.32809695616459,-1.88678757756844,0.736098591088299,-2.56322672045722,0.0103704304468431,0.0716251062861964
APLP2,9.94326189461127,-0.437122912080496,0.320223276031036,-1.36505664890559,0.172235245894671,0.473536818382144
ZBTB44,2.31942849424485,0.407373135942396,0.532517053229822,0.76499547473944,0.44427423928734,0.754331786782329
VPS26B,1.16303977438401,-1.53272482822307,0.832554503773662,-1.84099037513556,0.0656229691787197,0.269514624625594
THYN1,10.0713552393181,-0.290198449144363,0.287157352972834,-1.01059034755699,0.312212537552407,0.639654954985418
ACAD8,1.78419088487423,0.0999743132310281,0.662234293226214,0.15096517086722,0.880003190581111,0.961064229109702
KDM5A,5.8480988399564,0.0195078499089733,0.325428547836494,0.059945109421607,0.952199352346275,0.98210030668632
WNK1,4.07398461938886,-0.240102927247787,0.444160645665006,-0.540576770119514,0.58879933294978,0.837054965445428
ERC1,0.750018587447167,-0.0463726321471036,0.949018153906738,-0.0488637988179737,0.961027838739876,NA
ADIPOR2,3.37451315300697,-0.124469962774003,0.478867501964211,-0.259925683541802,0.794921099394226,0.932033348097491
CACNA2D4,0,NA,NA,NA,NA,NA
DCP1B,1.62729842039649,-0.0791546169546336,0.656725078416558,-0.120529304508189,0.904063867210769,0.972153762891947
FKBP4,19.2471678546373,-0.0434174321127188,0.216779604321118,-0.200283750165002,0.841258670563671,0.94949602575558
ITFG2,5.17840977567596,0.125334208580375,0.365020838043063,0.343361790664645,0.731326300775627,0.905382251667257
RHNO1,2.51712556017149,-0.408581179083563,0.556842142329004,-0.733746870117739,0.463103026897599,0.766005432462872
TULP3,1.10772612055056,-0.493735848649116,0.721732177326551,-0.684098428974053,0.493913013845417,0.785810927582061
PARP11,5.58156539095911,2.601305853538,0.426196865913549,6.10353116502188,1.03750326848547e-09,2.89198220489044e-08
RP11-664D1.1,0.153919953009996,-0.725091142063896,1.67615946582498,-0.432590786764443,0.665312083907128,NA
CCND2,6.06327873226959,0.277575089077757,0.50546674130709,0.549146098831297,0.582905191375332,0.834293960301419
C12orf5,4.18592844941111,0.100491439367695,0.442478365630372,0.227110401713157,0.820337895973388,0.940195681505649
C12orf4,1.37236425169331,-1.20406483666082,0.766659834703505,-1.57053334759148,0.116291082538149,0.381459297655481
DYRK4,3.28479774085668,-0.082701107647277,0.496756698100878,-0.166482118838954,0.867777553900564,0.956289790012189
NDUFA9,27.475153649191,1.53561585683691,0.189300102653281,8.11207091445441,4.97642423015069e-16,2.29136688997161e-14
CD9,5.78131006766376,-0.928569317862273,0.506921845426313,-1.83178003915251,0.0669841982871354,0.27285306458246
TNFRSF1A,0.430312763444993,-0.698407382266252,1.26568430931267,-0.551802196746457,0.581083882062008,NA
LTBR,0.090996808433722,-0.790360831815415,2.51718854179356,-0.31398555121829,0.753532012701437,NA
CD27,7.10348949098542,-0.819294940779599,0.385370875272457,-2.12599081391493,0.0335040244196303,0.171014306729191
TAPBPL,4.01724371122494,0.114710379251001,0.41082230016895,0.279221403521246,0.780074918962509,0.925437456874302
MRPL51,31.1703964574361,0.0990497999013865,0.168642316296817,0.587336571724116,0.556977683748195,0.819186020966989
GAPDH,103.424993591674,-0.878384266918231,0.142390766199725,-6.16882885289178,6.87976433365961e-10,1.97071958977088e-08
IFFO1,0.192373490528585,-1.422937301072,1.61266447510275,-0.882351737165501,0.377586626370043,NA
NOP2,2.97239606698149,0.425927280208858,0.474820999408299,0.897027049645297,0.369704483322613,0.692308811250803
CHD4,3.85521003210887,-0.199696465774894,0.429162323001763,-0.465316862808745,0.64170456068536,0.863197478731919
LPAR5,2.29654648290816,-2.33871623488296,0.703809228960659,-3.32294056208475,0.000890738917931706,0.00957929604474651
ACRBP,0.515350697046562,-0.199120301495475,1.01483438867476,-0.196209651266844,0.844446074265134,NA
ING4,3.50626891891704,-0.694109035169939,0.480667198628586,-1.44405326003175,0.148723994256048,0.436956964341196
COPS7A,2.89236841325395,0.254727491852034,0.476834354429235,0.534205410088247,0.593199426512804,0.838443526510293
MLF2,20.6164407938295,-0.217296242644917,0.190954316635146,-1.13794883757512,0.255141846631503,0.579232351205433
PTMS,0.585613942291348,1.31370172380751,1.25902524033491,1.043427630933,0.296750281948161,NA
LAG3,0.894636186830608,3.00253692996713,1.05722600540771,2.84001425864401,0.00451115173843284,NA
CD4_ENSG00000010610,0.17558969615799,0.0383074269567534,2.06410755208862,0.0185588328079082,0.985193043834925,NA
USP5_ENSG00000111667,1.55057446110605,-0.716876189776738,0.607777185754538,-1.17950493466904,0.238197172897959,0.558715835114299
TPI1_ENSG00000111669,59.8511931756659,-0.464392048346358,0.135499051762378,-3.42727157353658,0.000609679004026269,0.00703110331916009
SPSB2_ENSG00000111671,2.94507344068343,0.440510751632552,0.52404141581378,0.840602933927439,0.400570414544202,0.719429557008598
C12orf57_ENSG00000111678,11.0202509524226,-0.472647879063755,0.285776716691109,-1.65390618429784,0.0981465759192522,0.345262657563142
PTPN6_ENSG00000111679,11.8771522502338,-0.271032486333337,0.302622938973669,-0.895611176246357,0.370460464529719,0.692726035619943
EMG1_ENSG00000126749,17.2813326072443,0.382388226347237,0.227499412753131,1.68083170729844,0.0927956080001134,0.33284333486942
PHB2_ENSG00000215021,9.26964069245768,-0.0639967755567663,0.27112844263106,-0.236038590919251,0.813402724853409,0.939309394642452
LPCAT3_ENSG00000111684,2.733498982726,-0.0710517443055003,0.498984639075292,-0.142392648473452,0.886769868887887,0.964676497201104
CD163,0.1752344659501,0.829033964543986,1.65016407032979,0.502394870576901,0.615389786493801,NA
SLC2A3,7.95990050038414,-0.575689189376511,0.28340690294916,-2.03131675123589,0.0422228731784606,0.201009371610503
C3AR1,2.16461434948661,2.48285073023367,0.729073977396107,3.40548532413843,0.000660465633386499,0.00754679113443102
NECAP1,3.25213743412221,0.761024701379501,0.472749806490256,1.60978321076306,0.107445191712957,0.363768688283085
CLEC4A,0.191613771002111,-0.910240028748551,1.63258067677163,-0.557546736709219,0.577153936219053,NA
CLEC4D,0,NA,NA,NA,NA,NA
CLEC4E,0.087690769732968,0.804726066778384,2.5363814230097,0.317273285270907,0.751036246275711,NA
M6PR,13.6903283837853,0.229845597551059,0.2797543331281,0.821597989139323,0.411305734133262,0.729645103702157
KLRG1,0.192493983948634,0.109077727887756,1.37309380002149,0.079439385631229,0.93668314240682,NA
KLRB1,0.686321010239207,-1.02184406456948,1.09540206365348,-0.932848401947809,0.350898246421805,NA
CLEC2D,66.316772732544,1.96147086139938,0.188522522949489,10.4044377865924,2.36648859189483e-25,1.71047594037422e-23
CD69,74.4635180297119,1.30262773558835,0.266847390160584,4.88154572096227,1.05257511735198e-06,2.11058288047094e-05
KLRF1,0.248254098283088,-0.299372941070816,1.38907591880256,-0.215519495384304,0.829362314057743,NA
CLEC2B,21.3550164534262,1.22791477225812,0.28773049161561,4.26758653684344,1.97599128286792e-05,0.000319863588914244
CLEC12A,0.0577316880106304,-0.379320188619758,3.0551770360915,-0.124156533038434,0.901191337485662,NA
CLEC1B,0.162903803591872,-1.22111645263611,1.83564380451641,-0.665225164943048,0.50590648714406,NA
CLEC7A,0,NA,NA,NA,NA,NA
OLR1,0.248181308101783,-0.374163184947433,1.42462925836803,-0.262638986774742,0.792828847536189,NA
GABARAPL1,3.5731607059254,-2.00197210946882,0.494666291506889,-4.04711649821593,5.18524380603062e-05,0.000758387658783207
KLRD1,0.314331701978695,0.494046457234727,1.3861332429828,0.356420610887013,0.721525596282877,NA
KLRC2,0.0332651204230916,-0.379320188502241,3.05517703609203,-0.124156532999947,0.901191337516134,NA
KLRC1,0.259263511078576,1.7384796853673,1.37170078926399,1.2673898702793,0.205015920037773,NA
RP11-291B21.2,0.330175373081089,1.62358502137042,1.30845017558241,1.24084588902878,0.214662685381675,NA
MAGOHB,12.8148985971148,0.55195928280522,0.247381323594434,2.23120838220642,0.025667329000201,0.142836273111235
YBX3,16.4722924567787,-0.28543728222254,0.253172006468334,-1.12744408911671,0.259554767058302,0.583927771275572
ETV6,2.89474457881386,2.10711085060146,0.556145066989894,3.78877917951531,0.000151389401424839,0.00202373445001462
BCL2L14,1.49660403717181,4.21015521659462,0.868036455475188,4.85020553000837,1.23333609048169e-06,2.41842811937986e-05
LOH12CR1,3.34562376144962,-0.635422143372372,0.475684629765451,-1.33580549719608,0.181612855732998,0.487648169000568
DUSP16,0.346546870833502,0.935579951874193,1.2606542434478,0.742138422756942,0.458003472320966,NA
CREBL2,1.56618732284231,-0.734291572331599,0.696042432926343,-1.05495230979589,0.29144713646282,0.619362530000987
CDKN1B,3.362401678514,-0.589073221320942,0.425645659538862,-1.38395213981304,0.166373109976024,0.463340166492367
HEBP1,2.15398393553798,0.309735418246163,0.589087003483691,0.52578891813005,0.599034875075595,0.840065934979293
EMP1,0.344608455955072,-0.121407872365004,1.50671804371279,-0.0805776985757974,0.935777802480459,NA
ATF7IP,5.51620976709354,0.740271133845246,0.472984520206634,1.56510647224108,0.117557946250066,0.383755187188673
PLBD1,0.31595916857381,0.605529699379932,1.55884140113721,0.388448561180235,0.697684113370411,NA
H2AFJ,1.18385149170081,-0.423733060042291,0.913607683428837,-0.46380198823634,0.642789618734958,0.863722496769671
WBP11,12.7215913343201,-0.284404216418996,0.239624909328122,-1.18687250510153,0.235277914023549,0.554580823455767
ARHGDIB,108.472299066846,-1.01881675293307,0.109721572191675,-9.28547351794479,1.60989724694267e-20,9.26585304351448e-19
STRAP,23.6881389632032,-0.350785079448158,0.205520812155578,-1.70681049655748,0.0878572808132176,0.323723092788951
DERA,4.74433576629318,0.128474220977536,0.363997585824798,0.352953497442629,0.724123303311025,0.900590326806989
MGST1,0.234828626060143,-0.379320198898316,3.05517703604545,-0.124156536404613,0.901191334820461,NA
PYROXD1,1.71754059984124,0.282646068235379,0.630969303965843,0.447955338649375,0.654185429103001,0.867409690124628
RECQL,5.16395291158834,0.184001517334312,0.363401354896144,0.506331401507563,0.612624022403631,0.846995373923054
GOLT1B,8.6486523059823,0.484201719806072,0.300533576079956,1.61114017981555,0.107149172551356,0.363430714963278
LDHB,49.5985018502349,-0.492984112812615,0.15438993441313,-3.19311044911416,0.00140749100282972,0.0140432810169976
CMAS,7.23303217240556,0.0299707189641476,0.325919200743964,0.0919575124623972,0.926731796646855,0.975683415108361
ETNK1,4.57418274937461,0.733436387186854,0.386512652077922,1.89757407226864,0.0577522125954465,0.248606477488432
BCAT1,0.881645250969675,0.449951597534901,0.837586449504564,0.537200187277444,0.591129341922785,NA
LRMP,5.24527140094841,-1.00551585351891,0.374944980621627,-2.68176907409683,0.00732339933710485,0.0548460846740286
LYRM5,5.34220624695429,0.172279595112129,0.398176404269279,0.432671532679822,0.665253413752162,0.872960781060469
KRAS,18.5051392985256,-0.194115159119227,0.198690194216278,-0.976974026750052,0.328582011110538,0.65534906379978
ITPR2,1.28783052966724,0.00780237511981325,0.727740558537388,0.0107213690762192,0.99144574902572,0.997785325741166
ASUN,3.56494478167789,-0.227539888082771,0.506263874864572,-0.449449189207188,0.653107654065402,0.867229805000569
FGFR1OP2,8.76719041686646,0.027274120004273,0.308306028748612,0.0884644394239592,0.929507546723474,0.976309881201556
TM7SF3,5.03353049035827,-0.0143493234358051,0.422024842126201,-0.0340011345386964,0.972876245994498,0.990240501899755
MED21,4.34244797060737,0.504933956907678,0.429163257348358,1.17655448890821,0.239373371896225,0.560220210733033
STK38L,4.97213492697522,0.659321338110188,0.430073541874232,1.53304324473649,0.1252652001523,0.396662498291746
MRPS35,8.98802843599325,0.0145842293297077,0.270067491507796,0.0540021653412763,0.956933439068088,0.984059430809105
CCDC91,8.54939317995101,-0.0816726203511346,0.30940220944358,-0.263969092198832,0.791803735125574,0.93075870225805
ERGIC2,11.610735425963,0.0890209007539327,0.26838854874392,0.331686657909056,0.740125876333757,0.910316250081378
FAM60A,9.60403939140734,0.404107766382318,0.280617375835603,1.44006679978028,0.14984850098841,0.438569010931297
AMN1,2.46026506103609,-0.675840470281199,0.576352540042727,-1.1726164514363,0.240949649113012,0.562429883520655
KIAA1551,10.9415449855426,0.406985603790169,0.261569548774537,1.5559364830383,0.119723196933034,0.386195844388032
DNM1L,2.70626553763464,-0.775670720440946,0.551930386850213,-1.40537781379928,0.159908960489174,0.45325768280926
YARS2,4.43345471363545,0.0240411640611418,0.396255209376302,0.0606709097881188,0.951621299613763,0.98210030668632
KIF21A,0.611831993859522,0.992611015404609,1.09630978109598,0.905411073147863,0.365247651634171,NA
LRRK2,0.750716741977207,-0.279021441133895,0.978359125466797,-0.285193272971995,0.775496073847347,NA
GXYLT1,1.40239466584212,-0.365027916822739,0.70944066026821,-0.514529173849068,0.606882068870792,0.845033875318757
YAF2,6.11612689248627,-0.0655424547524906,0.353898499127717,-0.185201279219998,0.853071165776732,0.953077108565433
PPHLN1,13.4961982802305,-0.322457350074196,0.227236305254022,-1.41903975121286,0.155887427249834,0.446848874700369
ZCRB1,9.56342729613071,0.127572148793937,0.263122515787297,0.484839347222812,0.627790309270529,0.855402139944236
PUS7L,2.32591244259923,0.258397713464032,0.566355000520344,0.456246900312748,0.648212442996206,0.864947395773462
IRAK4,3.59089361061888,0.591753375934238,0.450001458352759,1.31500324043474,0.188508813430802,0.496125785535287
NELL2,0.662353737771772,-0.808268861802641,0.991463035248724,-0.815228438244169,0.414941562455061,NA
LINC00938,2.39323661831119,-0.00188575514111789,0.525973660075233,-0.00358526535501448,0.99713937825532,0.999330962586761
ARID2,1.48432283690209,0.811126748583997,0.676724373182151,1.19860726276172,0.230680692819298,0.550920552064424
SCAF11,24.2970116675942,-0.309922413313041,0.169868290539203,-1.8244865614958,0.0680785461574451,0.275052085367463
SLC38A1,14.7067046458916,-0.159400713312577,0.227728435497657,-0.699959638172708,0.483952511080882,0.77933906965771
SLC38A2,3.38029157193075,0.176900498451735,0.444618963662526,0.397869890646422,0.690726095513565,0.88365563407996
PCED1B,1.72970988822912,0.458480944719566,0.736781106321944,0.622275653902596,0.533760627124429,0.808162830382025
RPAP3,4.21857884863805,1.12091621868718,0.401084937748029,2.79471032988868,0.00519462373596995,0.0415035747336622
RP1-197B17.3,1.06985451415406,2.21773399953173,0.992059458929309,2.23548495966688,0.0253855279517855,0.141775778749594
TMEM106C,3.70425719502905,-0.776020149305876,0.478786501627774,-1.62080623966543,0.105059199904389,0.359014835956945
ASB8,3.0195023947597,-0.181218489035725,0.519967914444847,-0.348518598939333,0.727450748406821,0.902922095067253
KANSL2,3.36944528627533,-0.162472520117835,0.4659021115353,-0.348726730562424,0.727294474473918,0.902922095067253
DDX23,2.11986854056321,-1.01056425467872,0.665811112867803,-1.51779421392651,0.129066284197098,0.403153780185509
FKBP11,9.9925021737992,0.485981744176592,0.270238062228237,1.79834676199736,0.0721220737115247,0.286295449345144
ARF3,4.54727158984552,-0.311414352127401,0.381682424967312,-0.815899113390067,0.414557839281539,0.732269857328886
PRKAG1,7.5852819883094,-0.185768312539157,0.285459343372459,-0.650769774583177,0.515195114208828,0.798019643638693
LMBR1L,3.1366495661294,0.322089452584461,0.474920284174195,0.678196874965069,0.497646873711174,0.787318138709254
TUBA1B,36.0326259416802,-0.257283346900425,0.158804454697362,-1.62012676149884,0.105205049794134,0.359315708527659
TUBA1A,13.8148929219252,-0.540474324003963,0.229854105545178,-2.35137990127278,0.0187039265062781,0.112986984609353
TUBA1C,2.54656664754348,-0.343888214677975,0.548926749874091,-0.626473777706868,0.531004231153906,0.807765711025472
SPATS2,2.0946424686093,0.828633542531197,0.548739407905371,1.51006749395716,0.131026202899022,0.406021223575117
MCRS1,5.23591481768722,0.27237600339441,0.395130099122946,0.689332460369363,0.490614075195064,0.783369404421402
TMBIM6,135.613475927863,0.216457460074817,0.105326743110099,2.05510446524062,0.0398689157376,0.193462279644747
BCDIN3D,3.27534867497503,-0.0917399375960023,0.462163435077619,-0.198501072635906,0.842653045606968,0.94962569674406
SMARCD1,2.36921063597695,0.222871150537429,0.572696045692,0.389161322509446,0.697156812861995,0.885839482573623
COX14,16.1544418418873,-0.302520780654707,0.209231553848377,-1.44586595611642,0.148214802219539,0.436223111077961
CERS5,3.87905607313785,-0.577476127233432,0.503355492156646,-1.14725305719664,0.251277049055965,0.575252226208134
LARP4,2.85528356456096,-0.0902977402037964,0.551868144522623,-0.163621946836424,0.870028766474456,0.9563393125385
ATF1,7.19234020975696,0.261785208144266,0.306681797284421,0.853605301854556,0.39332371989982,0.713589689872694
SLC11A2,0.91507895033929,0.586398417068738,0.968163601027316,0.605681122949171,0.544726521537499,NA
LETMD1,3.19897561723367,-0.729940500900383,0.489992819294586,-1.48969632238945,0.136304102037047,0.41611422526238
DAZAP2,33.7030648468605,-0.0701920881009972,0.159633403848962,-0.439708021056858,0.660148592423198,0.870294593506807
SMAGP,1.72737657482408,0.888049878726209,0.633369951118415,1.40210295287624,0.160884505431476,0.455185637092623
BIN2,2.3788722800711,-0.550476141722673,0.565296478012438,-0.973783073367318,0.330164259247117,0.656736331353626
GALNT6,0.4634217996281,0.819769978673935,1.09630344458887,0.747758280538251,0.454605970523337,NA
NR4A1,5.31201354037516,-0.120233995387762,0.460505499433068,-0.261091334491733,0.794022074056689,0.932033348097491
C12orf44,10.281448927397,0.13028358472892,0.260138726906141,0.500823488599322,0.616495353309134,0.849874418204585
KRT86,0,NA,NA,NA,NA,NA
KRT81,0,NA,NA,NA,NA,NA
KRT1,0.0682372636765897,0.799132690428635,2.75141227833118,0.290444546141713,0.771476168781404,NA
EIF4B,7.71749493213677,-0.453902124871324,0.306645465261396,-1.48021795947447,0.138815089070417,0.420914435932543
SPRYD3,1.00146013190523,0.0103882483860613,0.773178590891312,0.0134357682797267,0.98928013045296,0.99714047201161
CSAD,1.65032909774172,-0.353011140795502,0.61648545019352,-0.572618770945347,0.566902847314422,0.822949112308839
ITGB7,2.17852553606039,-0.716228045881801,0.56962161612175,-1.25737511641187,0.208617835369885,0.524075474264882
MFSD5,1.69912434165774,-0.192050350185984,0.582940054949628,-0.329451285008334,0.741814609428229,0.910812869020314
PFDN5,248.763867205588,-0.0438166141102379,0.0693514719929368,-0.631805105949308,0.527514236789139,0.805531961680946
C12orf10,10.4055939869161,-0.175760897041305,0.271346535365987,-0.647735917483676,0.517155769160769,0.798271731090971
AAAS,1.82084979843036,0.0720803336721481,0.618656950538081,0.116510989829591,0.907247576792093,0.973075564400038
PRR13,47.6805945868412,0.00227738153268076,0.145364719457661,0.0156666730495363,0.987500314786852,0.996477590375824
PCBP2,44.8899320632589,0.0747746180130097,0.139981895034539,0.534173494326246,0.59322150556857,0.838443526510293
TARBP2,1.89453685565559,0.178220182618121,0.601711028382374,0.296188991412114,0.767085755451539,0.920502906541847
ATF7,0.99240262471789,1.96175723692913,0.956536748351145,2.05089583887996,0.0402770914711191,0.194844019122951
ATP5G2,77.3080413614656,-0.119034204421969,0.113935001490982,-1.0447553680981,0.296136047607959,0.62290731990207
CALCOCO1,1.56376990909487,-1.21319973885086,0.727386372272963,-1.66788901345486,0.0953377610356627,0.339457823290581
SMUG1,2.97374780287069,0.106242586750073,0.474017119340036,0.224132383442168,0.822654295054802,0.941391858718912
CBX5,3.04408277995149,0.277610698494204,0.502133062674127,0.552862814919572,0.580357351742657,0.831988306834031
HNRNPA1,137.617323752703,-0.734900079863659,0.103453782555533,-7.10365596800844,1.21499087223884e-12,4.39092050106779e-11
COPZ1,32.0896237971214,0.274974504052959,0.160740246855977,1.71067613389529,0.0871409158005647,0.32242138846209
GPR84,0.0295527836364702,0.429483717069159,3.05433812154166,0.140614332787877,0.88817462481673,NA
ZNF385A,0.0333703609398035,-0.432341959868918,3.05494334513531,-0.141522087654221,0.887457512221465,NA
ITGA5,0.219661785708107,-0.301474914062789,1.44602585173621,-0.208485148243245,0.834850177849055,NA
NCKAP1L,6.13458975197625,-0.343841246897686,0.338213189416891,-1.01664056180215,0.309324450890906,0.637520154753935
TESPA1,2.1206791237614,1.07477317988888,0.557974031010752,1.92620645434334,0.0540786002346672,0.237061057164098
BLOC1S1,22.032817087375,0.116345117064678,0.173098944764732,0.672130712424666,0.501500485914611,0.789796559525012
CD63,41.5046855770291,-0.115941800360837,0.154364929367671,-0.751088999527114,0.452599095611633,0.760192362665951
SARNP,2.62096115885052,-0.466995556203551,0.508857711402445,-0.91773308282286,0.358758623190148,0.684187912534774
ORMDL2,13.6780021512107,0.37784701558071,0.219096874131896,1.7245659805865,0.0846057186751994,0.315855902358047
MMP19,0,NA,NA,NA,NA,NA
WIBG,5.18105505979427,-0.269676548549676,0.418320346001342,-0.64466514987251,0.519144205200795,0.799200535587556
RAB5B,2.85143764416698,-0.675743976377276,0.544508976282542,-1.2410153106946,0.214600092914225,0.532729304135313
RPS26,78.1579732750982,0.0541361183682035,0.485169714820302,0.111581817072516,0.911154989851172,0.97381871700637
PA2G4,26.4369170714608,-0.391321898693671,0.181692807043398,-2.15375558923586,0.0312593441717809,0.163696784643463
RPL41,22.0961201767608,-0.375606259723993,0.178788818314221,-2.10083753148291,0.0356552305941829,0.178304837790379
ESYT1,2.08531171167301,-2.44286353347594,0.74417002719511,-3.28266853568863,0.00102829497371461,0.0108520909280306
MYL6,249.134919716869,-0.209714352450122,0.0840881578395619,-2.49398200457967,0.012631894840924,0.0828268547797294
SMARCC2,3.41859312891576,0.161328934177375,0.493262995498677,0.327064741627893,0.743618918636958,0.910831399230374
RNF41,5.02379093021075,0.190804548548025,0.393736308127907,0.484599831433482,0.627960233299079,0.855446156078693
NABP2,2.78247790267873,0.129266028371394,0.480595802184809,0.268970365083809,0.787952487794022,0.929852751209874
COQ10A,2.39655049716122,-0.537525451426933,0.523911947440277,-1.02598433582813,0.304898967617015,0.632637269054431
CNPY2,22.9410160382643,-0.367692385800568,0.177484535316704,-2.07168689454806,0.0382946503176192,0.1883262723014
IL23A,2.81067843302038,-3.05995034738747,0.693910264317689,-4.40972054275098,1.03504100872345e-05,0.000176753156874312
STAT2,7.22824290620826,3.13563557467585,0.421324431491393,7.44233028114799,9.89245118169474e-14,3.91665455703277e-12
SPRYD4,4.56984413634237,-0.111255679435997,0.444166365843499,-0.250481999519967,0.802214623412337,0.934725015988602
RBMS2,0,NA,NA,NA,NA,NA
BAZ2A,4.08156429095845,0.237854176535422,0.438601772028216,0.54230099307515,0.587611171613061,0.836774049507399
ATP5B,50.0420868423639,-0.318697736780312,0.148929001286137,-2.1399306651362,0.0323603704645436,0.166792755230185
PTGES3,43.7005438085052,0.116869514630469,0.13379511569004,0.873496121496821,0.382392719341661,0.702409321343903
NACA,287.357087911384,-0.25272338697551,0.072281775971761,-3.49636382861212,0.000471645147859679,0.0055842785506586
PRIM1,1.77285106047623,-0.579440134408685,0.599898745933523,-0.965896558938456,0.334095944397399,0.660540836633026
NAB2,1.79778602499039,-0.906515086179091,0.669675701655001,-1.35366280117194,0.17584398105451,0.478462666439627
STAT6,7.29417501758027,-0.231270157629616,0.318556950425113,-0.725993130336622,0.467842981923925,0.767616724714575
LRP1,0.0323575550748445,-0.379320188502241,3.05517703609203,-0.124156532999947,0.901191337516134,NA
SHMT2,8.88545564237772,-0.117590198621066,0.275544776704481,-0.426755317329715,0.669557554783938,0.875835387318384
STAC3,0.428137720064495,0.184876031527806,1.31090353797746,0.141029470263726,0.8878466611045,NA
ARHGAP9,6.36922653794628,-0.776211929219758,0.369201183277867,-2.10240910478222,0.0355174543140267,0.177758853475032
MARS,4.96524163508037,0.426508124245116,0.37993273446862,1.12258851515292,0.261612295309314,0.585345640265224
DDIT3,8.19192028564215,-0.422523326210649,0.321510383840306,-1.31418251928223,0.188784789693129,0.496409239052538
DCTN2,8.62259545143753,-0.256401694939679,0.304375317950385,-0.842386618817343,0.399571580597166,0.718443915142363
OS9,7.01786936123015,-0.370223492272202,0.305975182829257,-1.20997882523956,0.226287018177674,0.545744635304982
TSPAN31,6.18436536828529,-0.205836961824961,0.365626760799032,-0.562970175856738,0.573455192669247,0.826860931948977
CDK4,9.7183041674079,-0.174316877548879,0.283863966535814,-0.61408596404886,0.539158522825559,0.811556488592928
METTL1,2.6446838040702,0.0480321311142839,0.603512807470951,0.0795875920439282,0.936565264024874,0.978396083872473
TSFM,9.40706776588947,-0.45644785172814,0.366680009759166,-1.24481247840026,0.21320068819134,0.530526612408876
CTDSP2,2.74804817280086,-1.20739265898229,0.518446876498568,-2.32886475686121,0.0198662315028969,0.118511031690986
RP11-620J15.3,5.28252971206951,-0.524648220862095,0.354842858122766,-1.47853679129307,0.139264157039351,0.421864522493472
USP15,16.5365837742069,1.17465299054908,0.221759194904828,5.29697535677473,1.17736577201436e-07,2.63255598519471e-06
TMEM5,4.16324700993738,-0.0498157968356602,0.446677127448537,-0.11152529147891,0.911199810998618,0.97381871700637
XPOT,4.60212325109008,-0.883533436950741,0.415320739772626,-2.12735207356715,0.0333908410810261,0.17068870736814
TBK1,5.40365279346539,0.910184951731841,0.386677153293057,2.35386276117023,0.0185794692159702,0.112563333963422
RASSF3,3.30842429141223,0.761445591443323,0.458524466506867,1.66064331799821,0.0967851035786783,0.342606038636141
GNS,0.579819429913276,1.89940291422846,1.06189419205245,1.78869319414701,0.0736642396337375,NA
LLPH,14.453703277491,0.103340804182105,0.212518120196796,0.486268201913367,0.626777021202527,0.855154018387617
TMBIM4_ENSG00000155957,44.059189589172,0.0996068112277169,0.125841892499453,0.79152346845189,0.428638586769598,0.744250685854699
IRAK3,0.0718017546414379,-0.379320190118137,3.05517703608479,-0.124156533529146,0.901191337097137,NA
HELB,1.17739632396518,1.3597471615722,0.788824072121079,1.72376479069149,0.084750313215679,0.316021563856425
CAND1,7.16181871806522,0.225110620424012,0.305082488017281,0.73786804967731,0.460594636084921,0.765950298176077
IFNG,0.0718017546414379,-0.379320190118137,3.05517703608479,-0.124156533529146,0.901191337097137,NA
MDM1,3.51988887917817,-0.956005853617422,0.53412101181416,-1.78986752528293,0.0734752105870374,0.289247567453467
RP11-81H14.2,0.548862043332809,0.0419271507599828,1.22683427392336,0.0341750729101347,0.972737543862842,NA
RAP1B,13.1684233115607,0.176221531184226,0.224628017834599,0.784503789344674,0.432744559327829,0.747664486060718
NUP107,4.81726051287684,-0.45362834655698,0.435574936495637,-1.04144731146973,0.297667994462711,0.624635487224327
SLC35E3,1.06628873956121,-0.580150390521911,0.778161861632504,-0.745539481085355,0.4559456528867,0.762895875731824
MDM2,0.771410115735583,-0.258047187894807,0.967815782671077,-0.266628414740894,0.789755275587047,NA
CPM,0.270943733999214,-0.389841627923489,1.36334508308414,-0.285944939957236,0.774920292976623,NA
CPSF6,10.1148089742751,0.308751354741936,0.265653240135108,1.16223447748994,0.245140233505772,0.568366912149153
LYZ,2.54504305848507,0.292454699074142,0.498409587970075,0.58677582882234,0.557354272467793,0.819186020966989
RP11-1143G9.4,0.227029411632384,-1.67208543007615,1.9488227896459,-0.85799767888591,0.390893745111007,NA
YEATS4,4.24246605212732,-0.625340547944331,0.452966029133299,-1.38054623906533,0.167418523075735,0.464793898811419
CCT2,29.2340797082653,-0.230607305619951,0.172032774340213,-1.34048472161415,0.180087808205273,0.485230089208486
RP11-611E13.2,1.73096132109771,-0.0180339077371836,0.617472460448135,-0.0292060114293929,0.976700286852941,0.99151339278349
CNOT2,6.01288548453061,0.126581424891249,0.362417776679673,0.349269359938515,0.726887098976967,0.902913471315204
ZFC3H1,5.12690484485291,-0.258692843005691,0.349047600921978,-0.741139152145373,0.458609072627038,0.764881673047938
THAP2,4.8749405267821,-0.250795956865547,0.417975431339689,-0.600025594953509,0.548489177894688,0.815930821457906
TMEM19,9.43758225003068,1.30538183135504,0.290749030813978,4.4897203189311,7.13167498661287e-06,0.000125582129509308
RAB21,2.73005565769343,-0.211337669415535,0.57443105874785,-0.367907804073495,0.712941980946417,0.892397775586574
TBC1D15,3.99881216189148,0.199513761158991,0.469035472426026,0.425370303288645,0.670566750911174,0.87616138496687
ATXN7L3B,4.64159523908121,0.162048086894506,0.386280465612109,0.419508883623512,0.674844263646956,0.878314895902319
GLIPR1,26.0624406776669,-1.18382246912291,0.220924994755143,-5.35848137253535,8.39243874997742e-08,1.89012316195144e-06
KRR1,7.81196132234689,0.926833678087215,0.303170475168078,3.05713700377115,0.00223462114635441,0.020639532014471
PHLDA1,0.379632406533863,-1.49605745072641,1.1880293413388,-1.25927651672347,0.207930472254568,NA
NAP1L1,55.9701246052378,-0.538084787376729,0.149039294548238,-3.6103551684658,0.000305778007576326,0.00380905029077043
OSBPL8,16.4013175213074,-0.90783460866768,0.217993844654763,-4.16449652560336,3.12040378411232e-05,0.000486126063209077
PPP1R12A,13.7989628550447,-0.220779282863512,0.24076858255033,-0.916977126022496,0.359154626544557,0.684187912534774
CCDC59,12.4496230538479,-0.0226129527254642,0.23747856979807,-0.0952210245526246,0.924139270684064,0.975683415108361
C12orf29,5.33593859244968,-0.436522053904353,0.402760608232807,-1.0838250935703,0.278442356882309,0.604328802507133
CEP290,1.69044631731767,0.392085035912567,0.659155440442904,0.594829401163881,0.551957512403858,0.817675857269396
DUSP6,0.338427359203714,0.145934404734229,1.36404076576575,0.106986835288829,0.914799423724967,NA
POC1B,2.03582466182004,1.08625796673323,0.635684473648699,1.7088005319657,0.0874879041699313,0.323129431133278
ATP2B1,19.3164914500057,-0.74582608225218,0.196841278137377,-3.78897195400073,0.000151271988622157,0.00202373445001462
LINC00936,2.92028846121882,-1.32267457709847,0.514006845917225,-2.57326256956405,0.0100744744675595,0.069736005891258
BTG1,369.698880498446,-0.00618455818152603,0.0919955569016521,-0.0672267051781385,0.946401225552684,0.981756628141046
RP11-796E2.4,3.49807132256007,0.28798855463698,0.434139731015033,0.663354524046102,0.507103523938437,0.793594034441421
EEA1,3.729551681342,-0.201991165307473,0.442463778728562,-0.456514578182882,0.648019990137123,0.864947395773462
UBE2N,30.6367370938906,0.385361394125648,0.204423650784658,1.88511159372451,0.0594147730936069,0.253829711030832
MRPL42,8.58784689285574,0.454700991431873,0.295567014046629,1.53840235825551,0.123950266007197,0.394532944493687
SOCS2,0.650575284588881,-0.653615701293828,0.994573531873694,-0.657181877806932,0.511063976640057,NA
CRADD,1.40538559312295,0.594599751737432,0.67521494364648,0.880608104622673,0.378529970434814,0.699175598343184
NDUFA12,32.0040125963907,-0.242845535441432,0.153092321741743,-1.58626855141107,0.112678403049646,0.373950322133796
VEZT,1.57951193564629,-0.924272503076897,0.735896511183978,-1.25598163468644,0.209122628729735,0.524612109624944
METAP2,10.4091552422749,-0.0451484199075158,0.269463584877409,-0.167549243910103,0.866937904063473,0.956289790012189
SNRPF,13.5228803152024,-0.0274166827463693,0.24266982903182,-0.112979363177341,0.910046916244675,0.973693868141371
LTA4H,12.6303890634156,-1.11562664996527,0.243623986578669,-4.57929724257682,4.66540796100444e-06,8.40584808278365e-05
ELK3,6.13118477799451,0.42740695964646,0.334370317815353,1.27824432036603,0.201163293418852,0.515452612092335
CDK17,4.63930068091675,1.15029861698208,0.423413239354417,2.7167280331998,0.00659307599026849,0.0506483679952714
NEDD1,3.83454311583606,0.560295379213217,0.458750339422568,1.22135142159996,0.221952991711258,0.540389425463146
TMPO,8.27594077180915,0.855330347952964,0.289516344128675,2.95434218239788,0.0031333636849133,0.0274323784020016
SLC25A3,47.4514311817911,-0.308550354895658,0.161638987338822,-1.90888572104752,0.0562768354218812,0.243944776138364
IKBIP,6.08223630573446,-0.320452266532838,0.325414187140224,-0.984751984383371,0.324745911121357,0.652009232406445
APAF1,1.1023891537796,-0.787285664562037,0.80734100902046,-0.975158769052551,0.329481510660455,0.656428548161983
UHRF1BP1L,1.98531967696113,-1.00304040367454,0.619821182879584,-1.61827383668074,0.105603596512724,0.360083354867304
ACTR6,4.33253691564737,0.7435228952607,0.421608004989958,1.76354074510139,0.0778093315539578,0.298926331853771
ARL1,7.77195208515972,0.138589260622064,0.290753088833906,0.476656193672403,0.633606961561929,0.85923409545606
CHPT1,30.1496711923707,-0.546932557427691,0.166171161327648,-3.29138072489773,0.00099696884359727,0.0105573395771731
GNPTAB,4.88859355889924,-0.43531231915916,0.40435106709066,-1.07657022470911,0.281672312292782,0.609211932224054
DRAM1,3.06718649464703,1.05942700839542,0.540423276077699,1.96036524570992,0.0499531149660518,0.224518121929847
CCDC53,14.746372245894,0.296621957260122,0.216375572995649,1.37086618953096,0.170416672850375,0.470177558117146
NUP37,3.93564435770852,0.704128155287137,0.437298946042704,1.61017574283926,0.10735949538677,0.36367663396412
HSP90B1,22.8859864768568,-0.434519636188706,0.241454288746386,-1.79959378002645,0.0719248039425182,0.28613714484069
C12orf73,1.42998851485148,-0.688774449886579,0.702708806280267,-0.980170511214384,0.327001958115727,0.653851103089658
TDG,3.17315812979413,-0.0324150864233398,0.454547454529142,-0.0713128763572509,0.943148747470535,0.980979575543856
NFYB,6.46588194589271,0.0700942436121252,0.334340379535873,0.209649351087742,0.833941358885761,0.946987117233853
TXNRD1,5.38496402469581,0.806424248735847,0.409536658600213,1.96911370887331,0.0489400349532892,0.221858615419024
EID3,1.39109173417793,-0.189666299663795,0.65504622088628,-0.289546437512723,0.772163248931768,0.921791195575163
CHST11,3.91731292193175,-0.582020037827142,0.408041668979114,-1.42637402519039,0.153760407282089,0.444133221034137
SLC41A2,0.107681988903624,-0.961009806512754,2.0669671156258,-0.464937153207585,0.641976463262254,NA
C12orf45,3.12665076441946,-0.283520934625161,0.485513885571758,-0.583960506693391,0.5592468831181,0.819353284981176
KIAA1033,5.69212157583824,0.437189705433943,0.372833644942488,1.17261333939265,0.240950897653717,0.562429883520655
C12orf75,3.79854550175179,-0.480866557484667,0.432713210952221,-1.11128235818472,0.266446830658329,0.590247148742755
CKAP4,0.991870265587536,-0.351426082773525,0.795800762589903,-0.441600585591075,0.658778260177832,0.870020379355818
TCP11L2,1.79680422553777,-1.47376401881931,0.651983887265195,-2.26043012351294,0.0237945686812065,0.135819135833223
C12orf23,2.98602851343504,1.34952705648498,0.536676822650248,2.51459910234369,0.0119167805212155,0.0793941133117637
CRY1,1.35186835362911,-1.1814150448654,0.726684621179218,-1.62576035109739,0.104000645915882,0.357362086795534
PWP1,11.1467630443594,-0.139328054783177,0.257843455580228,-0.540359089082347,0.588949415685513,0.837054965445428
PRDM4,0.690554571021599,-1.1888898750869,1.13810989498146,-1.04461781795357,0.296199641164105,NA
CMKLR1,0,NA,NA,NA,NA,NA
SART3,3.61306740672287,0.374064116324032,0.500251550581005,0.747752037728987,0.454609736736543,0.761480496781017
ISCU,91.0092672151256,-0.725401053084916,0.179163649992018,-4.04881823471018,5.14769035549327e-05,0.000755269575325418
SELPLG,0.167386676529472,-0.222735981802055,1.93927831120712,-0.11485508836708,0.908559983722423,NA
CORO1C,1.46504783144709,-1.15200846979766,0.706118659341673,-1.63146583730233,0.102792062688283,0.355567869599535
SSH1,0.123459604025278,-1.10847229449675,1.98478288908756,-0.558485414496058,0.576512961557185,NA
USP30-AS1,10.8794800926677,3.05089109570471,0.342043594198037,8.91959723104271,4.67987049675441e-19,2.48633119725004e-17
ALKBH2,2.32154033874036,-0.683529977500451,0.523346269534163,-1.3060759525598,0.191526729809168,0.501909845064835
UBE3B,1.51469861732831,1.56084896491015,0.936793471163079,1.66616123292605,0.095681305112563,0.34005431250983
GLTP,3.8464383140548,-0.00880309586505909,0.502674788659675,-0.0175125072186961,0.986027755059335,0.995755247924868
TCHP,1.91098849252741,-0.267863057431959,0.687941367183012,-0.389369022143278,0.697003184273478,0.885839482573623
GIT2,6.35709571471883,-0.210987685927771,0.409879532367022,-0.514755359237711,0.606723983488508,0.845033875318757
ANKRD13A,5.2163390022477,0.311564051643458,0.382138287751047,0.815317547679059,0.414890566881267,0.732269857328886
C12orf76,2.19002338128096,-0.0682306093343536,0.569913856066865,-0.119720916780708,0.904704230339175,0.972153762891947
ATP2A2,0.656769234109107,-1.399780207447,0.960447395757561,-1.45742516834346,0.144999053843002,NA
ANAPC7,2.10131532357317,-0.288296318907906,0.603950181345477,-0.477351158775448,0.633112087152969,0.85923409545606
ARPC3,135.121848137156,0.0285763371654193,0.0886452236769484,0.322367477683407,0.747174319256454,0.911015187631039
GPN3,7.9506940944736,0.515727566140775,0.28813479412626,1.78988298759498,0.0734727243072966,0.289247567453467
VPS29,21.3749376462976,0.169101166144381,0.188580989522044,0.896703143688902,0.369877342690463,0.692308811250803
PPTC7,3.06311240548394,0.524584161259796,0.481820504309818,1.08875433188804,0.276262235323223,0.602195637788977
HVCN1,37.6428991506576,-0.107437744071947,0.192622415910356,-0.557763454290532,0.577005921150885,0.830139938606925
PPP1CC,24.9039976315025,0.349378723014549,0.183018718815355,1.9089780830945,0.0562649190374952,0.243944776138364
SH2B3,1.60501515620289,0.208177749963449,0.694018296498929,0.299960031332935,0.764207642930105,0.918822961016157
ATXN2,2.15613932788685,-0.697800273703787,0.566517807768003,-1.23173581507176,0.218047786467064,0.537211668917664
ALDH2,1.56573766848098,-1.91504585579821,0.743321889570112,-2.57633453644927,0.00998539842806311,0.0693750963072216
MAPKAPK5-AS1,3.43894545625937,-0.814585107335757,0.463525172463991,-1.75736973033334,0.0788548092942326,0.302009546871812
MAPKAPK5,3.68327579151226,0.361101533926409,0.416560779250531,0.866863977391477,0.386016542862144,0.706912248743568
ERP29,50.6409610268339,0.283638009577594,0.15493471912702,1.83069367005506,0.0671462784208906,0.272947985996257
NAA25,3.21972616409937,1.15551745614276,0.476922973298069,2.42285970866951,0.0153988721847265,0.0972758023376628
TRAFD1,5.13838318517031,3.00112012846646,0.491689853094918,6.10368529994275,1.03650273750275e-09,2.89198220489044e-08
RPL6,433.550947978972,-0.486375211864921,0.0679305992349001,-7.15988401902747,8.07453457012524e-13,3.02357270409027e-11
PTPN11,1.63865333271034,-0.436798116875966,0.701597679902932,-0.62257634166692,0.533562962064413,0.808162830382025
OAS1,71.3831336614386,4.4474162082044,0.221881295154328,20.0441240669297,2.27144766794332e-89,1.08610143876428e-86
OAS3,17.3004416477897,5.92495240826271,0.571467148856021,10.3679667678596,3.46825588697491e-25,2.47800903372828e-23
OAS2,17.7258771548337,3.87442460785118,0.35081637254153,11.0440244843263,2.34298615536325e-28,1.89142882360233e-26
DDX54,5.87008706990141,-0.334467919226867,0.337536481919803,-0.990908945085038,0.321730044097875,0.648257359517792
SLC8B1,0.410213304142887,-1.49946232450422,1.18590324704237,-1.26440527778624,0.206084599518654,NA
SDS,0.0224953582478284,0.35274060894598,3.05510878660049,0.115459263019725,0.9080811078806,NA
SDSL,0.302340511188639,-0.740232736955874,1.47708385237982,-0.50114469517979,0.616269293279247,NA
MAP1LC3B2,2.03551198390019,0.113898650036476,0.570347716424977,0.199700370066194,0.841714924332864,0.94949602575558
C12orf49,2.80659264408569,-0.564461833304371,0.556448911385017,-1.0144001035053,0.310391874947932,0.638517471050304
TESC,3.03509572303191,-0.454938124867998,0.591201917216703,-0.769513953895453,0.441588264083459,0.752649478898487
FBXO21,6.05620339373139,-0.569001346662442,0.328733539988659,-1.7308892383846,0.0834715213958761,0.313131549183323
RFC5,1.68463844490421,-0.828520992794301,0.713307141181636,-1.16152067596268,0.245430219856032,0.56877112274475
PEBP1,36.0445002814711,-0.938450834587876,0.16789292923788,-5.5895792565405,2.27620457547266e-08,5.5485833886816e-07
TAOK3,6.46519662284891,0.136032812037282,0.347930926178209,0.390976489303531,0.695814614261102,0.885582236332311
SUDS3,9.1274977887725,0.736640535970515,0.294128604221367,2.50448451935026,0.012262997159752,0.0811786904632781
CCDC64,0.497628824631695,0.200114520118093,1.09473516202242,0.182797197952791,0.854957147278324,NA
RAB35,2.54985711545591,0.133767008383516,0.56941782573725,0.234918898456195,0.814271681137877,0.939518118083403
RPLP0,357.08139158005,-0.277087557960044,0.0825022955249837,-3.35854361623351,0.000783543549576258,0.00860513551972795
PXN,0.459122409775324,-0.501182832569301,1.29080802780898,-0.388270619466173,0.697815777355303,NA
COX6A1,72.4497750154737,0.420095570470572,0.101989725964491,4.11899891383994,3.8052194050864e-05,0.000584030711654742
TRIAP1,8.86819659680656,-0.0565603297718811,0.30310225109885,-0.186604782929953,0.851970516387116,0.953077108565433
SRSF9,30.728143977608,-0.197710755254179,0.176943546873468,-1.11736629420886,0.263837740591669,0.587279004875906
DYNLL1,52.6772048693514,-0.111982618257605,0.144357634667015,-0.775730487105249,0.437908134957502,0.750860792214219
COQ5,4.54503078954795,-0.43780632242918,0.458547802853187,-0.954767026916391,0.33969552547636,0.665992196910221
RNF10,5.41668550315164,-0.272657446202124,0.3578445266102,-0.76194387765257,0.446093500698876,0.75556326984856
POP5,7.04308685927034,-0.52899710567373,0.317097846053241,-1.66824566063092,0.0952669700743777,0.339457823290581
MLEC,8.6917530936035,-0.309647547076306,0.303332409371662,-1.02081919870589,0.307340106686037,0.635429704689207
ACADS,0.796259702027901,1.38766740120416,0.979816421494272,1.41625244358315,0.156701606171311,NA
C12orf43,3.29739250682976,-0.628903941535267,0.459435257690488,-1.36886303566834,0.171042092218846,0.471484543340287
OASL,34.2317860711039,4.9146098668995,0.328921076534193,14.9416082383173,1.76659671858072e-50,2.8897803164994e-48
P2RX7,0.103128702592155,0.977100397687341,2.42663489822731,0.402656534116906,0.687200913905392,NA
P2RX4,1.7643293654393,0.670122914117469,0.842267216672752,0.795617947430849,0.426254131665819,0.741145645436288
CAMKK2,0.407867392091216,0.474295399758483,1.14293188958087,0.414981333605465,0.678155567946356,NA
ANAPC5_ENSG00000089053,13.1869721375658,-0.419190230059669,0.240137604396519,-1.74562510154592,0.0808761175311886,0.307477643164445
RNF34_ENSG00000170633,7.44652675477001,0.214295690145517,0.301134521882092,0.711627776205025,0.476695302195717,0.774656135210081
KDM2B_ENSG00000089094,3.18234498199357,-0.589732830810125,0.437953466137123,-1.34656504950569,0.178120356897983,0.481808589415953
ORAI1_ENSG00000182500,3.72846960123151,-0.980709000585422,0.438397800103716,-2.23702993115706,0.0252843838651683,0.141592549644942
MORN3_ENSG00000139714,0.247472826297757,0.414096490862594,1.46053155260126,0.283524508679783,0.776774796892575,NA
RHOF,8.19679158836361,-1.32587843867995,0.353608532103065,-3.74956574377425,0.000177141053612688,0.00235279655824031
AC084018.1,1.21211416350323,-1.14348337164352,0.792418002469344,-1.44303053196695,0.149011870592656,0.437533201513439
PSMD9,11.0517444654351,-0.136683733742933,0.253797205219999,-0.538554920746474,0.590193999702245,0.837208101814048
MLXIP,1.27915764025712,0.0273310240497415,0.706096058789204,0.0387072321244903,0.969123807330585,0.988849899272311
VPS33A,3.17315573197894,-0.620201878167399,0.480768155268016,-1.29002279242404,0.197042744583779,0.51012815507404
CLIP1,3.73765925396469,-0.0440470469522,0.449818098287603,-0.097921909144788,0.921994302610358,0.975351695087598
ZCCHC8,2.33408059056728,0.336705169209789,0.712323678843129,0.472685633245585,0.636437477911273,0.860394815723461
RSRC2,15.8560946661637,-0.192836420516724,0.216338082850094,-0.891366041411882,0.372732829511282,0.695559120437923
HCAR2,0,NA,NA,NA,NA,NA
HCAR3,0,NA,NA,NA,NA,NA
DENR,12.4604102801162,0.126080716445369,0.244177093206473,0.516349485489027,0.605610339845409,0.84500809909513
VPS37B,12.8142201541486,0.169695090134316,0.261709495715355,0.648410137624059,0.516719715205107,0.798271731090971
OGFOD2,1.27990296950627,-1.27587556134677,0.753684760615359,-1.69285041706968,0.0904839432106836,0.328724834013798
ARL6IP4,25.3265906072319,-0.603533962305454,0.170082523595176,-3.54847723062931,0.000387465496682119,0.00468576950851372
C12orf65,6.61684053223369,0.48038252878771,0.312860437357937,1.53545310121175,0.124672568694733,0.395591979074253
SBNO1,9.46017936830078,-0.485078070046756,0.260309512714811,-1.8634665517514,0.0623966542364316,0.261712282546329
RILPL2,8.67640641608278,-0.611746544994569,0.354039788705988,-1.72790337275507,0.0840055495565746,0.314375975944412
SNRNP35,9.07157363962795,-0.144181823085859,0.279665405457811,-0.515551156031738,0.606167931909519,0.845019032238073
TMED2,25.9164081023831,-0.0225754064154115,0.18008014629469,-0.125363105705546,0.900236095024482,0.971054218186121
DDX55,3.60331342884996,-0.239858988177864,0.424514404990294,-0.565019668021272,0.572060386540416,0.826332237178339
EIF2B1,4.69477089362273,-0.112383062297541,0.370098213709185,-0.30365740264245,0.761388914169847,0.917563685630044
GTF2H3,0.899741608671353,-1.29448080780397,0.853863159188416,-1.51602841025997,0.129512168743032,NA
ATP6V0A2,2.57472031626449,0.0514317377797395,0.564701523728201,0.0910777386258557,0.92743082111631,0.975683415108361
NCOR2,0.722347610730474,-0.44486515795431,1.08891959038202,-0.408538116022176,0.682878653076923,NA
UBC,221.405703767322,0.117545371005851,0.0820613502904473,1.4324084430711,0.152026963643278,0.440958186301186
SLC15A4,1.0248070001492,0.860315797573676,0.905314782039762,0.950294654015591,0.341962554529578,0.666971835254427
GLT1D1,0.0332651204230916,-0.379320188502241,3.05517703609203,-0.124156532999947,0.901191337516134,NA
RAN,124.443363484466,0.21662521168731,0.107341496778629,2.01809382380848,0.0435814907967592,0.205365560364179
SFSWAP,3.17964725922784,0.264253402553315,0.450150939663996,0.587032880017002,0.557181624344976,0.819186020966989
PUS1,2.14170403742151,0.369938121380583,0.616188925530882,0.60036476809748,0.548263162697209,0.815930821457906
NOC4L,4.20859103052989,0.543294444588051,0.438312933145527,1.23951269402235,0.215155690694502,0.533397011071184
ANKLE2,5.62152623756114,0.0892936230590011,0.341990713035995,0.261099555208106,0.79401573467913,0.932033348097491
CHFR,1.41093484162211,0.0740570161676838,0.648699083849203,0.114162356648093,0.909109091807386,0.973693868141371
ZNF140,2.27136994698775,0.428038745486223,0.531873856854399,0.804774929186637,0.420949571588923,0.737076770984999
MPHOSPH8,17.6282386864852,-0.206530169056178,0.206404595193275,-1.00060838695372,0.317016173760706,0.645437590813405
PSPC1,5.28185237881004,0.151203029009144,0.361530217601107,0.418230680722721,0.675778465966199,0.878596572723045
ZMYM5,2.27041858408497,0.207864144851138,0.557429510256981,0.372897632842061,0.709224633880322,0.890434321187655
ZMYM2,3.89944917998347,-0.716380122715327,0.472394953267491,-1.51648555464072,0.129396620247928,0.403982617509353
GJB2,0.0323575550748445,-0.379320188502241,3.05517703609203,-0.124156532999947,0.901191337516134,NA
CRYL1,0.849683916728932,-0.999488155562102,0.956412944989909,-1.04503829731481,0.296005269677045,NA
IFT88,1.40703472590308,-0.567971414251614,0.672953350020506,-0.843998197251425,0.398670412985187,0.717053034466412
SAP18,83.2035482762347,0.493829209242311,0.10270930322047,4.80802803405536,1.52426394413653e-06,2.95165877780457e-05
MRP63,18.2764237191484,0.0683011029319368,0.210335950368148,0.324723865855505,0.745390070341883,0.910831399230374
MICU2,7.41222629910776,-0.195439177190955,0.328396454211322,-0.595131813040802,0.551755364909197,0.817675857269396
SPATA13,0.768145450070404,0.718018469590044,1.05558168479903,0.680211185860757,0.496370750617741,NA
PARP4,2.54102867630645,0.763852706591451,0.537801103057364,1.42032565989359,0.155512894174743,0.446292696274235
MTMR6,9.18000943060099,-0.160416704248398,0.264339455935367,-0.606858721414712,0.543944674242549,0.814211522382921
NUPL1,2.70728370197843,0.693655316280324,0.607569538538325,1.14168876528784,0.253583412344995,0.578237157423509
RNF6,4.6353711738905,0.0952540170213965,0.432713520350553,0.220131825195175,0.825768489739577,0.941533164784864
CDK8,1.7475756122193,0.572650305937562,0.596538254317126,0.959955714144586,0.337077503977279,0.664348279483406
USP12,2.50336578414035,0.504930696817756,0.509756443921662,0.990533229817008,0.321913555371329,0.648379452827824
RPL21,1328.99347063837,-0.101469340248144,0.0589314744137908,-1.72181913412977,0.0851022873348657,0.316195946248371
GTF3A,55.5016254209781,-0.157471348355696,0.124342565127498,-1.26643155699924,0.205358618873502,0.519539753731253
MTIF3,10.6976581524617,0.129980609476398,0.283778933535262,0.458034738016404,0.646927484292552,0.864947395773462
POLR1D,14.0590345932243,-0.297091776084111,0.234320556976854,-1.26788609551427,0.20483863026076,0.518964604609232
ATP5EP2,2.83675317786167,-0.146581919016144,0.488283537458148,-0.300198363801499,0.764025853051234,0.918782105352384
POMP,43.4553904802082,1.0470387336402,0.167127473382858,6.26491092366142,3.73038587345067e-10,1.08864218729434e-08
UBL3,3.47290692136203,-0.20456598959714,0.449048579315741,-0.455554251855906,0.648710546830097,0.864947395773462
HMGB1,160.141937721451,-0.50630351226986,0.100902522793276,-5.01774879610441,5.22804742038688e-07,1.08325142550416e-05
ALOX5AP,40.0964582548043,-1.18828143527494,0.171098841223532,-6.94499990051077,3.78460591145601e-12,1.30695057475614e-10
HSPH1,20.3568734783871,0.563027456979571,0.256612361107686,2.19407769192887,0.0282298247067658,0.152721140450179
BRCA2,2.90069857827392,1.75108721359196,0.565477855221962,3.09665037705962,0.00195720562984735,0.0185457167608706
N4BP2L1,14.3311404856179,0.565808154259985,0.267763799572,2.11308681444013,0.0345933380331085,0.1742562311295
N4BP2L2,24.0064763544219,0.701962399828674,0.19470309573052,3.6052965526559,0.000311796675195067,0.00386851922756994
PDS5B,2.96537712899762,-0.205274278476671,0.4910251516149,-0.418052472060868,0.675908753340026,0.878596572723045
SPG20,9.37907402086401,0.619702434316227,0.316710047958919,1.95668700222801,0.0503842789795029,0.22564025802348
CCNA1,0.354331839108866,1.04693667685189,1.46567453682797,0.714303653741354,0.475039433400611,NA
RFXAP,1.77787362539688,-0.865151938941826,0.631617620883941,-1.36974002994257,0.170768068191095,0.470938026564262
ALG5,8.23394769592881,-0.0465644052230914,0.320264641773962,-0.145393525070919,0.884400176589446,0.963785325680224
EXOSC8,14.6660833302367,-0.0955993458526925,0.258956498281014,-0.369171449595947,0.711999935087529,0.892099951502868
SUPT20H,3.68953697100721,-0.101334038667196,0.461351824270369,-0.21964590435392,0.826146937790704,0.941571207427029
UFM1,8.10715268016295,0.207574817264003,0.285260653494578,0.727667186908229,0.466817341400527,0.767249231661998
NHLRC3,6.43844202602039,0.359250306116604,0.333481000542425,1.07727368435462,0.281358015193375,0.609038620687173
MRPS31,8.35879219417063,0.273444913287779,0.279308160527832,0.979007963000535,0.327576044981651,0.654099805848358
ELF1,34.1335727429116,1.61433649607393,0.160480889318098,10.0593690808509,8.35319406383162e-24,5.46562676850288e-22
WBP4,4.99201169293867,-0.113469013822781,0.368498693682223,-0.307922431661677,0.758141356562021,0.915768775581271
KBTBD7,2.61887541889722,-0.784311481219346,0.556800926296963,-1.40860304675758,0.158952577453011,0.451370133142036
NAA16,1.39756020130799,0.221734374823605,0.730708156428503,0.303451347672619,0.761545919380464,0.91757500191296
RGCC,18.9226627833105,-2.12763178624129,0.304562914236997,-6.98585312519587,2.83130156949308e-12,9.88728682919606e-11
AKAP11,2.29090287495955,0.212585539611562,0.545705248364393,0.389561105099742,0.696861117885149,0.885839482573623
EPSTI1,84.3557273151945,3.81228101128078,0.194723233957613,19.5779462666003,2.38441938986233e-85,1.05868220909888e-82
DNAJC15,19.9200529723881,1.10756140695977,0.327500787192779,3.38185876270219,0.000719971512496657,0.00803472696890344
LACC1,0.520920019199766,0.127711351592163,1.1888470454812,0.107424543870125,0.914452183976565,NA
TSC22D1,2.75592374004612,-0.473275762169175,0.522609497531134,-0.90560115039046,0.365146999685034,0.689685126114304
NUFIP1,3.27929829543567,-0.321566510963417,0.496405207679272,-0.647790365590165,0.517120547608449,0.798271731090971
GTF2F2,5.72895371426163,-0.0101010362402217,0.347363921459312,-0.0290791173642506,0.976801490683529,0.99151339278349
TPT1,356.995508210114,0.0414710377418395,0.0700093972977118,0.592363873173852,0.553606952638769,0.818146046340154
TPT1-AS1,0.861064178509178,-0.632470025167612,0.902871785292047,-0.700509236716297,0.483609338799823,NA
ZC3H13,7.85483739987516,-0.130875391841434,0.338907353379113,-0.386168640298083,0.69937177720921,0.886372545519633
LCP1,16.0244822029044,0.057004943910118,0.223418611797738,0.255148590582618,0.798608335907328,0.933716975091486
KIAA0226L,26.973397338604,-0.700252874330657,0.198219973987066,-3.53270591376603,0.000411329758999912,0.00492644659333999
ESD,16.0099720956372,0.779577667275251,0.226061575207693,3.44851913271425,0.000563669534872787,0.00653688400889784
SUCLA2,6.0435254573666,0.115944061024883,0.345907533188484,0.335188019630973,0.73748325878914,0.909243709458587
NUDT15,2.11767282682432,-0.431576035350305,0.572837925703006,-0.753399898969085,0.451209643489626,0.759703810050135
MED4,22.8932521073454,0.0681058875096076,0.195085290830658,0.349108265516165,0.727008031520688,0.902913471315204
ITM2B,95.0403281502004,0.320574161692792,0.12722850811764,2.51967241018324,0.0117464098504303,0.0785114877744891
RB1,2.74375716891308,0.612404106940093,0.519396702555128,1.17906814565326,0.238371041622124,0.558715835114299
LPAR6,0.870919429431634,-1.06802180782909,1.00221716698163,-1.06565906373929,0.286577789091548,NA
RCBTB2,0.296926477155042,0.426992940295875,1.28041281250885,0.333480683826665,0.738771467885603,NA
FNDC3A,1.55960102219059,0.488495840770851,0.668607620146769,0.730616621844093,0.465013356369273,0.766952017371318
CDADC1,0.734517354874039,0.543789947923549,0.987774752872508,0.550520193335753,0.581962630412619,NA
SETDB2,2.44219708715846,0.0389938613296192,0.548606570799987,0.0710780063621143,0.94333567227083,0.980979575543856
PHF11,26.6062220663601,2.16486425657511,0.192439286848129,11.2495961299399,2.32654911362318e-29,1.95430125544347e-27
EBPL,4.56542156490551,-0.20108944499332,0.423428208287076,-0.47490800342944,0.634852546628035,0.859373569215999
KPNA3,4.24281652764796,0.163326773339105,0.400600074440226,0.407705299524288,0.683490046276287,0.880716029778897
TRIM13,5.28012209405004,-0.0427697025644951,0.358883000814182,-0.11917450106989,0.905137107856764,0.972236437262424
RNASEH2B,25.7244431821465,0.986153608594355,0.179184066401367,5.50357868531346,3.72158314342516e-08,8.72957012057765e-07
INTS6,3.70581501522556,0.155599486787235,0.502841845529731,0.309440211013693,0.756986686323483,0.914976137659502
WDFY2,3.79350441260013,0.538894411245434,0.491164204110782,1.09717769889413,0.272563719917387,0.598254266598332
DHRS12,3.96787524204482,0.514839503964923,0.397706915692832,1.29451986789829,0.195485911151189,0.508403579094452
VPS36,6.89014779045698,-0.0529029090037433,0.322313012828991,-0.164135194354724,0.869624716421256,0.9563393125385
CKAP2,3.88949893053368,0.090586870745153,0.434015464887424,0.208718071298795,0.834668331972767,0.947115434746754
SUGT1,12.6871948916305,-0.17601746187973,0.229856374259744,-0.765771505996283,0.443812271348554,0.754331786782329
TDRD3,1.90377338122506,-0.40048515059773,0.626379750448822,-0.639364778811526,0.522585656190076,0.80207220713025
MZT1,7.82133365463995,0.537942675996506,0.337995380988761,1.59156812860231,0.111481776094593,0.371366945446939
DIS3,2.85466815742438,0.17123771954532,0.476270108947985,0.359539085758626,0.719191843595774,0.8971496086276
KLF5,0.64317146169435,0.824287749029806,1.12053071988892,0.735622624528777,0.461960389985704,NA
TBC1D4,0.195211383085813,-0.510435474096084,1.63719700693567,-0.311774008829556,0.755212278124237,NA
COMMD6,68.3984682533641,0.138228091615843,0.13274860651188,1.04127715723685,0.297746935110309,0.624635487224327
UCHL3,6.48388649096477,0.925646766075313,0.332698481716364,2.78223922543913,0.00539852306059048,0.0426936632883339
LMO7,1.42067599429783,0.22437533407049,0.706851865017953,0.31742907555997,0.750918047994609,0.912731049341903
KCTD12,0.120844490186184,-0.953236820536299,1.99815794568516,-0.477057793451578,0.633320968267491,NA
IRG1,0.0963074221995409,0.804503104683664,2.46351576864094,0.326567061158893,0.743995360102074,NA
CLN5,4.49345754827334,-1.21776910405136,0.433560817240997,-2.80876189827473,0.00497324130356476,0.0400955485641486
FBXL3,2.05920124798234,-0.287389225564679,0.556021761340332,-0.516866866634691,0.605249098434202,0.84500809909513
MYCBP2,18.8783774298164,1.37401704107971,0.202137038357901,6.79745311518266,1.06484785681028e-11,3.52079482868761e-10
RNF219,4.24933356021809,0.687277608279408,0.425466036673084,1.61535245833851,0.10623438945295,0.361045907512047
RBM26,2.4965248497992,-0.131023005166982,0.502906850778426,-0.260531358767887,0.794453929447378,0.932033348097491
NDFIP2,0.121703698952282,0.0368000211218805,2.28727590671265,0.0160890170765497,0.987163375485736,NA
TGDS,2.89215414162294,1.13846615045311,0.52330051712169,2.17554944664495,0.0295889669457657,0.157825584688438
GPR180,2.78129890414741,2.11403096425528,0.660399235757604,3.20114083994977,0.00136884606817947,0.0137016862476708
DNAJC3,3.00716201311407,0.142334146914164,0.469569528844305,0.303116233424418,0.761801283290855,0.917704801731775
IPO5,2.76453022180141,-0.480889293051778,0.538641069432937,-0.892782448909888,0.371973687081148,0.694713125145162
STK24,1.87738746435007,0.661390763835504,0.648347107195049,1.02011832318785,0.307672347714794,0.635590333464659
UBAC2,5.40911859667671,-0.0683772867659872,0.350502708990831,-0.195083475853466,0.845327598406994,0.950898558606521
GPR18,2.4852330194888,-1.35362989829908,0.558663444259176,-2.42297918757523,0.0153938085773032,0.0972758023376628
GPR183,59.8205896742807,-0.155447272558543,0.156455749791232,-0.993554233487519,0.320439934756322,0.647126262003021
TM9SF2,10.0799994148927,0.412160579294219,0.264034247996129,1.56101180972653,0.118520964435039,0.38514701165689
TPP2,2.0541405320677,-0.0843173356646101,0.561287130256215,-0.150221394932253,0.880589946711779,0.961149624014121
TEX30,4.53851052128558,-0.120883541278977,0.371015834792883,-0.325817741300608,0.744562254945165,0.910831399230374
ERCC5,1.15696641930932,0.0872614715970683,0.740098517560826,0.117905210626093,0.906142764566992,0.972485923326802
ARGLU1,16.3956828213992,0.0834194765867278,0.205773664931324,0.40539432786294,0.685187679661509,0.88092951282387
ABHD13,6.7493372386154,0.796882139735121,0.355882021446225,2.23917504035964,0.0251445291985265,0.141063532037943
TNFSF13B,20.9552397769285,5.03495022027199,0.426890196671298,11.7944854661276,4.16739898055826e-32,3.86635105420152e-30
IRS2,0.472803124430194,-0.201169274159384,1.17463237538067,-0.171261475824885,0.864018170719133,NA
RAB20,1.27324689576884,-2.07975337926062,0.864147031679773,-2.4067124031172,0.0160968405362011,0.100459799972918
CARKD,0.386319966087691,-0.213090874048614,1.23819231731234,-0.172098365552094,0.863360197693768,NA
ING1,1.98222298179258,0.359723831683944,0.599602472990663,0.599937204877982,0.548548086047714,0.815930821457906
ANKRD10,5.02878890769132,-0.672955415364231,0.398710290429355,-1.68783056649868,0.0914437582070838,0.330858207808634
ARHGEF7,0.814481461402734,-0.333167302216764,1.01505989591726,-0.328224278741402,0.742742091996729,NA
TUBGCP3,1.65478240819737,0.155492180013133,0.698318208571839,0.222666655551109,0.823794954849992,0.941533164784864
PCID2,8.06076038573334,-0.71704127622257,0.311088651750795,-2.30494192631936,0.0211698260830985,0.124260282278131
CUL4A,3.21524732257704,0.567886375954275,0.509206094520179,1.11523876494328,0.264748118358008,0.588238262960404
LAMP1,16.5499476958717,-0.140902490416748,0.20955422704945,-0.672391544664468,0.501334464202674,0.789796559525012
TMCO3,0.97105184089634,-0.252683551549685,0.743911170392539,-0.339668984156202,0.73410582148424,0.907197174223863
TFDP1,2.84641948881057,-0.377362222725004,0.553749170774707,-0.68146778837983,0.495575542110848,0.786651947053803
RASA3,0.473437402301498,1.38203256338528,1.17945581669238,1.17175441744058,0.241295668228517,NA
CDC16,2.50878181034307,0.154994813069989,0.499267965597258,0.310444137717856,0.756223233885932,0.914529887516528
UPF3A,3.50936736868589,-0.230974369138963,0.444497479759997,-0.519630323356785,0.603321258939396,0.843320203635549
TTC5,5.59623437000878,-1.01454852481455,0.509430969234719,-1.99153287900543,0.0464223342641314,0.213907509107369
CCNB1IP1,1.56321438328286,-0.417604540875123,0.736196055458615,-0.567246371097405,0.570546807215979,0.825177236153167
OSGEP,9.51153288037933,-0.571592543130105,0.295515251947297,-1.93422349392662,0.0530856549840577,0.234147980473718
APEX1,20.764402509232,-0.195905378045755,0.203638669280105,-0.96202444623269,0.336037324192294,0.663745791922243
TMEM55B,10.7679618222507,0.71021376776134,0.271725218715912,2.61372047510933,0.00895622773096697,0.0640643401331308
PNP,2.56872714032764,0.166466602418945,0.521074116388297,0.319468185395139,0.749371512779287,0.911816354934124
RNASE6,2.26937499271992,-1.60620323744045,0.724940813414739,-2.21563361824621,0.0267166045177414,0.147225544044575
RNASE1,0.0332651204230916,-0.379320188502241,3.05517703609203,-0.124156532999947,0.901191337516134,NA
RNASE2,0,NA,NA,NA,NA,NA
METTL17,1.87482974647445,0.718139304711966,0.6308982011554,1.13828079299766,0.255003251539796,0.579137819353809
HNRNPC,44.3726742866905,-0.325609512553617,0.136777010451567,-2.38058655821342,0.0172850996182224,0.106591447645705
SUPT16H,11.8918012585629,-0.0920973633262172,0.247665470466013,-0.371861944068847,0.709995640701853,0.891222314742067
CHD8,2.76185307321804,0.37333344483585,0.477384836166267,0.782038758989452,0.434191795612262,0.747792932404887
TOX4,8.33671496361882,0.266105807463379,0.302661556915077,0.879219053042952,0.379282515703542,0.699175598343184
METTL3,3.41407735383951,-0.201900241819411,0.467735394489916,-0.431654829200153,0.665992302152146,0.873193028934347
DAD1,53.2174118128623,-0.108404172660586,0.143610440959688,-0.754848825309405,0.450339694185325,0.759238280188765
OXA1L,9.20303119067123,-0.860577238465766,0.305434339999317,-2.81755233700209,0.00483912272481499,0.0392689123465405
SLC7A7,1.00033998089873,-0.434645432236976,0.794473679419654,-0.547086006114733,0.58431964582666,0.835598124627478
MRPL52,11.1481929806896,-0.415392645655691,0.245958968535834,-1.68886968476278,0.0912444059358821,0.330480549365824
MMP14,0,NA,NA,NA,NA,NA
LRP10,8.7233590379802,-0.127676964466512,0.322175279654446,-0.396296589246245,0.691886243097996,0.883805798579383
RBM23,11.3379155852966,-0.0322392822394614,0.254898262749359,-0.126479019086773,0.899352756008167,0.971054218186121
PRMT5,4.42390009816811,-0.357679812255823,0.406381710530309,-0.880157258526885,0.378774124109829,0.699175598343184
PSMB5,18.567674811993,-0.0890400038607289,0.208277307004212,-0.427506986437692,0.669010097560036,0.875339520092545
ACIN1,5.78049425881979,-0.271657249244233,0.380863331079429,-0.71326700964966,0.47568054773852,0.773431934277436
C14orf119,20.0060089063325,-0.366578112511593,0.187999322477649,-1.94989060428755,0.0511891592447374,0.228258116115701
PPP1R3E,2.30742850375527,-0.693831266384239,0.587080912781112,-1.18183243787884,0.237272194067612,0.557044698514402
PABPN1,3.52428258694755,-0.240288569316116,0.420420532742067,-0.571543372891199,0.567631368272089,0.823595952482333
CMTM5,0,NA,NA,NA,NA,NA
NGDN,19.2930873025138,-0.582832668586839,0.203844712667485,-2.85919934326462,0.00424711802601147,0.035531743808462
RP11-66N24.4,3.70500419758244,0.230509988228578,0.416545095275844,0.553385433757009,0.579999511052055,0.831859012621036
AP1G2,4.00388671837487,0.0346692305683958,0.443295122762813,0.0782080126492745,0.937662588370012,0.978396083872473
DHRS4L2,5.01833792309518,-0.409841253201952,0.420161926429036,-0.975436438720664,0.32934381607246,0.65636459144162
PCK2,3.69621962793146,0.454508273460181,0.545033305243763,0.833909174150202,0.404332167103442,0.722479500131407
DCAF11,6.02150524097939,0.0841013449927264,0.370445735476404,0.227027434624317,0.820402409344698,0.940195681505649
PSME1,118.716815738383,0.751143990230014,0.0912882817567244,8.22826299033373,1.89947689604976e-16,8.94480938321613e-15
EMC9,2.1930329219214,0.0729501853037442,0.744023921441614,0.0980481718415674,0.921894042015571,0.975351695087598
PSME2,168.326269514921,1.32731806435369,0.10003594375745,13.2684114778977,3.52984149596955e-40,4.30225387038171e-38
RP11-468E2.4,2.12802218108924,-0.0807249380282692,0.673982411338387,-0.11977306331773,0.904662920663454,0.972153762891947
IRF9,16.0975942380371,1.43875216663224,0.252199643906344,5.70481442537855,1.16469909992556e-08,2.95500800209686e-07
CHMP4A,38.2660270385913,0.23644750146912,0.150784075121436,1.56811985137485,0.116853164512995,0.382495666462759
NEDD8,47.9529638963227,0.0547620085239605,0.132796169899253,0.412376415415492,0.680063546966262,0.879712496033004
GMPR2,2.96646117618726,-0.638880528391029,0.49816786263995,-1.28246034379937,0.199681207584496,0.513735036020481
TINF2,18.4141518471515,0.582693787013288,0.211486861589435,2.75522452143853,0.00586518720572546,0.0460328329176635
TGM1,0.276535657516954,1.21713771539842,3.04344598024332,0.399920919674452,0.68921476354569,NA
RABGGTA,2.18672776001628,0.134200797320589,0.569119548428155,0.235804230747717,0.81358458506354,0.939309394642452
DHRS1,2.3915545076034,-0.466817312498329,0.571413896528808,-0.816951277058755,0.413956272507328,0.731632695452246
KHNYN,3.3010962532632,0.872294627683872,0.5030988903014,1.73384327514873,0.0829458949088891,0.3121194721167
SDR39U1,5.88938339715526,-0.644708271021873,0.365182269641599,-1.76544242318941,0.0774894388401799,0.298065811776335
GZMH,0.629913635960019,0.365520180353175,1.0090787084564,0.362231585395669,0.717178978219703,NA
GZMB,4.16885750004747,-0.934929771487357,0.586490019719682,-1.59411028329897,0.110911336090848,0.370732935727807
G2E3,2.36590006693801,-0.71104706400116,0.570837740613818,-1.24562027597645,0.212903834839523,0.53042494483466
SCFD1,8.39213873526957,0.11245081778107,0.288938436837324,0.389186080647282,0.697138499429646,0.885839482573623
AP4S1,1.30632286004291,-0.505234328371419,0.733668490872889,-0.688641170578707,0.491049105778542,0.783661422726422
HECTD1,6.11910524426566,0.109021946240021,0.329176576336041,0.331195941866549,0.740496485336706,0.910316250081378
ARHGAP5,5.3259886520031,1.20062699227621,0.371111618632607,3.23521800988076,0.00121549883667587,0.0125926432134626
SPTSSA,6.24238531022499,-0.0423225228888538,0.338551666295687,-0.125010528974593,0.900515214815362,0.971054218186121
EAPP,24.3155763445571,-0.243734522817631,0.188191769594383,-1.29513911975514,0.195272241953032,0.508083824185872
SNX6,22.0733903048193,1.36986794675039,0.200882537330377,6.81924852680185,9.15179602347268e-12,3.05847118719926e-10
CFL2,1.82768220595092,0.951502342253992,0.606519085042206,1.56879208869047,0.116696392432139,0.382237760448306
BAZ1A,28.8804609982051,0.925975402011325,0.182244333911166,5.08095578138899,3.75540536285212e-07,7.91308465609789e-06
RP11-73E17.2,2.19799814169703,0.38588772030134,0.688964410934015,0.560098191107143,0.57541246421237,0.828529969317604
SRP54,13.3446968849599,0.0954017185829479,0.240387518472135,0.396866356411955,0.691466014854809,0.88365563407996
FAM177A1,17.9476520845495,0.20027978209449,0.206699134643855,0.968943495770187,0.332573382101843,0.65899781419989
PPP2R3C,8.51761965155456,0.682293655145381,0.322093076860205,2.1183120785968,0.0341486463656698,0.173296409746626
PSMA6,4.267362432198,0.165396594844946,0.403478869432996,0.40992628703797,0.681860021487225,0.879712496033004
NFKBIA,89.2838317151501,0.257882536011546,0.169061262572606,1.52537921512798,0.127164539918385,0.400674192570355
RALGAPA1,1.45617583891896,-0.00723828746961554,0.639556085838485,-0.0113176742898566,0.990969995195518,0.997711287679841
MBIP,2.48159705345287,-0.31714681554516,0.533153613619082,-0.594850728652754,0.551943254832429,0.817675857269396
SEC23A,2.29152620626848,-0.71878714232267,0.539416890243235,-1.33252620621233,0.182687335892929,0.488785103473052
GEMIN2,3.17375866801258,0.146584113221305,0.461333451700564,0.31774004829038,0.750682130087917,0.912622749975845
TRAPPC6B,2.8562560808806,-0.449579116144688,0.494830550879765,-0.908551655400776,0.363586835397297,0.688202122055298
PNN,7.8106047341996,-0.147584992496635,0.309859790784232,-0.476296043843277,0.63386348346016,0.85923409545606
KLHL28,2.51851487959169,-0.722822883555874,0.532593544464814,-1.35717545033749,0.174725469228111,0.477403743614038
PRPF39,1.6343108237044,0.0513864214400563,0.630141925638771,0.0815473774228976,0.935006648574617,0.977957484021508
FKBP3,12.61361480415,0.751033916326387,0.24387046701442,3.07964275265023,0.00207249024042888,0.0195163588810174
MIS18BP1,6.62871766518537,-0.159288105926724,0.334218626690393,-0.476598529244399,0.633648030920534,0.85923409545606
RPS29,75.6941251769768,-0.0659352840897018,0.107727662004851,-0.612055277749672,0.540501185296611,0.812516413011785
LRR1,2.63424321998305,0.171175995909739,0.526486931371842,0.325128670266731,0.745083690968418,0.910831399230374
RPL36AL,155.527464941016,0.246860193539118,0.081134822994659,3.04259237190137,0.00234549817906354,0.0214772074703892
MGAT2,8.00867584355058,-0.258507778571899,0.286279453793809,-0.902991029031681,0.366530656146028,0.690132438455656
DNAAF2,6.84961502427049,-1.1267598859527,0.38482754736973,-2.92796057260979,0.00341193308519174,0.0294973241412404
KLHDC2,8.04292712066471,-0.583123515807879,0.288681611919067,-2.01995378899076,0.0433881810954615,0.204939919216861
NEMF,5.20160203213615,-0.160532044348684,0.369654055504258,-0.434276432135166,0.664087716015346,0.871799206494485
ARF6,42.4621707983513,0.134014630963523,0.173337025200252,0.773144865089841,0.439436651649371,0.752074349508224
C14orf182,1.19107567315703,-2.09074675415069,0.812173864420098,-2.57426007625044,0.010045473068891,0.0696127765844218
VCPKMT,3.1610093150693,0.321418077656702,0.458848980022926,0.700487723957983,0.483622768997856,0.77933906965771
SOS2,0.697639612482003,-1.09751437704492,0.954513800513082,-1.14981509586867,0.25022003630519,NA
ATP5S,4.30926094807729,-0.307031449677349,0.399746122525307,-0.768066110904957,0.442447909235131,0.752876048126355
MAP4K5,2.32823005923376,0.0130424657282358,0.53116809240582,0.0245543094826396,0.980410464050356,0.993031032187879
NIN,4.73181141221246,-0.376989542888141,0.410787988803082,-0.917722896393782,0.35876395746348,0.684187912534774
TMX1,17.375730856726,1.75333601932696,0.226611600415357,7.73718563442146,1.01641602570448e-14,4.29798776583611e-13
GNG2,6.87470295526878,0.312006291938202,0.325102189827491,0.959717595577446,0.337197365149637,0.664348279483406
C14orf166,34.4250678861642,-0.136579904348738,0.167497798941757,-0.815413129077771,0.414835871648314,0.732269857328886
PTGER2,0.653334129558593,-0.121494014759026,1.072064765186,-0.113327122301185,0.909771215262236,NA
ERO1L,1.3629012245305,-0.859123794445315,0.767558206334611,-1.11929465069231,0.263014457168469,0.586826226044223
PSMC6,14.1839649643199,0.1172465960834,0.235537279809805,0.497783604268826,0.618636573411985,0.851704305720686
STYX,2.44242806147553,1.0883060339581,0.540508555749433,2.01348530450019,0.0440635994295686,0.206560583751281
GNPNAT1,1.82600452809379,0.637218000691749,0.655154925721206,0.972621857326782,0.330741275348187,0.65746330910276
DDHD1,3.76956898643073,0.252128066597192,0.416759011117663,0.604973281611922,0.545196749729542,0.814578242393897
CNIH1,21.683112092509,-0.42318910297012,0.214119601465977,-1.97641458359133,0.0481078411703589,0.219397168536281
GMFB,6.86162007017331,0.173568092348459,0.326764179378398,0.53117233559271,0.595299361624916,0.838934318389553
CGRRF1,4.58901828106379,0.235396242240381,0.39772331394836,0.591859300133822,0.553944809791577,0.818146046340154
SAMD4A,3.10409104795224,2.73313217479234,0.599054664308287,4.56240863752928,5.05701012634585e-06,9.05889767877977e-05
GCH1,2.92466248452187,2.3235285949614,0.545030991983518,4.26311279383478,2.01598690441448e-05,0.000325490249294557
SOCS4,1.46256035264794,0.350730183471727,0.685988470942495,0.51127708165394,0.609157050676663,0.845039390946641
MAPK1IP1L,16.2265562270831,0.141186039112551,0.22674814525348,0.622655761769166,0.533510759334726,0.808162830382025
LGALS3,19.1930497375825,-0.275815920304679,0.253231177482622,-1.08918626468736,0.276071754692666,0.602127027077058
FBXO34,2.9384451901896,0.392320856775011,0.478302983071024,0.820235019769371,0.412082141723462,0.729980790240251
KTN1,20.4879502046831,0.139771071682819,0.205334042450903,0.68070092038557,0.496060753847123,0.786816875952058
EXOC5,4.89548843997947,-0.223369709458445,0.356576475918872,-0.626428619226317,0.531033842754251,0.807765711025472
AP5M1,5.78171332218354,-0.0414455676955805,0.351549318839024,-0.117894034989038,0.906151619676454,0.972485923326802
NAA30,2.23831298181002,-0.0325597097247704,0.527134893916111,-0.0617673200931221,0.950748128563276,0.98210030668632
ACTR10,13.6440297764056,-0.267294933828015,0.226678948254967,-1.17917846313352,0.238327120069094,0.558715835114299
PSMA3,34.8957984640424,0.86919711641951,0.15515111431554,5.60226151293874,2.11573025321813e-08,5.2188012912714e-07
RP11-349A22.5,5.77287590681125,-0.0869841701549585,0.34645125749771,-0.251071884637433,0.801758532618855,0.934725015988602
ARID4A,4.48005131085676,-0.0629430995516551,0.370069418645419,-0.170084574353775,0.864943624640037,0.956009379465923
TIMM9,7.42869157225734,0.137918664202182,0.313536801374491,0.439880306227438,0.660023800184316,0.870294593506807
DAAM1,2.14390059766691,-1.35644645983329,0.574284563928494,-2.36197617876802,0.0181778102021951,0.110886426120554
L3HYPDH,3.7703047448867,2.47605287869189,0.605561113016143,4.08885713674597,4.33503724997174e-05,0.000652459843724561
JKAMP,4.05006450737133,0.849839923778312,0.433022791597783,1.962575504727,0.0496955192920917,0.223845904289596
DHRS7,26.3375663739168,-0.577806299117791,0.178646181996744,-3.23436130937476,0.0012191511664394,0.0126093904335895
PPM1A,5.15732115267427,-0.784901820213643,0.369411385441615,-2.12473640809778,0.0336086136854815,0.171379116217353
MNAT1,4.29748416109853,0.716300315561305,0.451982684941075,1.58479592123023,0.113012709426204,0.374260523065148
TRMT5,0.342053049997055,0.998789155770097,1.18379581772979,0.843717422220258,0.398827329575571,NA
SLC38A6,0.603594407289978,0.121582137946879,1.04528423918207,0.116314905926465,0.907402972575437,NA
PRKCH,0.913607767550518,0.55625188565354,0.844782499223007,0.658455739986513,0.510245328420428,NA
HIF1A,17.1859546478253,0.99161726694392,0.203845877692309,4.8645441260318,1.14720912403341e-06,2.2710356417171e-05
SNAPC1,3.13497835321168,0.0915882969132685,0.43691081130204,0.209626986890816,0.833958815103367,0.946987117233853
PPP2R5E,5.08215056293054,0.0908148388831392,0.360434622928529,0.251959254483571,0.801072558133199,0.934409274039401
SYNE2,10.4233984327344,1.26602880579,0.285860749804366,4.42883049406548,9.47454479933382e-06,0.000164049499923841
ZBTB25,1.72201071443294,-0.646594069328804,0.630510686493409,-1.02550850156853,0.305123316059392,0.632637269054431
ZBTB1,6.23418150731396,-0.413395615055855,0.352098986956949,-1.17408919187376,0.240359302144209,0.562013739638281
CHURC1,16.369568139003,0.456483970977032,0.23423939160701,1.94879250601405,0.0513202090782106,0.228514627242233
MAX,15.5765901767322,0.44090709667266,0.221028773491924,1.99479502015501,0.0460652407279371,0.212419537362654
ATP6V1D,6.11189230265061,-0.4293440100278,0.355138471664942,-1.20894818298612,0.226682753305316,0.545744635304982
EIF2S1,24.6112077431656,-0.234366714235716,0.1853527596877,-1.2644360657516,0.206073554796197,0.520501103865567
PLEK2,0.0744168684805322,-0.60965271652238,2.67551417691177,-0.2278637585939,0.819752158026559,NA
PIGH,5.2172946255344,-0.133458273310795,0.429215056961085,-0.31093567466086,0.755849523312531,0.914496704405784
VTI1B,12.0260623153284,0.195323851300821,0.238782751353767,0.817998160224902,0.413358237800835,0.731407573632221
RDH11,7.64978723383091,-0.548783030227689,0.323052496077452,-1.69874257865545,0.0893676970625814,0.326054872995897
ZFP36L1,64.1566833953851,-1.0029430799734,0.128744349621222,-7.79019104857146,6.69079494262323e-15,2.88819315023236e-13
ACTN1,0.268657550406884,-1.52847205173397,1.54410016468623,-0.989878821782625,0.322233352148573,NA
DCAF5,2.05495796875405,0.0329875978684236,0.616177021899687,0.0535359104543076,0.957304919257184,0.984059430809105
ERH,62.6659616381336,0.234352228231642,0.120897033425454,1.93844482028705,0.0525689767209048,0.232410212871369
KIAA0247,0.916724853923806,0.00253884579733829,0.86044309626371,0.00295062603019616,0.997645744461905,NA
SRSF5,45.514408728008,-0.523566686587759,0.15638331082675,-3.34797034171884,0.000814057226482107,0.00886196098040767
COX16,20.2186481870466,0.0949363822545452,0.201561637761552,0.471004221382917,0.637637720355202,0.86064619521093
SYNJ2BP,4.03931103771769,0.328751539864134,0.447161570174851,0.735196317822178,0.462219941229527,0.765950298176077
MED6,6.14418222396898,0.222255118969677,0.354930651514,0.626193083132213,0.531188303527974,0.807765711025472
PCNX,0.984716049279639,0.262594987950229,0.79803856875212,0.32905049734732,0.742117519912411,0.910812869020314
SIPA1L1,8.68280066157849,-0.0499756100185397,0.286211598091246,-0.174610708831608,0.861385533432499,0.954773979282527
RBM25,9.02187481162698,-0.364405492609603,0.276249143692257,-1.31911899432185,0.187129334013146,0.49497699584073
PSEN1,3.30507398519859,0.111033961017878,0.460997581728928,0.240855842673741,0.809666847140078,0.938558209902837
NUMB,4.56348150444751,-0.267197572179261,0.392699742284392,-0.680411885744905,0.496243697222618,0.78690071988158
PNMA1,4.34014243037103,0.164599434195307,0.397635075223583,0.41394596314914,0.678913681455713,0.879385756694217
COQ6,2.23412364418367,-0.782838302847092,0.57287999781339,-1.36649613502843,0.171783293155332,0.472689221006438
ALDH6A1,1.77685623016991,-0.826602706000901,0.649169728953887,-1.27332293718153,0.202903470663993,0.517328947353315
ABCD4,4.62135572164213,-0.359965566996829,0.398548622477961,-0.903191095627821,0.366424482894797,0.690132438455656
NPC2,73.1794825158509,1.45223426050377,0.159847950226624,9.08509779728091,1.03605498094035e-19,5.80190789326595e-18
ISCA2,15.2301839408686,0.153955607906995,0.232751527332028,0.661459066119778,0.50831795735155,0.793653930918014
YLPM1,0.601425387656048,0.934615596307819,1.19278900911216,0.783554835908064,0.433301365605235,NA
DLST,2.12015665453205,-0.440435298474452,0.571952790301326,-0.770055336634365,0.441267068273609,0.752649478898487
EIF2B2,4.36755533492607,0.461494331867549,0.389642211680004,1.18440538020186,0.236252631481708,0.555426005026587
MLH3,2.57162480913673,0.39837729854877,0.658209488099379,0.605243931835606,0.545016929481101,0.814578242393897
ACYP1,2.3744882779827,-0.505308395713456,0.611502790699369,-0.826338658463914,0.408612009707689,0.727004905337573
TMED10,19.1977073520232,-0.147120509158151,0.185787918895279,-0.791873390008079,0.428434504244218,0.744104185074619
FOS,3.95098644249328,-1.14027413108977,0.537200263925405,-2.12262392195716,0.0337853787226194,0.172139273885084
BATF,3.58480106782645,0.512612719109975,0.477137995335867,1.07434898105135,0.282666299687339,0.610237219614429
C14orf1,10.6036112073305,-0.137210158116638,0.274068968901422,-0.500640983423372,0.616623813723082,0.849874418204585
IFT43,4.5032875829089,-0.623501809119674,0.444918168486474,-1.40138536315724,0.161098866817292,0.45538451847944
GPATCH2L,2.981398459255,-0.323565484392073,0.468018208275144,-0.691352342005145,0.489344145987953,0.78274915374707
VASH1,0.088214180812303,-0.790850905931539,2.54117611771966,-0.311214520086555,0.75563754533603,NA
GSTZ1,2.37062569436765,0.469043050793855,0.723094311783556,0.648660960472683,0.51655754338774,0.798271731090971
AHSA1,22.5869881698961,0.61828253822144,0.185369012474851,3.33541474902835,0.000851722644174732,0.00922353302472148
SPTLC2,5.18976352295089,1.29137999236727,0.403343773921658,3.20168569806185,0.00136625981360654,0.0136978564538359
ALKBH1,2.51148879973119,0.474449584966983,0.575360682759046,0.824612454733333,0.409591648144407,0.727642665008755
SLIRP,12.3546227755044,-0.224148782833131,0.23500358677094,-0.953810049936006,0.340179801322248,0.665992196910221
SNW1,17.0725724735883,0.240893434451401,0.208440138302387,1.15569600180333,0.247805524141442,0.570240060640446
GTF2A1,1.88364414631575,0.0416676440146533,0.637414772131788,0.0653697495514558,0.947879608908727,0.981817235420602
SEL1L,2.6812661135838,-0.129123498384492,0.554276309641262,-0.232958717770317,0.81579346230413,0.939644208060827
GPR65,5.3021074264018,0.431460310976186,0.355993229400349,1.21199021594584,0.225516125914814,0.545031302247189
ZC3H14,2.86836688807885,-0.311332257720119,0.533568098011574,-0.583491139894509,0.559562719807044,0.819353284981176
FOXN3,2.29194859342677,-0.356289621354015,0.565705201937471,-0.629814999285434,0.528815630953565,0.806852715269357
TDP1,3.7684404180319,-0.239733480507482,0.464818678202047,-0.515756986003207,0.606024148289268,0.84500809909513
PSMC1,1.99637208897113,0.327328123358562,0.590104369998384,0.554695304763559,0.57910308825312,0.830956785914449
NRDE2,0.850388773964447,-0.814595852728393,0.823226128984697,-0.989516518059323,0.322410492219895,NA
CALM1,62.1831098549838,-0.0903826723454917,0.117710322876862,-0.767839813336014,0.442582358051668,0.752898724041918
RPS6KA5,3.18887044496182,1.41878975150238,0.522715516738164,2.71426752424699,0.00664225021806571,0.0508475706348479
C14orf159,2.0010630992876,1.06697209946652,0.616037365588617,1.73199250413493,0.0832748970710212,0.312725279535615
CCDC88C,2.26608047494343,-0.165432004224054,0.548895824807416,-0.301390531221652,0.76311671383595,0.918058458679336
SMEK1,4.22587228959252,-0.426734925738507,0.419460296962762,-1.01734283036659,0.3089903682152,0.637465691611579
TC2N,0.60351439281849,-1.86150066532402,1.06997271459013,-1.73976461263043,0.0819003585949206,NA
FBLN5,0.560742552822916,-1.46714135857734,1.09098379813971,-1.34478748545948,0.17869387278516,NA
TRIP11,5.22438407083775,0.300980340338173,0.347529419919931,0.866057153974239,0.38645881992076,0.707369854130578
ATXN3,6.62083392991615,0.119628184227931,0.374075010341245,0.319797315834601,0.749121982506813,0.911796013953857
NDUFB1,5.53975254444041,-0.412342837279106,0.356257279123303,-1.15742992899351,0.247096752130807,0.570240060640446
CPSF2,2.49982130844707,-0.471481781008693,0.574454692907526,-0.820746678249509,0.411790576597175,0.72967224176968
RIN3,1.76096229428763,-0.613679418937758,0.604028935693445,-1.01597685586575,0.309640407893521,0.637867511660984
LGMN,4.12191764133946,1.17870850204813,0.423618683134204,2.78247525186398,0.00539459794213817,0.0426936632883339
GOLGA5,2.01788466188421,0.444768745333139,0.59257357213212,0.750571348858557,0.45291066943303,0.760192362665951
MOAP1,3.97545575041186,-0.80592635878316,0.459504865675074,-1.75390168632741,0.0794473546071776,0.303640632351887
TMEM251,3.78469284624655,-0.125630491438866,0.415393391246737,-0.302437386068676,0.762318658330393,0.91797225497515
C14orf142,4.13809349886724,0.494842420917265,0.427120316763167,1.1585550991049,0.246637580140065,0.569925352472359
UBR7,1.74619766412738,0.581335393338399,0.64449456089087,0.902002016176572,0.367055796717935,0.690132438455656
BTBD7,1.06363417759644,0.31812340243555,0.813569363271246,0.3910218560301,0.695781080678173,0.885582236332311
DDX24,27.3252891291461,-0.124219590115196,0.170325112691841,-0.729308721139313,0.465812838737501,0.767017908766173
IFI27,11.7524135385696,4.60890409302584,0.731757820230229,6.2984008719931,3.00731947629468e-10,8.85947766097048e-09
IFI27L2,4.49745615857326,-0.404448829119909,0.39976276702915,-1.01172210740281,0.311670942126371,0.639177359372326
SERPINA1,0.480073049679304,-0.00781460652781272,1.24165061725316,-0.00629372419199578,0.994978367789226,NA
DICER1,2.1264871607045,-0.662547918914957,0.648172148848534,-1.02217893825269,0.306696217314554,0.634628391087639
SNHG10,1.39444465528551,-0.135409262113217,0.708171859693478,-0.191209605775393,0.848361378143202,0.951536327415761
GLRX5,7.27102129357151,-0.403226449236345,0.33710534938164,-1.19614372769816,0.231640475931216,0.552523867378527
TCL1A,24.6419605028205,-0.529039718213088,0.402065017812192,-1.31580638646908,0.188239035183915,0.496012650573641
GSKIP,3.97480019050509,-0.23859779647818,0.452674266351458,-0.527084957581688,0.59813459222758,0.839792727299619
PAPOLA,38.5842558585229,0.0542210627850087,0.155689702239358,0.34826364239331,0.727642195899505,0.902979414995273
VRK1,6.93892364148128,-0.452714760364268,0.314812616810525,-1.43804516143882,0.150421240663262,0.438975789653915
C14orf64,0.177816458670341,-0.815224290241,1.63871765251222,-0.497476968647546,0.618852740320674,NA
BCL11B,0.808481935765649,-0.0905024913749376,0.880453845646661,-0.102790727557635,0.918129064618825,NA
SETD3,1.78127380185273,-1.46028477374821,0.659848711896212,-2.21305997484147,0.02689351108031,0.147807307581969
CCNK,2.67440775762901,0.247410367344682,0.519615831559259,0.476140933970882,0.633973976258115,0.85923409545606
EVL,30.465004022493,1.11934498939112,0.198580616331975,5.63672834774502,1.73311177318924e-08,4.32651517355194e-07
YY1,13.1829902171574,-0.32579455652361,0.22934970301535,-1.42051440329009,0.15545797840688,0.446292696274235
WARS,33.2162090971609,3.34688446965271,0.289493235442675,11.561183682012,6.48092098460285e-31,5.75505783432733e-29
WDR25,2.46944426215672,1.20485115299631,0.677511843201327,1.77834699878195,0.0753468817763196,0.293167055557137
MEG3,0.110486234681557,0.0364210010764233,2.36108824036541,0.01542551458,0.987692708155617,NA
RP11-796G6.2,0.18490310316209,-0.629114233387351,1.60653719995092,-0.391596430762119,0.69535642554697,NA
PPP2R5C,10.0904137713555,0.203741709417686,0.279861425134414,0.728009261440125,0.466607916951821,0.767249231661998
DYNC1H1,3.24214386338421,-0.195152273612175,0.45850482883144,-0.425627520891211,0.670379283239606,0.87616138496687
HSP90AA1,133.412741033088,0.689682747761549,0.113740368727446,6.06365844842849,1.33059568836908e-09,3.69240303522419e-08
WDR20,5.82139036507336,0.10456760513423,0.390036169731398,0.268097200334629,0.788624500787462,0.930011363478442
CINP,5.96483755881392,0.618580805342895,0.334647876706555,1.84845280188439,0.0645368662267236,0.265845699446861
RCOR1,1.46278229072877,-0.771681958262375,0.697634460293263,-1.10614082615412,0.268665570283021,0.593892313257204
TRAF3,4.54435803318106,-0.16993049262443,0.384200046786298,-0.442296907680883,0.658274368354003,0.870020379355818
TNFAIP2,0.0386844800401195,0.442042704943031,3.05417699194027,0.144733820636311,0.884921035293415,NA
EIF5,62.0891258287257,0.222067906277135,0.119018651243992,1.86582442294602,0.0620659341758409,0.260676923538532
MARK3,5.71249591832849,-0.229493964572698,0.363901002888262,-0.630649442434115,0.528269763100916,0.806217738137808
CKB,1.16714841685916,1.63186731824474,0.847625572547026,1.92522190351236,0.0542016029874287,0.237432814777912
BAG5,4.83917160974163,-0.111560795654568,0.379796026001166,-0.293738712406185,0.768957570323602,0.921422364125998
KLC1,1.8331133101919,-1.7085498460951,0.738323938022934,-2.3140924438536,0.0206626518137449,0.121743169359467
APOPT1,9.38530062695658,-0.438962188319779,0.269421920920596,-1.62927421354534,0.103254982459574,0.355824372923293
ZFYVE21,1.95962798745846,-0.932959039150122,0.572545887448127,-1.62949216753329,0.103208871630062,0.355824372923293
C14orf2,18.4362646638862,-0.381374699921785,0.194708303786452,-1.95869766468749,0.0501482041056402,0.224829705399365
SIVA1,17.8820339268623,-0.663081860423743,0.221425987735936,-2.99459818246135,0.0027480659638485,0.0245783856565212
PLD4,1.64847819982494,-0.626831826322928,0.684480521500308,-0.915777449662088,0.359783633346568,0.684547004861422
CDCA4,4.30039202658278,0.0251498182582401,0.424464884612803,0.0592506451533246,0.952752471466252,0.982466715765465
GPR132,2.66138200214355,-1.46621155242133,0.545786318844635,-2.68642049424238,0.00722221340919629,0.0541535326315611
NUDT14,0.926935829552753,0.605258057369356,0.889328765069515,0.68057852297406,0.496138220429925,NA
BRF1,0.909451691998802,-1.61638147248678,0.848284371090317,-1.90547124003854,0.0567188424738805,NA
CRIP2_ENSG00000182809,1.11440114958209,-0.176728083699629,0.879069807467336,-0.20103987441998,0.840667395243237,0.949416520499993
CRIP1_ENSG00000213145,1.08886744966426,-1.25492182660912,0.817801242349986,-1.5345071169164,0.124904943753311,0.395925104727476
AL928768.3_ENSG00000253701,18.0989448622693,-0.817399347301333,0.54481645568971,-1.50032059194421,0.133531377907901,0.410703139572247
KIAA0125,5.33495616649183,-0.648664191840729,0.374885572471445,-1.73029916185995,0.0835768392294873,0.31314866344213
CYFIP1,0.0687333223542004,0.409941838457234,2.37218920188865,0.172811611371831,0.86279950980961,NA
NIPA2,20.6898387095551,0.74432295349708,0.203890724990573,3.65059741452925,0.000261631054992152,0.0032987801984406
UBE3A,6.7658435202437,-0.19662991582608,0.354096484316425,-0.555300389964813,0.578689212171963,0.830894521034587
NDNL2,17.0858168141383,0.319210322814304,0.205108710176845,1.55629823101652,0.119637191900078,0.386118787565361
KLF13,2.57490951942602,0.810884477222102,0.524376337930568,1.54637884772266,0.122013099552164,0.391146687373002
EMC7,24.9336573049761,0.277374955055593,0.169179351803176,1.63953196474173,0.101102519218801,0.351727310557865
KATNBL1,5.91901926464821,-0.456707851670669,0.357936302611484,-1.27594727983318,0.201974156159936,0.516232116567919
EMC4,19.5602573653369,0.156211132168242,0.20783335044202,0.751617254093303,0.452281264170741,0.760192362665951
NOP10,58.8188259095249,0.116159239016275,0.120398886451717,0.964786655754145,0.334651681032183,0.661218960361109
AQR,1.88211281424091,0.00336383398899181,0.626290890199185,0.0053710409038873,0.995714549991859,0.999321684671416
ZNF770,7.49867350887774,0.198512804692769,0.361314341967295,0.54941855784606,0.582718241355905,0.834218468048896
RASGRP1,0.907192433294115,-1.20676397675616,0.894196524394437,-1.34955118235714,0.177159992227335,NA
THBS1,0.598444638055444,-1.88671790312032,1.00331281240946,-1.88048819848056,0.0600415732782684,NA
SRP14,148.439978304793,0.0956741469725591,0.0786664975000668,1.21619939889249,0.223908972657136,0.542619171164428
IVD,0.991225534937088,-1.93133016453148,0.890751660541351,-2.16820271023432,0.0301432667063546,0.159872479391382
C15orf57,14.5096928029971,0.233195117712339,0.237110262226013,0.983488084923368,0.325367276670281,0.652807806533515
RMDN3,2.56127509531254,0.568818902339864,0.54832457939816,1.03737626163722,0.299560536998671,0.626326369991166
GCHFR,2.52314556675301,-2.02224758818009,0.649479612378112,-3.11364290678117,0.00184792994806422,0.0177538370280791
DNAJC17,2.8104392915583,-0.754873294985815,0.518951664857567,-1.45461195349089,0.145776719881687,0.431910434120384
VPS18,1.29097166854503,0.508086184835344,0.736235387041662,0.690113778525281,0.490122639016863,0.782994551956262
INO80,3.33800909271349,1.19577588801581,0.513931753927075,2.32672116264192,0.0199801107558552,0.118817515326534
CHP1,0.21393206432506,-1.10795102420889,1.82622752773386,-0.606688382133704,0.544057733693368,NA
NDUFAF1,4.8548877075991,0.0747104142973923,0.388484630747356,0.192312406680456,0.847497500660229,0.951253966071503
RTF1,16.2300134005873,-0.0853990373340414,0.206597259262388,-0.41335997214552,0.67934289676692,0.879647927955628
EHD4,9.22314954373294,3.61467275292143,0.417124979570911,8.66568278082932,4.48815016041771e-18,2.26815783716719e-16
TMEM87A,6.58239062601485,0.128459382022773,0.317451214589301,0.404658656571739,0.68572843600872,0.881043397732576
ZNF106,4.59902899933529,-0.0814566530751647,0.402607481856733,-0.2023227504355,0.839664415462229,0.948925955672915
SNAP23,13.9872628403133,-0.819050103972263,0.24408596621345,-3.35558048124739,0.000791986085334028,0.0086672280042893
HAUS2,0.868102041703939,-0.526329950821017,0.842784860085478,-0.624512821418784,0.532290852759016,NA
CCNDBP1,26.3767762955744,-0.149120083861793,0.203095965492575,-0.734234594469307,0.462805772646125,0.765950298176077
ADAL,2.29392762148009,-0.529440770606436,0.650247379924928,-0.814214385096885,0.415522146017529,0.732586121954889
MAP1A,0,NA,NA,NA,NA,NA
PDIA3,55.6964094622876,0.0508618084247657,0.152768584001436,0.332933690242803,0.739184337646453,0.909855414417891
SERF2,185.54658509872,-0.0942566159523426,0.0754098842437575,-1.24992389124567,0.211327351044967,0.527554543813461
MFAP1,8.30848522003441,-0.0232068234731281,0.295173901436072,-0.0786208515055797,0.937334201771899,0.978396083872473
CASC4,1.90368310998509,-0.308724503731661,0.568619957638436,-0.54293645445341,0.587173555351681,0.836695801960037
CTDSPL2,1.6439690187671,-0.608519290257379,0.6779472576765,-0.897590901603366,0.369403691418482,0.692308811250803
EIF3J-AS1,2.83074247850098,-0.675723155628274,0.519969039382969,-1.29954498142838,0.193756967083503,0.506047608147501
EIF3J,15.4175242310566,0.123124839115344,0.233681032711532,0.526892737877171,0.598268077217387,0.839792727299619
SPG11,2.38294319752859,0.117204104433509,0.510005424985706,0.229809524941413,0.818239782967347,0.939876314823765
PATL2,2.95380584345197,1.56376194285166,0.503646113643106,3.10488237770812,0.00190354705614886,0.0181479271488057
B2M,5993.62689398956,0.820687812268471,0.0473856530802893,17.3193310405137,3.36243800019127e-67,8.7087144204954e-65
TRIM69,10.3377156589107,1.16087564509574,0.280555912713354,4.13776930904254,3.50698706688944e-05,0.000543626723386154
SPATA5L1,0.908087015840713,-1.06560799017364,0.859407990323167,-1.23993260729742,0.215000322037057,NA
C15orf48,5.38307057405547,0.549866613779083,0.384202182704047,1.43119075979495,0.152375551061925,0.441158092874209
BLOC1S6,5.00009874997715,0.320801899082603,0.364562469893974,0.87996413667019,0.378878738027906,0.699175598343184
SQRDL,14.0542664428094,1.11992830772653,0.27844539610039,4.02207514798613,5.76876454193184e-05,0.000835865743418376
DUT,34.0299223406037,-0.22747382039888,0.168112863615934,-1.35310181211689,0.176023106830797,0.478462666439627
EID1,22.955727859914,-0.483524505369634,0.181887198767749,-2.65837567814239,0.00785183136857422,0.0581035521274493
SECISBP2L,8.22536260750136,1.90203715949828,0.316064952170131,6.01786799339414,1.76729217589376e-09,4.81819656375246e-08
COPS2,3.48256738095513,-0.356407779950099,0.436989484773414,-0.815598068989925,0.41473005425235,0.732269857328886
DTWD1,3.95855201133462,-0.343932374259652,0.444625815326452,-0.773532175605077,0.439207494239315,0.751890328887794
SLC27A2,0.727773611651929,2.62106825953862,1.09842875749219,2.38619777719835,0.0170235931709833,NA
GABPB1,4.99922047511195,-0.0163393971925862,0.4136217588194,-0.0395032341606586,0.968489175043818,0.98877738329148
USP8,5.16255154288715,-0.909168879469699,0.414089350365276,-2.19558623922036,0.0281215720684647,0.152464981697381
TRPM7,1.39013168372393,0.0559816596958202,0.65347536840817,0.0856675896326261,0.931730667108308,0.976908983178071
SPPL2A,11.8675435203527,1.17157268146341,0.250577958738024,4.67548178364831,2.93264309756362e-06,5.47426711545209e-05
DMXL2,0.0166851804699018,-0.233443170298403,3.0558605060609,-0.0763919589377195,0.939107266751526,NA
LYSMD2,58.8453995945687,-0.0364538654605574,0.124010098335239,-0.293958846496604,0.768789350439847,0.921422364125998
TMOD3,6.25699425948187,0.567239245756929,0.344211477593341,1.64793820857734,0.0993653517692686,0.34777873119244
LEO1,2.45456580100193,-0.0224205039004386,0.565342110648748,-0.0396582944700694,0.968365551691459,0.98877738329148
MAPK6,1.07006130351847,-1.35796584183848,0.875006912640065,-1.55194870145796,0.120674498535887,0.388056224986588
GNB5,8.12216979753708,0.230481028147326,0.324347921040852,0.710598136124007,0.477333298436768,0.774732011532449
ARPP19,16.878609225538,0.376654769729916,0.231579491476562,1.62645995691737,0.103851845096865,0.357245749375824
RSL24D1,50.4342727661113,0.184743113734793,0.140480251593917,1.31508245207892,0.188482193422781,0.496125785535287
RAB27A,5.77145433225029,0.303472858857893,0.426268253084154,0.711929299595253,0.476508557598195,0.774575626053969
RP11-139H15.1,3.9433964599453,0.264653905361648,0.418710720691883,0.6320686151153,0.527342042280734,0.805531961680946
CCPG1,4.87168707561591,-0.494499684238729,0.366227415738855,-1.3502530476619,0.1769348274864,0.480273750067888
TEX9,1.9612518296026,-0.64110129426853,0.723091249622348,-0.886611882806439,0.375287894076299,0.697604530376278
ZNF280D,1.13382509440057,-1.08622392424019,0.768842956545342,-1.41280337550459,0.157713545495185,0.449257059062774
LINC00926,13.7755616669792,-2.69658774187785,0.299609510634322,-9.00034093099627,2.2501781678899e-19,1.22693925364944e-17
AQP9,0,NA,NA,NA,NA,NA
ADAM10,2.62968224489621,0.675602369484751,0.496763905651183,1.36000696064892,0.173827721210164,0.475787369019102
FAM63B,2.05733614812322,0.857058942760822,0.599809932496027,1.42888421202745,0.153037515930681,0.442662261063338
RNF111,1.71547289161807,0.975901790667111,0.7475496296072,1.30546755963199,0.191733686522031,0.502028894448588
SLTM,13.5643588723021,-0.083549479850833,0.223813032669388,-0.373300334008031,0.708924927884843,0.890434321187655
GTF2A2,21.2300388263351,0.209369324732779,0.195719717291724,1.06974058429029,0.284736093083696,0.61201496602073
BNIP2,11.2419842887461,0.462487130073108,0.244313647692006,1.89300570984124,0.0583571101452549,0.250516434159464
ANXA2,46.278875599886,0.206998667447939,0.151942142664857,1.36235190459648,0.173086854377245,0.474595450731783
NARG2,4.537957010365,0.130518910150328,0.398046740514811,0.327898452281061,0.742988444000556,0.910831399230374
RORA,2.76431750973799,-1.66217427322082,0.665005723110002,-2.49948867424389,0.0124372674557721,0.0819830906734669
VPS13C,4.43761155813094,0.598910688487546,0.377028832816647,1.58850102792749,0.112173088795355,0.372560393521565
TPM1,1.86582634945041,-1.27960684506195,0.673411076230374,-1.90018681044711,0.0574086085429934,0.247755187199321
LACTB,29.1740653330267,1.49582493437214,0.221020800423482,6.76780163453436,1.30753854139326e-11,4.27771556489499e-10
RPS27L,29.0884687418819,-0.453467483787851,0.179014873033551,-2.53312742178055,0.011304984949014,0.0761341131560901
RAB8B,5.26372609050356,0.256886255101202,0.395380689576783,0.649718769462854,0.515873897594385,0.798271731090971
APH1B,2.44332247804241,0.0507476315683439,0.555905685782012,0.0912882038559389,0.927263590810323,0.975683415108361
USP3,5.53617870574239,-0.620098226554786,0.351234477691507,-1.76548222324411,0.0774827552965745,0.298065811776335
HERC1,1.90214466919228,-1.65408034669201,0.690932165749599,-2.39398370590763,0.0166664891745389,0.103495401307626
FAM96A,12.5995995526488,0.48510239551489,0.274355074344992,1.768155360979,0.0770349344752626,0.297059450708748
SNX1,9.715898642261,0.118298413639814,0.281678778035251,0.41997630941515,0.674502760355275,0.878054274003851
PPIB,32.0360651663986,-0.446316119279401,0.185194073257812,-2.40999137514556,0.015952897644849,0.100063785832878
TRIP4,4.74825482208407,0.139456420707946,0.400745306917112,0.347992648449881,0.727845704550193,0.903051676543712
OAZ2,9.11946586288451,-0.989291108563191,0.304052316770723,-3.25368712552579,0.00113917670184055,0.0118810778165115
PLEKHO2,0.413831253163661,-1.00988302695175,1.16058042304824,-0.870153422284442,0.384216566233492,NA
SPG21,19.5412363740923,-0.564623015632391,0.213551475558601,-2.64396681950086,0.00819406881465556,0.0599227432375282
MTFMT,1.77916101816396,-1.34015885969902,0.657537085949231,-2.03814946462578,0.0415349876133344,0.199266331723552
PDCD7,5.96456256067133,0.0843093672438305,0.34718199321514,0.242839112890242,0.808130034590373,0.937714447454501
CLPX,3.00847542470476,0.0710668268517037,0.472152922091217,0.150516545649958,0.880357097900683,0.961064229109702
DPP8,1.64425739385334,1.04767966598908,0.647825749532632,1.61722448782704,0.105829832276262,0.36045930818041
PTPLAD1,5.92784182031106,-1.16518615938389,0.372700450707069,-3.12633418385557,0.00177000289325594,0.0170757504211867
VWA9,4.09512290494375,0.393308265382546,0.483672985037784,0.813169801806939,0.416120710667872,0.732657006251591
RAB11A,13.5336506505082,0.12569319936748,0.238598001988036,0.526799044083289,0.598333146806816,0.839792727299619
MAP2K1,7.96292387970374,-0.907949161561864,0.32891110032099,-2.7604698068134,0.00577182929043655,0.045414798568802
SNAPC5,6.60890644373403,-0.000420914378582257,0.318604772226367,-0.00132111762055843,0.998945900954181,0.999778745990388
RPL4,230.262610694637,-0.31849445627636,0.091875409241195,-3.46659088549185,0.000527103501201622,0.00613572165443686
SMAD3,2.85371929264683,0.132556205628601,0.476545209777155,0.278160818551902,0.780888910629796,0.925806879358156
AAGAB,1.85686571004214,-0.140282447726371,0.590755740564548,-0.237462690743067,0.812297859974293,0.938961568850194
C15orf61,3.61028636991169,-0.510066486467758,0.418777281919428,-1.21798986833745,0.223227822918665,0.541845016044485
PIAS1,6.12329789634261,-0.225627915451697,0.344582907395957,-0.654785570058558,0.51260582249008,0.796832355107668
ANP32A,18.0480377872044,-0.206291364152838,0.215157533872382,-0.9587921949096,0.337663441967453,0.664671194525312
RPLP1,1245.31740504246,0.109270912856795,0.0498926376378932,2.19012098838817,0.0285154634535847,0.153695092409542
TLE3,1.1870401766262,-1.26852417036471,0.788623995522925,-1.60852849718778,0.107719480102394,0.364102386251486
PKM,73.02753567568,-1.13873969298964,0.149044885718289,-7.64024667805094,2.16805960356676e-14,8.80827352664771e-13
HEXA,4.08442786706709,-0.642414390419288,0.394304701099039,-1.62923340408749,0.103263618019258,0.355824372923293
ADPGK,13.3799327467529,0.714515864346698,0.228456813443752,3.1275752015276,0.00176254723373796,0.017038870303134
STOML1,0.355524419192101,0.229948320754433,1.14740432024229,0.200407403648154,0.841161969670912,NA
PML,7.35646231369201,3.45660982299444,0.450322120605633,7.67586060028694,1.64311736795222e-14,6.76398513853709e-13
UBL7,9.48778548908014,0.0915105036234602,0.293355057639176,0.311944523336009,0.75508268484559,0.913861754088822
UBL7-AS1,1.07682291263185,-0.0766510002418512,0.734017203374754,-0.104426708106345,0.916830728543743,0.9751814025147
CLK3,6.66698467211113,0.237858113116156,0.337380047271318,0.705015352982249,0.480800681775621,0.777890952086742
EDC3,0.692800710283672,-1.28022194311657,0.896885255971001,-1.42740884030985,0.153462084168064,NA
CSK,5.62949108594489,-0.130299080238096,0.339968735937946,-0.383267831609901,0.701521188194362,0.887805147556356
SCAMP2,13.5374876195854,0.0966221692451413,0.239088651089935,0.40412695794915,0.686119362169932,0.881181395712458
MPI,2.54767345659241,-0.328764669565965,0.53304181040766,-0.616770885785735,0.537385857997571,0.810184451446253
FAM219B,1.62646597548722,-0.560396886627596,0.782473606006677,-0.716186312644537,0.473876313493147,0.772316508828894
COX5A,74.1948121319976,1.94809864918265,0.183667965482536,10.6066327030115,2.77572902423819e-26,2.13011501415612e-24
PPCDC,0.944871116138492,-0.674802659610095,0.831303079216079,-0.81174083975057,0.416940354929878,NA
C15orf39,0.354017783560244,-0.384637707671659,1.15813043046814,-0.332119507054297,0.73979902086381,NA
COMMD4,1.74511951233384,0.058154223189107,0.5873392945111,0.0990129959506872,0.921127951533673,0.975351695087598
PTPN9,0.854559641339781,-0.897623703528578,0.899677083497679,-0.9977176478019,0.31841629314912,NA
SNUPN,2.67431472175152,0.0243167359934391,0.504009186188702,0.0482466126804578,0.961519701870241,0.985414602815086
IMP3,25.7420392876883,-0.411770507791024,0.177918971324797,-2.31437100116391,0.0206473801625138,0.121743169359467
UBE2Q2,4.47470205789558,-0.312286962606163,0.397223286258523,-0.786174862877797,0.431765050541775,0.74746461239414
FBXO22,3.51523013810478,-0.42399486807281,0.44948876599642,-0.943282458089703,0.345536446030391,0.669662963302388
ETFA,11.0949459713525,-0.169488910769515,0.262037663621675,-0.64681125769088,0.517754105452328,0.798600377045079
SCAPER,3.04468531168434,-0.205728622492695,0.484591489165689,-0.424540313010644,0.671171811805257,0.876206143027596
RCN2,9.66977679163646,-0.71267790116653,0.288534508149511,-2.4699919109753,0.0135116107394266,0.0873057924701411
PSTPIP1,0.23483910202014,-0.911383916012243,1.40786242281507,-0.647352966627165,0.517403528634252,NA
TSPAN3,6.62044605076343,-0.268768618544574,0.358024485892839,-0.750698986060468,0.452833833381637,0.760192362665951
IDH3A,10.8482398845444,1.80213296275116,0.277871518482885,6.485490030034,8.84438486305904e-11,2.74883481543875e-09
DNAJA4,0.602053708876119,0.843505672152744,1.06848878214968,0.789438023350798,0.429856039785707,NA
WDR61,9.82589799285246,-0.0762548031470902,0.345585727340153,-0.220653797637986,0.825362008841845,0.941533164784864
IREB2,2.60211487724267,0.118009710043705,0.507209222342688,0.232664756170331,0.81602173869559,0.939644208060827
PSMA4,80.3836124340422,1.32294170106485,0.107876917870128,12.263436212161,1.42333619436202e-34,1.38241527877411e-32
MORF4L1,41.0616721388573,-0.0803375544856597,0.138925864059385,-0.578276442832262,0.563077496186007,0.821617304293948
CTSH,29.0234098013953,-1.33201861608746,0.21685335989167,-6.14248548767183,8.12401022744443e-10,2.3058834508582e-08
TMED3,4.84443655302484,0.0646932988854904,0.389347481255661,0.166158257084011,0.868032408754566,0.956289790012189
MTHFS,10.863806051572,-0.234770671044749,0.26009834980049,-0.902622685706509,0.366726182268158,0.690132438455656
ST20,2.195545580251,-0.157533142465323,0.560234994915233,-0.28119118565444,0.77856376486941,0.924460814217432
BCL2A1,14.7885496885705,0.312402772087131,0.290884389603679,1.07397572111989,0.282833563338026,0.610237219614429
ZFAND6,24.5317767782078,-0.0955908674776792,0.17032315366496,-0.561232371646397,0.57463913758145,0.82799185887953
FAH,0.0224953582478284,0.35274060894598,3.05510878660049,0.115459263019725,0.9080811078806,NA
MESDC2,13.7262479317535,0.0506675717625389,0.235684727048088,0.214980293365386,0.829782682967017,0.944848719055318
MESDC1,4.40072067563382,-0.0745320646235176,0.461863404154138,-0.161372526927126,0.871800003400836,0.957439721049399
IL16,12.2536590384002,-1.62365314144715,0.276584426292882,-5.8703708057945,4.34821510832065e-09,1.13565147534963e-07
RP11-752G15.6,1.92815349882916,-0.488296529137897,0.609185278953074,-0.801556679073184,0.422809445337919,0.73846122849691
WHAMM,10.0328066555409,-0.311234103258077,0.294873087669681,-1.05548494003876,0.291203593605921,0.619268401592338
C15orf40,7.4030432407503,-0.749243346328091,0.321176636191556,-2.33280775093873,0.0196582376908418,0.11760885994829
BTBD1,3.64054164339161,-0.0421451385237084,0.479539861700947,-0.0878866219258978,0.929966789613819,0.976309881201556
TM6SF1,0.611448371004369,-1.42447855346781,1.05198043265729,-1.35409225233363,0.175706947680743,NA
WDR73,3.45638445746114,-0.631021708573065,0.480813556625284,-1.31240415308182,0.189383806350449,0.497132491669929
NMB,1.78911678851034,0.060319323157048,0.605870306580528,0.0995581438831096,0.920695125007053,0.975351695087598
SEC11A,27.2187033219479,0.100304978240939,0.15778330470363,0.635713508658886,0.524963170018603,0.804132840028496
AKAP13,11.2172774013213,-0.147527559223707,0.257575908758822,-0.572753717281232,0.566811460512659,0.822949112308839
MRPL46,10.2219062953086,0.094909860636003,0.286307575467445,0.3314961557725,0.740269744249303,0.910316250081378
MRPS11,6.66044786662668,-0.149922515172314,0.341494928761107,-0.439018276834185,0.660648293203617,0.870409027247496
AEN,3.79750160543518,0.58207153939356,0.457919123568902,1.27112302027713,0.203684886920069,0.518458686528303
ISG20,740.100312989762,3.30131538443883,0.093054424710673,35.4772531741866,1.10260785736601e-275,3.42690522069357e-272
HAPLN3,15.4679079592873,4.0338311556713,0.423303533108385,9.52940582860301,1.58185993362678e-21,9.18957135273279e-20
POLG,3.47577918688987,0.0322845970543919,0.486349286402082,0.0663815039047906,0.947074095465064,0.981817235420602
ANPEP,0.0549490603892113,-0.379320188502241,3.05517703609203,-0.124156532999947,0.901191337516134,NA
IDH2,10.8580880614703,0.874540589475813,0.263797643991201,3.31519484497362,0.000915792675387739,0.0098147711555348
CIB1,77.0151252924847,-0.154282195354764,0.1267210656337,-1.21749445984563,0.223416143046332,0.541845016044485
IQGAP1,5.9407581947479,0.686003503821769,0.351328608697901,1.95259790076375,0.0508672601120761,0.227475459609112
CRTC3,3.28945402399724,-1.23767354285766,0.525286820713268,-2.35618617116087,0.0184636615502519,0.112080195504263
FURIN,0.792506889932063,-1.36253790806465,1.06431485528732,-1.28020190763646,0.200474135206477,NA
FES,0.378579981164792,-0.745126125966016,1.47239352019264,-0.506064524019723,0.612811353976269,NA
UNC45A,3.59547001905509,-0.343132135163346,0.463903479028491,-0.739662776148899,0.459504640064169,0.765758939045275
HDDC3,4.37698647801092,-1.1874371600955,0.451812102910849,-2.62816589561304,0.00858466384740891,0.0620616251857129
SLCO3A1,0.344564151682784,-1.17705116313458,1.37707772988025,-0.854745623717947,0.392691987042963,NA
CHD2,13.0379309240927,-0.559226719462298,0.229246223426874,-2.43941518906061,0.0147110553708392,0.0935009408845976
LRRC28,1.13802143614072,-0.988603378311361,0.766184303046209,-1.29029448186403,0.196948432092491,0.510096439119552
MEF2A,5.61559057496289,1.0431949302126,0.402684777906859,2.59059936567529,0.0095808957712298,0.0672176615281766
LINS,4.6314004527958,0.48755787902291,0.448472491622104,1.08715225154487,0.276969528857566,0.602268357792139
VIMP,13.2017966787512,0.120226595196501,0.239666606375592,0.50164099627667,0.615920076092758,0.84942429701525
SNRPA1,12.7043379425922,0.000588780694721078,0.243959824717106,0.00241343301260289,0.998074360930078,0.999526794679658
TM2D3,11.4853658913067,-0.0516428386438458,0.305318940963415,-0.16914390728885,0.865683449426658,0.956127988918996
TARSL2,1.80885709102247,-2.11389608974975,0.793958586119068,-2.6624765154095,0.0077567982125724,0.0576060426396058
POLR3K,8.74658637128589,-0.30884584913048,0.289460005803035,-1.06697244157673,0.285984280544851,0.613203962699825
SNRNP25,5.27784219306124,-1.69333002296524,0.459749006798988,-3.68316189469356,0.000230358755880812,0.00294026699497973
MPG,14.1833625958518,-0.763292993628442,0.258084332357108,-2.95753324759088,0.00310111303810274,0.0272303279552883
NPRL3,2.74766253916571,-0.819846652935782,0.524350600023679,-1.5635467050076,0.117924059179404,0.383979021403444
HBM,0.706309501895259,0.328487952341566,1.25294549108532,0.262172580274841,0.793188391985864,NA
HBA2,166.74419830436,-0.515544357901717,1.35854548417051,-0.379482589216725,0.704329530933842,0.889050678465837
HBA1,73.2607687964146,-0.441491812436461,1.46410245282669,-0.301544343146265,0.762999441612788,0.918058458679336
LUC7L,4.46343278976899,0.335493141177201,0.421078143519253,0.796747934654703,0.42559743869103,0.740210878260615
MRPL28,13.3144188313115,-0.106603122496414,0.237714399139868,-0.448450421523225,0.653828159424414,0.867229805000569
NME4,3.80819840204767,-2.18489056253312,0.543521205694561,-4.01988099018338,5.82275477294028e-05,0.000841726596944111
C16orf13,12.8564171533967,-0.26219418153011,0.260936360835941,-1.00482041172851,0.314983333325402,0.643000459753923
FAM195A,3.50624489025551,-1.07985947509196,0.486648704663478,-2.21897123067182,0.0264886818415016,0.146489009187521
RHOT2,4.1236992933343,-0.467244357784248,0.431196695764941,-1.08359911468097,0.278542583547237,0.604335322628141
STUB1,23.3044575902012,-0.0265714760962795,0.16941594157076,-0.156841651676454,0.875369645768359,0.959120576755459
JMJD8,1.22709383782444,0.862336162951552,0.751701849482445,1.14717845053232,0.251307875919167,0.575252226208134
FAM173A,6.1522805233009,0.318331422199002,0.366979584796072,0.867436324491718,0.385702986358804,0.706818916039601
RPUSD1,2.34178433017059,0.20569707564551,0.576151664806304,0.357018972972443,0.721077602124003,0.898369907856628
UBE2I,43.0661870463232,-0.137741110087208,0.138382430670384,-0.995365592437785,0.319558486738111,0.646627662449806
TSR3,5.38827143984393,-1.27123384020496,0.378477690417307,-3.35880785682058,0.000782794749065317,0.00860513551972795
GNPTG,3.83928671724755,-0.234902790518021,0.405217251952371,-0.579695927027388,0.562119690492632,0.820905597963046
UNKL,0.916219587582111,0.224796018949164,0.882269176958807,0.254793009684458,0.798882974595598,NA
C16orf91,5.36388512906697,-0.0508191031753242,0.358936810258992,-0.141582311211423,0.887409939775562,0.965203882002606
CLCN7,1.0230570516559,-0.273895580323771,0.83376435422386,-0.328504785478311,0.742530026589102,0.910812869020314
TMEM204,0.633105239259592,-1.28755360402892,1.08615474798501,-1.18542372200419,0.23584995707261,NA
HN1L,2.92563205166124,0.26601217514766,0.481351441513138,0.552636082924038,0.58051262885664,0.83201902259001
NME3,4.59395380512442,-0.906388501335793,0.398383868368727,-2.27516366324572,0.0228961137614442,0.131536038984121
MRPS34,15.1153948235586,-0.340782563816765,0.218688476765116,-1.55830141970756,0.119161812582796,0.385490189676383
SPSB3,8.99175987979368,-0.6872519966272,0.281131272560149,-2.44459462075732,0.0145015035977709,0.0923579368480982
NUBP2,7.13292046784023,0.388154534060488,0.332437841695695,1.16760033117949,0.242968016556502,0.564805232204643
HAGH,7.54377477937183,-0.528470615399888,0.296516646614908,-1.78226288956459,0.0747063714140589,0.291326728174272
FAHD1,3.32699622071886,-0.187314074935933,0.517296035659399,-0.362102281911291,0.717275598478368,0.895478031761706
MSRB1,4.41031827893403,1.05285180996419,0.420851033274219,2.50172086254134,0.0123591326732357,0.0816411994652852
NDUFB10,22.169526050826,-0.390120954681502,0.192527282218345,-2.02631518082235,0.042732496571606,0.202458230708158
RPS2,1821.56030182943,-0.280241609194181,0.0697328061582959,-4.01879150765886,5.84974043678508e-05,0.000843665581323807
SNHG9,1.0066313995015,0.493130247594669,0.776597288913248,0.634988371237741,0.525435999306185,0.804610415618408
TBL3,3.91918158803073,-0.262638530100285,0.406377003715884,-0.646292796341171,0.5180897522338,0.798721701360442
GFER,4.79057596789135,-0.122161892519939,0.376140641413675,-0.324777168616529,0.745349725428296,0.910831399230374
SLC9A3R2,0.0323575550748445,-0.379320188502241,3.05517703609203,-0.124156532999947,0.901191337516134,NA
NTHL1,2.14216302375132,-1.19976525340886,0.601262353427721,-1.99541056673372,0.0459981194074714,0.212381988410049
MLST8,1.15145218424162,0.0400871998954955,0.748508848653229,0.053556080155396,0.957288849218407,0.984059430809105
PGP,3.53335831160254,-0.258837139563145,0.441916319586632,-0.585715277058021,0.558066866071029,0.819353284981176
RNPS1,40.7090531260311,0.0982705266392418,0.138222633606419,0.71095828573967,0.47711008568593,0.774732011532449
AMDHD2,1.83754056833637,-0.112178508197237,0.635756778756984,-0.176448780328485,0.859941384624542,0.953837686747069
PDPK1,1.53676650183932,-1.47587446637997,0.735550939396738,-2.00648845284653,0.0448041595248289,0.209086077782535
KCTD5,2.52807205325891,0.789971100351266,0.531983787943758,1.48495333552304,0.137556185942983,0.418116993555786
SRRM2,16.5833472090678,-0.298146653706832,0.237002554563048,-1.25798919870933,0.208395662581346,0.524075474264882
TCEB2,31.8057000950319,0.157255744011742,0.149745518665676,1.05015325609065,0.293647656744689,0.622124687908994
FLYWCH2,3.98833644461001,-0.615588026037056,0.485002540624932,-1.26924701310608,0.204352978126685,0.518600435900489
TNFRSF12A,0.250869212122182,-0.494906936336415,1.37696868910988,-0.359417712436394,0.71928262617338,NA
HCFC1R1,3.01012391875951,-0.763098016719359,0.496941700832612,-1.53558861218692,0.124639308905649,0.395591979074253
THOC6,8.33287784050401,0.264902989654327,0.286231684636697,0.925484507386238,0.354713938788095,0.679686141648212
IL32,4.10503068442635,-1.08750591202225,0.584220053487672,-1.86146624979761,0.0626783624796851,0.262087401041807
ZNF200,1.2984425231859,0.931710916511437,0.823365923837137,1.13158789978747,0.257807729603919,0.581470554142947
MEFV,0,NA,NA,NA,NA,NA
ZNF263,2.43476711474872,-0.505045017228059,0.565795109311442,-0.892628813710825,0.37205598352771,0.694713125145162
ZNF75A,8.15562055721634,0.40518272559121,0.29090938848329,1.39281419449439,0.163675984907091,0.459742395925205
CLUAP1,2.45891927888553,-0.121454330083856,0.509238403138238,-0.238501906642115,0.811491836729154,0.938961568850194
TRAP1,5.0502635110953,0.127216425198613,0.407089580813068,0.312502287443779,0.754658824920504,0.913861754088822
CREBBP,2.08525381547796,0.659122229965757,0.56941834649327,1.15753599093693,0.247053443647222,0.570240060640446
CORO7,1.20432721832912,-0.248034136508195,0.766891341146933,-0.323428004986006,0.746371123353198,0.910949570491831
DNAJA3,3.65761253513073,0.03659418600691,0.436206626262736,0.0838918618005326,0.933142410094088,0.977236453141736
NMRAL1,2.02941209898424,-0.925987964194015,0.644095530769425,-1.43765624811563,0.150531612812288,0.439091743426175
HMOX2,6.37272941103305,-0.671824864391371,0.370110513573874,-1.81520070290377,0.0694930717319099,0.279118248724411
CDIP1,2.59879711007175,-0.0410293416851198,0.551113010761472,-0.0744481456324714,0.940653800389137,0.979906824739211
UBALD1,4.29661151003847,-0.757727637706897,0.447586946956866,-1.6929171926453,0.0904712302978109,0.328724834013798
NUDT16L1,4.57172630464196,-0.375086556330829,0.383959696931599,-0.976890437533733,0.328623396374504,0.65534906379978
ANKS3,1.84808593717054,-0.15953542369863,0.597954579693809,-0.266801909570327,0.789621683910919,0.930508907068129
ROGDI,1.25240397654447,0.617826331856888,0.760984535976503,0.811877643563527,0.416861843878092,0.733431424156869
GLYR1,3.89001237645951,-0.434777234572828,0.392350329156699,-1.10813526143159,0.267803404495503,0.5924078157808
UBN1,3.00241149750439,-0.367153019165092,0.472273664951793,-0.777415821402129,0.436913481007913,0.750820433165536
NAGPA,2.77325823691985,-0.186788710042448,0.479242954156684,-0.389757863777333,0.696715604310319,0.885839482573623
FAM86A,3.35408588511198,0.761187082388467,0.443159373360511,1.71763732901851,0.0858627870639873,0.318450527678845
TMEM186,2.17858963036206,-0.154025507251199,0.543146224440883,-0.283580185814149,0.77673212343054,0.923816391994954
CARHSP1,7.83442032648462,-0.190201336422714,0.301078583843396,-0.631733197342413,0.527561231660735,0.805531961680946
ATF7IP2,3.48135413697662,-0.600824137281337,0.448669312067433,-1.33912465399692,0.180530095696797,0.486000465505107
NUBP1,9.37146205760382,-0.00838134476823517,0.264676712599457,-0.0316663475449724,0.974738132188906,0.991161823930352
TVP23A,9.84527852448762,-0.461007289105399,0.668023652535227,-0.690106237040895,0.490127381219726,0.782994551956262
DEXI,2.39597590767389,-0.153237050900189,0.570786913863211,-0.268466300082192,0.788340411659594,0.929852751209874
RMI2,3.63169553489351,0.302849866572186,0.45458164496676,0.666216663003037,0.505272623760284,0.792232934199135
SOCS1,84.6279171947107,2.52695797065678,0.161735103394923,15.6240538857325,4.99277486631112e-55,9.69846517780934e-53
LITAF,41.1583123498883,0.779835915680763,0.209431006289663,3.72359341387195,0.000196407141956455,0.00258111373023536
SNN,3.83841879635889,0.578936408562619,0.415123413748461,1.39461275704728,0.163132646039286,0.459182435964012
TXNDC11,2.64935840337129,0.0270409943738223,0.464775529550608,0.0581807617969221,0.953604644622928,0.982688897476379
ZC3H7A,4.51596953954216,-0.0339614580952844,0.392148606787557,-0.0866035413806348,0.930986650864865,0.976751571751765
RSL1D1,45.5583737663928,-0.0472196568731557,0.154176711440003,-0.306269711113477,0.759399298864752,0.916755055573415
GSPT1,11.885216192471,-0.0660122347670334,0.255003298869495,-0.25886815997944,0.795736965629566,0.932033348097491
SNX29,1.38408565619478,-1.04418608687459,0.689157120689258,-1.5151640395593,0.12973086732806,0.404608870545949
CPPED1,0.881767480471708,0.000985498479967171,0.939557263255921,0.00104889666495903,0.999163101698609,NA
ERCC4,2.25458730469063,1.78682897065282,0.650394883669716,2.74729862659899,0.00600883956718014,0.0468644250308554
BFAR,3.47582850421837,0.803649313233579,0.442463644283692,1.81630586742243,0.0693234657053835,0.27872875991246
PDXDC1,1.31880268018373,-2.05212046009231,0.841464463635505,-2.43874881088409,0.0147382088607411,0.0935778409380659
NTAN1,7.71312734452514,-0.711920245510243,0.330244111309648,-2.15573940951432,0.0311040190391279,0.163296099955422
RRN3,3.0485369292668,-0.387911019079071,0.557689800299524,-0.695567713217512,0.486699591765951,0.781123853334201
KIAA0430,2.38222480665097,-0.207748193899568,0.543913558611976,-0.381950754141384,0.702497892716178,0.888418506015909
NDE1,1.95974596512467,-0.549921228917028,0.560764538102033,-0.98066334718364,0.326758784326785,0.653851103089658
FOPNL,3.24529888927222,-0.595259919386731,0.450662432565398,-1.32085542608513,0.186549574607903,0.494081353982011
RPS15A,513.965587859909,-0.0877763320397601,0.0783450076348728,-1.12038194506078,0.262551035480939,0.586030252940374
ARL6IP1,30.5835292469478,-0.259268852740516,0.169788374141191,-1.52701181133235,0.126758074354057,0.39985832325141
SMG1,3.15558618852216,0.0971221555598583,0.463704441198437,0.209448404912507,0.834098208953563,0.946987117233853
COQ7,1.66575054444954,0.0788813756555857,0.587264324853747,0.134320053708746,0.893149496367599,0.968075391086328
GDE1,2.56758771275638,-0.208992846989111,0.538997373901,-0.387743720301498,0.698205697923638,0.886360072889301
CCP110,1.40868223038335,-0.803816685917509,0.675863611082482,-1.18931789304368,0.234314596861266,0.554227320122181
C16orf62,1.86077041574535,-0.65978157837148,0.605692474912953,-1.08930126375815,0.276021055666293,0.602127027077058
KNOP1,4.62139538991622,0.397247912676282,0.438560689315106,0.905799179804873,0.365042155234337,0.689685126114304
THUMPD1,5.44912403963149,0.198765680858633,0.351878447340675,0.56487029075184,0.572161992515904,0.826332237178339
LYRM1,5.66449326490746,1.04493909403136,0.373491184570988,2.79776106424476,0.00514581633951845,0.0412727669244474
METTL9,13.5064703660335,0.0266382377714939,0.228172396578451,0.116746101504592,0.907061256321688,0.973075564400038
IGSF6,0.55651175330826,2.74807226321005,1.07232226128435,2.56272984570758,0.0103852821989666,NA
UQCRC2,19.9811652432716,0.0127096489242072,0.181292753178719,0.0701056644645803,0.944109558207116,0.981040624175098
POLR3E,3.71648723401584,-0.0539801284808087,0.474043836912788,-0.113871596416809,0.909339581856002,0.973693868141371
GGA2,14.77982375287,-0.548330407905862,0.252321852147007,-2.17313880363559,0.0297698719694408,0.158432811782572
UBFD1,2.2800163332136,1.52507163473228,0.574296064493057,2.65554951360931,0.0079179308782384,0.0584281487620083
NDUFAB1,26.6719051483441,0.114553717236729,0.190272012014586,0.602052377666279,0.547139272824289,0.815200795751625
DCTN5,2.56184116177548,0.344299018171654,0.543277528506668,0.633744265326129,0.526247731685374,0.804712398562432
RBBP6,5.51256020120996,0.359521921907231,0.418927520648798,0.858195998559453,0.390784245193465,0.710683109456576
TNRC6A,2.11296668858571,-0.307694237168322,0.538679349143253,-0.571201100724758,0.567863332172169,0.823595952482333
ARHGAP17,0.851371577279557,1.14200563046631,0.861784912890877,1.32516317399365,0.185117036654107,NA
LCMT1,5.1894217132427,-0.334022020899836,0.368070626213472,-0.907494369589036,0.364145425587461,0.688839916449073
NSMCE1,16.4208977367844,-0.29020039160724,0.219018135473954,-1.3250062191391,0.185169088597683,0.492917678003184
IL4R,7.36494600571095,-0.867080800569112,0.348023337027079,-2.49144441857256,0.0127224871196661,0.0832162476944216
IL21R,2.30937700982655,0.171804733775402,0.579490283902389,0.296475607180916,0.766866892714335,0.920417958121704
GTF3C1,0.720410550656731,0.140712049877788,0.904847299669198,0.155509167048662,0.876419927597185,NA
XPO6,1.8878703218606,0.185796860361473,0.639427011142195,0.290567738184204,0.771381937123499,0.921422364125998
CLN3_ENSG00000188603,3.79161339453292,-0.540557948826571,0.436159038823874,-1.23935973053365,0.215212307555748,0.533397011071184
APOBR,0.288582298827433,0.550001610674865,1.38856055141113,0.396094797678016,0.692035095981091,NA
IL27,0.150429835098847,1.28354276904129,1.88369516618194,0.681396221684267,0.495620812976284,NA
NUPR1,0.0295527836364702,0.429483717069159,3.05433812154166,0.140614332787877,0.88817462481673,NA
CCDC101,5.60058701637879,-0.252181356094056,0.385278607961174,-0.654542844796278,0.512762133273917,0.796832355107668
ATXN2L,2.42974685146125,-0.303153400390931,0.539388470762032,-0.562031665160817,0.57409444498212,0.827398810574741
TUFM,36.5797680307786,-0.562124116784355,0.160093406166876,-3.51122591644042,0.000446045157348976,0.00530137035961996
RABEP2,2.9344262027325,-0.178142612978569,0.470540670431076,-0.378591318823445,0.704991369696865,0.889068343411422
CD19,14.0475862977936,-0.0312979204524011,0.251010725433188,-0.124687582167606,0.900770888669546,0.971054218186121
NFATC2IP,5.21724442043496,0.215048924863819,0.362388373930946,0.593421147955474,0.552899339331447,0.818146046340154
SPNS1,1.91083938787908,-1.25068143893538,0.620353273188778,-2.01607937442895,0.0437916764426611,0.205751368682979
LAT,2.32793050162737,-1.70821664151801,0.588074048824714,-2.90476453591505,0.00367529477460361,0.0314678131114822
RP11-426C22.5,0.121061130672771,0.320877501382973,2.03909596071021,0.157362629109035,0.874959064115317,NA
SPN,0.826661019032319,-0.86269706845921,1.09049648963101,-0.79110485605609,0.428882805684438,NA
KIF22,4.15778567951365,-0.793667343846728,0.499503233931899,-1.58891332414263,0.112079962603751,0.372560393521565
MAZ,1.91122152232731,-0.897128513806364,0.569577083674221,-1.57507831603614,0.11523836852036,0.379258151694351
MVP,12.4488834361718,1.17397113475628,0.265363471207468,4.42401182579663,9.68847133148979e-06,0.00016728760499039
CDIPT,3.75760522956211,-0.459665954869764,0.490022052076751,-0.938051569152173,0.348217909009721,0.673048048011326
TMEM219,12.3788109931425,-0.309833234227922,0.231085571582569,-1.34077273672284,0.179994250455071,0.48518831779216
HIRIP3,1.77741192344866,-0.188863219887541,0.628096051753464,-0.300691620907804,0.763649658815908,0.918507406965883
INO80E,2.61657504074355,-0.741575204441027,0.489514203544419,-1.51492070928997,0.12979248517835,0.404608870545949
ALDOA,32.7363463176567,-0.799833234514967,0.186353014712062,-4.2920327087319,1.77044860479525e-05,0.000292689056579981
PPP4C,40.7292792729863,-0.135742025093251,0.138884281987279,-0.977374999898721,0.328383535128315,0.655291189199875
YPEL3,7.6179038663851,-1.14195103852207,0.327731957189587,-3.48440551331854,0.000493231577449596,0.00578476884042771
CORO1A,60.5764270017946,-0.722652272297405,0.154195464471468,-4.68659875810501,2.77782806742017e-06,5.20089736960355e-05
CD2BP2,17.2535308749185,0.191396777438109,0.203813507176106,0.939077984035335,0.347690706873208,0.672238082091404
SEPT1_ENSG00000180096,10.08132429164,-0.427485359317301,0.258069200864917,-1.65647569676888,0.0976255227644959,0.344162900836666
DCTPP1,21.7517221386995,-0.186642038520351,0.218379018714046,-0.854670195055445,0.392733755155238,0.712976934008457
SEPHS2,12.4122220038086,-0.230076581798491,0.226858805851397,-1.01418404692301,0.310494939423514,0.638517471050304
ITGAL,0.328863432109076,-0.279435584341406,1.21122914961235,-0.230704144158716,0.817544653798284,NA
AC002310.12,0.692144791209411,0.106138316000718,0.952238982955733,0.111461847183852,0.911250118566309,NA
ZNF688,5.38102896620734,0.266181828210624,0.337877262369572,0.787806277178466,0.430810028793579,0.746977723565101
ZNF689,1.50602706668843,0.0738827246555763,0.837881895439645,0.0881779700190435,0.929735226480619,0.976309881201556
PRR14,5.51783470757577,-0.242020852415582,0.406405802273993,-0.595515248703106,0.551499109296761,0.817675857269396
FBRS,1.26666324232739,-0.239439859508247,0.733294217824289,-0.326526316024519,0.744026182101684,0.910831399230374
SRCAP,1.01195363571352,-0.113286500963795,0.784859384960607,-0.144339869197692,0.885232096855284,0.964015892440863
PHKG2,1.64673787879926,-0.646881541462373,0.66034570389446,-0.97961043381871,0.327278452623813,0.653934187802418
BCL7C,3.09825193221125,-1.30209073117461,0.528206052544216,-2.46511891505752,0.0136967786483606,0.0882271254696473
ORAI3,4.29587377246846,-1.73653814816666,0.441651423621684,-3.93192018702551,8.42700458897321e-05,0.00117449014630174
STX4,10.7309735725905,0.274349163158383,0.272054138692398,1.00843591087059,0.313245240476288,0.641070155754578
ZNF668_ENSG00000167394,1.15769915512899,-0.5157715165317,0.736816061870947,-0.700000370814442,0.48392707286964,0.77933906965771
VKORC1,9.76721330195909,-0.324289179525841,0.263712789952356,-1.22970592205418,0.21880724838325,0.538229464167107
BCKDK,4.67774938216593,-0.273361392555182,0.382090959967939,-0.715435383705806,0.474340054896176,0.772667133447231
KAT8,2.70876465193058,-0.101844439294514,0.550022641835574,-0.18516408516317,0.85310033783435,0.953077108565433
FUS,21.1931749245709,0.693346878590649,0.188144339602556,3.68518595911684,0.000228535716876123,0.00292902683732367
PYCARD,5.85193421657642,-0.549948496025505,0.361067541952992,-1.52311806553109,0.127729169893119,0.401499575880461
ITGAX,0.11803971874781,-0.210908124665909,2.01772955001813,-0.104527450006376,0.916750785636711,NA
AHSP,0.15471723165074,0.815498996647148,1.90571444366102,0.427922976267375,0.66870719856479,NA
ZNF720,4.38162536665075,0.216801982359071,0.455268542070332,0.476206814934247,0.633927044837697,0.85923409545606
ZNF267,15.1297041729686,1.51992046937514,0.233603385111867,6.5064145737755,7.69656371549034e-11,2.40411256560241e-09
VPS35,16.1376472804025,-0.209131258195669,0.20586714039534,-1.01585545801074,0.309698222360497,0.637867511660984
C16orf87,3.61621091568048,0.349912771188969,0.470568249033765,0.743596219905311,0.457120790804579,0.763903019961444
DNAJA2,14.4612538415188,0.849116327534433,0.312637694271655,2.7159755304382,0.00660808018728525,0.0506483679952714
ITFG1,6.53398185012649,-0.0539531094315252,0.347114079649758,-0.155433364978927,0.876479682341315,0.959927812951373
PHKB,6.49790356637318,0.130317592988903,0.333839062400559,0.39036052896812,0.696269970594529,0.885839482573623
LONP2,3.37037432572246,0.293319292162348,0.482201929456193,0.608291411220899,0.542994216405191,0.814098419964946
SIAH1,5.70268181244773,-0.0119362334262022,0.37448937069236,-0.0318733570571958,0.974573045829257,0.991161823930352
N4BP1,3.14247774318999,2.23691662479411,0.522385712747324,4.2821167773325,1.85123778764071e-05,0.000303622535302761
PAPD5,0.357290419943377,1.12200219657246,1.3151199026583,0.853155818191573,0.393572900756121,NA
ADCY7,1.02464279147342,-0.32194506829341,0.785066864713675,-0.4100861757945,0.681742733259139,0.879712496033004
BRD7,4.84098296793713,0.434118394656048,0.390408386249508,1.11195970667137,0.26615547524202,0.590173650955131
SNX20,4.43443711565813,0.569215703615667,0.397006449710491,1.4337694111286,0.151638076833168,0.44025328612563
RP11-327F22.2,1.38891205444185,3.02707261894358,0.855974000857052,3.5364071991821,0.000405608976307667,0.00487672223738579
CYLD,15.3564391539919,0.946229491946444,0.217322205602488,4.35403961285589,1.33651539727641e-05,0.000225754883409515
CHD9,5.85144317230301,-0.453556185926003,0.342705973715211,-1.32345573381487,0.185683867841829,0.493132169068515
RBL2,3.84257266255009,-0.320680510804566,0.434173098783956,-0.738600598937928,0.460149560435237,0.765950298176077
AKTIP,1.71328941044742,-1.43603404993719,0.665040730047548,-2.15931744486464,0.0308255476606335,0.162463042240267
LPCAT2,0.16119959727411,0.704215071443672,1.65937752021595,0.424385085891743,0.67128499567731,NA
NUDT21,6.51439181199584,0.643576899115185,0.326906473597598,1.96868814506068,0.0489889134786888,0.221858615419024
OGFOD1,3.24200923534635,1.02149387780786,0.568704573114576,1.79617665497841,0.0724664262739739,0.286661750997249
MT2A,25.7014872410113,4.15871042437603,0.299385377006375,13.8908268197998,7.19993592387458e-44,1.01715458415464e-41
MT1F,0.679183860587712,0.51030513191488,0.971919559686428,0.525048731480947,0.599549314876307,NA
MT1X,0.539579745486245,0.722549301876326,0.971331997355067,0.743874703853909,0.456952280340404,NA
NUP93,5.48333555033,0.191912541659224,0.360097422126341,0.532946169194988,0.594070844182787,0.838934318389553
HERPUD1,199.72179874675,-0.49260652239435,0.0993477506416898,-4.95840639785592,7.10737672137359e-07,1.45806777887981e-05
NLRC5,3.4127151514243,0.453628676602231,0.468773697872766,0.967692254622515,0.33319808748109,0.659356389088598
CPNE2,0.0332651204230916,-0.379320188502241,3.05517703609203,-0.124156532999947,0.901191337516134,NA
FAM192A,8.1401538749455,0.510331983614882,0.298770275807707,1.70810828565603,0.08761625177956,0.323410107518851
RSPRY1,3.48218570384064,-0.438070350475986,0.440517892076577,-0.994443945082336,0.320006782667097,0.646671703855226
ARL2BP,10.5498924507484,-0.996855238418221,0.266282815613966,-3.74359583107074,0.000181405369610084,0.00239918250531124
CCL22,0.708067300690376,-2.22980207430236,1.05518458439679,-2.11318674218223,0.0345847875954257,NA
CIAPIN1,5.24439720007958,0.273966434827916,0.376197360636834,0.728251879184215,0.466459413423504,0.767249231661998
COQ9,2.3644003532371,0.252943740596942,0.607595721834932,0.41630270179167,0.677188515792935,0.878973442089974
POLR2C,10.2568299146331,-0.206062784595908,0.291353395734157,-0.707260624427144,0.479404530255461,0.776911628102744
GPR97,0.0823227445347087,0.44203023894401,3.04494531423715,0.145168531230175,0.884577811145513,NA
KATNB1_ENSG00000140854,0.868560290888984,-0.556794414283179,0.827671205500995,-0.672724157349593,0.501122795925547,NA
KIFC3_ENSG00000140859,0.0549490603892113,-0.379320188502241,3.05517703609203,-0.124156532999947,0.901191337516134,NA
USB1,4.8784316576476,-0.896433809964978,0.391727109631745,-2.28841402068828,0.0221134219114025,0.128584601816165
C16orf80,5.63161956170608,0.00460715489785989,0.368679630271293,0.0124963641047099,0.990029603510073,0.99724907072089
CNOT1,2.45084413337365,-0.155243896897073,0.490059987115166,-0.316785497650904,0.751406369107045,0.912789132376273
GOT2,1.49094972774417,-0.220401939664826,0.640357585002086,-0.344185725018167,0.730706617015995,0.90508361890341
CKLF,6.2741820327477,-2.40098697838878,0.42121584922007,-5.70013446273327,1.1971296502485e-08,3.02494223818889e-07
CMTM3,1.93909301198232,-1.10514541603892,0.628482700989918,-1.75843410534325,0.0786736743629235,0.301501578199712
DYNC1LI2,2.74683705950926,-0.404870277277565,0.521605509166671,-0.776200155409391,0.437630814350333,0.750860792214219
NAE1,6.59027706122327,-0.425925303572752,0.327007639203429,-1.30249343596462,0.192747760405786,0.503835188680556
FAM96B,46.9085540221709,-0.0131203831262438,0.14261043576925,-0.0920015639491707,0.92669679701184,0.975683415108361
CES2,1.27533351631171,0.442574413643014,0.692581424962381,0.639021489302941,0.522808952325636,0.802148506349962
CBFB,4.39120534772076,-0.688856255206979,0.400035841690134,-1.72198634076535,0.0850719928851716,0.316195946248371
TRADD,25.0491718778278,1.03674444219518,0.187713773735678,5.52300676483674,3.33246899504688e-08,7.90634628748528e-07
EXOC3L1,0.0581379860964978,0.442042704943031,3.05417699194027,0.144733820636311,0.884921035293415,NA
E2F4,6.98091610597426,-0.129396184759442,0.335312418181747,-0.385897383285418,0.699572668648539,0.886372545519633
TMEM208,18.674370419594,0.306980105103753,0.195399701409868,1.57103671545452,0.116174120772031,0.381276839872728
FHOD1,0.741384667237262,-0.478282137825802,0.854484778075146,-0.559731606808964,0.575662520189177,NA
ATP6V0D1,16.2417149410421,-0.112878856857138,0.219451261871673,-0.514368684392187,0.606994249243605,0.845033875318757
CTCF,3.06984116171152,0.0152289000270818,0.476866458659206,0.0319353558014975,0.974523603158352,0.991161823930352
ACD,6.33108926178916,0.0612071770272732,0.320720197528844,0.190842913851001,0.848648666137891,0.951546869399027
PARD6A,2.52810862149079,0.0303088437763602,0.517259659271662,0.0585950271456258,0.953274671642199,0.982688897476379
CENPT,1.75521261230652,-0.267567082931045,0.656919304551395,-0.407305860974452,0.683783358654557,0.880759371969587
THAP11,2.16547305187148,-0.713513844401505,0.524365698015728,-1.36071800100872,0.173602823693109,0.475381124262717
NUTF2,18.6464843654555,0.0444522393114857,0.201894623171216,0.220175449020195,0.825734516325431,0.941533164784864
PSMB10,13.6525573603608,0.729985784498362,0.237182981244361,3.07773256187502,0.00208582013852184,0.0195739791313901
DPEP2,1.55864245306305,-1.26872103571942,0.684416678910195,-1.85372606310475,0.0637783609975943,0.263594609016653
DDX28,4.02219017905128,-0.745658786523443,0.432837871831982,-1.72272075769953,0.084939034695578,0.316187827723463
NFATC3,2.91253455843542,-0.229929529504038,0.553473233818938,-0.415430260136585,0.677826958497497,0.879251330137822
SLC7A6,1.28602659625184,0.379900522902099,0.943223942441561,0.402768108195722,0.687118824513836,0.881816224544653
SLC7A6OS,5.15987991252726,0.726131496787712,0.361957125984669,2.00612571119395,0.0448428373131575,0.209109584950178
PRMT7,1.30015207427543,0.665901507579911,0.726096259166763,0.917098110853885,0.359091230921142,0.684187912534774
ZFP90,1.30349280739771,-1.8432262595271,0.805710207072111,-2.28770374676677,0.0221547793669744,0.128584601816165
CHTF8_ENSG00000168802,8.50649013869143,0.359251103787024,0.278135470954849,1.2916407337536,0.196481590663494,0.509311746273677
VPS4A,5.2652386039556,-0.375216373852753,0.357610972328015,-1.04923059661768,0.294071999838798,0.622192455279114
NIP7,8.00305638191838,0.0680175812556529,0.309300527659268,0.219907744000303,0.82594300509873,0.941533164784864
CYB5B,10.5627800650737,0.0347546330652992,0.249434170553598,0.139333889130604,0.889186311407143,0.966593980165403
NFAT5,2.56110361721872,-0.340166866999213,0.570068611851079,-0.596712149954462,0.550699579306383,0.817675857269396
NQO1,0.311027337041023,-0.148318764127834,1.36415482248823,-0.108725755818023,0.91342001276455,NA
NOB1,8.03940158106959,-0.0667702394849722,0.277931064837068,-0.240240289526884,0.810143981551324,0.938649578624983
AARS,4.88225351350942,0.162622274704218,0.386851346184881,0.420374069543754,0.674212207885554,0.878054274003851
DDX19B,3.29369848653933,0.15901059738235,0.475955562222113,0.334087066111742,0.738313859659383,0.909551564101901
DDX19A,1.79132349670192,0.198356376968393,0.60598341004109,0.327329715107124,0.74341851983835,0.910831399230374
ST3GAL2,1.73527522823202,-0.166567114916637,0.666710033252173,-0.249834420676306,0.802715399774425,0.934725015988602
SF3B3,5.81105133899471,-0.246981189059917,0.366013268295925,-0.674787529451609,0.499810764464846,0.789119882964355
CMTR2,5.77513912888406,0.647499127078566,0.505090239829291,1.28194741457963,0.199861093549604,0.513735036020481
IST1,3.8939928068466,-0.338654269197311,0.43366331874085,-0.78091518134529,0.434852382522528,0.7482381965711
TXNL4B,1.97123968602899,1.69365346715862,0.613388014911092,2.76114535332763,0.00575990352120868,0.0453784034066327
PSMD7,25.0607116349559,-0.0333540836826629,0.187164519434465,-0.178207300098573,0.858560176842073,0.953586263561639
GLG1,3.38140600793749,-0.297958514921571,0.478971474342658,-0.622079875070829,0.533889347403897,0.808162830382025
MLKL,2.40213458188683,2.37924685288214,0.646568536645807,3.67980611185462,0.000233411352752285,0.00297312493587746
WDR59,1.33125581921498,-0.403715803514335,0.683463186988001,-0.590691365973195,0.554727234065446,0.818146046340154
CFDP1,9.73843404427442,-0.224807651713379,0.24852442750965,-0.904569639154079,0.365693425787657,0.68990829630683
TMEM170A,11.7555919675792,0.49708063092925,0.234579767136575,2.11902602256333,0.0340882678144564,0.173256478115013
GABARAPL2,44.6296477155842,-0.402844848788959,0.1556726358937,-2.58776917649188,0.00965996879633062,0.0675180757624368
KARS,26.5458950643959,0.694905081767003,0.177915785804356,3.90580902433892,9.39106595107815e-05,0.00129434292576279
TERF2IP,21.8416688562559,0.0150097173442746,0.196110431543557,0.076537067539627,0.93899182481652,0.97891865740989
MON1B,1.28344681474519,-0.679052492764947,0.806711085260548,-0.841754260195433,0.399925519392237,0.718686622880065
CMC2,10.8490480135182,0.41077606015512,0.290356104418542,1.41473195811649,0.157147100540491,0.448787298529626
CENPN,1.17679572425045,0.199528516421523,0.748636510629373,0.266522556125109,0.7898367901583,0.930508907068129
CMIP,1.61232893894036,-0.271413645957268,0.632846260931787,-0.428877695441616,0.668012232906844,0.875339520092545
MPHOSPH6,5.18110999641247,-0.514199884530056,0.450922861834867,-1.14032782112157,0.254149751258343,0.578467540762306
HSBP1,21.9218769303074,0.476279312923627,0.182705344228489,2.60681653804279,0.00913883110979936,0.0649965379616851
MLYCD,1.4640161501246,-0.000100034762967797,0.702255449758497,-0.000142447827214724,0.99988634307833,0.99988634307833
OSGIN1,0.0942971128892663,-0.04793262351915,2.48434072512598,-0.0192939008061059,0.984606649476016,NA
MBTPS1,2.39892411684539,-0.442809231657897,0.524583104968143,-0.8441164564093,0.398604332681093,0.717053034466412
DNAAF1,0,NA,NA,NA,NA,NA
COTL1,21.2316459663322,0.109340487685951,0.310088080902723,0.352611062533073,0.724380042969416,0.900729415302638
KLHL36,2.65418838879501,-0.0313117849003862,0.518283396524126,-0.0604144086235042,0.951825583197083,0.98210030668632
USP10,7.47877571319977,0.130485648399038,0.330343784636368,0.394999556424749,0.692843215333636,0.883972378184294
ZDHHC7,1.65787982265003,0.134684296958421,0.666156280152711,0.202181231298375,0.839775045392005,0.948925955672915
C16orf74,8.76287643709704,-3.12951415655436,0.438992172080856,-7.12886095831785,1.01202899866755e-12,3.72235044717012e-11
EMC8,7.12869984464115,0.113258100025321,0.333259798845449,0.339849272002487,0.733970040220886,0.907197174223863
COX4I1,279.416405181697,-0.324886370941729,0.0966931046853485,-3.35997455039788,0.000779496526766291,0.00859104682691359
IRF8,86.5099940069481,1.89395222647919,0.15249149742151,12.420051337315,2.03430913765748e-35,2.18021820684119e-33
MAP1LC3B,26.4161129103954,-0.178917676724714,0.166655761382416,-1.073576306277,0.283012621694737,0.610401970990403
KLHDC4,2.56897025012105,-0.245969176550125,0.532411863495193,-0.461990412714284,0.64408819568948,0.864532978709957
SLC7A5,4.04379911890185,0.644837975533352,0.466141612306699,1.38335209410371,0.166556931977338,0.46356514711711
BANP,2.05868410710913,-0.154637184044992,0.691021961224069,-0.22378041903483,0.822928166950358,0.941391858718912
ZC3H18,3.25995933152058,0.146431722100121,0.453806502561664,0.322674358506407,0.74694187318531,0.910949570491831
CYBA,132.332893539314,-0.626862306095931,0.115879623859974,-5.40959907544587,6.31659984367786e-08,1.44885552133954e-06
MVD,1.1354632167185,-0.628874473681048,0.867639198846048,-0.724811044173022,0.468567959422141,0.767616724714575
SNAI3,0.667164297600082,-0.628356352123901,1.17742463493672,-0.533670125016259,0.593569781999348,NA
RNF166,2.28156511923908,-0.792329533432945,0.545829567573367,-1.45160610656447,0.146611159835281,0.433556122519556
CTU2,1.89190996715106,-0.39806953846726,0.642471042506994,-0.619591408997903,0.535526824214978,0.808674375630276
APRT,46.2808927888925,-0.0817623659311331,0.143888781887272,-0.568233081542026,0.569876711173793,0.824954270297228
TRAPPC2L,9.07665561399901,-0.0723690527428459,0.293952746817111,-0.246192809988851,0.805532981104119,0.935980511456425
ACSF3,2.02234229633711,-0.470312008458614,0.554479503992933,-0.848204496418334,0.396324093563821,0.715797019983693
ANKRD11,6.07997241104032,-0.22735321547175,0.345906922229816,-0.657267030119448,0.511009232068145,0.796098593116689
SPG7,3.41498466666289,-0.210329691567517,0.46913337791474,-0.448336659613553,0.653910247110306,0.867229805000569
RPL13,1800.05565594852,-0.129384549220683,0.0793657787810803,-1.63023095353947,0.10305269421476,0.355824372923293
CPNE7,0.0333703609398035,-0.432341959868918,3.05494334513531,-0.141522087654221,0.887457512221465,NA
CHMP1A,4.37013649898659,-0.19639054423047,0.380715458640072,-0.51584599409749,0.60596197593902,0.84500809909513
CDK10,2.33020184013971,-0.21522748541431,0.623245110730415,-0.345333612263838,0.729843580210561,0.90462765594992
SPATA2L,1.47872102873939,-1.30049611124331,0.701242580067135,-1.85455953219327,0.0636591514825047,0.263594609016653
ZNF276,1.1837129451416,-0.181772956803341,0.682873848928626,-0.266188194332713,0.790094274695236,0.930508907068129
FANCA,1.03471826867916,-0.680650290385098,0.882453320529371,-0.771315915018356,0.440519701258612,0.752479888355233
TCF25,11.626602872745,-0.0697986770146176,0.249295504716449,-0.279983696834034,0.779490012911047,0.925047480577044
DEF8,2.10362787104017,-0.971076472196731,0.688601934668439,-1.41021455692584,0.15847633876222,0.450479301073993
GLOD4,10.6131895080463,-0.271913420538844,0.248972530518161,-1.09214225349655,0.274770579734016,0.600976046314795
RNMTL1,3.26550026495745,-0.231201939434191,0.522200914026427,-0.442745183365363,0.657950056808802,0.86998884346384
TIMM22,6.55366756296589,-0.177989970596847,0.32070878593579,-0.554989381028317,0.578901923795675,0.830894521034587
ABR,0.459678837741197,0.835783834930826,1.25109700083537,0.668040794896609,0.504107552329599,NA
YWHAE,13.7823955776355,0.311836739580558,0.249366143143804,1.25051755482591,0.211110546653942,0.527394896965921
CRK,3.76521427688543,-0.495493892267577,0.472644628780753,-1.04834343203215,0.294480405957393,0.622192455279114
INPP5K,2.30489598123083,0.537364657767823,0.578057420268536,0.929604290034355,0.352576005413864,0.67708872727581
PITPNA-AS1,2.49115245853964,-0.035808614519306,0.520257624504617,-0.0688286203463188,0.945126036361268,0.981516712066786
PITPNA,0.656210090334629,0.616806227651867,0.89211820778549,0.691395178653475,0.489317233139381,NA
SLC43A2,1.97421701055004,-1.19233102232582,0.62772816990198,-1.89943845042354,0.0575068520212995,0.247755187199321
RILP,0.189749228338456,0.734603749157714,1.69376622933153,0.433710234881491,0.664498873391668,NA
PRPF8,4.06217758200475,-0.281376343238552,0.408899580744585,-0.688130671902818,0.491370496986413,0.783771878180022
MIR22HG,1.12145321013817,-1.72380151570634,0.866608061603849,-1.98913625672495,0.0466861653710738,0.214860568425677
SERPINF1,0.187412976484472,-0.784399320863595,1.82723409789872,-0.429282335397329,0.667717770458396,NA
RPA1,3.54219761551673,-0.296462682496279,0.465052694871476,-0.637481914986452,0.523810986322939,0.802961551413906
TSR1,3.56938700448986,0.441604787790033,0.455268150148721,0.969988319292213,0.332052314470806,0.658605351386338
METTL16,2.24946919388217,0.347657126377108,0.543696814126203,0.639431972644243,0.522541955015755,0.80207220713025
PAFAH1B1,12.6837476988149,-0.104245124845016,0.243289622601529,-0.428481592146464,0.668300532601954,0.875339520092545
TAX1BP3,1.77578790930833,-0.76189336963283,0.650424709307475,-1.17137826827649,0.241446763500692,0.562742062962243
EMC6,18.1202833586064,0.352282570957884,0.206866268529356,1.70294835142681,0.0885777343663434,0.325029041807078
P2RX5,3.53369630595693,-0.556529471885228,0.491256946116909,-1.13286840274577,0.257269520803754,0.581311283648178
ITGAE,8.79665925158469,-0.251123412405849,0.30725667343067,-0.817308244608439,0.413752296372069,0.731537092889201
C17orf85,3.59122946471381,-0.643480108677076,0.454337513512917,-1.41630415613652,0.156686471517027,0.448211277933659
CYB5D2,0.976942168080656,-0.232760341434715,0.815178379229762,-0.285533016288586,0.775235813370883,0.923502832688795
ANKFY1,1.51684763758311,0.900992542844382,0.737783611464484,1.22121517589138,0.222004559753084,0.540389425463146
UBE2G1,5.81068157865868,-0.0930604788764229,0.326133250559531,-0.285344958592121,0.77537987191165,0.923502832688795
ARRB2,5.77879258627539,-1.23945102997688,0.394359712982346,-3.1429453597162,0.00167257058524029,0.0162796133927045
MED11,6.82857180993484,-0.00395823001588366,0.330883006266864,-0.0119626270945183,0.990455432180201,0.9975163587868
CXCL16,4.19665511064095,-1.18852207947318,0.465383580529826,-2.55385477528039,0.0106537681589409,0.0728534905126253
VMO1,0.546640720824397,0.0591927693220252,1.03685149772178,0.0570889557975142,0.954474334072734,NA
PSMB6,42.993024543498,-0.0298438353979761,0.149971481113463,-0.19899673708895,0.842265296978164,0.94949602575558
SLC25A11,7.4313333605104,-0.506767845838588,0.325202472616326,-1.55831486077436,0.119158627872824,0.385490189676383
RNF167,11.9474709406099,-0.366111484116423,0.238135457074301,-1.53740853468197,0.124193297691249,0.394935908432847
PFN1,241.243724982002,-0.498954316139352,0.0872903533351401,-5.71603043263762,1.09041218051013e-08,2.77786971887335e-07
SPAG7,17.3671114948398,-0.0436029132798986,0.196711271272329,-0.22165945549472,0.82457899476752,0.941533164784864
SCIMP,1.48169555038413,0.467960619919363,0.667804046105104,0.700745409748104,0.483461911666088,0.77933906965771
RABEP1,5.11936752738774,0.0614019188275016,0.369724299376413,0.166074880474623,0.868098022099026,0.956289790012189
NUP88,7.02724757144847,-0.031503510479118,0.311385718287565,-0.101171982621324,0.919413937205677,0.9751814025147
RPAIN,9.56035935892314,-0.0139931331833628,0.264480105919739,-0.0529080746345788,0.957805150781294,0.984248109977934
CTC-524C5.2,3.21414031033117,-0.348760016673727,0.46576454498759,-0.748790392972096,0.453983551041249,0.760636591178546
C1QBP,51.4665879203015,0.0875903352282779,0.151203151140158,0.579289086026297,0.562394128475724,0.821005613575646
DERL2,14.4057504351147,0.468193814893813,0.224743975280885,2.08323188334043,0.037230092223765,0.184338897143192
MIS12,3.24509117453521,-0.0714143722498424,0.472919332493773,-0.151007513000714,0.879969789346505,0.961064229109702
TXNDC17,12.299209948414,0.0163696078758348,0.240857211398407,0.0679639516740792,0.945814330301953,0.98156701464772
MED31,2.81663499025625,-0.450413173543851,0.47685048045325,-0.944558497908463,0.344884323564827,0.669662963302388
XAF1,33.9774900993511,3.36583895208543,0.217017969775125,15.5094942394546,2.99226500850002e-54,5.6363391796473e-52
AC027763.2,1.7824555953796,-0.368863688672879,0.654759974150912,-0.563357112888916,0.573191734667224,0.826860931948977
C17orf49,2.72551728395328,-0.46091224974089,0.51217688981113,-0.899908330324814,0.368169036602768,0.691377513460008
CLEC10A,0,NA,NA,NA,NA,NA
ASGR2,0,NA,NA,NA,NA,NA
ASGR1,0,NA,NA,NA,NA,NA
ACADVL,13.1904996668668,-0.87108228289336,0.236468015834805,-3.68372136848263,0.000229853487546526,0.00293985448269384
DVL2,3.41191528238498,-1.04783609537082,0.443706149378708,-2.36155414306976,0.01819851429182,0.110903887096032
PHF23,4.34383472707736,-0.665867045833663,0.407579883300999,-1.63370929998014,0.102319904675909,0.354724220560766
GABARAP,10.8399013343551,-1.32337145242912,0.270726070554397,-4.88823056353271,1.01746327885294e-06,2.04678049881873e-05
CTDNEP1,2.41009115301415,-0.744992586358048,0.558420259807681,-1.33410737392412,0.182168669541555,0.488192714863582
ELP5,8.70246681086297,-0.312252559294102,0.293875453878886,-1.06253365217358,0.287993489146505,0.614966516157566
EIF5A,41.5049236547683,0.0928774380979378,0.479766855057775,0.193588692338393,0.84649795290348,0.951253966071503
GPS2,3.94670756447996,0.0839207524278731,0.443907133885141,0.189050245021715,0.850053436916126,0.952077877729314
ACAP1,5.04567472813059,-0.468799618592973,0.34773782591242,-1.34814099490874,0.177613038263995,0.4812865736756
TMEM256,7.28244582971052,-0.737384628653705,0.342280453655176,-2.15432876981217,0.031214398222059,0.163599240597233
TMEM102,1.52544330356543,0.37667778636452,0.63585253946962,0.592398021526683,0.553584090884264,0.818146046340154
CHRNB1,4.54478144206102,0.96727472593655,0.429063490220955,2.25438600109842,0.0241718951882517,0.13709169752753
POLR2A,2.13088454076541,0.531864674386941,0.601852018614134,0.883713367966513,0.376850962170019,0.698838180444164
EIF4A1,152.679841617542,-0.184834134098387,0.105820873460012,-1.74666989654203,0.0806946150787768,0.306975353322935
CD68,5.00235983569792,1.64193635721646,0.47039098408696,3.4905778655675,0.000481977139796768,0.00567418541851649
MPDU1,2.95502511114927,0.310692882771893,0.461630088352142,0.673034298697814,0.50092547063797,0.789617044106415
SAT2,6.85605496765462,-0.624737135378393,0.342828321194189,-1.82230316679269,0.0684089979682447,0.275765454844753
KDM6B,6.10328596939723,-0.241476829169809,0.362518660443949,-0.666108687685457,0.50534163193365,0.792232934199135
LSMD1,4.76660963232687,0.396169398825053,0.369297166156828,1.07276587835178,0.283376173922077,0.610560241628988
CHD3,2.13059591271586,-0.968834581087986,0.57180355921188,-1.69434863683489,0.0901990535350438,0.328265407947209
TRAPPC1,42.5637828889455,-0.099259169440576,0.130086605806219,-0.763023747336719,0.445449233532389,0.754883433925117
VAMP2,33.6262435822085,-0.576457248890437,0.16235156649601,-3.55067253942759,0.000384248178844993,0.00465591945360716
TMEM107,1.81730923756453,-0.77414522122035,0.635891206095295,-1.21741771831381,0.223445325044814,0.541845016044485
C17orf59,4.58146439314861,-1.04921669456358,0.413580532984695,-2.53691025298429,0.0111835620319772,0.0753980711396644
LINC00324,1.38685662523161,-0.406687697865077,0.836434711447513,-0.486215710920549,0.626814233326324,0.855154018387617
RANGRF,7.77061027884257,-0.611247642138948,0.297389280348465,-2.05537886712904,0.039842425049413,0.193462279644747
RPL26,583.121279418293,-0.081913685687599,0.0644434039799067,-1.27109495508865,0.2036948698795,0.518458686528303
NDEL1,2.90450027797023,0.504469504540096,0.524825850928162,0.961213140793149,0.336445010447959,0.664128988550178
PIK3R5,0.10543911860319,0.886302244308802,2.39471098577626,0.370108230000666,0.711301850203995,NA
STX8,5.9890458999737,-0.132835203646976,0.397897979756465,-0.33384236765484,0.738498510943097,0.909551564101901
GAS7,0.0333703609398035,-0.432341959868918,3.05494334513531,-0.141522087654221,0.887457512221465,NA
SCO1,3.37182772997441,-0.0400927861972536,0.4365250613061,-0.0918453251625333,0.926820931952748,0.975683415108361
ADPRM,3.0267601358504,-0.0719229868310973,0.469726065252533,-0.153116874177358,0.878306109119512,0.960951150784249
MAP2K4,1.22273105598239,0.048476383409296,0.901431400743477,0.0537771186685021,0.957112739791229,0.984059430809105
ELAC2,2.44067737062416,-0.395924852882648,0.54660586464804,-0.724333342339063,0.468861111927805,0.767616724714575
PMP22,0,NA,NA,NA,NA,NA
TRIM16,0.253865708746575,-0.783270905773591,1.38277623116373,-0.566448054371311,0.57108923565475,NA
ZSWIM7,6.65675606520976,-0.388919118720154,0.329100672859728,-1.18176336541835,0.237299607732648,0.557044698514402
TTC19,5.49199802146809,-0.157175241773262,0.355961187942202,-0.441551627248708,0.658813694599072,0.870020379355818
NCOR1,25.3121909748081,-0.266161246901046,0.182243598507788,-1.46046966302452,0.144161039246729,0.429580546480186
PIGL,1.21651203100604,-0.0340067884400982,0.697378888307859,-0.0487637194217527,0.961107595466826,0.985414602815086
CENPV,1.94684077525131,-1.6035824984821,0.630175290182115,-2.54466102283807,0.010938386618521,0.0743906030861343
UBB,254.258294597848,0.127093841231502,0.0770108229060401,1.65033739980376,0.0988739469428853,0.347035829586096
TRPV2,0.44449093234512,0.0590249819962931,1.11326333348429,0.0530197844669478,0.957716144158097,NA
TNFRSF13B,20.358836346261,0.200466235610285,0.425732681900353,0.470873494408413,0.637731077081973,0.86064619521093
MPRIP,0.776651389226243,-1.30548599884204,0.919073004597452,-1.42043775881964,0.15548027669616,NA
FLCN,1.40126042693934,-1.14920879106763,0.707997154772499,-1.62318278162701,0.104550337483205,0.35826069338236
COPS3,12.8190807496336,0.163857218847645,0.268708277989233,0.609795947016604,0.541996986665202,0.813388041794035
ATPAF2,3.74442852556252,-0.600644271240291,0.406678942584941,-1.47694952539825,0.139689167848825,0.422490484186051
GID4,1.46889317643273,0.109070682278093,0.68447199065931,0.159350103096304,0.873393048456366,0.958067353114737
DRG2,3.55165983012926,-0.264338102295786,0.423509346490202,-0.624161200895484,0.532521724616646,0.808162830382025
ALKBH5,11.2696684201912,-0.513782923059808,0.276374929837579,-1.85900697781,0.0630261493264644,0.262333123074626
FLII,4.37287532958883,-0.927647798758853,0.438073451609902,-2.11756223836388,0.0342121590720562,0.173296409746626
TVP23B,3.06261835611149,-0.273677087599651,0.570476528543651,-0.479734176440723,0.631416422933959,0.858659298998522
PRPSAP2,5.96901939862353,-0.95025455988311,0.345111712288151,-2.75346945944765,0.00589672716462811,0.0461637985583481
GRAP,0.919512351012475,-0.549105313905774,0.884349173708806,-0.620914600511155,0.534655814075516,NA
AKAP10,1.51440216578076,-0.617185793867827,0.698789262506788,-0.883221633448942,0.377116535289356,0.699070476487601
USP22,1.91470794861276,-0.575755455017863,0.650883947485274,-0.884574673015559,0.376386071595619,0.698673201900966
DHRS7B,3.03516367097703,-0.044626707557135,0.511292342355318,-0.0872821747174183,0.930447222457,0.976639637756283
TMEM11,12.7865047712461,-0.268341443759004,0.244492708773533,-1.09754374723527,0.2724037679167,0.598217041255235
MAP2K3,7.40079634768984,-1.07877626768683,0.330343930453937,-3.26561552441557,0.00109226441464427,0.0114687763537648
WSB1,15.3902537229146,0.337728231913529,0.255125822213339,1.32377126307159,0.185579022774332,0.493132169068515
LGALS9,15.6818390468462,3.24380560167276,0.305933954324299,10.6029603965901,2.88694217997715e-26,2.18844299887048e-24
IFT20_ENSG00000109083,10.7620153567648,-0.324104983604905,0.277149524367892,-1.16942283896791,0.24223331250063,0.563629820727114
TNFAIP1_ENSG00000109079,1.61471800764477,0.490642572000362,0.701278528816098,0.699640088551787,0.484152100288149,0.779458548404853
POLDIP2,8.55652317086622,0.277461598844849,0.278919614812417,0.994772630212655,0.319846860687917,0.646671703855226
TMEM199_ENSG00000244045,6.56348641228479,-0.347639760165984,0.309480645043367,-1.12330048981664,0.261309895866682,0.585345640265224
UNC119,2.93904747635581,-1.08911884551666,0.489042957954928,-2.22704126048788,0.025944516348608,0.143992065734774
PIGS,1.30717242197798,-0.589885145673646,0.77981584423099,-0.756441600972287,0.449384473659313,0.75845068918444
SDF2,13.5660974481962,0.266020418256612,0.231574679502139,1.14874570410084,0.250660853942153,0.57473547329562
SUPT6H,1.26941506256798,-0.160927659577397,0.676841428804146,-0.237762720674068,0.812065134163119,0.938961568850194
RAB34,2.6555777593963,-0.404034040081688,0.58421207069348,-0.691587970104907,0.489196118516954,0.78274915374707
RPL23A,670.289390248052,-0.0277089239000963,0.073134634679102,-0.378875535807032,0.70478029182779,0.889068343411422
TRAF4,6.80955414911592,-0.248590143235189,0.314328605601103,-0.79086070693375,0.42902527988888,0.744506180845694
ERAL1,3.21389332221382,-0.480842836409742,0.494228585571661,-0.972915874247871,0.330595114701811,0.657382991998227
NUFIP2,2.09375091652747,1.41965895934602,0.629378771091224,2.2556511667602,0.0240924860968175,0.136766112856454
TAOK1,1.08680975189908,0.370353505681398,0.801269977545751,0.462208139653218,0.643932066706556,0.864532978709957
TP53I13,4.80203605377376,-0.395986185217902,0.404021281540056,-0.980112195348904,0.327030739946227,0.653851103089658
SSH2,5.5436975661406,-0.931101558255685,0.403077208929736,-2.30998314374553,0.0208890873571511,0.12287943452778
NSRP1,11.5698301340522,0.373171212694614,0.238627866719552,1.56382076336954,0.117859666733599,0.383970486591221
BLMH,4.0628297035947,0.878739576372627,0.439519634647549,1.99931813530307,0.0455739431865756,0.210817024438202
CPD,0.382527713507162,0.127216997817831,1.45663380327559,0.0873362938109453,0.930404205936056,NA
GOSR1,6.82190175901363,0.359877980451046,0.318595399880294,1.12957682561099,0.25865458057436,0.582324111861726
CRLF3,9.00245688734177,0.00761758096405695,0.286236829182597,0.0266128610556873,0.978768515254389,0.99229563693701
ATAD5,1.16625038831678,-0.961433369566227,0.847396508919458,-1.13457320091179,0.256554187023949,0.580539070455357
TEFM,2.59679543772887,0.131655183639863,0.517356109274943,0.254476909191956,0.799127140844064,0.933716975091486
ADAP2,0.723087513109986,-1.81926807039638,1.00853634476032,-1.80386961743925,0.0712517489427334,NA
RNF135,1.77144881655452,0.330753814248289,0.657356485653564,0.503157451804014,0.614853576574284,0.848940433581909
NF1,1.00038085994946,-0.464874747319926,0.807388811921305,-0.575775562474894,0.564766893392041,0.822162832925441
EVI2B,27.4050348228008,-1.63470132249336,0.20306886219804,-8.04998513705733,8.28040914340176e-16,3.7570089952836e-14
EVI2A,16.2547729620278,-0.877307143408085,0.238002218287128,-3.68613011139961,0.00022768997492823,0.00292421670279727
RAB11FIP4,1.75106874015081,0.443722786971323,0.603040307567241,0.735809499635886,0.461846639184429,0.765950298176077
COPRS,3.99189015901955,-1.42662409500145,0.448329848360391,-3.18208591334891,0.00146218437569983,0.0145190704142974
UTP6,9.6583413914927,0.478148301340404,0.275600514879862,1.73493254012546,0.0827527546888066,0.3121194721167
RHOT1,3.31565797641946,1.27817239321414,0.589039080669387,2.16992799826052,0.0300123009170708,0.159313802306159
C17orf75,2.34293184559538,0.264521015973729,0.539953757510445,0.489895685129318,0.624207716504548,0.854385604376274
ZNF207,14.3912374065245,0.117316319306848,0.244121741708424,0.480564813628808,0.63082582825531,0.858221350062379
PSMD11,20.1317023297052,0.188026559978922,0.188472443405041,0.997634224833807,0.318456758807722,0.646270719147502
CCL2,10.2798865502205,2.48761160739151,0.348609726055268,7.13580666707252,9.6221175304538e-13,3.5601834862679e-11
CCL7,1.30298668669999,2.76032338800165,0.811389096784072,3.40197249253429,0.000669013712266637,0.00760393067337393
CCL8,6.9498954364691,5.73733355524627,0.717765884828928,7.99332160599093,1.31350893275079e-15,5.8739363496251e-14
CCL13,0,NA,NA,NA,NA,NA
ZNF830,9.11937197850669,-0.280758421212476,0.279860770487885,-1.00320749036396,0.315760759717604,0.643741844015948
LIG3,0.948133835234271,-0.760753137151324,0.8267011641314,-0.920227489882191,0.357453891689359,NA
RFFL,0.758826033397847,-0.0846056694898694,0.974405039436433,-0.0868280294802281,0.930808207453314,NA
SLFN5,14.013227394649,3.48301134902695,0.5515445579287,6.31501353600013,2.70137830726509e-10,8.03433854447837e-09
RP11-47L3.1,0.561275491472181,-0.123844972024505,1.10860632560119,-0.111712308656858,0.911051519526834,NA
SLFN11,0.356963124002303,0.961161618906701,1.32702245052448,0.724299440847305,0.46888192019872,NA
SLFN12,1.15074456953455,2.34583475037397,0.860440631533017,2.72631796361648,0.00640452690094341,0.0495772592979629
RP11-1094M14.11,2.27852973229875,-0.198854584467218,0.539468685089488,-0.36861191383932,0.712417014038005,0.892099951502868
AP2B1_ENSG00000006125,3.26663010176602,0.371566800342846,0.45001109424915,0.825683644450611,0.408983572569363,0.727329535427076
TAF15_ENSG00000172660,17.6131917661135,0.21016683810255,0.208523886022932,1.0078789634653,0.313512571785862,0.641070155754578
CCL5_ENSG00000161570,12.1924022632889,0.00918101914862361,0.332056668978688,0.027648952743102,0.977942137928784,0.991985693434289
CCL23,0,NA,NA,NA,NA,NA
CCL3,76.6529426022199,0.333598608974769,0.760667844394184,0.438560156621917,0.660980272389495,0.870452199435946
CCL4,74.3212433189736,0.595349781648306,0.724448611124625,0.821797119224361,0.411192373575418,0.729645103702157
CCL3L1,2.02842357534404,1.0007375931248,0.749794500308409,1.33468249328739,0.18198028574625,0.488192714863582
ZNHIT3_ENSG00000108278,16.7083953104898,-0.0425695948599757,0.229724034161087,-0.185307536564176,0.852987827080978,0.953077108565433
GGNBP2_ENSG00000005955,11.0985491941751,-0.299622698786355,0.301882604111377,-0.992513959750432,0.32094687313465,0.647518910550141
AATF,9.28324317553538,-0.179355859955903,0.303843203024316,-0.590290841363825,0.554995678510096,0.818146046340154
TADA2A,1.67686314127578,0.355877812127941,0.722011836358143,0.492897476477675,0.622085030458983,0.85363038653046
DUSP14,2.4515375096096,-0.436824702335726,0.585210230462488,-0.746440645766747,0.455401273687089,0.76219017696256
SYNRG,3.85616984465603,0.280579930666287,0.411854562226069,0.681259736810382,0.495707155181748,0.786651947053803
DDX52,5.23462909469459,-0.426983889243288,0.353483079523582,-1.20793303549004,0.227073021238477,0.546029361709236
MRPL45_ENSG00000174100,4.49009212837456,-0.707192257520195,0.441780890302792,-1.60077602504602,0.109426535557567,0.367437166481866
CTB-58E17.1,0.996173025355436,0.334109064693319,0.78447469274285,0.42590164830574,0.670179513796148,0.87616138496687
MLLT6,2.16668101392527,0.660491422746166,0.595255117221306,1.10959385923365,0.267174078621768,0.591436635581521
CISD3,1.63968893164466,-0.477214560419139,0.631944162740808,-0.755153047619602,0.450157156954569,0.759136431804016
PSMB3,63.2604109467652,0.471043085944802,0.115607997877855,4.07448528295143,4.61162292964584e-05,0.00069030868488061
CWC25,8.41963319755406,0.0784325779407432,0.292003145539215,0.268601825490301,0.788236107367596,0.929852751209874
RPL23,120.208039212965,-0.157951892238182,0.0977691860626522,-1.61555903858056,0.106189686081135,0.361045907512047
LASP1,1.41969477358916,-0.692153015129225,0.661244606002279,-1.04674277694878,0.295218228716104,0.622725669977901
RPL19,937.006399073331,-0.0634636534678191,0.0611512240315836,-1.03781493294461,0.299356223261748,0.626109785933723
CDK12,4.44669860040407,0.395542868692395,0.405052988556913,0.976521294415333,0.32880620062234,0.655503317212465
STARD3,2.70276269985657,0.420817467247983,0.469265458280061,0.896757815481138,0.369848162392156,0.692308811250803
MIEN1,13.8112645804498,0.305589162542718,0.235843392165212,1.29572916899299,0.195068808318107,0.507979770634836
RP11-94L15.2,3.1013814951514,-0.219839682211181,0.522624571178309,-0.420645515605075,0.674013952137815,0.878054274003851
IKZF3,1.03166017610454,-1.02491573522555,0.790528644461422,-1.29649411492712,0.194805306273673,0.507506196059159
ORMDL3,2.65709004536555,1.15924501835676,0.574439037609505,2.01804707281191,0.0435863590736478,0.205365560364179
PSMD3,7.14268974267588,-0.504156754260202,0.305776971334948,-1.64877280345598,0.0991941886198319,0.34777873119244
MED24,1.80981205729409,-0.0776128467312474,0.599031974679929,-0.129563779584082,0.896911561339518,0.970300651985212
CASC3,2.84649668018737,0.415348021133231,0.481512385112532,0.862590525135011,0.388362641600807,0.708975677001649
WIPF2,2.11657675948673,0.185671404382705,0.553394720559165,0.335513508685261,0.737237756220608,0.909243709458587
RARA,5.80892481690271,-0.324945279580978,0.369500122612497,-0.879418597437802,0.379174352136515,0.699175598343184
CTD-2267D19.2,1.48433297311198,-0.901548232797913,0.719182019893064,-1.25357448860021,0.209996708745115,0.525916164562701
IGFBP4,15.6882811716796,3.35218152510895,0.326238779521166,10.2752392895446,9.11180383717256e-25,6.22406292877633e-23
CCR7,393.288134485276,0.98881370219711,0.102953579229668,9.60446163791229,7.65569527081618e-22,4.62017493236829e-20
SMARCE1,10.9266153024515,-0.216750292107108,0.252996390556536,-0.856732744804404,0.391592602267159,0.711351144285198
KRT10,35.65685942951,0.261179144100132,0.155944495823741,1.67482117737156,0.0939693225082985,0.335890344284982
TMEM99,1.17470353783176,-0.0495054805549411,0.670683840856687,-0.0738134386713508,0.941158833683896,0.980086997912447
JUP_ENSG00000173801,2.27886221769654,3.16795048708937,0.771262366467713,4.10748744502884,3.99986512866761e-05,0.000608759685209281
EIF1,461.083248799691,0.259550332530041,0.0907194442076873,2.86102207522174,0.00422277647674247,0.0354234528737263
NT5C3B_ENSG00000141698,3.89137887581506,-1.10489326814728,0.489395689436212,-2.25766857370593,0.0239663299081449,0.136478827655931
ACLY_ENSG00000131473,2.17418248031626,0.0204904761710203,0.522832060424591,0.0391913153802773,0.968737857641175,0.98877738329148
CNP_ENSG00000173786,6.34673449668575,2.10774362283485,0.377402023131206,5.58487632193239,2.33866584970138e-08,5.65647740145672e-07
DNAJC7_ENSG00000168259,11.4311468613828,-0.0716062178190702,0.247662042214764,-0.289128754566983,0.772482849873396,0.921818659015747
NKIRAS2_ENSG00000168256,2.91374395165837,0.208915992829408,0.472493639726493,0.442156201193185,0.658376177766159,0.870020379355818
DHX58_ENSG00000108771,9.16586624951875,4.69237678214152,0.558369558679487,8.40371168019749,4.32583988254867e-17,2.08445121782345e-15
KAT2A_ENSG00000108773,4.43482704897588,1.77055375826585,0.575877062890473,3.074534258022,0.00210831506465676,0.0196836176953951
RAB5C_ENSG00000108774,23.3506826089546,0.0200919147830314,0.181312049141031,0.110814007553371,0.911763837344986,0.973845684304709
STAT5B,0.643194136882053,0.55113246152212,1.04290274903352,0.528460071692077,0.597180053063858,NA
STAT5A,2.72824444435484,-0.117196250825898,0.509586552408748,-0.22998301323284,0.818104969431001,0.939876314823765
STAT3,15.7370559979058,0.71019544703241,0.230999699799421,3.07444316009535,0.00210895903879233,0.0196836176953951
ATP6V0A1,1.01787808419547,-2.29589732758533,0.904908849072626,-2.53715866513873,0.0111756290736766,0.0753980711396644
COASY,4.50314689123259,0.409475341341012,0.376274229169921,1.0882364764771,0.276490725587152,0.602195637788977
MLX,6.09366602500706,-0.372796966766424,0.333397798716872,-1.11817464962632,0.263492409005392,0.586839417548376
FAM134C,1.33277885851116,0.0924265043815316,0.684697575239129,0.134988800492322,0.892620729193561,0.967992053849821
VPS25,5.47702744737406,0.108866492622913,0.364390274718451,0.298763441771406,0.76512054683759,0.919564833554227
COA3,17.5944355136511,-0.108771764594131,0.235784598985223,-0.461318360326612,0.644570214211905,0.864806486410793
BECN1,7.47567979846609,-0.0591509953055327,0.328308053110763,-0.180169187886405,0.857019747077345,0.953586263561639
PSME3,5.52811048115445,0.279182420671139,0.363429333692295,0.768189011697979,0.442374900715544,0.752876048126355
AARSD1,1.76604384979727,-0.18390012465429,0.65686807972846,-0.27996508024916,0.77950429589166,0.925047480577044
RUNDC1,3.56575864557232,-0.874127966189543,0.544574186302011,-1.60515865088171,0.108458894616557,0.365409479098385
RPL27,260.551680386064,0.201388851111088,0.0689813827996473,2.919466716056,0.00350630835089999,0.0302291438407689
IFI35,58.3631043980171,3.95692213234262,0.1934195973827,20.4577105209947,5.12908502146964e-93,2.65686604112127e-90
NBR1,1.67096487138496,-0.551249879002223,0.67291456132635,-0.819197429634574,0.41267378117416,0.730612424887092
TMEM106A,3.62763158128786,0.616113133697283,0.505294773233236,1.21931428214654,0.222724929892991,0.541542279681111
ARL4D,1.26883188164406,-1.36333102403081,0.835605527405308,-1.63154859478273,0.102774614860516,0.355567869599535
DHX8,1.61043005860148,-0.0940992260499568,0.719375069158231,-0.130806904609672,0.895928060843074,0.969949491854329
DUSP3,0.825915076877775,-1.6177547821889,0.869414250675375,-1.86074104597688,0.0627807544254258,NA
TMEM101,6.77406975380788,-0.133000861086612,0.336533427626424,-0.39520847015011,0.692689042167735,0.883972378184294
HDAC5,4.04762577610218,-0.764191550385943,0.435467624821777,-1.75487569414305,0.0792805724989805,0.30345322577196
TMUB2,6.87559117858451,0.393782966379353,0.329355604306335,1.19561641347719,0.231846283313993,0.55264736858372
UBTF,2.51875920178593,-0.995464367234114,0.563090294871541,-1.76785921600942,0.0770844424056,0.297059450708748
SLC25A39,10.1603538605852,-0.569333012286107,0.26715743955304,-2.13107676596472,0.0330828184625639,0.169532398650698
GRN,8.60059037745294,-0.444506970073216,0.291864975221003,-1.52298839467336,0.127761608927212,0.401499575880461
GPATCH8,6.59077395084849,-0.16612964219294,0.350649387576422,-0.473777077841704,0.635658882091542,0.859529173609098
CCDC43,1.88531044116451,0.536130175023369,0.584665826196911,0.91698565402864,0.359150157669105,0.684187912534774
EFTUD2,4.20368734704212,-0.450076936809228,0.41947808304139,-1.07294505959878,0.283295767257495,0.610560241628988
NMT1,3.59126400210319,-0.173951984728209,0.435950441673732,-0.399017796748549,0.689880091051551,0.883590948808169
HEXIM1,1.89793452168334,-0.781412629945109,0.656549099303482,-1.19018155804964,0.23397503999786,0.554227320122181
CTD-2020K17.1,3.35573477554249,-1.51316856676313,0.560852290371441,-2.69798054272184,0.00697615179809502,0.0528969332435513
FMNL1,12.8570537300151,-0.603658129909322,0.275876910980001,-2.18814299379002,0.028659188002012,0.154105114723622
CTD-2020K17.4,0.691648150955525,-0.00839717561525372,1.02052768578334,-0.00822826830886821,0.993434865835705,NA
ARHGAP27,1.37215750998613,0.734114718092487,0.714836833502393,1.02696823063193,0.304435423828503,0.632265484302697
KANSL1,2.07079619378645,-0.225455290788224,0.569627907515844,-0.395793969736206,0.692257025787848,0.883805798579383
KANSL1-AS1,1.78050286974473,-0.438642287693728,0.629384962327172,-0.696937985413304,0.485841604486037,0.781123853334201
NSF,2.17798043650121,-0.417091523005743,0.626366659023159,-0.665890364688651,0.505481179645719,0.792251894270748
GOSR2,5.61408407845658,0.424527975267741,0.382384266423028,1.11021297826645,0.266907261521931,0.591056479380237
CDC27,2.8910583496627,0.460937215277083,0.468922591427633,0.982970800945549,0.325621809692804,0.652807806533515
NPEPPS,2.39293775432311,-0.862999192118953,0.555042731284627,-1.55483378752042,0.119985659951959,0.386841733538058
KPNB1,19.903710379848,0.852412739847346,0.193041024029906,4.41570771876599,1.00680046819343e-05,0.000172404179346843
TBX21,1.30221144462974,2.06592412564789,0.782532532371872,2.64004886721582,0.00828940735790485,0.0603360142116353
MRPL10,4.67001253778997,-0.130547998100876,0.37578252173503,-0.347403060414096,0.728288534477125,0.903240528792859
SCRN2,2.04715459060687,-1.27164022959041,0.588498492744176,-2.16082155735139,0.0307091261681545,0.162319666888816
SP2,1.47280606866552,0.513826506529311,0.661328983564196,0.776960513298648,0.437182067303325,0.750860792214219
CDK5RAP3,4.63668748115731,-0.156613872984876,0.373669631752216,-0.41912389896519,0.675125585390526,0.878485954597004
CBX1,6.45081355796242,-0.48416289191287,0.328675740931666,-1.47307157668667,0.140731736632889,0.424242713341436
SNX11,3.29009150551728,0.645055699062139,0.508043503131942,1.26968595225715,0.204196518676468,0.518600435900489
SKAP1,1.71235029226535,-0.257502059888595,0.584579842313223,-0.44049082990895,0.659581652457051,0.87011026139071
HOXB2,1.65087582151671,-0.658684180528922,0.809303678055823,-0.813890012351443,0.415707962857681,0.732645505280222
HOXB4,0.368397983625511,-1.26530720747602,1.09217191178184,-1.15852384942927,0.246650324780012,NA
CALCOCO2,9.32981347310137,0.366921064057475,0.351740630560383,1.0431580323061,0.296875106974489,0.623682197303147
ATP5G1,29.5830494484388,0.0552448865988564,0.175038341834482,0.315615916032251,0.7522940555053,0.913332001761903
UBE2Z,3.65778348641662,0.697448865383333,0.474927643264298,1.46853710301972,0.141958385505658,0.425669717464144
SNF8,22.9988433256339,0.234392649239046,0.19446277238292,1.20533429800897,0.228074274138383,0.546690428700828
GNGT2,0.503283633821522,-0.487374800050766,1.04973761411455,-0.464282496404462,0.642445362838473,NA
ABI3,3.53605579171838,-2.32037561348732,0.572213452586666,-4.05508749051279,5.01155413341557e-05,0.000738194798419697
PHB,36.901675199791,-0.0686419603753105,0.147492951693237,-0.465391461675235,0.64165114754918,0.863197478731919
SPOP,10.8190772025411,0.615102822224968,0.277464916266877,2.21686702052571,0.0266321799989075,0.146890533161676
SLC35B1,4.45533081664508,-0.688900685907469,0.407805782702479,-1.68928621203508,0.0911645943690245,0.330425142039566
PDK2,0.749092083954874,-2.79431847667362,1.00237956131021,-2.7876850092805,0.00530861325755737,NA
PPP1R9B,1.28163002556929,0.482317365966219,0.815995535371502,0.591078437391979,0.554467866719631,0.818146046340154
MRPL27,13.8543085243312,0.378243425532213,0.268110780485356,1.41077290830113,0.158311585191888,0.450372912381133
LRRC59,8.1160522114852,0.131354441200971,0.287533754534378,0.456831377636624,0.647792250627236,0.864947395773462
RSAD1,1.77251651097732,-0.666392021207914,0.657169833544023,-1.01403318775933,0.310566916466029,0.638517471050304
LUC7L3,15.6988687133705,-0.0755372023853756,0.215367477927528,-0.350736346602871,0.72578615499334,0.901936573258417
TOB1,1.27720685854299,-0.574724569456059,0.812067228858972,-0.707730282705286,0.479112768052567,0.776911628102744
SPAG9,1.89787977203898,-0.235151766282599,0.596510543142145,-0.394212254898172,0.693424338674142,0.884532257171859
NME1,23.2770581966919,-0.140230837644094,0.263796808839943,-0.531586558081444,0.59501237666043,0.838934318389553
UTP18,9.13649608375042,0.148806533357099,0.281640312372713,0.528356654995375,0.597251815945503,0.839792727299619
COX11,4.46891961852209,-0.632904722133134,0.43699090599702,-1.44832469840334,0.147526263390904,0.435020518613785
MMD,3.27248838242732,0.455831955599646,0.50241450130268,0.907282640962288,0.364257351492415,0.688842013044371
PCTP,0.66649642149182,0.925904210849964,0.982161600185891,0.942720842145244,0.345823709794749,NA
NOG,0.112680748399842,-0.860335388529586,2.35872921586077,-0.364745297062692,0.715301542422686,NA
C17orf67,0.872632000023201,1.85486806784435,0.867314068092364,2.13863482224391,0.0324652550136962,NA
DGKE,1.19780412544447,0.368708032052568,0.751475297728191,0.490645578327352,0.623677143917048,0.854103795238681
TRIM25,2.52873830353304,2.70436076148143,0.688861488231412,3.92584112725568,8.64271887293497e-05,0.00120185996675982
COIL,4.54416817069873,-0.17261370391236,0.376258859698553,-0.458763161220051,0.646404251730591,0.864947395773462
SCPEP1,3.77560117391675,-0.910631213026163,0.447968754069317,-2.0328007361095,0.0420726587500079,0.201009371610503
MSI2,3.3407131800499,-0.206837924147893,0.472492109995007,-0.437759530312747,0.661560610515412,0.870688281804743
MRPS23,16.4186595569795,-0.267269497332154,0.201897121629975,-1.32379052843552,0.185572622636117,0.493132169068515
VEZF1,4.24837607191151,-1.09352157462888,0.58339385396541,-1.87441394384954,0.0608733930799008,0.257224230834041
SRSF1,11.292058632885,-0.0205525756737179,0.244689602133119,-0.0839944791055594,0.933060821293694,0.977236453141736
BZRAP1-AS1,1.67380545125946,0.335402950834198,0.714532698254241,0.469401822552923,0.638782445887284,0.861130271879279
MIR142,43.9395281553751,0.551328944341873,0.171604852692224,3.21278178147264,0.00131456126875279,0.0132651182574145
SUPT4H1,29.2586591333243,-0.172953531884054,0.173576944620637,-0.996408435821098,0.319051735890263,0.646627662449806
MTMR4,2.23358396864012,-0.627613207653446,0.569619681902114,-1.10181095842348,0.270543865239379,0.596770995858048
RAD51C,4.27377700751731,-0.402495524939404,0.390338200685252,-1.03114561739745,0.30247253851575,0.629661520232385
YPEL2,3.89771780940452,-1.11965920749588,0.520153209999595,-2.15255656597168,0.0313535451791749,0.163913908186502
CLTC,1.75326670169256,-0.116239277759806,0.689217399284714,-0.168654009432208,0.866068795615524,0.956213789262184
PTRH2,2.56922915483606,0.462647254474963,0.504846506216216,0.916411718766694,0.359450991185554,0.684333035592467
VMP1,7.14181020036081,-0.294526103834081,0.315925360835289,-0.932264833235831,0.351199677057632,0.675807677067245
TUBD1,2.16054639803385,0.856879563085238,0.532493942332013,1.60918180464665,0.107576593819942,0.363916441353056
RPS6KB1,2.42833017656015,0.237394952630438,0.544940450665995,0.435634668596004,0.663101813148993,0.871056819639505
RNFT1,5.39566035569514,-0.713645907230333,0.35147623837464,-2.03042433403323,0.0423134252362734,0.201009371610503
APPBP2,3.1895149436207,-0.562237956343891,0.550178674069493,-1.02191884717232,0.306819311347245,0.634671826733603
MED13,1.63277950163128,0.92002404631009,0.677554139273591,1.35786056490844,0.174507932614573,0.477228908549135
METTL2A,3.43726644543604,-0.194086536087619,0.430798812015171,-0.45052709217031,0.652330423785393,0.866799041096623
DCAF7,7.51205402403333,0.226822936372085,0.317556099924549,0.714276741734699,0.475056071179315,0.773225592681493
TACO1,3.1351796815012,-0.26678539929437,0.497349734389282,-0.536414078157632,0.591672403813269,0.837719291328504
LIMD2,85.7313693906407,-0.405121707218652,0.121240738780548,-3.34146518153393,0.000833374683048316,0.00905454019818005
CCDC47,8.33267217008385,-0.0306695321595539,0.325709538999113,-0.094162216598874,0.924980298161625,0.975683415108361
DDX42,1.95140110411403,-0.215542511007405,0.556687601198172,-0.387187554641935,0.698617362970245,0.886372545519633
FTSJ3,2.83845002160103,-0.33642347732628,0.506758752416775,-0.663873047523794,0.506771567975152,0.793274254982005
PSMC5,25.7140018028565,-0.0423977165038518,0.163916335375031,-0.258654614299718,0.79590174059286,0.932050719578979
SMARCD2,1.03195719534733,-0.0270717760178769,0.790568456215009,-0.0342434305404595,0.972683034269887,0.990240501899755
CD79B,39.8193736630705,-1.92633774117561,0.24192597633293,-7.96250890613189,1.68585473300127e-15,7.48519501452565e-14
ICAM2,14.0556412367726,0.224381629452732,0.243418684907927,0.921792957420687,0.356636581639527,0.681898797745709
ERN1,0.160808779113212,0.931836173712309,1.898096469013,0.490931935718134,0.623474588707007,NA
MILR1_ENSG00000271605,0.521549406745825,2.36180518413463,1.22687349748599,1.92506007259448,0.0542218433106102,NA
DDX5_ENSG00000108654,74.9639635610323,-0.223241862070041,0.139983283801009,-1.5947751474911,0.110762526483346,0.37055966879466
CEP95_ENSG00000258890,1.85741487375784,-0.240922918009406,0.570919709676529,-0.421990892810318,0.673031664895101,0.877425509435392
GNA13,2.3129464828268,0.338607376765802,0.504593402778503,0.671049948139011,0.502188710747483,0.790414386435752
PRKCA,0.348997743869929,0.0328024234449463,1.50884777358134,0.0217400482800778,0.982655317405664,NA
HELZ,2.3400071247105,-0.421783315127522,0.546598056538275,-0.77165169191923,0.440320749580859,0.752479888355233
PSMD12,11.3835752763597,-0.0117689484976463,0.238748933123677,-0.0492942453968989,0.96068480545262,0.985414602815086
PITPNC1,1.46525764328461,-1.62693828026387,0.75890657375412,-2.14379257807165,0.0320495102958978,0.16610616133682
NOL11,8.18486284401559,-0.169610354525749,0.307549254505512,-0.551490052539563,0.581297783898912,0.832617195169028
BPTF_ENSG00000171634,7.07877238381305,-0.959735274115746,0.347911507279342,-2.75856145610374,0.00580563876366317,0.045623072762238
KPNA2_ENSG00000182481,15.2674707784266,-0.167565662931233,0.22937906837499,-0.730518543467516,0.465073282405413,0.766952017371318
AMZ2_ENSG00000196704,12.8335322137422,-0.373704948073294,0.272183238452472,-1.37299030681696,0.169755360113819,0.468798246090707
ARSG_ENSG00000141337,0.969623057016957,1.42295571550257,0.920706342940884,1.54550441235956,0.122224302457624,NA
WIPI1,0.914752979607409,0.235701975283356,0.806298562802112,0.292325927587203,0.770037436806469,NA
PRKAR1A,25.7185075609401,-0.260546179302979,0.179087418826827,-1.4548547352448,0.145709481314039,0.431910434120384
KCNJ2,0,NA,NA,NA,NA,NA
FAM104A,4.75513576296835,0.111188907070078,0.379431649581397,0.293040675949793,0.7694910607916,0.921422364125998
RPL38,76.9397727468917,0.130998543874618,0.104151969389072,1.25776348390742,0.208477305449371,0.524075474264882
CD300A,0.414575867292657,0.540527177338772,1.41337832851419,0.382436299208719,0.702137770017473,NA
CD300C,0.153836856310239,-1.31459860088927,1.91448207346472,-0.68666017776295,0.492296897014972,NA
CD300E,0.508184985790517,-0.656600414655801,1.06904884456614,-0.614191220535178,0.539088974235893,NA
CD300LF,0.0549490603892113,-0.379320188502241,3.05517703609203,-0.124156532999947,0.901191337516134,NA
SLC9A3R1,1.89307097028113,-0.369048916205809,0.628608413362529,-0.587088731809532,0.557144115001069,0.819186020966989
NAT9,3.3203030047326,-0.464480912162264,0.460732033460353,-1.00813678761113,0.313388799130785,0.641070155754578
ICT1,5.32426186743779,0.0267464048585654,0.370270331276487,0.0722348041398798,0.942415047809539,0.980755388780193
ATP5H,27.7630898934935,-0.11392557396968,0.176436322955476,-0.645703628716121,0.518471310103607,0.798913649877051
ARMC7,1.63807149542286,-1.02783233149361,0.711725579562409,-1.44414133903344,0.148699221752735,0.436956964341196
NT5C,9.23383044267626,-0.270476597419961,0.286581843307975,-0.943802281044347,0.345270694752376,0.669662963302388
HN1,10.7392047172411,-0.273275824172765,0.266754460584415,-1.02444706481782,0.30562416153233,0.633253262694988
SUMO2,47.1421669188792,0.071430509927688,0.130760723300949,0.546268849884602,0.584881145292819,0.835598124627478
NUP85,1.53470640240431,-0.209722547210371,0.651861805141472,-0.321728540552941,0.747658354264213,0.911015187631039
MRPS7,22.8259815201283,0.0066569446554792,0.195774567923254,0.0340031124884863,0.972874668730935,0.990240501899755
MIF4GD,12.2667593908179,-0.626763708615097,0.242582518674028,-2.58371341859681,0.00977429735177213,0.0681897108177504
SLC25A19,11.1784600617913,0.567884065893478,0.267123366527115,2.12592433704535,0.0335095601023415,0.171014306729191
GRB2,29.9945257625294,0.0968155874878786,0.167042539901152,0.57958641879589,0.562193553817357,0.820905597963046
TSEN54,1.50536728175125,-0.636124594797996,0.665484681130431,-0.955881649623306,0.339132030964322,0.665992196910221
SMIM5,0.309311340653298,0.106686397344409,1.2635382350256,0.0844346410635111,0.932710866026354,NA
SAP30BP,9.86856116177402,-0.0548691997243582,0.270371692110242,-0.202939883595453,0.839182020247407,0.948925955672915
GALK1,2.92378433302557,-0.982853849360315,0.547729154085205,-1.7944158020981,0.0727468265731726,0.28728988181629
H3F3B,521.348877196485,0.573249662408964,0.0715740554799302,8.0091823575612,1.1547357793083e-15,5.20133159723218e-14
UNK,2.66306853275151,-0.00513846431418069,0.493100083228188,-0.0104207330092921,0.991685608498861,0.997785325741166
WBP2,6.87531030653715,-0.33699308772516,0.321322034968715,-1.04877055119475,0.294283734263631,0.622192455279114
TEN1,4.7503490223209,0.0416717380492635,0.458734390318598,0.0908406671240014,0.927619195926242,0.975683415108361
SRP68,5.91295027597751,0.228028365788235,0.356940811936915,0.638840833444779,0.522926481432086,0.802148506349962
EXOC7,4.76608785799888,-0.468201566584714,0.369985398603564,-1.26545957854512,0.205706629570732,0.520152880489934
UBALD2,8.2829604637536,1.54138820746546,0.35808059164752,4.30458461982978,1.6729933766345e-05,0.000277315382110935
PRPSAP1,5.82813477146781,-0.141227371769342,0.335001146195362,-0.42157280168523,0.67333686208422,0.877639323697947
SPHK1,3.38222601560373,0.278471516717106,0.527474647724244,0.527933461671672,0.59754551897272,0.839792727299619
RHBDF2,4.03620650537637,-1.25792581095689,0.472436143893731,-2.66263669115005,0.00775310729012724,0.0576060426396058
ST6GALNAC1,0.14621862312197,-1.04773242052911,1.8959462832174,-0.552617144168831,0.580525599919246,NA
JMJD6,4.73627202716024,-0.377576587814304,0.410401729393643,-0.920017048593246,0.35756385017087,0.683459849873259
METTL23,8.99013635838865,0.285856964974206,0.330333547413026,0.865358566251796,0.386842015055812,0.707862810004982
SRSF2,32.7186493886824,-0.211957979448557,0.15052866886641,-1.40809043914859,0.159104291737043,0.451594647231716
MFSD11,3.25088717599377,0.759653057626601,0.5174650086214,1.46802787622379,0.142096650959229,0.425878872884555
SEC14L1,3.41445922134303,-0.71559389702549,0.458064311294996,-1.56221272729681,0.118237883320409,0.384799310324431
SEPT9_ENSG00000184640,10.1477371744775,-0.897735557367152,0.305173940753397,-2.94171761570097,0.00326397417159798,0.0283364014673926
TNRC6C,0.785616399354886,-1.07811137352964,0.839326524778027,-1.28449577334013,0.198968541527224,NA
TMC6,5.38023273029482,-0.449438703449133,0.393592460373786,-1.14188849812395,0.253500370165765,0.578237157423509
TMC8,1.66383649577133,-1.2940868003743,0.690500840414204,-1.874127770211,0.0609128165681641,0.257224230834041
SYNGR2,56.0207217162831,-0.407180464874994,0.14289420486005,-2.84952399065998,0.00437847035206537,0.0361441855357747
SOCS3,13.4612500603648,0.545322502317452,0.254726208108837,2.14081819992567,0.0322887016915837,0.166561468643057
PGS1,2.78148717593287,-0.361664965945678,0.530574846586913,-0.681647402382905,0.495461933603776,0.786651947053803
CYTH1,7.01526719322674,-0.396272163146088,0.361346232814909,-1.0966550282235,0.272792222489825,0.598544459935317
USP36,1.20765817638652,-1.40385317528544,0.764070563087917,-1.83733445980683,0.0661605357189075,0.271096829287231
LGALS3BP,4.61663204748382,2.60182890896026,0.636185598366071,4.08973248630996,4.31870998160839e-05,0.000652459843724561
CANT1,2.71570381395992,0.0677117136014544,0.541488142402762,0.125047454042105,0.900485982254684,0.971054218186121
GAA,0.499910965873906,-1.2680095096072,1.18160787445618,-1.07312208814687,0.283216341784894,NA
EIF4A3,24.5089484207573,-0.157915445627968,0.178050797245509,-0.886912319804008,0.375126108281214,0.697512380818435
SLC26A11,0.197986072875479,-1.63957038981149,1.73874859351617,-0.942960009241983,0.345701358414607,NA
RNF213,24.1794045906135,2.96932184748036,0.233175405312829,12.7342840618062,3.81327935140119e-37,4.30969899060178e-35
ENDOV,3.16573063038588,-0.456304337441142,0.453159141049878,-1.00694060012555,0.313963319884336,0.641761261559038
CHMP6,2.62889532785946,-0.60203206700291,0.526952959707148,-1.14247781687665,0.253255461663059,0.578125578295107
ENTHD2,1.91973303274742,-0.00963791204624141,0.6452438266306,-0.0149368527810171,0.988082558929883,0.996579780351802
C17orf89,13.9879700042991,-0.391776284724258,0.230577073293832,-1.6991120544973,0.0892980725287929,0.326054872995897
SLC38A10,1.63688692441058,0.209795298607335,0.638530307379279,0.328559656734852,0.742488545750995,0.910812869020314
ACTG1_ENSG00000184009,133.144920812293,-0.224230075325284,0.121791436569786,-1.8410988624541,0.0656070723555178,0.269514624625594
OXLD1,6.7104527818746,-0.372567354949214,0.328464860972892,-1.13426852980771,0.256681925644105,0.580588489226817
CCDC137,4.04227485652493,0.172456609496932,0.44655761050532,0.386191177666375,0.699355087105845,0.886372545519633
ARL16,6.3976560499939,0.210284168339869,0.347421509829347,0.605271010546123,0.544998939982556,0.814578242393897
HGS,1.65148229392826,0.0514916968711055,0.645631144415985,0.0797540473635037,0.936432872735785,0.978396083872473
MRPL12,9.96363089236788,-0.364054261540914,0.321918196054228,-1.13089059892591,0.258101140646959,0.581499344059984
P4HB,10.7754867386669,-0.612783158523846,0.257316114561075,-2.38144105187162,0.0172450505863445,0.106450083857713
ARHGDIA,18.7012882643608,-0.129208439244854,0.210705483543845,-0.613218208998187,0.539732066255335,0.811556488592928
ANAPC11,22.317593446146,-0.0733205202544293,0.194424995647846,-0.377114681217387,0.706088381279813,0.889068343411422
PCYT2,2.00417380849121,-1.09684606919319,0.651505795309286,-1.68355535298422,0.0922676333539029,0.332186361030861
SIRT7,5.85912618272323,-0.0207300075028182,0.33977179457364,-0.0610115608001868,0.951350002022049,0.98210030668632
MAFG,2.59174193982364,-0.153546790608114,0.583094287069385,-0.263330980963362,0.792295482726734,0.930984635279655
PYCR1,4.72958264373725,-0.637044154058045,0.521540947599871,-1.2214652693901,0.221909907704451,0.540389425463146
ASPSCR1,2.19208071718074,-0.715755160406072,0.549988859672363,-1.30139937894826,0.193121786122767,0.504600682025692
STRA13,7.60074894583846,-0.88283926478885,0.306217972331772,-2.88304196538908,0.00393854966772269,0.0333088771898833
DCXR,17.1962862463127,0.131745044500003,0.210082786091381,0.627110135728576,0.530587043599776,0.807765711025472
GPS1,5.40665112104545,-0.182476362427192,0.393995617109311,-0.463143127748463,0.643261778321949,0.863983408394389
CCDC57,2.2874540962802,-0.756520639044497,0.59595405094121,-1.26942779875344,0.204288526692368,0.518600435900489
SLC16A3,5.59600553676396,-0.470227584343282,0.384403256673436,-1.22326639064548,0.221229097019006,0.540125713696049
CSNK1D,12.0573219168248,0.116203453556764,0.24441220376498,0.475440472148035,0.634473053111859,0.85923409545606
CD7,5.58044615965033,-0.772075678173344,0.450936086002958,-1.71216210487151,0.0868667988568163,0.321598583498493
SECTM1,0.0964161680507499,0.035968357155186,2.46314210654435,0.0146026317603119,0.988349199636166,NA
OGFOD3,2.06258698084261,0.215537259737069,0.542373730652764,0.397396200361075,0.691075316989247,0.88365563407996
HEXDC,2.61984856796996,2.61597650533726,0.675973026497549,3.86994214679177,0.000108861183220298,0.00149377729557919
C17orf62,10.5588546070179,0.143350980556191,0.265948347216622,0.539018129108461,0.589874345382843,0.837080717101646
NARF,4.68220434621249,-1.04702405496781,0.427541016056857,-2.44894411447198,0.0143275676458843,0.0913437543454534
WDR45B,3.61489381571428,-0.0831899479207026,0.45412548798658,-0.183187136862842,0.854651186884837,0.953077108565433
FN3KRP,4.72879790297015,-0.25416637597687,0.436928228650281,-0.581711959334874,0.560760714627238,0.820156126018609
TBCD,2.17208462730006,-0.68254087088497,0.683621604661666,-0.998419105292567,0.318076173078182,0.646093443889434
USP14,5.83326629377855,0.142356847129351,0.351011920769984,0.405561289249309,0.685064976871968,0.88092951282387
THOC1,5.15427304629949,-0.0979849273899605,0.354457640404758,-0.276436211892825,0.782213046800835,0.927199904445841
ENOSF1,0.663249542657223,-1.12542507086553,0.949151799855802,-1.18571662724182,0.235734225964707,NA
METTL4,2.42762182639726,0.732692168936051,0.571520613568908,1.28200479832336,0.199840963004236,0.513735036020481
SMCHD1,42.2549139762952,1.67010514577868,0.165785067570342,10.0739178157289,7.20495533081663e-24,4.76446833365491e-22
EMILIN2,1.48813749036141,0.851003753105133,0.6631549093735,1.28326540462333,0.199399108627687,0.513735036020481
LPIN2,4.01438024153573,2.26370037215078,0.484534812546849,4.67190450207726,2.98419709212732e-06,5.55382309121659e-05
MYL12A,227.181764831892,1.4969806329216,0.0846609352057993,17.6820705946921,5.76399324601803e-70,1.62859009169309e-67
MYL12B,131.993837154524,0.16689724797904,0.122030301225777,1.36767054004276,0.171415225341115,0.472303652801583
TGIF1,52.4729277009036,0.152029388144698,0.156505551478661,0.971399331897993,0.331349461111872,0.657830804941358
DLGAP1-AS1,10.8278008888851,0.701277536177853,0.260277964228923,2.69434079160485,0.00705280117837331,0.0532041409281171
LINC00667,4.75857014355028,0.0804755888899469,0.382431788958038,0.210431222543524,0.833331126094001,0.946987117233853
EPB41L3,0.0744168684805322,-0.60965271652238,2.67551417691177,-0.2278637585939,0.819752158026559,NA
NDUFV2,60.1560208581244,0.156252735398328,0.123120336372042,1.26910581957937,0.204403324960779,0.518600435900489
ANKRD12,47.570537886843,-0.0313414066539694,0.127538438959582,-0.245740867691676,0.805882834188351,0.935980511456425
RALBP1,5.06353555533213,-0.753043810400005,0.362885909301886,-2.07515307455364,0.0379723500928208,0.187479053357406
RAB31,5.29008872435072,1.34609911953732,0.456322898509991,2.94988290952016,0.00317894381133187,0.0277532510270209
VAPA,26.3319925344541,-0.0756263391063053,0.166356692170621,-0.454603527634106,0.649394496444972,0.865117057415762
NAPG,2.39950694534065,-0.320171614060807,0.53724658022675,-0.595949096457116,0.551209233104984,0.817675857269396
CHMP1B,8.28864548006303,-0.444411110491913,0.299839684145814,-1.48216241541861,0.138297084458034,0.419753260249578
MPPE1,2.26498988324085,-0.70717902135968,0.570017468942601,-1.24062692792822,0.214743599580686,0.532872740516385
AFG3L2,4.72777710426193,-0.311505331972926,0.443008751626951,-0.703158415785065,0.481957031052012,0.778623737255449
PSMG2,26.4248175579262,0.566582292911764,0.167525060089178,3.38207485262299,0.000719405390937691,0.00803472696890344
PTPN2,14.2917458857392,0.516104236019619,0.216938508034332,2.37903468912002,0.0173580423883777,0.106829298501145
SEH1L,2.9619730030957,0.042096825353483,0.463484927340543,0.0908267407853646,0.927630261791626,0.975683415108361
LDLRAD4,13.5379747495052,0.504593375208005,0.246277917817637,2.04887786805817,0.0404740589979018,0.195331328207265
FAM210A,4.30425779567491,-0.36231503924106,0.404994553820778,-0.894617065397367,0.37099182610012,0.693350929356087
RNMT,5.86673218396638,0.132320955886555,0.34681191269071,0.381535209848919,0.702806149761628,0.888418506015909
ROCK1,9.34504500170048,-0.399853389735693,0.285940293528184,-1.39838070669212,0.161998773679884,0.456800863781278
ESCO1,4.6498860781961,-0.117580489686265,0.38536653345305,-0.30511339070545,0.760279792866073,0.917416262318137
SNRPD1,33.725865691444,0.045644175437894,0.176839764709295,0.258110360602029,0.796321735831701,0.932191320137449
ABHD3,7.51613445476698,0.139190458589831,0.356749254190562,0.390163278422667,0.696415813666518,0.885839482573623
RIOK3,3.31853341754978,-0.106265732753105,0.458351109696862,-0.231843515822152,0.81665955699528,0.939644208060827
C18orf8,3.17310352891573,0.386985141348782,0.439641379122525,0.880229113376819,0.378735204947427,0.699175598343184
NPC1,0.321693228177393,0.364626692566929,1.36541835182508,0.26704393717834,0.789435332066417,NA
TTC39C,1.94155250420498,-0.174213666280777,0.571729386551208,-0.304713506737288,0.76058436165247,0.917416262318137
OSBPL1A,0.0386844800401195,0.442042704943031,3.05417699194027,0.144733820636311,0.884921035293415,NA
SS18,2.58260262469988,0.0752179875305814,0.502654596258191,0.149641499531709,0.881047464908241,0.961480168867561
TAF4B,2.1664768674547,0.428929469802918,0.770579964925871,0.556632003589895,0.577778883121477,0.83026021286302
RNF125,2.21243544697594,-0.198004384694432,0.630595933815862,-0.313995657244835,0.753524337108615,0.913754834074747
RNF138,7.69281380257783,1.25366537231647,0.366759848453531,3.41821869979126,0.000630324364685828,0.00722895987248543
MAPRE2,3.31041887422817,-0.547486975712689,0.461526049916064,-1.18625368126514,0.235522132520799,0.554580823455767
ZNF397,3.0128945574302,-0.448817013234439,0.49618258107628,-0.904540043023881,0.365709111378862,0.68990829630683
ZNF24,15.8880616459112,0.287026273388497,0.2194540082633,1.307910826783,0.190903556851254,0.500487772833148
INO80C,5.61565048772616,0.0220775960396647,0.35763173782874,0.0617327650328311,0.950775646997507,0.98210030668632
GALNT1,3.23842226811052,-0.415476217906883,0.521151260782162,-0.797227694092732,0.425318804810685,0.740140450924753
C18orf21,7.13471651901523,0.464804266413377,0.422997156411814,1.0988354398318,0.271839850848966,0.598106244068028
SLC39A6,4.5593776467482,-0.0290594509852158,0.409513140879706,-0.0709609731272384,0.943428816087646,0.980979575543856
ELP2,5.23388755845212,-0.0323206316320015,0.375125090910434,-0.0861596102610966,0.931339537608223,0.976751571751765
TPGS2,6.8063755966726,-0.91938481317055,0.332197149443221,-2.76758790589108,0.00564728132691945,0.0445475897565118
PIK3C3,2.94228375369098,-0.413287017362835,0.467052772915172,-0.884882911160657,0.37621978565983,0.698673201900966
PSTPIP2,0.0224953582478284,0.35274060894598,3.05510878660049,0.115459263019725,0.9080811078806,NA
ATP5A1,56.7018616878348,0.232183022859417,0.122447253405947,1.89618808426568,0.0579351782520889,0.248877033873521
HAUS1,10.0014640079932,-0.234803003471544,0.266772299942611,-0.8801626087943,0.378771226128397,0.699175598343184
C18orf25,1.86018608664168,1.78324842898535,0.637959916652517,2.79523584858177,0.00518618647941826,0.0414894918353461
HDHD2,3.5697630829046,-0.367563047868031,0.434683379949949,-0.845587995359643,0.397782624750049,0.716741094204801
IER3IP1_ENSG00000134049,14.8989534726309,0.143697875686063,0.210762053672749,0.681801458953251,0.495364501630742,0.786651947053803
SMAD2,3.06484840510243,0.196121294822929,0.514466921151043,0.381212643145523,0.703045468322435,0.888418506015909
SMAD7,0.629785519027781,-0.430835242370134,1.0101554332218,-0.426503910389338,0.669740699224496,NA
C18orf32,4.87526599900813,0.299581915848299,0.386014027444746,0.776090749425372,0.437695405238612,0.750860792214219
RPL17,68.3784980483845,-0.583567828139487,0.11468696463293,-5.08835358933136,3.61185469349277e-07,7.63649278052756e-06
ACAA2,4.1663376809266,-1.03120943677104,0.418658594177921,-2.46312735749741,0.0137730982933313,0.0886268933657838
MBD1,3.45301141628616,-0.344331083245498,0.451143565221884,-0.763240595210856,0.445319922661397,0.754870095244953
CXXC1,3.8043899118546,0.472745827890049,0.42196154967349,1.120352857401,0.262563425746291,0.586030252940374
ME2,11.3669050038146,0.844801482115165,0.275460337516576,3.06687158569364,0.00216311763638224,0.0200685660115702
ELAC1,1.92441488100384,0.313522159580504,0.595771500841885,0.526245648100767,0.59871754137846,0.839907072265518
MBD2,0.404021281802308,-0.524633581760595,1.15503252507471,-0.454215418502314,0.64967378660049,NA
TCF4,21.1527351667492,0.720713828257826,0.212796943127575,3.38686175499122,0.000706970024148675,0.00796304660144651
TXNL1,20.5917951229662,-0.178759521578934,0.274573023330765,-0.651045464738138,0.515017138710849,0.797942805141236
FECH,0.567130815185309,0.880464395928703,1.04289769569071,0.844248097935986,0.398530782396969,NA
NARS,12.7681865752253,0.45573401895143,0.230994892436042,1.9729181634508,0.0485048868705432,0.220582763046753
RP11-35G9.3,4.47409968327915,0.944697207118992,0.472601546493198,1.99892957212866,0.0456159745607114,0.210817024438202
MALT1,2.34424866325393,-0.676341332500367,0.527872542073953,-1.28125878615148,0.200102783870426,0.513845990152266
SEC11C,28.7723340883083,-0.00204269189300072,0.193322245406756,-0.0105662537112728,0.991569506169963,0.997785325741166
LMAN1,7.0622926389207,0.229544781594418,0.34648065561388,0.66250388838511,0.507648343669188,0.793653930918014
PMAIP1,69.6146458736645,1.57520510803113,0.13999220747317,11.2520913589639,2.26164915670544e-29,1.92580974768233e-27
BCL2,7.99457150494574,0.541999285000103,0.338760735953442,1.59994718241075,0.109610301036392,0.367694350373563
KDSR,4.14433927225683,0.483283972124277,0.462102584681962,1.0458369811043,0.295636303923585,0.62290731990207
VPS4B,9.94351726281594,0.162613275263969,0.261025514177117,0.622978469275723,0.533298670668211,0.808162830382025
SERPINB2,0.147740348206053,0.418444322259721,1.73270911593893,0.241497155183472,0.809169821083625,NA
SERPINB8,2.16929495241482,-0.244013780361152,0.559244982442501,-0.436327169705525,0.662599371862405,0.870948973460923
TMX3,1.93881237484203,-0.0483625406993914,0.614086049271643,-0.0787553157358864,0.937227246475409,0.978396083872473
CD226,0.159325010592081,0.155023823000204,1.67107010668046,0.0927691916577665,0.926086926929215,NA
CYB5A,11.1960071875447,-1.07354145839089,0.281143012757774,-3.81848884615825,0.000134271654108066,0.00182234192562388
CNDP2,18.6977650899285,1.39917239445412,0.225676462066848,6.1999039759834,5.64976202646663e-10,1.6334381747217e-08
LINC00909,2.80255056278664,-0.846511979936376,0.542872486201008,-1.55932010085871,0.118920636501,0.385490189676383
ZADH2,1.53865203490639,-1.70102835305115,0.872514294167945,-1.94957075708806,0.0512273016695914,0.228264449590093
MBP,13.8201856681537,-0.592313070234014,0.255185148905232,-2.32111105514993,0.0202808508859683,0.119834381280588
NFATC1,4.9626482990172,-1.0769596518876,0.420524352699931,-2.56099235388652,0.0104373653276112,0.0718479101621609
CTDP1,1.89311258692456,-0.361258691791326,0.625406970449477,-0.57763777645729,0.563508696884243,0.82186064285135
HSBP1L1,0.514588159195417,-0.199491585534508,1.07526093910812,-0.185528533845913,0.852814501963415,NA
TXNL4A,9.13966677881854,-0.0683737010696503,0.304167704993443,-0.224789482733298,0.822143048274241,0.941149390068634
RBFA,3.05451280411109,-1.04103465915293,0.530118715679781,-1.96377646810298,0.0495560201893801,0.223379420955175
TRIB3,2.78639844626064,-0.101394509916628,0.568819035349151,-0.178254424721194,0.858523169320978,0.953586263561639
RBCK1,36.3261751089736,2.65007009659286,0.191669605232209,13.8262406988436,1.77033545579444e-43,2.44542337627073e-41
TBC1D20,3.58833035198627,-0.0348340835971834,0.445420521585682,-0.0782049364792965,0.937665035304057,0.978396083872473
CSNK2A1,4.96687758147174,0.194173629115452,0.362077267013239,0.53627677516786,0.591767279315229,0.837719291328504
FAM110A,2.10035369491199,-1.39935230108444,0.69601375042293,-2.01052393035933,0.0443757660694032,0.207604490212738
PSMF1,15.1720145448073,0.119251017113694,0.22597791819244,0.527710928871117,0.59769998667379,0.839792727299619
FKBP1A,36.4652986783079,-0.377090014358043,0.14201432769828,-2.65529556397435,0.00792389469214495,0.0584281487620083
NSFL1C,13.3971368348301,-0.119592849095922,0.231458023530697,-0.516693468956632,0.605370155911175,0.84500809909513
SIRPB1,0,NA,NA,NA,NA,NA
SIRPA,0.281791973005216,-0.501195499736016,1.46771737280063,-0.341479571628737,0.732742581142179,NA
SNRPB,44.5740196709683,-0.0708182666237756,0.147623090775733,-0.479723505663229,0.631424011538328,0.858659298998522
NOP56,15.2836282898459,0.249275719138797,0.229817059540421,1.08467021394012,0.278067744729362,0.603731518128753
IDH3B,15.9332578017749,-0.174502667679959,0.216786672979607,-0.804951085237486,0.420847907241906,0.737076770984999
VPS16,1.61535212625905,0.216701796390928,0.689803019836288,0.31415025762334,0.753406920153398,0.913754834074747
PTPRA,6.38685575001443,0.191006269770933,0.373711293589275,0.511106495970275,0.609276487533609,0.845039390946641
MRPS26,14.6547635532934,-0.494115486934019,0.22501628354922,-2.19590990989741,0.0280983922865255,0.152464981697381
AVP,2.13690536322115,-0.836854630958331,1.08127613302212,-0.773950895058932,0.438959830534455,0.751693273203361
UBOX5,0.498865504910137,0.211206142307483,1.37475080650253,0.153632310167403,0.877899659542741,NA
FASTKD5,3.33649210073315,-0.304047946187686,0.451229606873617,-0.673820914133513,0.50042517672791,0.789409416875755
DDRGK1,10.9448763852764,-0.512962872958694,0.294141512447323,-1.74393226134838,0.0811709023184513,0.307845228072906
ITPA,8.07681666879937,-0.109946659908564,0.298067247770659,-0.368865283693161,0.712228141032238,0.892099951502868
C20orf194,0.0665302408461833,-0.744938751001531,3.05049314246826,-0.244202729267169,0.807073813397553,NA
SIGLEC1,0.0224953582478284,0.35274060894598,3.05510878660049,0.115459263019725,0.9080811078806,NA
C20orf27,5.36780970881276,-0.839328279315522,0.367851226346475,-2.28170580713239,0.0225067150037679,0.130020204891656
CDC25B,2.09904400026267,0.445449446442635,0.666379465375528,0.668462144450398,0.503838638386815,0.79167365424986
PANK2,11.2159273183883,0.780045732633627,0.286203621173386,2.72549218432518,0.0064205696524801,0.049639628059473
RNF24,1.43488429430981,0.742781245068322,0.766758350755907,0.968729253924724,0.332680292617524,0.658999585376205
SMOX,0.423129894129244,0.0239326992277826,1.40643350257705,0.0170165878329335,0.986423382510921,NA
PRNP,10.5635588751995,0.191997485491152,0.302435221339483,0.634838378416366,0.525533830021032,0.804610415618408
RASSF2,1.59116771700692,-0.904879793680452,0.712326220060856,-1.27031656030175,0.203971891605189,0.518564121970494
TMEM230,23.8200551901564,0.0710044225865578,0.168229817198806,0.422068000600917,0.672975383808391,0.877425509435392
PCNA,5.74855369074585,-0.35416994262176,0.366049837626916,-0.967545689728555,0.333271312247466,0.659356389088598
CDS2,4.50892512169388,-0.0179832271044263,0.420682296173001,-0.0427477630221712,0.965902604958408,0.987670766971782
GPCPD1,3.12415158675012,0.456601082215381,0.450052321577873,1.01455110955666,0.31031985463664,0.638517471050304
C20orf196,1.84440475450754,-0.357765737883069,0.674163930687099,-0.530680627660455,0.595640112651151,0.83901284492146
TRMT6,5.44220399273218,0.79199565590877,0.36909504422536,2.14577699782173,0.0318907746557688,0.165608233300133
CRLS1,5.06325493419967,0.104989912869955,0.394356189892991,0.266231177703701,0.790061172878455,0.930508907068129
TMX4,4.98091026844571,-0.397757894890219,0.358562198608749,-1.10931352059295,0.267294954377574,0.591493569388039
MKKS,7.78147842230229,-0.385215908157471,0.322437828168498,-1.19469824724215,0.232204947522488,0.553106278002696
ESF1,8.17451971914454,0.448161897773845,0.291873241424859,1.5354675734782,0.124669016294197,0.395591979074253
SNRPB2,24.6404209369368,0.268117679230333,0.172568484800018,1.55368855177145,0.120258725159487,0.38711974914105
DSTN,7.59648661161484,-1.01125817948484,0.298632368035048,-3.38629796273845,0.000708424190894453,0.00796304660144651
RRBP1,1.22568872377902,0.0914467456796739,0.683638323503438,0.133764803018996,0.893588560132752,0.96836584549951
SNX5,7.79442613978911,-0.875690548583412,0.324977230987902,-2.69462123829842,0.00704686848464591,0.0532041409281171
MGME1,2.46000165941283,-0.94268406595481,0.527707372599847,-1.78637653158133,0.074038312861711,0.289995055291995
PET117,2.45489262703849,-1.33541821972845,0.544122427566003,-2.45426057091988,0.0141174642430794,0.0903750337126482
SEC23B,5.99999574793561,-0.532109568638559,0.365281038459412,-1.45671281181951,0.145195671727424,0.430804914299601
LINC00493,19.7873489879554,-0.143036166693573,0.262452177553233,-0.544998970963239,0.585754225350261,0.836036378287134
DTD1,2.88755599597244,-0.608351417213347,0.463000280685598,-1.31393314991628,0.188868701795247,0.496409239052538
RIN2,0.186072462947516,1.45861304230242,1.6018637542817,0.910572474346601,0.362520679147263,NA
NAA20,23.6002064556287,0.0668104766271129,0.195462630096916,0.341806904951531,0.732496212839967,0.906108748062335
CRNKL1,4.03235120633148,-0.0625362039404704,0.42111056869286,-0.148503050243039,0.881945778901195,0.961953844823623
XRN2,13.1686922882605,0.185852495598218,0.228450036597571,0.813536729370757,0.415910396734992,0.732657006251591
THBD,0,NA,NA,NA,NA,NA
NXT1,14.6715846370852,-0.350904475130733,0.216272064235213,-1.62251410681084,0.10469331508809,0.358552973326483
CST3,2.54516303651387,1.85988122180789,0.617277395477036,3.01303957578191,0.00258645185428553,0.0232899592416349
CST7,1.99682980976962,-0.844314998477793,0.648135112520796,-1.30268362594027,0.192682794432016,0.503835188680556
APMAP,6.83066083458023,-0.931957950667335,0.358005723650037,-2.6031928796154,0.00923599765395619,0.0655376271883467
ACSS1,1.87061895670673,-0.642094077250228,0.625555021079725,-1.02643901113919,0.304684697593754,0.632571837088434
ENTPD6,1.77815627108633,-0.0527875232015619,0.665236844074505,-0.0793514725946987,0.936753066126889,0.978396083872473
ABHD12,2.13958261987922,-0.742604578675394,0.642091693597583,-1.15653976850977,0.247460442711718,0.570240060640446
FRG1B,3.09465517684774,0.214748913474239,0.492730482280654,0.435834439306965,0.662956854777371,0.871056819639505
HM13,12.6701367089393,0.657319741187161,0.246355455518463,2.66817611083063,0.00762642708583561,0.0568415716613359
BCL2L1,1.66684643924899,0.510540504560847,0.632123845314015,0.807658986993649,0.419286919622816,0.736029438035756
PDRG1,3.76174530185256,0.169884642779889,0.438467004629481,0.387451372591759,0.698422078026351,0.886360072889301
HCK,1.41049363142681,-0.37579374664901,0.724294100979316,-0.51884137416127,0.603871363088818,0.843899368920884
TM9SF4,2.69841608827892,0.625126766237461,0.589582836860417,1.06028657409079,0.289014245323121,0.616087979742291
ASXL1,3.10060456232505,-0.376662368127244,0.447716240528796,-0.841297085141181,0.400181523191275,0.718938828947101
COMMD7,9.2000664064536,-0.374143366167379,0.295315283516162,-1.26692855754925,0.20518083642514,0.519512863225527
MAPRE1,14.7428909695087,0.209668648515247,0.229292346863508,0.914416252366491,0.360498165121025,0.685024132035705
CDK5RAP1,2.93927996274226,0.470159413938314,0.494641812257978,0.950504794150125,0.34185581906871,0.666971835254427
CBFA2T2,2.44987451948645,-0.130249015367352,0.501282616674393,-0.259831502299939,0.794993749964258,0.932033348097491
CHMP4B,20.9461287986526,-0.664217779128165,0.190436735072595,-3.48786581997935,0.000486892357256313,0.00572121529811955
RALY,12.0458145497798,0.0314278488298742,0.257046414815109,0.122265268132528,0.902688937603116,0.971455156223809
EIF2S2,43.4680139278055,0.4757437665749,0.166374778742347,2.85947046884824,0.0042434892596741,0.035531743808462
AHCY,3.57714201074181,-1.32375446543669,0.468961817158268,-2.8227339988107,0.0047616059952316,0.038741024694188
DYNLRB1,16.9200477108825,-0.021063937953244,0.203162571947902,-0.103680209160994,0.917423132800183,0.9751814025147
MAP1LC3A,1.24561367680918,-1.72688210765854,0.787423848942289,-2.19307823858545,0.0283017426027006,0.152977071320336
GSS,1.3762800533913,-0.119217355846088,0.745386790435909,-0.159940258367564,0.872928135119796,0.958001639813674
TRPC4AP,2.82713201831834,-0.00615346928776509,0.473466747712476,-0.0129966239815049,0.989630486306374,0.997170222545051
EDEM2,4.35951861323704,0.0476086391774187,0.405693825156835,0.11735115553956,0.9065817887754,0.972779630420833
PROCR,0.0295527836364702,0.429483717069159,3.05433812154166,0.140614332787877,0.88817462481673,NA
MMP24-AS1,4.55397617600207,-0.137576706536511,0.416151910911146,-0.330592514246283,0.740952301345603,0.910589067845842
EIF6,43.8873457324206,0.241983661127931,0.152618196023966,1.58554921649009,0.112841603997456,0.374241137899396
UQCC1,1.1818253449048,-0.71189037643219,0.800949609609956,-0.888807944832964,0.374106305330445,0.697083371532284
ERGIC3,11.7808907805052,-0.376133606590134,0.244311121881564,-1.53956808717236,0.12366566938499,0.394006048640235
CPNE1,13.457749813792,0.363473728416627,0.297358738050011,1.22234083585429,0.221578762755211,0.540135484363521
ROMO1,5.08117913891823,-0.199907354420255,0.367049259137635,-0.544633586483535,0.586005550224749,0.836036378287134
RBM39,38.33109419171,-0.0900445071852018,0.150819336201263,-0.597035562237463,0.550483637842209,0.817675857269396
PHF20,6.68172148623878,-0.35575512278274,0.349906920091317,-1.01671359540388,0.309289696283893,0.637520154753935
SCAND1,15.6505683754703,0.0215162907186582,0.218970416637105,0.098261176322812,0.921724905752627,0.975351695087598
LINC00657,3.20604906945935,-0.171937283856047,0.520429456693473,-0.330375772632939,0.741116045419387,0.910610266520441
AAR2,2.59415326527976,0.240202900724743,0.577551546420379,0.415898636603958,0.677484177222003,0.878990115969937
DLGAP4_ENSG00000080845,2.22413557935038,-0.175176918089058,0.549155651552934,-0.318993199093341,0.749731669937498,0.912002360143148
MYL9,0.440560779693092,-0.780303238275248,1.15966911141496,-0.672867139940606,0.501031819124892,NA
TGIF2,2.43766704772724,-1.11000636930619,0.558065202423747,-1.98902630818997,0.0466982992186438,0.214860568425677
C20orf24,21.6279308035695,-0.128641776661245,0.196397835686523,-0.655006080955875,0.512463838899778,0.796832355107668
SLA2,0.635989345827828,-0.0335299978457337,1.16241382722406,-0.0288451471072106,0.976988093660704,NA
NDRG3,1.28510777382029,-1.13669624113481,0.74745474589564,-1.52075593522757,0.128321096113067,0.402201960364954
SAMHD1,5.6689435875234,3.84701744963831,0.567803211042234,6.77526539974456,1.24178091203752e-11,4.08407944403452e-10
RPN2,24.6942910803453,-0.132357800688723,0.169175980738228,-0.782367568440609,0.433998587838447,0.747709318737192
MANBAL,2.80771931301109,0.587328037600498,0.480264257730855,1.22292681195036,0.221357340636791,0.540135484363521
SRC,0.33053217751617,0.234180453058395,1.50206643450085,0.155905523004523,0.876107491818995,NA
BLCAP,7.28657055876824,-0.527067290508637,0.375401911997204,-1.40400800758991,0.160316465077604,0.454205627585408
CTNNBL1,16.0909726283544,0.090638395316762,0.23575094085911,0.384466738442115,0.700632543934791,0.88733902427508
TTI1,1.54680226300003,0.229547699643761,0.674946640914441,0.340097551019384,0.733783065978391,0.907197174223863
ACTR5,1.06079220704436,-0.687193412969831,0.779027583999312,-0.882116919970882,0.377713583219133,0.699175598343184
MAFB,0.445766716684118,-0.266804221069045,1.10831664939924,-0.240729236733624,0.809764977573999,NA
TOP1,8.18494127259019,0.651379408856199,0.290883343947202,2.23931490891562,0.0251354334899425,0.141063532037943
CHD6,2.21443778790435,-0.717365457465608,0.564617966324229,-1.27053246664429,0.203895025567174,0.518564121970494
SRSF6,6.4251089042392,0.172125534810618,0.390637591858155,0.440627165429381,0.659482933061127,0.87011026139071
IFT52,1.4892179875408,0.263543755277487,0.699422515504051,0.376801932216265,0.706320804705023,0.889123151487732
OSER1,16.1174855065522,-0.464099167310609,0.223481651434151,-2.07667682931615,0.0378313965531791,0.186931606498062
OSER1-AS1,1.33511479223388,0.430860252110996,0.721389732276548,0.59726418721167,0.550331010748031,0.817675857269396
TTPAL,2.31096474693112,-0.42453952185815,0.56352585834067,-0.75336298339215,0.451231820372858,0.759703810050135
SERINC3,5.658635247901,-0.423411445633587,0.358832575797795,-1.17996936229163,0.238012400551183,0.55850701465691
PKIG,17.0454611738255,0.154656080179997,0.265126226968854,0.583329993219287,0.559671175277537,0.819353284981176
ADA,13.2588342173777,-0.323953534781119,0.28966012510464,-1.1183918900266,0.263399656520928,0.586839417548376
RP11-445H22.3,0.112990899419171,0.336902817406493,2.04730903533007,0.164558848514131,0.869291223670261,NA
YWHAB,56.02267802427,-0.0242844522551352,0.126879601695882,-0.191397607894,0.848214094047882,0.951536327415761
TOMM34,2.31036420761223,0.579524750210155,0.550189701225101,1.0533180626968,0.292195243190387,0.619681211760985
STK4,36.0470035414419,0.112963429032136,0.150650194792672,0.749839249710889,0.453351526448307,0.760192362665951
SYS1,7.67741968707925,-0.508355169592255,0.313090813031068,-1.62366683541689,0.104446932759429,0.35813728019527
PIGT,7.75237988402491,-0.249255904296228,0.335992287843986,-0.741850076070693,0.458178176552855,0.764368101302347
DNTTIP1,4.63534835318413,-0.464081321664266,0.390209294258309,-1.18931385923641,0.234316183603779,0.554227320122181
ACOT8,1.87540051149816,-0.527852545178025,0.579775816613701,-0.910442502174471,0.362589191706237,0.687352574766202
CTSA,5.14935495762583,-0.610623965173816,0.359472316522171,-1.69866756661957,0.0893818377710759,0.326054872995897
PCIF1,0.793766335608031,-0.192673020591097,0.845316493014867,-0.227930038255752,0.819700630135257,NA
MMP9,0.106774423555377,-0.954387066682108,2.07230434430679,-0.460543871996448,0.645125888590632,NA
CD40,35.3724628079894,0.360896143110773,0.153138165317652,2.35667015052826,0.0184396178232835,0.112080195504263
SLC35C2,4.21439959892589,-0.691121980260038,0.448811644784694,-1.53989315627402,0.123586399266637,0.39395541427765
ELMO2,0.477048856793218,-1.31815985994151,1.06253670703762,-1.24057818540366,0.214761614731919,NA
TP53RK,6.69012312183829,0.0301726495924884,0.311225288131016,0.0969479368906126,0.922767739938392,0.975497325077729
NCOA3,3.68198686880719,1.07671940419954,0.415751417968046,2.58981535038876,0.0096027424789345,0.0672949799876627
PREX1,0.303230417718108,-1.17209803630846,1.28260320498653,-0.913843058984689,0.360799317169381,NA
CSE1L,1.48163042374595,-0.0237755945044362,0.708909920166676,-0.0335382448856777,0.973245367966826,0.990454028697084
STAU1,7.10669690891227,0.441900091313224,0.330444161538601,1.33729126656578,0.181127580635108,0.486976228904772
DDX27,13.775269808005,0.0739586243538857,0.227939609904564,0.324465872275782,0.7455853558106,0.910831399230374
ZNFX1,7.16490017178162,2.83629759025563,0.398782058332667,7.11240019702584,1.14042000828712e-12,4.1455267669665e-11
ZFAS1,50.6676768603977,0.358276990369003,0.138266987840197,2.59119690076047,0.00956427513339828,0.0672176615281766
B4GALT5,1.40648617385902,0.432887129739649,0.860690759898213,0.502953151014243,0.614997210760734,0.848950180343931
RNF114,14.062941214977,-0.177721246251039,0.238765127032087,-0.744335022706879,0.456673818222667,0.763703108440166
TMEM189,1.54679822146545,-0.216146041448408,0.744439849581341,-0.290347220893622,0.771550616878924,0.921422364125998
CEBPB,15.8705652509527,0.135365795919245,0.218172447878171,0.620453211373574,0.534959449035244,0.808651655549302
RP11-290F20.3,0.0724456591408218,-0.265676302192845,2.33753672867132,-0.11365652523623,0.909510076956543,NA
PTPN1,21.717858227387,0.971674573168943,0.199994522781949,4.85850592132637,1.1827487232622e-06,2.32657153917652e-05
BCAS4,9.64896709938384,-0.677139097554495,0.311558777004137,-2.17339117859454,0.0297508882031081,0.158432811782572
DPM1,16.3042101914934,-0.181767522109036,0.208944422494896,-0.869932396082387,0.384337350081833,0.705147865439396
NFATC2,1.36061384451529,-1.08364581704649,0.727540758524542,-1.48946406692613,0.136365208764931,0.41611422526238
TSHZ2,2.211002883709,1.16869378653179,0.701018338465351,1.66713725220123,0.0954871162498933,0.339676854461167
ZNF217,1.13127882100551,-0.65460080023076,0.840041868009431,-0.779247826994512,0.435833741628337,0.749332521534902
PFDN4,3.61582895214442,-0.245070417872999,0.460619134010491,-0.532045674566827,0.594694361705766,0.838934318389553
FAM210B,1.24373119486087,-1.85207024688238,0.960224699622948,-1.92878838422885,0.0537571384513091,0.236151500080097
CSTF1,5.35398477326321,-0.29014157592646,0.342680431475203,-0.846682650297337,0.397172031754936,0.716289746718611
RTFDC1,14.6090142269654,-0.0271497700272913,0.241939547554712,-0.112217164583858,0.91065121976091,0.97381871700637
RAE1,5.34103263298467,0.145259501992644,0.33745766819756,0.430452515032505,0.66686650148204,0.87415482353698
RBM38,5.35008284966413,-0.772849958439223,0.420163854935158,-1.83940134155161,0.0658561769553699,0.270205937923815
ZBP1,8.78192389709777,4.02124216157888,0.495173560512433,8.12087413838792,4.62837828744281e-16,2.14701488318989e-14
PMEPA1,3.76015610384628,-0.693525398487287,0.475299748662313,-1.45913268508799,0.144528591712496,0.430263278776281
RAB22A,3.55809088602856,-0.356156939227255,0.419332835523677,-0.849341880853366,0.395691082931006,0.715398211452795
VAPB,2.47016818120825,0.372923173990935,0.540591211916357,0.689843204570326,0.490292795575808,0.78305755840165
STX16,3.58692208754539,1.27280688972497,0.463871841806017,2.74387616366082,0.00607184383671177,0.0472964677807022
GNAS,32.0767610871976,-0.163090910891758,0.165276082028478,-0.986778660832831,0.323751158066575,0.650604294183342
NELFCD,7.07336696527485,-0.838306073186009,0.316777790773277,-2.6463536826229,0.00813646959755559,0.0595716077955307
CTSZ,2.82370497091323,0.213226827292858,0.508964741476736,0.418942236890892,0.675258347983347,0.878485954597004
TUBB1,0.745657103429272,0.633488220486278,0.959741203628388,0.660061502091729,0.509214362553524,NA
ATP5E,94.8108384942107,0.0573177350939709,0.0938691583567517,0.610613071400232,0.541455767024869,0.812968369040239
SLMO2,8.57554300672652,-0.434480232342377,0.274059204835462,-1.58535172209679,0.112886443623129,0.374241137899396
FAM217B,1.05481704130704,0.0909976611326191,0.764865291826941,0.118972140722014,0.905297427473347,0.972240637383262
PPP1R3D,1.08692582394923,-1.38500946604414,0.860763488216692,-1.60904764781969,0.107605923295836,0.363916441353056
PSMA7,105.519883883405,0.1769540170274,0.101558927203974,1.74237776923343,0.0814423632705074,0.308686420786265
MTG2,1.14518036857613,0.896119079982522,0.763902926053611,1.17307978464221,0.240763812333461,0.562415579656067
OSBPL2,0.907257860652705,-0.442646523683705,0.813367448257007,-0.544214702263125,0.586293735726433,NA
ADRM1,38.0044122463996,0.11874262476208,0.139540798448797,0.850952739858743,0.394795606186272,0.71504938463108
RPS21,79.2303612500592,0.062453398232202,0.105610772022859,0.591354433226608,0.554282964714586,0.818146046340154
OGFR,11.5569186048345,0.80380436088429,0.27315261823617,2.94269323162524,0.00325370658950493,0.0282867694550527
COL9A3,5.5673575108062,-0.64862230110071,0.52874942457666,-1.22671017868251,0.219931540642729,0.538862615938197
DIDO1,2.44012107290323,-0.761943170588066,0.586913881251382,-1.29821971319454,0.194211845960961,0.50671265337398
GID8,8.4791828725133,-0.219874716381244,0.329841358253411,-0.666607479260738,0.505022890437435,0.792232934199135
PPDPF,65.2542544591368,-0.40357905251482,0.127293613355743,-3.17045798194879,0.00152198843075222,0.015056042633413
HELZ2,9.09699720720325,3.24408092646588,0.412882880918546,7.85714563715679,3.9298583564808e-15,1.72028165802005e-13
CTD-3184A7.4,1.95215890317558,-1.80531404282096,0.705588675089922,-2.55859271351101,0.0105096791457638,0.072185818309467
STMN3,1.77351438782453,-0.117438734371033,0.601381774974676,-0.195281498804946,0.84517258005891,0.950898558606521
ARFRP1,4.93209928477784,-0.266386471717737,0.370063064705811,-0.719840743710823,0.471623055678711,0.770057503046721
TPD52L2,3.4094954119123,-0.12075120612739,0.42666154132894,-0.283014039070129,0.777166075165335,0.923816945817705
DNAJC5,0.768073500895061,-1.44561252170191,0.940486217025331,-1.53709059796139,0.124271125041078,NA
UCKL1,2.0263656851837,-0.55088848347461,0.594083277498191,-0.927291685089195,0.353775110305561,0.678125093750292
PRPF6,8.52439180617276,-0.296255714744045,0.329201214213513,-0.899922910223228,0.368161277021716,0.691377513460008
TCEA2,3.66622221706571,-0.177246510022481,0.460179686672993,-0.385168044473971,0.700112917180322,0.886876277398182
RGS19,6.96571709732103,-0.351744458375417,0.370495190658959,-0.949390079125743,0.342422254244062,0.667277961959181
TPGS1,9.03326745771464,0.180406628759391,0.309049285050381,0.583747115706743,0.559390463080714,0.819353284981176
GZMM,0.37740718120889,-1.84348137558739,1.31686921913151,-1.3998970807467,0.161544140365874,NA
BSG,23.1328331621222,-0.337448009229734,0.185912591572732,-1.81508958793529,0.0695101430221025,0.279118248724411
RNF126,7.18740395001365,0.0372467857653999,0.303668302459875,0.122656152992199,0.902379386445899,0.971455156223809
PTBP1,6.26611818327444,0.305230091596232,0.343517331589007,0.888543498473077,0.374248468404878,0.697083371532284
CFD,0.414349578397234,1.09486890652635,1.40164013712598,0.781134099635117,0.4347236280269,NA
MED16,1.96823133936053,0.049232301377533,0.542781032203779,0.0907037985053418,0.927727952305194,0.975683415108361
R3HDM4,11.6815447615849,-0.23435677393345,0.268681940867766,-0.872246095798417,0.383074137418952,0.703453127975245
WDR18,9.4319856551776,-0.328522187571996,0.362458388444938,-0.906372146555805,0.364738910337596,0.689333252252507
TMEM259,2.94928682900695,-0.343497497771068,0.464101923981498,-0.740133750845562,0.459218841199507,0.765487883318888
CNN2,3.24686454180138,-1.29838433717501,0.514251594487665,-2.5248037168821,0.0115762926305887,0.077541201499719
HMHA1,5.05447361862443,0.00358346733302076,0.368080705763259,0.00973554787554,0.992232279364592,0.99786722882087
POLR2E,15.5186355282767,-0.293532123392892,0.237635668208068,-1.23521913021863,0.21674896142503,0.53598159551951
GPX4,41.5433774460176,-0.940653819076154,0.169971899763657,-5.53417253313116,3.12701052676325e-08,7.48814343141922e-07
ATP5D,34.5482348123307,-0.442803101125147,0.15563713293351,-2.84509932031656,0.00443975771491804,0.0365141028342426
MIDN,2.05898523237013,-0.0293480992426719,0.665176273363005,-0.0441207848474413,0.964808125003333,0.986876304923601
CIRBP,53.2241493149797,0.0740769489286169,0.129980176376575,0.56990958924385,0.568739020643825,0.824075000541262
C19orf24,11.9404018480591,-0.177618827614245,0.243284877595224,-0.73008577175013,0.465337757847492,0.766952017371318
MUM1,13.7524595627847,0.176670619085626,0.25767006954333,0.6856466464993,0.49293595882873,0.785060189618085
NDUFS7,18.0963281603468,-0.148773667946418,0.205911957254606,-0.722511067011335,0.469980323673042,0.768638618129661
DAZAP1,8.59025784595559,-1.18545294847623,0.370703437885611,-3.19784719353488,0.00138457626774029,0.0138368586499576
RPS15,580.011565056507,0.0293248835530718,0.059118781154003,0.496033290616753,0.61987092345463,0.852090554460604
C19orf25,9.93785020422652,0.0353279866203849,0.259051473950408,0.136374389543709,0.891525318694172,0.967817216381938
UQCR11_ENSG00000127540,46.1900317832875,0.141265395446152,0.137994078078381,1.02370621560958,0.305974058688886,0.633766993938725
CTB-31O20.2,0.645544258347441,-0.298651587282856,0.968019570043178,-0.308518129720802,0.75768810708774,NA
ABHD17A,0.426815571528628,-0.145677481005151,1.15044323102222,-0.126627265976184,0.89923541552125,NA
SCAMP4,2.31525737164161,-0.43167684962267,0.581850412271544,-0.741903486735368,0.458145813141454,0.764368101302347
MKNK2,3.13632082762882,-0.741689917255016,0.504690102479307,-1.46959473469252,0.14167154716594,0.425503673287179
MOB3A,4.02400469250473,-1.24079072629997,0.419603215195677,-2.95705724209319,0.00310590452385769,0.0272303279552883
IZUMO4,3.58228673805996,-1.43320463251877,0.542842245055796,-2.64018625221671,0.00828604754430057,0.0603360142116353
PLEKHJ1,15.143853300659,-0.44130241854763,0.239728224231692,-1.84084464798404,0.0656443278126045,0.269514624625594
SF3A2,4.1881500607619,-0.816166972248679,0.409068740231723,-1.99518294110263,0.0460229308861544,0.212381988410049
OAZ1,329.363680385842,-0.424368446234515,0.0821132879750741,-5.16808493119085,2.36504838238789e-07,5.19474937983149e-06
LSM7,50.9142700736876,-0.77809197424557,0.13577559908191,-5.73072024359963,1.00005085153246e-08,2.56872565831645e-07
TIMM13,16.0894170125905,0.023450494438761,0.219182270435823,0.106990836403565,0.914796249516346,0.974987639149784
GADD45B,32.7653402066409,0.74197054773782,0.21146044582983,3.50879118232311,0.000450148181388755,0.00533992575479485
GNG7,15.4157868213902,-0.225828457406052,0.246365128231901,-0.916641324309025,0.359330622306736,0.684313464540034
SLC39A3,8.96420732301685,-0.577651228371361,0.278640893163349,-2.07310284507566,0.0381627092969143,0.187970999199382
SGTA,2.74607045693517,-0.121791635167566,0.522099155260695,-0.233272997936096,0.815549424785666,0.939644208060827
THOP1,1.14092702234141,-0.694506884903262,0.790608796713821,-0.878445683617476,0.379701901948781,0.699533794461654
AES,9.78622382624797,-0.170667320092324,0.274574645419422,-0.621569846085473,0.534224753867397,0.808162830382025
GNA15,0.126750815030649,-0.856085972918678,2.27805701311185,-0.375796552935808,0.707068150652736,NA
S1PR4,8.37153982400506,-0.975989441603135,0.326271039304161,-2.99134561156463,0.00277750945213377,0.0247704429762747
NCLN,2.28701812074963,-0.32491235440705,0.524076935128694,-0.619970719236601,0.535277064628287,0.808674375630276
NFIC,1.66185887812837,0.459564650929026,0.622242654519406,0.738561793524062,0.460173131439533,0.765950298176077
DOHH,3.90696334590828,0.126018976531671,0.407329812184638,0.309378230519862,0.757033828182564,0.914976137659502
HMG20B,3.3976033634156,-0.516692426918274,0.427288695282316,-1.20923495665358,0.226572591446691,0.545744635304982
APBA3,3.98782723095926,-0.0762553375967919,0.421742068504826,-0.180810365603638,0.856516426640074,0.953586263561639
MRPL54,16.608895631367,0.47234946681327,0.242741540518596,1.94589465735505,0.0516673948529951,0.229567209725674
MATK,0.297497249527678,-1.22568887438328,1.35805292538698,-0.902533952448148,0.366773293884809,NA
DAPK3,2.32639614705371,-0.0711687305135218,0.492698871810429,-0.144446708903577,0.88514773514987,0.964015892440863
EEF2,144.506441322185,-0.60927052694316,0.117436923650202,-5.18806613802262,2.12489142355885e-07,4.70047156186542e-06
PIAS4,1.36446933595156,0.549414413062079,0.654004702610152,0.840077159796176,0.400865125380319,0.719612990009415
ZBTB7A,1.96270998579101,-0.832203034944695,0.59746045315719,-1.3929006188561,0.163649845281883,0.459742395925205
MAP2K2,1.96880273801877,-1.49399724397725,0.676847186504616,-2.20728884416668,0.0272938861877005,0.149600151077234
SIRT6,3.36131547105549,-8.73917382087646e-05,0.444198123044735,-0.000196740449081014,0.999843023834206,0.99988634307833
EBI3,7.11326033522271,-0.468769062708833,0.341430408353693,-1.37295639532852,0.169765902823388,0.468798246090707
CCDC94,4.2440390709344,-0.0929060434658904,0.401323857177283,-0.231498929865138,0.816927216705743,0.939644208060827
TMIGD2,0.579909516619558,-0.406378697248328,1.21870798969299,-0.333450425110203,0.738794305143027,NA
SH3GL1,0.862064862807441,-0.984124939633896,0.857944954271629,-1.14707235555618,0.251351718039057,NA
UBXN6,2.04559163775739,-0.50682497175752,0.589276307573745,-0.860080348121059,0.389744753217286,0.710284722505106
LRG1,0,NA,NA,NA,NA,NA
SEMA6B,0,NA,NA,NA,NA,NA
TNFAIP8L1,2.25516880611015,-1.41874131859105,0.64950660195183,-2.18433702494724,0.0289374920185371,0.155198835536865
C19orf10,20.5020508285054,-0.155848781263038,0.226190999941961,-0.689014069096594,0.490814413967282,0.783488032157325
DPP9,1.24642464752804,0.056456793707107,0.831687780333924,0.0678821969518893,0.945879410833308,0.98156701464772
TICAM1,1.5644446704926,-0.605025891496495,0.650869318130327,-0.92956585084465,0.352595915410521,0.67708872727581
PLIN3,4.17009156923055,-0.610245040324832,0.432775367131196,-1.41007341607739,0.158518005949107,0.450479301073993
KDM4B,8.39941397769266,-0.375161377137573,0.284683380242137,-1.31781973650334,0.187563999368551,0.495494186177182
SAFB2,6.09700099981418,-0.0603099360979011,0.34842700850986,-0.173092023938765,0.862579094298784,0.95507570493838
SAFB,9.46838594524989,-0.260517125932303,0.267466086611276,-0.974019283091121,0.330046964852787,0.656736331353626
RPL36,212.24429744983,-0.0624549979917425,0.0797040095923501,-0.783586651552055,0.433282690801708,0.747664486060718
C19orf70,23.1329364800132,0.487711329423373,0.198875480311658,2.45234519941362,0.0141928432468892,0.0906536460167805
NDUFA11,27.5124750603272,-0.200317285835915,0.165816422701635,-1.20806662314962,0.227021636832421,0.546029361709236
RANBP3,3.69470996754991,0.14489575073702,0.426117933821856,0.340036734519594,0.733828864277208,0.907197174223863
CLPP,10.5531557722475,-0.709000899968947,0.267714000686942,-2.64835196571596,0.0080885265020842,0.0592904253973531
ALKBH7,8.32881940882035,-0.715192163636523,0.332168093529462,-2.15310313533496,0.0313105739100722,0.163827043287044
GTF2F1,7.47162887125857,0.558940876876825,0.301512619557042,1.85378932960741,0.0637693056465859,0.263594609016653
DENND1C,1.63246023989417,-2.0239631308902,0.770124819870514,-2.62809752220491,0.00858638958489593,0.0620616251857129
CD70,15.1892913834282,-0.145216544928343,0.549950437892707,-0.264053876354353,0.79173840414912,0.93075870225805
TNFSF14,0.491099413835355,0.0849921917446092,1.14092519002642,0.0744940969728619,0.940617238051206,NA
GPR108,7.74591875560773,-0.243484022794554,0.309211026862254,-0.787436416046768,0.431026436155817,0.747144541869648
SH2D3A,1.05077839051808,-0.812788872410499,0.819762552973417,-0.991493048154464,0.32144488524735,0.647892803728123
VAV1,0.972821143606118,-2.12108457176896,0.896479903519523,-2.36601463506512,0.0179807336157779,0.110008110389444
EMR1,0.0391805387177302,0.0909295178218514,3.05371975599516,0.0297766413055211,0.976245188042495,NA
MCOLN1,0.680917675831453,-0.382335175730778,0.934864637382978,-0.408973834758658,0.682558862973931,NA
PNPLA6,1.41476915117384,-1.12503418249473,0.738844650074228,-1.52269381984657,0.127835324876554,0.401528117310723
XAB2,5.74219976513517,0.180877408115259,0.333237319189083,0.542788570486088,0.587275383518604,0.836695801960037
PET100,5.21887085482911,-0.478853719216429,0.382782829955589,-1.25098014263593,0.210941722323491,0.527227079196951
STXBP2,9.39646887374156,-0.200804970777498,0.277176546948434,-0.724465951352139,0.468779723241848,0.767616724714575
RETN,0,NA,NA,NA,NA,NA
C19orf59,0.316857211216378,-1.64881089386585,1.62328520410932,-1.01572471041559,0.309760497519216,NA
MAP2K7,3.62413890691491,-0.724489540963518,0.487430910111742,-1.48634304048841,0.137188407675082,0.417942134910325
SNAPC2,2.50404181791081,-0.397387060870191,0.516388919760649,-0.769549937389019,0.441566911360707,0.752649478898487
TIMM44,3.6091417192596,0.283818418210402,0.460998229592423,0.615660538352459,0.538118587028239,0.810502819715904
ELAVL1,13.6880382609213,-0.466809924070135,0.25080114679776,-1.86127507800656,0.0627053407227903,0.262087401041807
CERS4,6.5058739966811,-0.9720113303694,0.403723469285079,-2.4076166096825,0.0160570334012648,0.10041299760791
CD320,7.12302483627864,-0.467467945153383,0.328649307398099,-1.42239138994178,0.154912661256038,0.445621996917339
NDUFA7_ENSG00000267855,7.1851005133582,0.206527420098685,0.328681059470061,0.628352057863248,0.529773336062604,0.807750965374753
RPS28,198.291014895028,-0.153825320570726,0.108845352101681,-1.4132465704831,0.157583237782563,0.449257059062774
RAB11B,7.78393577426626,-0.695099433543761,0.315005251219586,-2.20662808271477,0.0273400533500222,0.149600151077234
MARCH2,0.626293409137838,-1.00823514760584,1.10527222516889,-0.91220526911528,0.361660670711369,NA
HNRNPM,55.1028114685419,-0.326107024373367,0.165299993154964,-1.97281934590071,0.0485161482408075,0.220582763046753
ZNF414,3.07897983327136,-0.663986485726235,0.574485743279858,-1.15579279989682,0.247765918824073,0.570240060640446
MYO1F_ENSG00000142347,1.41525804006452,-0.816493325094177,0.687096639275832,-1.18832385201989,0.234705844070198,0.554515973675542
ZNF317,1.1750057244392,-1.60490530916583,0.814243811838069,-1.97103777251058,0.0487195554828575,0.221213116787028
ZNF559,1.72905682542267,-1.23395532919012,0.680148807606624,-1.81424317059716,0.0696402964835926,0.279460350511305
ZNF561,2.72203653960286,-0.795814401481936,0.548465563912406,-1.45098335035859,0.14678449647364,0.433862306267308
FBXL12,3.74225031404294,-0.307061693674761,0.475405866463901,-0.645893783260829,0.518348145980902,0.798913649877051
UBL5,36.5190649413134,0.0896750094703758,0.154641481657363,0.579889745683293,0.561988971262939,0.820905597963046
PIN1,14.9386503527537,-0.115004685159186,0.239967571060383,-0.47925094482974,0.631760115703521,0.858740625237937
C19orf66,20.6967631530192,2.41726360444262,0.237337584645534,10.1849170162106,2.31557368887893e-24,1.5476995752765e-22
PPAN,8.69029185238289,-0.204876217538556,0.298717334334708,-0.68585312598229,0.492805731286579,0.785053927646688
EIF3G,35.8132326833294,0.0264642526499672,0.14272420837441,0.185422311683406,0.85289780965278,0.953077108565433
DNMT1,4.06078574826326,0.392885063019186,0.411653367598994,0.95440750384413,0.339877409377393,0.665992196910221
MRPL4,9.23224013029123,0.0265772570354587,0.283036520994577,0.0939004512282285,0.925188235394533,0.975683415108361
ICAM1,1.06513371282667,1.82638268649505,0.843828027887926,2.16440154407578,0.0304335454365518,0.160999930581792
ICAM3,12.804882891588,0.12433202702921,0.249004924954019,0.499315533827974,0.617557113507004,0.850594951819087
TYK2,1.17557153864232,-1.21840807435047,0.747575606366195,-1.62981250856069,0.103141129287942,0.355824372923293
CDC37,53.4252691349225,-0.154336156027896,0.159132214963039,-0.969861168989215,0.332115697840383,0.658605351386338
PDE4A,0.725140970417641,-1.47473831483471,1.00006262273724,-1.47464596846772,0.140307749446674,NA
KEAP1,2.0068064989842,0.524900692922346,0.587596334015195,0.893301510810263,0.371695729142953,0.694457665269792
S1PR5,0.0386844800401195,0.442042704943031,3.05417699194027,0.144733820636311,0.884921035293415,NA
ATG4D,1.68446970108649,-0.493669037092824,0.638956158672017,-0.772618012038334,0.439748481426773,0.752194980888503
KRI1,0.631117186049759,0.880771114412109,0.989137334567143,0.890443706482421,0.373227682791228,NA
CDKN2D,5.32786057424358,1.65415405834595,0.459110849161368,3.602951359933,0.000314624420015965,0.00388808229586329
SLC44A2,3.60556315439379,0.0278220376394232,0.434868454299684,0.0639780544308004,0.948987701028656,0.981817235420602
ILF3-AS1,3.61091559955366,-0.136698092307946,0.458858951045212,-0.297908740794023,0.765772816508207,0.919993008777545
ILF3,6.96423538511535,-0.397423436271553,0.322817928515512,-1.23110707667048,0.218282819140683,0.537577656013662
QTRT1,4.91167807156073,-0.441583243426767,0.369647258983778,-1.19460710906055,0.232240570396885,0.553106278002696
DNM2,3.44073704322308,-0.116514390160253,0.464682336287855,-0.250739873374649,0.80201523071094,0.934725015988602
TMED1,1.94477645528577,0.099387797536241,0.576397087359066,0.172429388898573,0.863099969184381,0.95507570493838
C19orf38,1.46928365243936,0.485300314456659,0.719386935968439,0.674602623695616,0.499928265623171,0.789119882964355
C19orf52,4.53632650964318,-0.795447822673941,0.422310258047658,-1.88356263556395,0.0596241599546999,0.254383394088498
SMARCA4,1.38065925475306,-0.382298037327705,0.709430502789669,-0.538880180404434,0.589969533723023,0.837080717101646
TMEM205,11.2709812917597,-0.525934238194269,0.265644585070984,-1.97984174250618,0.0477213142758188,0.218114477601831
CCDC159,1.03405231687084,0.0010367460376771,0.853910587270361,0.0012141154508825,0.999031276264704,0.999778745990388
SWSAP1,2.01901790325415,-0.405335487265175,0.554104508833895,-0.731514508189434,0.464464946086712,0.766952017371318
PRKCSH,4.38289826834557,-0.575641367206204,0.38781529485629,-1.48431837227956,0.137724478516066,0.418423928864058
ECSIT,4.80334711032329,0.0495382658742501,0.384537559043085,0.12882555867241,0.897495681147171,0.970300651985212
ELOF1,11.4442168266704,-0.472214789841709,0.256828508103118,-1.83863852704433,0.0659683706100391,0.270487725403696
ACP5,30.1975987035969,-0.833817502244245,0.258767802685095,-3.22226140034489,0.00127183044778417,0.0129601607597154
ZNF136,2.71956804748289,-1.20552050204119,0.56238741173849,-2.14357661085373,0.0320668265128996,0.16610616133682
ZNF44,1.40977841030852,-0.320478122011673,0.686695210544735,-0.466696311683093,0.640717168958008,0.862802842773608
ZNF563,0.99213719966754,-1.49662870140176,0.831852196459601,-1.79915219046301,0.0719946098022585,0.28613714484069
ZNF791,6.41390388114564,-0.188724979836803,0.357622631574538,-0.527721019796443,0.597692981821382,0.839792727299619
WDR83,4.71742687227944,-0.285468286719915,0.382130052178947,-0.747044847931076,0.455036489785896,0.761989983973365
WDR83OS,31.0816120992391,0.0381657342085297,0.165311209518582,0.230872028095829,0.817414222065946,0.939644208060827
DHPS,10.0500691776927,-0.370542043125524,0.263610448113455,-1.40564247653055,0.159830316156504,0.453241443991253
C19orf43,66.3513064323797,-0.0625155810975286,0.119553503144913,-0.522908818671358,0.601037707431506,0.841775306136171
ASNA1,16.9369432541142,-0.221865597990881,0.209163528600994,-1.06072793605484,0.288813560396632,0.61587138642383
HOOK2,2.9197823762993,-1.01461611292736,0.512249299426385,-1.98070766336532,0.0476240668699966,0.217990574126582
JUNB,105.869629523653,-0.220294704559404,0.1259956854124,-1.74843054219159,0.0803895030870685,0.306377161979901
PRDX2,10.1172896614388,-1.00687114704886,0.272716542859473,-3.69200612655056,0.000222492103973266,0.00286337664243856
RNASEH2A,5.61333434856988,0.0387566485394459,0.351856476289729,0.110149027092321,0.912291186680494,0.973845684304709
DNASE2,6.17631641490233,-0.683236126026735,0.352416827011815,-1.93871595695352,0.0525359345486627,0.232410212871369
GCDH,6.49849776232936,-0.273913414466554,0.338178880198154,-0.809966057921939,0.417959683806435,0.734376826407581
FARSA,8.24982466459147,-0.0674111572354194,0.368382087536854,-0.182992494792992,0.854803907474146,0.953077108565433
CALR,13.1413580569507,-0.253415635584018,0.242024689329179,-1.04706522415713,0.29506949700558,0.622725669977901
RAD23A,22.9141117013226,0.159184245659,0.179389976009522,0.88736421733258,0.374882841929855,0.697512380818435
GADD45GIP1,37.6332498482196,0.206966259164446,0.157126755207253,1.31719298149735,0.18777394589884,0.495838083138144
LYL1,6.9418566207943,-1.52094450364576,0.350335956299518,-4.34138853376909,1.41585101501608e-05,0.00023722183044043
TRMT1,5.83917930836707,0.0367661573837344,0.358621346503958,0.102520828004667,0.91834328159393,0.9751814025147
STX10,3.95929701472374,-1.18131100703473,0.491295082035563,-2.40448368043956,0.01619532931086,0.100973086255071
IER2,74.004127488201,0.572344196158126,0.139352740211327,4.10716140414729,4.00551337275734e-05,0.000608759685209281
CACNA1A,4.3450947396397,4.99648776590736,0.75048467023427,6.65768131459324,2.78181129006748e-11,9.00611405159346e-10
CCDC130,4.21565249154082,0.149177206564233,0.433486795082474,0.34413321987317,0.730746101071833,0.90508361890341
MRI1,1.48076597983361,-1.57018665037664,0.827639437523104,-1.89718684150163,0.0578032828986167,0.248654122143807
C19orf53,40.262561463508,-0.199549472354924,0.150873532066771,-1.32262743253476,0.185959306819243,0.493562361737153
MIR24-2,0.253746551546399,-1.50207233005813,1.47915510979406,-1.01549345306136,0.309870665788961,NA
IL27RA,3.09315253703365,-1.45830323917193,0.612975813180349,-2.37905510758361,0.0173570809060532,0.106829298501145
CD97,6.60595840368096,-0.459578402532026,0.346208119125572,-1.32746280963253,0.1843556344719,0.491404212640364
DDX39A,25.7553880958414,-0.0918199355082811,0.179339680377642,-0.511988954786427,0.608658739781394,0.845039390946641
PKN1,2.53249582796398,0.624988953358406,0.527959715978578,1.18378151673937,0.236499560653306,0.555796320990906
GIPC1,0.817044974940839,-1.68347925405862,0.92906443820403,-1.8120155985229,0.069983786330377,NA
DNAJB1,9.13202408177289,0.318044885929791,0.31770730045531,1.00106256757084,0.31679656056994,0.645367634658023
TECR,6.89930159894403,-0.971064964727567,0.314263231804352,-3.08997320224885,0.00200174555117998,0.0189388894157303
NDUFB7,21.8942322077718,-0.0370423542619618,0.1779133029079,-0.208204522407958,0.835069277596526,0.947253812151602
EMR2,0.109898120778423,-0.87748630886324,2.80022069770798,-0.313363267967227,0.754004687769076,NA
ILVBL,2.04463484042131,-0.821417338021616,0.645463430101009,-1.27260089373781,0.203159701297277,0.517557665272079
BRD4,3.97631075556358,-0.31509725153427,0.414141826047203,-0.760843826236367,0.446750353881359,0.756057772863198
AKAP8,1.74737763837174,-0.331015770686853,0.585993642625136,-0.564879457060263,0.572155757373179,0.826332237178339
AKAP8L,2.69794412866738,0.191825602910447,0.503572106931304,0.380929762133578,0.703255367512994,0.88844781805001
RASAL3,4.86133726351365,-0.812770290844583,0.375240416664454,-2.16599879637,0.0303112789147763,0.160626521512574
TPM4,16.5755678430507,0.30352083654131,0.250686806236314,1.21075712399156,0.225988502100106,0.545320081154603
RAB8A,26.8031653789604,0.854921924735839,0.203920544924045,4.19242663878852,2.75986343830434e-05,0.0004343116742405
HSH2D,14.0137286475561,1.84647051966709,0.253343327214497,7.28841189530815,3.13629883938141e-13,1.21088407363943e-11
FAM32A,8.99829953345448,0.0146225951698677,0.283947557958067,0.0514975204401198,0.958929077633817,0.984751882797258
AP1M1,3.87542690461288,0.443555611115456,0.46514152698502,0.953592800003299,0.340289801710746,0.665992196910221
KLF2,5.32901877335485,-1.8157811002524,0.477164383969714,-3.80535756911742,0.000141599479584542,0.00191760863855667
EPS15L1,1.08862779996449,-1.08835446431411,0.840319066854435,-1.29516811797232,0.195262240488349,0.508083824185872
CHERP,2.43438945165113,0.0555225720817365,0.547479339983651,0.101414917471396,0.919221095097044,0.9751814025147
SLC35E1,0.813315244516079,-0.0390502153432753,0.902684062211627,-0.0432601138958852,0.965494185938231,NA
SMIM7,11.6536142744785,0.103244809156796,0.24146927440941,0.427569136526018,0.66896484014661,0.875339520092545
MYO9B,1.47305464118688,-2.21459812893149,0.782182625726649,-2.83130570290298,0.00463583895986394,0.0378958640640232
USE1,9.99077011430024,-0.0702770792928332,0.265186340722589,-0.265010177754027,0.791001621341929,0.93069852646282
OCEL1,1.88877066829008,-0.107733168643572,0.626789224719733,-0.17188101580997,0.863531071650499,0.955108388145819
BABAM1,9.09308816143094,0.175006516473337,0.31032536776103,0.563945247969876,0.572791394756941,0.82667084044791
MRPL34,15.3284553430412,-0.461434012585098,0.230674746827119,-2.00036639871517,0.0454607139485405,0.210569148959857
DDA1,5.47638084264625,0.218398083172431,0.372255427411356,0.586688781655004,0.557412743495177,0.819186020966989
GTPBP3,2.44400313022472,-0.298880333767596,0.614348984215562,-0.486499272313805,0.626613221148102,0.855154018387617
BST2,109.043003823331,2.27932390871345,0.138570979795338,16.4487825090066,8.55710885695614e-61,1.9700366168459e-58
CTD-2521M24.9,7.03224780284868,2.73485945678621,0.428867875544732,6.37692775032984,1.80675641233537e-10,5.45184362091101e-09
MVB12A,4.29335825389966,-0.331135618357021,0.415071508655684,-0.797779687238685,0.424998350982593,0.740081930095991
PGLS,13.8851370516545,0.117219984009011,0.241334892959183,0.485715026831351,0.627169228009082,0.855154018387617
MAP1S,3.26560546268302,-0.0762073448027348,0.440416995105312,-0.173034523303335,0.862624291230294,0.95507570493838
RPL18A,1201.32275226445,-0.0227504730406953,0.0663664224880845,-0.342800955479858,0.731748207094254,0.905543869260977
CCDC124,10.1540907321762,-0.235212576899434,0.284219510356283,-0.827573647581699,0.407911997464425,0.726319385917751
ARRDC2,9.103957251342,-1.51768402996729,0.297559062784296,-5.10044633077595,3.38853457553867e-07,7.23818932011973e-06
IL12RB1,0.528096190808471,-0.223637256630403,1.01425046315915,-0.220495099340479,0.825485588629633,NA
IFI30,2.54939438225344,-0.130394752146125,0.503642907019054,-0.258903183840911,0.795709941576135,0.932033348097491
JUND,10.4903855414658,-0.285414757865788,0.262608596126107,-1.0868446885445,0.277105454196512,0.602268357792139
LSM4,24.1048239395232,-0.549137188057188,0.172358951959325,-3.18600909215774,0.00144250063829082,0.0143465343481852
LRRC25,0.0323575550748445,-0.379320188502241,3.05517703609203,-0.124156532999947,0.901191337516134,NA
SSBP4,1.98367926825291,-0.711516301624873,0.62700998161586,-1.13477667419462,0.256468901925041,0.580539070455357
ELL,1.83843027977419,-0.232054955233528,0.618025020247007,-0.375478253519223,0.707304816546542,0.889641185684603
FKBP8,14.0989401582883,-0.735266252152417,0.249828041989052,-2.94308935977907,0.00324954606192651,0.0282867694550527
KXD1,9.61780264573677,0.438945736883638,0.27633247693857,1.58846959194455,0.112180191808265,0.372560393521565
UBA52,261.328730219612,0.142581252663412,0.0727470475499455,1.95995930371636,0.0500005471446446,0.224568931395311
C19orf60,6.80241780479475,-0.754784810931049,0.320293826749443,-2.35653874004102,0.0184461434846655,0.112080195504263
COPE,54.5581823347462,0.232088684065602,0.128171579802793,1.81076557238896,0.0701771476587977,0.281251547290191
DDX49,3.59778721280038,-0.738333758617289,0.449550768250293,-1.64238126316851,0.100511015487007,0.350730327055732
HOMER3,0.0991121936379152,0.0360580451298649,2.44153108462536,0.0147686201322306,0.988216774357783,NA
SUGP2,1.26049446855214,-0.385865004143272,0.704771225205964,-0.547503913813317,0.584032582354973,0.835522792156159
ARMC6,1.52747998966337,0.13271443739375,0.67270385895567,0.197285084107858,0.843604451122475,0.950104052662746
MEF2BNB,4.1333779472759,0.033037408105397,0.409281790070792,0.0807204447079911,0.935664277345778,0.978316088810994
RFXANK,7.55562590996924,-0.478519805887144,0.309364719646001,-1.54678208437828,0.121915801719695,0.391146687373002
NR2C2AP,4.65106888830555,-0.220664731930049,0.384144066147966,-0.57443222836365,0.56567534924846,0.822162832925441
SUGP1,2.96504397820019,-0.344620433595024,0.517849764341398,-0.665483422655048,0.505741343040482,0.792455845795244
GATAD2A,1.22029337145084,-0.0689874130949244,0.748560767030907,-0.0921600705425108,0.926570862075078,0.975683415108361
NDUFA13,35.2537181485551,-0.24862902241825,0.1633100049621,-1.5224359491995,0.127899882927161,0.401528117310723
GMIP,2.09663305495794,0.380748074640039,0.575402983397888,0.661706813530289,0.508159137210447,0.793653930918014
ATP13A1,2.16876514652861,1.21822033397152,0.605459799757057,2.01205816548074,0.0442138059141257,0.207108528682898
ZNF101,2.43458664013464,0.80369667153511,0.592623835247583,1.35616663342497,0.175046155748686,0.477475104514766
ZNF14,1.30079818101231,0.0060624540148323,0.649907878018364,0.00932817437652448,0.992557301622182,0.99786722882087
ZNF506,1.14553626911409,-0.149681551991332,0.748915450061616,-0.19986441991418,0.841586617763125,0.94949602575558
ZNF626_ENSG00000188171,3.77440112558947,0.448493391656127,0.433799761171322,1.03387191925862,0.301196044141233,0.628231448029218
ZNF430_ENSG00000118620,3.75384213830113,0.0964586923176192,0.436471834264701,0.220996373065212,0.825095257040665,0.941533164784864
ZNF708,1.92552266665673,0.101342753983002,0.57028789961327,0.177704548968558,0.858955012553497,0.953586263561639
ZNF493,2.36043510623966,0.47769415256207,0.598204088537128,0.798547120816647,0.424553059911346,0.739636160428511
ZNF429,1.23605672724496,-0.138947534334383,0.754621764613115,-0.184128713019058,0.853912481829579,0.953077108565433
ZNF43_ENSG00000198521,2.07938433756784,0.79740554597422,0.645841451968701,1.23467693741786,0.216950762410201,0.535996001248732
ZNF91,2.84095941967504,-0.264299127642064,0.538283075935538,-0.491003970694622,0.623423639170262,0.853944764451818
ZNF675,2.78965269504545,0.480801758744598,0.613095266970123,0.784220307425776,0.432910851294302,0.747664486060718
RPSAP58,19.2283079242922,-0.590876607790145,0.194613421594498,-3.03615548685697,0.00239615763682361,0.0218394660857707
LINC00662,2.9515251712379,-0.430793702570204,0.489341535586442,-0.880353845405597,0.378667651454676,0.699175598343184
UQCRFS1,29.1149846440477,-0.0799493262585658,0.156693355563994,-0.51022792875167,0.609891787895926,0.845039390946641
POP4,7.81231521744701,0.297880983364927,0.301668881841879,0.987443522666889,0.323425257037366,0.650266187620477
PLEKHF1,1.58290683988119,-1.68190995704392,0.76330148805427,-2.2034674153869,0.0275618211594765,0.150284456427461
C19orf12,2.67235465217338,-0.225537387138601,0.554822905549969,-0.40650338131775,0.684372773020818,0.880761199649891
URI1,2.96853986302225,0.171608412774999,0.52075746904644,0.329536152576421,0.741750472672574,0.910812869020314
PDCD5,26.2197066817131,-0.0440988799886119,0.198465469936826,-0.222199257143568,0.824158772377435,0.941533164784864
CEBPG,8.7776447861519,0.595069123082938,0.28469563637334,2.09019404253385,0.0366003724850004,0.18200633229341
PEPD,8.34035083582357,0.478364758470815,0.275521152024452,1.73621790906406,0.0825253117988689,0.311664241102693
LSM14A_ENSG00000257103,19.1273089029166,-0.375984382592948,0.216423357451872,-1.73726342211727,0.0823406847804447,0.311477170136682
GPI,3.18729856287725,-0.886186242861615,0.540622630236771,-1.63919561131486,0.101172527554289,0.351727310557865
PDCD2L,2.11220601332635,-0.684188878483671,0.546321082845274,-1.25235671836125,0.210439910047192,0.526184425122022
UBA2,9.5918990898163,-0.505174656639825,0.27608341125625,-1.82978996941957,0.0672813512783938,0.27316843863259
ZNF302,5.98093982029515,-0.24930798367346,0.331012565674568,-0.753167732969283,0.451349126530751,0.759703810050135
ZNF181,2.39874232191421,0.272934931672781,0.555586006707706,0.491255950253571,0.623245431012041,0.853944764451818
GRAMD1A,2.74487587868886,-1.14919609853729,0.600069480844195,-1.91510505903511,0.0554791067823213,0.241159529901335
FXYD5,66.8427533416964,-0.960882677436384,0.153397957163755,-6.26398613907631,3.7525884599136e-10,1.09000419938425e-08
LSR,4.02424795467391,-1.33684768405646,0.58277622106242,-2.2939297036165,0.0217945369107913,0.126967986351902
USF2,2.88834219023686,-2.01544959451991,0.62297213091704,-3.2352163034213,0.00121550610168558,0.0125926432134626
FFAR2,0,NA,NA,NA,NA,NA
TMEM147,26.8682969047632,-0.388092995665317,0.170570510136825,-2.27526431945361,0.0228900784942716,0.131536038984121
RBM42,15.2295090386331,-0.633518791580866,0.22562667289299,-2.80781870094468,0.00498782985711274,0.0401610756370632
COX6B1,41.9381760681164,-0.00764995777738291,0.159037581585778,-0.0481015726038116,0.961635292901594,0.985414602815086
ZBTB32,6.56417918447046,1.10330151469544,0.430698309734906,2.56165740556196,0.0104174023203257,0.0717899920433976
U2AF1L4,5.10588861333547,-0.340546061882267,0.362227940814392,-0.94014299702177,0.347144216344435,0.671808358903178
PSENEN,14.7345330167333,-0.12718444265652,0.236763010877024,-0.537180373679992,0.591143026786595,0.837598599157847
NFKBID,10.5210946561933,0.0875426948907974,0.2690163694715,0.325417724812734,0.744864942455195,0.910831399230374
HCST,1.8257644085005,-1.12692012639959,0.654486147234586,-1.7218395395551,0.0850985898185514,0.316195946248371
TYROBP,4.50302802477641,0.0866997884328554,0.428453525300522,0.202355175796589,0.839639067990625,0.948925955672915
SDHAF1,4.15432046443949,-0.0275027360879288,0.431010393689002,-0.063809913845775,0.949121584241055,0.981817235420602
ALKBH6,1.23470214437075,-0.761120654706887,0.745809109808748,-1.0205301124601,0.307477115511494,0.635429704689207
POLR2I,12.9592219133473,-0.208692781299492,0.230881053404565,-0.903897388816079,0.366049813892063,0.690132133197775
TBCB,20.277340535687,-0.315656543041445,0.229408140929976,-1.37596051195845,0.168833859033626,0.467234197439152
CAPNS1,2.8416634663529,-1.37247027500358,0.572845398908423,-2.39588251493138,0.0165804038288309,0.103270330861736
ZNF146,4.09845856059409,0.160379419671343,0.391625284148569,0.409522638508959,0.682156156683916,0.879909248795854
ZFP14,3.10595316626565,0.0799498080324254,0.558296571666936,0.143203114777716,0.886129769940724,0.964148897243399
ZNF567,3.55355979382182,0.0321353047147173,0.434465853849135,0.0739650870834053,0.941038165608483,0.980086997912447
ZNF568,0.910662616287146,-0.422128753019549,0.810666100054734,-0.520718398106259,0.602562955927801,NA
ZNF420,3.48810376498497,0.376024300991224,0.538300163569422,0.698540194559554,0.484839430058431,0.780160988155115
SPINT2,15.2968285192343,0.00310649428072401,0.207923171254531,0.0149405872466286,0.98807957958989,0.996579780351802
YIF1B,2.55441568339806,-0.154116023104925,0.645917266105187,-0.238600252992506,0.811415568933499,0.938961568850194
KCNK6,0.715029347675528,-0.872068029752368,0.981962714314703,-0.888086703333711,0.374494114485645,NA
PSMD8,34.225657754193,0.0343370999772578,0.142636442207894,0.240731607194823,0.809763140236312,0.938558209902837
FAM98C,1.82305261755717,-1.13554343713818,0.682449352079844,-1.6639233866623,0.096127740760072,0.341445735179776
EIF3K,70.1297939599599,-0.0162572771195032,0.128147138920536,-0.126864144267664,0.899047926014594,0.97104382323968
ACTN4,3.73689816782638,-0.345792616461023,0.413871387390969,-0.835507423310628,0.403432069075407,0.721277779616701
ECH1,28.6663312311215,-0.798606506489072,0.158624962778464,-5.0345575658505,4.78953735789393e-07,1.00241630359154e-05
HNRNPL,2.69429636740634,-0.282324190621784,0.477237515645687,-0.59158004424654,0.554131840174694,0.818146046340154
RINL,1.67484658416683,-0.903653895965016,0.625366495498953,-1.44499889659747,0.148458195568741,0.43673267565324
SIRT2,3.31210962152677,-1.18340270888265,0.472356896377432,-2.505314769316,0.0122342461035582,0.0811612313550885
NFKBIB,4.04303857322505,0.00757036207160627,0.400077535044015,0.0189222373377536,0.984903139885544,0.995634723943493
MRPS12,17.893067011806,-0.215784562991444,0.210031434002566,-1.02739175217367,0.304236033638417,0.632265484302697
GMFG,22.0641048333999,-0.617935717365124,0.189289979383691,-3.26449249652338,0.00109660367583476,0.0114949214991381
SAMD4B,1.80855775023596,-0.89151795110169,0.699566272122794,-1.27438669734095,0.202526404429849,0.517126172164297
PAF1,4.03893719198964,-1.01165814172001,0.441766198567075,-2.29003066554538,0.0220195390503878,0.128158665484279
MED29,5.72835882814844,-0.0609294578975449,0.349679967256092,-0.174243490056502,0.861674108145597,0.954923561460694
ZFP36,59.7521574612841,-0.147855085224624,0.213502684669204,-0.692520965034736,0.488610224624678,0.78274915374707
RPS16,399.873261887416,-0.144382331852459,0.0721456663835861,-2.00126132434348,0.0453642353399348,0.210569148959857
SUPT5H,2.99159811545896,-0.472254817386514,0.474318244461715,-0.99564969912228,0.319420378083422,0.646627662449806
TIMM50,6.63720941405307,-0.191692232541977,0.328830774288976,-0.582951011676048,0.559926278874671,0.819353284981176
EID2B,1.43495831266199,-0.302046145477261,0.641302994913249,-0.470988203506082,0.637649158975003,0.86064619521093
DYRK1B,1.38914701547724,-1.75714584172859,1.09068715772011,-1.61104477052942,0.107169964692357,0.363430714963278
FBL,25.1910588001163,-0.0364606704885789,0.175557873908889,-0.207684620898868,0.835475226603115,0.947253812151602
PSMC4,26.2139306276365,0.0491430944292544,0.175231840099937,0.280446147236868,0.77913523650392,0.924962687186472
AKT2,4.70687280100808,1.71040414604792,0.421598176110096,4.05695338112958,4.97170008675161e-05,0.000734063841787363
PLD3,1.81387486666076,-0.562205261595202,0.573175028873332,-0.980861400574808,0.326661094455997,0.653851103089658
SERTAD1,8.28502208721532,-0.0498276595109624,0.333705215249297,-0.14931639433246,0.88130397948314,0.961591282511356
SERTAD3,6.22061167530691,-0.104359437261065,0.321774166960184,-0.324325094978736,0.745691922568111,0.910831399230374
BLVRB,2.13740958558642,-0.995506475733763,0.636552313306511,-1.56390363356422,0.117840201078728,0.383970486591221
SHKBP1,13.3451710098963,-0.466666004533146,0.237607943841436,-1.96401684635834,0.0495281382997526,0.223379420955175
SNRPA,2.87930139700431,-0.713718628783134,0.521965543754181,-1.36736732399957,0.171510199059168,0.472355958064594
RAB4B,6.03820534447793,0.119353723427623,0.35744957161645,0.333903668950797,0.738452251110643,0.909551564101901
EGLN2,7.20999263788118,-0.433251254210282,0.303975509855052,-1.42528341976258,0.154075290925632,0.444423205751151
AXL,0.0323575550748445,-0.379320188502241,3.05517703609203,-0.124156532999947,0.901191337516134,NA
HNRNPUL1,5.98518323478373,-0.477900358860456,0.363431791821426,-1.31496575042415,0.188521413358164,0.496125785535287
TGFB1,2.78421967421395,-0.713411667948558,0.496370275923753,-1.43725702877935,0.1506449739738,0.439216303105601
CCDC97,2.59837693527402,-0.044272061202356,0.518543542048479,-0.0853777120190554,0.931961111686931,0.976908983178071
B9D2,2.74267698766116,0.505976720035426,0.50845274711944,0.995130271007401,0.3196729097021,0.646627662449806
EXOSC5,4.66886717999389,-0.248851151600437,0.418045518196769,-0.595272860892879,0.551661093783637,0.817675857269396
ATP5SL_ENSG00000105341,4.86251356023262,0.253776353295257,0.400070489927286,0.634329098708033,0.525866070078105,0.804712398562432
AC006129.4_ENSG00000270164,5.5320880933343,-0.0231886489150086,0.446071626974584,-0.0519841377768909,0.958541332543919,0.98467904860238
AC006129.2_ENSG00000268027,2.23721563099712,-0.227884217190799,0.518271747194853,-0.439700250735686,0.660154220964317,0.870294593506807
RPS19_ENSG00000105372,1439.93005655383,0.0222762236727929,0.0515907475343786,0.431787185443449,0.665896093986807,0.873193028934347
CD79A_ENSG00000105369,199.3017946007,-0.634786100636305,0.13041821454515,-4.86731169300395,1.1312653594578e-06,2.24662794708936e-05
ARHGEF1_ENSG00000076928,7.35578543114907,-0.485292356199582,0.302627441263502,-1.60359666715429,0.108802985866464,0.365973679732652
RABAC1_ENSG00000105404,53.860778907485,-0.156063451576905,0.148858067967023,-1.04840438753698,0.294452332939742,0.622192455279114
ZNF574,1.58327958953161,0.806921130158739,0.689827482431593,1.16974337890163,0.24210425562657,0.563629820727114
POU2F2,12.7492490172853,-0.888577110523581,0.306583263864925,-2.8983223001862,0.00375164838324037,0.0320333054261293
DEDD2,4.35362645403094,-0.648549390050505,0.416070168432413,-1.55875003606719,0.119055554006068,0.385490189676383
PAFAH1B3,2.21073279980601,-0.0578764897695303,0.571641330633901,-0.101246160254631,0.919355054367507,0.9751814025147
LYPD3,0.423682597239812,-2.38951390872719,1.1814056449322,-2.02260241347021,0.0431141551789099,NA
PHLDB3,0.810115111465308,-0.412052738968517,0.97079059458747,-0.424450691287976,0.671237158585047,NA
ETHE1,3.28056763482651,0.0805671034699617,0.466367245759182,0.172754635327808,0.862844296568827,0.95507570493838
XRCC1,1.31254907797002,-0.541009314886795,0.875959254072286,-0.617619269813833,0.536826339189321,0.809627788315703
IRGQ,0.863167036999274,-1.31407510910993,1.01725518751268,-1.29178511472919,0.196431571661235,NA
ZNF576,2.91886083544321,-0.202346667452174,0.465742619856494,-0.434460276610549,0.663954234785135,0.871799206494485
ZNF428,8.57248506359504,-0.701287944401823,0.305470828521906,-2.29576076967864,0.0216895636627519,0.126593734955555
PLAUR,1.30006045486385,-1.11306501774751,0.749446336477171,-1.48518307925762,0.137495333050681,0.418116993555786
SMG9,1.58059008236201,-0.719421138254225,0.632327628077552,-1.13773478543309,0.25523124355722,0.579232351205433
KCNN4,1.37543781947049,-1.52114493367594,0.791714752878927,-1.92132952953645,0.0546901765932353,0.238933681417135
ZNF230,2.64467865810646,0.32489356442547,0.512596478021874,0.633819345929268,0.526198726250704,0.804712398562432
ZNF224,7.59439698193738,0.370430453520743,0.292450262800366,1.26664428328317,0.205282510690837,0.519539753731253
ZNF226,4.28233976676699,-0.307760244550645,0.386241188118283,-0.796808455488688,0.425562283630748,0.740210878260615
BCL3,1.73795656884786,-0.681267767413034,0.686273773912542,-0.992705525564574,0.320853481383556,0.647518910550141
PVRL2,0.0907326219244182,0.994595404371368,2.18087462107063,0.456053454316922,0.648351539857761,NA
TOMM40,11.2742136381947,0.0470129785447233,0.293218165046073,0.160334468150485,0.872617608426926,0.957829958322757
CLPTM1,5.7836161657737,-0.125595689271745,0.333098257377484,-0.377052976081509,0.706134236071781,0.889068343411422
RELB,11.3454457291369,-0.87281915562243,0.275414383601862,-3.16911246321897,0.00152905217347405,0.0150567602205261
CLASRP,2.18597570932042,-0.560598012257247,0.688262054745208,-0.814512449716232,0.415351443041358,0.732586121954889
ZNF296,2.06505296721969,0.291849334754098,0.615816796665827,0.473922335886641,0.635555290759855,0.859529173609098
GEMIN7,6.02082628960191,-0.593443338691728,0.364185307493709,-1.62950928134842,0.103205251686695,0.355824372923293
TRAPPC6A,9.32129401589151,-0.402019781039801,0.318314203626095,-1.26296526029995,0.206601664732276,0.520804356092983
ERCC1,6.58530478756289,-0.0546940678035348,0.352044087508741,-0.155361415641377,0.876536400629342,0.959927812951373
FOSB,0.580360147680594,0.0998534362675139,1.0574795401878,0.0944258800976715,0.924770858303437,NA
PPM1N,0.600663711651323,-0.673779357649643,0.929189801575151,-0.725125648718336,0.468374950670695,NA
VASP,11.0486260767189,-1.02274954848299,0.282579130052036,-3.61933858418578,0.000295356979320224,0.0036940422202304
OPA3,1.61951673193488,-0.118103825673583,0.679347106501406,-0.173849015537594,0.861984122046891,0.95507570493838
EML2,1.94668841345403,-2.24926971807366,0.668178322533844,-3.36627161076411,0.000761916464223105,0.0084421974003758
SNRPD2,85.1754062730391,-0.0528760196831487,0.109748955260623,-0.481790642631476,0.629954677341198,0.857223790357463
SYMPK,3.0700439231768,0.254338978082648,0.582631661847362,0.436534769284954,0.662448778419327,0.870948973460923
CALM3,11.7543267938475,-0.361780059779157,0.269716739120107,-1.34133335943252,0.179812243451693,0.484907984943915
PTGIR,1.12824052327712,-0.636075604680924,0.83897985372488,-0.758153609835675,0.448359029116769,0.757496945232992
PRKD2,4.06658900638908,2.32109200653132,0.500001544443933,4.64216967392107,3.44769552543901e-06,6.34049567636949e-05
SLC1A5,5.13575667054446,-0.471481011246337,0.395738688529925,-1.19139478881323,0.233498637743814,0.55386903145902
AP2S1,19.2165747261394,-0.0953805288301533,0.185234069697347,-0.514918929255267,0.606609672678212,0.845033875318757
TMEM160,16.2712290459491,-0.447642885473296,0.204453541444221,-2.18946016934327,0.02856341050802,0.153723082006799
SAE1,5.87249200923978,-0.194042545952888,0.359779530856426,-0.539337370002639,0.58965408766764,0.837080717101646
BBC3,0.999527499515259,-2.88170195267214,0.930185593126738,-3.09798600834652,0.00194840627306574,0.0184905242646972
PRR24,2.02167760379401,1.58021696720451,0.618297580881167,2.5557547305174,0.0105957775303563,0.0726353555904754
C5AR1,0.245106419042998,-1.74305589033403,1.37327535441491,-1.26926903969428,0.204345124692151,NA
NAPA,20.1732700238672,1.92092715530781,0.220429525480392,8.71447303223757,2.92114235297459e-18,1.48834597263033e-16
GLTSCR2,120.707416877377,-0.19138259464673,0.0852242844291672,-2.2456345151926,0.0247274277995004,0.139478848640376
SEPW1,10.4709709912101,-0.183022097962381,0.282506037384466,-0.64785198807381,0.517080686572391,0.798271731090971
CARD8,7.77829566713644,0.492431104151631,0.302376115402506,1.62853836354149,0.103410781525031,0.355925480597782
CTC-241F20.3,4.04914018384454,1.13504451359569,0.430414624328223,2.63709560372684,0.00836192611148118,0.0607926698350491
EMP3,128.378074371443,-0.461743609518379,0.108158848170401,-4.26912469325594,1.96241545910882e-05,0.000318495417593223
KDELR1,5.78492657770905,0.0448072746469967,0.389099527648804,0.115156332668281,0.908321209828323,0.973525364940254
GRWD1,7.2921804420919,0.579145552530978,0.302206056287731,1.91639293945708,0.0553150988523567,0.240783371474964
CYTH2,4.76113205138977,-0.378594571681472,0.374010950516547,-1.01225531273508,0.311415995386075,0.639177359372326
RPL18,521.44097643344,-0.0873236139711486,0.0678628770818543,-1.28676557384712,0.198176009516288,0.512208763057482
SPHK2,1.70261436992982,-0.275661147360401,0.601831389617177,-0.458037171400694,0.646925736081202,0.864947395773462
BCAT2,2.17941276604626,-0.318231713517003,0.543453079732621,-0.585573484418514,0.558162171300378,0.819353284981176
PPP1R15A,12.7469010269102,-0.232505148740773,0.255780699127267,-0.90900192834756,0.363349107919945,0.68817125375697
NUCB1,7.20160896511339,0.531778431813403,0.331453811104346,1.60438170869604,0.108629940349097,0.365787491446363
BAX,24.8028092850092,-0.17856817508815,0.199079297013671,-0.89697009064628,0.369734877076511,0.692308811250803
FTL,566.908545889426,-0.451835248358964,0.0816710805667579,-5.53237749792761,3.1591907411161e-08,7.52395771907192e-07
RUVBL2,9.09881986996188,-0.0124492727774782,0.298468168759932,-0.0417105543589526,0.966729440122973,0.988087793276741
SNRNP70,5.28081891281689,-0.175389058440708,0.358095198749798,-0.489783328715483,0.624287228934471,0.854385604376274
CD37,165.217491877408,-0.213983671131327,0.0919124135585691,-2.32812590646388,0.0199054190474088,0.118630953785899
PIH1D1,8.0778707572232,-0.912772636567645,0.29950739381807,-3.04757964380035,0.00230692384445693,0.0212127790194442
ALDH16A1,3.19785960082293,-0.33051710520667,0.43853219254658,-0.753689491499676,0.451035693349003,0.759703810050135
FLT3LG,1.4228871838903,-0.498434356152805,0.829399192590328,-0.600958332978509,0.547867738930778,0.815930821457906
RPL13A,1568.94169785136,-0.184607019763304,0.0587472259054985,-3.1423955245183,0.00167571503399613,0.0162796133927045
RPS11,233.429826299311,-0.0473793289291927,0.0795230033034124,-0.595794008790404,0.551312846616547,0.817675857269396
FCGRT,1.31051832082871,-1.24767186110154,0.760492880201762,-1.64060952256454,0.100878497010438,0.351294530765762
NOSIP,23.2728717741641,0.116795562512817,0.189133971263479,0.617528208880628,0.536886380861861,0.809627788315703
RRAS,0.190471047352395,0.465375497492868,1.62530374885569,0.286331399789436,0.774624310855437,NA
IRF3,6.51398294730608,-0.112476706554563,0.31305471822445,-0.359287690000319,0.719379882349249,0.897204122929962
BCL2L12,2.93402449536424,-0.469166492345209,0.497392764683845,-0.943251542155871,0.345552255419953,0.669662963302388
PRMT1,37.6518347625323,-0.237922563616516,0.162277281366349,-1.46614832102957,0.142607883982977,0.426588357477472
AP2A1,1.20179083616819,-0.00795781465663514,0.730184684030272,-0.0108983587723475,0.991304539930548,0.997785325741166
MED25,3.20116451730133,0.554644240329348,0.441615067954495,1.25594500862117,0.209135908566701,0.524612109624944
PTOV1,5.25940241494044,-0.489576000059796,0.403096485196235,-1.21453800278477,0.224542347058962,0.543730124393654
PNKP,4.49027141479422,-0.374604424431679,0.395077563258851,-0.948179444415177,0.343038109791071,0.667603284427456
AKT1S1,1.094237965662,0.163018651366019,0.77472581848029,0.210421090245577,0.833339033479547,0.946987117233853
TBC1D17,1.46941931293777,-1.97690048611346,0.788130261484529,-2.50834231690299,0.012129909297444,0.0806411937892107
IL4I1,1.46397583388472,2.13368168124701,0.789949787510417,2.70103456571773,0.00691241541334683,0.0525275968329632
NUP62,5.42768744583962,0.0431205370448793,0.364391895587009,0.118335609455351,0.90580174334401,0.972446223942378
ATF5,1.16213760911397,0.49476753047128,0.713985983262433,0.692965327149039,0.488331311064788,0.78274915374707
VRK3,8.52926367279234,0.128555199006157,0.295992465753147,0.434319159709185,0.664056692488941,0.871799206494485
NR1H2,23.8247750847249,0.1636473921853,0.174649790831538,0.937003081458877,0.348756972853141,0.673671020278162
SPIB,6.93057080310219,-0.874676847804303,0.394307342650523,-2.2182616279087,0.0265369988974903,0.146495546311545
EMC10,6.20646848485891,-0.0673712298237487,0.364167408741838,-0.185000711778436,0.853228477292062,0.953077108565433
JOSD2,6.15242448697842,-0.195110124717155,0.37222158034055,-0.524177358385955,0.60015518729795,0.841231949209411
CLEC11A,0.15552173532369,0.646634040411592,1.89724699003027,0.340827548447593,0.733233410177932,NA
C19orf48,7.60878240717909,-0.4938686302595,0.34494359707252,-1.4317373461948,0.152219004046214,0.44099538341055
KLK1,5.59308454715327,-0.0314852001229836,0.778613401575758,-0.0404375265815665,0.96774431281829,0.988740737751231
SIGLEC9,0,NA,NA,NA,NA,NA
ETFB,12.4257854892807,-0.30486919909379,0.255759496574589,-1.19201516728384,0.23325529814225,0.553613949313564
NKG7,4.40268004435157,-0.480241962556733,0.547483056559999,-0.877181415575191,0.380388108672694,0.700175446701056
SIGLEC10,0.508252229857656,-1.50152895550888,1.06142087984095,-1.41464049184136,0.157173930265545,NA
SIGLEC14,1.08095031006737,2.64214718110087,0.932875650850569,2.83226084708271,0.0046220126545686,0.0378530048231863
FPR1,0.0682372636765897,0.799132690428635,2.75141227833118,0.290444546141713,0.771476168781404,NA
FPR2,0.0166851804699018,-0.233443170298403,3.0558605060609,-0.0763919589377195,0.939107266751526,NA
FPR3,0.0577316880106304,-0.379320188619758,3.0551770360915,-0.124156533038434,0.901191337485662,NA
ZNF350,4.54902929122702,0.465289678311492,0.402504424492522,1.15598649355999,0.247686681609823,0.570240060640446
PPP2R1A,12.3987963952281,-0.468783263971058,0.264807350966334,-1.77028040294341,0.0766804410070845,0.2960531809317
ZNF766,4.57380513086503,0.377957124743954,0.373434186084025,1.01211174238587,0.311484628563524,0.639177359372326
ZNF480,3.03311015700186,-0.196075951535568,0.485452220814145,-0.403903706953347,0.686283530307453,0.881210168227872
ZNF880,3.62020841534629,0.249456849900009,0.440516110310022,0.566283148474295,0.57120131405621,0.825910064706536
ZNF701,2.73603445794986,0.379681220056021,0.474002583270124,0.801010866726961,0.423125354916525,0.738597923662207
ZNF83,2.38531808230244,0.148967418020042,0.55915698038402,0.266414304472661,0.789920149823911,0.930508907068129
ZNF600,1.92778463847394,-0.113651878528511,0.636497204264017,-0.178558331076925,0.858284515551249,0.953586263561639
ZNF816,1.50087102583043,-0.970522738354443,0.668242201779326,-1.4523517607392,0.146403822069727,0.433355313326393
ZNF160,1.98702517939508,-0.116572335677297,0.581245210490249,-0.200556208590474,0.84104560272728,0.94949602575558
ZNF677,3.18683363246306,-0.303069160192361,0.495868218702158,-0.611188918268624,0.541074518904468,0.812788595821695
ZNF331,9.48025723832085,-0.585937495191451,0.406266557781693,-1.44224889784382,0.149232170703991,0.437766480932518
MYADM,0.989605608169177,-0.184446656968457,0.806253315873151,-0.22877010653743,0.819047602193657,0.940195681505649
OSCAR_ENSG00000170909,0.144395259604033,-0.193347780142711,1.73576173024675,-0.111390738010582,0.911306504351186,NA
NDUFA3_ENSG00000170906,6.57613403157446,-0.202876378761644,0.312650813749517,-0.648891254523266,0.516408667885625,0.798271731090971
TFPT_ENSG00000105619,1.82658217696684,-0.40729279176553,0.612388687736846,-0.665088692723453,0.505993766403044,0.792455845795244
PRPF31_ENSG00000105618,10.8861187400354,-0.219621736874889,0.272452236173805,-0.806092619973161,0.420189446569675,0.736160541115305
CNOT3_ENSG00000088038,1.952951211642,-0.334524386059705,0.586275578637999,-0.570592394172128,0.568275975410205,0.823788121070391
LENG1_ENSG00000105617,6.92494382288347,0.194064054395813,0.330362787239181,0.587427101029124,0.556916896894297,0.819186020966989
MBOAT7_ENSG00000125505,1.57292982832137,-0.620071130747399,0.665056994113122,-0.932357882461317,0.351151603366155,0.675807677067245
TSEN34_ENSG00000170892,6.77920321615901,-0.694875978156164,0.337093033168184,-2.061377453059,0.0392670441716897,0.191288359381836
RPS9_ENSG00000170889,637.420962980596,-0.137464013303737,0.0631634704254928,-2.17632141454115,0.0295312353734166,0.157702885808554
LILRB3_ENSG00000204577,0.213762783095485,1.13033551962799,1.56403541851176,0.722704554033402,0.469861417102471,NA
LILRB2_ENSG00000131042,0.495053573956722,0.307796616980967,1.01475966623792,0.303319719162746,0.761646219901683,NA
LILRA3_ENSG00000170866,0.0520481418842986,0.670645216323494,3.00983164709694,0.222818182196453,0.823677016380887,NA
LILRA5_ENSG00000187116,0.0718017546414379,-0.379320190118137,3.05517703608479,-0.124156533529146,0.901191337097137,NA
LAIR1_ENSG00000167613,0.445342806279235,-0.684935800529095,1.32177035586241,-0.518195764862799,0.604321689375205,NA
LAIR2_ENSG00000167618,0,NA,NA,NA,NA,NA
LILRA2_ENSG00000239998,0.0295527836364702,0.429483717069159,3.05433812154166,0.140614332787877,0.88817462481673,NA
LILRB1_ENSG00000104972,3.09761458075783,0.946322141635521,0.515280281524431,1.83651922180269,0.0662809019118701,0.27124005734521
LILRB4_ENSG00000186818,0.263713083988479,0.589203492766517,1.39570884113048,0.422153586337734,0.672912916801387,NA
KIR2DL3_ENSG00000243772,0,NA,NA,NA,NA,NA
KIR3DL2_ENSG00000240403,0.225265349733145,-1.17350806942154,1.5965691516475,-0.735018629296827,0.462328148581038,NA
CTB-61M7.2_ENSG00000268734,0,NA,NA,NA,NA,NA
TNNT1,0,NA,NA,NA,NA,NA
HSPBP1,4.41906319903916,-0.0962987300711358,0.386407717297534,-0.249215338515058,0.803194215250463,0.934725015988602
TMEM150B,0,NA,NA,NA,NA,NA
RPL28,370.530991482545,0.01632106849336,0.0886005687668106,0.184209522811481,0.853849089195902,0.953077108565433
ISOC2,5.72768839612253,-0.127732753812282,0.349545655142558,-0.365425093784065,0.7147941123848,0.893409293970309
ZNF524,2.60043570726644,-1.58999462704976,0.561075622349157,-2.83383302306495,0.00459933573115914,0.0377169800856006
ZNF580,2.52304032428502,-1.02032973695009,0.51726061177226,-1.9725641460582,0.0485452412882815,0.220582763046753
ZNF581,3.72453034934223,-1.0406845770035,0.436393812652819,-2.38473724152325,0.0170913239011223,0.105606033170354
U2AF2,3.30370198667032,-0.356424923867474,0.556184742510069,-0.64083908929059,0.521627233369149,0.801392704553295
EPN1,1.8565446230534,-1.01543290358489,0.65168548338839,-1.55816406758858,0.11919436045013,0.385490189676383
ZNF444,3.58903612921794,0.264635205729959,0.452803950014493,0.584436610417134,0.558926601584744,0.819353284981176
ZNF583,2.91788639270985,-0.434621564904874,0.477395457067157,-0.91040155173436,0.362610779694725,0.687352574766202
ZNF667-AS1,4.70963304160832,0.142452323890462,0.433025086487825,0.328970141304891,0.742178256850166,0.910812869020314
ZNF264,1.68496266502903,-0.125521560970293,0.639965248725721,-0.196138089091912,0.844502084430843,0.95063834784899
TRAPPC2P1,8.64841310747454,0.103787648343598,0.277333659850716,0.37423386832837,0.708230328384691,0.890084860743881
ZNF134,1.90655309879402,-0.00884418256698685,0.609562021685677,-0.0145090774233756,0.988423837289909,0.9966005794962
ZNF211,2.44455807783359,0.0130084041856157,0.564251448368919,0.0230542681338597,0.981606984722209,0.993757168897923
ZNF671,1.6350074875627,-0.0428146845007451,0.738200339547202,-0.0579987331447271,0.95374963763388,0.982688897476379
ZNF586,0.579599580547849,-0.365439769905804,0.974663112923007,-0.374939571489325,0.707705408462749,NA
CTD-2368P22.1,2.97041253960339,0.564704449474277,0.512735371140916,1.1013565305973,0.270741516541718,0.596995128351656
ZSCAN18,3.57779788329535,-0.46156319811068,0.456162623320814,-1.01183914357242,0.311614970680847,0.639177359372326
ZNF274,5.9468884039671,-0.0646539108486881,0.36739361735693,-0.175979951186456,0.860309693266082,0.953921700560465
AC010642.1,6.58684788037033,0.455072981632476,0.342038961093306,1.33047118427054,0.18336307441516,0.489808711029064
A1BG,2.31476673755345,-0.530929349908603,0.533417652327397,-0.99533517046551,0.319573277644754,0.646627662449806
RPS5,632.461289754711,-0.170478922725804,0.0762957042119433,-2.23444982239402,0.0254534906183921,0.142027735802446
TRIM28,1.11469147281491,-0.529487146417048,0.73890770001736,-0.716580902330031,0.473632731804863,0.772316508828894
CHMP2A,19.5594124324285,0.271761946288604,0.195907002127412,1.38719873887845,0.165381169909871,0.462026675127982
IL17RA,0.714116595976713,-1.07232537056701,0.975643217152358,-1.09909580850348,0.271726277994447,NA
CECR5,5.58378063576895,-1.27965311876878,0.513019657035973,-2.49435494569958,0.0126186290177979,0.0828268547797294
CECR1,0.69511627935155,0.865302148395607,1.29322914121441,0.669101956350164,0.503430442101981,NA
ATP6V1E1,10.4533011251683,0.0167714534443637,0.257025851829402,0.0652520099631673,0.947973351365271,0.981817235420602
BCL2L13,3.00491751493188,0.526041273487621,0.557749913778443,0.943149000102906,0.345604695346535,0.669662963302388
BID,13.3685963978977,0.478550836529071,0.261356137931653,1.83102964528124,0.0670961183715842,0.272947985996257
LINC00528,0.449222461797757,-0.441476315785207,1.06536897544154,-0.414388184715289,0.678589840507268,NA
PEX26,1.22599446254717,1.02215619004647,0.834255437209547,1.22523167899921,0.220487941754992,0.539375460822129
DGCR14,1.51606750497932,0.456008007814925,0.707459213271268,0.644571445619259,0.519204944192098,0.799200535587556
C22orf39_ENSG00000242259,5.13729518223205,0.270700476366998,0.352100058285714,0.768816903027424,0.442002012996834,0.752876048126355
MRPL40,9.41740360174876,-0.183324096258349,0.278493928218254,-0.658269634211483,0.510364886601967,0.795294092533925
UFD1L,12.7972995699867,-0.229416541945066,0.250450855094454,-0.916014209089227,0.359659442357873,0.684520236894224
GNB1L,2.63486356089076,-0.803957038039526,0.549062351175682,-1.4642363227383,0.143129388925499,0.427736673827356
TXNRD2,1.47996018617936,-0.400456993754732,0.681132439885634,-0.587928235839084,0.556580463138878,0.819186020966989
COMT,7.99397244928046,-0.295406000005405,0.331408200873446,-0.891365992835557,0.372732855562857,0.695559120437923
TANGO2,1.66039420655568,-1.02230866831367,0.734792171764746,-1.39128954770761,0.164137642086285,0.460207299597811
TRMT2A,2.48243159257482,-0.0993131124010001,0.545644171756189,-0.182010763683876,0.855574278798031,0.953586263561639
RANBP1,44.5961780130976,0.0181944080519795,0.174850714860691,0.104056812501314,0.917124263368825,0.9751814025147
DGCR6L,7.64500652214267,-0.00328732873202946,0.401174784299554,-0.00819425562294273,0.993462003117796,0.998118605362894
MED15,1.52518160139884,-0.360426376512432,0.703151011584258,-0.512587439361513,0.60823994132636,0.845039390946641
SNAP29,5.11991450479035,0.411023253020157,0.399611125204433,1.02855808333636,0.30368738360441,0.631767328140902
THAP7,5.20164062309851,-0.127074003893906,0.346417822377877,-0.366822939482865,0.713751095417181,0.892871163033447
UBE2L3,10.1788343135198,0.265482362128983,0.266006753426407,0.998028654195168,0.318265464155317,0.646093443889434
YDJC,9.51601951312506,-0.047667474259797,0.283710389465607,-0.168014552972779,0.866571830212527,0.956289790012189
SDF2L1,15.2094435255975,-0.754983185102193,0.279953425525271,-2.69681709979305,0.00700057094981742,0.0530031047796164
YPEL1,1.00309833354155,-0.178250761894375,0.7699486962869,-0.231509921055773,0.816918678886661,0.939644208060827
MAPK1,5.66875407094434,-0.0674968908686563,0.355842469418427,-0.189681942627506,0.849558371612506,0.952035361759358
PPM1F,0.350036264910259,-0.736797942569246,1.26142044540565,-0.584101791954313,0.559151829281814,NA
IGLL5,63.097258392884,0.0414833392235618,0.479487238182942,0.0865160444744401,0.931056202246473,0.976751571751765
RGL4,0.422025076598711,-0.571379754118138,1.0619445625258,-0.538050454120819,0.590542216557322,NA
CHCHD10,8.53289048699682,-1.23065494443286,0.298456887182328,-4.12339268177466,3.73332440472891e-05,0.000575839813890693
SMARCB1,13.0189870519646,-0.571408043010834,0.243459455170335,-2.34703574199265,0.0189234394134931,0.113760250864867
MIF,9.79005877481277,-0.545619063585342,0.282027309883463,-1.93463201776735,0.0530354681075,0.234139538179133
DDT,21.8508492877618,0.111920771954893,0.182941532447259,0.611784379728856,0.540680425737583,0.812589343903485
CABIN1,1.41440348952439,-0.623715817533038,0.674250232652081,-0.925050948932903,0.354939406077291,0.679908581872555
GUCD1,2.16538324241558,0.749923057576484,0.622274111765908,1.20513298463973,0.228151968083508,0.546690428700828
SNRPD3,19.5936209770272,-0.199765621461978,0.20635555994533,-0.968065127563817,0.333011844571294,0.659356389088598
ADRBK2,1.87498281178385,-0.275478931013055,0.575382551651578,-0.478775260428597,0.632098518359172,0.858825003305052
HPS4,4.48012095381916,-0.342167882160946,0.377292455211145,-0.906903590132641,0.364457782482302,0.689011428196468
TFIP11,2.93960840809041,0.260546227166315,0.494627895684083,0.52675198758447,0.598365828379989,0.839792727299619
TPST2,2.40155343048458,-1.01016284875816,0.539265057311974,-1.8732214058026,0.0610378175940526,0.25757710398142
MIAT,0.508489255259494,0.752381227001234,1.10599659545109,0.680274451201514,0.496330698516364,NA
PITPNB,3.11891640021712,0.489869834791034,0.510630400218124,0.959343263898463,0.337385846972292,0.66450900658421
HSCB,4.23331218036631,0.413310022463813,0.486806101411016,0.84902391581746,0.395867984642408,0.715398211452795
CCDC117,2.67913259419735,1.26408857209541,0.591799302583734,2.13600889115031,0.0326786891152995,0.167724413434717
XBP1,38.2404465265729,0.937895430552126,0.157354063631726,5.96041442404178,2.51599035726143e-09,6.7703013249944e-08
EWSR1,22.3462536737989,0.104742067025325,0.194363017930972,0.538899159625747,0.589956437126687,0.837080717101646
AP1B1,1.71394777654532,-0.0878308482869486,0.650439081299227,-0.135033165767822,0.892585651979605,0.967992053849821
THOC5,2.30377305059405,-0.47541777840158,0.572814787888561,-0.829967711123532,0.406557039675179,0.7249203779127
NIPSNAP1,1.31755117126259,-0.693317991958647,0.716593767387943,-0.967518869841503,0.333284712760035,0.659356389088598
ZMAT5,3.70703377778445,-0.849089965172545,0.451822897077795,-1.87925395252014,0.0602098259221098,0.25599471814763
UQCR10,39.5729852926025,0.220249771114752,0.142346496570892,1.54727918438837,0.12179593888998,0.391055555857499
ASCC2,5.05919296219799,-0.326192464342895,0.371305950232965,-0.878500503798107,0.379672164428875,0.699533794461654
OSM,0.514666157961491,-0.582556188516925,1.2291961812447,-0.473932637772291,0.635547944201391,NA
GATSL3,0.351390829728822,-1.07704910106464,1.21016516737804,-0.890001737034122,0.373464953366251,NA
TBC1D10A,1.68630403781082,-2.32804755726696,0.73699428852324,-3.15884070408714,0.00158398043102884,0.015554537692378
SF3A1,2.42762070654687,-0.572692411204339,0.508213326332487,-1.12687405373087,0.259795734855791,0.584258425420984
MTFP1,2.86547838207546,-0.563974717300145,0.529541299110327,-1.0650249909642,0.286864620772748,0.614455714239629
RP4-539M6.22,0.195423218921018,-0.819606181311767,1.97949611173927,-0.414047886455116,0.678839037276364,NA
PES1,4.11100507949217,-0.593935264595186,0.418168666819271,-1.42032464821636,0.155513188566601,0.446292696274235
TCN2,0,NA,NA,NA,NA,NA
DUSP18,2.34137845643817,0.315310101213312,0.53279871812753,0.591799661833722,0.553984749681295,0.818146046340154
TUG1,0.940585541368611,-0.291033907926935,0.816330045989851,-0.356515001936548,0.721454919279258,NA
SELM,2.58313389034473,-0.793146208740023,0.557625912265901,-1.42236253964076,0.154921032068592,0.445621996917339
RNF185,1.13838244935527,0.859737532408325,0.72557666420545,1.18490240221519,0.236056037509302,0.555263965653586
PIK3IP1,16.2604523837528,-1.4708368798298,0.224608763603437,-6.54843941185958,5.81414358285051e-11,1.84391410770402e-09
DRG1,8.6344945785325,-0.0913859952856085,0.305278098423758,-0.29935326431035,0.764670517671094,0.919201689778287
SFI1,1.59299747693943,0.50687147583063,0.647574785269301,0.782722686801096,0.433789976822387,0.747664486060718
PISD,3.29730051628216,-0.520918854265055,0.477069363173221,-1.09191428852226,0.27487077668622,0.600983731228119
PRR14L,1.8495420004612,0.644585868155252,0.688131956023401,0.936718404824861,0.348903426436269,0.673744547601071
YWHAH,19.4892436045637,0.163857902576151,0.22415169801906,0.731013434313659,0.46477094718512,0.766952017371318
RTCB,38.8960636704423,1.93430312756487,0.170908875075993,11.3177453581904,1.07193384420759e-29,9.2543621883255e-28
FBXO7,23.5406041960846,0.932945941662876,0.19138016607718,4.87483087085752,1.08901715597754e-06,2.16965725690909e-05
HMGXB4,3.48152063552281,0.821444261610049,0.488327992100167,1.68215681857032,0.0925384349984658,0.332728404485531
TOM1,1.4598085602883,0.200758925323307,0.686560533532914,0.292412563084917,0.769971203835149,0.921422364125998
HMOX1,2.19056240181096,-0.429202779818703,0.60161507207865,-0.713417598292139,0.475587386482908,0.773431934277436
MCM5,11.734196548308,-1.08413380738024,0.358229766270897,-3.02636438804588,0.00247513821042193,0.022460524256909
APOL6,6.41815489310753,4.06487371511384,0.554591266534556,7.32949463938334,2.31022220035223e-13,8.97521324836843e-12
APOL3,5.50149263514937,1.49730566462412,0.362562830028287,4.1297825938398,3.63106435025411e-05,0.00056146009953183
APOL2,3.30217007475136,2.07723512696265,0.566587439622602,3.66622163093886,0.000246160604080452,0.00312272309176345
APOL1,1.54542411590325,2.84510929989604,0.840142767542426,3.38645931359799,0.000708007741462292,0.00796304660144651
MYH9,5.74452123011343,-0.74736109567271,0.355826567906944,-2.10035214646524,0.0356978752417309,0.17837459204389
TXN2,7.46389772185609,0.271315210640889,0.299903220182786,0.904675883358394,0.365637121103261,0.68990829630683
EIF3D,30.5000439844333,-0.689167175140601,0.170222206894268,-4.04863259450438,5.15177445202666e-05,0.000755269575325418
IFT27,5.29295254728684,-0.333452038585201,0.400430979338425,-0.832732869809714,0.404995402221468,0.723197765069992
NCF4,6.86694176052373,-0.123903446744144,0.31000122692402,-0.399686955995541,0.689387100730756,0.883188420886722
MPST,2.22656174897917,-0.792604575878254,0.558764738234842,-1.41849426358242,0.156046512286118,0.446848874700369
KCTD17,1.04853957119689,-0.769868824545595,0.741462882656884,-1.03831067279717,0.299125441443347,0.626048398657186
IL2RB,0.223501726029731,0.415354287983615,1.43509056163927,0.289427231344316,0.772254458685013,NA
RAC2,24.8759490761343,1.06708509375879,0.209130901129252,5.10247451714124,3.3524089906673e-07,7.18571527103032e-06
CYTH4,1.02077143326659,-1.2272484142917,0.801819565292675,-1.53057928169131,0.125873405423167,0.398182742040918
MFNG,5.19364452690628,-0.533193424878371,0.352507213772605,-1.51257450641087,0.130387773901966,0.405853982260702
LGALS2,0.0224953582478284,0.35274060894598,3.05510878660049,0.115459263019725,0.9080811078806,NA
GGA1,6.40000414515019,-0.588837449750865,0.317569079027917,-1.85420271883303,0.063710163274703,0.263594609016653
SH3BP1,0.980315470754255,1.20626760645858,0.862221273995268,1.39902324709422,0.161806011972139,0.456552959790656
LGALS1,33.4245328765803,-0.994186993847096,0.250314381356578,-3.97175339450775,7.13455562791084e-05,0.00100563260279124
NOL12,6.15104017407813,-0.473537730299474,0.340601185018801,-1.39029971452781,0.164437884518652,0.460426076652226
TRIOBP,0.546243314009047,0.203924041349144,1.12986325394808,0.180485594727124,0.856771362436592,NA
H1F0,0,NA,NA,NA,NA,NA
EIF3L,42.5257934018019,-0.840228750453592,0.139238357853924,-6.03446322840925,1.59491942190716e-09,4.38673412680304e-08
POLR2F,15.9914865524333,-0.389408169355399,0.213534874308088,-1.82362796998471,0.0682083350897466,0.275241188185476
MAFF,0.927566047127171,0.396500986670765,0.831455582570602,0.476875728520466,0.633450616306752,NA
DDX17,12.3066182899741,-0.290956475738918,0.2676049779893,-1.08726107385996,0.276921446472315,0.602268357792139
TOMM22,20.207954604915,-0.0615471034507203,0.187518500238814,-0.328218833727537,0.742746208665375,0.910812869020314
JOSD1,3.64844919731476,-0.838695628224805,0.474715249754114,-1.76673411831455,0.0772727666450519,0.297600692357895
GTPBP1,1.61225437872681,0.937434035071151,0.627922320970954,1.49291401780653,0.135459695300781,0.414582701127354
SUN2,1.67494950319211,-0.858352892457209,0.756874480254726,-1.13407561603653,0.256762830901628,0.580588489226817
CBX6,2.37040320451596,0.575757876360144,0.576343779522956,0.998983413747787,0.317802726150906,0.645997954792031
APOBEC3A_ENSG00000128383,4.07446035376805,4.62178563284532,0.701085441085493,6.59232864069947,4.32980810328283e-11,1.39451228860135e-09
APOBEC3B,2.00353320580808,1.50050546834915,0.671680716225748,2.23395644999408,0.0254859386935746,0.142081251048663
APOBEC3C,11.0054839068532,0.20633655759135,0.258665726020274,0.797695778122448,0.425047054447022,0.740081930095991
APOBEC3F,1.87935213419126,1.44046353793689,0.654403982978696,2.20118394050756,0.0277230047323468,0.15076657691712
APOBEC3G,43.6916779714528,0.607066462166054,0.149462103759491,4.06167481185011,4.87219140499819e-05,0.000722805292922882
APOBEC3H,1.91771905172189,2.728760897018,0.765744728220495,3.56353860033661,0.000365888861769304,0.00446830091308054
CBX7,2.30158574929735,-0.840153254556624,0.527332825356427,-1.59321251050275,0.111112525621124,0.370732935727807
RPL3,1443.61546146485,-0.356128881879943,0.0785695400423799,-4.53265835192429,5.82459812091524e-06,0.000103150147919114
SYNGR1,0.299953278385643,-1.12455827408008,1.48279564603847,-0.758404084261053,0.448209113577748,NA
MIEF1,1.13029365362707,-0.651076687885916,0.759979928048703,-0.85670247838992,0.391609333292141,0.711351144285198
ATF4,10.5068122801027,0.277005222524183,0.264658840388743,1.04665017846109,0.295260949891107,0.622725669977901
RPS19BP1,17.5803326368998,-0.144977776121776,0.200784394314008,-0.722056993608002,0.470259437700628,0.768638618129661
GRAP2,1.27658245855041,-0.422619189805701,0.795192104306999,-0.531468040888068,0.595094482246479,0.838934318389553
TNRC6B,7.30280961349555,-0.184097968647898,0.304811032970944,-0.603974097832108,0.545860863267448,0.814581165157108
ADSL,7.12807047482371,-0.347758217264739,0.305506029862998,-1.1383023026442,0.254994272828765,0.579137819353809
SGSM3,2.44932025178221,-0.955066723335854,0.575570742180013,-1.65933855449023,0.0970475904065067,0.343144381096044
ST13,50.0839681879333,-0.0821809314688303,0.13923629838617,-0.590226344863769,0.55503891206828,0.818146046340154
RBX1,46.4342606028042,0.701250748800053,0.1283127610105,5.46516763630913,4.62469542620346e-08,1.07265323765973e-06
EP300,1.02932528148745,-0.550718619629831,0.801110085848665,-0.687444371701326,0.491802744314418,0.784058953233757
L3MBTL2,2.90514277501504,-0.571302388188771,0.507488506921267,-1.12574448563306,0.260273688142165,0.584698679252512
RANGAP1,3.62528471580559,0.503969519885558,0.514654836980536,0.979237896300231,0.327462447986236,0.654083090193587
TOB2,3.35255797123271,0.0893776060694767,0.471823289622152,0.189430255002996,0.849755613655818,0.952069375357708
PHF5A,13.9725872821482,-0.120061645860878,0.239239988690681,-0.50184606059361,0.615775810061712,0.84942429701525
ACO2,9.66436449736969,0.025704795359397,0.260627816518505,0.0986264463354851,0.921434871249937,0.975351695087598
POLR3H,3.20497313632122,0.436535272618984,0.457559731919457,0.954050896891044,0.340057879667591,0.665992196910221
PMM1,1.04940261395994,-0.30217529850724,0.799404889734282,-0.378000312967415,0.705430361481357,0.889068343411422
DESI1,9.59294726234625,0.898747893037328,0.295911953839982,3.03721387856923,0.00238775968469175,0.021794881351019
XRCC6,45.8734880013733,0.0121899673712823,0.133213217630682,0.0915071911638494,0.927089592489415,0.975683415108361
NHP2L1,50.7358301562717,-0.0506115145408535,0.13414845763733,-0.377279884034758,0.705965619753054,0.889068343411422
MEI1,1.67212157305986,-1.30850314570401,0.699705642307722,-1.87007659590738,0.0614731820056699,0.258827258899855
CENPM,5.0104346251262,0.0326349765111838,0.41908740680672,0.0778715274692919,0.937930248404246,0.978396083872473
NAGA,0.853787595640742,-1.4179197678658,0.9585955600995,-1.47916371292041,0.139096565254695,NA
SMDT1_ENSG00000183172,34.8919665403122,-0.157621042503355,0.192299408600075,-0.819664728304807,0.41240726268955,0.730348588284399
NDUFA6_ENSG00000184983,17.8372997721051,-0.227799102644419,0.211711921740697,-1.0759861833545,0.281933435683345,0.609504045250656
RRP7A,25.5783863456205,0.481165242304371,0.215855033235875,2.22911291477081,0.0258063928310437,0.143353474385851
POLDIP3,3.95448148702436,0.0167552809964177,0.408730336889326,0.0409934851519344,0.967301089593734,0.988450365430651
CYB5R3,6.24840896437826,-0.0162838474066614,0.331704708843554,-0.0490913965720685,0.960846459683217,0.985414602815086
ARFGAP3,5.65848453197364,-0.893329454726036,0.353094483365003,-2.5300011662957,0.0114062147509659,0.0767327174155886
PACSIN2,3.42127905200717,0.352802820693385,0.448922002258268,0.78588890479557,0.43193257524449,0.74746461239414
BIK,0.638145490141096,-1.61040401193325,1.08114408156786,-1.48953690760427,0.136346042008132,NA
MCAT,3.0269135575984,-0.0575990616778237,0.510103094232978,-0.112916511052404,0.910096746123129,0.973693868141371
TSPO,13.4220568727861,-0.603059282289007,0.24309230938866,-2.48078305646776,0.0131094132867525,0.0853278670057107
SAMM50,5.94586398493556,-0.107993432460063,0.342817668152945,-0.315017114030083,0.752748659808714,0.913576768089929
PARVB,4.74343621180453,-0.301032189039863,0.383946150054938,-0.784047942652346,0.433011979440893,0.747664486060718
PARVG,4.56518809615258,0.665563970295859,0.438059358843707,1.51934653799583,0.128675291347786,0.402860804289447
PRR5,2.45314187046008,3.17968261544831,0.684045660146601,4.64834849586921,3.34603250861874e-06,6.17179171322674e-05
CTA-217C2.1,0.881763265479273,0.516487389501164,0.887481568683734,0.581969708133985,0.560587084951399,NA
NUP50,2.36079476591124,-0.333932696352014,0.531040419555029,-0.628827268236613,0.529462146031925,0.807640907910293
KIAA0930,0.275813309561558,-1.14098750631166,1.2764543398532,-0.893872558295251,0.371390081752802,NA
FAM118A,4.48860552458442,-0.260328774248167,0.535801487754915,-0.485867957065558,0.62706078835967,0.855154018387617
ATXN10,16.8276159877509,0.0514413144563132,0.203876691422378,0.252315819417241,0.80079696149553,0.934263121744785
TTC38,1.15090865694402,2.49603047640769,0.850455461592743,2.93493379621914,0.00333618860074683,0.0288826578582762
TRMU,3.02521544948069,-1.17319469508447,0.552991403333788,-2.1215423748212,0.0338761858885179,0.172460582705182
CERK,2.32295262657263,-1.96868235492553,0.680365597270672,-2.89356540486912,0.0038089495338059,0.0323890975405437
CTA-29F11.1,1.48525029633757,-1.42245752993755,0.737932002911662,-1.92762683326505,0.0539015587714501,0.236451721470243
TBC1D22A,2.21445642852241,-0.820105185782384,0.594790723023096,-1.37881300773169,0.167952415089462,0.465652190988447
ALG12,0.973227317020373,-0.577444378860114,0.930099919521956,-0.620841230861415,0.5347040919955,0.808651655549302
CRELD2,3.87021356621366,-0.708624785489941,0.409873163766977,-1.72888797836204,0.083829146039055,0.313904802276365
PIM3,29.3213027950129,-0.553043795639128,0.181882510898466,-3.04066505848855,0.00236056265826634,0.0215783198290935
TRABD,11.852099160698,-0.224014598061323,0.258243045959168,-0.867456458427705,0.385691958951189,0.706818916039601
SELO,1.14158986708991,-0.765033995075035,0.741363587021199,-1.03192820428225,0.302105752211609,0.629108661891913
PPP6R2,1.39939425770939,-0.0555791215718161,0.743144350136043,-0.0747891329075455,0.94038248828555,0.979788392085648
LMF2,2.36208276011353,0.0874942635841579,0.543963173856133,0.160845931837471,0.872214747817316,0.957556847833351
NCAPH2,2.9242740204165,-0.733606875623685,0.498553066807393,-1.47147199458929,0.141163515835023,0.425131983735709
SCO2,8.44474560217962,-0.396535076237446,0.397288878580057,-0.998102634170618,0.318229592925122,0.646093443889434
TYMP,72.0070347180618,1.68111826343642,0.142946055443386,11.7605082436306,6.23577882802156e-32,5.70023546985029e-30
ODF3B,5.13655529048663,1.6580340361724,0.412910274232332,4.01548263543444,5.93242668522371e-05,0.000853610284151633
CTA-384D8.35,0.187815769235842,0.706521136739705,1.64219339815723,0.430230165053957,0.667028221156482,NA
CTA-384D8.34,5.00839664107925,1.9280579889937,0.471492437170367,4.08926599239815,4.32740388422252e-05,0.000652459843724561
KLHDC7B,0.863011688803645,-0.510585586978501,0.833647105172836,-0.612472092580041,0.540225456626174,NA
RABL2B_ENSG00000079974,4.45386415878322,-0.282159922222648,0.391571199819358,-0.720583950895304,0.471165531113336,0.769637547180301
HSPA13,1.87233119034117,-0.267738355010993,0.652892520004401,-0.410080291636958,0.681747049513996,0.879712496033004
SAMSN1,32.6853090828178,0.176517053808245,0.347025819942032,0.508656830888638,0.610992786349108,0.845864400878855
NRIP1,1.12950488221253,0.483654434237634,0.702672331174738,0.68830721344763,0.49125934014161,0.783771878180022
BTG3,9.75970778086544,1.40962353362071,0.285951261845021,4.92959368154387,8.24008151578233e-07,1.67935562957715e-05
C21orf91,2.73882869453504,1.41690689374259,0.533735923992524,2.65469650823511,0.0079379790021127,0.0584626510392565
MIR155HG,59.0102132037206,0.314709250609627,0.370488650001605,0.849443702548684,0.395634443931314,0.715398211452795
MRPL39,8.96183065514589,-0.0463213605433138,0.279733093713878,-0.165591278201403,0.868478611517453,0.9563393125385
ATP5J,45.1108510893122,0.201778544035867,0.138640101023695,1.4554125577374,0.145555081953591,0.431665262129542
GABPA,1.91943381175425,-0.213638963427304,0.601510711452369,-0.35517067171001,0.722461734835687,0.899423621818272
APP,5.29374953191143,-0.71873270869671,0.389932435718956,-1.84322370456696,0.0652963552781149,0.268796122125008
N6AMT1,1.26207000679324,0.408839548978284,0.692341971577676,0.590516776047305,0.554844242030013,0.818146046340154
LTN1,2.86286694781354,-0.352188041576314,0.549939783536406,-0.64041200895043,0.521904777580747,0.801620977870503
USP16,8.27254329334609,0.0877165415441278,0.300480379281821,0.291921029099402,0.770347004555376,0.921422364125998
CCT8,39.6568618534876,-0.00967949606922575,0.144774597728607,-0.0668590776357799,0.946693891421723,0.981756628141046
MAP3K7CL,3.56972216493593,0.0879615418633201,0.45221426736786,0.194512973629305,0.845774238240413,0.951209094427792
BACH1,3.7003554877817,0.0258867037266905,0.445807490328553,0.0580670004167325,0.953695259875765,0.982688897476379
SOD1,68.071264873371,-0.386065459449377,0.133932429604788,-2.88253905785619,0.00394484226860097,0.0333167656815539
SCAF4,4.09758825743117,-1.37175327130202,0.476357421345819,-2.87967230032126,0.00398088708526783,0.0334847011123475
MIS18A,4.30980761468775,-0.104262854818227,0.416327325351155,-0.250434810471029,0.80225111222797,0.934725015988602
C21orf59,8.84631985640271,-0.418627400110316,0.295040893696711,-1.41887924370459,0.15593422458885,0.446848874700369
OLIG1,0.0577316880106304,-0.379320188619758,3.0551770360915,-0.124156533038434,0.901191337485662,NA
IFNAR2,2.92278190392246,0.129658888199438,0.4990300845568,0.259821786725727,0.795001244572729,0.932033348097491
IL10RB-AS1,0.338220745450825,-1.12213605181628,1.24630114251611,-0.900373122944305,0.367921719010762,NA
IL10RB,4.81981998264851,-0.418533045518133,0.376149836798318,-1.1126763980029,0.265847435694551,0.590173650955131
IFNAR1,6.6650917606184,-0.11581473004291,0.318009931971701,-0.364185889808046,0.715719202880669,0.893894025538726
IFNGR2_ENSG00000159128,18.3711287046054,-0.450928361098168,0.240358844050238,-1.87606311255149,0.0606466141226083,0.256797924649954
TMEM50B_ENSG00000142188,5.144953917576,-0.833511233034961,0.374638823276202,-2.22483944868804,0.0260920181016781,0.144552570873468
GART_ENSG00000159131,6.85707750055852,0.0874140498122236,0.330582678639648,0.264424168174611,0.791453090553807,0.93069852646282
SON,32.5870780980989,0.0489247477435513,0.159666429888656,0.306418498726809,0.759286025374035,0.916755055573415
CRYZL1,7.6283530343517,-0.0965859819805099,0.301503617043364,-0.320347672534285,0.748704788211973,0.911645242610309
ATP5O,55.8059898427003,-0.0450636960470161,0.119445037895987,-0.377275580809459,0.705968817364842,0.889068343411422
LINC00649,1.10333054864705,-1.33587788770887,0.852083623178282,-1.56777791682702,0.116932970309603,0.382555443918154
MRPS6,13.3512167270463,-0.216720927475766,0.276640366690892,-0.783403123948003,0.433390422257939,0.747664486060718
SMIM11,8.21289968307496,-0.458205119905781,0.287550355069471,-1.59347784423733,0.111053034764286,0.370732935727807
RUNX1,0.916422707543384,-0.604037368073905,0.781606003271248,-0.77281567125359,0.439631477511187,NA
SETD4,3.6136133345508,-0.307478327590391,0.461360098145431,-0.666460599489181,0.505116739634323,0.792232934199135
CBR1,14.0363812500479,0.998934945624814,0.229093705365623,4.36037709561054,1.29838493349943e-05,0.000219911736965462
CBR3,1.58260093265721,-0.320328143067281,0.673139965243924,-0.475871526884018,0.63416590827854,0.85923409545606
MORC3,8.00268788524633,0.37939682909843,0.288860885169921,1.31342403411681,0.189040103238784,0.496649738686509
PIGP,8.37556975375698,-0.385516919078087,0.317934868736024,-1.21256570759521,0.225295906488114,0.544918036859968
TTC3,15.6045078565225,-1.1899344774828,0.253642836225168,-4.69137821983055,2.71370779438451e-06,5.09619566462058e-05
DSCR3,4.41002767657621,-0.101790837648255,0.382910417700117,-0.2658345997992,0.790366594868586,0.930653296780286
KCNJ15,0.0166851804699018,-0.233443170298403,3.0558605060609,-0.0763919589377195,0.939107266751526,NA
ETS2,1.53307201556627,1.28849913377495,0.724667943689092,1.77805454897803,0.0753948962595972,0.293167055557137
PSMG1,5.46849758988707,-0.502890110401259,0.375654202554105,-1.33870487001627,0.180666770243804,0.486157854474237
BRWD1,3.35213364595804,-0.299110391339409,0.442861056182149,-0.67540459284906,0.499418748305175,0.789102070633295
HMGN1,86.5086778630307,-0.169066937033565,0.106100484993842,-1.5934605486806,0.111056911859587,0.370732935727807
WRB,2.75461155387346,-0.641499012696621,0.597292101923766,-1.07401221384055,0.282817207417672,0.610237219614429
MX2,41.2429732486637,4.11793885098309,0.245386839916798,16.7814168534031,3.33776565192199e-63,7.97982742013349e-61
MX1,172.110350745751,4.88526147171913,0.473487228676002,10.3176203619676,5.86589507489331e-25,4.05137819839298e-23
ABCG1,6.16987180833757,-0.0156023483728091,0.334993029413618,-0.0465751433697589,0.962851843242618,0.98601104737992
SLC37A1,3.6581983355388,0.565540053751331,0.483655133966164,1.16930435352496,0.242281029759146,0.563629820727114
NDUFV3,3.36084893142628,0.301624505388617,0.450277256404797,0.669863958479525,0.502944517112678,0.790868484283432
PKNOX1,3.15983510228449,-0.390977618378225,0.452126273997261,-0.86475314721611,0.387174291958363,0.708241373985231
U2AF1,59.8974118103622,-0.0472918121813697,0.115038533599337,-0.411095401703229,0.681002581605059,0.879712496033004
RRP1B,2.78040468636328,0.272440431914328,0.559544525826713,0.486896787189194,0.626331475836641,0.855154018387617
PDXK,4.26121017912983,-0.627269293935724,0.404905055959201,-1.5491762444155,0.121339358428597,0.389790931262097
CSTB,29.1692330133382,-0.4270008597725,0.18882487847119,-2.26135911342662,0.0237370284463999,0.135615228697447
RRP1,5.81051958190398,0.098285204979448,0.338565188969523,0.290299204352918,0.771587347486923,0.921422364125998
AGPAT3,1.45209654601199,-0.579931713609565,0.791849073240649,-0.732376576809252,0.463938751349405,0.766775665617628
TRAPPC10,2.19542239990567,-0.523150007169557,0.525202024986488,-0.996092898124328,0.319205010187564,0.646627662449806
PWP2,1.48572845639349,-0.6799855092157,0.693378573071749,-0.980684341316295,0.326748428067961,0.653851103089658
C21orf33,6.78363092651927,-0.133163948899196,0.321701687560733,-0.41393612171853,0.678920889056555,0.879385756694217
AP001055.6,1.6132336489593,-0.369527019777647,0.683120052331529,-0.540940085884508,0.588548879985162,0.836975483410608
ICOSLG,3.58449371681086,-0.278145405903823,0.485250578985898,-0.573199534321228,0.566509599653916,0.822762540058117
PFKL,8.15875514113945,-0.517118394197701,0.303990660222821,-1.70109961213499,0.0889242837473147,0.325915889017281
C21orf2,4.18275807774754,-0.0279215646183544,0.435751647523815,-0.0640767849691913,0.948909086761693,0.981817235420602
UBE2G2_ENSG00000184787,5.0182110863725,0.242850237547631,0.393214425276169,0.617602564750947,0.536837353538187,0.809627788315703
SUMO3,8.02624577220669,-0.556822823922113,0.316179499509535,-1.76109717671724,0.0782219568112525,0.300325931771924
PTTG1IP,2.66443779392157,-0.00610032129156104,0.525288554515664,-0.0116132766250461,0.990734154158993,0.997635428843723
ITGB2,1.32429859329305,-0.618071101365904,0.709021839717867,-0.871723643395591,0.383359158664378,0.70376861496095
FAM207A,6.08081136570652,-0.240539100087423,0.345421388006718,-0.696364233481526,0.486200756014557,0.781123853334201
DIP2A,0.695501070346675,-1.1544831608705,0.951259879986047,-1.21363592132933,0.224886783614314,NA
S100B,0.0718017546414379,-0.379320190118137,3.05517703608479,-0.124156533529146,0.901191337097137,NA
PRMT2,10.6036995752442,0.0327085119755724,0.258173210016181,0.126692122600646,0.899184080850643,0.97104382323968
