gene,baseMean,log2FoldChange,lfcSE,stat,pvalue,padj
HES4,18.1064996729869,1.82677994806491,0.375177862665733,22.7642825870454,1.83137957322101e-06,3.15601819657019e-05
ISG15,2425.49163075165,4.89472094220649,0.256793329317774,266.399498889598,6.91260864541299e-60,7.55069559729726e-58
NADK,4.45527152704793,1.32829272999741,0.51348500865217,7.06688719463159,0.00785215590664928,0.0476498349890683
TNFRSF14,40.7147218354409,0.714701354760611,0.148180129284842,23.6987280549073,1.12656968230793e-06,1.99467449984696e-05
KCNAB2,8.15970460232711,-1.01716979651214,0.30871998696745,11.3056519657784,0.000772715107359758,0.0071809911809611
ENO1,436.068718134293,0.845365585977012,0.155657844657671,29.2155072735987,6.47588329312505e-08,1.37250063824441e-06
SPSB1,9.99302377092325,1.20425480684902,0.299230750011589,16.5321308960071,4.78326135493074e-05,0.000626476842289878
PGD,11.2335011947815,-0.837559347917149,0.254120175373992,11.0925174867613,0.000866767372110532,0.00792026813640254
FBXO6,22.9342816549657,3.80651174118373,0.298816249609055,234.901582779109,5.08670947662583e-53,4.81541830453912e-51
SPEN,11.663727751822,-0.776010077149305,0.251542847778615,9.67095631737446,0.001872038429547,0.0150696971085983
FBXO42,5.11383208092433,-1.10943932678041,0.375726916544511,9.18621742510486,0.0024384428892305,0.0188496337233898
AKR7A2,31.2852135579394,-0.679067393056218,0.170619657410329,16.0120146274798,6.29417837187013e-05,0.000796589419612797
ECE1,8.6991975849342,2.25965912653673,0.377010325845191,39.4557735374757,3.3557409992855e-10,8.60135779600254e-09
ID3,67.0374468635987,-1.15873613363176,0.217533831796804,28.1289208379699,1.13497093424644e-07,2.30896665706296e-06
RUNX3,27.5947311214998,0.513382374863923,0.188642882126794,7.88815761315604,0.00497595270341447,0.0327306178095628
TMEM50A,192.914545831465,0.368686777777142,0.0934618333948044,15.5415878128501,8.07099807393154e-05,0.000982917432674338
LDLRAP1,30.1911924089725,-0.751693928950873,0.254082184896717,9.12391081253773,0.00252290046751797,0.0193231858892962
RP1-187B23.1,10.6685114426125,1.10829825314056,0.325232945143838,13.0593363182989,0.00030177634940203,0.00317424011963616
STMN1,58.8958111869492,-0.667046876060581,0.164595027993444,16.9675477720795,3.80242298070254e-05,0.000508421905141018
SYTL1,9.10846929923883,-1.15467880487352,0.352324789353349,11.0043780505226,0.000908969283371997,0.00826335712156361
IFI6,986.818095683757,5.64322702866512,0.150881052082888,1160.0666238317,2.91110817250395e-254,5.16721700619451e-251
ATPIF1,116.184614392992,-0.30318557057219,0.103370110256148,8.61465645527343,0.00333468687384312,0.0242296025033563
LAPTM5,325.375463826305,-0.414374490050427,0.0837775984107975,24.5955828165099,7.07136408134444e-07,1.28078278003943e-05
LCK,217.921358760574,-0.6340731937299,0.144968427458832,19.1976936155966,1.17855698414057e-05,0.000173604866958466
HDAC1,35.0413668391973,-0.486549820993209,0.152092959723479,10.4937669908947,0.00119777919101395,0.0104090970088115
MARCKSL1,89.4764815033137,-0.77995596406186,0.156416978952423,24.9980891263591,5.73871612769142e-07,1.04742633693082e-05
THRAP3,123.795717072874,0.279886259467228,0.0985369544677019,8.21920874701001,0.00414492692759651,0.028599592989247
PABPC4,32.3277410585999,-0.578078630592355,0.177844973139257,10.7176509657562,0.00106118308682725,0.0093945136115629
PLK3,34.0064353231443,-0.723997016258326,0.179128900478565,16.6253895146783,4.55373344476239e-05,0.000598731619589129
NASP,41.1766794609637,0.464756893955916,0.13302444268015,12.3075221013456,0.000451136484940008,0.00447356011602522
MOB3C,3.43405325780011,1.28848013752244,0.4726610646097,7.71504953147623,0.00547623572997609,0.0352824625071055
NRD1,34.1378403841838,0.539594952432668,0.183800885824325,8.6756851704924,0.00322483589335444,0.0236044689101201
FAM159A,25.1828516116478,-0.574699315308744,0.222143394701877,7.27993929258504,0.00697288924826872,0.0432757986562132
JUN,130.363569892688,-0.481842486314186,0.163386072081912,8.6440198458493,0.00328136621402509,0.023919609979033
MIER1,30.5014783314599,0.641874568448426,0.178722677905549,12.8664816268754,0.000334519941726634,0.00346728698723956
USP33,17.0772050683174,0.696153420162589,0.22998204285741,9.41759592907705,0.00214913095963,0.0169300150546228
NEXN,34.4860076038674,5.75889588077037,0.476743949828082,215.276751602854,9.69827231869145e-49,8.50095474848263e-47
IFI44L,262.87165542278,4.70998616629598,0.473652127675393,75.6227499719963,3.43382316672125e-18,1.32500785237613e-16
IFI44,152.915048260055,3.84441981645786,0.220053758828739,278.653074094202,1.47610452783871e-62,1.66354637264363e-60
GNG5,194.879375940657,1.08531947693498,0.0860034228224121,158.933484324529,1.93496847424468e-36,1.32098809299396e-34
ODF2L,102.475306708765,1.68165374368299,0.121305222296855,194.305219137172,3.65299038186314e-44,2.98117605876187e-42
SH3GLB1,71.9494866569389,0.467465853155858,0.143162410914511,10.6243658626539,0.00111607234701991,0.00981666251431611
GBP3,37.6938100278696,1.49900702984533,0.169387626898151,82.1342396199577,1.27150724140971e-19,5.21832451676817e-18
GBP1,219.924289373607,3.65585572679429,0.11698227322723,1070.67240069715,7.81896552318918e-235,1.11029310429286e-231
GBP2,273.199300834593,1.45401581517471,0.120470098084209,143.806237876895,3.91700566182465e-33,2.39747760335819e-31
GBP7,21.4120625981752,2.67305802067354,0.295041708647624,86.7600407453559,1.22520191938985e-20,5.30422782174873e-19
GBP4,114.435398396942,2.85984179502457,0.177414021752567,256.139150314809,1.19155196269594e-57,1.2085741335916e-55
GBP5,53.4701344988384,3.93764962831238,0.225161075616463,381.721507796726,5.25005855215027e-85,8.66870133029463e-83
RPL5,1301.48503350638,-0.409759115822521,0.126474998998517,10.4786030360328,0.00120765036744121,0.0104820508665435
S1PR1,27.9287274586439,-0.763828038091046,0.176813579683637,18.904837848939,1.37403772831874e-05,0.000199502410451187
PSMA5,227.385964449647,0.872790082609601,0.075950589109064,132.069520151349,1.44470278097784e-30,8.5478247874522e-29
KCNA3,20.6298286102031,1.34783997413715,0.216479301955671,39.8320032804795,2.76772688095557e-10,7.14576758355801e-09
CD53,326.162094110322,0.645756689140022,0.0872042914556701,54.3514094409783,1.67657702435826e-13,5.41077130588349e-12
DENND2D,71.1356947091953,0.387865832322421,0.141060211298191,7.76132614378432,0.00533767552114437,0.0346095855708904
ATP5F1,115.810957941258,-0.348319501459969,0.0934700710382615,14.3030501947436,0.000155612524923263,0.00177059122909482
RAP1A,129.947797865428,-0.279506107221984,0.0847050153264173,10.9132096470235,0.000954809492513691,0.00861391028824295
MOV10,16.8408955611931,2.45350794265094,0.260179570729069,102.925472936461,3.47996231076144e-24,1.68079812288478e-22
PTPN22,19.5479876921969,-1.35797248785916,0.265227541831553,26.7082680442794,2.36606916806271e-07,4.51588470248528e-06
ATP1A1,111.688392783468,-0.389666276120658,0.104049996194407,14.1648335068602,0.000167471484693021,0.00187843213478744
MCL1,200.15882584937,0.475786365816536,0.111847051687286,17.9665497482956,2.24821146100068e-05,0.00031470863455838
CTSS,118.265367578923,1.4947384649444,0.110973972288111,185.21330021617,3.52559848686943e-42,2.78130547297477e-40
RFX5,13.0732799416749,0.676191452362983,0.257349263402634,7.41313058154638,0.0064749557089468,0.0406833500296658
THEM4,33.2872984842162,-0.671503869765313,0.169856853373779,16.2839290539306,5.45244316963412e-05,0.000701310625079751
S100A8,5.59652916097106,-1.70911633432294,0.521379631109019,11.7110907046397,0.000621286933453437,0.00596029636189464
S100A6,343.413659498746,-0.3595372122068,0.115347255328579,9.68745020188905,0.0018553081787154,0.0150014940937878
S100A4,60.8573772925126,-0.582727003293703,0.179792004673309,10.5418584748558,0.00116701012968809,0.0102041526118047
TPM3,128.78847594902,0.327221049493252,0.0905002661063102,13.1279583140261,0.000290921629243237,0.00308750906969654
ADAR,88.0317921276595,1.58317699701094,0.118272365069573,183.341265853127,9.03488445629785e-42,6.97257387388204e-40
PBXIP1,89.6194391988784,-0.728819905948048,0.140327953439307,26.8268851429678,2.22519995019345e-07,4.29318468651454e-06
CKS1B_ENSG00000173207,26.0230960763724,0.6125154153972,0.173101337215328,12.6023815411218,0.000385255566742252,0.00390759217695713
SSR2,259.257110735964,-0.304251598282281,0.084268728588468,13.0809910236883,0.000298307588737763,0.00314272216023884
PMF1,38.225454324467,0.622899992652527,0.165562685994313,14.7329949550755,0.000123859624185629,0.00145355922598011
SH2D2A,55.8471689650421,-0.750747283761802,0.25603643632562,8.51581761501481,0.00352072705057571,0.0251733756889099
MNDA,3.53187233061388,3.9011451074282,0.704930032746315,41.3151189771774,1.29562896485737e-10,3.47130779263673e-09
PYHIN1,20.9437949703247,1.30462051283486,0.241464337487584,29.3918109265266,5.91269655310346e-08,1.26066503084188e-06
IFI16,259.621084056951,2.11482170320006,0.0974537938049035,469.982205582574,3.23326211955548e-104,6.55890315681254e-102
AIM2,31.8431528735321,1.37058153919719,0.404857870258482,10.8389601507832,0.000993865299266999,0.00891820173743669
SLAMF1,17.272242283793,-0.966726799116084,0.25865153523601,14.2600082067603,0.000159211924382548,0.00180864746098575
CD48,181.935589068506,1.29687572074623,0.15027736160221,74.0046862843725,7.79317993204838e-18,2.91218829039702e-16
SLAMF7,3.21731732137601,2.96832114304642,0.630172287540696,26.714044126151,2.35900691330308e-07,4.51454153219727e-06
LY9,21.6377027753697,-0.761676109760535,0.211459838457722,13.1214731458699,0.000291930396014198,0.00309359076373255
TIPRL,39.217567630964,0.428352833048896,0.151578334211582,7.97710415467404,0.00473726605905043,0.0316411938092738
BLZF1,28.8049498637085,0.873814093424426,0.202444436107683,18.5619775380514,1.64468525236686e-05,0.000236081662936605
SELL,687.465977313171,1.16011138782911,0.180820922746776,40.3146236284212,2.16184728064523e-10,5.70599096378482e-09
RABGAP1L,46.3183666085339,0.42863619227436,0.133440607524911,10.4172204261484,0.00124845657541775,0.010731285333494
KIAA0040,11.7548600791102,1.96439379979768,0.348371645026403,33.6393067191303,6.63385589211101e-09,1.56479657255775e-07
SOAT1,19.9143877471266,0.840645674242841,0.193081205477905,19.2759886558866,1.13120029837222e-05,0.000168375725753517
IER5,5.91957627491043,-1.14710257975883,0.406595211348665,8.31763248317233,0.00392620604244511,0.0274911862932547
IVNS1ABP,61.1823867623939,-0.50495145264857,0.179027759675554,8.24964415264034,0.00407599905222707,0.0282889474787998
RGS1,252.514910263949,1.25811360510262,0.20924024530081,35.0236743955717,3.25720950546339e-09,7.81290117864528e-08
PTPN7,25.5724460543367,-0.715286456488674,0.245374825932961,8.53310700873814,0.00348743852294577,0.02504731813916
ATP2B4,10.0714032194183,0.828686905336362,0.283148577464268,8.7363815505414,0.00311922888907829,0.022990992762345
RAB7L1,24.5579683137404,0.775797755706413,0.213812730526892,13.4231512577662,0.00024853783618096,0.00266558706478069
RASSF5_ENSG00000136653,88.4858378296709,-0.311288821097738,0.111010659569494,7.88471165026108,0.00498544263010137,0.0327306178095628
TRAF3IP3,103.513793110861,-0.51975814656308,0.194142088193664,7.32012329629495,0.00681867341201665,0.042467176513437
BATF3,3.52158355944981,3.45994021064176,0.718929008065552,27.7943278021858,1.34921099746481e-07,2.7137105048159e-06
DUSP10,25.7813565487909,-0.919003703540097,0.30116341028466,9.36547311768699,0.0022111091846539,0.0172895101443202
MIA3,39.256715402461,0.54777924524178,0.15837336668827,12.0315884071315,0.000523064829238923,0.0051365979081554
AIDA,12.2405288227212,1.05027365600479,0.25655743062318,17.0660228840565,3.61024692099949e-05,0.000487314698461908
DEGS1,57.4982688251836,0.632043007442876,0.149341857533133,17.791537590288,2.46477058856946e-05,0.000341128093154838
LBR,44.4973753047802,-0.425014067621684,0.147200393276665,8.39653925839792,0.00375936038539344,0.0265322651454209
ITPKB,9.61338668195502,-1.14857089733177,0.329913745512391,12.418100591255,0.000425192476638629,0.00425192476638629
COA6,66.1127275948299,0.796488093535991,0.151609049732354,28.1323824794792,1.13294274290788e-07,2.30896665706296e-06
TARBP1,85.8196144023523,4.2013527242211,0.239303531433004,320.802157156557,9.68667476153224e-72,1.22813197869427e-69
GGPS1,51.2083252856324,0.351752738858344,0.136687590582925,7.19085725782716,0.00732759651056842,0.0451588935054617
OPN3,7.45206867212516,1.79376462722902,0.344545325755665,29.403078576657,5.87841857284568e-08,1.25713168274712e-06
COX20,47.7165352284325,0.435367121258837,0.153165422472297,8.09736201181224,0.00443297303458257,0.0301476135493642
CMPK2,123.31375730113,5.57805709514239,0.240257764929341,781.755575927924,4.99786342857262e-172,2.72960233406659e-169
RSAD2,274.102214005941,5.54276514336681,0.525096043914372,81.0000421061255,2.25712871892731e-19,9.15749365964794e-18
HPCAL1,36.4104769746742,-0.408574144444216,0.157903059500608,7.53152090928042,0.00606287028270053,0.0383999812731255
PDIA6,100.82561451149,0.417034923136298,0.146121161958563,8.20244909275289,0.00418338826751766,0.0288089783699083
NRBP1,56.1076236244141,0.42222946961949,0.128753526747455,10.8612664984215,0.000981965162689913,0.00882525652544099
RASGRP3,7.93854539680024,2.69440515454979,0.376917549062212,63.2707858809498,1.80156511624609e-15,6.2701531006604e-14
EIF2AK2,200.518793398835,3.44228569459856,0.134771251523639,654.018501927199,2.98655349855443e-144,1.17802943554091e-141
QPCT,5.93564198833137,-1.34310432418101,0.481853987984624,8.05693800992107,0.00453297280898652,0.0306515304226708
GALM,29.6226957515794,0.690986534314893,0.220798951346934,9.77767387427849,0.00176643646784941,0.0143826822496913
PREPL,10.8783626190733,-0.764394184297018,0.287114234354597,7.31572425517598,0.00683538459926524,0.0425339444827197
SPTBN1,17.5062240687137,-0.642277007714123,0.217628477613945,9.00383740012337,0.00269413317642787,0.0203926924868208
PNPT1,62.4788330072715,2.92064113626145,0.165940995471928,349.114186528383,6.6075236502778e-78,9.77362873270257e-76
B3GNT2,21.6981719856714,0.868865178385986,0.21819275532607,16.1747503500499,5.77588964185996e-05,0.00073705868849994
CEP68,10.4381073090789,-0.860592536134064,0.276029243601948,10.4239692029991,0.00124390265205501,0.0107180932397944
PLEK,5.55793806401229,1.11881412552975,0.409436343076842,7.88631852622599,0.00498101512003392,0.0327306178095628
ARHGAP25,26.8212909069832,1.25817816731711,0.173251030836023,55.4315233822759,9.67720404080175e-14,3.16627413316555e-12
AAK1,19.6177935280124,-0.771516013943301,0.195744774738709,15.9134046132631,6.63074375624462e-05,0.000836203919526408
TIA1,24.7035022046086,0.775220767360451,0.224785986998009,11.7865134492241,0.000596613685516773,0.00575537658582756
NAGK,30.2948331960488,0.524687397478632,0.161325196908812,10.7776871747574,0.00102730965007172,0.00917471511384803
BOLA3,35.5778505214892,0.43079238089533,0.159002857763861,7.42391459356018,0.00643626375145625,0.0405119438256555
MOB1A,83.4625227427403,0.43627376761601,0.133745732459511,10.6355430397313,0.00110934704331194,0.00977216378103567
MTHFD2,41.5719704106737,1.64267214817605,0.162807548036224,106.016153292498,7.31365968398734e-25,3.60604053863265e-23
WDR54,39.2453383970824,-0.769235792436771,0.146273907714383,28.0541061531862,1.17970536521393e-07,2.39311659800539e-06
POLE4,87.5383480369144,0.558890653126787,0.143402519102821,15.5527778282164,8.02336729450859e-05,0.000978857746962162
TMSB10,1709.63737509201,1.17423994320105,0.106603885935775,118.763357952412,1.17999583525299e-27,6.29922588744076e-26
VAMP5,67.1974809074115,1.28394678149723,0.152073692872021,72.0623342728959,2.08505834377835e-17,7.6704218864385e-16
RP11-1399P15.1,35.9071142668522,0.82812224437571,0.268908241733934,9.50778972423424,0.00204601461038251,0.0162673054128956
STARD7,17.7663658818743,0.695838389742343,0.208443252673775,11.2621834949605,0.000791021093732471,0.00732235953781036
ARID5A,200.978110001866,0.631052941863148,0.111818242173727,31.8691722373607,1.64913822756323e-08,3.7770585211932e-07
ANKRD39,19.0478379325689,-0.645821608887233,0.208904918925741,9.68555062882592,0.00185722722654077,0.0150014940937878
FAHD2B,7.54938436132026,-1.18625658124772,0.33386108549129,13.1992436580438,0.000280062119860593,0.00298564722373906
EIF5B,107.897474763703,0.284255501703217,0.0941765069294379,9.11898934285773,0.00252969681157815,0.0193543613816863
RNF149,99.4006787263416,0.395618261441615,0.100890810339363,15.5526579218207,8.02387617932364e-05,0.000978857746962162
IL18RAP,2.13749094134796,3.22305817329045,0.849267236803472,16.383754963749,5.17266646615156e-05,0.00066896050837297
UXS1,42.0192537514215,-0.649753782195237,0.165870076907641,16.2267180968209,5.61959440916751e-05,0.000720200727528688
FBLN7,28.0801604798664,-0.807646744498164,0.199690692432223,16.761228560932,4.23906597723044e-05,0.00056047241039732
IL1B,2.74815099352951,-3.52220980588734,0.719591188128669,31.3030860798626,2.20728493368117e-08,4.95940602187857e-07
IL1RN,8.51218222708449,6.17528095227868,0.751867160099797,147.465466280902,6.20839061635575e-34,3.93567619429695e-32
ACTR3,169.91184993794,0.341580747534902,0.105969197405127,10.4994367791928,0.00119410937252242,0.0103899222364084
PTPN4,19.8460101676277,0.577561829667661,0.202082983662685,8.45795398928969,0.00363450472181328,0.0258308143392135
RALB,12.778179628533,1.93999000831719,0.312276379434154,40.1984560682656,2.29429495824652e-10,6.01088346994475e-09
GYPC,73.7774490173063,-0.494255424748728,0.174833416262213,8.30753703059634,0.00394808938014986,0.0275899946841181
BIN1,60.7381379171182,-0.576287749077227,0.20525047281108,8.14714039252726,0.00431291183921488,0.0295290974526766
CCDC115,42.5223999672923,-0.480216615927082,0.140989555224602,11.6391408640914,0.000645784224913989,0.00613797589945023
CXCR4,1173.61283735844,-0.341370831110726,0.109591732803411,9.66602789233426,0.00187706709332546,0.0150930649633191
ARHGAP15,68.6538593661147,0.483921293270172,0.164046331951201,8.84681881972506,0.00293600170666048,0.021805033595491
RBM43,10.4105681391943,1.23052169392186,0.320471603883337,15.0122474284813,0.000106815699151927,0.00127675330636141
NMI,181.452201990679,2.26874000180612,0.089122983930862,685.841607164399,3.5857869715314e-151,1.49759338222782e-148
RIF1,30.4699803681805,0.547182481764981,0.165554667744492,11.5683500064317,0.000670839196854188,0.00633372114051161
ARL5A,73.4039459767825,0.293031594575234,0.110178433274678,7.74384527048376,0.00538959126898236,0.0348190154775021
PRPF40A,90.4693562951174,0.441676607081087,0.106469724533481,17.4359573336819,2.97151322322342e-05,0.000406507589304168
ARL6IP6,44.1618660747286,1.12454553132355,0.162199277391065,50.1754067119075,1.40598907831699e-12,4.32143829266262e-11
CYTIP,456.550082753212,0.374996431035668,0.0667902817707666,31.6245001851945,1.87054707067022e-08,4.27038077226964e-07
TANK,53.0030389434564,0.624566138556798,0.17615853226266,12.481856317139,0.000410923652419142,0.0041266731713945
DPP4,14.7248753680674,0.910888259005205,0.297632494784172,9.49408898669394,0.00206134908949521,0.0163633457539698
IFIH1,63.5134565389942,3.73299105019076,0.221532834551214,309.436245538348,2.89757816994087e-69,3.5470353459621e-67
GCA,19.2149908771655,1.03911219601758,0.207798181395377,25.8254065808783,3.73736416226633e-07,7.00139460477333e-06
GPR155,41.411029676433,1.8515807992471,0.241740441158224,59.201685976203,1.42311856586453e-14,4.78869280456785e-13
WIPF1,112.226018438459,0.87968870493709,0.108950284789502,65.3306469924202,6.33287949257914e-16,2.24817221986559e-14
NFE2L2,105.536256560178,0.353333501281692,0.107901672530771,10.7467198338382,0.00104464313313685,0.00930610570297569
INPP1,3.4699130759683,1.44922791002129,0.510649959439458,8.41274192641141,0.00372600284419836,0.0263230051679685
STAT1,148.230821299836,3.89160498546423,0.173330962817715,509.829018559583,6.90900238319784e-113,1.58238441679692e-110
NABP1,17.9948166339299,0.755395179538773,0.26362055744954,8.5920970689188,0.00337624981582338,0.0244605854003531
PGAP1,27.4155528985524,2.05231682690251,0.224709086688961,85.6318510663132,2.16755802418089e-20,9.2200579352128e-19
ANKRD44,13.1608545296274,-0.878536579314154,0.232745518308337,14.7942084070689,0.000119903181427439,0.00141649349107291
SPATS2L,67.4325212597129,3.71586166865335,0.214921907961981,326.345753172827,6.00759219617524e-73,7.75525538051713e-71
PPIL3,11.3104544163302,-0.92396041367926,0.277485469322992,11.3728094669052,0.000745270652333284,0.00695244016950198
CFLAR,94.6106425141849,0.83741180648713,0.116020450058402,52.2941953311672,4.77784656671898e-13,1.50767602772021e-11
CASP10,11.3056364503446,1.96028436549834,0.309512480672239,43.3263942287826,4.63291770980144e-11,1.27495022246474e-09
CASP8,65.8728806885123,0.818017815035388,0.136454544633255,35.8441826320396,2.13745287348321e-09,5.25118179990685e-08
ICOS,36.7430506205088,1.0240158935759,0.219438953770768,22.3284455386793,2.29777624062523e-06,3.89360651752724e-05
BARD1,4.22673475186288,1.16804805079386,0.418724971354665,8.08971294654994,0.00445172126360885,0.0301852619300814
ARPC2,570.123746406303,-0.151302753848394,0.0526892559166745,8.26733573061131,0.0040364696879062,0.0281245679922807
CTDSP1,18.3571317170463,-0.652774859539101,0.230509801523622,8.49913789565311,0.0035531479216118,0.0253796280115129
WNT10A,4.50069363477968,-1.73919373725091,0.59890775035811,8.95520252994213,0.00276680511795915,0.0208538389994798
TUBA4A,46.6358562078408,-1.16325782353026,0.205397255089805,32.0472744498535,1.50466048970269e-08,3.4573105103201e-07
DNPEP,59.1092888965332,1.06957824172424,0.144240861898616,55.3814967015066,9.92664760992855e-14,3.2329907353437e-12
DOCK10,24.1608732106862,0.69692422992821,0.1900312337566,13.5954459547494,0.000226734897711163,0.0024465315710475
SP110,158.685999250803,2.27998883437636,0.105947692350368,477.594109543477,7.13284475897425e-106,1.48950581731521e-103
SP140,58.4166040875234,2.10581841950768,0.15852454904909,183.497887110601,8.35082296001033e-42,6.51547725451355e-40
SP140L,33.085571788653,1.04046835730074,0.157685753622965,44.4450447440268,2.61598267887551e-11,7.3123925275654e-10
SP100,267.663635545954,2.12272585140828,0.0846928068808422,632.464257711296,1.45502189374228e-139,4.9193597359858e-137
ITM2C,23.6829498466852,-1.20798468358419,0.277976179533409,18.6740463890476,1.55079039343982e-05,0.000223792922630544
NCL,99.9849862864651,0.391789859255315,0.103803797240038,14.2430193653181,0.000160655594411416,0.00181720313882215
UBE2F,29.3264252219866,0.646352335061842,0.215665042673999,9.26327918172619,0.0023379404270205,0.0181215906461196
RNPEPL1,17.4268690870178,-0.549615619136308,0.210646490715091,7.19784897823784,0.00729910177643384,0.0451032398717844
BRK1,237.13277555501,-0.230506657808829,0.0668482870686599,11.9169363979077,0.00055625885668979,0.00541761026405694
LSM3,101.854468386,0.307685029390099,0.114912585055262,7.15528602857574,0.00747433744914149,0.0457086958560763
CAPN7,10.5704699113464,-0.770065250294827,0.275789142285584,7.87840325306802,0.00500286330003011,0.032767831577688
DPH3,45.1431334688055,0.46661843857622,0.160766365617921,8.64961036395601,0.00327131306374491,0.0238708353058468
OXNAD1,39.3113268514794,-0.690074337219989,0.185039287280667,14.0095351589215,0.00018188592653589,0.00201779699750753
AZI2,46.543268039851,1.37326135619826,0.146019684482909,90.675615192281,1.69266489791355e-21,7.55844073911081e-20
GLB1,18.0499484287248,-0.705825236199275,0.241379844464081,8.90194900095247,0.00284866440491651,0.0213574628034923
TRANK1,15.2620811766632,1.82678383636175,0.269944287231158,48.0352340601824,4.18628399824829e-12,1.23844234948179e-10
MYD88,19.245510760423,1.61345187939301,0.228767614989426,51.8603852469248,5.95906510563502e-13,1.8638485572691e-11
SETD2,64.0702523905486,-0.719269579516048,0.190124289102381,14.2280607160875,0.000161937654548084,0.00182791311175103
TMA7,359.75354941127,0.207699140388023,0.0684031026077137,9.516186914646,0.00203667332177969,0.0162293833722063
TREX1,81.1345096950935,3.00133886935158,0.155217663257368,412.344678906287,1.13175806355935e-91,1.91321005982651e-89
SHISA5,52.8682498493857,0.649215686501936,0.149291060268913,19.2997479409301,1.11721097297877e-05,0.000166642813196414
PRKAR2A,13.1513593283951,-0.712027819758034,0.267710750251484,7.12668000004399,0.00759452205140166,0.046244516779547
DALRD3,12.7177861993131,-0.615491700595061,0.234763494238129,6.99324514558687,0.00818178820093082,0.0494388904056245
GPX1,55.9655284727667,-0.702452054163002,0.136185702199266,26.9504171370933,2.08742094141924e-07,4.03833479130152e-06
UBA7,7.31318745178499,1.68361937204491,0.343162617648837,25.757280007648,3.87163859043177e-07,7.23385105054358e-06
CISH,3.89575690411258,1.8675311851421,0.472032000288029,17.3298885884801,3.14205845825184e-05,0.000427368104474867
ABHD14A,10.5649892023829,-1.08780709059929,0.267377234711243,17.7038419691253,2.58104769976663e-05,0.000355952859205276
TMEM110,3.44779528785039,2.12252332301917,0.527228345061899,18.2328178939194,1.95481393876105e-05,0.000277029520263542
SFMBT1,10.5041500050008,-0.861966089992333,0.296115229051261,8.55235240015766,0.00345076011869736,0.0248646808189302
TKT_ENSG00000163931,40.136537751987,-0.406755573931948,0.152143914725446,7.17548179767469,0.00739065972664643,0.045274964675746
DCP1A,29.2697949838953,0.557612751897166,0.197829582524474,8.02942615668694,0.00460234183521571,0.0310024924383601
ARHGEF3,27.9062230568711,1.23138750355917,0.234442275752299,28.2094556655757,1.08871401984733e-07,2.22762810977407e-06
HESX1,1.58151789676761,3.52477057809343,0.920615295188772,17.3467770622281,3.11425958985503e-05,0.000424400059270071
C3orf14,6.140186277836,0.943171844820519,0.327564336954128,8.68566094369068,0.00320723250376266,0.0235241227032179
ARL6IP5,181.586053898014,-0.448319620065248,0.0966429258479551,21.6783258711877,3.22413634806448e-06,5.33598323339343e-05
FRMD4B,13.884175282702,1.98323018703405,0.390589099784572,25.1580009406737,5.28200568174531e-07,9.74084164685499e-06
EIF4E3,6.38252521792642,0.985672969154165,0.357621995660245,7.74990223293339,0.00537154490702658,0.0347812312227239
CGGBP1,72.8427541075637,0.524516287679869,0.125389143920077,17.531308037048,2.8261542761556e-05,0.000387368636307042
TFG,72.6211102861013,0.551286425514367,0.145915020992556,14.1700495974952,0.000167007836279575,0.00187619562909017
BBX,88.3120167221553,0.726362444594983,0.11054344342287,43.4646406263955,4.31689728357207e-11,1.19260586433314e-09
CD47,164.098682584953,0.901480574636183,0.0833183831480033,117.325346684871,2.43636825998164e-27,1.28134923302738e-25
GCSAM,10.9161444422963,0.950791174501043,0.302102396666999,10.0750752571257,0.00150288483954074,0.0125387571806571
NDUFB4,146.913120359966,0.324607366978091,0.0954161339476471,11.5805860708656,0.000666439342398605,0.00630055836355538
PARP9,87.8672505883785,3.55877602388205,0.198747679960383,332.400028423,2.88445397204031e-74,3.86407984933702e-72
DTX3L,21.9550527903287,2.80833879818847,0.245558297326928,157.468671427412,4.04333702227476e-36,2.73406598649055e-34
PARP14,62.9775663021414,2.93455719119154,0.16488877047606,356.582095321239,1.56254527404819e-79,2.41175466211786e-77
ABTB1,24.0006948317911,-0.687559215031027,0.192018990700066,13.0808045501928,0.000298337286760701,0.00314272216023884
H1FX,22.4746302354875,-0.563569335026239,0.199716213757887,8.01326863514799,0.0046435847377081,0.0311736096757533
XRN1,111.164699654544,2.19032760795745,0.101420086008386,510.45155325447,5.05789361823831e-113,1.19703482298307e-110
PLSCR1,209.932734455386,4.56645683011016,0.207811535735373,441.634810965394,4.77144397962551e-98,8.46931306383529e-96
GPR171,129.283416415671,1.42642180313454,0.166359622459996,71.9027346288621,2.26070430153719e-17,8.23128232867386e-16
DHX36,56.5152007085075,0.429137674389858,0.124604166493002,11.8846097520273,0.000565996832879088,0.00548985999104033
SMC4,46.8463593689568,-0.859797191448213,0.15375325397889,31.3328772961685,2.1736730860839e-08,4.8993901305383e-07
MYNN,13.9873602320817,0.606421444917634,0.228332902447027,7.0753650884832,0.00781508965647044,0.0474654718228744
TNFSF10,335.012437192631,4.47811911844845,0.146577554353239,903.419299254939,1.77217956292559e-198,1.57280936209646e-195
GNB4,3.01377605502697,3.09671696179677,0.642694958756451,29.1998590225688,6.52839555114405e-08,1.37869792206504e-06
LAMP3,31.071360114492,6.43669924009517,0.535675358708866,428.156420045376,4.09397364163848e-95,7.08956411113004e-93
MAGEF1,10.1454996329488,-1.02528786373948,0.285613892613227,13.6308703400556,0.000222496713644375,0.0024117964379772
RTP4,91.5380127348997,4.08541778756414,0.173765750417992,734.570239150369,9.08727051317405e-162,4.30130804290238e-159
LPP,4.23239612653592,1.57153515387149,0.467422442301713,11.9908452144711,0.000534625364576214,0.00523564150136706
HES1,2.21099271337858,-2.14606404577751,0.731854621478531,8.81426770961556,0.00298884137902312,0.0221511208674991
FAM43A,5.22048642932694,-1.73264406398195,0.400896203818198,20.4198025356028,6.21830122500508e-06,9.76768555255222e-05
RNF168,21.6662198878915,-0.620748081756313,0.219912283283004,7.97283958606967,0.00474843925871553,0.0316860138504514
PIGX,33.486478852616,-0.433245965124199,0.16201446311058,7.6898758773372,0.005553144657684,0.0356808389769741
FYTTD1,45.666879452332,0.739649686869379,0.159451919656255,21.4197320126077,3.68954530691146e-06,6.02201647794744e-05
MAEA,18.4596377016983,-0.587287976907987,0.228759993919746,7.00024249639347,0.00814986750076436,0.0492879550727657
HAUS3,31.6099284830277,0.648223702152019,0.168262424271711,14.9608991879317,0.000109762189992817,0.00130756971300168
AC093323.3,10.2829194042387,-0.727296989946417,0.277865190232695,7.12449660002322,0.00760377608777548,0.0462611912795252
MRFAP1L1,28.4123494352528,-0.407428196352531,0.156773915132951,6.99049666872045,0.00819436123292253,0.0494727591443452
BLOC1S4,98.2310911255026,-0.323596267003406,0.111965431581268,8.52163110946555,0.00350949800748484,0.0251437294179035
WDR1,62.3257856917883,-0.39222571417599,0.119954478285117,10.9525882616846,0.000934729550089473,0.00846502526228987
CD38,8.81794372548386,3.25563233856235,0.415486394063803,81.6924218798022,1.590019984321e-19,6.48801257970062e-18
LAP3,102.119452011155,3.06710366025324,0.149261154560722,447.422874515654,2.62405502021308e-99,4.77712580602894e-97
PI4K2B,17.4441485683815,2.39500276045142,0.258651212003034,97.0306748180642,6.8261561157092e-23,3.20964956434009e-21
ARAP2,23.5781782705809,0.76133158939083,0.236933574051409,10.4998706419987,0.00119382902019538,0.0103899222364084
TBC1D1,22.0621770324541,2.07192713538564,0.263017439507665,64.7773940836699,8.38556757317255e-16,2.94740246383788e-14
TLR1,4.11707176982066,1.4175612884063,0.506908192468404,8.01606426295415,0.00463642191783064,0.0311729125157174
PAICS,17.0620465570331,0.969570268400621,0.262002418522314,14.0316400734403,0.000179760302560436,0.00199733669511596
HOPX,12.5232107420108,-1.09304059978475,0.393954496730596,7.88212734963747,0.00499257170250092,0.0327306178095628
REST,51.8755931941684,-0.417388868157471,0.134949173516995,9.9465964360449,0.00161147060096258,0.0132577534957524
DCK,108.090170846626,1.23190671021784,0.143187192195744,75.0679008223961,4.54800683572704e-18,1.7267833440461e-16
IL8,14.6025325284852,-1.90472073599879,0.381020190190901,24.0676063111206,9.30119036798839e-07,1.67185953449918e-05
G3BP2,90.5253513129244,0.357685920034201,0.109613248198716,10.6440073594968,0.00110428135497931,0.00973962437310948
CXCL10,200.618895403719,8.29174185586376,0.453214350900412,582.103847453662,1.30753253699185e-128,4.03629609245311e-126
CXCL11,13.7455737878613,6.83593271947478,0.768625973616733,152.664272473176,4.53571934546643e-35,2.98181549563071e-33
SCARB2,15.0880337401196,1.83680259774705,0.266824403070842,49.7223574459175,1.77116076221331e-12,5.37403479133098e-11
RASGEF1B,7.64866169223467,1.72684052823748,0.340863284130463,27.3819341313956,1.66983960308332e-07,3.29095801601108e-06
PLAC8,207.232422536784,1.45074946583505,0.156856278030386,83.8820455208707,5.25193440267743e-20,2.20643397982306e-18
HPSE,6.63027960267505,1.67509429541287,0.404849218499292,17.9635831266401,2.25171811768531e-05,0.00031470863455838
MRPS18C,87.1086276557018,0.331655189446287,0.103485210675495,10.2927370143415,0.00133554841928792,0.0113504256167739
HSD17B11,66.0938880446867,-0.49389195891685,0.138657145366878,13.1017390338713,0.000295021778073642,0.00312169094533958
PPM1K,139.497930267532,2.42405397222429,0.130292819860151,348.346693772764,9.70896332022625e-78,1.40680897088993e-75
HERC6,52.9881388094546,3.46769501533527,0.22953230455828,245.029603670192,3.14828258999319e-55,3.06202827245913e-53
HERC5,176.912210502076,4.17287032321527,0.130719044176219,1328.84001811846,6.10849048984577e-291,1.44567608259683e-287
PYURF,160.670573457469,0.329811648819111,0.0847267917595849,15.332031491089,9.01744946194608e-05,0.00109629950650372
DAPP1,22.1580447739633,2.21828993803625,0.252293161456439,80.4184246587684,3.02957159032125e-19,1.20842462310567e-17
UBE2D3,397.423630902657,0.286255863936358,0.0656257873951921,18.9806950806699,1.32047719693807e-05,0.000192513102633682
BDH2,13.144129786863,-0.636788201455033,0.237176573017203,7.48609131599437,0.00621773741602712,0.0393457537021324
INTS12,18.7722604062214,0.527471614688389,0.195177246394199,7.33661048199026,0.00675641185506924,0.0421163513353746
TIFA,22.574436957373,0.675846901039872,0.215081478221515,9.87728147501753,0.00167331983530272,0.0137347639660686
SEC24D,7.0573606800394,1.46974214766238,0.35211123838569,18.0776363949819,2.12077783009348e-05,0.000298503231769543
C4orf3,271.00400618838,0.808993191968923,0.0835949568317035,93.4616412556627,4.1414960576437e-22,1.89707238769486e-20
SCLT1,9.94848020510871,2.10479082342646,0.312018227431145,51.2426658195303,8.16251252335014e-13,2.53073532383345e-11
C4orf33,3.06790752854746,1.5635641499685,0.536860865238053,9.05659475587026,0.00261749002538191,0.0199829883658189
IL15,9.08948458868213,1.52038843784588,0.344204194565419,20.2089686080883,6.94266757994801e-06,0.000108574757307557
SMARCA5,58.2787126698413,0.482367792247405,0.136113043226781,12.6953639920819,0.000366563240581712,0.00373936639099161
LSM6,73.8546487653716,0.378733462151584,0.126184304040918,9.32436635093669,0.00226126503553873,0.017604146658251
RP11-18H21.1,16.2544514686793,-0.622458257017807,0.239491443442891,6.98364274270953,0.00822580099980216,0.0495362061904965
DDX60,38.2492585938776,3.64234323327227,0.248956713578339,256.173051305999,1.17144785480661e-57,1.20540286509086e-55
DDX60L,69.1870389925319,3.48052163922917,0.20717645300263,302.347562647372,1.01466590623006e-67,1.22103863292092e-65
HMGB2,150.391847350414,-0.7115358332231,0.129558807422487,29.9025854299146,4.5430663390027e-08,9.86415015502115e-07
ING2,14.5861072711572,-1.05192759904753,0.273833781319363,15.2048877915741,9.6453445144315e-05,0.00116465894647047
IRF2,55.6544745977336,1.32097957791068,0.122733398610799,120.407740358464,5.15073699791477e-28,2.79162081566373e-26
RP11-326I11.3,10.2053738919915,1.24690185836503,0.303979221780659,17.8509459148054,2.38900485695174e-05,0.000331287782897604
CASP3,18.6183595832136,0.585508639776687,0.206067439097881,8.09876252485432,0.00442954902634988,0.0301476135493642
FRG1_ENSG00000109536,70.0020431226296,-0.431002155377183,0.132231252080996,10.6978484196439,0.0010726020281963,0.00948377882963101
SDHA,67.8035413712299,0.40450694174899,0.115025232097615,12.3952815240231,0.0004304200967319,0.00428536969276248
ANKH,37.018253048922,-0.784325394165559,0.167261737842488,22.210078276879,2.44387597670445e-06,4.13131415109562e-05
SUB1,365.026010773892,0.51062032562419,0.0784576222737592,42.1297894199827,8.5412122951197e-11,2.29706845815719e-09
TARS,26.9070849147439,0.879456694398609,0.194647259192419,21.0141588466283,4.55901735887894e-06,7.30677725689401e-05
ANXA2R,133.79578186358,1.08535814407111,0.221517085406546,23.8989393506774,1.0152768360415e-06,1.81573439191301e-05
PARP8,25.3036863550244,1.44128007878492,0.184157877846526,63.9605783141703,1.26933911293692e-15,4.43956044426212e-14
IL6ST,25.4739404128905,0.661219469598845,0.194166752687566,11.8582717012234,0.000574057947871375,0.00556045215537075
GPBP1,206.965323965026,0.695942669695454,0.0897585616728671,60.1913035325603,8.60716477486083e-15,2.91004142388152e-13
NLN,1.9293342828553,2.10216274619366,0.735709191396015,8.67986775801431,0.00321744331804131,0.0235746620826556
ERBB2IP,16.682236937196,-0.858090507404092,0.207131271476338,17.5914177283855,2.73821308903985e-05,0.000376040869094448
CTD-2037K23.2,16.5131632592118,1.69512220808037,0.255556372551521,46.4787252957448,9.26185953350448e-12,2.65158075354362e-10
VCAN,1.29479375855931,-3.27149624474127,1.01872917404233,11.6742017248213,0.000633727260137286,0.00604522134470262
GLRX,117.320877489977,0.432897882338147,0.134814438940271,10.5508373285176,0.00116135464270453,0.0101672231358843
CAST,109.367308802369,0.73767957005674,0.141956606212864,26.9940236839508,2.0408548867334e-07,3.95903543601287e-06
ERAP1,8.19385568023236,1.07821967766473,0.297990096551559,13.9043538179412,0.000192352381172881,0.00211082211178896
ERAP2,45.9822012151511,1.4229897189315,0.390663676879372,12.9768985681569,0.000315357914827495,0.00328787253344378
LNPEP,21.6643505598082,1.20761486218405,0.249011379878199,24.9288113717657,5.94867332825221e-07,1.08296360591258e-05
FEM1C,7.0186517748324,1.36338134353708,0.384172258791805,13.0510078765151,0.000303121244113619,0.00318366987160753
TNFAIP8,201.582862479001,0.329921959038245,0.105060911103673,10.1636619271411,0.00143235834099963,0.0120352002616537
SRFBP1,17.6584698337754,0.86373608198264,0.228396922323965,14.4585500097175,0.000143277968534875,0.00165271633649531
LMNB1,19.8306260793954,0.793002749586121,0.198246919883208,16.1703968794132,5.78917968757621e-05,0.00073705868849994
CDC42SE2,152.47681210691,0.367035386371013,0.109999515458761,11.0823673974277,0.00087152463626848,0.00795350246466094
C5orf56,109.610320302575,2.75160178371422,0.132248950857903,461.442034901648,2.3338912935846e-102,4.47854815795964e-100
IRF1,145.231712733476,1.42004893403344,0.131033401330304,116.038090158681,4.66254853758023e-27,2.4163572713007e-25
TCF7,58.5236488124352,-0.641628085533663,0.179963945026369,13.0369831176574,0.000305399662922631,0.00320286204837619
JADE2,12.7638335669821,0.702350641684503,0.248830673325585,8.05179494028255,0.00454585926437976,0.0307094203397681
HNRNPA0,235.27889025871,-0.245143383938644,0.0844633508731904,8.56665668473468,0.00342375287404635,0.0247290390699177
MZB1,0.742933771373753,3.06069971129312,1.05633048230379,10.1982119594117,0.00140576891885214,0.011839809399585
SRA1,49.0573155099394,0.500511471063562,0.167797656442918,8.91426490478797,0.00282951683504509,0.0212588037342012
SLC35A4,14.4982913218887,0.692088254359099,0.245937907543998,8.45197528813841,0.00364647182337091,0.0258899499459334
CD14,6.04080687953905,-1.91278291334208,0.455429176599817,19.1400220140815,1.21470846668254e-05,0.000178559629677972
DIAPH1,11.6789498184913,-0.880918623115038,0.263013304416585,11.3993050518131,0.000734715857802215,0.00686379288209964
LARS,41.3717567675303,0.67474408301267,0.166228153908677,16.938472039343,3.86110733289797e-05,0.000514331370798792
ADRB2,4.57056225023156,2.95705445649002,0.53839323138959,37.0062665924098,1.17750198518117e-09,2.94375496295293e-08
CD74,348.131674042299,0.389233284499521,0.142484942088748,7.41374731825942,0.00647273653064057,0.0406833500296658
THG1L,10.8627403623404,-0.693072320560576,0.261525934790066,7.18259997778422,0.00736139548933028,0.0452123730681256
MAT2B,109.423072671499,0.436741067839563,0.110020043432692,15.7687886705797,7.15735590086099e-05,0.000891530296423035
ATP6V0E1,378.721102149019,0.209163546954004,0.0676020619174227,9.55962623880504,0.00198903602557524,0.0159033285828651
CREBRF,21.4054203164188,0.715832992007416,0.18946906751977,14.3742054006007,0.000149840929002678,0.00171072850427821
SFXN1,43.7587640800536,-0.409061256133098,0.142141149551458,8.28646796980912,0.00399416020736027,0.0278845009560058
NOP16,26.801482373518,0.924081796100054,0.202581050579548,21.6695442571374,3.23893018105146e-06,5.34800099661986e-05
CLTB,65.9347037305668,-0.430635050944878,0.142774141327194,9.40895296360223,0.00215928494025566,0.0169402464926135
RGS14,13.8913230638469,-1.19885923037205,0.288189132996539,18.0909219736138,2.10603131148737e-05,0.000297272809374957
GRK6,12.0223139727482,-0.824581868588789,0.281175790881596,8.97734311840219,0.00273347823929455,0.020646484573395
PRR7,9.81170831371248,-1.74914319391396,0.344263654254915,27.1607112933626,1.87225005829389e-07,3.64191107229771e-06
TMED9,151.512066760371,0.270061108863156,0.0845670891473965,10.2225908857233,0.00138730830972564,0.0117169828907494
NHP2,112.123375525382,0.531682645837766,0.14771773645545,12.982640153141,0.000314392336642298,0.00328262586788281
SQSTM1,109.466641690829,-0.47558844555542,0.139415288680778,11.6932314350809,0.000627278638884001,0.00600226190845877
RNF130,20.4468885328343,-1.0605687312606,0.257597809922862,17.1572702150026,3.44089896752734e-05,0.000465340622275127
EXOC2,11.5532390684335,1.39997090260525,0.29824620777112,22.5557178312603,2.04136047223372e-06,3.50936061812576e-05
SERPINB1,92.6495941893719,0.80719743414958,0.152605385042999,27.893999283718,1.28146573263474e-07,2.58477463116666e-06
RP11-420G6.4,5.0446321212548,2.08176529725201,0.464995327938175,21.9812769325348,2.75323246883562e-06,4.62780672150899e-05
RIPK1,8.70626095599603,0.92754305844271,0.290264462795827,10.4178806743472,0.00124801031113848,0.010731285333494
ECI2,31.9567141606954,-0.522064509511096,0.159734454384644,10.7299624308919,0.00105414586710262,0.00936725363758272
GCNT2,3.91928727960297,2.23266072718287,0.510646591426508,21.4962242075035,3.54526031628996e-06,5.79984982618865e-05
TMEM14C,34.5208273962267,-0.971606190667393,0.164878287945331,35.1936152289426,2.98500593124504e-09,7.18425156333552e-08
ADTRP,102.49046715039,1.03496282220645,0.2042961455859,25.6189429717533,4.15936094942439e-07,7.71477378714201e-06
GMPR,3.70199227730629,1.7036942135176,0.550542350222544,10.4315252722807,0.00123882392910412,0.0106873024260501
TRIM38,48.852374970125,1.51020843848374,0.168055620036676,80.7633993942402,2.54426970733102e-19,1.02638152966194e-17
HIST1H1C,45.2536525475419,-0.788296814836407,0.193064916917062,16.5977031613303,4.62069464967027e-05,0.000606412791361533
BTN3A1,17.2580691744235,0.673547186700047,0.218589228824054,10.3505248083926,0.00129437880436546,0.0110723970011986
BTN3A3,22.7101228984594,0.874970002334185,0.202395543346466,19.3328618164889,1.09800301235474e-05,0.000164122555530919
HLA-F_ENSG00000204642,124.502020302945,0.470711710292302,0.126996917416082,13.8696926387081,0.000195932738251419,0.00214348604250397
HLA-E_ENSG00000204592,1022.93330234955,0.807182902357882,0.0532136577782879,228.774835783037,1.10289332364519e-51,1.03033455235274e-49
GNL1_ENSG00000204590,22.5146794955054,-0.602942930171627,0.191897444052451,9.98398294613808,0.00157907749061271,0.0130461620064157
TUBB_ENSG00000196230,105.696889103505,-0.313404893569708,0.118693822976677,6.98509186905207,0.00821914341504332,0.0495362061904965
IER3_ENSG00000137331,6.78610494085656,-0.97215909583133,0.351389852047609,7.931645044335,0.00485776122466114,0.0322337427056954
HLA-C_ENSG00000204525,2671.36009629565,0.677754446061056,0.147828355439216,20.8398892689241,4.99321136514892e-06,7.93105160907323e-05
HLA-B_ENSG00000234745,5333.8607697002,0.624044558579799,0.195113427856387,10.1516785836533,0.0014416990909144,0.0120708296527031
MICB_ENSG00000204516,7.84574960382589,1.68589780818338,0.3851218042809,19.615765248757,9.46846871958635e-06,0.000143509407302813
LTA_ENSG00000226979,10.4536313364834,0.858139180603581,0.280922350162133,10.4037921151917,0.00125756794811804,0.0107965325654633
LSM2_ENSG00000204392,71.125488985952,0.434102513026867,0.114695266506853,14.4556532481571,0.000143498495911173,0.00165271633649531
NEU1_ENSG00000204386,21.7981830359489,-0.640766450388322,0.20370621819253,10.1080317993081,0.00147624536113088,0.012345514798621
ATF6B_ENSG00000213676,54.3210568840764,-0.397449420498515,0.135833208392938,8.71500171285939,0.00315602121969556,0.0231964292544912
GPSM3_ENSG00000213654,139.955226008433,-0.382462095374808,0.100284236310756,14.9682761962382,0.000109333898632605,0.00130465660553192
TAP2_ENSG00000204267,62.823994004982,1.83144157867975,0.163187688473512,127.434310253819,1.49260337401417e-29,8.41070155198461e-28
PSMB8_ENSG00000204264,342.28778000103,1.4803990424269,0.0830593094960791,316.556012041942,8.14871053910915e-71,1.01501482153816e-68
PSMB9_ENSG00000240065,561.517801220244,1.75236985170028,0.0734893523612853,556.818035055485,4.13815643164867e-123,1.17523642658822e-120
TAP1_ENSG00000168394,164.789804345307,1.81680063380979,0.13366696182225,181.005073267288,2.92398640944924e-41,2.20854292628613e-39
HLA-DPA1_ENSG00000231389,50.5661543608397,0.755544681896441,0.277082486062724,7.40990187215246,0.00648658612507439,0.0407203903519259
TAPBP_ENSG00000231925,113.186553073945,1.28961509170657,0.135471100107836,90.8297055115995,1.56584840182787e-21,7.03640737530246e-20
CUTA_ENSG00000112514,193.120652762663,-0.279131645212884,0.100969542014557,7.78397445120657,0.00527117045667989,0.0342239820297365
BAK1,26.2703612661395,0.920550338989519,0.168345159565727,30.4251395225429,3.4700191360475e-08,7.6512844304153e-07
HMGA1,79.4126320123162,-0.440785073896197,0.150188239705178,8.6676572842824,0.00323907329578427,0.0236842640577429
ETV7,27.7977055355093,4.46879856746059,0.534579859256689,64.8641383172109,8.02442542473601e-16,2.83449853311571e-14
CMTR1,7.0497316598696,1.86612053014393,0.367718368515032,28.5100245399166,9.32146170477226e-08,1.91832980011255e-06
CCDC167,29.8653980980632,-0.678078214890473,0.183941888209727,13.8018057354357,0.000203140893812402,0.0022155151245285
SAYSD1,35.5301904636807,0.641150900270454,0.147104527585988,19.2581472506924,1.14182073230589e-05,0.000169600987434556
CCND3,60.6518233458245,0.865971304206464,0.179790982650819,23.7268701372585,1.11021621339764e-06,1.97063377878081e-05
TBCC,107.669154611731,-0.368464612659686,0.11344754114052,10.5336332698738,0.00117221537097223,0.0102244829654826
KLHDC3,34.1054593443613,-0.456659357284017,0.147445730031296,9.74266345555613,0.00180039835921974,0.0146089466862402
MAD2L1BP,41.738568517415,0.747458649740668,0.140099760189208,28.7821256073129,8.09951833831347e-08,1.69037818745743e-06
HSP90AB1,462.368815388353,0.255983603539559,0.0784794695628672,10.6140272393776,0.00112232981018934,0.00984986607211903
SUPT3H,10.0202188476264,1.22797183932856,0.285551290324862,19.5666874610278,9.71484311782369e-06,0.00014675614071606
FBXO9,20.7697841986703,-0.55923527387229,0.189584865294708,9.05351101951931,0.00262190839570628,0.0199952197739147
EEF1A1,1259.77739075622,-0.591847343289642,0.112371288614951,27.5785833222163,1.50839712609331e-07,2.99989344405113e-06
COX7A2,292.116524993265,0.297213155686573,0.0655338294753786,20.545985344216,5.82157558703578e-06,9.20560950288509e-05
FAM46A,20.0247765016965,2.19893035693004,0.236221322737678,95.1796186708206,1.73871204299192e-22,8.06853300996252e-21
CYB5R4,21.102181698994,0.590753769573917,0.215578766105098,7.72141357790912,0.00545696527109791,0.0351902392595778
NDUFAF4,37.1750671681309,0.434528341636425,0.142637109579749,9.37872678952084,0.00219517964711848,0.0171838759587003
ASCC3,11.6883682578205,0.897262549215706,0.275942609378789,10.7857622151398,0.00102283777938334,0.00914628241010295
SOBP,7.05655546681028,5.03694567348825,0.701441434995611,76.2446174879636,2.50614833629929e-18,9.72330775285517e-17
SCML4,29.3487839147531,1.43118192831572,0.313720254399864,21.2857447597081,3.95662931532232e-06,6.413714186938e-05
CD164,265.275968056895,1.47136719123489,0.0908325992162339,259.108992329749,2.68371129157291e-58,2.8021103191423e-56
RPF2,24.3224156166664,0.820349940942786,0.180416438825118,20.9739246683693,4.65577092917728e-06,7.42830867351881e-05
FYN,161.97767286785,-0.393902162095116,0.137930045884387,8.12958439869101,0.00435487283956178,0.0297018224408152
FAM26F,16.5364724432006,1.82198461921394,0.361489104388763,26.3116290126558,2.90534017119901e-07,5.50077739080347e-06
ZUFSP,14.2229114714369,0.980692760168976,0.254274680836962,15.0311628468536,0.000105750461689288,0.00126615223945016
NCOA7,22.018379643752,2.20308885152838,0.226154349166881,105.283819265269,1.05836881423217e-24,5.18235764210233e-23
RNF146,16.0569894299809,0.710196611044333,0.213513491382492,11.3024447685315,0.000774051013278685,0.00718400286833812
L3MBTL3,13.6727542474102,1.2042167842881,0.252689068219958,23.8021897378512,1.06760937473307e-06,1.90452928658412e-05
AKAP7,6.10940262186509,1.42043480996461,0.374478063951051,15.0611299896023,0.000104084679419129,0.00124831287816861
SLC18B1,16.9389072616062,1.94990563427696,0.35735603406699,30.6621150376741,3.07103069618369e-08,6.83520938649034e-07
AHI1,10.1692381319995,-0.948527049828566,0.349942339197578,7.54438896727628,0.00601972322583598,0.0381948479923462
RP11-356I2.4,12.5159499913393,-1.08735891511276,0.272734226360352,16.5113906663503,4.83586827734339e-05,0.000629993848975011
CCDC28A,45.3183056967744,-0.5714477050102,0.185108461705474,9.68755430747788,0.00185520306392802,0.0150014940937878
STX11,28.1816981060871,1.06771572180056,0.267973263629228,15.5798650895975,7.90923666906885e-05,0.000969871854065438
UTRN,14.1195951111712,1.51851680241116,0.285186663950027,29.4753679360803,5.66318971989717e-08,1.21844384882636e-06
ZBTB2,16.6601886599922,-0.70198353289844,0.264183583440431,7.02315859884446,0.00804621711782554,0.0487025929552953
IPCEF1,22.2922167026039,1.46677345994231,0.229757287113085,41.1938803557532,1.37853467588133e-10,3.67954744314189e-09
DYNLT1,270.098927982706,1.71186128008237,0.104716864060719,260.917226831702,1.08288895656436e-58,1.14753904352343e-56
TAGAP,71.3608859325465,0.591885486465257,0.13096545211091,20.4328421904679,6.17607693285434e-06,9.72287055948244e-05
SOD2,132.530311454004,1.05199065871878,0.165212749440774,39.8584476315678,2.73050679331024e-10,7.075400814782e-09
QKI,5.32136593932427,0.983198564470666,0.364929743869782,7.45239730483571,0.00633520159351647,0.0399821611679706
SUN1,22.568279875136,-0.648973938085058,0.204863556788288,10.2914605073894,0.00133647265008774,0.0113504256167739
ZFAND2A,47.832079738317,-0.531572482408514,0.191597268112167,7.74767234968168,0.00537818153648016,0.0347812312227239
CHST12,76.9379974028135,2.72646355485243,0.153699021002293,333.348637898819,1.79250563599668e-74,2.49544902266205e-72
WIPI2,57.5939515380429,-0.370322796998857,0.135542729323208,7.47639647108643,0.00625130600731508,0.0394877870568835
ACTB,1351.74987336603,-0.321470534522324,0.101053990346136,10.0855503807376,0.00149436521000362,0.0124823446953243
CCZ1,33.9729195845235,0.696981971249784,0.207807020104008,11.8928268484901,0.000563505344196543,0.00548066841615816
USP42,6.1013501072429,1.00059573406609,0.350379029072498,8.76561916387145,0.00306961852061166,0.0226787632636241
C1GALT1,35.3391999884102,1.58121841577237,0.181062284833895,78.2830532084288,8.92845552293289e-19,3.48307880290239e-17
RPA3,103.204581508287,0.453011562321922,0.095727397466389,22.781614350639,1.81493730424351e-06,3.14294020978754e-05
TMEM106B,27.4825893731086,0.654661529408849,0.179076371378073,13.9833854248194,0.000184433220592177,0.00203650990078453
CYCS,163.922600441164,0.410119723775684,0.146388889331217,7.83622358126024,0.00512094776933664,0.0334486928815917
HOTAIRM1,3.149050969296,-1.49100288510897,0.52479773642518,8.60790925347361,0.0033470629731983,0.0242738989884657
GGCT,25.1397697826778,0.554767855018715,0.192355340063915,8.4835947026737,0.0035836329180823,0.0255459776288999
NT5C3A,131.19885551567,2.72287537711861,0.123345982540069,506.968746480344,2.89555924672732e-112,6.42452207867625e-110
HERPUD2,32.7775652728294,0.872419520444003,0.162910001844856,29.195244994044,6.54396055966083e-08,1.37869792206504e-06
AOAH,13.1161926818991,-1.64471522241669,0.312102529614373,27.930875430376,1.2572746906833e-07,2.54320521477248e-06
PSMA2_ENSG00000106588,225.925780657014,0.923756870844622,0.0866196536112549,113.095221400937,2.05657221371303e-26,1.035578916125e-24
BLVRA,22.8793025198557,1.03313775148384,0.216249778787346,24.0140644741229,9.56345612801834e-07,1.71466006335682e-05
MYO1G,13.7127756182751,-0.669177795913079,0.244458061422675,7.92778094305228,0.00486814641886679,0.032272492599397
CCM2,42.4342719204942,-0.710047732081944,0.14518725990709,24.6409629281254,6.90678792204963e-07,1.25417376589648e-05
NCF1_ENSG00000158517,4.18942722855664,-1.31206633368047,0.460618444422891,8.54819477511644,0.00345865048491125,0.024879856578389
POR_ENSG00000127948,16.2711526496699,-0.674523251502734,0.228673272945452,8.88840054450635,0.00286988028399963,0.021474883092843
SAMD9,239.336430385289,2.99185808428365,0.123835055036791,563.136504377083,1.74713797806577e-124,5.16861651844457e-122
SAMD9L,129.537553015344,4.50903741298272,0.173210079593997,868.061765330555,8.60891777019677e-191,6.11233161683971e-188
ARPC1B,254.391531192816,-0.249148397150246,0.0911378392503467,7.56363510383224,0.0059557741712471,0.0378228950052365
CNPY4,13.1454611099556,-0.846880784912938,0.252832321898652,11.7441241962906,0.000610356229756178,0.00587199082827759
PILRA,3.51909136093745,1.36071773306724,0.502841507516691,7.64187600189655,0.00570285753169681,0.0364449041179544
TRIM56,13.9927861060632,1.21860457712047,0.238084140888855,27.7837972101825,1.35657490272852e-07,2.72081407044422e-06
ZNHIT1,67.2788675249451,-0.440660473925848,0.127110785280822,12.2382425026708,0.000468199088400345,0.00463628107063103
ORAI2,34.5626652988816,-0.638591379359234,0.156301272809563,16.8510445312604,4.04310719597103e-05,0.000535560841257356
POLR2J3,12.1475295859935,-0.672950744767492,0.239032119990783,8.15236351485088,0.00430050754451741,0.0294725903147428
ATXN7L1,6.82989842540846,-0.998863483367335,0.354253888072719,8.42525132716082,0.00370045493165607,0.0261685557915918
NAMPT,25.1198895996074,0.50915055965903,0.190419775676404,7.14869813414589,0.00750184222431736,0.0458374180659667
BPGM,36.9096912488323,-0.495258698764775,0.167515662015203,8.79331107103546,0.00302337012502669,0.0223836578599474
C7orf49,12.0085946115591,-1.10199976034814,0.284368567524073,15.2517877840756,9.40876537931026e-05,0.0011399698667765
TMEM140,42.9797194189703,2.43475272316895,0.19547369777071,163.788174183312,1.68281513044542e-37,1.1829690520953e-35
ZC3HAV1,54.9937760334425,0.780297513739148,0.186328708957962,17.3822778187192,3.05662763117951e-05,0.000417347234257202
PARP12,43.7850628560144,2.78079917190036,0.185610452883467,255.169424037603,1.93866922577138e-57,1.91174326430233e-55
MKRN1,121.0518740602,1.21628070657381,0.0944247576462041,169.140077756794,1.14020989841358e-38,8.09549027873644e-37
NDUFB2,242.317803692231,0.353633454849928,0.0923401644135544,14.6493285389344,0.000129480763391752,0.00151451963769594
MRPS33,70.2469234679005,0.662476285149169,0.169905151776455,15.5883055311865,7.87400819631366e-05,0.000967222460100813
SSBP1_ENSG00000106028,185.545372305482,0.325493387229163,0.0727785460445307,19.9824696100861,7.81554144909629e-06,0.00012010897032161
EPHB6_ENSG00000106123,8.08692601113805,-1.66216306045096,0.353466002863181,23.5377205642805,1.22488656724232e-06,2.14733200677049e-05
GSTK1,89.1682224149364,0.556290871732904,0.126745774665158,19.2480011170365,1.14790501215952e-05,0.000170148759631161
ATP6V0E2,11.3436491961491,-1.07382050626988,0.363114751222495,9.50867685580337,0.00204502568946134,0.0162673054128956
ZNF775,30.4303588536412,0.965286675305684,0.188952616323034,26.2607081727184,2.98296232131893e-07,5.6327214046182e-06
GIMAP8,13.2544768494262,0.857417563563217,0.288976609770645,9.49288389686659,0.00206270344363422,0.0163633457539698
GIMAP7,1261.49920005744,0.970574117035892,0.131411346835442,53.8029967717389,2.21634408264314e-13,7.08830765169653e-12
GIMAP4,382.06598426077,1.19032819381252,0.150536484384595,61.6568152929811,4.08849543305348e-15,1.39559219109037e-13
GIMAP6,50.2812026512437,1.25634824248065,0.18175290415612,48.8177874886843,2.8088087269415e-12,8.41457466720872e-11
GIMAP2,103.978870293883,0.566402008334031,0.161782959276925,12.5023304518627,0.000406444698072738,0.00409327284583892
GIMAP1,160.890954716973,0.658171650411712,0.167104059219138,15.7612347889889,7.18599138847946e-05,0.000893485826987566
GIMAP5,345.623391554894,0.82344941213743,0.15091416839085,29.7685155875412,4.86834359598269e-08,1.05381827839869e-06
NUB1,123.203317310699,2.24492072273268,0.105716803562225,479.383655059085,2.9097731365094e-106,6.26042099067174e-104
RHEB,86.3332636883518,0.382395407867492,0.110267658233677,12.1394862968112,0.000493653719916205,0.00486797418250703
PRKAG2,23.4269079665202,0.987197467133402,0.187561841229876,28.7775737376617,8.11857692849274e-08,1.69037818745743e-06
INSIG1,36.629243388698,-0.527293496775272,0.189233316696554,8.49027801407844,0.00357049242281706,0.0254778856301519
SLC25A6,20.9475093828525,-0.66035118605956,0.212427858231803,9.94912424601421,0.00160925934377523,0.0132549203489607
PRKX,55.8691001216456,0.613968360213939,0.160695359317702,14.514286028638,0.00013910066537349,0.00161111700514157
MSL3,96.0085623464823,0.628153653398213,0.145794746087314,19.239791363955,1.15285193370902e-05,0.000170526015194458
PRPS2,21.4625160430719,1.42548609797139,0.220637550753362,42.6570754307687,6.52280612650525e-11,1.76763066786974e-09
TMSB4X,25064.3454867366,0.19094035225726,0.0494982809168686,14.8707244628148,0.000115136049082047,0.00136244324747089
GPM6B,19.4307402523025,0.732601459931721,0.262854363413106,7.98309818423256,0.00472160691544463,0.0315960500468019
ZRSR2,34.0820382315907,0.443396432455435,0.15600243692669,8.13854566743829,0.00433340262240549,0.0296122797103744
SYAP1,63.670514168594,-0.596736913040845,0.161961675869742,13.5473935626605,0.000232614233097281,0.00250616245066874
PRDX4,65.3529838373945,1.8323036153395,0.13400360191829,194.749814070147,2.9215589184757e-44,2.41198468850901e-42
ACOT9,13.3594725958959,1.36505463775848,0.397495212012476,11.6833185045023,0.00063062953365531,0.00602620415740606
SAT1,905.389354619423,2.65283327771352,0.191663593545525,170.795398351362,4.95959108345407e-39,3.59317313189019e-37
APOO,11.8324864438303,0.990387069171502,0.262795011548348,14.7868759881294,0.00012037031398584,0.00141964988255725
CXorf21,9.12517294134163,2.43897803947732,0.337336031475083,62.143904312904,3.19253722899272e-15,1.09502484665934e-13
ATP6AP2,142.543554412599,-0.300049538174841,0.0935924381931754,10.3168201940543,0.00131823218216573,0.0112628742399238
CXorf38,17.1455007970491,0.809133338605145,0.214722703113838,14.348005318912,0.000151940584068845,0.00173158611057592
DDX3X,59.961318461632,0.491355329314578,0.124102851489091,15.8586787693662,6.82527975393995e-05,0.0008592107491662
FUNDC1,22.4242519612134,0.827098687017905,0.186911532945064,20.1529249022161,7.14908433991593e-06,0.000111557140249238
SLC38A5_ENSG00000017483,18.0165904601388,3.12542175883028,0.299956128579459,133.201012805312,8.17057221102233e-31,4.87487921834106e-29
PIM2_ENSG00000102096,75.3836200889178,1.19542486415845,0.206101525868709,34.0273606705937,5.43425226918312e-09,1.28610637037334e-07
TSPYL2_ENSG00000184205,28.9396019722882,-0.628220564151803,0.213646324993829,8.87197121826573,0.00289582282252805,0.0215909625848781
MAGED2,163.181144727206,-0.307486730933408,0.109236885344853,7.94873070993819,0.00481211147453806,0.0320206105615935
UBQLN2,82.7961433806708,1.47775478886681,0.155399016361005,91.2302800103223,1.27888190177405e-21,5.78347866407375e-20
COX7B_ENSG00000131174,109.131804005509,0.315970631079663,0.112527602415261,7.88361012866221,0.00498848002715136,0.0327306178095628
ITM2A,261.616850359685,-0.775449895587317,0.105587341334469,53.8291383983188,2.18705004015248e-13,7.02626935976587e-12
BEX4,59.6504121608974,-0.399837784232874,0.120378151631455,11.21695588466,0.000810533392518525,0.00748346825342201
BEX2,37.7424075804862,-0.570665630391602,0.179555412380593,10.4559463606235,0.00122255263807729,0.0105984416731975
TCEAL4,16.0771755339071,-0.758898017578951,0.272605126895873,8.16835781063102,0.00426274839514457,0.0292703226359057
TSC22D3,257.631867823548,-0.782503426785723,0.0824065197741317,90.5212773982691,1.82998354138507e-21,8.12055196489623e-20
NXT2,5.86380548571839,1.02871723032604,0.346528756337213,9.13955206124791,0.00250142334845724,0.0191875948652707
LAMP2,29.1130982719186,0.669812145975956,0.184725094148361,13.1874515065695,0.000281829896220193,0.00299998840054479
C1GALT1C1,26.9420808796232,0.931196160001397,0.179840400150957,27.4904418503098,1.57872800845093e-07,3.12227544846842e-06
XIAP,14.2625246715766,1.05067997823033,0.241162892106806,19.7860935999246,8.66105382436947e-06,0.00013224404764091
SASH3,6.35962799457374,-1.07918951072101,0.393822812762687,7.99775584669754,0.00468353612724275,0.031370855191909
RAB33A,24.893077942895,-0.896403882780013,0.214671970427079,17.9853744169143,2.22608751648473e-05,0.000312356153498846
FMR1_ENSG00000102081,9.30834805578589,0.787127106718602,0.286005562316342,7.66493674427562,0.00563042343592048,0.0360144201757076
IDS_ENSG00000010404,67.2083514070807,-0.426850340149263,0.151914645809974,7.8908120745445,0.00496865506517901,0.0327306178095628
BCAP31_ENSG00000185825,102.576584831832,0.387355044587421,0.0977573882744991,15.7933147355411,7.06517069476336e-05,0.000883146336845419
SSR4_ENSG00000180879,264.230063546862,0.264457166092897,0.0782771247079416,11.4943636245079,0.000698075549628875,0.0065646839766424
TMEM187_ENSG00000177854,17.7878628857122,1.17547710768927,0.214987859791559,31.1763676233176,2.35617075688745e-08,5.27722787820217e-07
EMD_ENSG00000102119,42.8109844067961,-0.746784276361527,0.211238961053029,12.5523523572409,0.00039570785612132,0.00400788270821879
ATP6AP1_ENSG00000071553,21.12455234006,-0.723508182323603,0.207007765877585,12.4144184622901,0.000426031660732632,0.00425432460084625
FAM50A_ENSG00000071859,33.074094244443,-0.46126014826416,0.176965160987099,7.04026257890622,0.00796973463459057,0.0483220460338113
LAGE3_ENSG00000196976,59.1244088430185,-0.452480157990661,0.162721854526886,8.0935183141393,0.00444238405344362,0.030182705052105
UBL4A_ENSG00000102178,14.9873634669437,-0.940878063598897,0.237799233147986,16.291201868054,5.43155574785317e-05,0.000699891938471098
FAM3A_ENSG00000071889,8.56492103178378,-1.33861778005719,0.379828990429808,13.3170913411867,0.000262997828913887,0.00281217558025391
DKC1_ENSG00000130826,31.7154480062834,0.483919425987281,0.169440785829783,8.32116549191173,0.00391857692436055,0.0274911862932547
CTD-2336O2.1,26.4912907955215,-0.690760216193874,0.241388373380581,8.17458333032155,0.00424814265722103,0.0292265628549121
POLR3D,14.0038062008686,0.666800382550952,0.230546192597985,8.46139222463931,0.00362764076930505,0.0258078651924507
PPP2R2A,58.0155537363621,0.658704848811025,0.131880851878122,25.434191462681,4.57733124849487e-07,8.46329475633166e-06
BNIP3L,49.1304051876362,-0.784711189512934,0.143746903970011,30.0451183444572,4.22109808243542e-08,9.24993715595415e-07
WHSC1L1,115.245616686764,0.512146698642216,0.105391066462364,23.6193363703227,1.17401835889466e-06,2.06836981343724e-05
IDO1,13.905134336595,4.89563995898256,0.537784833673531,131.798593577388,1.65595626265045e-30,9.63712251214607e-29
AP3M2,47.317319537678,0.5705073424495,0.17687256899119,10.3516374174905,0.00129359888245885,0.0110723970011986
ATP6V1H,38.247539475821,0.81859070826574,0.185314127370691,19.4889164936886,1.01185098356555e-05,0.000152206397951598
LYN,3.19844839376471,1.56891957618712,0.503183761115741,10.3834051239971,0.00127152974324807,0.0109032139819581
NSMAF,7.02838768229401,-0.972549330395656,0.333372387367388,8.88808569460669,0.00287037521902929,0.021474883092843
VCPIP1,7.97441534051825,1.09937180358977,0.321853027461152,11.9496833604384,0.000546566685410236,0.00533785896342872
C8orf44,6.15343755374423,1.34332932127425,0.353535341741352,16.1692589958778,5.7926584251122e-05,0.00073705868849994
PKIA,14.258175310592,-1.11119600661813,0.409794322035475,7.30011592788823,0.00689501617900043,0.0428674385909834
FABP5,11.1665726561267,0.736304995193774,0.258910252667598,8.22189812908998,0.00413878871977731,0.0285850193681117
RIPK2,11.1572121844457,1.00035328258529,0.272085906161629,13.9401499058395,0.000188723948841348,0.00207742641360244
NBN,14.2281968587185,0.935599247413055,0.265956811677217,12.8213428139513,0.000342687688293987,0.00353645724838271
DECR1,46.6990386265427,0.669810085402108,0.13843915749252,23.5789858811805,1.19889695612146e-06,2.10697237338177e-05
UQCRB,248.981872864251,-0.241794377015537,0.0763831845148923,10.0442493162095,0.00152824266903238,0.0126758445679088
EMC2,23.3058871027761,1.00206449356687,0.22760836960881,19.6134990325957,9.47970591901678e-06,0.000143509407302813
NUDCD1,16.1988521563664,0.835473656230069,0.235595698652978,13.0056739044302,0.000310548559953833,0.00324726771085746
ENY2,97.7730586802138,0.396314269833512,0.110287061957811,12.9462857038054,0.000320556867404978,0.00333646813488986
EBAG9,48.7958812150371,0.699719908618667,0.137922850960308,25.8608792724256,3.66930752003567e-07,6.89208555350615e-06
MRPL13,38.04797207949,0.494691900084124,0.165884955668215,8.96810463531357,0.00274733452518245,0.0207290915290068
DERL1,51.3539441276004,0.796105279339727,0.125522527659549,40.5927687671153,1.87499269749984e-10,4.96733140009287e-09
TRIB1,1.34961182142927,2.50021980710297,0.860681989538382,9.44294304985359,0.00211963087458239,0.0167401326023748
MYC,148.12553285439,0.893799455960265,0.207832526761325,18.5605453195133,1.64592145286788e-05,0.000236081662936605
EFR3A,21.6320615647169,0.94872626278242,0.18389753787947,27.1914482113916,1.84271955503132e-07,3.60421731149376e-06
TMEM71,16.0147697164636,-1.36051008040745,0.240957961530599,32.5118838230046,1.18465906243596e-08,2.74871873963899e-07
LY6E,632.22970040753,4.0799784298725,0.129626557904323,877.653280822979,7.07614451648075e-193,5.58229178522371e-190
GSDMD,61.2664963443583,1.59026202679093,0.141845449606491,129.414158088287,5.50463378255577e-30,3.17747153302e-28
PARP10_ENSG00000178685,28.0208860923522,3.13183294086183,0.240474550563573,208.330626314148,3.17747830809088e-47,2.71808385390907e-45
SMARCA2,7.86500931032171,0.823892492156029,0.306701969681153,7.4766893516536,0.00625028919793711,0.0394877870568835
JAK2,3.6204122177052,1.85902522299179,0.511848381957943,14.2421140202879,0.000160732897349339,0.00181720313882215
CD274,2.77579357109092,2.63287712758778,0.635622956013277,20.0292398196773,7.62670073603141e-06,0.000117716467882224
TTC39B,9.04075117125543,1.11439990280344,0.368252819689923,9.39784180250514,0.00217241014280843,0.0170244061964016
PLIN2,48.9563763527281,-0.509177371541309,0.173692457165427,8.62727494245053,0.00331166602153319,0.0241157217978314
DDX58,128.706207431489,3.85595725952424,0.170765743145681,539.350916462857,2.60999345376062e-119,6.8633161191483e-117
NDUFB6,67.0431455497733,0.383927345677648,0.1313037353047,8.53011253178238,0.00349318101071543,0.0250521062384642
DNAJA1,318.098913230706,1.00762480907963,0.101121089217013,98.1609982390369,3.85712513297411e-23,1.83795895598095e-21
BAG1,68.8388272448551,1.40969383180499,0.121072445325853,139.175776432955,4.03140158707469e-32,2.44640609130173e-30
CHMP5,169.623564727403,1.90189674513624,0.116691490299356,263.280579583827,3.30708245817061e-59,3.55761900803202e-57
AQP3,43.79886576014,-1.15938730315846,0.201725019900907,32.6178440778209,1.12180083626731e-08,2.61140522540916e-07
RPP25L,40.4612181575969,-0.438526877935181,0.141378843490112,9.77060701316395,0.0017732389902987,0.0144215313071258
SIT1,19.1316004450946,-1.52740096982523,0.239306115436937,43.3103602288213,4.6710375415787e-11,1.28047747278798e-09
CCDC107,37.3570003964742,-0.881951253982727,0.163979847237791,29.2874393321188,6.23988598424584e-08,1.32644282898639e-06
GLIPR2,26.8375134570946,1.12855463921992,0.173131062988009,43.6225903865557,3.98215617966239e-11,1.10442612795324e-09
CLTA,96.8050969814863,-0.295797667041251,0.103280371877921,8.27617259202403,0.00401687126337933,0.0280155068467517
ZCCHC7,6.27233745513788,-0.914209308752015,0.358042093019161,7.26407699475482,0.00703474128409735,0.0436215398402543
ANXA1,1409.07638407352,0.4581359562752,0.142339547734073,10.3025487087387,0.00132846601094911,0.0113230596371413
GCNT1,2.76479106906214,1.68509103910971,0.598705490541041,8.51748901985768,0.00351749491563905,0.0251733756889099
PSAT1,13.9220291453357,1.89804334850393,0.376436598568145,25.9623126751734,3.48147847550231e-07,6.55663055068075e-06
FRMD3,0.981798638517561,2.66474011940056,0.960481777539469,8.91717475495616,0.00282501200331951,0.0212474419741192
ISCA1,47.0578596696026,-0.517740344667743,0.168055540651899,9.65725184285894,0.00188605556175754,0.0151481838104961
SUSD3,47.1325448230959,0.881304433891992,0.186629308307079,23.2564597944426,1.41773454222756e-06,2.4671360906411e-05
TDRD7,13.7490750573858,3.05635079941082,0.312885931696112,125.611582951477,3.7396018075978e-29,2.07431037765191e-27
ANP32B,180.075250575303,-0.361946416601136,0.104035118078728,12.1139717533826,0.000500454265744942,0.00492819041163535
NANS,55.1344327754393,-0.499932802554488,0.142268723982551,12.5057922228491,0.000405692277787408,0.00409327284583892
TRIM14,31.8238868214746,1.84610560515847,0.193039064620258,96.4971238989402,8.93735707057704e-23,4.17468652638796e-21
SEC61B,209.530103207173,0.347615163658558,0.0970306993167787,12.7959518122314,0.000347370204271335,0.00357957685098183
STX17,13.1829367393298,0.87912360781232,0.261633419024461,11.4241576938256,0.000724952836742599,0.00678150874950257
CTNNAL1,25.5582480486731,-1.00901210750063,0.211288622908637,23.0562812846864,1.57327674033564e-06,2.73111610180515e-05
TMEM245,19.557040256664,-0.563343436873628,0.197913215993947,8.26422401576264,0.00404339400109555,0.0281360797726191
TXN,127.60743668281,0.863600248422649,0.137122072111335,39.3512577367246,3.54024757437155e-10,9.04163948850287e-09
STOM,35.1276017352457,1.91143724838617,0.221068300119815,75.5316078418919,3.59604026042485e-18,1.38010193778467e-16
ST6GALNAC6,17.9098221445667,-0.692916933450362,0.233615471060537,8.87056485872584,0.00289805455540688,0.0215909625848781
DPM2,20.5271711949472,0.599196428071525,0.215190775285588,8.22445360402109,0.00413296471143652,0.0285725895337871
FAM102A,28.3985815132074,-0.59276498401169,0.175627396069744,11.4734149997792,0.000705988320324563,0.00662155491982087
WDR34,9.44558782689795,-0.958477036190914,0.353771187256577,7.81012503835447,0.0051954309350295,0.033845186624756
SETX,18.5169603837731,1.28803615487508,0.219390043654142,35.7075032515836,2.29279239865429e-09,5.61338828636051e-08
SURF2_ENSG00000148291,46.350183878314,-0.484997632871958,0.164515669918323,9.04622367597621,0.00263237979642421,0.0200535370757638
UBAC1,6.94922968246275,-0.942544521710899,0.3526936384831,7.38823046032293,0.00656520463844942,0.0411775202588259
SNHG7,95.4643633386743,-0.71615325950028,0.145619193826172,24.3556139926217,8.00929883882781e-07,1.44330004456034e-05
PHPT1,39.4707032185013,1.10691784834751,0.203896620102209,29.4088143699281,5.8610459260528e-08,1.25713168274712e-06
KLF6,185.893229531989,0.673784345336238,0.182727440519373,13.4316133535245,0.000247419239101965,0.00265760453498329
IL15RA,7.28434465231647,2.66460853484011,0.435059210082708,42.6739476292603,6.46678568836636e-11,1.75916392288893e-09
IL2RA,4.47598427064565,1.71505833488792,0.53266701788919,10.8119032135356,0.0010084957422182,0.00902940702364343
ATP5C1,101.402338560108,0.339218998311142,0.0957216962321173,12.7122760853945,0.000363263024955852,0.00371103234127561
OPTN,57.1260725763977,0.900783875614901,0.142447865609246,39.9125714469562,2.65588314307527e-10,6.90724187393201e-09
VIM,762.574842337719,-0.487338271370021,0.117663659245533,17.0544805595065,3.63225715797178e-05,0.000489355328683105
COMMD3,55.9726220767872,-0.555395430749955,0.164950834513347,11.3247012923803,0.000764828293168333,0.00711701295084557
BMI1,17.3548386081016,-0.806102682044082,0.284005545706208,8.26303298515923,0.00404604752786536,0.0281360797726191
APBB1IP,68.9516676239187,-0.444136249204342,0.114394526655289,15.0931976567377,0.000102331370625942,0.00122936164372959
MASTL,5.59386664250005,2.10703063288604,0.460656928840931,22.345726454474,2.27719230349598e-06,3.87723389803871e-05
MAP3K8,11.9564172740038,1.96267503065424,0.411969675627595,21.978561978421,2.75712991999761e-06,4.62780672150899e-05
HNRNPF,224.408543035987,0.357396119388869,0.0880349169237451,16.5289768246359,4.79122430089301e-05,0.000626476842289878
ALOX5_ENSG00000012779,3.33953922426045,1.54868800325915,0.577993633186869,8.23234201025623,0.00411503933953794,0.0285130816945904
CISD1,29.9664878056919,0.525756839795313,0.166203716087639,10.060389092553,0.0015149122896351,0.012609469233774
DDX21,58.8185126408441,0.679452442761169,0.186567601296144,13.1567180495291,0.000286490233515503,0.00304503092508992
PPA1,177.820779920078,0.542276929969023,0.153149619530807,12.5048545677269,0.000405895939440596,0.00409327284583892
PRF1,12.1539922200348,2.56741250494981,0.355479609205728,56.847866490964,4.70864558145429e-14,1.56221418823951e-12
C10orf54,16.1674812891262,-1.58462222029027,0.240016174322885,45.7422284441588,1.34883423362973e-11,3.80028692808376e-10
PSAP,90.2914258786805,-0.443904026942651,0.126128871510723,12.3659385970953,0.000437237700547354,0.0043418009424982
ANXA7,106.464000591023,-0.340646532993926,0.128216367379428,7.14699302251745,0.00750897798658475,0.0458415681038278
ADK,56.9076125690159,0.666992654560819,0.228168349415502,8.43925968767488,0.00367205707162037,0.0260195660763519
KAT6B,8.2836690124452,-0.854886464668553,0.308209518956475,7.84180282987477,0.00510516674548264,0.0333763203433948
RPS24,1053.03342081936,0.218831985594027,0.079220995537014,7.67479619760539,0.00559974174899718,0.035882821676787
TSPAN14,23.8567039162626,-0.499355621570834,0.189112870928207,7.15647594679642,0.0074693804844943,0.0457086958560763
ACTA2,7.21086130714826,1.99263589574862,0.417908791229876,23.7497540375451,1.09709394846988e-06,1.95222231431983e-05
FAS,24.6034954933826,2.03681250928689,0.227884847207381,83.2533180141887,7.21842619389788e-20,2.99712432612134e-18
LIPA,25.6929398926268,1.06058021026455,0.192010386747687,31.5989422980763,1.89532791178588e-08,4.31308595310249e-07
IFIT2,390.436986171445,5.66698665594207,0.395021211287965,149.806280380398,1.91118358670212e-34,1.23358213323501e-32
IFIT3,736.905385200952,6.5661035410817,0.360219236808894,227.436207095363,2.16011275889701e-51,1.99179228417777e-49
IFIT1,590.567952912614,6.4483470085503,0.287307201816445,376.300385966319,7.95125351098889e-84,1.2830431801823e-81
IFIT5,73.7929789787935,3.16547044524034,0.159579372846011,453.193339138363,1.45600216954766e-100,2.7204251062601e-98
PCGF5,50.3485592856978,1.61223282124504,0.146993272392328,124.606853729653,6.20464007272692e-29,3.4149569392528e-27
PGAM1,25.7775013365537,-0.477523093113463,0.179339758480183,7.18112851377462,0.0073674352415405,0.0452123730681256
AVPI1,5.1224771262732,-1.57871582747855,0.427619867164392,14.430167503142,0.000145453489283873,0.00166836797078433
SLC25A28,5.05354929349661,1.84047357825081,0.432089697897064,19.4949866850766,1.00864056643039e-05,0.000152045605555324
SFXN3,5.80496579942977,-1.29899787119597,0.454500299662701,8.38559613319195,0.00378206145481647,0.0266131182648136
NOLC1,25.3504872111523,0.561710865188128,0.18706437552318,9.03616892349791,0.00264689751068455,0.0201425212495823
FBXL15,33.4107404834271,-0.676033515475244,0.179613287561271,14.6375328862196,0.000130293651503335,0.00151902286645924
TRIM8,9.50912338218403,-1.5321668803527,0.304804783469345,26.7227546771491,2.34839669957015e-07,4.50638285593191e-06
CALHM2,4.53684139428865,-1.33184404741314,0.485716509914378,7.66953339055297,0.00561609783176817,0.0359551799869739
GSTO1,119.824019495195,-0.59044888462965,0.104475163071118,32.2439960037024,1.35976613511982e-08,3.13452583095802e-07
MXI1,20.2961360036166,-0.59618331406426,0.209688288146138,8.317742071206,0.00392596917298891,0.0274911862932547
PDCD4,230.892493599723,0.3736082799892,0.123622445678281,9.2741057284249,0.00232416133969043,0.0180542073433283
ACSL5,10.2733450787961,1.01102948287586,0.268759705826519,14.540169241388,0.00013720267953159,0.00159433555593173
CASP7,18.4235156405946,1.53702590143894,0.253395995531307,38.0892212941587,6.75824424775314e-10,1.69553124236916e-08
ABLIM1,45.232097818763,-0.548457637079801,0.17358509628615,9.98192335278705,0.00158084471347432,0.0130461620064157
RGS10,253.221978503303,-0.596053650300444,0.161492825843731,13.6749133159365,0.000217338529913613,0.00236672325519425
BUB3,138.16309361988,-0.234890977729347,0.0833506727136738,8.15570895669353,0.00429258160368682,0.0294466950591076
ADAM8,10.5862825048488,-0.832805683941372,0.297814720396121,7.90314588619425,0.00493488976733757,0.0326539770252533
ECHS1,39.0749247998912,-0.494095116482578,0.184006464198208,7.34296617625036,0.00673256578843041,0.0420415277905505
IFITM2,232.460120041902,1.43298898735935,0.14329855187368,98.9830860510013,2.54667559066314e-23,1.22171599281813e-21
IFITM1,72.859464539498,2.41009255815085,0.223649113072386,114.916518494636,8.20811767478617e-27,4.2230170645639e-25
IFITM3,145.335578154531,4.80522122674094,0.613388047274073,47.4842615627423,5.54473259437998e-12,1.60684087428971e-10
SIGIRR,28.2275513061633,-0.717315494386745,0.185797052477297,15.5555290679373,8.01169990110604e-05,0.000978857746962162
IRF7,295.955104075144,3.45794713988354,0.113055751389092,937.891515994157,5.68652459065937e-206,6.72905409894692e-203
ASCL2,0.985773374029561,2.4394281266575,0.934472324167502,8.13671297394994,0.00433778477216751,0.0296137229638358
RHOG,125.237594105898,-0.408138308591521,0.0963846599448495,17.9542376533092,2.26280077686291e-05,0.000315636257676358
RRM1,22.9851711167376,-0.522103795434712,0.192484518232408,7.43876042888029,0.00638338415966829,0.0402504685023489
TRIM21,24.4368716795608,2.51240785997675,0.222043515701704,146.595949663981,9.61743908828826e-34,5.93772326320405e-32
TRIM5,14.4947340290515,2.38806127794037,0.276111505925008,86.1399386918031,1.67642682428987e-20,7.21371542573215e-19
TRIM22,133.739091115751,3.47793908231666,0.14591287895742,606.824289193294,5.48877822651895e-134,1.7713784276493e-131
SMPD1,22.0925957449378,-0.797010232687821,0.224346503649104,12.943939690163,0.000320958836074616,0.00333646813488986
TPP1,14.604507591231,-0.959795162817344,0.245392034310866,16.015551390591,6.28243155130154e-05,0.000796522571682873
MRPL17,46.4893339909443,0.76327346669101,0.144263948902105,28.6430750009581,8.70246463299587e-08,1.80665201445236e-06
EIF3F,312.904778897011,-0.369565251339884,0.0976048923730989,14.3738469755828,0.000149869454881837,0.00171072850427821
CTR9,34.6340382323141,-0.480356631149682,0.179131241895646,7.23249556242867,0.00715956148217255,0.0443567945230586
PDE3B_ENSG00000152270,30.0929688055756,-0.516804309934653,0.179373150569295,8.31010834845721,0.00394250392971096,0.0275781063063525
RCN1,6.29002508249482,1.45516065201933,0.443476731316809,11.3705860853168,0.00074616329706486,0.00695244016950198
CD59,71.5817779816545,0.402483440814287,0.12931906781888,9.67256132537793,0.00187040372673272,0.0150696971085983
CAT,28.3301425787674,-0.551036059280425,0.208216319195733,7.18939999350273,0.00733354988898554,0.0451588935054617
CD44,380.335889800417,-0.577025084080496,0.113537965061546,25.673344940079,4.0437394135562e-07,7.53557738484227e-06
TRIM44,16.3521078943039,1.00867361238693,0.251084783418657,16.1798310707943,5.76041827855047e-05,0.000736918374373124
CD82,15.5838929691424,-1.3038511357503,0.282286996535305,21.4026645230337,3.72253498256712e-06,6.06192623307949e-05
DGKZ,7.08348710668199,-1.10315657809346,0.322953033440512,12.3929786043103,0.000430951262060903,0.00428536969276248
MDK,7.49470424068793,4.32987193897729,0.568938564743386,94.8990476245384,2.00346201695097e-22,9.23674046776098e-21
UBE2L6,343.972081182646,2.63050946033267,0.0897061650403676,854.651027877097,7.08641032347578e-188,4.57395575424346e-185
SERPING1,1.33904365558564,3.47093370974717,0.988641632262967,14.0754809577804,0.000175618261872587,0.00196360576266987
YPEL4,5.74017725182628,-1.38372561093869,0.377258470113816,14.2470417527589,0.00016031259507915,0.00181720313882215
C11orf31,129.632674140589,-0.359310513105618,0.113024861052904,10.3130108199773,0.00132095598387255,0.0112725811123739
LPXN,59.7510120341953,-0.470660366895882,0.142380818979488,11.2548073786406,0.000794170630762979,0.007341942029189
TMEM109,49.618136849366,0.639756971629333,0.134558497795099,22.7647909319069,1.83089519707482e-06,3.15601819657019e-05
CD5,41.7639952185714,-0.489054854327661,0.149564412054054,10.7240105663207,0.0010575420331193,0.00937396808382899
TMEM216,17.6087496206236,-0.696066273752263,0.228453405998167,9.32134898807237,0.0022649917859717,0.017613846309309
BEST1,27.6624929881791,-0.753757611616686,0.164266967449932,21.5120251855614,3.51616835199538e-06,5.76554163953054e-05
UBXN1,275.753277824895,-0.259738908091221,0.0774681233758132,11.5196029258778,0.000688660980854345,0.00648473867913242
RARRES3,270.913652282691,0.825482386327941,0.105419825170266,60.5543899265974,7.15732975748363e-15,2.43143738172889e-13
HRASLS2,1.12509760183047,2.98354243326397,1.04215052642525,9.45661370240965,0.00210389118181867,0.016652873345499
FERMT3,22.5281380867854,-0.579429409453685,0.194862466308527,8.92532133762293,0.00281243871984721,0.0211753074346927
PRDX5,124.650320556975,-0.35068441550957,0.103578839114049,11.5995477765776,0.000659678584494144,0.00625329499320217
VPS51,25.6199222269643,-0.521731050529831,0.185921524637499,8.08816924996013,0.0044555147186937,0.0301852619300814
FRMD8,9.05638174092336,-0.808792491290839,0.289584205122787,7.89905987192823,0.00494604974932621,0.0326965457996177
NEAT1,188.749643475548,0.391814208212709,0.0983250754888018,15.853888320864,6.84257940863284e-05,0.000859863961084835
FAM89B,8.7245288389599,-1.49335441430209,0.351570641094366,18.5159410638213,1.68489175419406e-05,0.000241184101910843
CFL1,487.330612688446,0.249407715124563,0.0747470403998447,11.1153680909917,0.000856153314236496,0.00784346907236015
CCDC85B,94.1678001612953,0.95602226423408,0.140235728276243,46.5586590698481,8.89164696080837e-12,2.56628835047721e-10
DRAP1,316.161942445856,1.94534280173273,0.0841862419111778,533.898579023217,4.00679967892016e-118,1.01600991858333e-115
BANF1,79.8963794735931,0.450533151377123,0.130644158193606,12.0257017611678,0.000524719390002525,0.0051457288246104
RBM4B,16.2688321032614,-0.655072113853792,0.243740511005325,7.68080545951037,0.00558112517653171,0.0358154002097927
RAD9A,35.8072038022923,0.80140191274445,0.156090142414277,26.7494726640269,2.316149290582e-07,4.45654741548298e-06
PPP1CA,146.977138395188,-0.377620339153273,0.0923866188109699,17.0341460082431,3.67136207876951e-05,0.000493686946198173
TBC1D10C,57.0574644950683,-0.663282337900035,0.14836705227083,20.3207474864149,6.54866185651517e-06,0.000102639071040304
UNC93B1,8.11817614194599,3.50070632219965,0.480922195679089,73.4825544176153,1.01529573808495e-17,3.75447903145996e-16
RP11-660L16.2,18.9211478830189,-0.84744008394062,0.218775593568351,15.6289378571171,7.7066145946257e-05,0.000949947285101432
STARD10,3.44490097095772,-1.6096321797396,0.487050690862607,11.9834757508732,0.000536743770831279,0.00524914707011306
UCP2,68.0522840732759,-0.721391851535795,0.194386513106382,13.9595592501093,0.00018678544962138,0.00205928057812391
TMEM126B,54.6086624421203,0.846146146506778,0.12696092246366,45.4279418120503,1.58358992470691e-11,4.44406658712216e-10
CREBZF,17.4790684356043,-0.587955730192097,0.205126016076646,8.25902293760514,0.00405499464672621,0.0281707064498592
ENDOD1_ENSG00000149218,7.40052278482266,1.14572445780421,0.349143850656311,11.8496276415565,0.000576728765407476,0.00557871149099875
CEP57,46.9938397881631,-0.435718139818573,0.133209303697114,10.8371839515523,0.000994819123387303,0.00891820173743669
TMEM123,355.174344462205,0.950183475453862,0.125378851419521,57.3557620467741,3.63696254463098e-14,1.21232084821033e-12
CASP4,115.919658944474,1.16781033578635,0.0920635043717665,163.529876030393,1.91630128488766e-37,1.3338959924218e-35
CASP1,94.9966648438214,2.3023570152279,0.162132565647326,198.029494466875,5.62148054708431e-45,4.69558963344689e-43
CARD16,154.896723274677,2.23055124785477,0.100644546557123,512.124353585574,2.18785238569095e-113,5.35646618565715e-111
ACAT1,23.3890443165833,0.563179772406222,0.176015449671177,10.4517136180412,0.00122535725768464,0.010609800645806
USP28,3.16197731190855,1.56831047292507,0.533841054126722,9.00757450616744,0.00268862988533586,0.020372755801371
RBM7,59.4740245698907,0.732205992983383,0.118994791859461,38.1483373204116,6.55655872573358e-10,1.65076478555704e-08
IL10RA,60.4303039176339,-0.515664669724237,0.173278121936098,8.91069014650597,0.00283506101976026,0.0212779421144798
AMICA1,71.3306920309022,-1.78256295139302,0.144739552904756,155.008320926266,1.39436156779705e-35,9.25230573024211e-34
CD3E,222.015413203754,-0.557795750835454,0.130652036485905,18.3658447455126,1.82296641439349e-05,0.000259379990825527
SORL1,16.8907992801702,-0.874247960502571,0.217344882453484,16.9624287592476,3.81268940576162e-05,0.000508836368062171
HSPA8,760.76739437758,0.412235775259367,0.0763504736099059,29.1038582891941,6.86002303483005e-08,1.43675998664582e-06
VPS26B,13.2358810504568,-0.620726081248429,0.233009741417695,7.21873857115806,0.00721463900368613,0.0446201541168742
PARP11,26.1092071622319,2.15745541412006,0.204567497925702,122.990412808249,1.40124332149759e-28,7.65294429433301e-27
CCND2,29.4916243179612,0.640309055014443,0.172057273661141,13.9239833571906,0.00019035403720962,0.00209212641515217
NDUFA9,76.5208789559731,1.01525955642076,0.124067677693392,67.2690176406509,2.36874789481088e-16,8.53711170211027e-15
CD9,3.19049625640165,-1.45827631502546,0.526040051502858,8.44257305124103,0.00366537266712929,0.0259981477888291
TNFRSF1A,11.5742354970207,-1.05290814570118,0.266676760188595,16.0666409258538,6.11518443355935e-05,0.000776704999611295
CD27,92.0097043826796,-1.14762359742663,0.21581208890514,28.3755355120149,9.99200615151163e-08,2.05038276519458e-06
TAPBPL,19.05452938639,0.840173517067986,0.293733042884174,8.61309740734939,0.00333754242933556,0.0242296025033563
IFFO1,2.50944388586989,-1.9018652841659,0.621949541133147,9.98048877433796,0.00158207682922872,0.0130461620064157
ING4,21.4743017564659,-0.582676125244186,0.19829934073652,8.86567462485996,0.00290582840838441,0.0216261862678504
PTMS,3.60146209079456,2.14922814253388,0.579360604289473,14.6110282417434,0.000132138990993144,0.00153801120664151
LAG3,30.7109569362049,4.24980273730791,0.342988701743803,183.254297257267,9.43864230247136e-42,7.20584519866093e-40
C12orf57_ENSG00000111678,84.8668294503866,-0.423841571021411,0.127598960534534,11.1804504948096,0.000826636991208521,0.00761235102150519
C3AR1,13.6370482388672,1.61554380982976,0.287579521792244,32.6795433137943,1.08674974728255e-08,2.53813263345596e-07
NECAP1,22.304282411984,0.548897874823133,0.187844674851981,8.73499953984577,0.00312159394688741,0.022990992762345
CLEC2D,269.109110850327,0.985968515673456,0.106338684584963,85.6308446313681,2.16866151433879e-20,9.2200579352128e-19
CD69,209.633481914397,1.57782167738316,0.173089480149742,80.5490472362094,2.83578122229031e-19,1.13751676148369e-17
CLEC2B,159.195473372058,1.08730715468666,0.0957977187109725,128.82814679354,7.39520091249308e-30,4.23434890957265e-28
GABARAPL1,54.8168615932416,-0.644287237895343,0.229385830302549,7.80994408909365,0.00519595118605409,0.033845186624756
MAGOHB,46.471604037509,0.624224685083731,0.156617465111252,15.8264413597441,6.94255184411661e-05,0.000869349525453755
ETV6,7.13298835109181,1.01811765846199,0.366512642891566,8.05842966031327,0.00452924229905178,0.0306515304226708
BCL2L14,12.4209095980291,5.83035166462843,0.642961869159057,188.471828385388,6.85337994148433e-43,5.46730309938637e-41
CDKN1B,42.5945446508726,-0.54457517793527,0.145461272893593,14.1758856354115,0.000166490614103246,0.00187334922366568
EMP1,2.52315242218626,1.89511873873456,0.646309029620816,9.06500801990676,0.00260547392190602,0.0199126639887328
ARHGDIB,1000.18662803116,-0.339377598644091,0.057646926448732,34.657734114862,3.93073790009175e-09,9.39671349853584e-08
LRMP,13.4491274681654,-1.08865610848836,0.241498595966472,21.1141237392156,4.32726971405572e-06,6.96680611559991e-05
CCDC91,35.6668775092735,0.416468600356371,0.147044811577888,8.09048275016539,0.0044498307896395,0.0301852619300814
ERGIC2,81.0282920716882,0.38350616307177,0.128131193037054,9.0282034869569,0.00265845621764784,0.0202045333520759
NELL2,49.0661668189133,-1.54189815678156,0.203601886971929,58.0138662356044,2.60276654042132e-14,8.71681247027894e-13
FKBP11,70.4225829189105,1.42547686128292,0.168800007922084,72.0454331216935,2.10299316037726e-17,7.6965213601436e-16
TUBA1A,80.139553098396,-0.370748077833599,0.121807447574174,9.24776939558033,0.0023578244914511,0.0182557839578002
TMBIM6,560.306636096376,0.238995121598534,0.054992303418028,18.8593571692676,1.40719104210105e-05,0.000203483837045162
EIF4B,41.5029002577644,-0.422771523437849,0.154610138750499,7.97926974974587,0.00473160244097807,0.0316331236637893
HNRNPA1,616.083106668157,-0.421072516345005,0.109588987533486,14.6944216785372,0.000126419990469528,0.00148115830418093
NCKAP1L,15.0680715952259,-0.796071754185286,0.250838743552045,10.2987297972789,0.00133121809854776,0.0113329118701308
TESPA1,54.0818484075626,0.403513799911267,0.152375807269369,7.58989512694519,0.00586963638150229,0.0374433228289904
ESYT1,11.8264354881985,-0.966641617231623,0.314771282713943,10.1579441656514,0.0014368075408958,0.0120583138774943
IL23A,33.8433242772068,-1.05273222983533,0.220459795622509,22.4718038667397,2.13250993278981e-06,3.64839048742354e-05
STAT2,23.1675472142825,2.53663853006908,0.225652240800827,146.613888732334,9.53098541687736e-34,5.93596460173941e-32
MARS,17.8691726184259,0.817443187886838,0.21140121784682,15.2159759652781,9.58887726486426e-05,0.00115981309336518
RP11-620J15.3,20.6185194984592,-0.666598980642694,0.225238691738356,8.87071566768678,0.00289781515511734,0.0215909625848781
USP15,86.4194289429524,1.14823502831258,0.140636955592125,66.8280839518754,2.96247493549833e-16,1.06230161828476e-14
HELB,12.1895103486513,1.77389868285105,0.270086022533528,46.4164288330903,9.56104951663816e-12,2.7262430348647e-10
RP11-81H14.2,1.91068347090862,2.43573686489028,0.885447619128612,7.89742093423872,0.00495053334289986,0.0326965457996177
GLIPR1,137.717343227564,-0.654872775236779,0.14983605356392,18.9395668569287,1.34925103189426e-05,0.000196304965705928
PHLDA1,26.131852358324,-1.10610894301767,0.307054403004007,12.6843693698793,0.000368724928285697,0.00375602150764483
NAP1L1,268.556233033804,-0.314208303168544,0.0719483390535859,19.0995751985863,1.2407250022252e-05,0.00018200718007849
ATP2B1,28.4498250105753,-0.469151503435944,0.175604694534519,7.22352944943337,0.00719540926813781,0.0445400224967554
BTG1,1882.66063688447,-0.262292475515384,0.0810923034992346,10.4370010656242,0.00123515655740594,0.0106816218728163
MRPL42,31.8689087841151,0.518309730226269,0.161163617311049,10.5389482677096,0.00116884914730273,0.0102076616800115
NEDD1,17.189715964303,0.818315076954135,0.205479782236982,16.4218891162057,5.06964095399227e-05,0.000658033834978887
SLC25A3,205.36343482699,-0.279129459354373,0.0991926972065689,8.00990832941903,0.00465220926444915,0.0311904492706223
C12orf23,15.2328093166838,0.711712780366412,0.23523483351092,9.46604578738376,0.00209310070757747,0.016585954267634
CRY1,23.8168510332674,-0.603154489136304,0.178966773653871,11.4628446806146,0.000710015302593732,0.00665053911400461
ISCU,318.262976692056,-0.349829008548975,0.0909117167354279,14.7825537984961,0.000120646529110783,0.00142054785520159
USP30-AS1,26.8626093773278,2.16742823574835,0.210850820975015,113.343449321581,1.81457085717457e-26,9.20246648995674e-25
GIT2,24.9664191964872,-0.503542375940197,0.174299440568673,8.38757253733712,0.00377795119158721,0.0266105689089972
PPP1CC,93.7613366822327,0.511917981093175,0.124017798936902,17.0144191377338,3.70970276181459e-05,0.000497899614534662
NAA25,9.03877126923726,1.15507337231484,0.31260001964922,14.0402645090602,0.00017893777230047,0.00199291663366526
TRAFD1,15.5962748138687,2.36522181705847,0.274426521421242,83.2754954291886,7.1378962524035e-20,2.98112137600382e-18
RPL6,1923.4475462491,-0.430380818457679,0.105774561359349,16.512889717726,4.83204655416667e-05,0.000629993848975011
OAS1,297.467086314018,5.00038755259769,0.289926205211709,238.006096174498,1.07021976658874e-53,1.02683247875406e-51
OAS3,57.8725369526316,4.95368671919252,0.256967900452135,730.731958976131,6.20926128675592e-161,2.75535969599794e-158
OAS2,62.0588847890111,3.71920334531994,0.226784562740286,287.839720734645,1.46983161361381e-64,1.71078761584558e-62
SDS,1.44765839455551,2.87336604834879,0.836980555240308,13.6070056821312,0.00022534302129755,0.00243521377657931
SUDS3,22.1643925478421,0.798844138333227,0.214321248365314,14.5007594633952,0.000140103047660386,0.00162008410161032
COX6A1,308.749030479649,0.361922573667434,0.072179846573676,25.0517859271258,5.58110387141892e-07,1.02392344927841e-05
OASL,244.855822684356,3.20338150801502,0.31707068275893,87.8895971879603,6.92117246900789e-21,3.01474383619362e-19
KDM2B_ENSG00000089094,11.777135673658,-0.937205146430867,0.299925558285504,9.9222906887873,0.00163289030924699,0.0134184273097843
RHOF,36.5920608221436,-0.57195068607164,0.162486111863816,12.4889074588038,0.000409375539528785,0.00411694947684755
ARL6IP4,136.214794136712,-0.357062232828682,0.102283198689342,12.4562893413354,0.000416586711231093,0.00417174280640445
UBC,1228.26408694452,0.32516716864599,0.103676044081019,9.79619787958927,0.00174873059315607,0.014254864766255
RAN,368.3890388863,0.259368365630485,0.082521268855859,9.87236385763413,0.00167779810027499,0.0137556195288134
POMP,130.608046751863,0.659295453832303,0.120024770752302,29.9315502789108,4.47570400270674e-08,9.77769182129779e-07
UBL3,18.7592112632779,-0.580417365875983,0.214486048625559,7.34789736831104,0.00671412356742409,0.0419632722964006
HMGB1,471.668840504709,-0.297323283644225,0.0693996113212967,18.3707031229549,1.8183239641565e-05,0.000259379990825527
BRCA2,5.19495149913008,1.72308215232531,0.407865545363293,19.4394321806486,1.0384080541193e-05,0.000155870976411143
SPG20,36.9921965372916,0.435059974034981,0.151941801901582,8.39273227804424,0.00376724204837934,0.0265614881266071
ELF1,125.583727395209,0.975176726161417,0.103376991225149,88.8883041127276,4.17745962429977e-21,1.83086193410669e-19
RGCC,535.62774166583,-1.07048724951987,0.142869131646599,55.270533524943,1.05031358934194e-13,3.40512624855149e-12
EPSTI1,195.938117602591,3.83209037647768,0.214681510801012,284.081886412054,9.68511789529779e-64,1.10910221059055e-61
LCP1,63.2660480358147,0.415855518868705,0.141287654611718,8.65273608926987,0.00326570587686633,0.0238544359318425
ITM2B,695.645890544301,0.292338223859407,0.0873367397371339,11.2869690250469,0.000780530057834242,0.00723467808175342
SETDB2,16.2371956248011,0.814620788372178,0.226640813861985,13.3891916062339,0.00025307844252019,0.00271019146590248
PHF11,111.753590316628,2.09996578244548,0.12225713895444,300.51104143928,2.54937054742955e-67,3.01675514779164e-65
RNASEH2B,52.3926063377987,0.359674779925928,0.13247424243516,7.42750850220403,0.00642342167165838,0.0404669865738904
DHRS12,12.3356036053276,0.77124791512923,0.260218582766096,9.01577218626208,0.0026765978612963,0.0203032530076963
KLF5,12.6564734506118,2.50873965720289,0.315632382658962,70.966509462806,3.63340523331429e-17,1.3161825079863e-15
UCHL3,42.6864893276895,0.594461532898165,0.149871595342131,15.7692408009579,7.15564559638327e-05,0.000891530296423035
IRG1,1.0942432911276,3.45100530493398,1.06955374125643,11.9341886383786,0.000551131249649905,0.00537504378092627
MYCBP2,47.0401496564103,0.97831159165657,0.155256452439819,39.6407402031049,3.05248606006446e-10,7.8524097921948e-09
GPR180,6.27495172331497,1.81646719093893,0.368727734728532,27.5607754447923,1.52234885721666e-07,3.01918348777605e-06
TM9SF2,37.853663219229,0.446147577397871,0.161122369243722,7.7832154738005,0.0052733854000749,0.0342239820297365
TNFSF13B,65.4919011904865,3.10908014233466,0.19852366177358,255.283361501979,1.83090713564989e-57,1.83090713564989e-55
PNP,14.3008040849326,-0.828060307780148,0.293685296214223,8.53229978589849,0.00348898558304638,0.02504731813916
PSME1,441.36734706172,1.16280682748312,0.100736827724269,132.005725209669,1.49188307996807e-30,8.75402468411018e-29
PSME2,563.153464536508,1.93862104463911,0.130533374680627,209.820107265432,1.50353443615114e-47,1.3018407922772e-45
RP11-468E2.4,5.97440567730349,1.83363405526142,0.404222359514433,22.1375992364069,2.53790029739295e-06,4.28006938515201e-05
IRF9,68.5609642418294,1.96938301868637,0.158431805155775,156.416722909457,6.86444085500354e-36,4.59788019533256e-34
NEDD8,216.937140282851,0.259041713827625,0.0864482369327169,8.97835737041612,0.00273196134833945,0.020646484573395
TINF2,64.9203908058336,0.544109910099198,0.141009619412782,14.8813126661661,0.000114491578381134,0.00135707880885819
TGM1,11.7764774550153,5.96045602013221,0.859719892590943,50.9837915684146,9.31318311930448e-13,2.87493913682877e-11
SNX6,102.979473250235,1.07662730890576,0.120069182908085,80.2454882722626,3.30666633295096e-19,1.3115827354163e-17
BAZ1A,180.972787219447,0.520767164012537,0.0969112322003582,29.1559861352359,6.67790996046016e-08,1.40275623429784e-06
RPL36AL,893.535917470406,0.220638553713849,0.0746870210421052,8.70934375981028,0.00316583151493695,0.0232444713092578
DNAAF2,19.8089222222573,-0.645700468590691,0.203018715740527,10.2846321122202,0.00134142762709977,0.0113653176043059
KLHDC2,52.4028184274936,-0.425440676881112,0.128996173485155,10.9830133856566,0.000919507960349427,0.00833781164556952
TMX1,58.7994654484736,1.22035540167205,0.143358469984332,73.7979002068879,8.65386085760053e-18,3.21688021408187e-16
PTGER2,10.7591344098676,1.17823992234083,0.401323885870596,8.73643972243147,0.00311912937849873,0.022990992762345
GNPNAT1,10.4551883429938,0.75326561440352,0.272431727322742,7.79209792931124,0.00524752281052039,0.0341497818099861
CNIH1,97.8608789198135,-0.303480932399928,0.104931849898653,8.38267176328691,0.00378815151749763,0.0266295799744883
SAMD4A,0.763872115658975,2.79627585666753,0.981861152945186,10.0580355506941,0.00151684880003722,0.0126108038410588
GCH1,16.8122844824171,1.83356398474206,0.263061106089533,51.3184138299403,7.85355109579254e-13,2.44562336754943e-11
PSMA3,139.651536017349,1.09827280181696,0.0824704413077011,179.869273210051,5.17563135053649e-41,3.86810343040096e-39
ARID4A,26.9865483986893,-0.447300813574801,0.163399112233873,7.53649247696548,0.006046163154616,0.0383283557122979
HIF1A,61.7786485487776,1.03654997601816,0.152691389938013,46.2757028486632,1.02730022725337e-11,2.91753264539956e-10
SYNE2,137.649044014865,1.25535256487528,0.136248166205821,83.9030639612336,5.19639335197536e-20,2.19609480946578e-18
ZBTB1,31.7213400847888,-0.648057006864967,0.177786565048049,13.6511938571058,0.000220101330411376,0.00238947927510821
MAX,114.103008617524,0.435162943732196,0.119501556726667,13.4652800156879,0.000243018891885574,0.00261429413998117
EIF2S1,90.9657647433877,0.365900351833663,0.127429021122652,8.2300052313322,0.00412034110121828,0.0285130816945904
ZFP36L1,109.204033758647,-0.676932313444917,0.103931802915448,42.571311662599,6.81516556578685e-11,1.83983557099189e-09
ACTN1,22.2015277314308,-1.0319432390177,0.328868257458841,10.1940565021958,0.00140894030253967,0.0118524598910328
ERH,234.439523637503,0.370795845348912,0.0833516491575247,19.7295690980582,8.92103064959126e-06,0.000135630230432758
SRSF5,202.834270388216,-0.587348857035374,0.0880969616292124,44.3129187099036,2.79863239930038e-11,7.79227060197361e-10
SYNJ2BP,27.9585140971876,0.703573867632613,0.186393757298013,14.4540148407149,0.00014362337741093,0.00165271633649531
PNMA1,27.1440890840811,-0.697849018141573,0.177215314776478,15.7580171609743,7.19822384558996e-05,0.000893485826987566
NPC2,103.8522899694,0.630668420398485,0.135193890668927,21.757063458738,3.09448452153728e-06,5.13337385582118e-05
SPTLC2,11.4842162358773,1.10930006363543,0.27858023145717,16.4767793370043,4.92495753039041e-05,0.000640424880325492
RPS6KA5,15.5551398250282,1.39859691616138,0.260225530913631,30.6146405222087,3.14709999540614e-08,6.98262811480737e-07
C14orf159,11.6093805369781,1.7724070547731,0.298172034838959,38.344030809911,5.93092278746478e-10,1.50391256396428e-08
MOAP1,26.7472552378508,-0.929377979084414,0.20855819652816,20.1223457480261,7.26429801505381e-06,0.000112858896951602
IFI27,123.072928650225,4.19869303227882,0.996627023847549,13.8522491903647,0.000197759894084855,0.00216014653538842
WARS,18.7417332022128,1.98386464533598,0.257523809313648,62.3977583339862,2.80642492323697e-15,9.67262958979733e-14
PPP2R5C,210.820187107849,0.371075006686681,0.0902364858121297,16.9282314799519,3.88199222337621e-05,0.000516145033445152
HSP90AA1,421.561729414277,0.582090624639261,0.100513701086715,33.3098430039344,7.85838787180072e-09,1.84140441880479e-07
SIVA1,100.987678578238,-0.347431315441837,0.115238412952152,9.15464548540612,0.00248087437222485,0.0190629957173122
CRIP1_ENSG00000213145,16.0586975550251,-1.09519834085158,0.240611538234229,21.0386711257535,4.50106299580739e-06,7.23021431453223e-05
THBS1,1.9078660859033,-1.96415084525119,0.66689642999699,9.67933726471451,0.00186351835571133,0.0150352049153982
GCHFR,27.4181806004512,-0.885802899992388,0.196158417478286,20.6129360649958,5.62149838396009e-06,8.90907109957961e-05
EHD4,25.2618498606569,2.08501470574455,0.223267577786711,92.0386266241471,8.50010594418601e-22,3.86863796177697e-20
CCNDBP1,104.870802254631,-0.53687745652402,0.10251184816688,27.5942535675457,1.49622616863183e-07,2.98404657227134e-06
PATL2,8.036768065264,1.72634272343119,0.350858744548665,25.617889884211,4.16163149362731e-07,7.71477378714201e-06
B2M,25464.9880088526,0.728404291535717,0.0399272376430874,329.58668168171,1.18252085108092e-73,1.55479593382862e-71
TRIM69,39.0897205461084,1.33700597357483,0.156510606056272,74.6993605577835,5.48138743003217e-18,2.07009844432066e-16
C15orf48,34.3942679849143,0.765525403683581,0.196435180793733,15.2775432189163,9.28133917654935e-05,0.00112645313082907
SQRDL,55.9803235614407,1.68497590507945,0.141324356129195,146.703847087932,9.1090305548706e-34,5.72337318049392e-32
EID1,135.712311961922,-0.288417837206147,0.103050584854178,8.14043397378924,0.00432889221064445,0.0296099563541191
SPPL2A,29.9623139895928,0.760486486656102,0.1740724761878,19.2171327049621,1.16661664476448e-05,0.000172203288520329
LYSMD2,210.983081913294,0.652591494703456,0.0926341346905474,49.4048168643043,2.08233723124977e-12,6.26465861943787e-11
RP11-139H15.1,27.3968784405162,-0.560311201398536,0.181257047784321,9.7244128038494,0.00181836405289041,0.0147378821638378
CCPG1,20.3773036365784,-0.800029246618951,0.225057827091355,12.7622224172782,0.000353690410347945,0.0036341561700006
TPM1,8.95755018452447,-0.849687873878652,0.304977552587022,7.84218130040111,0.00510409803027084,0.0333763203433948
LACTB,30.9233996870445,0.681058806691643,0.183305569766148,13.9969166836293,0.000183110660778955,0.00202821480738
PTPLAD1,35.5948950601108,-0.444986848406875,0.15265646226807,8.55115073037112,0.00345303877288241,0.0248646808189302
RAB11A,81.4093576107528,0.511224579795547,0.107964336734465,22.4775359882902,2.12615565213871e-06,3.64630558700117e-05
MAP2K1,40.7108699863527,-0.510209370940829,0.144831089271339,12.6439100190011,0.000376791088614736,0.00383268872373156
RPL4,1063.1734741164,-0.498582686733768,0.111048582128169,20.065117695541,7.48494943657187e-06,0.000115780263615818
ANP32A,51.613864031375,-0.459897871187739,0.142668747406935,10.8758014902538,0.000974288572447122,0.00876736231226181
ADPGK,43.6882211820658,0.598498541760592,0.134441827308941,20.1291126163921,7.23864280072486e-06,0.00011270693834462
PML,16.6695682225275,2.540961720062,0.27491729360467,97.5738529900686,5.18845552545117e-23,2.45586894871356e-21
UBL7-AS1,5.78641335410176,-1.13823520093555,0.376445313816965,9.58080756156949,0.00196621902367088,0.0157386190169823
COX5A,137.719017667536,0.292300051742365,0.102870704027773,8.10388367907345,0.00441705161291292,0.0300969927559325
IMP3,119.73181271984,-0.419547435785067,0.0915472546859298,21.2113012935404,4.11331947574511e-06,6.63740188131598e-05
PSTPIP1,7.20577882988266,-1.41030636818605,0.386009744350946,14.1800408357309,0.00016612334059797,0.0018721836797549
IDH3A,22.1144448607113,0.973674286850599,0.222751204721984,19.8473538625899,8.38787632174007e-06,0.00012834896957835
PSMA4,193.886767391291,1.0046275265152,0.105411222445859,90.2355794612365,2.11425672926668e-21,9.32374085577229e-20
IL16,51.7134888290787,-0.897156135659835,0.146461746416559,38.1625756631519,6.5088892863457e-10,1.64459480188806e-08
NMB,15.6497574305275,-1.79677713559741,0.302239185467875,36.5808634022955,1.46462526389899e-09,3.64871556971327e-08
ISG20,1618.60557759462,3.06180846218833,0.0740815546172315,1548.10297198324,0,0
HAPLN3,27.3702933101362,3.16912652950547,0.319499642157649,103.414546368993,2.71871238417576e-24,1.32211355668821e-22
IDH2,49.0658630052478,1.51416208419921,0.144119813299649,114.573450095447,9.7583931804098e-27,4.98450299143235e-25
MEF2A,13.9192223794177,0.943620824223845,0.268575492301049,12.8412223597845,0.000339066042468384,0.003505545761837
LINS,36.3022404002746,1.03491240276585,0.17545330865362,35.9952638501534,1.9779771798677e-09,4.8932536505438e-08
GNPTG,15.4105939690019,-0.764948657377576,0.258242294542228,9.27032580430821,0.00232896271209634,0.0180717325200918
NME3,19.2627110340844,-1.02743783284182,0.231537867493926,20.0810612230974,7.42280923579712e-06,0.00011506975016192
SPSB3,61.3282200049753,-0.593997796802532,0.139053270549287,18.298656844925,1.88840266290039e-05,0.000268153178131855
HAGH,45.1647084274158,-0.440765338627931,0.146030419706697,9.18105770048935,0.00244532668240507,0.01886735580759
NDUFB10,100.86962916884,-0.283187310780755,0.0986086964246203,8.42857825720293,0.00369369039272676,0.0261467615038485
AMDHD2,7.98154869224039,-1.09108471754339,0.317291239508727,12.4017676430802,0.00042892762952364,0.00427722776631719
TNFRSF12A,6.20890010537819,-1.52857886724027,0.547201448809478,7.73803866953632,0.00540694972722253,0.0348994027848
IL32,244.751823152011,0.591157308989554,0.194396397266753,9.17947550021157,0.00244744150687188,0.01886735580759
CLUAP1,33.5058699261221,0.780335520145466,0.223812877108632,12.784374279439,0.000349526657984736,0.00359657865462555
UBALD1,19.8283347170102,-0.646963931597761,0.21132838786802,9.5987727012881,0.0019470746370014,0.0156029683100563
SOCS1,284.225590935264,1.58273226875542,0.104308521881681,224.807351606143,8.08775216334185e-51,7.36192825124707e-49
PDXDC1,7.71264772481489,-0.8234184810813,0.299618496930888,7.83054201359185,0.0051370693010935,0.0335231544464742
LYRM1,19.7202680238914,0.633305601970212,0.20769629995208,10.0001575595612,0.00156526833240227,0.0129678006535077
NSMCE1,121.141276862611,-1.06066578598041,0.103136915123271,107.368304893406,3.69671574509829e-25,1.84835787254914e-23
IL4R,32.7028492831226,-0.920799033757,0.197394739401558,21.7574874111886,3.09380077895069e-06,5.13337385582118e-05
MAZ,20.3216898337343,-0.711629353342206,0.209998653443896,11.5226664498703,0.000687527011897679,0.00648265841231543
MVP,62.4021879675692,1.22296915927223,0.143616884127822,74.2901944888008,6.74376480341224e-18,2.53337196318661e-16
CDIPT,24.5515532056235,-0.493962631448962,0.180567927329108,8.23135498106073,0.0041172778967443,0.0285130816945904
ALDOA,134.379167791864,-0.513255943795123,0.121896764387964,17.6604757771507,2.64056884077479e-05,0.000363334084680252
YPEL3,29.1295303170864,-0.932647851411249,0.186056549722934,26.4612310653113,2.6888061345313e-07,5.10441806288027e-06
CORO1A,200.027518905084,-0.526057943160224,0.163381234484387,10.4339395158746,0.00123720565122771,0.0106863261845703
SEPT1_ENSG00000180096,72.9847001908438,-0.55395635496657,0.131934567689137,18.0755018170031,2.12315678934675e-05,0.000298503231769543
DCTPP1,40.3422200617306,0.54407105772023,0.177512305455252,9.80988641468285,0.00173576226186611,0.0141654161600567
SEPHS2,57.7755686563597,-0.403052093382486,0.134794894250299,9.02663530934537,0.0026607378428438,0.0202045333520759
ZNF267,45.7836231768539,0.70632906010988,0.173055449853056,16.6495725464509,4.49604392604341e-05,0.00059224326298531
C16orf87,11.2239156561747,-0.769510647420652,0.2771212670206,7.88268477712519,0.00499103310041202,0.0327306178095628
N4BP1,26.3493049207129,1.66051151524274,0.19234946905804,78.4456225591401,8.22309295892105e-19,3.22563314963201e-17
SNX20,28.4862686131667,0.420536728651881,0.158529762280396,7.18185039260972,0.00736447159440367,0.0452123730681256
CYLD,95.4158828363229,0.580660802939706,0.117553020388728,24.3927940151405,7.85620061863764e-07,1.41931359776914e-05
MT2A,374.39024995212,4.14283376771701,0.108628470267912,1535.24679294935,0,0
HERPUD1,159.49543557881,0.353907690349259,0.108489040456613,10.6225582638683,0.00111716384669964,0.00981666251431611
NLRC5,8.3037631662457,1.03313870694456,0.331354210817323,10.2538258735349,0.00136401419958735,0.0115429091979382
ARL2BP,70.5396396604922,-0.507604294444967,0.134099659844276,14.3757048028642,0.000149721655725524,0.00171072850427821
KIFC3_ENSG00000140859,1.12529414759266,-2.33772080152404,0.876519828593826,7.95737559650074,0.00478918066896795,0.0318979200278353
CKLF,48.0258737715428,-0.656048239675806,0.140586704589761,21.9400523121897,2.81301230146456e-06,4.68835383577426e-05
CMTM3,36.7134565642123,-0.640940942477102,0.2044305604853,9.86235302018657,0.00168695210056395,0.0138147173171904
TRADD,108.49918831861,0.917655465588065,0.125458308934357,53.3154749159334,2.84059992145505e-13,9.00368725104056e-12
PARD6A,11.4803275332167,-0.761619405554698,0.258224610889004,8.84286083965422,0.00294237562076407,0.0218295369983541
CENPT,9.91364550960768,-0.852453264323693,0.274509825446948,9.8139482020627,0.00173193295974595,0.0141504303960831
THAP11,16.4141599409139,-0.668287433108904,0.20956272306373,10.760224390867,0.00103704808986618,0.00925005205785163
NUTF2,56.4455951095524,0.42465721892942,0.143188895320214,9.13876854924268,0.00250249476693531,0.0191875948652707
PSMB10,43.2000919431678,0.709570902462263,0.168403072928256,18.3684235471701,1.8205007450408e-05,0.000259379990825527
DPEP2,8.98590729689898,-1.47153466995052,0.408521636454707,14.4323406695949,0.00014528574642607,0.00166836797078433
PRMT7,7.2483953687465,0.802000318583988,0.310346664541396,6.98655920293344,0.00821240779755207,0.0495362061904965
MLKL,6.92848492997713,1.55534957674494,0.339069654761315,22.3338750300859,2.29128894222896e-06,3.89190227029321e-05
TMEM170A,51.6379500879502,0.915019989723933,0.144720293497384,40.3066560872616,2.17068175290537e-10,5.70808905393636e-09
KARS,81.0880386751256,0.692380693357581,0.108876793610549,40.8317027187663,1.65919481498094e-10,4.41209108103546e-09
CMC2,42.6607022292817,0.584899004884263,0.160010390824701,13.6658663896241,0.000218388153690057,0.00237451131883523
MBTPS1,12.3305823972812,-0.786146224922565,0.259363610073199,9.33138944305921,0.00225261487168399,0.0175822455270715
COTL1,110.226777830742,0.507010857534047,0.110786195514466,20.9498002336516,4.71476992008755e-06,7.50557543332323e-05
IRF8,10.6970754837503,1.40219656771035,0.388563004351829,12.8708536270528,0.000333739342932108,0.00346425341347656
CYBA,428.372005558694,-0.413693247871893,0.14684796279581,7.8953017596896,0.00495633684618696,0.0327044531672188
RNF166,40.6513620444397,-0.939610135071025,0.15251562731376,38.4884859444071,5.5077667844889e-10,1.4016180706047e-08
CPNE7,6.13115641990101,-1.74466125648754,0.510513364826171,11.7533137857881,0.000607350087965422,0.00585099813372388
FANCA,4.64899940366697,2.2706114748562,0.466984307731421,27.1728330665814,1.86054783738998e-07,3.629090561942e-06
TCF25,49.6386018622438,-0.488692752492785,0.150628982245133,10.5718454463758,0.00114823040898467,0.0100647356836928
ITGAE,39.2652547002469,-0.479296583513976,0.162793583003583,8.77846086374629,0.00304808282331297,0.0225431125474189
ANKFY1,10.6863171949901,1.21025701206805,0.300707517484738,16.6657008922411,4.45797815114408e-05,0.000588320536675148
XAF1,100.589109923945,4.19420686868104,0.172902104043072,778.208271687796,2.95159502202851e-171,1.49688033260017e-168
ACADVL,36.4706776710223,-0.549044394137032,0.203343063819589,7.28219516270441,0.00696413814098592,0.0432593007882765
PHF23,21.30083376214,-0.714250241406063,0.197203197273269,13.307671517737,0.00026432240992027,0.00282208888787056
GABARAP,40.4096945507544,-0.918764403374983,0.198347149783662,21.5324613005882,3.47889735807589e-06,5.71763223202288e-05
ELP5,29.9677632379945,-0.480932661049103,0.18300029984278,7.02700983992855,0.00802893060316781,0.0486394260089518
ACAP1,31.4828835012584,-0.515024405108834,0.19185250419531,7.57181910443131,0.00592879166259916,0.0377327753465638
CHRNB1,16.1355528923905,1.31238181186382,0.223152671824461,35.8947220500188,2.08272134900457e-09,5.13448665900431e-08
CD68,14.6554037487497,1.65539312101663,0.37267498505583,18.8879729000372,1.38623898713846e-05,0.000200863200177206
VAMP2,198.076826669809,-0.515990544432375,0.106496885868791,23.4173885120248,1.30394536537386e-06,2.28029854535823e-05
TMEM107,12.9514189002683,-0.757052012511661,0.279269543125285,7.59746468054747,0.00584504358633785,0.0373199725386679
PRPSAP2,22.6163204507848,-0.635729194433924,0.192853697470713,11.1847233690352,0.000824735513519408,0.00760470408569844
MAP2K3,16.4185924780036,-1.37466029082702,0.260120733515754,28.6084029642198,8.8596878450057e-08,1.83392955392246e-06
LGALS9,39.4676393979549,4.10746086854623,0.260514746137434,346.174129313257,2.88595840018271e-77,4.09806092825945e-75
SSH2,22.8756446138871,-0.728864373903461,0.207725282886656,12.5469056350606,0.000396862937793441,0.00401385592355189
BLMH,33.1453296709204,1.14336543638767,0.170417492267661,46.113539596448,1.11594569508681e-11,3.15665913749656e-10
EVI2B,151.579650353919,-0.282482174701068,0.105512590746377,7.1800011327239,0.00737206610163942,0.0452123730681256
CCL2,58.5568344769069,3.10154136790187,0.278580788659978,117.784596719048,1.93278516458984e-27,1.02408766183492e-25
CCL7,11.1690968236702,3.93645359813046,0.53395056856383,62.7122551420954,2.39222486904262e-15,8.28526661961104e-14
CCL8,50.2944586414188,8.06078129086242,0.669940150013909,466.061764976852,2.30549961176066e-103,4.54695756763908e-101
SLFN5,134.504052075859,0.634865837687397,0.215940564280392,8.55639193147093,0.00344311139884023,0.0248435883452903
RP11-47L3.1,9.54649681493162,-1.43934744105363,0.325705058242426,20.4399631944441,6.15313970852402e-06,9.70828709567124e-05
SLFN12,2.40053427056299,2.18692734595866,0.623152573780908,14.038751414686,0.000179081804546258,0.00199291663366526
RP11-1094M14.11,16.7368113870613,-0.772835403524664,0.217118274839172,12.8404910661006,0.000339198582870707,0.003505545761837
CCL3,11.2746495731479,1.8816564154822,0.322967176333028,35.3121640830216,2.80872323780856e-09,6.78297108450367e-08
CCL4,13.185986718316,2.82301158555981,0.434952974024525,42.7472541966063,6.22892566901286e-11,1.7009758557689e-09
PSMB3,231.845739859283,0.465495709035878,0.0797082947816221,34.2974304489055,4.73005874379072e-09,1.12696030472866e-07
RARA,15.0185082285688,0.650667087677741,0.233618005459745,8.01259713255349,0.00464530690661225,0.0311736096757533
CCR7,1225.05958588283,0.689449358390814,0.145160548923016,22.4210824103562,2.18957332202471e-06,3.7370121601864e-05
EIF1,2319.19910952459,0.276375186437984,0.0899479912543874,9.42567035135974,0.00213968867352464,0.0168797662022499
CNP_ENSG00000173786,27.6103260645143,2.30999797781366,0.230717365774928,106.445664180252,5.88851082950391e-25,2.9236662160474e-23
DHX58_ENSG00000108771,24.554537626103,3.34922832870309,0.280631771546716,171.375312126999,3.70502814013599e-39,2.71192781391397e-37
KAT2A_ENSG00000108773,5.80475580488846,1.19856837789061,0.389917910607454,10.0455470522893,0.00152716644729803,0.0126758445679088
STAT5A,14.1012977515026,0.722748863419421,0.226836520536443,10.2218245222159,0.00138788487480567,0.0117169828907494
IFI35,163.65947717904,3.6556963276911,0.127972651223777,933.055351113557,6.39921931310673e-205,6.4906367318654e-202
HDAC5,14.8680780856311,-0.925507509227485,0.243308981107838,15.1545813788798,9.90576608197947e-05,0.00119204981664499
CTD-2020K17.1,14.2071723803888,-1.03436778237587,0.238236561247201,19.8776350935819,8.25605507333075e-06,0.000126604732226022
FMNL1,39.1137211719991,-0.515318922844629,0.148815637323236,12.6230547150326,0.000381018178931963,0.00387014173164082
KPNB1,57.6663583921682,1.68492034833383,0.141211311297959,147.939749649734,4.88991793226941e-34,3.12778534406421e-32
TBX21,3.71668255910482,1.89793118531011,0.683225546629699,7.57553162794441,0.00591659268852643,0.037708983921488
CALCOCO2,43.8492463788999,0.897926847554184,0.156840267492332,34.070738284025,5.31444722410389e-09,1.26195903983738e-07
PHB,114.089680979446,0.415215073228519,0.129815513751297,10.2889059338743,0.00133832418565088,0.0113525707504435
PDK2,6.71248356609026,-1.37871164841186,0.424618717786639,10.9458309608514,0.000938144635160953,0.00848512982120097
MRPL27,45.6010721918418,0.595728731296773,0.165057700912962,13.0311789074247,0.000306347641319777,0.00320806527045784
COX11,27.8642623885832,-0.545234870825065,0.180559564468761,9.33030893896718,0.00225394351297665,0.0175822455270715
NOG,10.018782789505,-1.22422068802191,0.383627328475313,11.1126388206835,0.000857414114255882,0.00784489717940304
TRIM25,9.91677448549022,2.82184323716127,0.360006689290473,75.2422253654781,4.16366639439466e-18,1.58935652689258e-16
SCPEP1,7.652048494292,-1.06294586504312,0.34616290549296,10.0614349100305,0.00151405258749161,0.012609469233774
CD79B,5.27370573814697,-1.11456907260256,0.401390668807414,7.92233751865513,0.00488281460562388,0.0323395370335163
ICAM2,141.816729153018,0.58064435349991,0.104741212742603,31.3422792279675,2.16317219351267e-08,4.89124922736942e-07
PITPNC1,59.0772634871985,-0.425124909178607,0.124550570919528,11.6713708392554,0.000634692270152771,0.00604522134470262
ARSG_ENSG00000141337,7.50208546350596,1.69153156430271,0.376102478053864,21.2140152639865,4.10749914787226e-06,6.63740188131598e-05
SLC9A3R1,20.6812188923266,-0.672114009007119,0.221137923766713,9.45097676710616,0.00211036685090425,0.01668552855392
TSEN54,18.3009686546865,-0.693407423364565,0.208441755938292,11.1565249109445,0.000837366312508119,0.00769120416404612
H3F3B,3099.95433684157,0.515916488255869,0.0982987288777896,27.3779425659931,1.6732899208169e-07,3.29095801601108e-06
UBALD2,37.2230595518158,0.882440287503566,0.22174072967113,15.7266064047768,7.31874401061508e-05,0.000905280182497684
MFSD11,34.3324961854363,0.655624295117612,0.158929051022948,17.1788449892264,3.40203905879912e-05,0.000460963307585377
SEPT9_ENSG00000184640,43.2925964111108,-0.886534650832446,0.190759938825012,21.9459595067372,2.80436699761381e-06,4.68494251366071e-05
SOCS3,124.808167005448,0.699286447873704,0.209164392689266,11.1601790386942,0.000835718573239904,0.00768601278497839
LGALS3BP,70.9038234757782,3.22212728687275,0.251202453879234,161.515361515182,5.27921741070071e-37,3.63907219572574e-35
RNF213,115.099940190999,2.11847987301634,0.152967767622017,190.585587619265,2.36870471770149e-43,1.91111403360006e-41
PYCR1,3.72366345410418,2.3894161513367,0.631377372548519,15.6395857991867,7.6633432072751e-05,0.000946256291680925
CCDC57,17.0595878417291,-0.814431831711637,0.220988013127061,13.8907745797904,0.000193747140813052,0.00212284675890845
SECTM1,1.65968972773381,3.60664736087913,0.897363248069293,18.6431605620972,1.57611660803766e-05,0.000226986367486154
HEXDC,10.2862799579746,2.1862299512886,0.31180444328664,55.9771837352746,7.33169586154064e-14,2.40995558411753e-12
C17orf62,31.7944320045362,0.47824155383678,0.163897412709984,8.85244889088453,0.00292695921941761,0.0217606392228953
TBCD,20.0163661966473,-0.903700245365363,0.220717832296676,16.9093979321887,3.92069883137061e-05,0.000520317041172548
SMCHD1,176.322874681377,1.52096664734876,0.133574861164978,126.716645995173,2.1428462008162e-29,1.19796913588937e-27
LPIN2,40.9356545694064,1.89151537798649,0.165342066379768,139.011317911018,4.3794639642945e-32,2.63510119885517e-30
MYL12A,673.798084951118,1.23670253568951,0.0938371133766073,170.443594974336,5.919453893697e-39,4.24526491366148e-37
MYL12B,686.699721832131,0.197572480483239,0.0652218336332471,9.18517437799511,0.00243983287208384,0.0188496337233898
NDUFV2,285.871928867661,0.475225763885338,0.0671325733524267,50.0268334817322,1.51657781005359e-12,4.64125105662952e-11
ANKRD12,267.01346716602,0.217331729957101,0.0812826256657324,7.13770792827847,0.00754795733954068,0.0460399459714251
PSMG2,103.884713126774,0.407054397913549,0.0960876290777842,17.933962290841,2.28703383011837e-05,0.000317767909859891
PTPN2,55.206191260397,0.448062078535934,0.127070578838924,12.7250877992677,0.000360782917922322,0.00369100679718802
LDLRAD4,17.6855898121292,-0.650768094650179,0.214163133973946,9.32865773802287,0.00225597544720594,0.0175822455270715
SNRPD1,96.1487387333644,0.335796384861268,0.110721678621416,9.17571293465636,0.00245247814249414,0.0188856776699657
TAF4B,9.30134163166056,1.27845491451342,0.346425147262426,14.0444607441239,0.000178538940688641,0.00199291663366526
RNF125,53.1832946757926,-0.426556997919706,0.158082774262981,7.37314102084346,0.00662051934812867,0.0414512234318462
C18orf25,9.97780714988957,1.16424043099694,0.273061391733031,19.0809404047631,1.25289901348201e-05,0.000183414082386026
RPL17,360.57277968377,-0.525452335207176,0.099845269177543,27.6721879062229,1.43714145990198e-07,2.87428291980395e-06
ME2,22.6968715350521,0.660292827597781,0.199099229461842,11.4849727385791,0.000701611560732819,0.00658920910212039
PMAIP1,81.735487235756,1.2752858289634,0.198212431576729,39.9914936439704,2.5507121931619e-10,6.65810903362113e-09
KDSR,42.5699282160612,0.786825661444947,0.142782063871589,30.5841681425011,3.19691821632524e-08,7.07106521367887e-07
CNDP2,43.9436248543744,1.02132409477533,0.171860560347859,35.5910237908299,2.43406563191514e-09,5.91844725568407e-08
ZADH2,6.64358900753061,-1.08453098645182,0.363228556829138,9.17008454069442,0.00246003205207218,0.0189233234774783
HSBP1L1,9.06982330054467,-1.03032223963204,0.279907901268652,14.6449704649228,0.000129780500219581,0.00151552886769576
RBCK1,124.772771827665,2.34996577494562,0.129370676223663,332.952253757919,2.18670947678644e-74,2.98569947791994e-72
FASTKD5,13.1905420465566,-0.794059697961017,0.248956262780341,10.9367721300642,0.000942742696122367,0.00851586913800102
GPCPD1,28.5576963219024,-0.635786650432087,0.232599743303205,7.69580568964115,0.00553492967771657,0.0355960151374888
SNRPB2,101.494220580691,0.36469011577459,0.114267690849816,10.2037238193587,0.0014015734965202,0.0118184938542677
CST3,12.4806385451451,1.20121759470292,0.271699523148129,19.9847368210677,7.80627995985543e-06,0.00012010897032161
APMAP,42.6794237179576,-0.55242502314722,0.143836766326819,14.7750118489208,0.000121130036079132,0.00142387956318185
HM13,59.0744476639803,1.05247251234549,0.152129356827083,48.0011197981722,4.25975806322802e-12,1.2549494709095e-10
EIF2S2,159.76297587142,0.458912381152231,0.0944187558098707,23.6657175033793,1.14606039193456e-06,2.02413651311825e-05
MAP1LC3A,8.28974909207416,-1.68155150141994,0.326392666633853,28.5829217534681,8.97704620031329e-08,1.85282058204141e-06
SAMHD1,55.883200783742,1.01753325524731,0.148736810106831,47.7556258217159,4.82796824347745e-12,1.41064092710658e-10
TOP1,45.9153647741277,0.801976423187263,0.143881756602654,31.1032868099165,2.4465676621705e-08,5.46246239038068e-07
PKIG,6.1968782954961,-1.66599066404983,0.402658758397605,18.1008364064104,2.09509380422898e-05,0.000296318048008481
RP11-445H22.3,6.32711519210218,2.8530781343188,0.454727411323171,48.6997628674413,2.98302489810625e-12,8.89893982208168e-11
CTSA,26.9677380543698,-0.967321767235019,0.234349318760713,17.2482966978079,3.27991459325484e-05,0.000445265652239184
STAU1,31.3661855536003,0.602049300847327,0.16103039214237,14.1278207111864,0.000170798933424882,0.00191273253519978
DDX27,44.3783134198524,-0.403362200012456,0.139907388456723,8.47513312251139,0.00360034035526515,0.0256393345259605
ZNFX1,29.2616065571116,1.49635106677521,0.172115987773261,79.2334813208287,5.51868597909761e-19,2.1768150250885e-17
PTPN1,36.7569375975729,1.19810436377651,0.165078616645271,53.5206262161734,2.55892010224896e-13,8.1472344062635e-12
NFATC2,10.3957339575911,0.851181229603366,0.280955362640146,9.41349063744663,0.00215394791071926,0.0169300150546228
ZBP1,28.4353342382813,4.52963091204412,0.321010814157585,366.909331042977,8.81324960722958e-82,1.39053493802956e-79
OGFR,47.0828945445354,1.00800031356934,0.141299967801695,52.0325687963271,5.45876691203725e-13,1.71492234847188e-11
PPDPF,342.537271688913,-0.284861761785825,0.0906734426065402,9.85925245150463,0.00168979753925391,0.013822076645971
HELZ2,59.3999311644648,3.83757745933215,0.219628737249941,356.517142524761,1.61427034713888e-79,2.43857860950767e-77
CTD-3184A7.4,23.5327316817193,-0.769060157088861,0.185190309829352,17.9383030609943,2.28182391288729e-05,0.000317665681990192
STMN3,32.9546277077595,-0.519294444497675,0.163073333954375,10.9945362998092,0.000913808728285986,0.00829672886295461
TPGS1,46.0662530584583,-0.464056431419066,0.143229379214385,10.6455500414869,0.00110336062169218,0.00973962437310948
GZMM,38.2291650133164,-0.782815355381197,0.229048513499871,12.1417697509347,0.000493049662905427,0.00486797418250703
CNN2,32.7872212021194,-0.848647757852142,0.214562115626719,16.3844569173031,5.17075113588551e-05,0.00066896050837297
GPX4,175.035504019929,-0.784238746281746,0.110929750063678,49.5653794269922,1.9186985066602e-12,5.79691889246272e-11
CIRBP,237.1152364554,-0.402508855037817,0.0910651442997448,19.7580435003766,8.78910165708388e-06,0.000133911205504926
GADD45B,194.187683985633,0.480253636741004,0.134124778363699,12.75725786731,0.000354630408069622,0.00363854898452936
S1PR4,187.605573175319,-0.385287228825554,0.113254992725729,11.6212726960036,0.000652017708032964,0.00618893813774605
EEF2,628.505527453557,-0.311763506896802,0.0934010054758043,11.1352151499842,0.00084704105031425,0.00777001480262426
TMIGD2,21.0212830295711,-0.957919504069684,0.302486528042554,10.1525696787546,0.00144100238431888,0.0120708296527031
C19orf10,83.3106079042062,0.309167894311441,0.105543126700737,8.57542316355251,0.00340730759428536,0.02463531967355
CLPP,38.6438777402708,-0.705354825890662,0.151726544380649,21.9677844621037,2.77265625677236e-06,4.64289137336881e-05
DENND1C,6.56099458068714,-0.976988122245569,0.360284487666969,8.04589007128583,0.0045607004938235,0.0307803930666795
GPR108,32.2219019653477,-0.48518261202136,0.171869999599273,8.21377807447064,0.00415735007744973,0.0286574616989253
C19orf59,0.953940769165895,-2.53819881013814,1.06425939312612,7.12926904735716,0.00758356365458756,0.0462174265644392
RAB11B,32.3703513710204,-0.463581002625405,0.150876101863852,9.53581148390892,0.00201501061850718,0.016092885704613
ZNF561,10.4468343373636,-0.763289753059273,0.278391297571088,7.74744994283435,0.00537884392711983,0.0347812312227239
C19orf66,121.79253252568,2.3034934990484,0.101906409164304,555.022241752364,1.01731961200255e-122,2.77806509431465e-120
CDKN2D,27.8517134747814,1.0113268784052,0.180892914777871,32.4145380635005,1.24551182650335e-08,2.88049966390026e-07
ILF3-AS1,39.8096404492635,-0.489718255498893,0.156770170461191,9.98284361751242,0.00158005483789092,0.0130461620064157
ELOF1,45.6068879850541,-0.375747853681546,0.136860354363941,7.57116168541268,0.00593095454743171,0.0377327753465638
ACP5,10.1816625161691,0.974468447295783,0.334841376850635,8.5881463007767,0.00338358263233037,0.024488722415439
PRDX2,79.2228303427244,-0.622990533713187,0.12474924327828,25.0529124596872,5.57784414549608e-07,1.02392344927841e-05
IER2,276.79373927514,0.39572270140435,0.0718419748356913,30.3241860242848,3.65539397232964e-08,8.03507653360386e-07
CACNA1A,1.2948229666398,3.4111679168986,0.868169539520204,19.0297276570542,1.28697746544574e-05,0.000188015226433432
MIR24-2,3.68925171126521,-1.48194115934795,0.459542487917446,11.713980700117,0.000620322800342828,0.00595979957027616
CD97,21.6257171427218,0.782590195910001,0.249276292579441,9.75049177078478,0.00179274750012024,0.0145635094403361
DDX39A,52.6072934083654,0.347378231292499,0.12355768495013,7.93255420530828,0.00485532103699874,0.0322337427056954
TECR,84.5100513211513,-0.621428050824624,0.120402701768909,27.2834380435712,1.75710012246029e-07,3.44624609653813e-06
RASAL3,44.0234054700699,-0.687157775921746,0.170664105201127,16.3607338030802,5.23587827143089e-05,0.000675904285948351
RAB8A,76.2971315389835,0.490765477782376,0.123855630244196,15.623511855374,7.72875938114399e-05,0.000951025851059312
HSH2D,40.9588128149247,3.18089241747228,0.21040603840848,269.736059265607,1.29549006669234e-60,1.43718429273681e-58
MRPL34,91.6516869845188,-0.269023163973212,0.0953336316562376,8.03059553699677,0.00459937144788046,0.0310024924383601
BST2,233.411146757708,2.4403125954452,0.0970445241899608,641.327317359663,1.71896929564194e-141,6.42351684160935e-139
CTD-2521M24.9,27.0085740813366,3.05545626766903,0.263243223042345,152.314393886325,5.40895348391668e-35,3.52326327851454e-33
ARRDC2,36.3256483937503,-1.18246469445364,0.169068443036711,49.9116168643068,1.60829632799632e-12,4.90081713681283e-11
SSBP4,10.5160830210359,0.769400595701427,0.289514346606095,7.19198735583036,0.00732298310885891,0.0451588935054617
FKBP8,70.7516140807169,-0.412106432911229,0.123744497927969,11.8077003030612,0.000589862469740509,0.00569799120429607
RPSAP58,97.2560059605113,-0.497127986263111,0.140026966054017,12.726300318363,0.000360549083433153,0.00369100679718802
PLEKHF1,16.8473085050264,-0.830352010873376,0.208094282965729,16.2403874037788,5.57919457874671e-05,0.00071631612132191
PDCD5,102.935457643898,0.443371172205966,0.114615343626661,14.9249209581733,0.000111875325217158,0.00133051056790926
GRAMD1A,18.629374684969,-0.693515450717049,0.231239492246112,9.53013008532946,0.0020212579287072,0.0161246419031698
FXYD5,590.979055105018,-0.4324583372073,0.0943638136022407,20.9998223999598,4.59325947838324e-06,7.34507709381104e-05
LSR,15.5810775491047,-0.837255048653142,0.248842521167261,11.7087962500414,0.000622053465375201,0.00596029636189464
USF2,8.21619377236203,-0.90869176121482,0.31432780649778,8.72157046855845,0.00314467042953363,0.0231369534193666
ZBTB32,3.16499021225919,2.00115880946454,0.629378654455573,11.0339649307171,0.000894576100015586,0.00815338935829353
U2AF1L4,22.4994783225875,-0.587064557787755,0.216043349962042,7.56738451707113,0.00594339690375113,0.0377780823783644
NFKBID,4.37137162825548,-1.20992303556387,0.408762940882244,9.41496412061292,0.00215221773818333,0.0169300150546228
ECH1,126.880656103527,-0.385043539917154,0.0985199255496033,15.7322589550446,7.29690689738573e-05,0.00090415425779125
RINL,7.30400400659214,-0.927585284441579,0.335714006210498,7.94446223400888,0.00482347494351697,0.0320661723773132
SIRT2,16.1054150222856,-0.829015963119594,0.219170553180586,14.5293975908595,0.000137989363910063,0.00160085699961021
ARHGEF1_ENSG00000076928,73.98295466357,-0.737676572807346,0.136136232738672,29.6721329832176,5.11650859407767e-08,1.1041705476581e-06
POU2F2,12.6353199601921,-0.794591671031819,0.241617900722366,11.6699594108301,0.000635173961006783,0.00604522134470262
LYPD3,12.9123271786076,-1.18561172094117,0.355445009043437,11.0260970698583,0.000898380953244303,0.00817757021542891
PHLDB3,16.6892715298009,-0.829979296778259,0.252617505900115,10.8978766258765,0.000962745587054093,0.00867448435036049
ZNF428,51.6703818278897,-0.350939797897061,0.128308749181452,7.71012534388935,0.00549119387244976,0.0353467601943729
PRKD2,23.7498298804187,2.2857618049067,0.222914455220772,116.981314421391,2.89784942789086e-27,1.51284786309008e-25
SAE1,22.1159257979169,-0.61749030026483,0.180983928598497,12.2195922969229,0.000472902639608329,0.00467633529417707
BBC3,11.5636781855517,-1.60228581960726,0.27860447171363,35.6266600939186,2.38994232186953e-09,5.83113075095315e-08
NAPA,86.8066443574906,1.28008656829805,0.117143567646417,119.835710882911,6.87229083710287e-28,3.69645946541139e-26
NUCB1,53.2931316326792,1.24889134188432,0.138813918492435,82.7296460381006,9.40795967404621e-20,3.88351823754233e-18
FTL,1494.72092473324,-0.42046387978049,0.0838638865119246,25.0356722250035,5.62793994724466e-07,1.02985499034632e-05
PIH1D1,47.4910939528213,-0.513324666466817,0.133136320650058,15.1781492095095,9.78289281197921e-05,0.00117926212164775
IRF3,56.605329237929,0.548173894941171,0.149706928386236,13.6219644966918,0.000223554640750747,0.00241957004471083
PTOV1,20.8511143204236,-0.719542478645231,0.200358690108663,13.0902028941971,0.000296844198027174,0.0031363003065371
IL4I1,6.6251204615466,2.359500829076,0.449521229532685,29.9079010091526,4.53062846724841e-08,9.86415015502115e-07
ATF5,5.27915546796119,1.51276347358489,0.500397831914928,9.62075552823839,0.00192390569557172,0.0154347236593889
TSEN34_ENSG00000170892,31.346281079925,-0.413627052943812,0.161057466364243,7.19454012059758,0.00731257287378895,0.0451471890468709
CHMP2A,99.828099364677,-0.276751926110685,0.0996262593141504,8.02146014148298,0.00462262866663208,0.0311096336806519
CECR1,2.17724114475638,1.74982026195656,0.649260011704284,7.78619887434019,0.00526468432617098,0.0342239820297365
BID,32.6468344202724,0.68100976745578,0.165659449348695,16.9750730161609,3.78738117307712e-05,0.000507366157148068
GNB1L,11.3804893177085,-0.910582653336596,0.261008560719806,12.4669179309796,0.000414222988703019,0.00415393110140033
MED15,12.9872756350282,-0.671409097039745,0.252090435120518,7.35849029259047,0.00667468121148171,0.0417535124242469
RGL4,22.0812389740235,-0.760174031653463,0.238037177322466,10.7362894352076,0.00105054773900725,0.00934697863026497
XBP1,173.648924037763,0.592080299243412,0.102239226381543,33.3826486878791,7.56963116589863e-09,1.779615274102e-07
EWSR1,80.9632342967607,0.310082151140387,0.109861733064704,7.97091414541129,0.00475349271913313,0.0316899514608875
UQCR10,220.687534542645,0.207189525494215,0.0722301910399006,8.33680229890479,0.00388499174460677,0.0272833248137567
GATSL3,3.75718844027688,-1.31111161856155,0.479647462179905,7.67981935336742,0.00558417577918881,0.0358154002097927
TBC1D10A,11.4789171439953,-1.0960435193762,0.278917293859789,15.973093457961,6.42491757642131e-05,0.000811688875313013
SELM,35.0237637905013,-1.10650556405066,0.262623386854328,17.7032053981245,2.5819115843763e-05,0.000355952859205276
PIK3IP1,239.467942208289,-0.541183621455469,0.105672342845201,26.5854831362444,2.52131144403735e-07,4.7992791562105e-06
FBXO7,67.1522528428979,0.336952793253036,0.111436575829634,9.41208793478756,0.00215559628301113,0.0169300150546228
TOM1,10.1986143790346,-1.28759449763807,0.297546616611176,19.3748389751287,1.07412967921589e-05,0.000160892842245418
APOL6,29.9362195623807,2.6405467472072,0.211607171176574,178.594071928832,9.82647982987716e-41,7.26750070751332e-39
APOL3,37.6300556745203,0.797836298750151,0.201615476410311,15.8432943583518,6.88099396831494e-05,0.000863163554329259
APOL2,19.2581794861987,1.92308834977777,0.321895305943629,35.420099847147,2.65730454770836e-09,6.43920214632402e-08
APOL1,10.6943617953073,2.55275123740201,0.337473514621346,66.4308401621731,3.62387726901571e-16,1.29294113618149e-14
EIF3D,118.228903761491,-0.726051842885388,0.10696299644766,46.4943855074631,9.18813400005657e-12,2.6411235384778e-10
CYTH4,12.516332803457,-1.30146797706728,0.34285263004024,14.8873946123034,0.000114123032542781,0.0013549724599561
H1F0,2.50839096283638,-1.80415774735637,0.623328009071241,8.87944067489335,0.0028839988643767,0.021554096775868
EIF3L,134.503422195814,-0.72485746322627,0.120265042070504,36.5711168852509,1.47196679386865e-09,3.65418329946413e-08
JOSD1,34.4332708379448,-0.58944150578914,0.180508942486517,10.7269068194992,0.00105588803529153,0.00937100631321231
GTPBP1,7.48533415258785,0.904158442720795,0.340402063315719,7.17951244605356,0.0073740743680126,0.0452123730681256
APOBEC3A_ENSG00000128383,32.3847568163208,5.99354545233307,0.516963309673433,219.44211033719,1.19694512108676e-49,1.07573548857164e-47
APOBEC3B,10.4845152034079,5.30994441390247,0.630069650099771,128.674563862385,7.99015563312813e-30,4.53840839961678e-28
ADSL,39.5094520297834,-0.38151593067706,0.143113495080071,7.12010700324245,0.00762241568139199,0.046334889844078
RBX1,166.094377650176,0.630134413847514,0.0903897061249547,48.4240018809094,3.43340057053754e-12,1.01996418622663e-10
RRP7A,63.6429837321551,0.478320967126651,0.169146687908167,8.16887112712101,0.00426154216830038,0.0292703226359057
PRR5,19.4229267617507,3.65357333009102,0.310881521447696,198.368480325208,4.74103466833263e-45,4.00730311251925e-43
CERK,10.8277360426263,-0.921642599888255,0.271019604917053,12.05900791729,0.00051542714403728,0.00506860487903696
SCO2,34.5593918296461,0.495138336954694,0.170297151310461,8.61380460543023,0.00333624681594733,0.0242296025033563
TYMP,108.02362380675,2.50654456746858,0.168552337603249,215.762400209537,7.59892646574279e-49,6.74404723834673e-47
ODF3B,8.57697640735952,2.03255209805139,0.371208315632436,31.3727353337113,2.12950383375214e-08,4.83050390403839e-07
C21orf91,13.6672988000766,0.682244917603833,0.251763069636873,7.37402776397047,0.00661725561178815,0.0414512234318462
MIR155HG,20.1036302836779,2.44135072551684,0.324976041292279,56.1195507592147,6.81956054044447e-14,2.25204092265841e-12
IFNAR2,28.4132766082134,-0.764077181953055,0.222943028007828,11.8850544708122,0.00056586170638357,0.00548985999104033
TMEM50B_ENSG00000142188,37.7271079896372,-0.514504059385991,0.151444019371975,11.5952775806679,0.000661195045486916,0.00625931309727614
CBR1,54.5262889885414,0.753538205084097,0.163733097258174,21.3171140994924,3.89240945738934e-06,6.32405197882478e-05
MORC3,42.4768524062764,1.07514597503859,0.156083541631195,47.9015395911485,4.48169552186944e-12,1.31487761178814e-10
TTC3,51.3078204157324,-0.617164844793591,0.133034725649721,21.6239285277865,3.31687903508872e-06,5.46400026661948e-05
ETS2,11.3980231024744,2.06650479464863,0.311227544429239,47.6927158208461,4.98540539318034e-12,1.45067124145821e-10
HMGN1,299.157624239172,-0.23182818972869,0.0857637834456954,7.3392615121744,0.00674645492940425,0.0420912390147366
MX2,128.873891220138,3.35572948982043,0.128375884909871,791.379326316007,4.03983285299765e-174,2.39023443802361e-171
MX1,584.92048908939,4.67245856905317,0.169517256844769,639.945809678903,3.43340882971932e-141,1.21886013455036e-138
ABCG1,17.7498929779695,-1.02463735621769,0.214264692895061,23.3043695321464,1.38285489978265e-06,2.41235129937514e-05
ITGB2,9.06273920337467,-1.31360780185723,0.36573789716337,13.9844450677359,0.00018432930359086,0.00203650990078453
