gene,baseMean,log2FoldChange,lfcSE,stat,pvalue,padj
NOC2L,2.7173427985675,-0.678593409096604,0.509106827594261,1.80006442480728,0.179704706429166,0.372026094334135
HES4,45.8388347639977,4.83435852397182,0.345465127256115,241.326301243007,2.02076544443017e-54,5.62875029248548e-52
ISG15,3156.07271523253,6.07822213253903,0.379765757164465,167.795244697599,2.24246172988913e-38,2.59279348693596e-36
TNFRSF18,0.680196174609107,-0.696889070765049,1.03302154917784,0.491927913603675,0.483068564522003,NA
TNFRSF4,0.763005559017666,-0.579374576406112,1.06423102995298,0.596128744290873,0.44005890923851,0.623798518578207
SDF4,5.63332654244212,-0.190979330793155,0.35160317162834,0.297152908304966,0.585672821331847,0.713945305176359
UBE2J2,7.27584143666658,-0.687959715184153,0.322990746599141,4.61500351072239,0.0316934303236045,0.113048510490715
PUSL1,1.29996772962233,-1.93637709158029,0.851482511197118,5.54378517860746,0.01854642574597,0.0749192465203059
CPSF3L,3.07572460748529,-0.827977335833944,0.512680028580438,2.65524072921923,0.103209130915402,0.258677118302488
GLTPD1,0.973884955176047,0.704983708525887,0.933140449033329,0.797301836734874,0.371901302286366,0.571037629769695
AURKAIP1,23.7959176849399,-0.550098129010284,0.215777557617032,6.58466816515813,0.0102860788702775,0.0478220152157199
CCNL2,3.56902384054902,-0.572555276738193,0.430253821795413,1.78350360129235,0.18171969225912,0.375111416693835
RP4-758J18.2,1.73956736104596,-0.12125340941348,0.638854902712714,0.126337710609441,0.722259863675124,0.78813854799665
MRPL20,11.5569687768943,-0.588621926797245,0.260000979241345,5.1746683213964,0.0229185465382318,0.0879980283122085
SSU72,18.8452008392499,-0.707277222681547,0.197149948290775,13.1525693281966,0.000287125257741814,0.00240698164082331
MIB2,0.701931028436914,-1.24082590176197,0.91688844301086,2.32811859367022,0.127055357892557,NA
CDK11A,4.0182024069145,0.348730378766272,0.421039821994542,0.988778704026664,0.320041053189278,0.527986623755249
NADK,12.5164817357738,3.07038649159493,0.351756922466719,96.9038888207252,7.27755998508781e-23,4.91197244422695e-21
GNB1,9.3275426147905,0.743389683918174,0.30867770679393,5.93894698225446,0.0148098643749013,0.0629367884115084
C1orf86,6.76712498073798,-1.24662004218726,0.357464453432918,13.0025518159904,0.000311066772263541,0.00257596916274456
SKI,1.60106253694799,-1.43544394500736,0.681414985131779,4.95233973980065,0.0260553834198251,0.0971803953722996
RER1,27.9052155078309,0.00716581682604567,0.190117166935752,0.0458061303039301,0.830528600687289,0.858404328725199
PANK4,0.935621633678472,-0.530066679451359,0.809947715268107,0.561834316226339,0.45352211145242,0.63364876857739
RP3-395M20.12,1.50177335400073,-0.980521458190799,0.683567934529108,2.14971489496243,0.142596366930624,0.320554121992247
TNFRSF14,13.1461745560014,0.31976996359755,0.261103493707585,1.57090883137225,0.210075078449668,0.412476796135715
WRAP73,1.99179404020086,0.0425555400571735,0.657901336007026,0.00539273648077199,0.941459764948299,0.944542475377075
LRRC47,1.64522854866728,0.195726774265048,0.648646308335921,0.107441764416329,0.743075661915257,0.800556901585214
CEP104,2.04721388034695,-0.209868307911407,0.598309643947893,0.401744168631176,0.526189867594594,0.680416017856018
C1orf174,4.73721562709608,0.892954001580659,0.413695911405601,4.9065366923291,0.0267552356187155,0.0990515529235809
KCNAB2,1.60025914278849,-1.08162076320835,0.701414984828701,2.41964521955694,0.119822064822645,0.286824067669206
RPL22,22.0720549857752,-0.642834038406739,0.192523787579691,11.2278031220858,0.000805809732520001,0.00587158387738712
ICMT,0.625600040869539,-0.887961172423898,1.08980615032298,1.00557219904272,0.315965944914398,NA
TNFRSF25,0.877350137557804,-1.2407083332369,1.04919028776171,1.58385178692586,0.208206745949696,0.40972734077705
NOL9,0.192436827262566,-1.45720700160301,1.63665559226954,0.982601874084811,0.32155728847952,NA
ZBTB48,0.929091930420584,-0.75310378001261,0.875370913761202,0.797630281289742,0.371802822187116,0.571037629769695
THAP3,1.71301177993725,0.640110769947115,0.626945671020188,1.09316202489773,0.295771666856523,0.506142887939054
CAMTA1,13.6951363615597,-0.186026544859715,0.282082069962466,0.497747705361121,0.480491436116607,0.652148731012751
VAMP3,5.9176420125487,-0.143324723842648,0.33818057758879,0.462226206523155,0.4965853864132,0.661735694472653
TNFRSF9,0.251354245019332,-0.767153304563593,1.56595575591932,0.266427342123791,0.605738472955531,NA
PARK7,30.6720468252232,-1.29782324704167,0.195695751620008,44.2626454226414,2.87143512976316e-11,7.07035098815619e-10
RERE,1.7166153013854,1.28119726925611,0.701720282646233,3.73308795875577,0.0533446878830985,0.163939943504327
ENO1,71.8173303945263,-1.3992888940664,0.132064862440791,113.469326941756,1.70295433114278e-26,1.32097520775227e-24
CA6,0.333592192329333,-0.156047887940808,1.71983011813085,0.0488035022562912,0.825158503037016,NA
GPR157,0.457240303167769,-0.273632696125681,1.11612201276071,0.0208178840013815,0.885276181208401,NA
SPSB1,1.29837303344374,1.71966487355947,0.840229377776028,4.40943814124673,0.035740611043394,0.12283705242508
SLC25A33,2.81542789170935,-0.801545027427402,0.533438403634043,2.76794474238248,0.0961695690132682,0.244965034922211
PIK3CD,1.02486543855513,-0.432169283322417,0.830793679646294,0.28182596246539,0.595506906301126,0.720344714136063
CLSTN1,0.728120878827308,-0.990702499534142,0.952461958105854,1.21712786726038,0.269925046540261,0.481666158431991
CTNNBIP1,3.42115442421291,-0.898815405129157,0.455492766571619,3.96147161174778,0.0465529885492754,0.14928137824697
LZIC,6.01204590510842,-0.537877735447508,0.406673935194167,2.11388055202876,0.145968755545718,0.32515322936538
UBE4B,1.60746954278337,-1.38561904201136,0.745917676282423,3.48638694079455,0.061875491543563,0.182822088803739
KIF1B,1.78892258556517,-0.139607474856094,0.622047274349926,0.050792320686682,0.821690267807689,0.852576695077129
PGD,7.46795390994063,-1.31288995343182,0.361323092608477,13.8663547625528,0.000196281051482314,0.00170853733449377
APITD1,2.67036570348256,-1.82412139356725,1.18677248868731,2.30190964707846,0.129215047866738,0.3024560020349
DFFA,1.85756005807073,-0.563902535784794,0.616000273610647,0.864920122826042,0.352365483037074,0.556263925854813
PEX14,0.2103026241111,0.256116785997349,1.85264649458866,-0.143417995631335,1,NA
TARDBP,3.3620817834408,-0.0389895967944273,0.479455555404439,0.216033193046471,0.642079192469578,0.744777832945973
SRM,1.89579065188069,-1.28699853096581,0.666646656864988,3.82572143915989,0.0504716155483591,0.158447776680504
EXOSC10,0.958146845504058,-0.840773480851551,0.906195763077693,0.933000219912685,0.33408453141921,0.541033300353308
UBIAD1,1.19270976788991,-1.78061102794181,0.832093577520341,4.91617947289884,0.0266062911644306,0.0986454053709402
FBXO6,24.5312840075093,1.92317423306466,0.210338095571635,90.3141261343633,2.03196659084251e-21,1.25776679481646e-19
MAD2L2,6.78653981580123,-0.643793278826957,0.329243886013566,3.87006829209339,0.0491545213309908,0.155427712443917
AGTRAP,24.1016769170106,-0.0597189733212342,0.192015664041191,0.0964919775063038,0.756080717888056,0.808738460327807
MTHFR,2.01222564320819,0.177411131877885,0.606320155008138,0.0968511686097813,0.755641586501435,0.808551011363855
KIAA2013,0.605151567810604,-0.831812359551201,0.9577802590836,1.51403875343015,0.218523841278055,NA
MIIP,6.25862169818216,0.844966759004119,0.377365626554018,5.25588337535557,0.0218726956430765,0.0851562127705039
TNFRSF1B,17.1657691671228,-1.03173430606009,0.228876602956323,20.6739263461871,5.44524632220175e-06,6.56859635087644e-05
PDPN,0.0192862052863319,-0.426972875039814,3.05671984711709,-1.1316226384713,1,NA
PRDM2,2.43666173163722,-0.961971073037225,0.616835744419219,2.90589352989656,0.0882563316601258,0.232817391482243
TMEM51,8.82886122248135,-0.0274033364917704,0.308405354823087,0.0316285310265556,0.858845396853985,0.877899014498953
EFHD2,16.1474747183222,0.0785195025884406,0.218999361884203,0.214748746022977,0.643070575593066,0.745645503734023
CASP9,0.71978525705406,-0.377932606334199,0.878572289144596,0.45947751299223,0.497868259426698,NA
DDI2,0.496147063889147,-0.937780341167485,1.1991225932559,0.625789639480089,0.428903920900053,NA
PLEKHM2,1.60701603964524,0.588146817161687,0.656428797331015,0.888532411138996,0.345875320617426,0.550516314166246
RP11-169K16.9,2.48427156085102,-0.270572246362942,0.584265224097549,0.218046275692096,0.640532607370883,0.743949626065471
SPEN,3.86612271483426,-0.975965877452325,0.426058822173467,5.4100522841325,0.0200211163435894,0.0793079514890212
ZBTB17,2.21876455327476,-0.192128735785931,0.585738509296993,0.322636197112566,0.570027677452682,0.704992901222589
FBXO42,1.30476936736951,-0.724854810793607,0.747347607602922,1.01943499218663,0.31265306807814,0.520918434253084
SZRD1,11.3186011819987,0.763590543876512,0.316943925385443,5.85094520807203,0.015568686943792,0.0652118343072846
NECAP2,24.7440249184423,0.608721159288097,0.192904313528646,10.000094081393,0.00156532228743851,0.0102701231021662
CROCCP2,1.33670882493831,-1.4805962523897,0.855928172389451,3.62043099003454,0.0570740858542326,0.172205809017596
SDHB,13.7240382623047,-0.286500065402114,0.225127453641802,1.63420568398379,0.201122328822953,0.400866394579897
RCC2,1.18936158786151,0.184213493042086,0.750175374233975,0.0703232500569939,0.790866708780408,0.832434076160484
ARHGEF10L,1.95814908095835,0.567119158882734,0.634496876546762,0.93452392040259,0.333690139715635,0.540841549628042
UBR4,1.62092654223802,-0.400786886499032,0.774055821885198,0.476156636210135,0.490168379470812,0.65817166454107
EMC1,0.705143301344868,-1.29940326992124,1.06419684715161,1.77829414985581,0.182358934594269,NA
MRTO4,0.351108553056053,-0.0302895002287559,1.27593546079998,-0.0713955108375721,1,NA
AKR7A2,1.93540088369039,-1.93095356151081,0.664323781339741,9.63457830761472,0.00190948040142506,0.0121635092514894
CAPZB,44.1637811916281,-0.70242768298421,0.176500762021278,15.8410243061923,6.88925354044904e-05,0.000677645998328599
MINOS1,19.089202819365,-0.386807901560729,0.221329589442058,3.07466147831398,0.0795211476417738,0.217159355057393
MUL1,1.90418216847817,0.423995971093255,0.602002126525338,0.509826986258055,0.475213761997083,0.648860463021856
CDA,2.2653417772879,-1.08362376503323,0.753525907832169,2.2781507384376,0.131208236748612,0.305058520103132
DDOST,7.09983554394272,-0.646902626043863,0.341243609325065,3.70669886873192,0.054194475049725,0.165555205934554
HP1BP3,11.1466688654181,-0.264674639219588,0.26039052329234,1.05337058150975,0.304732086813524,0.513162469907468
ECE1,0.701642991697805,1.23515698730668,0.939858924976705,2.4098387768821,0.120574783424137,NA
USP48,1.96064951840605,0.256602878920537,0.587539752560001,0.440623008527297,0.506821908877598,0.667914980129446
CDC42,40.8644660492884,-0.0991417566440978,0.184344584694182,0.298510463173614,0.584817736849609,0.71375484792161
C1QA,9.57657657756505,1.92760573167398,0.458114605251271,17.6899273637443,2.59999746589005e-05,0.000279033002994294
C1QB,14.0409773918271,1.79283668987764,0.643666457818925,7.42935344747575,0.00641683931004829,0.0329333260401808
KDM1A,0.797110936344905,-1.25777268941432,0.952874213778666,2.00085219571827,0.157210797097445,0.341263820266788
LUZP1,1.95350525339062,-1.04283320189804,0.640795439212731,3.15991399013466,0.0754671592631011,0.208881098448186
HNRNPR,14.6849745423305,-0.752682234334046,0.23038514859944,11.1928059656643,0.000821150746958603,0.00596209926227763
ID3,9.53115950916643,-1.71328514835962,0.495310283564565,11.836470274675,0.000580818195747447,0.00439957219226249
RPL11,389.043089509332,-0.236836257187419,0.0922473737543645,6.58764893720431,0.0102688698305504,0.0478173513082165
TCEB3,3.26677889053687,-0.546489771418633,0.532864165451369,1.06620480282426,0.301804267154376,0.511661089037905
PITHD1,4.31584933717875,-0.91045957076141,0.417624197449769,4.83944842085957,0.0278157906185805,0.101825068644362
LYPLA2,4.06546999106728,-0.422622944947561,0.446692778643684,1.20049804724275,0.273222157421667,0.485446616607705
HMGCL,2.26545604365509,0.493439124548837,0.562064440014977,0.78623060322245,0.375242347484841,0.573151820884125
FUCA1,7.06607432109044,-1.99474921883536,0.460702132757152,19.8142916380642,8.53421826099834e-06,9.96146466731388e-05
PNRC2_ENSG00000189266,3.5917182447292,0.995162659508001,0.509391179015087,3.90707696130733,0.0480831593706343,0.15306680551857
SRSF10_ENSG00000188529,4.05695423556511,-0.284256341883797,0.480034778621415,0.612288514193693,0.433927443010386,0.620272304821004
NIPAL3,0.565995511013981,-0.245855633310202,1.03678201110116,0.242268721983777,0.622572304760391,NA
RCAN3,1.17242223857683,0.691101054389167,0.796037063038865,0.799403038111883,0.371271911255497,0.571037629769695
SRRM1,13.74116813529,-0.434104711058855,0.26621777253079,2.80235126846949,0.094126181104356,0.242319716505561
CLIC4,11.554562132181,1.18275821394853,0.315537350660828,14.2202666361967,0.000162609739186167,0.00143998913545207
RUNX3,5.55095485434313,0.563219907016606,0.443089434837517,1.69202786278703,0.193333867817456,0.391645128469275
SYF2,33.4473035977022,0.224812435984118,0.162533770189789,1.96477060472283,0.161004028533728,0.347161395796863
C1orf63,33.0345560660703,-0.102087514024224,0.164030277550926,0.46804858003604,0.493886285396584,0.66009490881358
TMEM50A,77.1264286582144,0.897756297880658,0.126946613572297,50.7162112925795,1.06734312456115e-12,3.1295113240721e-11
TMEM57,1.10679700476837,-1.63294184739003,0.830141210243802,4.10377407859483,0.0427876007768891,0.140440502175028
LDLRAP1,0.33506934636078,0.215831395193708,1.2021050356418,0.199232029933526,0.655341444675281,NA
RP1-187B23.1,0.450278966628295,-2.02733540369456,1.29516939562944,3.16556729702237,0.0752063033340142,NA
MTFR1L,2.01192353475745,-0.164840918453359,0.563063630272577,0.138396542703305,0.709880297799707,0.783668972242228
STMN1,1.59788132217007,-1.12822976660153,0.810170668659314,2.11996133556509,0.14539021448872,0.324566976300712
ZNF593,1.92413701175875,-1.40798192600379,0.641182916924984,5.09540796148922,0.0239892707580901,0.0910064550811797
SH3BGRL3,339.136076115545,-0.619476211191569,0.124735110803908,24.4403183559315,7.66477182640311e-07,1.06143421657783e-05
UBXN11,3.7078411752099,-0.537426133286172,0.52109330469848,1.16056440659864,0.281348518231788,0.492491189132339
CD52,24.3629449555946,0.111903827604566,0.339094218333094,0.158659620979407,0.690393580896232,0.772103247687975
ZNF683,0.054604941241844,-0.0266250237101584,3.05435952883091,-0.65575946068429,1,NA
DHDDS,0.736800825107635,-0.589453432261244,0.923729670275924,0.473471688084928,0.491394350342571,0.65863179765951
HMGN2,4.00278038401117,-0.0951000044388546,0.434609174025296,0.421918539977213,0.515981279283976,0.673709798558285
RPS6KA1,4.28991640311173,-1.57557155157942,0.433786411185203,13.993713250875,0.000183422902089878,0.00161264783932105
ARID1A,1.72902661719597,0.0187782958869451,0.639282800309268,0.000911003762148255,0.975921234895566,0.976399237133066
PIGV,2.06869549973941,-0.207971071090771,0.680749064766308,0.099347495903821,0.752614073911289,0.806297035826639
GPN2,2.97384855454701,0.00811613663151387,0.47223606518098,0.0106450418194299,0.917824230365464,0.924918086446236
GPATCH3,1.64069706080497,0.516576410432914,0.719276757874266,0.53546075441357,0.46432004930693,0.641234648695101
NUDC,14.8056686866037,0.0564967019466398,0.243215728200576,0.115717786045337,0.733726121380651,0.79481592218855
TMEM222,1.78066391355585,-0.854724356955105,0.68142999960267,1.60782973795976,0.204797142561513,0.404968341276847
SYTL1,0.525117707316919,-0.636984578399869,1.19154183006077,0.271421811487933,0.602379600012737,NA
WASF2,23.2703121605413,-0.138262464018522,0.210077493652919,0.566474869437968,0.451663119513837,0.632782715221946
FGR,11.6003331077299,-0.645068973933942,0.30297883997484,4.56360474519113,0.0326582662527673,0.115548415471685
IFI6,276.87515901118,3.98667912351221,0.252599783491809,211.352882844655,6.96160731441862e-48,1.2547273418458e-45
STX12,5.9282138205506,-0.326727563146269,0.345562481615932,0.899073744730316,0.343030195674313,0.548132735095747
PPP1R8,2.54257667240352,-0.689780542556201,0.574864616800424,1.49548150759832,0.221367916841888,0.425681390798969
THEMIS2,24.1350026325899,0.482991700286192,0.220281336072643,5.22137102760968,0.0223109542098963,0.0865326122773699
RPA2,10.3842994555287,-0.673613686858334,0.297185692381702,5.18576677101795,0.0227726216838724,0.0876024015560391
XKR8,1.44570356504691,0.374697767051217,0.853772948115952,0.298069738918713,0.585095059129145,0.713861495381479
PTAFR,1.97875202877694,-1.27800030868651,0.748211087577936,3.19020833640527,0.0740805699959389,0.205772660923867
DNAJC8,18.6569383002209,-0.0971434884877146,0.195563344986136,0.249449948552353,0.61746265211518,0.732590150745535
ATPIF1,8.03345109983541,-0.880660661237662,0.326338904647694,7.33032232252818,0.0067800894289699,0.0343091560864802
SESN2,0.597055467508789,-0.399681072209988,1.17821292377956,0.0662516745289778,0.796874629265901,NA
MED18,1.09057628621242,-0.897533609880826,0.9321711205552,0.985237403407979,0.320909187225644,0.528413859652043
PHACTR4,1.24122617626528,1.60437055528375,0.762629018113769,5.2216706874768,0.0223071100513367,0.0865326122773699
RCC1,0.0192862052863319,-0.426972875039814,3.05671984711709,-1.1316226384713,1,NA
TRNAU1AP,3.34204585712551,0.270410143784958,0.488054099058536,0.723646899112978,0.394950259366075,0.587868639639375
SNHG12,0.664876767521628,-0.511637069050031,0.986630739378764,0.360135447508277,0.548431021051038,NA
TAF12,11.627774359258,-0.365481204450989,0.25373364997207,2.18654119871952,0.139221641687915,0.315747675893243
GMEB1,3.43812382913049,-0.140331976995712,0.458361964255035,0.0938660230981299,0.759318665655641,0.810363076129879
YTHDF2,8.71338831044168,-0.125812664187397,0.292161775752789,0.358987265229729,0.549069221082649,0.693751791091645
EPB41,1.42259113385705,-0.634327207638737,0.719076801734553,0.800829198710318,0.370845568333272,0.571001615739352
SRSF4,9.32310395212393,0.975199717026372,0.296470225265451,11.0094940235514,0.000906463869707348,0.00648169264126794
LAPTM5,183.035073427194,0.331389507930216,0.124282521386796,7.09291808690415,0.00773891371443619,0.0382143942321232
PUM1,2.13922443185002,0.797619454048114,0.602065917081044,1.8267353832556,0.17651363289852,0.368418100273205
SNRNP40,7.44309945047751,-0.548395870399952,0.335842076831581,2.6648679121466,0.102586341112866,0.257432063202146
ZCCHC17,3.15420249335277,-0.55277439534275,0.469053571670769,1.42682525473083,0.232283258144416,0.439295910977176
SERINC2_ENSG00000168528,1.36863334468021,-0.345657183470726,0.720982050850348,0.230930257010556,0.630834913240351,0.739150353410492
PEF1,10.7527485841519,0.443738913644096,0.28224028082784,2.48451766365287,0.11497159029162,0.278359863998111
PTP4A2,19.690739907451,-0.424934763867845,0.238279389277417,3.25323164629735,0.0712827866056978,0.200468525158199
KHDRBS1,22.6418347768141,0.187855478156229,0.212613897502552,1.12763199038821,0.288281003776137,0.499176601056844
TMEM39B,0.548868589509426,-1.69427229357207,1.09135399335986,2.95902913160797,0.0853992044665069,NA
KPNA6,2.14754744484273,-1.04454076182763,0.652447197046505,2.73149846622901,0.0983869339156877,0.248873511309853
CCDC28B,0.243195712181243,1.23438509220726,1.8903237530623,0.501102410244894,0.47901613280842,NA
TMEM234,2.38318062089095,0.180336093819111,0.5566988455578,0.197614614975592,0.656653188771429,0.754683184694545
EIF3I,15.7426272101681,-0.808405325288861,0.231792964311005,12.3995097231418,0.000429446587425095,0.0033782396505019
LCK,1.45728713119829,-0.198987219161805,0.655208496064314,0.200446727806543,0.654360501598496,0.752895447577091
HDAC1,5.5105716790092,-1.45592243540806,0.403441064900024,13.6497381681613,0.000220272034486659,0.00190116482723134
MARCKSL1,89.9179528665718,-1.02419502449554,0.265881824521859,14.4941461599366,0.000140595768594287,0.00127451312122158
BSDC1,4.04621590580886,-0.283839953362474,0.445947576192707,0.540540343178733,0.462208876972239,0.639884079889565
ZBTB8OS,6.02044540217313,-0.36506692113692,0.354438717125546,1.0667572380527,0.301679059332006,0.511661089037905
RBBP4,5.51826162210718,-0.509396064380455,0.39160193844146,1.9109009739725,0.166863211358689,0.35599153051918
YARS,1.29277134269718,-0.533870035025949,0.73227141608768,0.571981204425796,0.449472710869428,0.630867790244584
S100PBP,0.554991389289039,-0.848711637436866,1.05217603754208,0.850276834241619,0.356474034507396,NA
RNF19B,8.24322438553532,1.27943783943706,0.334094119892379,15.2121956462114,9.60809131455684e-05,0.000911430086309664
AK2,4.26369032582878,0.50593417056315,0.44348451343497,1.47732928671326,0.224192848112876,0.429061140923081
SMIM12,12.366759283915,-0.126709486474853,0.250593065675127,0.267119062813151,0.60527090926807,0.725315250493671
SFPQ,12.7641108799156,-0.430177001463467,0.303215393233993,2.27863601580628,0.131167184314178,0.305058520103132
ZMYM4,1.21509971538361,1.20541942188336,0.75041192343202,2.88069597921731,0.0896472670825721,0.235372087695802
KIAA0319L,1.05181397454464,1.06151499655861,0.797402482620529,2.43209310183325,0.118874077144249,0.285000134874788
PSMB2,27.4945984907987,0.151759506032174,0.199614012409614,0.820375507137243,0.365070399255616,0.565963116615513
C1orf216,0.833358963651693,-1.13792563503355,0.964263695394359,1.99769230479371,0.157538899839233,0.341854949792784
AGO3,1.83806889356584,-0.190753699401321,0.604343940947008,0.139579318397217,0.708699585337092,0.782788583083219
ADPRHL2,12.2039986809305,1.49317105405745,0.269476536652278,32.1806530361345,1.40482698466885e-08,2.55453405402098e-07
TRAPPC3,17.1205647051382,-0.14315167010349,0.218462108708132,0.459547960544043,0.497835310196569,0.662195524394307
MAP7D1,8.73649443618899,-0.27827447773645,0.328460452024355,0.729914756876511,0.392910820498875,0.58640516631144
THRAP3,13.3283724597413,-0.211597113032685,0.253653127139408,0.90172406218484,0.342319847013281,0.547385122613192
STK40,3.96710572620349,0.481308501051557,0.466734236098666,1.09006312566908,0.296457222686101,0.506606207646521
LSM10,13.374486754169,-0.161631867142436,0.257927183343238,0.418251418311982,0.517810844516909,0.67485003300715
MRPS15,4.45448905828039,-1.69421822378614,0.452431077367013,14.7977486336632,0.000119678294903203,0.00110118407082106
CSF3R,4.41547731006357,0.945284741421315,0.413680294243074,5.40555548967824,0.0200727595354868,0.07940985825272
ZC3H12A,2.40398075029167,-0.0954360005400394,0.55539697866693,0.0478448422845617,0.826856764305033,0.856022137361655
MEAF6,7.55269289788379,-0.386977682757798,0.345325431499278,1.26033737855278,0.261587239097276,0.473600182096933
GNL2,3.55004480293241,-0.618301305807259,0.458362433620802,1.90690354783673,0.167307623602625,0.356288763852072
C1orf109,0.393226012872095,-1.09154598407689,1.29282985107235,0.928025118140116,0.335376623223331,NA
YRDC,1.40291073143502,-1.13679804174739,0.738650488271294,2.46385423714617,0.116492621147862,0.280939308301495
C1orf122,12.0643072299354,-1.43523437418304,0.351300392040279,16.8054136809954,4.14149845941383e-05,0.000425110595632964
MTF1,5.34032669893611,0.0234471144299059,0.367386548064087,0.00500022652376231,0.943626747385091,0.946251793155922
SF3A3,2.84053594893965,-0.959924203396575,0.551324755289154,3.04198715902642,0.081136538775781,0.219904780901365
FHL3,3.14080799161219,-0.564220529315787,0.610202089136726,1.0013737060136,0.316978339374471,0.525126591967223
UTP11L,3.95332354079523,-1.58120549016503,0.466956273089022,12.4688092537009,0.00041380379232248,0.00327923140880883
RRAGC,18.2146698610889,1.18485417477289,0.230742993569453,27.0381821061284,1.99476033795444e-07,3.04835195785157e-06
MYCBP,2.51496962303421,0.17120996671935,0.526082645742263,0.108044118402873,0.742381961723149,0.800090865536309
AKIRIN1,7.6975577617381,-0.375736751674302,0.352615631246828,1.13960425095345,0.285735966806109,0.49703733414665
NDUFS5,19.3518679414689,-0.604172598760999,0.199630988961628,9.23226979687706,0.00237786693515267,0.0146595257330136
MACF1,1.58908041460855,-0.386310605527084,0.684528021480149,0.333749127451611,0.563459761004817,0.702289411969026
PABPC4,8.6754293299764,-1.222593560049,0.321241880798717,14.8257728931857,0.000117913021550824,0.00108820933142086
PPIE,3.04697085480791,-1.52149337831992,0.54010242003179,8.53043176447886,0.00349256836284581,0.0199092641186224
TRIT1,0.339955740775193,-0.382294970040532,1.28052259653512,0.046572777193834,0.829137982275229,NA
CAP1,51.2989989871604,-0.246370255169332,0.191270249454756,1.66124301397164,0.197435578160744,0.39655366206786
PPT1,10.8699872859898,-1.3489189985942,0.324629837229429,18.1975634214813,1.99133432158477e-05,0.000217908870047705
RLF,1.61517321138768,-0.234146666718323,0.663405225888141,0.142817613451321,0.705495836259115,0.780581851616584
ZMPSTE24,2.35346369795054,-0.91601871110297,0.557609803546515,2.97008166289056,0.0848175726940571,0.226494762616136
SMAP2,12.5053725936983,0.971997855538871,0.274242013467096,13.7126687708032,0.000213012729529387,0.00184110297116514
NFYC,5.06341077614818,-0.250571995818367,0.365134740415516,0.471543181548427,0.492278088253912,0.658951534473563
CTPS1,0,NA,NA,NA,NA,NA
PPCS,11.215748037777,-0.0515031404885671,0.359655753049648,0.237194540691959,0.62623974867995,0.73671326465655
PPIH,1.62620309588783,-0.901729826964257,0.682979188394349,1.84736994061993,0.174089595932202,0.365349672559087
YBX1,187.943272606083,-0.883439101170151,0.128505046742496,46.9792566290052,7.17420093237645e-12,1.90318196162783e-10
C1orf50,3.77443211138514,-0.365555787857729,0.519600255311262,0.530748642097834,0.466292284788122,0.642372094246476
CCDC23,17.6896147562739,0.0164348169086064,0.223221237814732,0.0165241665673221,0.897716612855575,0.908089700161599
EBNA1BP2,1.75106490334774,-1.65791141495278,0.707403235295769,5.62921527320572,0.0176635370786106,0.0719216978190868
ELOVL1,6.96358663806242,-0.288754628916665,0.353369086763848,0.848825849102369,0.356884711673894,0.559970412173837
MED8,8.91692921026169,-0.211427588785576,0.299334177307333,0.610410322152248,0.434633358427621,0.620931607741679
DPH2,0.174597492234213,-1.35156098950302,1.89640229533984,0.607339576785723,0.435791268496285,NA
ATP6V0B,134.926714440517,-0.572964328438412,0.110634342249952,26.8074585656889,2.24768153028013e-07,3.40093639939671e-06
DMAP1,2.27880585325779,-0.681092984928078,0.622393006919702,1.29161116368563,0.255751245911851,0.467489544226588
ERI3,0.977670782536016,0.289699329160122,0.814489838105268,0.224935983632811,0.635304412000734,0.741878989334668
C1orf228,0.436870134536023,-2.36002501263072,1.33417404693728,4.08479674494025,0.0432706552832941,NA
RPS8,179.485690885459,-0.277029595815979,0.132138332508225,4.39002109922606,0.0361498658034863,0.123861797399213
PLK3,7.42686929124976,-0.323955297591848,0.379694158267166,0.830971677847003,0.361991708654645,0.563275526248394
EIF2B3,0.300504003736578,-1.55722717047387,1.57058650416693,1.36371126209508,0.242895321636854,NA
UROD,4.66654111640267,-0.751179318344928,0.410845606728044,3.99563304788359,0.0456183129157955,0.147441467061179
MUTYH,0.574796208323063,-1.65390562459815,1.21702596392305,1.81496145147739,0.177914201409159,NA
TOE1,1.05453449057161,-0.980411647891243,0.947574806798774,1.11492395318085,0.291014089524258,0.503056231482272
PRDX1,87.3723501287996,-0.228621244598401,0.159651991969084,2.05442164916141,0.151764871749585,0.333817348916532
AKR1A1,23.1180601150958,-0.142306203418487,0.194589192505742,0.848034129999604,0.357109068338015,0.559970412173837
NASP,7.28872004322071,2.08486472975139,0.390961067622296,31.2034426464006,2.32353651200943e-08,4.06818049874109e-07
GPBP1L1,3.8506357402262,0.0128690329738994,0.419787143178843,0.604406321255027,0.436901736447388,0.622070028763974
TMEM69,2.133277978667,-0.172343775293028,0.59213067946322,0.131811016030689,0.716561656242264,0.785643029150584
LRRC41,2.25714644705867,-0.106540316634309,0.568094387368089,0.0416864883498533,0.838218550116323,0.863911912037771
UQCRH,24.0885203287437,-0.367472559606304,0.198033052274416,3.50633324148325,0.0611346204091175,0.18142031664265
MKNK1,2.73796233363457,-0.453817724189234,0.618529707514773,0.840567290339507,0.359234575905563,0.561153793782864
MOB3C,2.33703877545983,2.01597750939945,0.624172685018423,11.9725489998345,0.000539900352552219,0.00412532339206982
ATPAF1,0.799341509839316,1.00058197383129,0.903150912224037,1.44444315618959,0.229421692314408,0.435666603812424
EFCAB14,3.24808341064208,-0.270685489879007,0.474291759961801,0.344976192177292,0.556970856455053,0.697877171599619
CMPK1,7.62005723622702,-1.28324727714205,0.372411341078693,12.2786503971888,0.000458169583733991,0.00358577676771635
FAF1,0.884743894438632,-1.46284925353285,0.905159775388828,2.8917200867358,0.0890358202379631,0.234369203787903
RNF11,7.66379723085805,0.136369412777612,0.315155926521294,0.202065639015856,0.653058662644197,0.752103643052742
EPS15,2.40115601058338,0.105222005106959,0.547509211030372,0.0369948154999804,0.847475602963177,0.869904605520661
OSBPL9,1.92598503273581,2.31596999044368,0.685132555223869,13.4738702040769,0.000241908809726189,0.00206752745606986
NRD1,7.74623623849422,-0.456043969360844,0.322930710570143,2.09691718332937,0.14759646482418,0.326877895353297
TXNDC12,12.0868602846345,-0.409153244313936,0.25263920983047,2.64916035134181,0.10360460660443,0.258927010306668
KTI12,2.80401670147472,-1.33432046272416,0.84429336097337,2.42503398127974,0.119410652327148,0.286050614567078
BTF3L4,9.72408629242263,-0.107425642859272,0.281062047149091,0.16766438851667,0.682195936236516,0.767410094223653
CC2D1B,0.824537066468783,0.168265255223654,1.00574852403369,0.177874359008314,0.67320638266791,0.76296557165411
PRPF38A,7.30884661190212,-0.0130739691473153,0.302793338280751,0.122477833673244,0.726362463713171,0.790472238968977
ZCCHC11,1.92660460934514,-0.346246958445578,0.614510498588694,0.380489806435399,0.53734121676679,0.686005620072268
GPX7,0.410376641032741,-1.06736098328445,1.20187961646322,0.984401912230883,0.321114455923451,NA
FAM159A,0.897771879746776,-1.65887995838451,1.04303360331803,2.92089707559627,0.0874392403551333,0.231259242510253
SCP2,5.96676744516473,0.0336782916583336,0.415993169752466,0.00807529306111121,0.928396374406372,0.93357613757175
CPT2,1.92182483377704,-0.0172923913477128,0.594002704864521,0.00142240759915069,0.969915060264875,0.970865646733609
C1orf123,3.42593155175111,-0.3943521522502,0.468768533932366,0.704653512230081,0.401224450632634,0.593746301250128
MAGOH,16.823380424982,-0.118029661454816,0.223960142536269,0.291543522329633,0.589233098608189,0.715906851378803
YIPF1,3.21013177845582,-0.230814639475488,0.593295039788278,0.152819584202831,0.695855294384093,0.774795815557105
HSPB11,6.98425068668076,0.474720608854461,0.356015475221633,1.78044070561529,0.182095219639546,0.375717005370753
LRRC42,1.6353378019421,-0.836694909518427,0.756540215914337,1.45932938164987,0.227036853277806,0.432460756621856
TMEM59,72.8104902941935,0.0421844462060494,0.119548437861455,0.172673929684336,0.677746253605399,0.764606775683556
MRPL37,2.50905296541555,-1.28743861667922,0.546894433183386,5.8036224586461,0.0159931919782676,0.0664449358934397
SSBP3,1.91841052766967,-0.642319468599845,0.683392051721931,1.7086561585644,0.19115981991979,0.389207431740338
OMA1,2.09133675462596,-0.19874644282215,0.633038838030914,0.278629315529948,0.597601022312203,0.720851869129177
JUN,12.9297130462878,-0.73695359198875,0.376893689414447,3.9372014518771,0.0472292858078195,0.150959629684874
TM2D1,5.23474566989705,-0.509128261292786,0.382822852698905,2.13707367235341,0.143775920924857,0.322272310634338
L1TD1,3.68730664096985,-0.146722478801129,0.541301385967598,0.0735767585928073,0.786198481475195,0.828801702129708
USP1,5.7667134583494,0.611654433108048,0.364233858405314,3.31496501638591,0.0686517819289104,0.19549169129199
ATG4C,0.58450906819161,-0.594642917052789,1.18168605118361,0.465094217158928,0.495252757934728,NA
PGM1,0.398944062650751,-0.0546421198177071,1.27774615165945,-0.0528934381534469,1,NA
JAK1,34.6435053319115,0.2033883867441,0.172448324889948,1.65115677006867,0.198801561612474,0.398195440666815
AK4,1.09557943225475,3.30949114353736,1.04586966903524,11.4869358301371,0.000700870892330013,0.00519968139007061
LEPROT,16.4814701896191,-0.102232719966692,0.239631479931531,0.187536789417052,0.664974682385501,0.758705461321632
PDE4B,8.41417425702219,1.1331488212095,0.304855533880628,14.5457262110168,0.000136798605394349,0.00124933212199191
MIER1,9.01790656703313,0.469338812459039,0.41930594423928,1.51509362498227,0.218363486588075,0.423378582711083
SERBP1,10.2458312775011,-0.517934003953193,0.26325683252161,3.88891026062592,0.0486059521264279,0.154204446725945
GADD45A,0.517844315712114,-0.497972293763024,1.27381493528085,0.270738711880057,0.602836668128457,NA
SRSF11,13.4078761350394,-0.370919376463996,0.263951472898746,2.16132834477362,0.141522300558934,0.319286936061437
ANKRD13C,0.728021533447786,-0.550067091649226,1.10175401070236,0.370765846210595,0.54258711203583,0.689577642593327
ZRANB2,8.0151493414325,0.616877297006979,0.308954634025336,4.01914174217288,0.0449866010871097,0.146115554048728
TYW3,0.833149950042917,0.36635916139019,1.22247802198233,0.145330383390196,0.703038360337498,0.779485990980312
ACADM,2.53336182612259,-0.546492528907495,0.521527105825026,1.18117925890115,0.277116052603763,0.488259680953381
RABGGTB,2.67673332362728,-0.795706011200343,0.49979004186226,2.72891963936112,0.0985459265489157,0.249026572326497
PIGK,0.85813800233519,-0.144790207073334,0.957511361629814,0.514120106962288,0.473360712054458,0.647990196520538
USP33,2.54602527599095,1.27902626120247,0.682767494368131,3.81320793046295,0.0508499735499646,0.15924641450961
NEXN,8.71111312506824,4.40188923314702,0.556848562209421,101.455224522799,7.30972099318682e-24,5.14873221221251e-22
FUBP1,7.21801573320386,0.432199200590368,0.324179564181409,2.1461905282506,0.142924127675942,0.321055371846837
DNAJB4,4.6444150269741,2.04501465921519,0.476978783116803,20.1858721192291,7.02700040336261e-06,8.329102218918e-05
IFI44L,51.9932002959762,3.86185496990852,0.365680334522208,106.296585969732,6.34857507868647e-25,4.63143667645127e-23
IFI44,27.7041553751091,3.13436674746269,0.301164299466769,117.345447007434,2.41180179104276e-27,2.05271130215417e-25
RP5-887A10.1,0.0628635903131331,0.255249397474148,3.0559717001647,-0.626907398203485,1,NA
PRKACB,0.329221846243222,-1.12857216246532,1.72002525490727,0.621059711399397,0.430653763027976,NA
RPF1,3.45582657126408,-1.10078752763939,0.477810724793399,5.41834473644562,0.0199262421384459,0.0789831900545901
GNG5,114.5848858371,0.831425875194667,0.105936336581284,61.9061111352729,3.60229855641142e-15,1.37968034710557e-13
CTBS,7.15739757168866,0.456067730488631,0.341720734062258,1.79078021621041,0.180831130258676,0.373990268722635
MCOLN2,1.09977404785439,2.60706357218188,0.996397599161084,7.06459381973254,0.00786221364316998,0.0386674520107108
C1orf52,5.61745694374134,-0.0600855890474567,0.346685835396536,0.040828090551102,0.839870114272056,0.864995640379691
BCL10,6.28139050551656,0.238088095394171,0.361218817021156,0.466622496970473,0.494545095175111,0.660543230870331
ZNHIT6,0.0754885811226386,-0.151445043127143,2.86172319177423,-0.553303901501424,1,NA
ODF2L,4.29173935426241,2.12140990395758,0.514452356303589,18.7624346093608,1.48054835844728e-05,0.00016496000619209
SH3GLB1,36.0814072695016,0.91884054532729,0.165010790897629,31.5377838260003,1.9559702257977e-08,3.46421547505443e-07
SEP15,17.9917844030428,-0.40150911004712,0.207322915867946,3.77682410573028,0.0519672090954695,0.161243067006095
LMO4,7.54650130370782,0.942161666274266,0.342800978841019,8.31801045270321,0.00392538914022092,0.0220281910725951
PKN2,5.78268455869536,0.600753464886732,0.363047107345685,2.77230880992013,0.0959077347351247,0.244965034922211
GTF2B,21.9938500457492,1.91777486085623,0.262831670431609,54.6785618176899,1.41946298089392e-13,4.67659631554729e-12
CCBL2,1.45018467852268,-0.476741338441965,0.743571067824671,0.419397650005301,0.517237758297734,0.674677092986061
RBMXL1,1.63595346521321,0.0265300856301681,0.668433118936221,0.0647621320287328,0.79912162434371,0.837669742384238
GBP3,21.2716286789195,2.0902995208299,0.281944470684329,56.6529963313864,5.19915710120651e-14,1.81025197251099e-12
GBP1,258.269236850857,2.07750531653675,0.156771787327192,167.266119431519,2.92617982701618e-38,3.32067221851022e-36
GBP2,89.5176994126579,0.36065452207669,0.166400333067979,4.6890594093428,0.0303552596131285,0.109357454973105
GBP7,13.8864709752465,1.71952371841731,0.450425806680812,14.4976322884341,0.000140335819242236,0.00127451312122158
GBP4,79.2610322611498,2.08309278521004,0.19207257210197,116.741290996422,3.2706563679025e-27,2.74555920856254e-25
GBP5,82.7256793662989,1.6761110420745,0.226100678976373,54.0579454904054,1.94663349415782e-13,6.2784052906311e-12
LRRC8C,2.08975059376575,-0.980593591703229,0.599102062177942,2.79314256615213,0.0946684092637056,0.242936371415197
LRRC8D,1.93123603736371,-1.30474995545382,0.848155255350265,2.50749774020232,0.113305713629285,0.276143093779205
ZNF326,2.52114608233043,-0.958887606382318,0.584240182296436,2.80993782469005,0.0936820064976683,0.241719299291668
ZNF644,1.82771190381959,0.408726187246756,0.696109461201032,0.344359196477967,0.557323753750133,0.698044008597022
TGFBR3,0.022234463984498,0.188771910975805,3.05638018485058,-1.11593092664981,1,NA
GLMN,0.370063231908866,1.48168214365693,1.22215811353468,2.20807233558922,0.137290127564117,NA
RPAP2,1.15246535224244,-0.163137328385761,0.735712879016175,0.161632040801884,0.687658360126591,0.770385542690911
GFI1,0.126310826850225,-0.0998981727213641,1.83637207220704,-0.365278115455435,1,NA
EVI5,1.71428451828578,-0.989251453050206,0.688504760945963,2.36808621710768,0.123838786247833,0.294027153090554
RPL5,67.9822436043937,-1.35280539179213,0.204728544233218,42.5339050557401,6.94675481999244e-11,1.61862028657466e-09
MTF2,4.50470310013148,-0.107055189742676,0.407405406585095,0.222968686600765,0.636787178599753,0.742151356116259
TMED5,10.2477371894657,0.0639537191714501,0.288980065091638,0.068821819386045,0.793059996345953,0.834026369934443
DR1,7.07566023300065,-0.235577008265932,0.35933871295589,0.649289697142862,0.420366745852996,0.608985205339754
DNTTIP2,10.8157924663049,-0.658109964202185,0.305682017698278,4.72984675126636,0.0296435264051874,0.10723466930991
GCLM,4.71058110417379,0.763094884005748,0.396657010984182,4.49089752785848,0.0340757829482095,0.119187441727527
CNN3,0.0657133220577737,-0.77775912053681,2.98926579326427,-0.453582760139142,1,NA
SLC35A3,1.03717494925885,-0.225637233447754,0.90063428879273,0.224626634085077,0.635537043672859,0.741878989334668
HIAT1,7.71994741707807,0.766217269482491,0.315332562979056,5.95447488388032,0.0146799748581408,0.0625148616613529
SASS6,0.488164071488666,-0.190364095120756,1.10359576742577,0.269782613122231,0.603477634505754,NA
TRMT13,0.538258941044251,0.157195256121713,1.13939123272472,0.0169602961278272,0.896383113823875,NA
RTCA,2.63416641726845,-0.512613062244227,0.534770582150955,1.28742316542152,0.256523372035333,0.467936652804191
SLC30A7,1.41646311796161,0.442074816845288,0.727933949579436,0.516338191222822,0.472407899073456,0.64719776559851
DPH5,0.563097644893881,-1.01281643465764,1.02324121645219,1.13525982087115,0.286656184024483,NA
RP11-421L21.3,0.149457461244395,-0.0318716055348155,2.3423373063725,-0.352146400046767,1,NA
RP4-575N6.4,0.102038434670313,-0.382439171594581,2.21784049749394,-0.449015680793046,1,NA
S1PR1,0.303556561800859,-0.0796003678351887,1.39888563649975,-0.160250216804769,1,NA
RNPC3,1.00290624060123,0.612891314620091,0.806012784221955,1.13916464789175,0.285828910824542,0.49703733414665
VAV3,1.60165179089855,0.844063536644222,0.757842675833104,1.25463764902907,0.26266855648747,0.475378887819024
SLC25A24,6.56096665490823,0.811377116162205,0.367599418742093,4.91599403277425,0.0266091473691521,0.0986454053709402
HENMT1,1.15803571342947,-0.856913604691508,0.966190479140467,0.786821517901537,0.375062962398019,0.573151820884125
PRPF38B,4.89652048018344,-0.410262562599722,0.397753621130879,1.18063023645672,0.277227729292746,0.488316046308119
STXBP3,4.53981317696852,0.626431130326203,0.427881580629367,2.20967037128447,0.137147972924278,0.312501516912138
TMEM167B,6.31612317264333,0.568492542908207,0.346690447550989,2.71347298180849,0.099504149760196,0.250827408363012
SARS,8.2329376997773,-0.514937286345087,0.304814080492931,2.97531514446234,0.0845436598905744,0.226039942325236
PSMA5,35.541511750009,0.701154737450887,0.180973666440744,15.2797537818434,9.27048356895392e-05,0.000882135455132758
GNAI3,14.6237856376105,0.849414166968109,0.224938599607034,15.1488564725398,9.93584718164172e-05,0.000936721100447699
AMPD2,2.01904871312491,-1.69262670800299,0.683784912990578,6.53771492333284,0.010561091955251,0.0487704382078209
GSTM3,0.426173608576661,-1.07776866330556,1.12529357959564,1.31970286936563,0.250645383300347,NA
AHCYL1,2.15538318525082,0.510236913779145,0.575551870284545,0.786496666943158,0.375161563118267,0.573151820884125
STRIP1,1.49878478397959,-0.24045751830778,0.867232271580125,0.0922197059237249,0.761374000391574,0.811990928367484
LAMTOR5,33.9140910498663,-0.421120126913273,0.162111268097713,6.78848067736801,0.00917479605853718,0.0437875001921463
KCNA3,0.991975941879296,0.406873423277104,0.850250123489279,0.330089687584454,0.5656062815488,0.702907177718728
CD53,89.9892958042606,0.841842530092891,0.113606330807143,55.4680470428892,9.49905937682901e-14,3.19836460775869e-12
LRIF1,2.32585622191344,1.17645593716011,0.557781454758151,4.6459247373087,0.0311273620598091,0.111548815615503
DRAM2,7.50979091238808,-0.273802985523789,0.317426952032843,0.844379550443193,0.358147213767363,0.560647213296726
CEPT1,3.71832663115689,-0.427027167224831,0.447874693046208,1.09816914716467,0.294668251315226,0.505618829477472
DENND2D,2.29663956396112,1.0999668212776,0.559244123569535,3.98327470534763,0.0459541400901479,0.148111276902122
CHI3L2,0.452887884445489,0.633309293801448,1.33702219132511,0.465463071947696,0.49508180562613,NA
WDR77,1.0016340968526,-1.43510670026046,0.917098711060227,2.38085134177434,0.122830591801735,0.291972795407692
ATP5F1,15.5291229769268,-1.02423936063823,0.248445308973513,17.3513051733981,3.10684831191093e-05,0.000327126571398456
C1orf162,31.8584244253318,-0.646669520665719,0.217351228615415,8.87428653496292,0.00289215247953136,0.0170907525502104
ADORA3,0.63632478313105,0.64632749572462,1.00051059957752,0.481386452594784,0.487794980869544,NA
RAP1A,30.661408994482,-0.0871909378315913,0.169204101717705,0.302102818309677,0.58256713592674,0.71228479827595
DDX20,0.971157079914702,-0.705771413124492,0.829645717623189,0.773587443015629,0.379109531039532,0.576043443146603
CTTNBP2NL,1.72781732622877,1.16144193694514,0.691210279938998,3.50923921381367,0.0610274736722023,0.181277924703469
ST7L,0.926421215038467,0.674387293533694,0.862862897018512,0.641461591856434,0.423182028676676,0.610818295635497
CAPZA1,8.39760522369292,0.492132453485949,0.38206478753673,1.64590010725119,0.199517868252868,0.398515481308205
MOV10,3.24728932267458,2.20482162366936,0.543350016426374,19.4799932379466,1.01658897270178e-05,0.000117540702353142
RHOC,29.9891973584447,0.209371860243136,0.190241781666383,1.26035184928429,0.26158450083186,0.473600182096933
PHTF1,2.78357829792164,0.0947670784564145,0.517306807663883,0.0397229393577589,0.842023272740256,0.866337205012956
RSBN1,1.80741902998227,0.266038846520315,0.635088621569138,0.177025334905629,0.673942182825923,0.763317434118573
PTPN22,0.495344372457458,-1.6247418324435,1.48542664957076,2.01046330073548,0.156217605411042,NA
AP4B1,0.398294463158869,-0.868446495448816,1.420354550188,0.582979738121516,0.445146723181383,NA
HIPK1,1.62433115977595,0.12162438433196,0.674078837802205,0.0433402642254208,0.835085889177831,0.86164713970142
TRIM33,2.39057843744668,-1.51115548746303,0.695928142285884,5.1414889640693,0.0233606042616125,0.0893180421036344
BCAS2,9.3988175777614,-0.357296737644641,0.319055325927615,1.36841355843035,0.242084643400916,0.451047338023962
NRAS,3.99956194626435,0.542075735671521,0.448666524852941,1.5537965319412,0.21257584396913,0.415928458548038
CSDE1,18.2973324759022,0.0689691777251585,0.211467349474998,0.106850245206516,0.743758983144281,0.801011432110396
SIKE1,3.01074776866021,-0.0449285646947251,0.46915372507377,0.598249620289764,0.439246655622259,0.623368111545438
TSPAN2,0.244510698744935,0.94796462338273,1.61353350733421,0.437750048692685,0.508210414875936,NA
ATP1A1,21.4924627703513,-0.652295156365964,0.216826817388464,9.19786815969388,0.00242297142582756,0.0148926468379853
CD58,25.4995601173393,-0.0503627098792567,0.202691420697554,0.162967381871837,0.68643908562883,0.770385542690911
CD2,3.20754826084803,0.0368828715569925,0.669200416480833,0.00518154374965718,0.942615483990175,0.945392419949557
MAN1A2,1.20622763355568,-0.994712969192064,0.833174650497932,1.42460289526131,0.232647272376748,0.439476721678395
FAM46C,0.32961250245861,-0.196267059628982,1.45675676578498,0.0507465130769873,0.821769339708891,NA
WDR3,0.452370677788849,-1.62692547770957,1.16843234707895,2.3785396362936,0.123012493863818,NA
WARS2,0.430173173603912,-2.01141236795363,1.19418672854513,3.63008445108207,0.056743937064241,NA
PHGDH,0.0579766435615073,0.529637862663308,3.05444486517633,-0.54610040653149,1,NA
REG4,0.0383630408079537,0.255249397474148,3.0559717001647,-0.896928335543295,1,NA
NOTCH2,3.79040666993913,-0.199460556613986,0.441285537601154,0.275560133663546,0.599626139785617,0.722072874224731
FAM72B_ENSG00000188610,2.47289209546452,3.40832964252402,0.773311672792335,23.2141325351174,1.44928346255381e-06,1.93069762141951e-05
FCGR1B_ENSG00000198019,3.95480387220186,1.59654400587094,0.57622932626459,8.18924324756533,0.00421394979114282,0.0232850174212112
RP11-343N15.5_ENSG00000269996,3.338856689985,2.88016579631861,0.647888779934627,23.4990020808238,1.24978574452788e-06,1.67953663211993e-05
PDE4DIP_ENSG00000178104,11.8837576537362,0.360886437730982,0.394368824242972,0.85707693932261,0.354557984198688,0.55839921027231
NOTCH2NL_ENSG00000213240,9.59658275197759,-0.20993254643327,0.325915786172043,1.14923323534893,0.283709717829981,0.494712912237662
NBPF10_ENSG00000163386,3.98413678310041,0.124260929446544,0.448502841279046,0.0860988635012063,0.769196494546346,0.817127333629408
TXNIP_ENSG00000117289,20.2654898110463,0.835142315067718,0.277149610274339,9.17544544776875,0.00245283660531187,0.0150309827173512
POLR3GL_ENSG00000121851,9.41191377227576,0.0584710690112814,0.28896371200708,0.144752816909914,0.703601052167379,0.779827680897395
LIX1L,1.68534943645327,-0.914185994109146,0.692452701208824,1.99406060168648,0.157916954568697,0.342311672301724
RBM8A_ENSG00000131795,37.4553402868468,-0.242421156353011,0.155681155824358,2.48818206727584,0.114704149052751,0.277997283030395
PEX11B_ENSG00000131779,2.18135924545694,-0.279907071231907,0.683817660005792,0.169760071025081,0.68032512820347,0.765803156802143
RNF115_ENSG00000121848,6.29520789817848,0.137759884348701,0.340053423521785,0.169842595180299,0.680251736204296,0.765803156802143
CD160_ENSG00000117281,0.0353187359555121,0.255249397474148,3.0559717001647,-0.938112282886839,1,NA
RP11-403I13.8_ENSG00000235999,0.670670619518526,0.637971111320213,1.01637973593299,0.508655706743966,0.475721370085143,NA
FCGR1A_ENSG00000150337,10.7299354084184,2.0996053149592,0.406262826949011,28.0122207498841,1.20551733494868e-07,1.90889153192907e-06
HIST2H2BE_ENSG00000184678,3.43844032089728,1.52830973530957,0.479724968816846,11.4046498848166,0.000732605061506775,0.00540410600403454
HIST2H2AC_ENSG00000184260,2.73362862501931,0.32542721489435,0.502923074530898,0.58775711750615,0.443287740385674,0.626202690890597
BOLA1_ENSG00000178096,0.739894427019138,-1.54840952273405,0.942118721810191,3.1716863508092,0.0749250481449335,0.207618111874282
SF3B4_ENSG00000143368,10.1727380607935,0.261654651231805,0.294805178907349,0.805700529336676,0.369394451392515,0.56979722291887
MTMR11_ENSG00000014914,14.7892467133305,0.744636011292194,0.286118488165831,7.42133752929831,0.00644548848420431,0.0330184656479717
PLEKHO1_ENSG00000023902,12.0769383485153,0.73283724780533,0.246692422983001,8.92537579835977,0.00281235485766297,0.0166997195424018
ANP32E_ENSG00000143401,2.70732843659813,0.863121734289999,0.603139051821365,2.10571055958107,0.146750160287154,0.325751360196524
APH1A_ENSG00000117362,17.3960258268821,0.0901134859981296,0.218841914458699,0.17127952612509,0.678977146993982,0.765269809964893
MRPS21,6.54836465201202,-0.703610162169945,0.325467647265872,4.90576484709148,0.0267671951112027,0.0990515529235809
PRPF3_ENSG00000117360,2.8291624573311,0.482975202121292,0.494299440546024,0.961872272610677,0.326715610435423,0.534324328996069
MCL1,45.6013151452316,1.00603150871513,0.174209671402739,33.2734453217379,8.00685621605933e-09,1.50048975204928e-07
ENSA,13.0278421657423,-0.0499674135336453,0.23624797421431,0.30279654747666,0.582134525057147,0.71228479827595
CTSS,206.334266128674,0.552467714490555,0.105106118741092,27.7699737783327,1.36630262247319e-07,2.14135613056667e-06
CERS2,2.69112943156181,-0.753118484472569,0.498273717783599,2.32648843403735,0.127188509428329,0.299658279806537
CDC42SE1,14.6684042110487,0.2524057682554,0.220182159753718,1.43051330067097,0.231680685819521,0.438685124148654
MLLT11,0.655248145344255,-0.833660590748301,1.11160135561501,0.744830561022226,0.388117857521351,NA
GABPB2,0.351648695870079,0.416437886429112,1.24711471034159,0.138131914395355,0.710145250168815,NA
TNFAIP8L2,5.34052502836707,-0.461313085537471,0.48165431667413,0.925446907691153,0.336048844790031,0.542780000230182
SCNM1,7.92119877405046,-0.119662678992366,0.352785760767053,0.616388757942957,0.432392420265857,0.618920356620353
VPS72,3.13670979101001,-0.207730623000179,0.526259087755648,0.157781813785064,0.691207012047414,0.772272144002127
PSMD4,18.5411342420677,-0.211888067740637,0.204470873085949,1.10373225401165,0.293448487165519,0.505127058806264
PI4KB,1.54470226979627,-0.950432096982013,0.680858991545917,2.19294110875872,0.138644354704204,0.314904598082788
RFX5,1.15243481246632,0.86492803995828,0.783977802748853,1.25227130690965,0.263119112976884,0.475772772004234
PSMB4,12.5176241551692,-0.900229985166558,0.283658565604168,10.0708299777343,0.00150635160274781,0.00995784533078597
POGZ,2.07783848485953,0.606279162617849,0.647169036662525,1.36711510918701,0.242308166899156,0.451055985652427
SNX27,3.7926176622856,-0.433097714071604,0.438570274140673,0.979339311230419,0.322361974020367,0.529812136941462
MRPL9,3.47150069006544,-1.14037390017798,0.556159760085878,4.23657627013951,0.0395618713405123,0.133132975054728
THEM4,0.352434285122282,-1.18385744561327,1.36840607185931,0.808651129937086,0.368519345250778,NA
S100A10,289.092139612369,0.00439025133437971,0.123290170756886,0.00132204431659488,0.970995366381446,0.971788274568921
S100A11,818.792504060376,0.383803735412564,0.0786906649785264,23.7183509501228,1.11514145925673e-06,1.51430210179613e-05
S100A9,33.3441952093114,-0.902461429661756,0.341655902093267,6.85222629528695,0.00885308871382023,0.0426172251675494
S100A12,3.91282563962535,-1.08990835181833,0.569158686443762,3.72818217375479,0.0535015905306705,0.16417513609011
S100A8,34.4515390442579,-2.38901699922759,0.374574552182274,39.1371491891904,3.95055005676115e-10,8.73970063098641e-09
S100A6,292.870919320175,-0.487268074076346,0.128215082791179,14.4976040719932,0.000140337921307434,0.00127451312122158
S100A4,275.649882094419,-0.49729012297773,0.136057405703101,13.4080392225697,0.000250548177324966,0.0021294857567925
S100A2,0.870011900913066,-2.58530657356511,0.926776289260857,9.13158162373343,0.00251234433076931,0.0152734583918198
CHTOP,12.5723459123944,0.173630576468793,0.336077757889179,0.266533753019033,0.605666495267345,0.725332085792122
SNAPIN,8.40033162012417,-0.00415336930724717,0.309080538940804,0.0058084570602972,0.939249453980258,0.942633582376518
ILF2,12.6600701167513,-0.17651588402569,0.241005970110795,0.639943974847924,0.423731085411589,0.610826650529808
SLC27A3_ENSG00000143554,6.24373175266968,2.77269804846097,0.497978540789938,35.2270428666468,2.93420633515537e-09,5.91474224402371e-08
GATAD2B_ENSG00000143614,1.53935874684918,0.763649504632662,0.665091542898674,1.35160357850187,0.244997972601309,0.454128123442474
CRTC2,0.928816314369,0.493662864406812,0.955517838694387,0.33367217253889,0.563504738683372,0.702289411969026
SLC39A1,5.90285355543953,0.0467789604073308,0.501920065299699,0.0607358202093167,0.805336703914741,0.841593335878161
JTB,41.1831568242148,-0.541927158689641,0.163267679346098,11.0160366544026,0.000903269957933486,0.00646639988576683
RAB13,10.1978753626489,-0.130270297188064,0.361824718189747,0.150521580233431,0.698037415085785,0.775906635161562
RPS27,213.028889524335,-0.271102876209558,0.105092832372625,6.66039200894411,0.00985792274776276,0.0462249220672762
TPM3,55.7441928192981,0.844302871615327,0.146321656770441,33.3379710526248,7.74554320234856e-09,1.46495952913555e-07
C1orf43,18.8262490229342,-0.241172519787492,0.209382660559624,1.33608701450926,0.247725211647258,0.458074863299457
UBAP2L,1.63007760819546,-0.772981668823979,0.676416459819521,1.33310729429071,0.248253178350935,0.458759955655586
HAX1,16.5160488502127,0.0142902038120695,0.215584650624116,0.0769240528660902,0.78150994416751,0.826178960416667
IL6R,2.21110303071998,-0.841680231007251,0.574256982223493,2.39737604985032,0.121538959420536,0.290132321044604
UBE2Q1,1.38163828811367,0.150905041083247,0.717484579932098,0.0638302289623383,0.80054143181895,0.8385842554165
ADAR,17.6963367904228,1.51558482698238,0.261737699785882,34.5893884710638,4.07119595011673e-09,7.99624640458824e-08
PMVK,4.82240258744466,-1.44753376624764,0.432986148232555,11.7842800098233,0.000597329904420387,0.00451348662674245
PBXIP1,1.61720647792042,-1.90766457369965,0.871509452414663,5.06459770744744,0.0244193725506336,0.09236619282192
SHC1,2.95779579545067,0.456462131758957,0.479123517535935,1.22844539867585,0.267709584162137,0.479966159082965
CKS1B_ENSG00000173207,7.36325687065707,0.358219489735788,0.343804542908975,1.15970434017483,0.281526866111388,0.492491189132339
FLAD1,2.77169972182047,-0.0436783487131883,0.485347308505554,0.00919858272335006,0.923592654274135,0.929813666073911
SLC50A1,2.75263972930408,-0.164440308039726,0.47943024216898,0.132543165967959,0.715809634208271,0.785544670205638
DPM3,1.79454556423788,0.346030299657722,0.736325315730474,0.224728763638893,0.635460220298744,0.741878989334668
KRTCAP2,5.81783172692638,-0.228009177495919,0.352339524839005,0.421767465045619,0.516056428595397,0.673709798558285
SCAMP3_ENSG00000116521,1.67439227337084,-1.02916906599691,0.73330927113282,2.00254876447709,0.157034956850915,0.34100291126237
FDPS,5.57185132448131,-0.93750341106186,0.392534002318817,6.43353672285076,0.011198537307034,0.0509462781124755
RUSC1,1.50389216346523,0.371538704666677,0.779393543305109,0.253865501589672,0.614366315096338,0.730468913253853
ASH1L,6.28133262427104,-0.875856566901048,0.3561069974239,6.47889744701217,0.0109162677007516,0.0501837122807245
YY1AP1,3.43006660924326,0.389322808113555,0.455461263570397,0.753109008605072,0.385493681915507,0.580757799605309
DAP3,4.36365877082098,-1.54285506824816,0.458589974201448,12.0919963948121,0.000506387244545213,0.00391810736688518
GON4L,2.34454802301434,-0.610839226914859,0.549259484598746,1.23702626747674,0.26604493520266,0.478408010502435
RIT1,11.2347047366569,-0.079007901562497,0.345112175535954,0.0633534860094187,0.801272041785614,0.83906272591631
KIAA0907,1.61262797478162,0.126432540765478,0.682850572733019,0.104529520593843,0.746460288804097,0.802299221523522
ARHGEF2,4.21729321391706,0.221536009653179,0.482043196515202,0.219782490200842,0.639205699908661,0.743273724675574
SSR2,34.8889544607951,-0.47776778484261,0.154914404090176,9.53000148774119,0.00202139956268381,0.0127966286364942
LAMTOR2,16.9968404500701,-0.2722001022056,0.244960060862124,1.66427516597714,0.197027086723166,0.395992780399988
LMNA,21.6884314139411,-0.0534103610450363,0.267197982813189,0.123343107810058,0.725436528908197,0.790104225375138
SEMA4A,4.4914064780878,1.7934104056652,0.696887453881854,6.46725033542151,0.010988041135697,0.0503625400744588
PMF1,4.72399327478014,-0.874205679064706,0.453353672444111,4.21960631566266,0.0399594310311953,0.133882664493803
C1orf85,1.43350645949983,-0.9945921572352,0.787220284346358,1.61087097701258,0.204369412793169,0.40460784254564
CCT3,13.5361439174052,-0.783740641026214,0.250000976605386,10.181017758181,0.00141893838202242,0.00945136348373194
APOA1BP,2.21804700542953,-1.12746200414537,0.590859468431934,3.81097627930563,0.0509177641437274,0.159259852365218
GPATCH4,0.63686546032997,-1.17528214056734,0.955376244939142,2.13789149905193,0.143699278079536,NA
ISG20L2,1.56886040529886,-0.361227641346941,0.673290353390834,0.295179897297594,0.58692009197453,0.714367210193629
RRNAD1,1.67522626282084,-0.835290976668272,0.678851765452794,1.69059740588401,0.193522236653793,0.391775443083728
MRPL24,1.10040306155653,-1.09052243671514,0.805312290499632,1.85260945230124,0.173480204375149,0.364528110995501
HDGF,1.2604255415315,-0.489944237046521,0.849927894667136,0.38341463727437,0.53578142197923,0.685156209075276
PRCC,4.29796092972823,0.0617772370677521,0.409917519443397,0.469803830573454,0.493077429491071,0.659445326914292
SH2D2A,0.654616911957957,-1.02673014742606,1.03067430124792,1.09629832003939,0.295079905898012,NA
ETV3,1.19635188346617,0.0372614487162139,0.863100139022745,0.17477863444978,0.675899340140841,0.764175663965063
CD1D,1.04085948114758,3.15918444805621,1.12452543018244,8.98340909406953,0.00272441883205817,0.0163198813322116
MNDA,35.4873135391852,2.38330718526432,0.356842150663852,43.3373563098011,4.60703541731097e-11,1.08584280912622e-09
PYHIN1,0.287913436309401,1.52710082337746,1.26024991675544,2.26938155543491,0.131952548903933,NA
IFI16,43.1203616512692,2.69092854562272,0.199563825054478,198.963365769085,3.51602179811643e-45,5.1300432330613e-43
AIM2,19.1779951874445,2.09832791416486,0.282872772408959,58.0315535711337,2.57946934871454e-14,9.29822833466041e-13
FCER1A,0.0814777690911523,-0.552415847297284,3.05608535745399,-0.424037835744382,1,NA
DUSP23,4.14542324509785,-1.4230955285563,0.453866175406135,10.3683108247675,0.0012819678885548,0.00871908903558695
TAGLN2,16.7536678052766,0.407309379528051,0.240714732749425,2.88845943234809,0.0892161985214657,0.234743179278464
IGSF8,1.01795264122652,1.21539913616264,0.899670220461245,2.06490896983841,0.150723928675726,0.331885100583847
PEA15,22.3041610475681,-0.268846855543416,0.249355758069094,1.18768832526165,0.275796344858597,0.487396610674821
DCAF8_ENSG00000132716,2.10700843902678,0.140961975191523,0.547699507734869,0.722321305742859,0.395383532826489,0.588227795377694
PEX19,1.73003204078818,-0.373847501776382,0.676391134514962,0.616163171711136,0.432476659113634,0.618920356620353
COPA,3.00976501552007,-0.390967594516451,0.472122766495083,0.843173821750391,0.35849063106907,0.560647213296726
NCSTN,3.10969138784051,-0.216089241229701,0.496205498669014,0.661687285051741,0.415964899478428,0.605221768602807
CD84,5.82125701743784,0.388497101116364,0.410519364109397,0.945676221687862,0.330822325259282,0.538168093758662
SLAMF1,0.358947332764369,0.256996701024307,1.33554105531808,0.228182917400748,0.632874453252154,NA
CD48,93.6812024533101,1.2784368596931,0.156786197490969,66.7098598134593,3.14557817097392e-16,1.32938641598126e-14
SLAMF7,64.1128816274313,2.0024600305319,0.214311613977384,85.5893451619304,2.2146556215086e-20,1.2803216649627e-18
LY9,0.359143987993384,1.7978449859545,1.46303590588028,2.38243298131378,0.122706308630366,NA
TSTD1,5.47164414671027,-1.02718394158121,0.421612387458905,6.13553154133648,0.0132491711553433,0.0575414038553819
ARHGAP30,9.22666231416153,-0.0161241422573711,0.301198887777411,0.00318821000327318,0.954971985192449,0.956689279918151
PFDN2,11.7288546375721,-0.317316374445281,0.252103196437814,1.67608377744966,0.19544564013271,0.393774014631733
NIT1,4.88126424569944,-0.493899314689456,0.376424139420537,1.73602539615635,0.187643224332679,0.384240557710063
DEDD,1.5065606913537,0.469532563688143,0.669553804232078,0.821330143304174,0.364791550052762,0.565963116615513
UFC1,12.6328636913459,-1.0033868059464,0.251450026270717,16.3287481544656,5.32499639742929e-05,0.00053232590413453
B4GALT3,2.64973253930499,-0.276719118125827,0.62346698177097,0.236217279931395,0.6269516441227,0.73671326465655
NDUFS2,13.4964896846715,-0.344238700890235,0.272736070355022,1.6113708387399,0.204299211448891,0.40460784254564
FCER1G,616.462431288577,0.114663909245681,0.102739231565742,1.24543454408172,0.264426249416788,0.476842453679063
SDHC,20.0930379781775,-0.0227083615924482,0.218968929622512,0.019916250552626,0.887771236338828,0.900263285496224
FCGR2A,16.7697184780218,-0.0197271884095602,0.246882185242146,0.0126797287608582,0.910344274482738,0.918891404057028
HSPA6,1.18851071923967,-0.770920342510315,0.809978210880087,0.956712756747656,0.328016488322126,0.535308932207188
FCGR3A,395.918241021756,0.235942756411357,0.184559271408704,1.6378833208575,0.200616132472839,0.400057162314857
FCGR2B,2.00857203966074,0.777136028100402,0.681035694192562,1.35193658055357,0.244939846336071,0.454128123442474
FCGR3B,10.4819340544434,2.98692211006,0.50485066699001,34.8956590183451,3.47855564514845e-09,6.87631903015152e-08
FCRLA,0.27923756832591,0.752661030505611,1.80605569791084,0.0232401669850688,0.878834184802968,NA
DUSP12,1.82917113766124,-1.07111170637782,0.638966578933646,2.87472359236997,0.0899804234292804,0.235842615386925
ATF6,3.59006537075099,0.226962550992374,0.463723883328214,0.365829105335507,0.545286587556428,0.690811011188872
SH2D1B,0.248590184648018,1.70683531852273,1.81395048779144,1.35818716615234,0.243851908729679,NA
UHMK1,1.74925165374603,0.967265652941706,0.728928159017965,2.5097413738383,0.113144498853878,0.276124846267051
UAP1,2.7292875699869,-1.65285531618043,0.586680634111351,8.49147089579651,0.00356815217803367,0.0203206581921046
HSD17B7,2.24364008136401,0.86622934763985,0.584429928749906,2.38184480273816,0.122752510637518,0.291900421104661
MGST3,12.9704503837533,0.123867105207061,0.278362486583093,0.222042287435229,0.637488184510453,0.742645129148479
ALDH9A1,1.99851307200967,-1.03689476113424,0.671090903981233,2.76095077620477,0.0965908168314394,0.245809188348447
TMCO1,15.6970147284469,-0.456316583130936,0.261221317513164,3.10681095661111,0.0779654780852157,0.214247735294261
POU2F1,1.21647904922491,0.215992334482511,0.80514543457609,0.651776274475608,0.419478330113477,0.608417327085298
CD247,1.26164685346131,0.254982377373178,0.798719880504045,0.204555670768315,0.651068498610708,0.750799352556722
CREG1,19.1703247916249,1.00943416361257,0.259625865891131,15.1865148468003,9.7396475327555e-05,0.000921058025937125
RCSD1,2.49385352832598,0.521121386724654,0.602728123431005,0.831827129525976,0.36174472703545,0.563216068440959
MPZL1,4.82194751239068,-0.47757565075134,0.455216289915969,1.09300131954704,0.29580716898798,0.506142887939054
MPC2,8.6198090052905,-0.24137605269013,0.326286122089097,0.55235657895075,0.457356392836191,0.637046681721796
DCAF6,1.50389052871326,-0.816169852462062,0.6482543140971,1.84903192065079,0.173896029707804,0.365068472096411
TIPRL,11.2884779709042,0.778021906795929,0.288086302085704,7.41718840639186,0.00646036884985607,0.0330184656479717
SFT2D2,11.6236774976222,2.28500023515843,0.305672876204378,63.5315012173829,1.57822739091174e-15,6.36274832335995e-14
XCL2,0.149593801507601,0.582391795207699,2.03119734226322,-0.17877895038237,1,NA
XCL1,0.416341604352844,0.146374261421102,2.81271423130514,-0.0283937801250538,1,NA
NME7,1.95338773056835,0.584445665606287,0.597757524182437,0.989411483537566,0.319886255600755,0.527986623755249
BLZF1,15.3863348447259,3.30594439194878,0.339028688237402,120.751095856711,4.33213711184364e-28,3.84744003208374e-26
SELL,13.0880525211661,2.63394560924331,0.341645340331512,65.5365366390669,5.70465044359225e-16,2.39439026837899e-14
METTL18,1.43626093073587,-0.79878909114969,0.681006122578453,1.40924742033879,0.235181365911377,0.442466966624685
KIFAP3,0.663255830017972,-0.706572467198079,0.982318114026492,0.589078841115651,0.442775546359475,NA
PRRC2C,12.0632829251677,0.0290668366838265,0.253951707778485,0.039834236311961,0.841805034443721,0.866337205012956
VAMP4,2.99229754248943,-0.0605891339417955,0.489091391665367,0.0414473360926735,0.83867688719202,0.863911912037771
METTL13,1.65737580513334,-0.37760076561245,0.637593614443149,0.541530004370969,0.461799333859203,0.639526851500383
PIGC,3.86803410546286,-0.367833238995291,0.473458915308269,0.749448060548005,0.386651034340468,0.581589970161607
SUCO,1.5250095711408,-0.743356200215798,0.681586094216304,1.20779324845318,0.271769604166114,0.483847801955244
FASLG,0.417069799215384,0.283094656222342,1.23208485408028,0.201680242865187,0.653368007065285,NA
PRDX6,20.4112588552933,0.504051077634089,0.193929339184994,6.81246245921473,0.0090523846495521,0.0434061135621716
KLHL20,0.820775950388779,0.000185688063571021,0.942615753808487,-0.000574078465817252,1,1
RABGAP1L,50.635726529925,3.72023114281187,0.269181795843131,203.161905374721,4.2644174848714e-46,6.53308758682298e-44
CACYBP,19.8755641971883,-0.0656949551189382,0.216412401527036,0.373048585280486,0.541347199441454,0.688564925431635
MRPS14,6.45219439354214,-0.398729881824311,0.353862366713265,1.51264773896733,0.218735509036734,0.423778437994659
KIAA0040,7.88627228554967,4.58796204365339,0.66458057264952,63.271875782585,1.80056856653088e-15,7.1186349520653e-14
RFWD2,4.9129924745641,0.31178601642241,0.421186695154897,0.57221567245854,0.449379808085092,0.630867790244584
RALGPS2,0.382440592933439,0.854849245507758,1.18384272199416,0.736049803967546,0.390929212556215,NA
TOR3A,6.89798161015031,1.17185259430457,0.335985102709189,12.5526003373359,0.000395655347988348,0.00317768803731664
ABL2,2.17123574324881,0.354845744042637,0.642543516833168,0.478965708165902,0.48889118217919,0.657722319296175
SOAT1,3.88101770846065,0.930670630649576,0.450302378479267,4.38758719430437,0.0362015102831435,0.1238653573507
TOR1AIP2,1.44195958897238,0.290717170761492,0.698561102527272,0.228784318188858,0.632426706908419,0.740166321607103
TOR1AIP1,4.6316685151749,0.329063548506323,0.415343054724007,0.895827274549205,0.343903041741141,0.548811937445237
CEP350,2.77811586995236,0.814475992184285,0.560720955532809,2.23152650363855,0.135220195184986,0.309883828008075
QSOX1,14.0594705175849,-2.01168908414507,0.287904168782403,51.8451848766085,6.00537673547868e-13,1.83801997659919e-11
ACBD6,0.696307524955538,-0.626195988307144,0.981397516188447,1.00534752730454,0.316020013288231,NA
STX6,4.46312320198998,-0.95931885430325,0.429104008688209,5.1082402515371,0.0238124612618692,0.0906352562812016
MR1,8.58317820892655,0.394348117498491,0.30657997248155,1.84405333420401,0.174476613816947,0.365536697577881
IER5,5.16919178305369,-0.303343898281288,0.359928384377584,0.715511691422137,0.397620113834519,0.590265517824111
GLUL,110.590888388653,0.647472614072,0.187508179641808,11.8555126408905,0.000574909075028379,0.00436020149972018
RNASEL,1.90579903440998,-0.278384466326346,0.656823279612855,0.366196439050121,0.545084869818138,0.690809102324928
RGS16,0.644784732969126,-1.8666783827222,2.23445444480349,0.620069493437974,0.43102146294159,NA
NPL,16.0948725450065,-0.406671420578929,0.280650218155346,2.11875730946586,0.145504563037503,0.324566976300712
DHX9,2.33202222953629,-0.599587472796999,0.587622633184695,1.08389257488238,0.297828389631249,0.507957798959169
NCF2,33.2761272831612,-0.253622535304384,0.187405559427732,1.94214791740285,0.163435506265669,0.351127117325438
ARPC5,166.07599737172,0.194934759533841,0.113221306940231,2.95808410997057,0.0854491353759387,0.227560441756938
RGL1,7.18220785636207,2.71825192918957,0.4435472448319,44.189215725945,2.98119157688679e-11,7.27838326022401e-10
TSEN15,1.84896354949323,-0.559044211845859,0.60634392369223,0.971854383157805,0.324218136165148,0.531743839822219
C1orf21,1.31276477608816,0.0528498813033344,0.987521732999477,0.0137739731933664,0.906572742651746,0.91553687656063
FAM129A,1.94459841777122,1.0866800706352,0.625203281806388,3.0955371962973,0.0785072363199685,0.215390548186394
RNF2,2.93873128285065,-0.446879119018406,0.50521348654802,0.987550653994425,0.320341753773175,0.527986623755249
TRMT1L,2.04564273745565,0.0132289158752076,0.579382296441459,0.0322856637929547,0.857402132142909,0.876716213210703
IVNS1ABP,10.1392374991859,-0.63951825829013,0.3281028730229,3.84932250276391,0.0497660891925251,0.156795164304264
TPR,8.71542290586053,-0.624690980019025,0.295497610982732,4.55374899081848,0.0328467513959953,0.115947518752684
C1orf27,1.93635898452736,-0.375022783497186,0.622442761396229,0.384414198270072,0.535250248578239,0.685048772616426
RGS18,1.77691040013355,0.463001375011025,0.620751305223968,0.557613147210283,0.455223543557874,0.635088651049603
RGS1,8.4543136478223,-0.37414556572668,0.481900947112138,0.630362899447974,0.427222231257108,0.614558176794262
RGS2,39.6405097012434,-0.720697888833866,0.289387009866198,6.25626124022853,0.0123755107024648,0.055154276061603
UCHL5,0.963895779457515,-0.11582195885688,0.800773275542066,0.126710527086061,0.721867359511592,0.787959241020135
TROVE2,4.59907229113732,0.132075270319993,0.412236141577675,0.105539861402718,0.745280226507468,0.801990998796804
GLRX2,2.97237371920902,0.183446087174815,0.471233766088177,0.238845514454553,0.625041191208977,0.736552080347643
CDC73,9.54018904749354,1.17235903486535,0.311530654887608,15.2822790904007,9.25809794557879e-05,0.000882135455132758
DENND1B,8.33404179569338,3.438722897959,0.52089289452311,52.6560428572046,3.97386330846275e-13,1.24881201816717e-11
NEK7,2.4614086202982,-0.184102933865968,0.556816875279957,0.119075814934057,0.730039012204796,0.792442749139447
PTPRC_ENSG00000081237,77.0719326191879,0.233908885810062,0.133568208617077,3.24788852538602,0.0715155293012495,0.200846546085269
MIR181A1HG,2.41542864467187,0.415019139098286,0.579129185532227,0.597523479442238,0.439524493950706,0.623500020492999
ZNF281,1.47676717828132,0.440189005315097,0.706389447498911,0.634576477303007,0.425681584339689,0.612773490447173
DDX59,3.26473174089334,0.583301542405643,0.54634218276397,1.21776128244773,0.269800449072328,0.481666158431991
TMEM9,0.301327483510338,-0.934420631850622,1.78974896899628,0.399899432699868,0.527141198568464,NA
IPO9,0.77166102839621,-1.01078478066587,0.945405666764263,1.89129875300275,0.169055507910922,0.359338242274758
TIMM17A,6.86230958339701,-0.549510524795838,0.327144425809922,2.97581988843855,0.0845172929323067,0.226039942325236
RNPEP,11.4463127680928,-0.182020673209419,0.329457217942204,0.308799958054834,0.578417514234865,0.709976159520661
ARL8A,2.50697765003895,1.23492746313821,0.592344696492496,4.56078241314686,0.0327121259151421,0.115661217509274
PTPN7,0.708170909348696,-0.655592614103566,0.944583702540275,0.577493169841183,0.447296599238164,NA
KDM5B,1.0325673279091,-0.906617894867261,0.895608296485769,1.12464643968823,0.288920150635701,0.500000757722557
RABIF,9.33790392113782,0.178026565940967,0.301903798960228,0.347352323342577,0.555615755774265,0.69727899885003
ADIPOR1,12.1768534906037,-0.670861715874552,0.265442424641092,6.50577069611458,0.0107524948573618,0.0495423221698593
CYB5R1,1.18014616049324,0.186759447890961,0.81632700143405,0.127328142831892,0.721218557840517,0.787642810070056
TMEM183A,2.80664938458481,-0.307006317797208,0.482091861334075,0.539910183057088,0.462469951883347,0.639884079889565
BTG2,33.6597426239798,-0.630574224001483,0.246949013962119,6.45756736475181,0.0110480793547555,0.0505517700343996
ATP2B4,0.182241743468636,-1.2052056474996,2.22724632006423,0.423385279142309,0.515252671074951,NA
LAX1,0.0357421795770092,0.255249397474148,3.0559717001647,-0.93225660744326,1,NA
ZC3H11A,1.79538393253083,-0.598092811715403,0.639171778419598,0.897894726746955,0.343346840164325,0.548209858396817
ZBED6,0.466673715113705,-0.634726291886686,1.18300160437495,0.345695657602342,0.556559886147363,NA
SNRPE,4.26598923138044,-0.525700085972803,0.445160521848627,1.51491293981559,0.218390943203285,0.423378582711083
MDM4,2.08052094751737,-0.270865946937613,0.838690141502338,0.128007135971217,0.720507323396361,0.787642810070056
RBBP5,0.494137686157186,-0.311181493557123,1.10936988137478,0.125781913010215,0.722846224776839,NA
DSTYK,0.333755072985517,-0.270674293610259,1.41962713755789,0.0998115536577764,0.752055894297227,NA
NUAK2,0.726531736473047,-0.134935619664615,0.954276327204198,0.27682022792672,0.598792966399386,0.721796341332656
NUCKS1,2.15652159061128,-0.248280646687073,0.563082295772842,0.31846716065867,0.572530284612803,0.706212879248643
RAB7L1,4.46033204031401,1.90381631491557,0.498463509564722,15.7026226640198,7.41213240247868e-05,0.000723273047171805
SRGAP2_ENSG00000163486,3.06950922440741,2.89107633816818,0.64441215523969,24.4110383838292,7.78215151592422e-07,1.07407712814378e-05
IKBKE_ENSG00000143466,2.09277107780877,2.58757068386289,0.730267694112807,14.855752021905,0.000116053612187265,0.00107591003855304
RASSF5_ENSG00000136653,20.2118211458826,-0.361347166319471,0.216287941312656,2.89519444009885,0.0888440552282163,0.23396492068694
EIF2D_ENSG00000143486,0.593507265146245,-0.802669341791763,1.40963213087491,0.775327044269389,0.378574116798339,NA
MAPKAPK2_ENSG00000162889,1.49656570264867,-0.710735020811772,0.684848918818008,1.10601899688574,0.292948970324575,0.50483444604865
IL10,0.975248828953788,-1.13455565699004,0.940873868939039,1.48265439645715,0.223359678734395,0.428269121177838
FAIM3,0.900170778414943,0.491142358878046,0.977432416112656,0.354206595354228,0.551741483499053,0.695693788247366
CD55,20.4557065945789,-0.328160159711647,0.2423104971692,1.88138664451681,0.170176630215019,0.360021432961931
CD46,4.74023188011105,0.599318048814659,0.42327832090715,2.09282599044812,0.147992091832672,0.327280959491379
G0S2,18.5453287721982,-1.87302066325624,0.792907954569327,5.17793679442896,0.0228754715270441,0.0879412100669742
TRAF3IP3,3.75165268987069,-0.718397907091117,0.478810808117327,2.30736889563599,0.128761841790787,0.301835627706283
DIEXF,0.148101421651678,-0.62360843546168,2.02122311584184,-0.199875943702743,1,NA
SLC30A1,2.54367307209933,-0.944922019869451,0.531315647902946,3.68789687209993,0.0548086846493606,0.16693221646684
LPGAT1,3.87985547462668,-0.465332969915756,0.456127234713408,1.06064570721037,0.303067960323993,0.51233116161805
PPP2R5A,1.91582741844213,-0.7762155526977,0.731013124815784,1.48436226444719,0.223093250848913,0.428031209664709
TMEM206,1.19853943469729,-1.45120633255483,0.815044673458478,3.5728073408845,0.0587329389421152,0.175825818191149
NENF,10.2325663705684,-0.557366938432972,0.277184914654783,4.05947966411634,0.0439240320866317,0.143326128129329
ATF3,16.3020500842944,2.03239644965654,0.294085544856014,49.2423300301744,2.26216117228676e-12,6.38825975289092e-11
BATF3,4.83705898636357,1.56106621790343,0.41399681670504,15.4381683258287,8.52489725263749e-05,0.000822686147467126
NSL1,6.84629485821699,-0.135985377159037,0.331314378224815,0.17222791527422,0.678139331892971,0.764606775683556
TATDN3,4.58850487324778,0.507402604671444,0.410572829489566,2.21164796195578,0.136972282908548,0.312276665769129
ANGEL2,1.1818000317721,0.291028560067718,0.832001519244409,0.235101007275297,0.627767034965717,0.737247295950539
SMYD2,0.404451858727961,0.201383948708359,1.18832465727785,0.144646153148223,0.703705109426671,NA
CENPF,0.0827522293839815,-0.151143094948537,2.78168778939593,-0.517948375544661,1,NA
GPATCH2,1.35974071196989,-2.1009668222628,0.985429590953422,4.4991115270855,0.0339124693634051,0.11881967539105
RRP15,0.606884383742143,-2.85062878536265,2.90801039193208,1.44169756840393,0.229864834432463,NA
LYPLAL1,5.37597038186523,-1.63637282530872,0.385597669366721,19.3552365546629,1.0852124410978e-05,0.000125003418027206
EPRS,3.09096501375319,-1.45741820815671,0.597787350232705,6.33709883248474,0.0118238118072275,0.0532375597021971
BPNT1,0.507124697462844,-0.631280363341749,1.25343689068129,0.216445177125486,0.641761967316437,NA
IARS2,0.737881104185607,-0.747093979032222,0.903271267984217,0.749884513706526,0.386512796876453,0.581589970161607
RAB3GAP2,0.893897020150949,0.0152929621322492,0.876331952930333,0.39701685056604,0.528633914796561,0.681314661970115
HLX,2.14244857432587,0.122970893934134,0.565986811741087,0.252066778549498,0.615623540314081,0.731396094425104
DUSP10,5.10115681953103,-0.943659193832247,0.446502674291786,4.47998584951002,0.0342940049753154,0.119622081052269
MIA3,9.5830688038112,1.76383629580032,0.323241081203958,32.2345604605059,1.36638547114714e-08,2.49202683547312e-07
AIDA,1.70877031148509,1.12313689386319,0.641877417411371,3.49064145921347,0.0617166664419344,0.182440777595839
BROX,3.52098213077233,-0.0997037544339685,0.468290144728108,0.0643173459617401,0.799797915463493,0.838091933303742
RP11-452F19.3,0.853130723249313,-0.511343689113907,0.892845834615463,0.367952599177009,0.54412239751553,0.690634227832471
CAPN2,21.9736915136125,0.657165422067351,0.206623341860662,10.3022862595143,0.00132865495980027,0.00898675231087866
TP53BP2,1.69074818823178,0.437863476993706,0.650667185174659,0.4621395886454,0.496625727623977,0.661735694472653
FBXO28,0.780659496576954,0.732515248038357,0.953501433130604,0.769265362157732,0.38044441439701,0.576927337645354
DEGS1,5.79147585214327,-0.111543741438511,0.352701805102069,0.294736355217921,0.587201227291145,0.714529213828462
NVL,0.20834841718098,-1.1153732589486,1.82115484616597,0.566354706257805,0.451711105981282,NA
CNIH4,21.856248778286,0.804355519939177,0.207603132017893,15.8909229498171,6.70997600966026e-05,0.000664276784930502
LBR,2.61466782931365,-0.630146945856112,0.598411062154145,1.12623522511566,0.288579799137399,0.499552827433328
SRP9,23.8098789193311,-0.196976499077632,0.232037092619118,0.718631571806938,0.396593145539522,0.589026368363109
EPHX1,0.581327352926,2.30247235063489,1.03548844141925,6.10558853217513,0.013475506776278,NA
TMEM63A,0.804387213471638,2.11444329741507,1.07064524327093,4.28009328430355,0.0385612319047219,0.13090252992117
PYCR2,3.15101078064384,-0.16997593444662,0.551926949849762,0.273731089393266,0.600839836403174,0.723084547815917
SDE2,0.978899138881273,-0.144995766305037,0.788416695661051,0.0335657424190643,0.854633594508891,0.874615007874162
H3F3A,16.7814352082835,-0.847405557574138,0.283323584000659,8.93833120325486,0.00279247726098758,0.0166300297913818
ACBD3,1.21276007621278,0.00818144516491901,0.742905328088266,0.00519603339666475,0.942535443772901,0.945392419949557
PARP1,5.39275311617813,-1.11765359389554,0.465454518722679,5.87389434851545,0.0153670207245666,0.0644993856165373
ITPKB,0.460315037057383,-0.584064169632296,1.2190522652541,0.478952414201864,0.488897213476396,NA
ADCK3,0.484891252772519,-0.223835748766616,0.999573249084334,0.368962771820762,0.543570189862594,NA
SNAP47,0.792889963207166,-1.17120561396065,0.900684559067421,1.80890318268426,0.178639859456953,0.37111656330305
ARF1,53.5658028421827,0.0865076397016827,0.143272905059303,0.448569183103032,0.503015210770011,0.6652362180266
C1orf35,1.38534471654629,-1.81095678758458,0.782211580391558,5.70987986074309,0.0168696938644911,0.0692414494317493
MRPL55,4.16160303212324,-1.31704454792662,0.491993156426645,7.35959951622674,0.00667056476792391,0.0338387590213888
GUK1,48.1144766480541,-0.310345985286402,0.15533068599208,4.09583380957744,0.0429890210119067,0.140906594381275
IBA57,0.265229211144594,-0.559956808382762,1.57050984757334,-0.0889535517343418,1,NA
TRIM11,1.58863972662851,0.087476880454496,0.646827793687811,0.174483416331135,0.676157608837193,0.764175663965063
RNF187,3.1652672868714,-0.366137455127975,0.501469599399199,0.666942609693962,0.414119587523146,0.604399342006616
RAB4A,6.46262597120986,-0.845882941599945,0.379699510678252,5.19774519176887,0.0226162068354549,0.0871100663027453
GALNT2,2.2205142367213,0.234362168240866,0.641927620015145,0.230046280623235,0.631489514232742,0.739493167058713
COG2,0.509776755421536,-1.04808477567315,1.07357128058183,1.18279485450573,0.276787752365977,NA
ARV1,1.16045947120758,-0.314101962790605,0.8444983085805,0.164326496022419,0.685204055301371,0.770163325547835
C1orf131,3.24648021591116,-0.75917681985266,0.469630058301271,2.64479556799401,0.103889520625723,0.259321785089382
GNPAT,1.5513665193717,-1.71459758058349,0.729304225218601,5.88556569791261,0.0152654926451318,0.0642053199260915
SPRTN,2.14247338872524,-0.737154587101595,0.600411702779588,1.52981178007355,0.216140695391966,0.420479422654593
EGLN1,1.99416277386083,-1.10094235147599,0.643760628715126,2.99590201519793,0.0834754141995735,0.224434982095958
RP11-295G20.2,1.73215407855363,-0.219134832866707,0.718972316661951,0.0957138194282479,0.75703514358389,0.808900357141713
TSNAX,1.31490101731552,-0.807770695855518,0.763280349369894,1.28852564077497,0.256319834142049,0.467780093567858
NTPCR,2.41683980569568,-0.407899184980933,0.634939088349758,0.537115483931075,0.463630628011217,0.640759695185552
RP5-827C21.4,0.410883407051814,-0.64315964966919,1.1289848631762,0.322912837393662,0.569862372342461,NA
COA6,12.9643013895865,0.804171437492356,0.287073281999433,7.95296300664262,0.00480087124643838,0.0260351672550216
TARBP1,2.37941121250176,2.74985003540782,0.735265530374624,15.4782940740347,8.34581630959801e-05,0.000806674484940325
IRF2BP2,3.76325747592551,-0.944158618711142,0.489500384001826,3.78979865025563,0.0515658511732945,0.160406361266643
TOMM20,4.85921740627078,-0.733977025255035,0.411768128028088,3.30917393247927,0.0688941155885138,0.195999600894342
RBM34,0.948049326992968,-0.549884740227799,0.861741677001998,0.399925171006529,0.527127904197227,0.681054142298252
ARID4B,15.1036891416619,0.66133022730243,0.235016418623222,8.46269499872325,0.00362504340939191,0.0205530458513029
GGPS1,6.58464947005893,0.336460497277083,0.345362037953335,1.06335289661621,0.30245171085582,0.511854207159476
LYST,6.15927981937741,0.0288466690057641,0.35407768967993,0.0331493107898098,0.855528166963676,0.875238164800235
GPR137B,16.249784200322,0.269052613150958,0.279706584341181,1.10753570081897,0.292618260456,0.504548311782321
ERO1LB,1.15941457647084,0.844536879851984,0.750604253069759,1.81942990173513,0.177381152093018,0.369348182135921
LGALS8,2.19298662150478,1.08346169172225,0.614972487038156,3.24172638321551,0.0717849597377878,0.201326422550647
FH,3.16880150352949,-0.79526480468201,0.570798149170813,2.38786071374494,0.122280863856794,0.291230910887849
KMO,14.3253892204915,0.462231362536133,0.257267450902052,3.22574740326782,0.0724886992462793,0.202225548077356
OPN3,2.17458807960277,-0.497332809045369,0.597838991014342,0.693089142172397,0.4051156322987,0.59762845323217
CEP170,3.32905898080423,-1.38616119308841,0.755968765336415,3.49115759464151,0.0616974281786872,0.182440777595839
SDCCAG8,3.02965902255503,-0.0746312734926705,0.465932873654601,0.0340535521822076,0.853592952263682,0.874280062087889
ADSS,6.99319482980282,-0.998242380956206,0.372677779489723,7.21139341205722,0.00724422319973037,0.0362092983425348
DESI2,2.50938484419079,-0.545661195952878,0.635881927257804,0.818308212269102,0.365675269540114,0.566159184371354
COX20,7.19700210544403,-0.501690088841664,0.316418162530164,2.50660319463154,0.113370061164111,0.276143093779205
HNRNPU-AS1,0.424020133477985,-0.640898954956916,1.08188908183942,0.596688061961331,0.439844477874612,NA
HNRNPU,26.247134665959,-0.0718047527259493,0.195645103492614,0.234457388170071,0.628238259236193,0.737431732510655
TFB2M,0.436420243565508,-0.878759558302357,1.30762638249386,0.586599707267847,0.443737011247483,NA
CNST,1.12447868140801,0.371929673421761,0.805306411427897,0.346708684993075,0.555982203048476,0.697310466696902
SCCPDH,1.31700085332795,-0.19848935498159,0.699673775515768,0.437431781362562,0.508364636874975,0.668653894563178
AHCTF1,0.754610807415877,-2.94113223348624,0.999527776469582,10.4578875989559,0.00122126854517928,0.0083806647758775
ZNF672,2.19186743523861,-0.222147150142906,0.595301585085668,0.231715130073859,0.630254991395411,0.738753364053382
PGBD2,0.689524442515193,-0.117099668676416,0.984549025651742,0.456725013929741,0.499158532841998,NA
SH3YL1,0.290250830215402,0.749286251560943,1.27868355435814,0.47998157006268,0.488430664744829,NA
ACP1,7.71642714533363,-0.208126343451005,0.338371002982186,0.787160315010652,0.374960167395838,0.573151820884125
TMEM18,3.80057283582661,0.244511390632708,0.41237095482396,0.421880351459166,0.516000273618976,0.673709798558285
TSSC1,1.28465049092759,-0.454016080247843,0.776403140263694,0.659551174348806,0.416718440324132,0.605992074586208
ADI1,4.64437668958549,-0.821669740536444,0.453641431974143,3.35465017561188,0.0670154483104712,0.192531958390327
RNASEH1,1.72229343229926,-0.572946980156459,0.641482074611609,1.00525222480692,0.316042951969114,0.523718553181917
RPS7,155.023160942631,-0.73715192130347,0.148216256285893,24.5371716686468,7.28900020301254e-07,1.01285698966124e-05
CMPK2,29.0789750926159,4.72935985020367,0.382497899249874,215.215778604344,9.99989513458275e-49,1.85695022377949e-46
RSAD2,205.464307531702,6.0376247576584,0.609513768868324,70.2244493229236,5.29263798969706e-17,2.28403419724391e-15
AC092580.4,0.0686615807559399,-0.217675266920857,2.9476718897768,-0.575339052443578,1,NA
ID2,23.7723123515633,-1.13975188846076,0.345733859386143,10.6283873213226,0.00111364789940657,0.0077638615785705
KIDINS220,2.58702056795411,-0.335827461692918,0.523796871749126,0.409300928699565,0.522324539725043,0.677186074671432
ITGB1BP1,14.4672239115818,-0.251067767074244,0.291555076878604,0.949784632484835,0.329774123315175,0.537318752373144
CPSF3,1.53013403638629,-0.324062581167478,0.638530654129686,0.574923991297013,0.448308860906287,0.630084932109335
IAH1,7.58622346188916,-0.9257295417321,0.361445857863561,7.30213586288608,0.00688726918496307,0.0347940524035067
ADAM17,7.52721508935768,0.653641763690278,0.358824078727665,3.36851090344624,0.0664537953933715,0.191292666954409
YWHAQ,26.2181433090701,1.05434789121669,0.230731848349692,20.8215196325747,5.04133188731913e-06,6.09334946853879e-05
TAF1B,2.77852325882463,2.25672619750535,0.607047530810744,15.6792729885621,7.50420345497216e-05,0.000731093144230038
HPCAL1,4.64455153621671,0.737795197737811,0.433474759123663,3.03259619760419,0.0816073406203208,0.220985321838854
ODC1,2.5592722103182,0.040891475394429,0.577496817996521,0.308702238063717,0.578477637807875,0.709976159520661
NOL10,0.496875923492995,-1.53073125303832,1.18911754935489,2.33114596740644,0.126808493021088,NA
PDIA6,26.2189197358767,0.558554202362101,0.184958379728432,9.14189695549986,0.00249821958870045,0.0152329250144839
PQLC3,10.4672922404393,-0.33379255811116,0.339130795157565,1.11429195357853,0.291150872412416,0.503150746233302
ROCK2,1.27057789081072,1.38783382149877,0.82735095567547,3.06067892755266,0.0802081492581239,0.218257343984806
E2F6,0.316203209113851,-0.327547395802535,1.21415654047182,0.0074553541308795,0.931192650040745,NA
LPIN1,1.07418568846707,0.235585699426685,0.825104707100061,0.0875095845779299,0.767367403623562,0.815827107807978
TRIB2,0.463764434675277,2.29051189170805,1.16602017260557,5.16197064561478,0.0230866878382409,NA
NBAS,0.605340557630994,-0.691122571488533,0.961963557015373,1.31598275389157,0.251314295344625,NA
DDX1,2.13658675746568,0.00298149278449086,0.581253697900946,0.301704707583781,0.582815690719113,0.712349679327784
FAM49A,32.4404775908394,0.605428309106033,0.199047392363311,9.3515132067261,0.00222801436783289,0.013847131892576
SMC6,2.7793599760176,0.173361362526351,0.509360183257123,0.121862095517237,0.727023606725734,0.790770440542296
RDH14,5.74901710715266,0.816981415047538,0.353472627792323,5.43349091822061,0.0197541523643102,0.0784533024552771
TTC32,1.68354960908636,-0.912847330424068,0.690296793788312,1.88246474978202,0.170054277097613,0.360021432961931
LAPTM4A,56.0522427515117,-0.0946307202548744,0.15481620168348,0.468094473727149,0.493865108295877,0.66009490881358
PUM2,0.844798668096826,-0.300480178132137,0.900389599256064,0.128267104229458,0.72023557414917,0.787642810070056
RHOB,3.29561821193078,-0.203433873390898,0.464258948281138,0.206073228420507,0.64986273299726,0.749973413899663
HS1BP3,1.18177964818274,-0.143441370414624,0.779327268470615,0.172889617418129,0.677556378736157,0.764606775683556
UBXN2A,2.85501763142223,2.70556391010236,0.634095159648293,22.287261978155,2.34758716188438e-06,3.02863455326895e-05
SF3B14,17.7881079973572,-0.21342071586037,0.202760346843893,1.17524544615576,0.278326058061995,0.489001145983427
TP53I3,0.882228786928197,0.527362148410584,0.944493431987504,0.402734803676154,0.525680259500741,0.680331284101487
ITSN2,8.83297193353281,-0.0587608621022431,0.287572606657153,0.0432726165746544,0.835212795337212,0.86164713970142
NCOA1,1.33506908587702,-0.372940808190568,0.709286736109424,1.02023626355949,0.31246297332632,0.520743296313215
PTRHD1,4.49879094113168,-0.231631809866183,0.397129477907129,0.351403897668419,0.553319491536516,0.696393888711392
POMC,1.6425837172241,-0.373066422161557,0.650337626974312,0.380536875748319,0.537316049528638,0.686005620072268
ASXL2,1.12716737792826,-2.14990360347105,0.856573686033023,6.69465269879753,0.00967025043921608,0.0457565806900541
RAB10,41.8634219705722,0.396617445142439,0.171202575596875,5.34995034063489,0.0207228609114782,0.0815081461267899
HADHA,9.71429366136045,-0.65409074339788,0.295263209408528,4.98472954569245,0.0255719820307976,0.0957855170444547
HADHB,6.00990236392789,-0.331108486102128,0.394523722185335,1.10128523896093,0.293984221024663,0.505557257972667
OST4,48.245225030927,-0.123554116765403,0.138525476880551,0.991841811334695,0.319292635995204,0.527534449549368
PREB,2.36792824612826,-0.184268441562335,0.62127126146,0.114578417363994,0.734990692607753,0.795482685323262
SLC5A6,0.409174566745743,0.602502302971324,1.10898641953349,0.677397465674986,0.410484340514986,NA
ATRAID,12.2144522482683,-0.460676701231672,0.246612411725878,3.50242790839908,0.0612789302893879,0.181672609972602
MPV17,2.07454175295642,-0.513892383655986,0.682536543566755,0.576132893688836,0.447832107743184,0.630008070764517
EIF2B4,1.19584823988859,-1.42224518588663,0.830548401202027,3.09450387964736,0.0785570945164148,0.215390548186394
SNX17,7.2757870602086,-0.0855886947623791,0.336488195493437,0.317826709147212,0.572916649622306,0.706405076234505
PPM1G,6.38157932746602,-0.943051435066576,0.36934385863691,6.61283009817483,0.0101246629104479,0.047325655465465
NRBP1,10.0733717227268,0.32307945536548,0.312334603824521,1.17626262145215,0.278118166956066,0.488900782302574
GPN1,1.60906540463716,-0.651593260603872,0.620355609520276,1.50542790329351,0.219838075494169,0.424058216292177
SUPT7L,1.61453580075345,-0.695161224278288,0.659625919009026,1.22990602623896,0.267425314507157,0.479737215251714
SLC4A1AP,1.96400827729659,-0.896378972300709,0.556270099319138,2.83860083298759,0.0920243129980393,0.239182134518897
MRPL33,7.75419276142584,-0.481205255677843,0.292900080046306,2.71690375853194,0.0992904485462538,0.250623338034963
BRE,3.46762000407207,-0.36930139940223,0.461760945840743,0.737213675586062,0.39055490168847,0.584867129945759
FOSL2,4.06478171947836,0.186253129625503,0.425899499593666,0.319153855623213,0.57211659094722,0.706025869354144
PPP1CB,7.89301566718886,0.291514170476526,0.303732615465129,0.979003160572248,0.322445033724356,0.529812136941462
TRMT61B,0.37684151941217,0.00835178136945957,1.28177878696522,0.189086858052313,0.663677706645361,NA
WDR43,0.926524134081521,-0.497654931334258,0.906891838421106,0.389185063792638,0.532728078071776,0.68367699736625
CLIP4,1.11711207981125,-1.73774232611755,0.862306439984464,4.47141619931645,0.0344664128221903,0.119937636442011
YPEL5,22.9085116801795,0.212285649471829,0.191981355920221,1.35855205908534,0.243788580065372,0.452708005648666
LBH,1.6023787065115,0.832223976112378,0.775787203666795,1.25393047655567,0.262803103217666,0.475481965313806
DPY30,4.43427769211511,-0.33845475134257,0.419153882569211,0.801470460049458,0.370654089491718,0.570982468679046
YIPF4,11.2192250996636,-0.423004166572629,0.301336359298534,2.22751493880111,0.135571742701329,0.310457264302595
BIRC6,2.22309580469796,-1.39843803953586,0.673836755123516,4.4216553397289,0.0354855954451768,0.122510269796081
TTC27,0.126558484924479,-0.569018748777818,2.0938447496817,-0.334279850219108,1,NA
RASGRP3,1.47551559805933,3.59339153177584,0.850965067140409,20.6561118641389,5.49614600336784e-06,6.60399660953689e-05
FAM98A,0.263717877826728,-0.574188788242474,1.62093695178592,0.207638805365043,0.648624412429659,NA
FEZ2,7.06633311837008,0.667585053858277,0.366447927401749,3.33632502738452,0.067765804176335,0.193960227927408
EIF2AK2,35.0643692341463,3.06992816102091,0.245975756229149,172.990677087137,1.64439160654236e-39,2.01536635297831e-37
CEBPZ-AS1,1.22866142071696,0.194584867086622,0.752189919777714,0.549048126627497,0.458706890082949,0.637549517448019
CEBPZ,3.95045908061434,-0.394097673186025,0.443659131653127,0.790544560660337,0.373935513108155,0.572837938340452
PRKD3,1.17858109146944,-0.823545461864912,0.818808380317932,1.20419124125952,0.272485590565407,0.484700057760468
QPCT,5.9125005390731,-1.60515647958605,0.444709026608135,13.4180441146522,0.000249215409884927,0.00212110004413171
CDC42EP3,7.74975199554773,-0.0705745176579963,0.338741212187818,0.422475985896298,0.515704153994056,0.673709798558285
CYP1B1,15.0039755116112,-1.75326588550074,0.418738112250084,17.0787020288939,3.58622334614735e-05,0.000373113355945517
HNRNPLL,2.14297328677045,0.963753544648961,0.610937774109186,2.53616252911222,0.111264911674938,0.273169622894239
GALM,1.34846230492547,2.93398050687706,0.856978516303754,12.983122750395,0.000314311312865943,0.00259932486537449
SRSF7,47.6071839152581,-0.129747950263638,0.157038371706928,0.745858192093095,0.387790728276154,0.582446466391243
GEMIN6,2.27923922387865,-2.1320528489802,0.672145360144192,11.144838219477,0.000842658216356541,0.00608222561817772
MORN2,1.477583537839,-1.80310309167845,0.764684886867881,5.83320399465535,0.0157264558781884,0.0656930617733731
SOS1,2.27636511739146,0.283071161666256,0.560260404573617,0.399402549655449,0.527397966459133,0.681065766360118
SLC8A1,6.74406168420143,0.703735820122893,0.335171923581555,4.50049095437464,0.0338851234267733,0.118791782814226
EML4,4.21700901192969,-0.0433664673556741,0.426273739346456,0.127231077881206,0.721320406350058,0.787642810070056
COX7A2L,22.3096337825393,-1.1054351192077,0.253074806220289,19.0026124107661,1.30539607919475e-05,0.000147864457916921
ZFP36L2,22.1428046196688,0.00988226227638941,0.296735149463665,0.046358816134358,0.829524873152268,0.857800948814901
LRPPRC,0.216572684077244,-1.35065759348873,1.63588574171424,1.03416606726627,0.30918218285803,NA
PPM1B,5.42464101157456,0.259294142238702,0.380724652271121,0.654070242332565,0.418661209616615,0.607863627574638
PREPL,0.147247210984393,-0.384949319148292,1.99801058659758,-0.305895263282451,1,NA
RHOQ,2.61725978514314,-0.167420851323492,0.558569036514177,0.323352001864372,0.569600143948542,0.704992901222589
PIGF,3.12559721352228,-0.238939436459767,0.449598598130235,0.319577194390369,0.57186184647013,0.706025869354144
CRIPT,3.54779095846169,0.117329564273813,0.440825523878021,0.195826989539313,0.658110476643912,0.755296322935931
MCFD2,2.34786140125221,0.162073564383239,0.569618166513552,0.109118576817366,0.741149863436108,0.79974755469915
CALM2,82.3593001945647,0.289386712114791,0.131284436512629,4.85760035092248,0.0275245937597524,0.101060432819213
MSH2,0.474461932898436,0.639849330301095,1.12142176838262,0.393762536569177,0.530328253674724,NA
MSH6,0.794340365917103,1.16009310114978,0.982192423573721,1.49526715893678,0.221401025339268,0.425681390798969
FBXO11,1.31374817617854,0.344686042279408,0.697374987243229,0.29974147708635,0.584044536804879,0.713352093304263
FOXN2,2.47384889740926,0.820808030389576,0.548188028172831,2.797447982327,0.09441447524934,0.242689557184545
PPP1R21,2.27640049877331,0.448000644831314,0.579090407657982,0.604829627747023,0.436741214894302,0.622070028763974
CHAC2,0.436557785394206,-1.25968119315573,1.21444959813574,1.16069636133485,0.281321168038774,NA
ERLEC1,4.18125686442836,-0.191021799841221,0.434407953140512,0.205688037257033,0.650168275954333,0.750043523164185
PSME4,1.10410305087365,-0.254952504644731,0.961578811492258,0.0754641599628627,0.783541039360984,0.827423658315373
ACYP2,2.12622516173175,-0.611528864266343,0.581681073787995,1.13930570755803,0.285799082802915,0.49703733414665
SPTBN1,0.376589090819048,-0.492235947848382,1.27721531322038,0.21775048796335,0.640759305122328,NA
RTN4,55.7635079307913,-0.134105038703238,0.156208634720727,0.782590904041555,0.376349918702708,0.574270991486601
RPS27A,323.406510665705,-0.358548251193662,0.103045104143399,12.0810057825716,0.000509381107647136,0.00393134436733205
MTIF2,1.44961205260144,-0.36919694145782,0.683623934551814,0.298988337403387,0.584517338466708,0.713530328709958
CCDC88A,4.90537270682225,-0.458523188773052,0.405585096919436,1.29324071445917,0.25545158613272,0.467285767110838
CCDC104,1.86907075105958,-0.492607115198755,0.650197535717169,0.918690584747537,0.337819016981679,0.544204767629792
SMEK2,3.48061942120639,-0.988779326361016,0.464736606554198,4.65598449355703,0.0309454819413571,0.111091923454386
PNPT1,9.19524177339371,4.21219642431411,0.568334970391441,75.0616390346574,4.56245400722936e-18,2.15067062740781e-16
VRK2,18.7027262540281,-0.0123101469533234,0.260045382499084,0.0307608691371968,0.860774951399261,0.879181683321176
FANCL,1.36263378374121,-0.208106620550093,0.73379970491224,0.1349062864874,0.713398303569149,0.785126213704669
BCL11A,0.222066864995727,1.55124684725562,1.60763440287811,1.28036144616297,0.257831841317323,NA
REL,9.88477056038193,0.052213069881141,0.315805082809429,0.0971743353548078,0.755247259581107,0.808411389818869
PEX13,3.18852166445732,-0.883496059736356,0.510395789358266,3.02246709223232,0.0821184543983766,0.22160818712936
USP34,2.7314344912808,-0.89224573821788,0.557438358445187,2.87922811186443,0.0897290246013588,0.235385043988496
XPO1,4.72531917117289,0.127543932458231,0.383187548385944,0.137453334561599,0.710825983635227,0.784006772447205
CCT4,15.3217697443587,0.0902333135342189,0.23315692533887,0.185815129552878,0.666422715077013,0.759580078307179
COMMD1,6.02724925010039,-0.165337397360749,0.339047211284105,0.24062967913126,0.623751696817821,0.736169328900752
B3GNT2,2.59012390142458,0.906913543862322,0.548909987257248,3.02938756195012,0.0817688756265992,0.221324942508745
MDH1,11.8100156152372,-0.469170264157566,0.278645803361982,2.84042645487185,0.0919198153785962,0.239182134518897
UGP2,12.1209247450403,-0.308395913761343,0.256132307275036,1.60867058798524,0.204678777172246,0.404864927860402
PELI1,10.8175080426329,1.96322943964284,0.326162554290422,38.6350538568765,5.10930106595122e-10,1.11422764883093e-08
AFTPH,5.0672832048848,0.338769206716303,0.460821170937423,0.599282128326877,0.438852057794445,0.623147523061556
SLC1A4,0.980425566924869,-0.315809870172508,0.801155096782809,0.151100352159517,0.69748603243365,0.775621471985566
CEP68,0.372163807724761,0.240504432209714,1.16510109276885,0.0716051600156291,0.789013847607762,NA
RAB1A,19.0155133515156,0.295477626256688,0.222604759177617,1.92791095319269,0.16498717842359,0.353258024883806
ACTR2,22.1317921143932,-0.358403359233618,0.224991681362742,2.84260746173246,0.0917951446641055,0.239166941539812
C1D,4.23928892027885,-0.87588173961714,0.470344354921631,3.57923902957653,0.058505946349215,0.175489201775815
PNO1,0.929568184235562,0.52170701260983,0.863741500100617,0.438854999131074,0.507675616829901,0.668380791371238
PPP3R1,1.60570900917703,-0.192245236259629,0.63436021172604,0.601646176021319,0.437950623776296,0.622682464617434
PLEK,89.2280876781161,1.51924892791631,0.214382016210309,48.6931148871857,2.99315360601962e-12,8.29956800800373e-11
FBXO48,1.1400107413342,0.366441041708565,0.801751022771299,0.246725780940984,0.619390050433216,0.7333118680554
ARHGAP25,8.28006362983835,1.33109296285184,0.321538463171145,17.9456413952846,2.27304333754072e-05,0.000246534682698222
GFPT1,1.37744319592205,-1.0270319950374,0.755190600534906,2.21294365257655,0.13685730990656,0.312276665769129
NFU1,3.02953031798316,0.0788945544202951,0.47627881675719,0.0391709505963931,0.843110375373333,0.866961152915389
RP11-427H3.3,0.303039570225218,-0.797816227492202,1.37855384558539,0.402039870550698,0.52603765878661,NA
AAK1,0.904029853327585,0.366485058307214,0.889761089030632,0.212724360785863,0.644640406708951,0.746664905970596
ANXA4,20.266318423969,0.259754594388114,0.323665133106673,0.6518892249819,0.419438041114512,0.608417327085298
GMCL1,1.2525043427106,-0.57388465575613,0.853338830671848,0.641134922498217,0.423300123889628,0.610818295635497
SNRNP27,4.86708590892715,-0.0757514609035113,0.48359327170324,0.0912166562930423,0.762636089876537,0.812231829555141
MXD1,23.3136431715709,1.24695150210998,0.241381225837177,26.7007907087415,2.37524298076385e-07,3.58509580938938e-06
PCBP1-AS1,1.9845594738335,0.460643820856002,0.721195583236578,0.420662443205963,0.516606682960838,0.674140918480412
PCBP1,69.2625277495156,0.227495578763278,0.126003527202541,3.27875254584229,0.0701822540707193,0.198466475747747
C2orf42,0.947447140649438,0.13641496989524,0.905352348955678,0.132187375728115,0.716174786830399,0.785643029150584
TIA1,4.66844012859379,2.12327412108855,0.50308777357833,19.6914820936631,9.10061099700128e-06,0.000106023848269247
PCYOX1,0.0847901575793955,-0.151060156326273,2.76094604665635,-0.508900719610571,1,NA
SNRPG,14.7046161246195,0.00631908412666481,0.262378732100444,0.380702350549853,0.53722758974813,0.686005620072268
FAM136A,2.0601677358075,-0.958407555717264,0.64208975031742,2.25751986054707,0.132966859095851,0.306726443576521
TEX261_ENSG00000144043,2.95539346531577,-0.311949837391782,0.514134078320287,0.431664288466756,0.511173435254682,0.670908291120302
NAGK,51.8787434279908,1.69697356383144,0.174842149186929,96.3405777225577,9.67271252996178e-23,6.44286765039193e-21
MCEE,0.535342905015831,1.60606738863739,1.07789555681079,2.62758318586206,0.105021463287013,NA
MPHOSPH10,3.22995387145528,-0.743707961773724,0.576670720588606,1.6983301317632,0.19250650432052,0.390751857726449
ZNF638,4.51717568467769,-0.745932941667307,0.473485913283405,2.50587668433501,0.113422351018645,0.276143093779205
PRADC1,1.35358990388184,-3.09031680026286,0.875243106698865,15.1162340484539,0.000101090222493606,0.000948669040491294
CCT7,8.18615350317602,-0.884299995094711,0.316088224164491,7.92384298405332,0.00487875338701159,0.0263874675689382
TPRKB,8.24667463292939,0.0575784790581152,0.308492316352635,0.108201174308604,0.742201440818756,0.800037014835064
DUSP11,6.40874596452014,-0.486312879612021,0.355193691924868,1.90617940061415,0.167388275314967,0.356288763852072
STAMBP,1.3098933841425,-0.612772940385928,0.716728416373288,0.754727644554315,0.384983545978856,0.580363879399368
DGUOK,18.2531628929423,-0.290274930099283,0.214311288391106,1.85306146936014,0.17342774678224,0.364528110995501
BOLA3,0.634343017366581,-0.72609274164191,1.02285429712658,0.578134234402683,0.447044572109894,NA
MOB1A,55.1659771599407,0.919074897625106,0.159584339708851,33.3197535296829,7.81844198087305e-09,1.46967522879724e-07
MTHFD2,12.6850135246679,0.785770222229306,0.268264072765879,8.90531172084634,0.00284342335259373,0.0168352640625066
DCTN1,1.62858235729402,-0.665218911461476,0.647596433673379,1.05606235225893,0.30411499230091,0.512545839609455
WDR54,1.05415219629751,-0.919869964820522,0.85130129518543,1.47918322308989,0.223902358358144,0.42902538219649
MOGS,0.647021839390711,0.640242876929582,1.01291687238863,0.60431945580283,0.436934687745115,NA
PCGF1,1.39615185342681,-0.882586287958271,0.739156770990536,1.85239471834811,0.173505131128494,0.364528110995501
AUP1,16.8351733816004,-0.445833346437941,0.240692881362112,3.50654357225093,0.0611268585395543,0.18142031664265
HTRA2,1.75283627452996,-1.61107504855668,0.653972806606967,6.60855434269375,0.010149002093388,0.0474032658752145
DOK1,7.89489968614154,-0.353880030591308,0.316044725726951,1.3109817150752,0.252216987417366,0.463443987674249
HK2,3.61579570522103,1.60200198694079,0.538837205405043,9.27681121981705,0.00232073091132478,0.0143361280489901
POLE4,13.2388620229762,-0.600750243413907,0.24849495375392,6.11907117136187,0.013373105072838,0.0579974436562998
MRPL19,1.06099158910272,-0.510376155868973,0.766638069012391,0.442764463303781,0.505791175806343,0.66727498732762
GCFC2,0.836219629655208,-0.463106441053368,0.965803812042342,0.252999817163897,0.614970689921088,0.731045662043924
SUCLG1,5.80788316189244,-0.568693937255861,0.345449230657733,2.74795640077862,0.0973788189222203,0.247279977159245
TRABD2A,0.126723505204792,-0.936943044481454,2.46351754584234,-0.0647198009604786,1,NA
TMSB10,566.25796385779,1.68246612104117,0.111625006144173,219.905035849167,9.48631875918172e-50,2.03070081285134e-47
KCMF1,2.9334202870884,-0.246917650019849,0.495112760367436,0.251801820018798,0.615809208503983,0.731474865228224
TGOLN2,10.3293198071736,-0.569783540535232,0.282365145378385,4.41692212613923,0.0355841674949246,0.122683011664132
ELMOD3,1.73667345678573,0.526714625294804,0.685583789153129,0.764241287679567,0.382004473049224,0.577720486388363
CAPG,23.215614282856,0.0639161481036686,0.245147879380302,0.0684049910067301,0.793673425160018,0.83424198102583
MAT2A,1.07833025270352,-0.223517411282018,0.780762853786068,0.163427836428212,0.686020000592058,0.770385542690911
GGCX,1.67132185805642,-1.60160601538314,0.722423256670281,5.26292827253235,0.0217843365491708,0.084974165737313
VAMP8,14.7280932159714,-0.705221819588702,0.240575548724194,8.73279609240014,0.00312536851201755,0.0181366081833746
VAMP5,95.6610898519474,2.92745126108987,0.262050310908581,117.626409248695,2.0932477148069e-27,1.80667915441362e-25
RNF181,23.9083698774524,-0.357219428166683,0.205864698424623,3.02418163320768,0.0820316964955874,0.22160818712936
TMEM150A,0.649744922720638,-1.06693978673118,0.977960512610589,1.53429614801667,0.215468812924567,NA
USP39,1.90266328341963,-0.476304167232974,0.614867663708245,0.954494192117686,0.328577971532926,0.535939794930469
C2orf68,1.94098997766392,-1.37906882821787,0.603162820232301,5.68867208730915,0.017074770498604,0.0699894271675218
GNLY,16.6430363752373,-0.140692787100894,0.881906975757826,0.0254618258675237,0.873221686321255,0.889695928428488
ST3GAL5,6.19580557191206,1.81386272033799,0.380586344596257,25.1586611058447,5.28019784339998e-07,7.52489590333839e-06
PTCD3,1.0016651531639,-0.717178456589039,1.00478128501835,0.656211997321613,0.417900444542797,0.606990738127105
IMMT,4.10923808535876,-0.0978830903901331,0.444197684174171,0.216249767821353,0.641912385433268,0.744725311990736
MRPL35,0.792158517029493,-1.0154177159249,0.910854299926365,1.5031443066825,0.220188192126598,0.424312340047733
KDM3A,0.771151145563192,-0.0528048324638924,0.932336990588397,0.0082293656347332,0.9277183752352,0.933200624333766
CHMP3,14.3516057179433,0.399169493879789,0.280126067685591,2.14507668625792,0.143027889469013,0.321170724318838
CD8A,0.836756131153024,1.07820455100855,1.05322860411737,1.1354045593318,0.286625465645985,0.497575312600168
CD8B,1.02957130308319,-0.510788106931872,0.86487672179629,0.443631279424814,0.505374978669424,0.667012248392468
LINC00152,11.0101049957349,0.361498825086542,0.355139297094574,1.30812629366979,0.25273418047785,0.464115989801698
RP11-1399P15.1,0.191164284868563,-0.279203855387963,2.00574858538741,-0.149397385329806,1,NA
KRCC1,7.93509519668071,-0.0830368509537965,0.293262235627338,0.080308545359344,0.776879714440791,0.822231241812291
RPIA,3.8790907827377,-1.64572696495745,0.496516690024834,11.560126887624,0.000673812546655598,0.00502326433808455
MAL,0.0605975047924517,0.529637862663309,3.05444486517633,-0.522919352222926,1,NA
MRPS5,4.72069554422277,-1.04522397228458,0.401143011339157,7.00399525654396,0.0081328005700544,0.0397605019260116
ZNF514,0.505211959178073,-0.0606456607187517,1.04879572715728,-0.0284360575577551,1,NA
ANKRD36C,0.112677630957627,0.152407381642145,2.19204656581698,-0.392647092446317,1,NA
DUSP2,16.940576337612,0.669927091294459,0.39795463435218,2.82192157685363,0.0929850238401411,0.240833569777001
STARD7,2.82900956034958,0.134824380540605,0.48062603504051,0.26884820397958,0.60410545522309,0.724840525604483
TMEM127,5.23558828236996,0.337686492658227,0.411443122860375,0.680612180856485,0.409376001548911,0.600156970691801
CIAO1,5.77812920297193,0.130270676905575,0.395535386042759,0.508858651190607,0.475633355074115,0.648860463021856
SNRNP200,1.82350049321728,-0.42048594342019,0.634863880442301,0.645749451868895,0.421636473322052,0.609959468488559
ARID5A,20.4276071038202,0.874052677498712,0.302816003351485,8.2738301278828,0.00402205693841639,0.0224269016547913
ANKRD39,0.662447021835857,-1.4744245344507,0.991535224754283,2.52048769691113,0.112375825053506,NA
FAHD2B,0,NA,NA,NA,NA,NA
COX5B,39.6451124112146,0.0411001216400735,0.143871881532144,0.212515792854731,0.64480265704902,0.746664905970596
ACTR1B,0.968462855793642,-1.9952330557333,0.872227911357752,5.84713550899371,0.0156024277571459,0.0653085227430261
ZAP70,0.296848535171925,0.455116826298027,1.54138651318996,0.0721046753715591,0.788296667471028,NA
INPP4A,1.83164571942008,-0.354893806448845,0.66375532738965,0.287088398886439,0.592092422660688,0.717489097501423
COA5,4.49598331612428,-0.40162753912252,0.389959737939356,1.0927816069954,0.295855715502234,0.506142887939054
UNC50,8.98694769835535,0.0174625713119721,0.285120337368688,0.0293068176792985,0.864072529451655,0.881727990585441
MGAT4A,2.10629063453677,-1.02858814811559,0.626182548189063,2.79297701149743,0.0946781885265411,0.242936371415197
LIPT1,0.761045901988215,-1.59910793083614,1.04259925960586,2.53864914702019,0.111089792564852,0.272873717642739
MITD1,6.0818150309641,-0.253166551505429,0.447864534320275,0.399631370434705,0.527279693921197,0.681065766360118
TXNDC9,7.44111529777192,0.0354289937025898,0.349003880660735,0.0193416875936663,0.889391360695593,0.901750821838844
EIF5B,6.92751148329969,-0.711010453371132,0.390009343118598,3.65065199606282,0.056047266683462,0.170028539720918
REV1,0.908323290676644,-2.03913182490162,0.929526913203798,5.52801587962181,0.0187143155915785,0.0752996230762923
PDCL3,5.23721922760818,-1.97258769854021,0.467850938168989,18.9761726115004,1.32361077884742e-05,0.000149651048944224
RPL31,155.38227140431,-0.0974894745118295,0.116161118950254,0.721062613499612,0.395795573737493,0.588658504184023
CNOT11,0.451913977238606,0.0239586854288535,1.06181292664961,0.190744505874807,0.662297692841431,NA
RNF149,24.674317113858,0.522657768907037,0.21602434769181,5.91082456872,0.0150481265801656,0.0636403862548343
MAP4K4,1.74662523773111,-1.75654937069366,0.673536726267619,7.37911738725914,0.00659855455418577,0.0335289737214348
IL1R2,2.44018112200033,-0.884711925011047,0.761105130581167,1.31108808188567,0.252197746690902,0.463443987674249
IL18R1,0.13949137245222,-0.24115089817127,1.79248051390585,-0.345819993331382,1,NA
IL18RAP,0.0802111075460053,0.74666417581379,2.84110206857659,-0.313196195747407,1,NA
MRPS9,1.74588017519941,-1.10964738119334,0.706863172349371,2.61844662669182,0.105627798426497,0.262602477178144
RP11-332H14.2,0.107226538731028,0.950311804467925,3.04593172342529,-0.140634945241294,1,NA
C2orf49,2.13126754391434,0.335692893639757,0.554739583478529,0.412686332653522,0.520609168544986,0.676158114404848
NCK2,0.980766340028907,-0.807519863929164,1.05720892740492,1.40071461720044,0.236603957086994,0.44421233119764
UXS1,2.45674592909279,-1.12537923959386,0.562629380289245,4.10554653024003,0.042742774753381,0.140369959048933
GCC2,10.104943973564,-0.197869874133162,0.309011555031208,0.440239966268592,0.507006656605967,0.668014790729169
LIMS1,57.7273385196794,-0.537333023131195,0.179495895943245,8.92790469372321,0.00280846349555341,0.0166927878765774
RANBP2,1.10520797166692,-0.634011550320067,0.851494104472932,0.910026268641573,0.340107448971085,0.546121509315652
LINC00116,1.15155322242371,-1.42501335642007,0.797176755710052,3.37241425996683,0.0662965358505749,0.191136399877341
BCL2L11,0.593291740683479,-1.19689073350595,1.00505729419341,1.77047492651454,0.183323314065057,NA
MIR4435-1HG,2.83750414654702,-0.278002301672563,0.592527297215862,0.417337453083491,0.518268602146212,0.674918546696767
FBLN7,0.155372291201422,0.253222865267979,1.76950349981008,-0.2071389401465,1,NA
ZC3H8,0.369118045189051,0.61019822632758,1.16491745659987,0.721193985110336,0.395752539481272,NA
ZC3H6,1.03108978372333,0.742136218565323,0.840586600423545,0.814699615642411,0.36673444562271,0.567369018625592
CHCHD5,4.8583812929819,-0.433021729080798,0.430416081226296,1.1046557706951,0.293246622896041,0.504921411943507
SLC20A1,3.1129000179722,0.0169681705729544,0.570486094711731,0.0179302554417404,0.893478563336094,0.904698717138728
IL1B,29.5150314917465,-2.94185409526379,0.374536449097573,59.1939345876517,1.42873545510187e-14,5.30623689022078e-13
IL1RN,106.113606502485,3.97923850142524,0.48512515616197,55.136283943878,1.12455679650522e-13,3.76572898851583e-12
CBWD2,18.2829869691761,1.76185273036184,0.243565888311571,55.064825789455,1.16619331154744e-13,3.88393076802321e-12
SLC35F5,2.54663338473314,0.519583756907757,0.599794541008987,0.748738074956506,0.386876058029222,0.581785640147993
ACTR3,62.3891616727633,-0.050435639974831,0.137613648280058,0.134432204792262,0.713880125061367,0.785126213704669
DDX18,7.52827625875266,-1.59718323508618,0.39166911471959,16.9303138478378,3.87773620450204e-05,0.000401398099006563
CCDC93,2.40824762001803,-0.327222096788208,0.587251172779824,0.676251549830333,0.410880485571002,0.601499191490468
INSIG2,3.82487260964574,0.62210284462859,0.411350616731515,2.72806054182038,0.0985989547950256,0.249057870974409
MARCO,2.98372760497151,0.422634422664745,0.607425715553903,0.558789758934779,0.454748278440736,0.634783018288117
C2orf76,0.510610194685876,-0.629781432862309,1.14079130021441,0.311553411758375,0.576728510604404,NA
DBI,30.665345697832,-0.483532254494706,0.184664933528258,6.87380066554152,0.00874684354789568,0.0422385006000825
TMEM177,0.10371223307565,-0.213996620317695,2.59883159768751,-0.455428277016388,1,NA
PTPN4,0.515949839813262,0.176572816740151,1.02299017767865,0.108773724069565,0.74154457568371,NA
TMEM185B,0.80488398247964,0.190987167113586,0.914371178995054,0.210122706295152,0.646671245082077,0.747698375445842
RALB,12.0086342963906,1.18702398305223,0.305507257230403,15.5675979149539,7.96071995074032e-05,0.000771887529400897
NIFK-AS1,1.23871061617608,0.462823143614862,0.714333137910268,0.441084514837542,0.506599470214526,0.667765444928935
NIFK,3.63542948560417,-0.359698697565224,0.460988686203416,0.87401847063191,0.349845223084448,0.553966802858269
TSN,4.51633503583351,-0.994566717782594,0.453534261837676,4.9911635750165,0.0254770716628317,0.0954883762384296
GYPC,2.04339807614244,0.646776503606428,0.794714088239686,0.673237044232138,0.411925297495684,0.602740740939243
BIN1,8.01938401253046,-0.507181925850837,0.317154659808289,2.58463569174502,0.107905232690058,0.267276987035034
MAP3K2,1.61837685106835,-0.736876740365775,0.677543142754227,1.22532916302811,0.268317331465012,0.480353084200291
IWS1,2.14155421237525,-0.311946871971747,0.621807163709793,0.267998328008694,0.604677682202426,0.725139889733164
WDR33,5.79541816105476,-0.430169513433003,0.360759308245767,1.69157138587894,0.193393955409273,0.391645128469275
POLR2D,0.880626176534659,-0.199720442043938,0.852007922598664,0.0584425577803174,0.808974692919239,0.843381578463609
MZT2B,5.22195515452937,-0.125509731587381,0.375583431259946,0.208418377515585,0.648009897763031,0.748681118682476
CCDC115,4.73572117101493,-1.00381535188178,0.408556319475365,6.22311980307077,0.0126092734168128,0.055790344764064
IMP4,2.14652922690378,-0.833207050416692,0.587077594721271,2.15220939537254,0.142364893131747,0.320269700297936
PTPN18,3.36309174739165,-0.577526978735821,0.571308075594335,1.30748812467792,0.252849948118213,0.464189479349434
FAM168B,1.14587388520291,-0.947403194268223,0.830026146418037,1.30661575900968,0.253008305932919,0.464325144858791
PLEKHB2,11.319437051212,0.378170034897569,0.257825481511738,2.27797681431554,0.131222953490838,0.305058520103132
MZT2A,1.43858255709041,-0.707512935657766,0.824587226517885,0.768477761638962,0.380688381262494,0.576980103720632
CCNT2,2.07211392912062,-0.270651193764499,0.635768376506247,0.216763250014814,0.641517304316768,0.744407885031841
RAB3GAP1,3.1346134405384,0.356514624121821,0.500282096321411,0.7718853206364,0.379634444497006,0.576306337973877
R3HDM1,0.429974794756201,-0.94717900844072,1.32137839140048,0.613023121697665,0.433651816710801,NA
UBXN4,24.7169723770385,-0.061431167115289,0.191516054428302,0.129581175832783,0.718866685909818,0.787150456475472
MCM6,0.458187404809036,-0.305683815655885,1.13538377769682,0.375792559182813,0.539863633885552,NA
DARS,1.99566415288411,-1.17866331399445,0.669144218088911,3.20674640410727,0.0733351774802804,0.203993630321906
CXCR4,70.1524835668908,-0.974220907120194,0.272421201310913,12.6062431615751,0.000384460454387672,0.00309589180615986
HNMT,8.49978150549238,-1.63690475087227,0.340876805364989,23.8973032850994,1.0161400486944e-06,1.38683880142523e-05
SPOPL,2.27928310811328,-0.642749467240449,0.723589026809872,0.78873307175796,0.374483491877645,0.573151820884125
KYNU,130.008227370084,0.381920269252683,0.157419352652303,5.86381667548474,0.0154552450801241,0.0648252853189598
ARHGAP15,3.44528023321754,0.345501616560706,0.491200332403136,0.488984739492281,0.484380538736872,0.654961152113758
GTDC1,0.275821868860675,0.522068716010333,1.54145248298689,0.0125840708736753,0.910681681659912,NA
ZEB2,21.171199372457,0.182756055645723,0.225329239827224,0.725341462616512,0.394397382174018,0.587538538569596
ZEB2-AS1,1.90190938658113,0.557871682972643,0.633123111588593,0.820378462312291,0.365069535593352,0.565963116615513
ORC4,1.37970877582731,0.76183685484013,0.708571879929102,1.51136053367836,0.21893159833507,0.42383037434826
EPC2,1.13480396402764,0.181473254284263,0.872247573778263,0.0487368523343079,0.825276004225878,0.854764024555324
MMADHC,15.0225534724859,-0.21060762145782,0.241473362963294,0.795134378652492,0.372552103505552,0.571178206225174
RBM43,1.16014578464736,1.45183146582619,0.808395985244685,3.47790868082983,0.0621932923511051,0.183352229170402
NMI,73.957099088204,2.14736224786356,0.187831551892975,131.441863120287,1.98194596657358e-30,1.99104342346933e-28
TNFAIP6,71.8411461703989,2.37902823556044,0.261635778240823,78.8421448911209,6.72764138297917e-19,3.4355821995747e-17
RIF1,1.69336865857513,0.504950162650459,0.62225846687582,0.690223057084538,0.406088521098378,0.597910485083199
ARL5A,5.88384175367382,-0.630045830974556,0.38123077518654,2.76801747917075,0.0961651985933761,0.244965034922211
STAM2,3.51349503462474,-0.147932768469237,0.506925901030482,0.24913399727653,0.617685517691942,0.732590150745535
PRPF40A,10.7597694865699,-0.324819261922084,0.28486444283648,1.52124107816159,0.217431777699419,0.421919548366701
ARL6IP6,8.90556506808293,1.28113056071573,0.355699875046356,13.3926915663596,0.000252606638486024,0.00214400759091739
NR4A2,1.00196528949879,-1.11050488875009,1.01277913967646,1.39345766891196,0.237822048960462,0.445551758423598
CYTIP,76.2433675447789,-0.613455268658387,0.169267383859306,13.2331954179554,0.000275034537198598,0.00231113753532475
BAZ2B,2.79788955437606,0.215724304095919,0.479790343349963,0.332058220353481,0.564449639399921,0.702596956057485
MARCH7,7.68419854166979,-0.0234771475730048,0.357760203012468,0.266904712463017,0.605415715775968,0.725315250493671
RBMS1,10.5189722794625,1.46716924088506,0.293763402369366,26.2634699926662,2.97869946549755e-07,4.39842658423349e-06
TANK,25.6434511910818,1.73016051089769,0.229686978294539,57.7799533312912,2.93142029968878e-14,1.05051132143233e-12
PSMD14,3.97577571137284,-1.61775571541894,0.499773573762153,11.3373256039521,0.000759646429885371,0.00557096114830411
DPP4,0.101226631121087,0.68614278907869,2.61884745842102,-0.286122289224293,1,NA
IFIH1,37.3111268795268,3.34185801201524,0.237772011741901,232.65126921602,1.57455944708033e-52,4.0203751215451e-50
GCA,19.8481858386398,1.44601579100398,0.218840620933363,46.1581214503191,1.0908389678131e-11,2.78527549781611e-10
GALNT3,1.09688167108459,0.266115018100561,0.793443010973847,0.359129499246414,0.548990087200607,0.693751791091645
CERS6,0.464288442677623,2.08005302803043,1.11365494453344,4.83666144671031,0.0278607828344085,NA
DHRS9,3.63426509695743,1.0465530802398,0.470711797060912,5.57733942628454,0.0181943428938895,0.0738377041415596
PPIG,16.2612992058784,-0.858976275578876,0.237343612051217,13.3296368021485,0.000261244114691757,0.00220510183861031
SSB,77.6871062897233,2.61115779142501,0.152740768601903,311.375375603465,1.09549520207808e-69,6.71319459833446e-67
METTL5,3.75862748914148,-1.3006427577781,0.492719619519615,7.2142686958661,0.00723262764335235,0.0361808507742557
GORASP2,3.53480042770295,0.391002049267072,0.505987610267702,0.61344049494717,0.43349533602024,0.619799211183395
TLK1,1.87799293581731,0.167273553796315,0.602099827084444,0.123938342693272,0.7248016808898,0.789755458835828
DYNC1I2,4.05982344595607,0.0910661310920313,0.423228399613503,0.200886792509195,0.654006002836068,0.75262887988346
HAT1,4.223131537266,-1.26310583144446,0.473850472906613,7.39641648195753,0.00653539407198953,0.0332632017218869
MLTK,1.43823822605488,-2.97393895314938,0.865398833759173,13.3736253191785,0.000255187602574785,0.00216291788185101
SP3,4.10044437708806,-0.870841058257412,0.528627705727834,2.73221310714329,0.0983429236372827,0.248873511309853
OLA1,2.42406759524288,-0.785554709956513,0.604338704626822,2.00869471590185,0.156399830814777,0.340131359439071
CIR1,28.3650008037942,1.47500278166509,0.215967011046749,47.8195743148976,4.67303073666836e-12,1.26151243851558e-10
GPR155,2.30509362193307,1.29818501997898,0.595692880934708,5.03121907206474,0.0248943698737329,0.0936480654304699
WIPF1,23.3843760080225,0.941247479557845,0.190866299992513,24.7112146045661,6.65955389131552e-07,9.38155086114518e-06
CHN1,0.115264936260426,0.255240999123882,3.03695866895688,-0.265942292998377,1,NA
ATF2,2.35014259916979,0.420603903050578,0.608097795700383,0.546131470377105,0.459902695699533,0.6384874760414
ATP5G3,19.4021745204384,-0.938616470141852,0.288065445611959,10.6123111997128,0.00112337187431682,0.00780148639570362
MTX2,2.4786646457192,0.961903853908392,0.581692473363831,2.867637165713,0.0903774674811539,0.236579718378689
HNRNPA3,18.4348614534824,-0.571402446017316,0.202568134791056,8.02410764355558,0.00461587626164862,0.0252280939550391
NFE2L2,34.9323203246765,0.0479040044692687,0.218060533057765,0.148165308831622,0.700294856660866,0.777147207826474
AGPS,2.00500314028606,0.248876163494657,0.638546485612278,0.2081704952123,0.648205145592121,0.748765529159004
RBM45,0.478150933980398,2.10972456347143,1.2011581771952,4.36479014310183,0.0366890019770949,NA
PRKRA,3.55624147825996,-0.8458574546601,0.475910027837408,3.3794118619744,0.0660156085919654,0.190802949448968
PLEKHA3,2.58291463316923,0.524274919530197,0.591966294783156,0.800608315724403,0.370911555345103,0.571001615739352
SESTD1,2.69520035665001,-0.413706291343155,0.493094654667229,0.77553896269653,0.378508965434461,0.57573309738677
CWC22,2.69647324852823,0.494345727886824,0.560439701569294,1.17785568788126,0.277792967571628,0.488494632864161
UBE2E3,9.19799352390404,-0.159054423425942,0.299149854027559,0.33251378984626,0.564182613297143,0.702596956057485
ITGA4,4.92375674926194,0.86261086589363,0.375290632821606,5.98484337277615,0.0144293238858655,0.0618341935472615
SSFA2,2.15530928968321,0.359195930713356,0.621872470057527,0.723750490895348,0.394916428952884,0.587868639639375
DNAJC10,1.23821933712593,-1.63659715677522,0.871038481906416,3.34221059343345,0.0675238349259732,0.193468869560551
NUP35,0.731413790407279,-1.59207455394495,1.00157458729818,2.99463954811037,0.0835405016581071,0.224434982095958
ZC3H15,10.4561259804671,-0.497483044482507,0.298910944005709,2.86655807558145,0.0904380942216288,0.236637336204159
CALCRL,0.546258729672234,2.42634081815153,1.40126275206572,4.15935030581368,0.0414052831630837,NA
TFPI,0.268835675975217,0.380924895648353,1.89242140086391,-0.0723420480853179,1,NA
SLC40A1,0.114388389162524,-0.10013748276054,1.8812130256645,-0.393236939343392,1,NA
ASNSD1,1.79966741820272,-0.781489077338545,0.613453720675903,1.66175252232264,0.197366867861654,0.396545628280727
ORMDL1,11.8106159007297,0.0196041183187348,0.272510461120655,0.140235292888434,0.70804721130815,0.782309754505948
C2orf88,0.054604941241844,-0.0266250237101584,3.05435952883091,-0.65575946068429,1,NA
HIBCH,1.60343353698687,-1.05057083221463,0.70942023758825,2.27108984647732,0.131807183496888,0.305644403108111
INPP1,2.7694907508916,-0.678911418951086,0.536811955358149,1.75125624808771,0.185718882402989,0.381907822605878
TMEM194B,0.313605372455066,1.71817904000876,3.03070320022537,0.637293350621597,0.424692616898169,NA
NAB1,2.35904895859487,-0.163266284539515,0.635529222267722,0.210385766432751,0.646465212156936,0.747698375445842
GLS,1.9126315906228,1.58634576738699,0.65542629792275,6.37482500558285,0.011575045520168,0.0523854381616389
STAT1,30.8847949925636,1.27354161337039,0.180636727911663,51.0595249479081,8.96070286572469e-13,2.66559160976509e-11
STAT4,1.97125621830587,0.881656520054177,0.70033869266346,1.62978230163956,0.201733161935966,0.401240122149822
NABP1,7.02780295774614,1.19333297468008,0.452915189134232,6.79220826788092,0.00915565844067304,0.043756614168204
SDPR,1.78114823753919,0.928195216610131,0.744137152862469,1.61053398896356,0.204416755959742,0.40460784254564
SLC39A10,0.781393231262689,-0.356643854073517,0.982800910431047,0.179391904952119,0.671896349406384,0.762195636646117
STK17B,6.49207163057968,0.436253160881844,0.340018598600663,2.10938964789601,0.146397697886198,0.325517087317351
RP11-347P5.1,4.22246599858122,0.270014291952225,0.440157175187868,0.381519274517117,0.536791265862485,0.685875078649981
GTF3C3,0.621609447642597,-0.756966634824883,1.1752049499871,0.913737838074745,0.339124601616939,NA
PGAP1,0.950068986056771,2.83855548731206,1.02201819393393,8.71664346566366,0.00315318037933552,0.0182634114977014
ANKRD44,3.19862520905066,-0.695313420485133,0.467474077551963,2.7145064695952,0.0994397215681789,0.250768153814733
AC013264.2,0.0357421795770092,0.255249397474148,3.0559717001647,-0.93225660744326,1,NA
SF3B1,10.9261216219206,-0.682634239228908,0.284121741465679,5.79553854399146,0.0160668925767503,0.0665529830434882
COQ10B,5.80831921696714,0.0251503969483601,0.407250754661862,0.438310856185012,0.507938861849846,0.668380791371238
HSPD1,15.9270224585882,0.100300824125487,0.24036456531042,0.220729643566784,0.638484528122911,0.743004245421336
HSPE1,14.0108914407975,-0.0889659501325821,0.275001212673411,0.517393126201355,0.471955823492953,0.64686765519231
MOB4,8.46956298222741,0.200353152268707,0.397344891124283,0.31207299674729,0.576410888967169,0.70900159124665
C2orf69,0.596899022643816,1.09662558386685,0.975983292439617,1.65812830061903,0.197856226533555,NA
TYW5,0.705406476031718,-0.20196055857463,0.891006044218263,0.0698758565920343,0.791517618462459,NA
C2orf47,2.82946643762466,-0.323455407536716,0.529722031222683,0.379615151455418,0.537809272749248,0.686232604317671
SPATS2L,27.7927636571059,3.73817383292645,0.276650531377317,253.18616009613,5.24620513072911e-57,1.69203921268989e-54
BZW1,10.610472879602,-0.286082379406606,0.278264852690708,1.14647948367026,0.284287331415181,0.495340564945189
CLK1,4.6135491569517,-0.137689532149836,0.407091728963131,0.114290601956711,0.735311243177273,0.79568908673677
PPIL3,0.631009520017814,-1.55664733981742,1.15184823535291,2.61042296294666,0.106163443627101,NA
NIF3L1,1.39991635852728,0.234947147948924,0.786452392732627,0.115237613809818,0.734258208367785,0.795104431537468
FAM126B,1.30547658625291,1.64757956791084,0.837053000102416,3.86730239495163,0.0492355969173426,0.155603784378275
NDUFB3,16.0553169006931,-0.0669604795311895,0.2493153948547,0.252409871707329,0.615383301176861,0.731355261380585
CFLAR,54.4886833109349,2.2860230277029,0.20285235761017,126.71307303335,2.14670758128809e-29,2.08809905684658e-27
CASP10,5.95553913001219,1.3651167169501,0.360506442845992,15.3807757950038,8.7877813064137e-05,0.000846722073045647
CASP8,7.01560539250456,1.8811536379399,0.366857397334724,28.937260729552,7.4760873226763e-08,1.21844316790852e-06
TRAK2,0.632976200526702,1.68694066363371,1.02697215998804,3.36292896775452,0.0666793747591199,NA
STRADB,1.30454116400925,0.224953144907132,0.756149815359671,0.373009396287252,0.541368441698697,0.688564925431635
SUMO1,25.292407773835,-0.338738397792359,0.188616899589097,3.54901174391799,0.0595809258037978,0.178016535019831
NOP58,2.64583892314668,-0.429326974729014,0.543371018843574,0.788272192006325,0.374623088515131,0.573151820884125
BMPR2,1.87657587486941,0.35059079597313,0.675272736773805,0.391848155701837,0.531329529065497,0.682310845371619
NBEAL1,11.1981037423625,-0.501515729260238,0.264565731418877,3.63383818412902,0.0566161071267931,0.171330125665673
CYP20A1,3.89767448879848,-0.192503189209608,0.419944496196947,0.217947907012473,0.640607978339159,0.743949626065471
ABI2,1.38520559690358,-0.324486277080344,0.752403166638548,0.22354067555009,0.636355243613149,0.741930162264342
CD28,0.185937649259568,0.488169463757022,1.66753033284874,-0.232485685660972,1,NA
CTLA4,0.314459945985923,0.184146156551362,1.78687750838881,-0.0962400287221072,1,NA
ICOS,0.0960122869022393,0.403355986790362,2.69027684302481,-0.411545497472151,1,NA
NRP2,1.30684037324358,0.500018885291887,0.927015594841201,0.513508634786092,0.473623926849573,0.647990196520538
INO80D,1.13233733223038,0.281569795696575,0.77288805733904,0.133560786190451,0.714768290422714,0.785126213704669
NDUFS1,1.10899711338433,-0.977914658179435,0.794862060997734,1.94185155608901,0.163467635998204,0.351127117325438
EEF1B2,48.1395082499415,-0.546231374222192,0.186236166115148,8.70871497610351,0.00316692367117725,0.0183084040160134
FASTKD2,0.570746901652978,-1.12170996721479,1.02851618846162,1.231866534285,0.267044348479327,NA
CREB1,4.51575240458866,0.0300073373601153,0.417798683172093,0.0521913678040136,0.819293078985998,0.850953896275626
METTL21A,2.94766073927178,-0.959526450001326,0.597234233040503,2.99005869412041,0.0837771318842543,0.224584616944478
AC079767.4,0.219834363692512,0.554354510294737,1.35122153834095,0.183808528719236,0.668120476291817,NA
CCNYL1,0.737629772380165,0.120091938331268,0.996582438275179,0.0208974439480016,0.885058689486473,0.898548649631065
BARD1,2.52976477775514,1.31696096192923,0.603037443567771,4.98171554744543,0.0256165686923244,0.0958353680992453
ATIC,0.870871527920406,-1.35284569831534,0.931643878657185,2.5283635158636,0.111816127921938,0.274083692762254
XRCC5,19.568011235485,-0.660176654374629,0.249937911159573,7.06812167047283,0.00784674748506224,0.0386223844084028
RPL37A,47.7250938140771,-0.202593289110112,0.154942571779094,1.71556852439072,0.190264473976769,0.38825864020301
TNS1,1.91125810987916,-1.41026192813465,0.72631401052917,4.5161943446833,0.0335754366654082,0.118043761265417
ARPC2,293.300738427832,-0.125419931353491,0.095962529287451,1.70854686506493,0.191174015916844,0.389207431740338
GPBAR1,3.70965254852613,0.328031712259192,0.513402973466335,0.410041304368264,0.52194854163641,0.677074653502947
AAMP,7.71445462372176,-1.12350987593375,0.350943493371684,10.2701043578753,0.00135203155108783,0.0090946754611045
PNKD,1.55479096374404,-1.46507883740955,0.713461911510046,4.41297010489512,0.0356666901852935,0.122683011664132
TMBIM1,10.3506580216778,0.523683935498965,0.272674984969059,3.72383001124906,0.0536411957309675,0.164438843141255
SLC11A1,12.873181063573,-1.8461538174053,0.327938556168653,32.6574575603149,1.09916870928334e-08,2.03495645029858e-07
CTDSP1,3.88729406604894,-0.38480577863554,0.462095481802276,0.75478341018291,0.384965987760873,0.580363879399368
RQCD1,1.19614962352199,0.0739342063965263,0.760908002802985,0.0787320369721414,0.779023125105495,0.824072796590104
BCS1L,0.118603309405837,-0.937580651327816,2.50976310551922,-0.109149275583253,1,NA
RNF25,0.906086643156017,-0.482238079578578,0.870553114399767,0.325941208726817,0.568058882384731,0.703814159169759
CYP27A1,1.44235040243609,-2.44752737688043,0.817975277443298,10.1035412124124,0.00147984687063764,0.00981439569617687
WNT10A,0.0371255403146849,-0.552415847297284,3.05608535745399,-0.889682200432993,1,NA
CNPPD1,9.66417376995607,0.858475530194226,0.310350657496655,8.10172445170392,0.00442231650233508,0.024304892848708
FAM134A,2.24855205178687,-1.3338751922778,0.587785803930375,5.51095652404211,0.0188977091530314,0.0758383508119032
ZFAND2B,7.43321340588239,-0.0761148670660397,0.322130575129584,0.0557793858203155,0.813295637377494,0.846511723910097
ANKZF1,0.690140678698275,-0.10635531721262,0.942959920186089,0.15162397125858,0.696988238971551,NA
STK16,2.39916203244247,-0.38204852260356,0.543484193963856,0.566602675183674,0.45161208978088,0.632782715221946
TUBA4A,4.16846383839869,-1.56592856109281,0.450098874702513,12.9741186825257,0.000315826489642329,0.00260482466827482
DNAJB2,2.19495178868467,-0.466190232897868,0.544130041784508,1.04602213339457,0.306425007297385,0.514458204032432
DNPEP,10.31724854432,0.567329382971624,0.267794766097787,4.52674978913923,0.0333689356074004,0.117525125344604
GMPPA,2.64234580444367,-1.01888225805387,0.589060921905395,3.05206007948958,0.0806348022748254,0.21902928561176
FARSB,0.131963836243959,-0.0295228791909164,2.15936793382645,-0.294423079357166,1,NA
ACSL3,3.34659743990321,0.0699106185033725,0.512126720627365,0.0918924194260882,0.761784982029946,0.812231829555141
WDFY1,5.3388087212859,1.62370339190485,0.435260957558128,14.7854056378091,0.000120464207111506,0.00110675361496148
MRPL44,5.94944494174197,0.635934897505295,0.351119670276384,3.79882871680138,0.0512884487228465,0.160197196180677
SERPINE2,0,NA,NA,NA,NA,NA
CUL3,1.0623120427672,-0.518431467827546,0.770776289038804,0.513084927826583,0.473806455240868,0.647990196520538
DOCK10,4.25447917766194,0.485435715021496,0.439035112063297,1.24988804057234,0.263573862002508,0.476416804270237
MFF,3.15141809659626,0.816305198269726,0.53069523350692,2.49119644458085,0.11448466344591,0.277985143201683
AGFG1,1.53946595509167,-0.183701479940472,0.71571906503897,0.0668928953231216,0.795915634447334,0.835564751420591
CCL20,0.0464271167714418,-0.552415847297284,3.05608535745399,-0.767467857003339,1,NA
PID1,10.8239425728211,-3.03320099617534,0.451930869705875,46.4179476196878,9.55364148101308e-12,2.47024113905688e-10
TRIP12,4.31526203999215,0.0832941012429619,0.442547655341662,0.217118259167819,0.641244487586958,0.744373218399863
SP110,41.9468117803624,2.23155883207637,0.186259165643866,152.136104254322,5.91669850008929e-35,6.36096989623635e-33
SP140,10.9846069084423,2.67296496919005,0.424521883179858,41.5995048941703,1.12021637049143e-10,2.56144996954161e-09
SP140L,6.30250736161915,1.22685594375468,0.34730367003954,13.351971928951,0.000258151033974322,0.00218501317153957
SP100,42.6141882840738,1.21411210888384,0.161035413575987,58.4831227534152,2.05042344962681e-14,7.43543325841403e-13
CAB39,1.44003201991278,-0.778267768926647,0.683878312175823,1.73049571401343,0.188347602677391,0.385245029775384
ITM2C,0.819495399135944,-0.481202610413452,1.03367564630211,0.52138697815279,0.470250635563453,0.645830545659534
PSMD1,3.19852524624523,-0.513470352024766,0.469916236418389,1.2723001341466,0.259335619432491,0.471435382937497
NCL,7.55216791344408,-0.169110506605408,0.320569141692547,0.505997818481859,0.476876521254966,0.649688599877819
PTMA,197.49322236966,-0.476585072886978,0.146415387974515,10.5472895725331,0.00116358593723688,0.00804791718215303
PDE6D,2.38293944630571,-0.805510454525085,0.539676464784855,2.69155715329909,0.100881184447138,0.253776641335
COPS7B,1.5748651884148,-0.807757680600433,0.900648109352065,0.923585881541072,0.336535195050959,0.543279155761928
DIS3L2,0.544123197999971,-0.992487987022859,1.09963031723802,0.907549357412648,0.340765483501781,NA
EIF4E2,29.4379650058464,-0.436221590547851,0.173239734125137,6.40790997333572,0.0113613069322815,0.0515719176896452
GIGYF2,1.65812639115766,-0.561897116331418,0.666149778070861,0.708564416220582,0.399920803232837,0.592532563397201
INPP5D,1.27261919417824,0.306170590674332,0.769843221524135,0.162701600989372,0.686681300934945,0.770385542690911
DGKD,0.796831173879138,-0.787336307037337,0.931646640348501,0.677354727972798,0.410499104920001,0.601126236297628
ARL4C,4.63119775890291,0.279710925549467,0.49257130097774,0.346130662718011,0.556311683261594,0.6974382150219
COPS8,4.65647345748006,-0.617983001808519,0.371359776618546,2.82035248654822,0.0930759615084644,0.240967254805184
LRRFIP1,40.2786565358023,0.369851108098518,0.161194918838105,5.25670585079904,0.0218623608142467,0.0851562127705039
RAMP1,1.31157413336505,-0.059702795938933,1.0313354034305,0.0317368619089464,0.858606411310877,0.877801149234744
UBE2F,27.3096335043459,1.46663503498924,0.21820575221697,46.5065965681737,9.13105425042113e-12,2.38106810410982e-10
ILKAP,3.89754894525616,-1.11527032027122,0.464237964848137,6.18850287991218,0.0128582921533773,0.0564309927064346
ASB1,1.41056620357718,0.638578787516159,0.77029385829051,0.881676747101963,0.347742842884627,0.551778389745468
NDUFA10,5.34317588322232,-0.479141239825603,0.37495214423924,1.83421980784351,0.175629934899623,0.36694859906747
MYEOV2,17.7829677266814,-0.398545893245788,0.219126907747056,3.41124450818289,0.0647535943417373,0.188508325950673
RNPEPL1,3.67886835739345,-1.09216715942482,0.456462521724822,5.90330966959134,0.0151124611357781,0.0637365188162756
GPR35,8.78049412200549,-0.324434955994514,0.378777249273648,1.0549819360841,0.304362485789186,0.512680954622356
MTERFD2,1.92643142768519,-0.849816506697252,0.632502842053527,2.01844113642947,0.155398603880305,0.338890620846444
PASK,1.52019354059005,-0.47241978933619,0.801145165377994,0.345532491856773,0.556653038581225,0.697723424100174
PPP1R7,10.6010095510153,-0.837058827613871,0.296098635750617,8.22111702456475,0.00414057054788612,0.022962367708096
HDLBP,3.86483656259489,-0.271741354899105,0.467636089128815,0.546576267561548,0.45972001365569,0.63837848259281
SEPT2,12.3650681616976,0.245915808650468,0.255265002840984,0.979324853587499,0.32236554578892,0.529812136941462
STK25,1.80575672765185,-0.335414365006225,0.690857606663555,0.287700874835416,0.591697644701084,0.717152525064921
THAP4,1.80263057199616,-0.0399073964210658,0.730886022705875,0.128238327162947,0.720265640005567,0.787642810070056
ATG4B,2.71976610225196,-0.210550717131068,0.501319732718078,0.196661186468667,0.657429445802736,0.755078913034458
DTYMK,1.68102919849265,-2.28315394490874,0.734999069171872,10.6395380775384,0.00110695318826259,0.0077347880703229
ING5,1.34168460901036,-0.79217756075297,0.721984594836396,1.3111171575467,0.252192487499171,0.463443987674249
NEU4,0.909413490854909,0.373576672326,0.948763288698591,0.36698985568507,0.544649644062729,0.690809102324928
TRNT1,2.39207216976648,-0.360811015414373,0.587853268742896,0.634665310267003,0.425649193600444,0.612773490447173
CRBN,6.99554322887433,-0.163935078374388,0.382811132477861,0.373106650835879,0.541315728025896,0.688564925431635
BHLHE40,2.31555247574549,-0.648500898257532,0.717215729502391,1.19037927372024,0.275253065638838,0.487286155938437
ARL8B,5.81715575600786,1.01475419744472,0.419966623182098,6.27503748977588,0.012245053030497,0.0546523561332015
EDEM1,2.78933427231242,1.2765458799208,0.637470842053953,4.15065119994379,0.0416185153424631,0.137561090624927
RAD18,0.604688753455585,-0.517060572855192,1.25829137906236,0.319727603944393,0.57177139099225,NA
SETD5-AS1,7.55244549306758,-0.431603531384289,0.35451562497047,1.53228677489678,0.215769564804321,0.420081889882213
THUMPD3,1.0951699834728,-1.89744463914676,0.934419945819953,4.63551498275143,0.0313167442502336,0.112096383624668
SETD5,1.70354926316089,0.423343401109688,0.680556026789762,0.400000387105777,0.527089056948099,0.681054142298252
MTMR14,10.3668295079882,-0.137447546750158,0.287440952681033,0.347576226924218,0.555488386367612,0.697261948312316
CAMK1,1.7919198893767,-2.57006182756647,0.790816323471143,11.6048990494614,0.000657783162553349,0.00491572587820356
TADA3,6.26114319034145,-0.504033536982339,0.334064670167574,2.33848123468212,0.126212553543774,0.298274689490386
ARPC4,17.005742981839,-0.164222057342547,0.227643606302515,0.579018396132923,0.446697335705723,0.628989263144456
RPUSD3,3.0073242039032,-0.160215698426893,0.492217595132441,0.131147058497909,0.717245681563689,0.786135134434321
JAGN1,7.37207044674139,-0.707848362679325,0.333230983330971,4.65789292539864,0.0309111027947068,0.111033550953085
CRELD1,0.785919474501456,-0.323985906477596,0.875450760939719,0.179645478676726,0.671678087713076,0.762089117109004
EMC3,13.1781981280113,-0.987529587336449,0.254387398527305,15.7940079947241,7.06258239663466e-05,0.000693581809720789
BRK1,46.3547427983868,-0.871930267362142,0.165298338669557,27.9512415459099,1.2441110778707e-07,1.96492594979166e-06
VHL,3.40287809083014,-0.131134591980891,0.511295222780057,0.427969076134332,0.512987177949854,0.672559179142047
IRAK2,1.64198733775875,0.61844349802691,0.732845394674612,0.724524011251631,0.39466394894907,0.587727990075309
SEC13,3.93541003677694,-0.121674524502526,0.414133348383598,0.0930910313969235,0.760283724013996,0.811110491078999
ATG7,5.43029899136567,0.364024237959844,0.38847505944778,1.0993010033407,0.29441955602715,0.505618829477472
VGLL4,0.591822332140201,-0.867914589573841,1.13379115966193,0.86202966921811,0.353171325776586,NA
TAMM41_ENSG00000144559,0.501594183618707,-0.22710475088834,1.19276546772356,0.0973385381623686,0.755047175497885,NA
PPARG,1.12414978412636,-2.49420813853365,1.7714649899621,2.31657435557336,0.12800164334266,0.300764597547478
MKRN2,0.693024184044949,-1.88061433983538,1.19815446688334,3.20343379094403,0.0734838341130488,NA
RAF1,3.19899357085059,-0.622192575408673,0.4936361769947,1.66006019532333,0.197595196603973,0.396722121097607
TMEM40,0.250542441470106,0.255830561465765,1.77261790676261,-0.0793604126135925,1,NA
RPL32,369.04077393927,-0.0858005223751042,0.121930001822376,0.495301563274182,0.481571881595954,0.652986537197565
IQSEC1,1.81704731659429,0.393653137127321,0.699168160981191,0.402079201840856,0.526017419418197,0.680336586364439
NUP210,0.0579766435615073,0.529637862663308,3.05444486517633,-0.54610040653149,1,NA
CHCHD4,0.822004764724282,-0.577818881819154,0.980692864920959,0.60578714618805,0.436378447811485,0.622070028763974
TMEM43,2.9855277795864,0.621999214871504,0.481012509193827,1.82152640192592,0.177131692339823,0.369282267075626
XPC,1.36737534367461,-0.603309531559033,0.664276097659163,1.66582434710252,0.196818763479122,0.395703865682433
LSM3,14.8228250496667,-0.00451765534357724,0.237154738270713,0.208773224091942,0.647730642126859,0.748499599274636
SLC6A6,7.88097460055417,0.995073850045601,0.378006408217331,6.98149808609674,0.008235664119361,0.0400420511484195
CCDC174,3.99116126737002,0.990559916588588,0.428603960711689,5.62190627282335,0.017737346277209,0.0721742748915914
FGD5-AS1,4.02533692241515,-0.721043824884422,0.423378244573486,2.97879233029509,0.0843621978730801,0.225751767932854
MRPS25,2.12250935179248,0.0458119295834916,0.596407152981433,0.00657080684459999,0.9353938279899,0.939071654312272
CAPN7,0.758665425166802,-0.469164503519926,0.893547679004935,0.49646604534675,0.48105704048795,0.652627306643826
SH3BP5,3.48233668602676,-1.60212273481423,0.584098456474751,7.65607574260305,0.00565814430360879,0.0297623247146049
HACL1,1.03123619842804,-1.82386355196167,0.990733035071581,3.81298463734108,0.0508567521996177,0.15924641450961
BTD,1.21448871056882,-0.725621147779587,0.760246905968461,1.05780445143823,0.303716473298044,0.512502665077977
ANKRD28,0.596555710681196,0.170639467955942,0.968535027557091,0.243475969032353,0.621706781943649,NA
DPH3,15.3456917961905,1.00983147260706,0.259899598852494,15.1800547971078,9.77302511413806e-05,0.000922790414475162
OXNAD1,0.40204307481058,-0.150525797666253,1.16110665897467,-0.0580135740726568,1,NA
RFTN1,2.29158725788545,-0.69960861495278,0.62831871947863,1.36577134202295,0.242539756445152,0.451055985652427
SATB1,2.87916338262751,0.0757549438320914,0.576898094031585,0.0865677814151837,0.768586717539119,0.81683999394376
RAB5A,19.1518409448593,0.0961863185934806,0.247947735701723,0.462328179128448,0.496537901009855,0.661735694472653
UBE2E2,5.10683306890091,0.452906403859277,0.364991341847244,1.55811747121446,0.21194107167813,0.415076665785741
UBE2E1,13.8463402866749,0.184411670038321,0.279342348841653,0.494331536087614,0.482001441650456,0.653185500759397
RPL15,394.212690182677,-0.598923992552512,0.101745518669675,34.4690870971172,4.33075003427469e-09,8.45185866561634e-08
TOP2B,1.07289750453079,-0.848017107039918,0.823440862646399,1.08741282326715,0.297045155275114,0.507186601149596
NGLY1,5.47933249227791,0.93302405281577,0.381726788158695,6.16553513017139,0.0130262962055981,0.0568835701318928
SLC4A7,0.726169089263389,-1.97065409856541,1.01347732847825,4.42384925227055,0.0354400028152077,NA
RP11-222K16.2,0,NA,NA,NA,NA,NA
EOMES,0,NA,NA,NA,NA,NA
CMC1,3.88174815866393,-0.0467984917705423,0.402586696427065,0.256797700576683,0.612328762624636,0.729036459561642
AZI2,12.7661339146328,0.671138424459315,0.256992923519286,6.85664997792544,0.00883119669120501,0.0425452620469374
TGFBR2,3.90421623543209,-0.822805101993948,0.429236854199177,3.73960201007213,0.0531371004358319,0.163548041924047
STT3B,2.14158370467682,-0.746208515098004,0.596420782854039,1.60279145216199,0.205508069472578,0.405936886623164
CMTM8,0.596238011154227,-0.840350512888185,1.02826475735603,0.775935242078511,0.378387177267026,NA
CMTM7,13.4686115084866,-0.351014276081754,0.260099368928829,1.8769860865015,0.170677094409104,0.360534034656666
CMTM6,44.8288106032464,0.241353467145098,0.180428043290985,1.86610530777951,0.171921810799976,0.362420405212889
DYNC1LI1,8.32385625313674,-0.290264897491886,0.31322142474209,0.905776400095675,0.341237553264426,0.546693784680889
CNOT10,1.23663039668963,-0.558468243791018,0.818230783541542,0.533401378129007,0.46518034943231,0.64156345780012
CCR4,0.0192862052863319,-0.426972875039814,3.05671984711709,-1.1316226384713,1,NA
GLB1,3.01151504052438,-1.08964540788166,0.551683974122701,3.95748137547261,0.0466634728368938,0.149557406665526
CRTAP,0.907501319676091,-0.0147620069429455,0.903262066602387,0.0669066816914565,0.795895069837839,0.835564751420591
PDCD6IP,5.64224686936363,-0.606642209137022,0.360880377554136,2.86541726758345,0.0905022364672937,0.236704099475705
TRANK1,3.13704367098526,2.14116098465555,0.541621557915853,18.6808317286582,1.54528144302026e-05,0.000171238421027633
EPM2AIP1,2.6237281529581,-0.846938407375791,0.595900834854464,2.0070743383053,0.156566997748562,0.340296796951126
MLH1,2.90211853536632,-0.434052058736123,0.519666311968269,0.879879323250726,0.348234733925356,0.552272890655947
LRRFIP2,6.75412861635459,0.921950397229617,0.349249613618484,7.11429692093429,0.00764715895406169,0.0378834196204446
GOLGA4,8.19554384004889,2.726218571599,0.384921326314723,61.9752543577055,3.47800584286816e-15,1.34045407579221e-13
ACAA1,8.48958081126381,-1.68801278821853,0.323747909986121,29.1127206061838,6.82871436318149e-08,1.1218863704444e-06
MYD88,13.1921139943878,0.710009259587629,0.245564527671167,8.59306683450286,0.0033744523545851,0.0193258355410257
OXSR1,3.15895968560143,-0.373716664934193,0.490218012573266,0.592836729816625,0.441324264635996,0.624388284638989
EXOG,2.54600542553718,0.221039845077496,0.525832483350579,0.188302173105086,0.664333476611159,0.758530938079594
WDR48,3.91869777288475,0.953209793572307,0.5175215090905,3.48522889310259,0.0619187978579704,0.182861876276454
CSRNP1,6.59995863466442,1.91833198420386,0.44734688614409,18.625721941187,1.59059925839355e-05,0.000175942098473568
SLC25A38,0.228761939875106,-1.05803345131149,1.43935805994898,0.56132539328631,0.45372671390419,NA
RPSA,59.2017381288354,-0.462464996652886,0.174025985204498,7.1192730442777,0.00762596220751892,0.0378291872095403
EIF1B,18.8319598647134,0.0208189738579291,0.236821333907694,0.134660912424621,0.713647563435059,0.785126213704669
ENTPD3-AS1,1.70347764579668,-0.0888893959734458,0.832150210759149,0.295873049091533,0.586481291028547,0.714367210193629
RPL14,157.432572735636,-0.587832439327573,0.101269730517354,33.7677445197334,6.21000128247334e-09,1.18948279142307e-07
CTNNB1,6.73719603603913,0.819169176693989,0.40506561795597,4.23260904307274,0.0396544394318089,0.1331567615157
SEC22C,1.48565035699363,0.127704486829171,0.68953159642092,0.0559760083873613,0.812972943545163,0.846397926952898
SS18L2,9.52582150953083,-0.111499353039355,0.291832095486805,0.378581100778405,0.53836358705811,0.686452780168975
NKTR,6.87026520647318,-0.128037591521169,0.32451915367663,0.163184101075501,0.686241751882666,0.770385542690911
HIGD1A,8.22301695165311,0.0275613983787819,0.342962383512667,0.0400574067010382,0.841368380619517,0.866247553164717
SNRK,1.76328204355994,-0.0343319770485452,0.61924606618769,0.0102665127816053,0.919293422436022,0.926094047786938
ABHD5,2.5205169272802,-1.37169176328183,0.603757664841995,5.82109231605708,0.0158351079917437,0.0659670576297792
TCAIM,0.961398189928611,-0.0536947695951853,0.822491341023201,0.152382147097029,0.696269208705756,0.775044647016276
KIAA1143,3.42246987336301,-0.717799327087934,0.516368754851408,1.97026806682068,0.160419411060606,0.346388354820082
TMEM42,1.39992033344242,-0.0374659290869912,0.88552063453353,0.378808733933369,0.538241472260143,0.686439904684736
ZDHHC3,3.27287641738362,-0.128714702930729,0.486538733457659,0.203142692130811,0.652196024800114,0.751599832946651
EXOSC7,1.37177789199067,-1.87953278242745,0.752270300069886,6.59018017593561,0.0102542792807236,0.0478173513082165
SACM1L,1.64085312025788,-1.49573333427283,0.676202025937118,5.11634504391922,0.0237014864772514,0.0903250678685302
LZTFL1,0.24881152516346,-0.825601878760626,1.80732418600809,-0.0360979150978764,1,NA
CXCR6,0.343107182166135,0.341409502097102,1.20608199767635,0.414569093962189,0.51965947655688,NA
CCR1,19.5479161723274,1.9708472224237,0.331979385480755,35.2940693884706,2.83494017600834e-09,5.7524878803242e-08
CCR5,10.5188832542269,1.51362103039044,0.382498415214634,15.7553175738956,7.20850302426806e-05,0.000706779304523434
CCRL2,24.5459531482704,1.48834447548114,0.317700163254176,21.4928880590796,3.55143347843997e-06,4.4144390174199e-05
CCDC12,8.96326952200384,-0.792533949616689,0.280468139435782,8.31571263267605,0.00393035806970633,0.0220358959296984
SETD2,2.53308888987414,0.172182759648514,0.622418198777539,0.0876381896895282,0.767201458465182,0.815792215421592
KLHL18,1.33679803809796,-1.44444236236228,0.754705721038373,3.79445313401996,0.0514226684205914,0.160283882035292
ELP6,1.62647575533295,-0.418217823051724,0.749816739762817,0.325027694988329,0.568601735217477,0.704344336651041
SMARCC1,2.06147267960119,-1.64859587656675,0.599238014666193,8.48957417788797,0.00357187396986812,0.0203206581921046
DHX30,1.49146893191001,-0.527248801220566,0.744544635840301,0.686002174373414,0.407527527279816,0.598305866595763
MAP4,2.84338801235236,0.111563009683821,0.498928790787652,0.162268502565048,0.687076491793439,0.770385542690911
NME6,1.53487885871864,-0.921654914477373,0.726303126692074,1.67295799518187,0.195862803398241,0.394040465930539
CCDC51,0.16370318527507,0.256420817152241,1.95157752916214,-0.354027339768937,1,NA
TMA7,41.6016460984615,-0.412113180578078,0.165711527319819,6.2803373122524,0.0122084860395732,0.0545288647598429
TREX1,19.6310214150072,2.47392866246568,0.263927952340607,96.8993627649564,7.29421495471039e-23,4.91197244422695e-21
SHISA5,9.55814043608645,0.375575781843999,0.275817406643789,2.03830248641678,0.153380727532136,0.336057594464937
UQCRC1,24.5044174126705,-0.799231158555926,0.208209779467747,14.8477514715307,0.000116546927398088,0.00107722408913346
IP6K2,4.99437134589661,0.584083684385493,0.396603768229127,2.32510495938537,0.127301633514188,0.299809535040332
PRKAR2A,2.41901424639855,-1.17506209601923,0.592315432068343,4.2044869140893,0.0403171693670315,0.13451053900203
SLC25A20,0.493514921872107,-0.677212374896245,1.13656919061841,0.51986199930402,0.470900555090817,NA
ARIH2,4.61511834349566,0.053990671286883,0.414184391648331,0.34102964945437,0.559235490883187,0.699386752680034
P4HTM,0.73719544873616,-1.4123458088509,0.995850820425839,2.17092610602607,0.140641514270302,0.31779174020959
WDR6,0.644657461029578,-0.476631131530039,1.04521829095617,0.164580402754098,0.684973989423707,NA
DALRD3,1.13839376398397,-0.370293813417627,0.824934096994203,0.337900706637299,0.561043487476484,0.700685360661403
NDUFAF3,21.3763181103858,-0.400388513557416,0.211677717295133,3.58316773130254,0.0583677500788743,0.175246238355386
IMPDH2,3.14073580736967,-0.726169750779546,0.50164905707242,2.120394084653,0.14534914026569,0.324566976300712
QARS,3.70933257183859,-1.13747529270384,0.503553000238144,5.15582308198275,0.0231685521682695,0.0887910492102286
CCDC71,1.66021519625726,-0.000434681164187203,0.651017879336458,0.144780791091158,0.703573768845587,0.779827680897395
USP4,3.65639885182889,0.0566363283397111,0.443595741568966,0.323910853479532,0.569266789994578,0.704883186317796
GPX1,78.4013980203276,-1.42466257799668,0.198348831552085,50.4881274846433,1.19887874488387e-12,3.48186206097077e-11
RHOA,79.8437235721638,-0.222215044457793,0.123383725904614,3.23983218648821,0.0718679991318188,0.201356406748925
APEH,2.46865791671367,-0.665018831418311,0.580976365569818,1.36024677449191,0.243494718001589,0.452299373117229
IP6K1,2.03237768620924,-1.08527288874905,0.681935684122283,2.70674483770908,0.0999247018014834,0.251577063533069
UBA7,2.24886407149963,1.52950581964757,0.633913181327248,5.93117169716037,0.0148753479653538,0.0630838286032445
RBM6,2.85351144247742,-0.464083557568665,0.498895030741908,1.14945165451466,0.283663966939936,0.494712912237662
RBM5,3.20681041491766,-0.197887052359258,0.458861741012294,0.221928492178307,0.637574416522544,0.742645129148479
GNAI2_ENSG00000114353,13.0709855593403,4.46872311356932e-05,0.278315495575864,0.0747107580422011,0.784597490675122,0.828092215908598
IFRD2_ENSG00000214706,1.36437214598735,-1.33857023662846,0.856140872775448,2.44839841780298,0.117644848528082,0.282626026530364
TUSC2_ENSG00000114383,5.80585515902854,-0.854573739075337,0.365007750498326,5.53817119675625,0.0186060166442688,0.0750116249974205
RASSF1_ENSG00000068028,1.98344303076288,-1.39400947274451,0.637206478371382,5.72603872438062,0.0167151460134125,0.0687452448122093
NPRL2,0.378698434318142,-0.995649000400214,1.33653750004216,0.526128179335153,0.468239217348314,NA
CYB561D2,5.35161554621312,-0.948258766130124,0.469089692169666,4.08960779118418,0.0431476533292292,0.141244027564913
TMEM115,2.95160356812252,-0.302018952540188,0.486795879949889,0.386919728783042,0.533922983175277,0.684493732405459
HEMK1,0.149457461244395,-0.0318716055348155,2.3423373063725,-0.352146400046767,1,NA
CISH,1.04324327690971,0.579802312547807,0.920827244065293,0.413492747952212,0.520202026887983,0.676158114404848
MAPKAPK3,11.9078512793023,-0.37486800402675,0.330674731936554,1.28446105757422,0.257071221971127,0.46829145310317
MANF_ENSG00000145050,14.9436092300873,0.221195717314427,0.303109056317714,0.566620604227495,0.451604931869876,0.632782715221946
RBM15B_ENSG00000179837,0.926665469241305,0.470638921974111,0.829322296396523,0.344919145525871,0.557003467084487,0.697877171599619
TEX264,4.39471339541711,-1.7267760576806,0.491585496915434,13.2312849193372,0.000275315013183268,0.00231113753532475
RRP9,0.283024862048394,-0.538865836563992,1.85787287984108,0.0886443311828558,0.76590773414419,NA
ABHD14B,1.40966326424981,-1.58452163864047,0.820326316189192,4.02122729458434,0.0449310060226994,0.146067482709338
ABHD14A,0.335071922385773,-1.76597199806801,1.48158341061439,2.27621939419202,0.131371762509809,NA
RPL29,159.145032957731,-0.238983076501,0.122621754782044,3.81030403879242,0.0509382034327394,0.159259852365218
ALAS1,3.96402456248414,0.247780617374458,0.450879083998746,0.498143011265498,0.480317205259076,0.652148731012751
TWF2,15.8230931818097,-1.22385967460995,0.256247666818558,22.9363982496729,1.67450872297992e-06,2.20201490438218e-05
PPM1M,1.97487525135646,-1.49542926971898,0.767144747221655,3.83050246853122,0.0503278431915129,0.158158473373124
WDR82,2.0902794807823,-0.499873949536533,0.562681540973472,0.798535898197706,0.371531472688688,0.571037629769695
BAP1,0.604399006317979,0.0504198434358635,1.18316535666794,0.0113770082034677,0.915056289833537,NA
NISCH,0.653047675017563,-0.446791985276841,1.00645691556694,0.29286716972338,0.58838901191842,NA
PBRM1,2.7674421842958,-0.550683626359787,0.514072080984526,1.37465500694507,0.241013696463278,0.449461939113501
GNL3,2.46650348336907,-0.599052512695392,0.643913916610738,1.1780688581859,0.277749488543845,0.488494632864161
GLT8D1,1.35533213165611,-1.36193151763167,0.811936554434373,2.8557330267144,0.0910487285113165,0.237772491200119
SPCS1,23.2332952516157,-0.745290891105959,0.194701799154053,14.8500308111607,0.000116406168330918,0.00107722408913346
TMEM110,4.12748344976126,4.09134438929282,0.693033335855169,51.0414837400294,9.04344010439683e-13,2.67720777583303e-11
SFMBT1,1.16498633768918,3.28835871466702,0.887304306814432,15.8775749540296,6.75746827294873e-05,0.000667899444784352
RFT1,1.05136433226294,-0.126798920736971,0.930425427163156,0.311074852012837,0.577021361022048,0.709040886373193
PRKCD_ENSG00000163932,11.733193126128,-0.188041842432835,0.242694802880864,0.636921222445224,0.424827870940033,0.611975832891519
TKT_ENSG00000163931,16.6167664701573,-1.41178400269435,0.268404781378144,28.2172258138705,1.08435224433295e-07,1.73044545658134e-06
DCP1A,3.68019665246195,0.794283207216338,0.44142254096438,3.29215514675365,0.0696115962658501,0.197584074803002
SELK,50.0899338244521,0.492718050450054,0.157639756061339,9.79621150774213,0.00174871763332575,0.0112920354657747
CCDC66,0.669608990313957,0.171732428217139,0.980642406258287,0.303319158896201,0.581809049736957,NA
FAM208A,0.780685266067569,-0.894878068846256,0.912682212987026,1.27021006969029,0.259727274671852,0.471867399700299
ARHGEF3,2.19733313306417,2.17997658379392,0.647404808729885,12.8204949385628,0.000342843018301107,0.00281250604571511
HESX1,15.2422002184893,6.38446039476816,0.681004371431128,237.073582369756,1.70927207054164e-53,4.55409532533878e-51
APPL1,4.34681455303777,1.20162794917882,0.443260772315376,7.81595415181302,0.00517869990144957,0.0276678927603164
PDE12,1.01346893271126,-0.165996090434648,0.848586562098434,0.157255699596291,0.691695798711006,0.772447840142065
ARF4,13.3435646227277,-0.216577287686235,0.260969563210015,1.06014227466076,0.303182737650699,0.51238384344277
SLMAP,1.43492147461818,0.239444231762943,0.718280942336403,0.155260345267891,0.693558230580634,0.773031072571504
DNASE1L3,0.0628635903131331,0.255249397474148,3.0559717001647,-0.626907398203485,1,NA
RPP14_ENSG00000163684,1.36073394951779,-0.92571286699803,0.819316292911128,1.30892772360093,0.252588888625352,0.463988222271031
PXK,3.04802068122469,-1.26434973227927,0.497556400813556,6.6771082656981,0.00976589306781968,0.04591781369654
PDHB,5.83015532758987,-0.84943756553697,0.41027757847995,4.24901142068612,0.0392731856106774,0.13238450534666
KCTD6,1.22305376610021,-1.42137712281795,0.862720253997993,2.85060801570714,0.0913393870885993,0.238384908040433
FHIT_ENSG00000189283,0.345932136486081,-0.250837670425493,1.42618097319123,-0.093673661674984,1,NA
C3orf14,5.55546715500797,0.628666884468971,0.351013454357361,3.28132998396562,0.0700721237748605,0.19841046199986
THOC7,8.53784146123501,0.178738046193572,0.304949880414522,0.497959258499876,0.480398181303067,0.652148731012751
ATXN7,1.4920650202747,0.476063368030331,0.757385510797691,0.503998491996661,0.477748468551494,0.650587247840789
PSMD6,7.81481558929784,-0.355026772846472,0.322514169482931,1.22271146678511,0.268829181234549,0.480915316207487
SLC25A26_ENSG00000144741,1.22829931777859,-0.872770092049249,0.742231077902953,1.65058356417544,0.198879523501908,0.398195440666815
SUCLG2,1.07108591591092,-0.158866623055057,0.911431960951295,0.0978660022341771,0.754405701068771,0.807792789821673
TMF1,5.55795436980929,0.0389874713009013,0.354397519511621,0.0121150672630677,0.912355076457121,0.920466234529015
UBA3,5.17971652824943,0.34636690622158,0.396111156198565,0.828514046216185,0.362702560230169,0.563692946764006
ARL6IP5,51.7956974633703,-0.603855021055793,0.184168028341834,10.7405314124861,0.00104814231130995,0.00739127282359881
LMOD3,1.15650028684506,0.55784814263073,0.786574489971031,0.540380238478278,0.462275186020373,0.639884079889565
FRMD4B,0.315420953650709,-0.404457653203878,1.20538360161061,0.524511925833057,0.468923343103338,NA
MITF,2.84123400249321,-3.96127391038137,1.882720455551,3.57122769685996,0.0587888321165726,0.175907208598807
FOXP1,6.29617095863716,-0.399015983006455,0.354763227435784,1.85143349856951,0.173616762000541,0.364607099910662
EIF4E3,2.1140231912043,1.69780263391433,0.638583853904616,7.54624914440322,0.00601351195642604,0.0312559807200838
LINC00877,6.40460905539174,-1.21819317340157,0.37433109714103,11.0949818423349,0.000865616314243155,0.00621863631146783
RYBP,2.11940555888693,-0.717670666322693,0.611015293618293,1.68935175830891,0.193686443731129,0.391898237580427
PPP4R2,9.25813453516145,-0.170813879945649,0.314299406538178,0.712041277613295,0.398766988988641,0.591251901408757
EBLN2,0.510490773276032,-1.24143266117556,1.1796405020109,1.357583087128,0.243956793227685,NA
GBE1,1.11644173397117,-0.0931421518917478,0.774588943197534,0.0290729579773839,0.864610689717595,0.882026686630501
CHMP2B,10.5818076359256,0.0884481415512242,0.272431936472537,0.220391494006876,0.638741781375191,0.743157326042751
CGGBP1,19.3264918177763,0.473027228057729,0.217646269574721,4.74978225579514,0.0293020019722559,0.106439044508586
C3orf38,9.94793498807264,1.64889743913318,0.315207283423501,28.5814395977976,8.98392027968177e-08,1.45644083264259e-06
ARL13B,1.76370854776161,0.0505749185611705,0.655253610833548,0.0768840733178209,0.781565288582921,0.826178960416667
NSUN3,1.34431915029543,0.337648612470147,0.758265052854589,0.236525840984356,0.626726673320169,0.73671326465655
MINA,0.340429348469398,-0.704775316708814,1.20350456322547,0.43119852160309,0.511401437255555,NA
CLDND1,8.49323625474286,0.882095278862283,0.330737571323921,7.29525637186947,0.00691369037002795,0.0348413606805356
ST3GAL6,3.49131593058434,-0.766483849061386,0.460483252110506,2.8223997345234,0.092957331100159,0.240833569777001
CMSS1,1.25774334934578,-0.159791864033546,0.806308628952822,0.061424846667947,0.804257922044932,0.840896186024798
TBC1D23,3.45531577121552,0.735812559697444,0.481528464461538,2.5581162060278,0.109729263970551,0.270591923384924
NIT2,1.27283066912194,-0.566789325181142,0.790564065382582,0.520112346468146,0.470793762124121,0.645997352059251
TOMM70A,0.532074634444726,-0.405450668214956,1.06801099967642,0.191526530131405,0.661649125166264,NA
TFG,14.2554557670187,0.899915996005192,0.270543148311897,11.3090372764567,0.000771307538475007,0.00564030142693895
SENP7,0.750195905892799,0.550084320961477,0.937814689126002,0.418276940877156,0.517798071774953,0.67485003300715
TRMT10C,2.59642927551818,-0.399021945607569,0.531146680333677,0.648994021581956,0.420472572814844,0.608994546492404
PCNP,21.1677254112269,-0.0521451390499288,0.204136600530537,0.143756841320055,0.704574403786304,0.780341938623255
RPL24,122.164062496194,-0.278506303422887,0.127179176845094,4.79669995466264,0.0285143046138514,0.103852720205807
NXPE3,2.0432311999702,1.34351252547033,0.688986739114,3.96196969708476,0.0465392166071114,0.14928137824697
NFKBIZ,7.18105304810688,-0.829683135827835,0.325494004882056,6.62257865432829,0.0100693939845251,0.0471032414787557
ALCAM,2.61825546351608,-1.44189137637298,0.550698192788818,7.22052452560295,0.00720746436766555,0.0360844294485739
CBLB,0.409108999004922,-1.11118606990164,1.34222468487696,0.682309079336385,0.408792733239063,NA
BBX,19.7563239138886,1.45360324483863,0.259680123054408,31.4104035057304,2.0885879199274e-08,3.68843422862108e-07
CD47,82.8886728478283,0.934222688330816,0.116868888544671,64.1879300847828,1.13099509351867e-15,4.6515019685117e-14
IFT57,4.47825012416269,-1.33214402474949,0.439321286200167,9.68219856895826,0.00186061856133734,0.0118893332052922
TRAT1,1.93507730934066,-0.960479621310111,0.676274445051914,2.33788924696896,0.12626053272488,0.298274689490386
CD96,1.44015368820911,-1.03382003700269,0.728864525440416,2.07393565284922,0.149834429946987,0.330639318226552
GCSAM,0.274005554199418,0.261373076324861,1.39846777879405,-0.0928871918539151,1,NA
CD200,0.273109779446463,1.500447074297,1.61768834223495,1.48634569874161,0.222784312053694,NA
BTLA,0.105066432761448,0.955472470303916,2.64568174355016,-0.0834725263921321,1,NA
ATG3,62.8465846034507,0.999598712042426,0.144955759488262,48.2067791188909,3.83560000837363e-12,1.04931057371936e-10
SLC35A5,4.01308034491849,0.893167840787888,0.502578413660011,3.3550658310099,0.0669985318981743,0.192531958390327
GTPBP8,1.46162970888875,0.158897310796895,0.735905060200812,0.0499835209175075,0.823091951061246,0.853741956009363
C3orf17,1.27534449829384,-0.423753836446859,0.891442423911527,0.35289519139662,0.552478790272677,0.695780217578038
KIAA2018,1.08245379579679,-0.781938473371428,0.855998723642353,1.02055529060448,0.312387328868271,0.520743296313215
NAA50,4.43882163438294,-0.232212725981193,0.415414082832084,0.373305638490734,0.54120790261368,0.688564925431635
ATP6V1A,2.39605525572013,-0.212741567018758,0.535079280818433,0.224214968653015,0.63584692157507,0.741878989334668
QTRTD1,1.98744059452769,0.0520563579233787,0.599297133728622,0.00751123821871857,0.930935889933199,0.935515764760682
ZNF80,0.0383630408079537,0.255249397474148,3.0559717001647,-0.896928335543295,1,NA
TIGIT,1.41699039729669,0.632902288638884,0.850364370032274,0.578105086433865,0.447056026511434,0.629287466805311
ZBTB20,0.409570950016963,-1.04075165310657,1.40724939887223,0.887850349356086,0.346060508349003,NA
B4GALT4,1.4825433308366,1.01605613405715,0.788510408604739,1.82040330765863,0.177265277439049,0.369334873933061
POGLUT1,0.469708285362491,0.810412238720343,1.12641193454479,0.70382645340765,0.401500929783379,NA
TIMMDC1,6.2694659251423,-1.38391009538787,0.416685817918866,11.4253439574067,0.000724490120459998,0.00536192688185854
CD80,5.05833145926725,3.12314592374122,0.583709911077683,34.2860926544447,4.75769523838369e-09,9.25560521295722e-08
ADPRH,1.41572215274929,1.41123811555838,0.766255611332914,3.4754134594136,0.0622871545383093,0.183352229170402
COX17,25.1784556429705,0.616603999380791,0.202069899699288,10.2343321919451,0.00137850512361185,0.00923221792075785
GSK3B,3.04144138762298,0.444766190317045,0.460232006576922,1.17331246361845,0.278721662363283,0.489540368862769
NDUFB4,22.9352931444825,0.182044172369184,0.191557173744372,1.02478262259874,0.311387237648619,0.520166666587539
RABL3,1.67197763972423,0.39274425842126,0.643943098356003,0.459889425566637,0.497675654811092,0.662126880738682
HCLS1,33.260852604311,-0.546428845448749,0.188017702349549,8.42132252939388,0.00370845945574503,0.0209451055712493
GOLGB1,3.33084197967945,-0.488269974166914,0.489587155296033,1.01242232875759,0.314323222611241,0.522281103080718
EAF2,6.45877706831943,-0.264605324783795,0.37968396706534,0.481295067269258,0.487836289271286,0.657168780095503
CD86,92.1009675708239,0.915058784893795,0.180186356281094,25.6194158446513,4.15834180024448e-07,5.99583965927016e-06
CSTA,6.67314624151751,-0.605946819755788,0.327662786738047,3.43365695811909,0.0638805038790837,0.186696623943643
CCDC58,0.231981248728322,-1.11213572075961,1.61007329213692,0.494716559640128,0.481830865176018,NA
FAM162A,2.44939271907932,-0.534476185635148,0.525866973670566,1.03565061550932,0.308835185631442,0.516916463867853
KPNA1,2.88277906917264,-0.369768166837215,0.62099992077172,1.1050919770915,0.293151337699402,0.504899212316452
PARP9,22.225384958633,2.22624375852108,0.238319182731063,95.5001329519891,1.47881357981226e-22,9.74426840547263e-21
DTX3L,8.95947699063951,2.35870239689545,0.35312669968407,51.4887050372242,7.2010202868147e-13,2.17378582845323e-11
PARP14,36.6405363039912,2.16536096727599,0.204877176373293,115.820166332806,5.20410872160698e-27,4.25210376613434e-25
HSPBAP1,3.3591967534823,-0.415258782517327,0.537323364282612,0.808031620920957,0.368702843196754,0.569264556087103
DIRC2,2.32184313971285,-0.574442013517999,0.609897858181736,1.533865750686,0.215533190416638,0.419830702756885
SEC22A,1.51787583293064,-0.00460582857376944,0.689607627559042,0.176951459142842,0.674006304832833,0.763317434118573
CCDC14,0.515978688736853,-1.21689520365152,1.06029157741552,1.63611743591951,0.200859004786337,NA
UMPS,0.522545730768974,-0.219504988026098,1.37299362863789,-0.0296258922669779,1,NA
ZNF148,4.20211748027994,-0.258675526182524,0.488053527339477,0.278868892748122,0.597443544542005,0.720851869129177
SNX4,2.66335407859471,-0.748776563038393,0.512569728996291,2.15234269311479,0.142352535846582,0.320269700297936
OSBPL11,3.44275620587898,-0.341607938898413,0.441772457270539,0.729446014841834,0.393062815588303,0.5864837920441
TPRA1,10.0118624382385,-0.39472680502556,0.334578767092325,1.44544624319566,0.229260049158929,0.435494600510204
ABTB1,7.26224390488353,-0.874178144235936,0.326881228885973,7.57238707399863,0.00592692371116367,0.0309011806596983
MGLL,2.98541058201128,1.07322701174943,0.566497062590197,4.30774815491374,0.0379391504091167,0.128946818473138
SEC61A1,2.88511487746481,-0.238692743198577,0.498380613248487,0.237355371536481,0.626122763765272,0.73671326465655
RUVBL1,1.01051348373345,-1.56486015563653,0.883903132520155,3.46197440306491,0.0627952906096122,0.184384063658698
RPN1,8.52038132868485,-0.511570391823162,0.314055616636672,2.93949333667986,0.0864378421736817,0.229502208336361
RAB7A,31.8645514729825,-0.0348221126238852,0.181012749597147,0.0512120835422678,0.820967422158436,0.852002011927423
ACAD9,0.645994952507618,-0.372519180966118,0.986110346224672,0.1686896731293,0.68127897167293,NA
GP9,0.216872021525866,0.977838662681907,1.63515694388741,0.463058373177461,0.496198096421259,NA
ISY1,3.85967612819902,0.553758022070365,0.427425981896851,1.69331483534532,0.193164576711649,0.391439327410378
CNBP,34.2318526531758,-0.77398062233076,0.156884757737863,24.6620235551026,6.83171934518422e-07,9.60201287781856e-06
COPG1,2.23213522669618,0.482504127157773,0.580925651535142,0.699064218912433,0.403098308992793,0.59522564759225
HMCES,3.9542594881033,-0.282549914425711,0.443629566038481,0.438552424962324,0.507821966911251,0.668380791371238
H1FX,1.36770239543938,-0.790034846847352,0.689622266140204,1.50959279084972,0.219201233388878,0.42383037434826
MBD4,6.76844103903037,-0.257222112484852,0.323581926935848,0.857189486560372,0.354526390779297,0.55839921027231
TRH,1.14869373696185,0.367131096805187,1.14394677431813,0.142922999649073,0.705392274616898,0.780581851616584
ATP2C1,4.52828957404589,-1.05078521322797,0.502422827813057,4.42572199698876,0.035401132992054,0.122356538621155
ASTE1,0.581178525047071,-1.52193019443574,1.22440615981796,2.14950317719473,0.142616032474495,NA
NUDT16,2.88795869573599,-0.69816513495252,0.533207124001467,1.72458058847283,0.189104488840934,0.386406237951732
MRPL3,1.26858209989384,-0.644191019687374,0.713646488796466,0.839192377110805,0.359627853546609,0.561377232943186
DNAJC13,1.23816164281412,1.35019022488148,0.811748939580984,2.81345047971365,0.0934771215674527,0.241597554181928
UBA5,1.3222516605755,-1.5064119947719,0.860756185608986,3.07624671658348,0.0794436615708502,0.217044475303687
CDV3,7.3241425601904,-0.133150114688536,0.324404795002725,0.179716547240218,0.671616948580117,0.762089117109004
TOPBP1,0.624945455916834,0.185893482084519,1.01240213110411,0.107836895791507,0.742620367103071,NA
SRPRB,0.444467347611765,1.28510095862578,1.25606150503943,1.56901640966232,0.21034991237226,NA
ANAPC13,6.87065106049352,-0.604289328974738,0.374456789650543,2.79515916140562,0.0945493778014819,0.242878635906083
CEP63,1.81035753847273,0.0507255609426907,0.722374833616598,0.204293492709581,0.651277355902417,0.750898896889936
MSL2,1.00587408644356,-1.06818417226644,0.822659645906396,1.75783484415552,0.184894807194569,0.380852228063301
PCCB,0.220796079205038,-1.75384056316617,1.88883183307608,1.21877507862298,0.269601177333152,NA
STAG1,1.60594810499671,-0.207274502220843,0.667469923819647,0.0969221118140453,0.755554960102881,0.808551011363855
NCK1,7.45623928143911,0.683619643239571,0.385754712512807,3.52434897663065,0.0604735703395962,0.180156557628121
DBR1,1.03621531758481,-0.5458556199411,0.840304717809243,0.527391441404305,0.46770562096306,0.643489008814914
ARMC8,3.2225914048768,0.30476613072793,0.552138764937604,0.616857528305673,0.432217450786472,0.618920356620353
MRAS,2.99358153483133,0.351313301420394,0.54360923180163,0.460452667166479,0.497412494555644,0.661920470496631
FAIM,0.190753517383065,0.271205811909949,1.89708170472957,-0.202888641604581,1,NA
MRPS22,7.45675874589168,-0.956718197269879,0.325455340911433,8.87056945032863,0.00289804726621304,0.0171090882922481
COPB2,7.71059833832607,-0.580145157819272,0.324589141464706,3.26028113421314,0.070976956833584,0.200014750570944
SLC25A36,0.983788625260009,-0.777570619712515,0.847661576530546,0.959181234938967,0.327393251293029,0.534861595287572
ZBTB38,1.65776078761576,-1.31964141401736,0.690026777890739,3.7686560582704,0.0522215758220374,0.161782803147072
RASA2,0.604451547438865,0.102228035679068,0.982323575185381,0.0435029808526508,0.834781057366772,NA
RNF7,24.5698317674252,-0.879174883747708,0.183353678717445,23.3118653984137,1.37747610252774e-06,1.84305099482314e-05
ATP1B3,145.624478090483,-0.697862183529686,0.139700814845652,24.7803423858693,6.42493765208834e-07,9.07189353271829e-06
TFDP2,1.53868604109167,-1.69558708560835,0.737071590626887,5.44022141798713,0.0196781747868215,0.0782529883800402
XRN1,26.8331251585495,2.16935804857668,0.234792934938484,89.8066808750632,2.62606000397343e-21,1.60924957043492e-19
ATR,0.19047863846012,-0.514292232115661,1.68708812804431,-0.0723606588579671,1,NA
U2SURP,8.15215639413224,-0.522239643273119,0.311470341340869,2.87401936527935,0.0900197956140597,0.235844936948678
CHST2,6.61853244907816,0.060497267745433,0.406249540614605,0.0227184187872211,0.880191622508606,0.89449656098387
PLSCR1,185.647758833831,2.30948755386933,0.131843841586679,299.530827138631,4.16858437686831e-67,2.32228046013173e-64
GYG1,8.6115902963201,-0.0598380904178226,0.311924109050181,0.20271655019998,0.652537002576478,0.751785439328569
HLTF,0.0802111075460053,0.74666417581379,2.84110206857659,-0.313196195747407,1,NA
HPS3,1.87912373174677,0.256411213762451,0.60199238807117,0.193909565548879,0.659682445878149,0.756462205902189
COMMD2,8.03623058174654,0.0630029113007427,0.358380587478969,0.0685457077425156,0.793466115510949,0.834167156605094
RNF13,34.7585777486852,0.325387774604821,0.164059920838679,4.0188838495006,0.0449934808240781,0.146115554048728
TSC22D2,1.62522842162407,0.477670493311322,0.72937194877935,0.425459594195615,0.51422530814317,0.672896153811947
SERP1,115.440493940934,-0.113506938043536,0.130103677636546,0.802765851069751,0.370267709977373,0.57067417674581
EIF2A,4.93082793718932,-0.953529448089886,0.451661891530867,4.63915519503486,0.0312503824572338,0.111924221915797
SELT,39.563602542798,-0.251209137688542,0.151910109955697,3.02688513524619,0.0818950968314646,0.22137324807376
SIAH2,3.4720282986333,-0.0985012986642822,0.619285739431226,0.0467009484202663,0.828906664513531,0.857521165161519
GPR171,0.493852890855902,2.14064867230185,1.07826258306428,5.21524765848474,0.0223896577690583,NA
P2RY14,0.606338512526019,2.68960995716259,1.18543406218311,6.57584928262402,0.0103371667166754,NA
MBNL1,4.28421083092355,0.00290671772162347,0.456403200508884,0.0172828982754396,0.895407917291435,0.906352777859583
RAP2B,3.87932244221522,-0.415395029622189,0.440718075216275,1.06108266570261,0.302968383876203,0.512304154633932
DHX36,5.19862298473221,-0.241998526801927,0.397943084185544,0.413144557296405,0.520377751941052,0.676158114404848
GMPS,2.22111736893311,-0.134271020929566,0.558325344850299,0.0593179488132733,0.807577215622203,0.842365837171436
SSR3,26.9370036222456,0.741538645343754,0.180614091041925,17.1203556177108,3.50842618285454e-05,0.000367515139291155
TIPARP,9.41629816638373,1.74088592485403,0.342749443820689,27.4486017606333,1.61325468530901e-07,2.50279106622117e-06
CCNL1,17.7734332681004,0.406807069650146,0.238328543972054,2.9950158117783,0.0835210973632705,0.224434982095958
PTX3,0.947225754907932,0.871875714676217,1.04741972923789,0.855635523030969,0.354962948684033,0.558749794383702
RSRC1,3.48775217469774,-1.09213178184898,0.502702776712358,4.8181636208673,0.0281613327574508,0.102746431701142
GFM1,0.956437961722465,-2.41619516051084,0.892100920737907,8.54288223653693,0.00346875935228739,0.019810398239345
LXN,0.800381757052627,1.13323154896515,0.933197303615053,1.59394431022069,0.206763505901624,0.407410535101334
MFSD1,14.6978927696982,0.509747742632899,0.285992062688692,3.31695079526079,0.0685688951293704,0.19549169129199
SMC4,4.1766026867463,-0.212413013455502,0.424290889246477,0.604959805686107,0.436691868395534,0.622070028763974
KPNA4,4.16025510494362,-0.580315934225069,0.436603318324012,1.80612339188197,0.17897396602443,0.371402798441487
NMD3,1.29361976022559,-0.848186878815997,0.798024090455114,1.30108229282815,0.254015624987652,0.465492748183114
PDCD10,17.6419044991821,-0.0448601491014929,0.232221389040587,0.108862423367583,0.741442985862288,0.799903785144357
MYNN,1.31573706335012,-0.488795275528885,0.704763519441904,0.545734383145444,0.460065880056992,0.638569357415458
SEC62,24.4939118712319,-0.827798984797491,0.208727737621502,15.858594332799,6.8255842968823e-05,0.000673545580858209
GPR160,0.209209064719693,0.137567124633614,1.89711166061634,-0.198743728432778,1,NA
PHC3,0.707610155281176,0.900205186147675,1.00775233460648,0.831909674859482,0.361720907277166,NA
PRKCI,0.486771929643432,0.638941402626879,1.24817546321336,0.662238454223704,0.415770795349535,NA
SKIL,19.6544606517998,0.049064369847243,0.205039542600831,0.387625721631125,0.533550070824983,0.684447887533721
RPL22L1,4.02863074842452,-1.12383662900704,0.439049413957622,6.77231635932824,0.00925825956368406,0.0440845905895519
EIF5A2,0.276095825883534,0.65516827795123,1.42714185446059,0.125320148073399,0.723334492501377,NA
TNIK,0.790450338435609,-1.29267258111961,0.996728254542679,1.67443089438713,0.195666102244391,0.393774014631733
FNDC3B,16.9229020884058,0.0965159597383127,0.272228106973419,0.435166162548029,0.509464818003501,0.669382591064634
TNFSF10,535.163892169472,3.86487183208679,0.245569082233351,205.304175482957,1.45350221584066e-46,2.28386194324913e-44
TBL1XR1,1.05044729897369,-0.448410582873264,0.931624677319282,0.241187924978163,0.623349446276793,0.736008748898688
MFN1,1.73632727595598,2.71761030456538,0.936344406587108,8.92307231730692,0.00281590412633644,0.0167046084087025
GNB4,12.0361993363188,1.5064337226746,0.267657882102298,33.3274831382065,7.78742782276823e-09,1.46834946762842e-07
ACTL6A,1.36043627072329,-0.682673823417747,0.719290623273019,1.32295092100451,0.250063138571046,0.460868244560412
MRPL47,8.13312911790319,-0.325144356833528,0.316918658068165,1.1335998901064,0.287008776440287,0.497958601932638
NDUFB5,17.1820171792454,-0.729745877515561,0.227010995015219,10.4611720486032,0.00121909905040008,0.00837515580812967
TTC14,3.04083742813316,-0.870883835379263,0.513435237047157,2.95363108063201,0.0856848397969277,0.227996829472676
FXR1,5.72451226020821,-0.0338621066270874,0.404393652485003,0.0792483579523662,0.778318608316863,0.823611885989593
DNAJC19,2.95058829470305,-0.111982048119894,0.498848726900679,0.0743113718825015,0.785159849130134,0.828276735319239
ATP11B,1.35302907303496,-0.458893987827496,0.808062092925501,0.751876699150969,0.385882706431135,0.580938136882757
DCUN1D1,1.95970725975548,-0.291807010994458,0.613252731812928,0.448491218405373,0.503052322835389,0.6652362180266
LAMP3,3.7162453441675,3.88537801354298,0.714017637766811,39.2851773203374,3.66210844255015e-10,8.16050928579902e-09
B3GNT5,1.01266863942249,-0.258768045864561,0.79511308889498,0.142690961943529,0.705620352832781,0.780581851616584
KLHL6,1.16797160903753,1.61650236102659,0.792617469519834,4.5986577395764,0.0319969981226514,0.113602320101743
KLHL24,2.10469791569468,1.81611742219291,0.715444728660014,6.6751263348981,0.00977675822830637,0.04591781369654
PARL,5.31711800717163,-0.993963798621337,0.363068506702031,7.97189003096233,0.00475093075154392,0.0257871600048372
EIF2B5,2.1633409285926,-0.530503427178969,0.588417701333985,0.918735669839805,0.337807163196651,0.544204767629792
AP2M1,27.3549682837563,-0.410016586462687,0.203873375580939,4.18270141758187,0.0408385566845071,0.135804009583466
ABCF3,1.62384453264561,0.218330720825488,0.655475624382639,0.330872798975889,0.565145603832826,0.702626923214104
ALG3,1.89590652331503,-1.83998156038141,0.754139374862152,6.32093333783172,0.0119320808327344,0.0536068851488245
ECE2,0.327394906422148,-2.06419751033446,1.72112077023934,2.03336801715378,0.153879271526494,NA
PSMD2,9.80364081889508,-0.364759773989319,0.303934092258741,1.54219399872252,0.214291528081838,0.417943502255093
EIF4G1,1.88918479113532,-0.664447513647501,0.650330721106992,1.31270869678637,0.251904816099002,0.463443987674249
POLR2H,3.02192107053802,-1.22218087169185,0.55186634371567,5.09469809626115,0.0239990912877262,0.0910064550811797
MAGEF1,0.22064174407615,-1.05819325851097,1.44982965997585,0.540565351866601,0.462198520726838,NA
VPS8,0.782847326116445,-0.869547945901167,0.956075837721382,1.0006546682892,0.317152149138875,0.525272532411629
MAP3K13,3.14960969007953,0.437010249752118,0.517779881066603,0.766856827105585,0.38119117781346,0.577345412170263
TMEM41A,0.897267640415092,0.492456319085708,0.975073177821765,0.290401880826074,0.589963110655875,0.716526224297005
SENP2,0.804448828408716,0.623207435964278,0.892038790173742,0.551851339445712,0.457562223038689,0.637046681721796
TRA2B,11.5404525878802,-0.170388676023845,0.308720599143691,0.379529849080285,0.537854960596895,0.686232604317671
DNAJB11,8.29220828786097,0.24782128947514,0.357316387889394,0.52628532579547,0.468172786145222,0.643698190149859
EIF4A2,29.3381215735666,-0.0787238234154701,0.215329416026339,0.143585017594162,0.704742714213702,0.780387306234471
ST6GAL1,1.45219071166851,0.78056208815106,0.688060313217643,1.28633895972543,0.256723731515615,0.467936652804191
RTP4,17.1625836208606,2.83236606250143,0.279041377232496,126.359524612133,2.56532529204402e-29,2.45629896713215e-27
LPP,0.476521495559341,-0.582672435180267,1.19914646566688,0.716756329497116,0.397209957388318,NA
TPRG1,0.400515284890729,0.0779679496206283,1.58633426057346,0.0499070229715812,0.823225139707153,NA
CCDC50,9.68605507213002,2.44116159879043,0.371310600993509,48.2545250209184,3.74333387322472e-12,1.02866143386193e-10
MB21D2,1.19636823474686,-0.424067312075793,0.890516865574491,0.240501621559126,0.623844051806394,0.736169328900752
OPA1,0.783946678209863,-0.0830167850079405,0.971146842951368,0.0855729024770113,0.769882599734719,0.817503178835824
HES1,1.61188403385868,-2.31258024587911,0.908266759379044,6.46853614974707,0.0109800937966288,0.0503625400744588
LSG1,0.955580361324934,-1.34008380540436,0.97599004620089,2.0953610878455,0.1477468016768,0.327074126965463
FAM43A,0.378227777309552,-1.13500795689357,1.21834269884022,0.909864027203557,0.340150498873226,NA
ACAP2,6.24451719213888,0.279878618666389,0.339044371571439,0.796066384668663,0.372272064262649,0.571177568803584
PPP1R2,14.8602232530405,-0.167234347446702,0.288228869581156,0.604170131616542,0.436991340844663,0.622070028763974
LINC00969,1.56048480326977,-1.63589800290993,0.824817097384379,4.2068828934417,0.0402602549960019,0.13451053900203
PCYT1A,2.70904291099824,0.0280053888837471,0.535919696343473,0.0146290177581818,0.90373026116645,0.913040632837811
TCTEX1D2,0.620637510596074,-1.37138311826035,1.17135786417445,1.91078211560782,0.16687640587608,NA
TM4SF19_ENSG00000145107,1.03243878948672,0.257246857662133,0.86371720376766,0.362662377977898,0.547031324112788,0.692461878571197
UBXN7,1.09987342685937,-0.778926313562656,0.946938130487266,0.903428745341948,0.341863999213315,0.547126365468538
RNF168,1.84444085706572,-0.350716506301109,0.600348769043239,0.738483284593421,0.39014716971168,0.584553021025227
NRROS,0.547102787848308,0.406716139455105,1.22165401374374,0.180653162515874,0.670812522891618,NA
PIGX,1.03161044775196,-0.552243245672552,0.88787425658009,0.73683657236262,0.390676125015168,0.584867129945759
CEP19,0.510277249853646,-1.02720229728152,1.31515287806579,1.01863280801664,0.312843530566756,NA
PAK2,9.67183100029032,0.0287837447736325,0.282126773816565,0.357556643735151,0.549866354316795,0.694329490882613
NCBP2,3.53023646965316,-0.184183640824522,0.449230754951682,0.180234369565774,0.671171904380382,0.761796893877196
NCBP2-AS2,4.25692261947981,-0.764125742671505,0.422707147916706,3.26607687238676,0.0707265718119798,0.199637232641093
KIAA0226,2.27916974760577,2.07671081010294,0.620533571931884,12.7131641526538,0.000363090558520415,0.00295880178538977
FYTTD1,9.32100354079379,0.702840896317735,0.301540265438199,5.44695433469474,0.0196024721683428,0.0780532485039668
LRCH3,1.72835501487248,-0.596053557682823,0.740738270241259,1.18826157840219,0.275680497165324,0.487396610674821
RPL35A,173.535988313217,-0.429458815319506,0.12314126853522,12.149542529811,0.000490999065085228,0.00381832775487598
ZNF721_ENSG00000182903,0.431879955883698,0.121298856032177,1.38709088431154,0.0228716250399081,0.879791385452621,NA
PIGG_ENSG00000174227,0.661641617883433,-1.06760715912842,0.988289240466122,1.42655825111244,0.232326955983467,NA
ATP5I,5.01439589887229,-0.271814098535006,0.431464316071114,0.394877616696405,0.529746597526547,0.681516950220189
MFSD7,3.36944459528149,-0.831782760532196,0.46240945209919,3.29140203508776,0.0696435302789147,0.197584074803002
GAK,2.59156533235088,-0.0686967391287503,0.586975332797354,0.33129414207675,0.564898042182641,0.702596956057485
SPON2,0.17760675518592,0.437568156769471,1.72235430120081,-0.0165411299621283,1,NA
MAEA,3.14396889804344,-0.733932116448323,0.489799840603884,2.33644172046516,0.126377936711578,0.29843699274318
SLBP,8.81157301351403,-0.364614503737904,0.293590791760774,1.7129513502084,0.190602895237129,0.388431839711715
TACC3,1.28787957706108,-0.428639868260506,0.866819465364958,0.426883285178654,0.513522248967227,0.672559179142047
LETM1,0.570998323842987,-1.34717884819909,1.23687037296545,1.84077107245259,0.174860599732588,NA
NELFA,0.852114051963659,-0.944179807143111,0.91606227838777,1.18161099532795,0.277028272824821,0.488259680953381
C4orf48,12.9441345373315,-0.369741085960187,0.259357563603147,2.43468309831003,0.118677876645183,0.284641106881283
HAUS3,2.1707960875073,-0.519735726880459,0.587966589539648,0.797685652788545,0.371786223307901,0.571037629769695
MXD4,0.322170815327478,-1.6857036256277,1.58792083427805,1.6751485982419,0.195570338915818,NA
ZFYVE28,0.261532698887467,0.740037927157976,1.53193204121315,0.283095681901031,0.594679338721303,NA
RNF4,2.82430516435958,0.0120255121897061,0.551867020402878,0.187790834957909,0.6647616818358,0.758705461321632
TNIP2,11.3462149178413,-0.125590865037682,0.301385010805836,0.174342692921755,0.676280809662321,0.764175663965063
SH3BP2,10.3483546167448,0.206340433675714,0.323899673292119,0.452253417362527,0.501266780427884,0.663984696172144
ADD1,2.99164828583561,0.0410153333917976,0.468178665723183,0.0492196106233109,0.824426815674775,0.854281043392788
MFSD10,10.271804869475,-0.687782084991671,0.334710773917207,4.3233534101476,0.0375927689236274,0.128053634221228
NOP14,0.331443560250867,-1.81195147299476,1.45416709129078,2.4083907101308,0.120686376515238,NA
RGS12,1.60049471633901,-1.05066277458645,0.715470690947953,2.20932845222986,0.137178374754186,0.312501516912138
LRPAP1,21.840503788561,-0.595167544401246,0.198885801560101,9.05344814708657,0.0026219985578969,0.015799023758891
TMEM128,2.2733522991345,0.428354024872103,0.555924413683815,0.772432693456054,0.379465529683919,0.576298578910299
LYAR,3.21674626681913,-0.409650574373029,0.495069575666065,0.759005138287833,0.383640041484207,0.57876567558228
NSG1,0.307454038608819,-0.957007729100113,1.48546315064141,0.38882654623135,0.53291686457229,NA
STX18,3.30760351993302,0.709778160521092,0.542283151027996,1.72403155096755,0.18917492190769,0.386421307150109
MRFAP1,14.1709039623674,-0.0910533384782259,0.266245734864371,0.119370890585984,0.729717813456792,0.792379075054944
AC093323.3,0.324755629641862,-1.28863621628998,1.40177097255442,0.967186065268169,0.325382970131163,NA
MRFAP1L1,1.5486566135321,-0.662037121543223,0.738510026018665,0.97308851373198,0.32391111854657,0.531530719360669
BLOC1S4,7.36077499082515,-0.677375249331225,0.329146603772975,4.24801443585901,0.0392962492208836,0.13238450534666
KIAA0232,1.70964632101495,-1.44476094795373,0.80416525916612,3.44535626901432,0.0634297452615116,0.18588057781023
GRPEL1,3.78359718660949,-0.447816779927043,0.416415278983889,1.22042496250398,0.269277269081645,0.481508930531753
WDR1,21.0774482211768,-0.529545044522469,0.198023208233293,7.28348522276124,0.00695913870559513,0.0349858942003653
HS3ST1,1.95393739800635,-1.75376230702022,0.958454427721621,3.21285006294318,0.0730621144270765,0.20351119873142
RAB28,5.26001340424795,0.0320520245838125,0.397989669650253,0.564568554913095,0.452425336688486,0.63312684704888
BOD1L1,2.96802660268961,-0.313249724286848,0.564524459176008,0.64719931728655,0.421115779920072,0.609493977172934
FBXL5,6.31688929862484,-0.212448124643866,0.395682356348417,0.328265647310616,0.566682126802212,0.703388307280525
FAM200B,3.52041131115608,-0.599870630854373,0.515146933763408,1.63049204894624,0.201635004781288,0.401240122149822
BST1,1.39283495785458,-1.61124523894211,0.799012878731973,4.19597498506612,0.0405200466647695,0.135096216518883
CD38,20.1571604964285,5.46865059066117,0.544705456572203,168.452077127477,1.61159953643934e-38,1.89920806909621e-36
FGFBP2,0.749491265267666,-0.811532730089575,0.985119603326353,0.723032901887407,0.395150860792126,0.588024398964096
QDPR,1.86207474702317,0.600308321376536,0.704361287413158,1.13828044725214,0.28601597106532,0.497080507852603
LAP3,113.387918310568,2.38714016067871,0.253856490396123,83.5583237034013,6.18636134631489e-20,3.38482342234086e-18
MED28,22.690479284877,0.407424063701604,0.205538197782038,4.00188948682725,0.0454492863917398,0.147127959328358
FAM184B,0.806097370376855,-2.27722833905346,1.01685639888039,5.80000439390357,0.0160261344989522,0.0664916399523215
LCORL,2.74130527400896,0.64473705487576,0.559001420243288,1.51101958758861,0.21898357225646,0.42383037434826
DHX15,3.19275018817566,-0.583345982690296,0.506121891350993,1.3919618085189,0.238074076376006,0.445607189991497
PI4K2B,3.20578222896161,2.78767421789989,0.608677856468511,26.1365309310376,3.18108322680175e-07,4.66355933345482e-06
ANAPC4,1.42677353282762,0.286322039816393,0.762199197641409,0.328632471377297,0.566465450163367,0.70335711388233
SMIM20,3.55413216853212,-0.180197640085068,0.454918415827737,0.266921671722343,0.605404256096664,0.725315250493671
RBPJ,9.06318452218452,-0.695548822807904,0.365097610923158,3.63080227680085,0.0567194684997271,0.171479445880803
STIM2,1.16169678005007,0.110879972902989,0.731830456240864,0.214069288416084,0.643596462961322,0.745972976173062
ARAP2,4.78592327134085,1.06673477709666,0.462939218059406,5.31091203167999,0.0211922593882953,0.0831942123840317
PGM2,0.949290527015429,-0.839441117541654,0.838567268195356,1.06469745023302,0.302146245364922,0.511769824557065
TBC1D1,4.24910136156641,-0.0398841317590318,0.421593642441397,0.518075314034178,0.471663854941002,0.64661210359697
KLF3,8.28506671141044,-0.252647632512389,0.401380869491994,0.69973192959057,0.402873784445533,0.59522564759225
TLR1,8.58479873379188,0.415173230469967,0.338819770962373,1.74956977264874,0.185930827075559,0.382215400308295
TMEM156,0.134551141546758,-0.0311466670188734,2.41133021547194,-0.399476030466822,1,NA
KLHL5,2.38062851170901,-0.241495420829138,0.52639957901147,0.214356672344465,0.643373909721113,0.745856095113693
RFC1,1.64917292894485,0.699274259514079,0.665315381093305,1.5732931684725,0.209729409639038,0.412062142439251
RPL9,171.315625221769,-0.452798154360113,0.104309895394655,18.8183750850816,1.43775273403455e-05,0.000161661445030527
LIAS,0.875190332412612,-0.138190564122112,0.903225600493025,0.0182309071333222,0.892594577771405,0.904156337779897
UGDH,0.642367104098521,0.277403056376085,1.00508952131987,0.154426460456492,0.694340662205246,NA
SMIM14,25.6567661029365,1.79187275155859,0.219060210590818,70.0973995649692,5.64473329755098e-17,2.418945849468e-15
UBE2K,6.23590137464178,0.210238246722212,0.332781087490093,0.398451948601988,0.527889819834498,0.681271448566212
PDS5A,0.974083544582871,-0.471257120307463,1.01939530176994,0.271360718153993,0.602420448322941,0.723991470351634
RHOH,3.35234061782043,1.24434149580024,0.513398724021544,6.29981302795768,0.012075070782471,0.0540906679495484
RBM47,6.97467819313459,0.363332027775905,0.342630729183531,1.2128652322009,0.27076541149337,0.482340244660283
TMEM33,3.4130939334782,0.362061884965172,0.490053669151454,0.549658750096071,0.458457162177106,0.63734698044948
SLC30A9,1.37717761237054,-0.039186700736837,0.744679811282727,0.0248946841026125,0.874629770105928,0.890616688469446
ATP8A1,0.190723814563044,-0.147690092116846,2.19590189963883,-0.161085265160601,1,NA
GNPDA2,0.268406480678149,-0.798584283906119,1.39571961677444,0.411267712532759,0.521326764900324,NA
COMMD8,9.79542866681429,-0.7235219321262,0.277009377684851,6.87567189874115,0.00873769020010863,0.0422275753519446
ATP10D,1.45413892361809,-0.279883472476859,0.857589061024287,0.258582884798379,0.611095407570938,0.728417167398309
TXK,0.0593600042991829,-0.218545984184293,3.05413333002924,-0.621559794457697,1,NA
SLAIN2,2.3364771660604,-0.919495332647086,0.605088144908165,2.490536970919,0.114532642032345,0.277985143201683
FRYL,2.10376191929394,1.20089856341327,0.587728507410298,4.40275696411543,0.035880880913698,0.123250021434496
OCIAD1,10.022305264895,-0.414483311768692,0.282586245953841,2.19210865306097,0.138719292033323,0.31495806653583
OCIAD2,3.733494628159,-0.174257717625423,0.570973900149367,0.102785264644169,0.748512468300013,0.803877255227847
SGCB,0.384272502754447,-0.232660001245988,1.29618113136567,0.0295141212184618,0.863597325449674,NA
FIP1L1,4.32402978744534,-0.31210395362018,0.40681273146421,0.799646451394366,0.371199095762563,0.571037629769695
CHIC2,14.346411868632,0.216810813670265,0.272383199563195,0.687934165091107,0.406867937793235,0.597910485083199
SRD5A3,6.68999167720771,-1.1387253124577,0.351176901270886,10.82696129246,0.0010003267444341,0.00708670784958633
TMEM165,24.3425104914578,-0.211146554306007,0.185666737902546,1.29841786995611,0.254502420187053,0.466106046295954
EXOC1,3.69521822933531,-0.0448593022113267,0.442034731776624,0.136943093597672,0.711339103882059,0.784149312572271
CEP135,2.17005827849443,0.448762322848618,0.688203055980882,0.725766153139759,0.394258995005607,0.587538538569596
AASDH,0.485921474696143,0.0598368729206197,1.15485692812755,0.00207769950240788,0.963643584234425,NA
PAICS,0.607809855508467,0.871570249657478,1.31035357022139,0.541605710926021,0.461768028611518,NA
SRP72,3.69712399431931,-1.23451890696276,0.459217132094514,7.55718329725388,0.00597713396247212,0.0310932741273592
HOPX,0.749277183137402,-0.376155246889639,1.06009600609357,0.360954775055284,0.547976455488649,0.693226705540855
REST,5.24379586546762,-0.550696258541273,0.408477184857391,1.8819942837733,0.170107657406623,0.360021432961931
NOA1,1.42140144932212,-0.0555452578313857,0.758589020524177,0.00713104269848941,0.932702231607503,0.936676380742507
POLR2B,1.71188057267218,-0.644287318517333,0.726247904341411,0.909188709993103,0.340329769488495,0.546121509315652
IGFBP7,2.99962677782592,0.955433352764696,0.500865080631866,3.87233215180305,0.0490882666829002,0.155298347048432
CENPC,1.27599063980075,0.294653699643991,0.699234481958372,0.210138166924402,0.646659131753277,0.747698375445842
STAP1,1.1533490830562,3.07818690217323,0.925280105774526,12.4118241851485,0.000426623918716275,0.00336034880963153
UBA6,3.10403740709599,0.508002300660485,0.466578034716294,1.36044499555985,0.243460374873561,0.452299373117229
YTHDC1_ENSG00000083896,4.63660951905691,-0.00148737963407111,0.40797883502033,0.102779851179093,0.748518867220969,0.803877255227847
IGJ,0.138187751107513,1.18089436089826,2.4405859585789,0.212106360102879,0.645121446259314,NA
UTP3,2.66391351973082,0.721219568242749,0.525375003815888,1.90856836638644,0.167122373577389,0.356093847455578
GRSF1,4.48566177332946,0.831681665370891,0.399948204489616,4.47785993871022,0.0343366906936915,0.119622081052269
DCK,15.8596442199268,2.31727619899863,0.262814987437184,89.0738983870177,3.80336239225202e-21,2.30762423165548e-19
ANKRD17,1.77040163198553,0.237201386240624,0.630606873737022,0.384090665862814,0.535422071143872,0.685125590304792
IL8,103.522302243811,-3.61588090349002,0.497077019693318,44.9550134155767,2.01613371672169e-11,5.04280302696756e-10
CXCL1,1.20401876294016,-2.56496658089082,1.23696812125739,4.47933602426345,0.034307046791187,0.119622081052269
PF4,1.82255364070942,-0.339168123175917,0.599830576007083,0.383485251711541,0.535743865564069,0.685156209075276
PPBP,9.92804186671368,0.0633614825730982,0.381588681053361,0.115126326552186,0.734381704063654,0.795104431537468
CXCL5,0.385758028600056,-2.29206400569485,1.51048942192773,3.16899012549757,0.0750488375027641,NA
CXCL3,25.57290253195,-2.00904716809996,0.659924016063719,8.75855593155862,0.00308152948462252,0.0179502021689799
CXCL2,14.20142614254,-1.50983825707186,0.413427907004306,13.2317367116215,0.000275248660560931,0.00231113753532475
MTHFD2L,2.2592427143892,-0.427745703657544,0.6344871011471,0.572457989441787,0.449283826766488,0.630867790244584
EREG,3.99331536146217,0.0691937150296867,0.505311974243586,0.0492074676770784,0.824448121838275,0.854281043392788
RCHY1,3.66751314560042,-0.386011202045485,0.486150518467228,0.805615298542264,0.369419772626742,0.56979722291887
G3BP2,11.1003420258224,0.163869039366444,0.273398251865672,0.623820528047986,0.429631086943754,0.616431585294152
USO1,2.55467148799449,0.295647291127646,0.493944269066641,0.603847383045427,0.437113828958497,0.622070028763974
NAAA,8.97745293044103,0.234538020244578,0.311443659603877,0.603451627281402,0.437264096117157,0.622139396565112
SDAD1,2.50817180230001,-0.238044495946563,0.560747115732025,0.227474524490297,0.633402786341436,0.740884190628043
CXCL9,1.65011831492225,3.80561454906222,0.930049396029473,18.6876798966286,1.53974141188768e-05,0.000170933611812459
CXCL10,2141.71460477494,3.65892548102564,0.760459860437977,18.7640893459047,1.47926427219334e-05,0.00016496000619209
CXCL11,256.377509083933,7.7703176660046,0.393219992687676,457.799928152117,1.44766263520622e-101,2.95709220951457e-98
NUP54,1.57313441216211,-0.468612232460126,0.717441128972695,0.563645758719723,0.452795029321616,0.633164148425221
SCARB2,33.4317687969141,1.62981695415659,0.260627986288342,38.4962681981431,5.48584807922763e-10,1.19210202232294e-08
SEPT11,0.559116247186307,-0.491953533818302,1.10721880307232,0.31847820319441,0.57252362747844,NA
CCNI,52.7259583847185,-0.0448784186459852,0.161255867376306,0.0805753199311852,0.776519263915156,0.822231241812291
CCNG2,2.6372240195523,-0.153802535157962,0.565432707667984,0.191575591400884,0.661608489088443,0.757397042756856
CXCL13,0,0,0,0,1,NA
CNOT6L,2.43806282282633,-0.523712478175131,0.535708618698191,0.95302960941271,0.328949333376334,0.53626004653636
MRPL1,0.815444516207198,-0.477995084558752,0.859194573012426,0.426573848852108,0.513674915057121,0.672559179142047
LINC01094,1.88806006441773,0.341192178826972,0.693720823826209,0.24479983843041,0.620760709913093,0.73408368011336
ANTXR2,2.12894971579349,-0.197822925716246,0.587275533926673,0.373562058157745,0.54106901470579,0.688564925431635
RASGEF1B,10.8144517324863,1.39334904066489,0.338821266520977,16.7637379138396,4.23346355706326e-05,0.000432377744628061
HNRNPD,3.98803445816891,-0.154185890187434,0.446512858201517,0.254852942198696,0.613678511969003,0.73008618366655
RP11-127B20.3,0.815246849546414,0.741879394483194,0.963546262939595,0.620510403610872,0.430857680035479,0.617757572123869
HNRNPDL,15.8357700993833,-0.874359204430801,0.243930106034504,12.9751704465319,0.000315649122825583,0.00260482466827482
ENOPH1,1.04292424030496,0.968472586839248,0.794151159726134,1.59335577524162,0.206847341633859,0.407444715375213
SEC31A,2.9487365600856,-0.107444366414459,0.526102451715661,0.127609505268573,0.720923576353041,0.787642810070056
THAP9-AS1,2.26029743018447,1.30257237102311,0.57573232546796,5.36677541652046,0.0205238855904406,0.0808053872072696
COPS4,4.97702460633152,-1.20209216839103,0.419644562859882,8.70473085668685,0.00317385273055911,0.0183311682684884
PLAC8,143.620412364266,1.05137608654897,0.384960990445757,7.31348575776278,0.00684390431211683,0.0346035029906369
COQ2,4.54733065409803,0.180260792337476,0.4126094819078,0.203071137412749,0.652253249283663,0.751599832946651
HPSE,29.0453075308091,2.74768701862903,0.318240936118593,73.0079009939699,1.29131857821784e-17,5.99484867221131e-16
HELQ,1.54346953300819,0.0782104112213784,0.639118122601287,0.232464031902595,0.629702774502269,0.738485328568065
MRPS18C,13.6029779532439,0.518539719368636,0.253155659689396,4.50564075848682,0.033783236493436,0.118570259582919
FAM175A,0.818290038830322,0.583711515824446,0.894732004458656,0.779921379145371,0.377165185915164,0.574656454323254
AGPAT9,1.16005975219918,-0.753068385222766,0.869654551490194,0.850239638739879,0.356484553976764,0.559970412173837
ARHGAP24,1.09709386805338,-0.473206911097484,0.790419441938385,0.590148301033089,0.442361777359578,0.625327098422028
HSD17B11,15.6398990360728,-0.0301710784108548,0.233524703734456,0.47253581508285,0.491822882390539,0.658773906729885
NUDT9,3.62102035977403,-0.0753575880749752,0.499298268760784,0.439843913423033,0.507197801319066,0.668122985056585
SPP1,1.12111654748773,-3.25877296017386,2.38331307532093,2.20728895167333,0.137359874452589,0.312509517334269
PPM1K,11.1381102358777,3.08570914167285,0.385968886131539,77.820059871754,1.12868068111444e-18,5.66930755235187e-17
HERC6,8.8885449326697,4.18750016588342,0.541401876132712,92.12436697846,8.13969317272567e-22,5.14227214046009e-20
HERC5,46.1425806510593,4.22525644450556,0.251864469260532,404.89002254809,4.74738178573559e-90,7.27298889574692e-87
PYURF,13.2241894938925,-0.51263232382261,0.282522711139689,3.3839002321822,0.0658360869098609,0.190483258065924
SNCA,4.13131818303643,-0.688227743722577,0.643079188619164,1.23495753154263,0.266445078152783,0.478408010502435
PDLIM5,8.95224774705203,0.243101593991178,0.283951169562268,0.781686053439344,0.376625980262864,0.574397512608339
TSPAN5,0.426704525787558,-0.831431678131274,1.50215218243941,0.331052120349327,0.565040217285933,NA
EIF4E,5.36544031983796,-1.05863513202754,0.417061173992221,6.4850031462378,0.01087883464906,0.0500867759049134
METAP1,0.496985175612808,-1.29776087090881,1.1936602422111,1.45325652590604,0.228006133367116,NA
ADH5,1.87277469193844,0.325237637198725,0.579809012902448,0.506595712902048,0.476616271055604,0.649574849541593
DAPP1,12.0790146112112,1.08679939551087,0.2854501830096,15.0679149677815,0.000103711204379195,0.000968814421395896
LAMTOR3,8.4417774669067,-0.221447781442088,0.318448684004664,0.606215463398456,0.43621632381141,0.622070028763974
DNAJB14,4.72381724836993,-0.0660348734639984,0.410546913336687,0.0416243874257987,0.838337435083937,0.863911912037771
H2AFZ,41.850877891738,-0.806212008509272,0.194477401871129,17.2483785756324,3.27977325041609e-05,0.000344741860695537
PPP3CA,1.36764171579986,0.0757488437209552,0.882302888865693,0.787351349184121,0.374902222824323,0.573151820884125
BANK1,0.468438556965387,1.54827570650162,2.85452197124178,0.721724130228608,0.395578944903578,NA
SLC39A8,7.73362407522304,-1.32871956958888,0.47546071041769,7.6387374854289,0.0057127888661832,0.029965601847083
NFKB1,12.0679275415357,-0.0792650566138464,0.269405512700104,0.273886247916053,0.600736677833109,0.723084547815917
MANBA,2.33724441417818,-1.54538465056306,0.644510246663564,6.4409959314016,0.0111516108460368,0.0508460351670489
UBE2D3,94.8888652987571,0.790429579582077,0.114945561080755,47.6901478500448,4.99193996533025e-12,1.34169333805016e-10
CISD2,12.1341354037666,-0.0269116747285884,0.273647391050576,0.429774182788307,0.51209977410343,0.671548772888041
BDH2,0.517462958103117,0.654216240698869,1.10672795486727,0.494893582963556,0.481752472059333,NA
TET2,4.01893527943036,1.11740257641303,0.511351418879555,4.95374553115617,0.0260342068618232,0.0971605478984487
PPA2,2.72206802419015,-0.123335705340778,0.522275340802035,0.279438811689431,0.597069275484147,0.720851869129177
INTS12,2.35540660497371,1.05635211743663,0.573007316549665,4.18269684353477,0.0408386668944581,0.135804009583466
AIMP1,6.07005140908717,-0.716515214762083,0.362303420368505,3.93467946107727,0.047300153900129,0.151044993798849
PAPSS1,5.07366446158828,-0.603395020264682,0.469856591892013,2.41814626182452,0.119936783561836,0.286986571521643
HADH,0.334107132956943,-0.70584797888544,1.37570535033531,0.325104817744389,0.568555866201607,NA
LEF1,1.18245759266959,-1.15592484955055,0.857939316184475,1.88585851630117,0.169669780412467,0.359900854744879
RPL34,313.334986745726,-0.161926819742681,0.0921312704885343,3.10718785168157,0.0779474361303916,0.214247735294261
OSTC,9.27085159607274,-0.485465001202288,0.321913489247435,2.27509596493061,0.131466987197818,0.305278399980383
CCDC109B,56.4542355250167,0.64229540066961,0.173878109287715,13.6223556352708,0.00022350807107044,0.0019263817996057
CASP6,1.07498293335264,-0.0657228678556053,0.904101189719225,0.013676070943518,0.906903848276557,0.915720346389643
PLA2G12A,0.695450279696092,-1.11934439929012,0.97199623490736,1.46277670819805,0.226488833713325,NA
GAR1,0.791901991780276,0.462718802398821,0.957680248800733,0.45162525028941,0.501564157731863,0.663984696172144
C4orf32,4.6903727072276,2.27692936069842,0.471963205859377,27.0261529161676,2.0072125391096e-07,3.05975085563772e-06
TIFA,2.70512477830902,0.566511521653098,0.65200946829625,0.825767542532986,0.363499250395634,0.564683269586778
ALPK1,1.55911449592933,1.41515618805237,0.686577068139669,5.3722540941421,0.0204595215679169,0.0806741644971889
LARP7,13.3487700953704,0.693679997696813,0.240401506094201,8.76531947935042,0.00307012293714408,0.0179178222464942
SNHG8,5.64243288558577,-0.423653267466194,0.401440612117564,1.16330854791116,0.280780432066267,0.492028163483581
SEC24D,2.09663131917475,0.412576958075741,0.649985201693492,0.410491371532792,0.521720209904355,0.676970515630949
C4orf3,62.9059476074723,0.88465863278393,0.146891601830996,36.8296471508596,1.28914879904016e-09,2.74302216684657e-08
MAD2L1,0.352683111311162,1.05673194023264,1.48496055205237,0.69804223066161,0.403442316056091,NA
TNIP3,0.245079733995657,-0.532410858134295,1.91340258838627,-0.00572389368759474,1,NA
ANXA5,303.303220309788,0.428980539231822,0.138091388931226,9.59454403938699,0.00195156379844585,0.0123929357066075
EXOSC9,5.99620665725965,1.80214206772238,0.530486738621646,11.8686888743886,0.0005708558657598,0.00433482620244864
KIAA1109,3.20067333133522,1.66513502633712,0.615109550180006,7.64417781428681,0.00569558500840463,0.0299079219635849
MFSD8,0.726252209305843,-0.102631512561587,1.04673681102909,0.188194284415331,0.664423767298056,NA
PGRMC2,3.0149000734441,-0.104714015067759,0.491505802250714,0.0671490458292112,0.7955339128643,0.835481031368026
JADE1,0.342774260500047,-0.639833999588079,1.43516265851597,0.451391534336317,0.501674876619345,NA
SCLT1,3.83647108079971,1.61503798639674,0.514971129182347,10.2753714286954,0.00134817730373353,0.00908870243925088
C4orf33,1.35409657739068,0.936945265716528,0.739996759125379,1.695686034795,0.192853117416267,0.391196260684173
SLC7A11,9.96590201650518,-0.823094975563303,0.32688794628979,6.36895927803985,0.01161336849044,0.0524611826233454
ELF2,5.5074925564191,-0.249307443435394,0.362648903497268,0.467572869190562,0.494105886360959,0.660244411604875
NDUFC1,10.3986365773116,-0.258529836391992,0.322507844397712,0.850030839072872,0.356543613690585,0.559970412173837
NAA15,0.66491044362912,-2.27258620651727,1.09712469949317,5.02194519794329,0.0250280377410509,NA
RP11-83A24.2,1.36379688097068,1.25698741182038,0.812586084087125,2.3944377683571,0.12176752141272,0.29045985644887
MGST2,0.463608124904017,-1.54308834999505,1.10622676018212,2.48193886734295,0.115160212439897,NA
SCOC,2.78972164206582,-0.0120801084665647,0.509580487858663,0.097534597927023,0.75480851555615,0.808082911133489
ZNF330,4.55578611616856,-0.446766464477675,0.415937502948902,1.15487652037268,0.282530644951764,0.49359115466475
IL15,17.8320926752082,1.21771460680342,0.235231753673757,27.6501840563745,1.4535823558287e-07,2.26080017170514e-06
SMARCA5,10.4468703794685,0.790403446674857,0.279351951844881,8.12747997096839,0.00435993050041923,0.0240050800598105
ANAPC10,0.935183793607452,-0.611886728472873,0.866224587049995,0.719595823196947,0.396276518468271,0.588698789132986
ABCE1,1.24532812118845,-0.933059755270279,0.971695109603522,0.84338193983217,0.358431322279307,0.560647213296726
OTUD4,1.35570111148579,0.958884413407316,0.750317478815878,1.78344545534518,0.181726812906611,0.375111416693835
LSM6,16.1038423074916,-0.93790441392554,0.2286433999321,17.1084122298579,3.53055796794356e-05,0.000368603052952401
ARHGAP10,1.54649698331294,0.717977192897094,0.813537667993511,0.796689466758394,0.372085011351346,0.571176590571405
LRBA,0.271927246499394,0.752695637169902,1.43927584363352,0.355952572874479,0.550762711063936,NA
RPS3A,290.493960490196,-0.662151081726862,0.113177054425903,33.9752141788458,5.58186193087332e-09,1.07564936831421e-07
RP11-18H21.1,0.210010019849376,-0.387683915784781,1.82099453339594,-0.0951241810197949,1,NA
FBXW7,0.780562589606599,0.310422265175627,0.93536506329372,0.12295429827055,0.725852143515036,0.790104225375138
TMEM154,1.00561246414754,-1.79519892067963,0.980206359620419,3.72127073165819,0.0537234703759848,0.164526450007014
ARFIP1,1.75831121288826,-0.150096168832234,0.645676922114593,0.178787614535487,0.67241722225921,0.762363133765854
TLR2,18.9706968117481,0.128049319179203,0.298585875716442,0.286094811318179,0.592734004562891,0.717982601296975
PLRG1,3.68995886838062,-0.0105963088651222,0.478989748674174,0.190051199240884,0.662874008255468,0.758050800404253
CTSO_ENSG00000256043,1.43985262210742,0.416032837360837,0.784047776130863,0.360753568797527,0.548088020291358,0.693226705540855
PPID,8.55417169426393,0.775828434576261,0.354383290048216,5.04056745918308,0.0247603779055263,0.0933025793271931
FNIP2,2.73500078613375,0.932093975144615,0.628809119245502,2.26416241479373,0.132397776596487,0.30604812334337
RAPGEF2,1.40566309764134,1.52474640175569,0.794362577603167,3.87792494965655,0.0489249904766514,0.154861746715351
NAF1,1.16442680618537,-0.99514288435251,0.797081168701538,1.64418651380643,0.199752028203429,0.398798642063487
TMA16,0.742345902119119,0.273109481580917,0.918559304258398,0.492160428427781,0.482965166403282,0.654202152899937
MARCH1,1.65841601545842,-0.678769484247068,0.628562878038893,1.92450065247554,0.165361359028673,0.353545508229609
TMEM192,0.407911057403516,-0.810767636115444,1.08563389593407,0.941209304235993,0.33196703349352,NA
MSMO1,0.874853501437423,-1.02035031966024,0.989484961225443,1.22734039740175,0.267924891619065,0.479966811534294
DDX60,5.44399817325515,2.10752820112341,0.463596964420373,22.4131756912664,2.19860563474676e-06,2.84842607393829e-05
DDX60L,15.7438592113279,2.39237866887828,0.331020961269925,55.5064497634317,9.31528731696573e-14,3.15381661206442e-12
NEK1,0.792201970985139,-1.41472512587706,1.0012143169249,2.33998138994487,0.126091060310378,0.298104173449844
C4orf27,1.87477119906123,1.31072504398874,0.734650509107895,3.2624420283463,0.0708834919538112,0.199896014124692
GALNT7,1.18110455711682,-1.01282727111218,0.774970671445398,1.90284852860842,0.167759824335939,0.356955626225914
HMGB2,13.009469112892,-0.0173515097682802,0.261901230025091,0.0328018667445491,0.85627899354885,0.875759352141538
FBXO8,1.78065676172235,-0.23738194246363,0.6523790759419,0.339896546059229,0.559888943575152,0.699775534617282
CEP44,0.418413681265691,0.125487982216431,1.1114948848646,0.257708605713745,0.611698761601909,NA
SPCS3,23.9440961797813,0.0260915140673933,0.237457527719965,0.0144108857718663,0.904447224520911,0.913540892016506
AGA,2.03474759733753,0.0344446619052544,0.566593000887727,0.00486424197293189,0.944397326296985,0.946869570606663
DCTD,4.35047938616037,0.425457892209105,0.42701677878153,1.19203185689258,0.274920089515746,0.487192107736406
CDKN2AIP,2.27063289274383,-0.781540474717689,0.622715589607238,1.61823840096045,0.203337592456453,0.403383867456506
ING2,3.54414030677176,-0.526605760543232,0.442391993347967,1.47834180798727,0.224034142139159,0.42902538219649
RWDD4,2.9982529688831,-1.28799210331195,0.578255702008597,5.27122188738934,0.0216807892403158,0.0847861368632131
IRF2,24.9463098173792,2.53254926768282,0.323265357647234,62.4052349563924,2.79579070804973e-15,1.09124875534578e-13
RP11-326I11.3,1.87774646633077,0.988240272725605,0.699793866712625,1.98959723195252,0.158382998662471,0.342989631416177
CASP3,4.57629454501023,1.34378188656767,0.470630312354994,8.91522620673777,0.00282802780652177,0.0167603040603147
ACSL1,16.2772721025606,1.01672924517112,0.333924524327769,9.18903521871249,0.00243469186454673,0.0149496911281988
RP11-701P16.5,13.2970390654384,2.22939837693179,0.498454787235326,19.5317680018509,9.89405138111222e-06,0.000114613888210691
SLC25A4,0.210039722669397,0.014952627503946,1.6519792017188,-0.291572687321189,1,NA
KIAA1430,1.05688273556513,-0.0454023710250396,0.906120228664127,0.036077205829443,0.849356142915998,0.871105346240877
ANKRD37,1.42935182403659,0.375311182162928,0.698495537744337,0.290143643367607,0.590128494942994,0.716526224297005
UFSP2,1.98582391500713,-0.448065422224794,0.629368091714552,0.95763724782632,0.32778289026296,0.535180724315822
FRG1_ENSG00000109536,13.5740281350205,0.499123844418636,0.233111311136142,4.6179995649259,0.0316381153471504,0.112916931186568
CCDC127,2.05595429046236,-0.450568115540863,0.593951323810073,0.615297363686558,0.432800202356038,0.619238767228064
SDHA,7.08533233187637,0.470709262326825,0.329729140519212,2.13701509011629,0.143781412740581,0.322272310634338
PDCD6,20.8755552200868,-0.599795232045037,0.228553044521524,7.23936840794555,0.0071322064626688,0.0357368448104942
EXOC3,3.0176963488127,-1.49244842482483,0.51905249025663,8.72338612661385,0.00314154030151409,0.0182132062135084
BRD9,1.95999725421727,-0.447280884252098,0.64085324298076,0.885480933013206,0.346704877421536,0.550559079771747
LPCAT1,9.25072088606081,-0.319714117181704,0.297826002711231,1.19331348927341,0.274662203757901,0.487060597047824
MRPL36,5.3185587228309,-0.0207763077667107,0.383383596308374,0.00390240318631641,0.950189174596237,0.952209200641985
NDUFS6,11.3986084454354,-0.263026360314584,0.286317957316407,0.94239258400394,0.331663288933459,0.539023840872726
KIAA0947,1.81316848089758,0.361976528232395,0.672768812592089,0.292126879511734,0.588860788664892,0.715807910086556
MED10,16.8545582130336,0.149870407951688,0.246656118519804,0.385583199462786,0.534630245069333,0.684736461335333
NSUN2,1.60519504722336,0.30246422631831,0.728556625622273,0.291488912586317,0.589267976232814,0.715906851378803
SRD5A1,3.87510944536661,0.722314005612066,0.479495549459141,2.28303573255536,0.130795639876675,0.304758814130899
CCT5,26.6115247855478,-0.466143585113513,0.192057278885864,5.97846595254073,0.0144815929696728,0.061971509579717
MARCH6,1.7612574658166,-0.936553585432474,0.664171082901288,2.12492374771743,0.144919992780215,0.324231367563768
DAP,2.17528049730152,-0.844739967039583,0.60872779169299,2.26288658188457,0.132506868667117,0.306184800600337
FAM105A,6.21550252349,0.332510436854174,0.386221074407235,0.765212079694933,0.381702321457002,0.577691238796866
FAM105B,1.49130744173504,-0.888147870060446,0.800745152888449,1.37166453614395,0.241526099157086,0.4502804793534
ANKH,1.52002277710423,-0.212019495787617,0.651911835420204,0.151943296750666,0.696685148801104,0.775247247476515
ZNF622,6.32185790114777,0.268335741552742,0.335302695455772,1.06393974967288,0.302318336308188,0.511769824557065
FAM134B,0.309922265530904,-1.42837876755705,1.49703162433031,1.22925244770305,0.26755246845734,NA
MYO10,0.133041781062649,0.480417776278395,1.80246972816297,-0.229825693872016,1,NA
BASP1,3.28186481287816,0.916093988404655,0.4541831449469,4.4702399664671,0.0344901473945824,0.119952113072645
GOLPH3,2.9602690178644,0.0590787874562742,0.577199812477763,0.0346879598491796,0.852251036782972,0.873343537358871
ZFR,8.0079205389826,0.398072306341788,0.346894087415184,1.32604660443972,0.249509750540162,0.460125113244091
SUB1,66.6497536254777,1.05342606892898,0.158320881367973,44.2121899717865,2.94640765317066e-11,7.22223443945192e-10
TARS,4.17080767990282,0.357505855219522,0.430394986272605,1.09326186023719,0.295749614539653,0.506142887939054
RAI14,0.248451591062267,-0.216117598024216,1.61845051055083,-0.214234860400964,1,NA
RAD1,1.87586381826849,0.152689255851349,0.576467966732336,0.160230161799831,0.688944700822236,0.771074171445732
BRIX1,2.34560119601071,0.447904127286545,0.755550553245221,0.855947532290834,0.354875236324914,0.558749794383702
DNAJC21,1.73583887098856,-0.940822874319749,0.780713578471149,1.57213197719914,0.209897668899229,0.412260549684126
IL7R,8.07698547671513,0.893373035773225,0.42208723018502,4.43705473475568,0.0351668654216159,0.121740653911653
NIPBL,5.03391631718491,-0.0896539662579972,0.380517969276809,0.238640155307195,0.625189995895408,0.736552080347643
WDR70,0.894926160808891,-0.802775286216237,0.873912396349766,0.991876459090072,0.319284183582445,0.527534449549368
RICTOR,3.24670555181802,1.13781570825787,0.505405738202195,5.28176642615637,0.0215498742063601,0.0843624007304251
FYB,25.6730694880414,0.449797077698353,0.240550102085172,3.76116723231408,0.0524559483341297,0.162266557996743
DAB2,1.26597841804216,-2.86884681423234,1.01319730074538,9.09762903691261,0.00255941053208177,0.015494668637791
PTGER4,10.2214576387258,-0.303972143257509,0.28091190227228,1.21747234990862,0.269857275331909,0.481666158431991
TTC33,2.06075152261756,-0.57775454685123,0.722690853014463,0.643639013462113,0.422396121515322,0.610556781139706
PRKAA1,1.35938269032904,-0.458921417507618,0.728794011798696,0.414690811389775,0.519598185551354,0.675885731491975
RPL37,52.94507680578,-0.122083311377646,0.145489533540444,0.72763485457925,0.393650900058217,0.586932534198724
CARD6,1.16286796612772,0.397208971380477,0.941697114153332,0.20886406169636,0.647659201260174,0.748499599274636
OXCT1,0.491924714923065,0.83883481725451,1.18212159074986,0.601703491123619,0.43792880420645,NA
ANXA2R,6.10821268702171,1.81814055759258,0.503932208325914,13.2907513239114,0.000266718575908967,0.00224821380078425
ZNF131,1.89721208007054,0.582085993663817,0.679637553494661,1.04632524175767,0.306354937258075,0.514458204032432
HMGCS1,1.2583512791156,0.479594249972049,0.799913153902387,0.362427188420732,0.547161317625054,0.692483385874914
C5orf28,0.450392972300507,-0.877668899360488,1.2540132232876,0.613258902047413,0.433563407886675,NA
PAIP1,6.60825826472234,0.738463499599393,0.334767507787563,4.94748490684324,0.0261286533812549,0.0973943965452129
NNT-AS1,0.348972326882787,-0.203759237643636,1.55516166626584,-0.0452854679458632,1,NA
MRPS30,2.91974442068542,-0.389091403718257,0.490113828593054,0.653632394994808,0.418816989465073,0.607889746907146
EMB,0.970708770270558,-0.00430595105062467,0.830991011017693,0.00155798990393663,0.968514570524897,0.969622167648516
PARP8,1.01768075834369,0.597375187475113,0.844894424657182,0.550616775927487,0.45806578930493,0.637263447801208
PELO,1.87044044350459,-0.579184492034902,0.691663057626697,0.812138649579715,0.367488712808526,0.568110014169127
MOCS2,1.48975966425137,-0.555038612291162,0.728990683054894,0.600286028127996,0.438468914201432,0.622928090301165
FST,0.155037016240145,-0.142762149938903,2.01321432919994,-0.319782993292574,1,NA
NDUFS4,9.58943259641422,0.496617906118539,0.307339503708241,2.61837809848879,0.105632360679524,0.262602477178144
SNX18,3.20552229768331,-1.0694323344437,0.522663391041116,4.2325483788396,0.039655856685077,0.1331567615157
GZMK,0.435895905446005,-0.595389687664449,1.36674906059332,0.227118101650458,0.633668995301053,NA
GZMA,1.08921082589441,0.604935846326786,0.948292450222457,0.773888433783917,0.379016815775306,0.576043443146603
DHX29,2.94294818354777,-0.447137545613664,0.497965494288533,1.1895803217129,0.275414226710951,0.487286155938437
SKIV2L2,0.81182575577361,-1.06962286724923,0.950734127302467,1.43914099391778,0.230278396877147,0.437022612593112
IL6ST,1.39072418735404,0.635276811142185,0.841598112591045,0.626638797784899,0.42859091205229,0.615948665350945
GPBP1,28.355236750609,0.783672899444369,0.187250801230702,17.563559150609,2.77862332847183e-05,0.000296128760989137
PLK2,0.427339648531217,0.118640797288845,1.44202770196705,-0.0406341351162069,1,NA
GAPT,25.7623678287511,-1.75675296286468,0.307626256325865,32.6584770313958,1.09859233723218e-08,2.03495645029858e-07
PDE4D,1.06700739755021,-1.06576321125609,0.860677942212159,1.74146872932329,0.186952836590732,0.38354435307265
NDUFAF2,1.17153900428917,-1.25334558158515,0.769848304551191,2.91931595423878,0.0875249604956572,0.231386090559701
SMIM15,4.00193525205033,-0.494760806799204,0.487927887010097,1.59406122341998,0.206746856609525,0.407410535101334
KIF2A,2.27726163634241,0.423272125715114,0.589392802737344,0.549905461389734,0.458356325126878,0.63734698044948
DIMT1,1.67207207711795,-2.24604136646817,0.765612982191178,9.58655694669967,0.00196007156963728,0.0124340772036617
SREK1IP1,3.95535910298232,0.227800992295124,0.441599013098466,0.272907048363493,0.601388332577678,0.723237675860597
CWC27,1.37789794937097,-0.0109511576962899,0.707919752061352,0.15614378934805,0.692731941235187,0.772447840142065
CENPK,0.329877210512317,-0.594280209867906,1.39737803567095,0.282652196895263,0.594968118834623,NA
PPWD1,1.87946445605452,-0.127189385608594,0.689134039224424,0.0524605909665254,0.818835673115134,0.850712617420875
TRAPPC13,0.923687385627121,0.0777601679794638,0.827579596066213,0.239189914347754,0.624791814421865,0.736552080347643
SGTB,10.9187005778461,1.37411231308207,0.338723486763781,16.4494668796124,4.99642308877269e-05,0.000504416485798995
NLN,1.77398038591729,0.253513150989602,0.723663564283631,0.222007670380229,0.637514413837845,0.742645129148479
ERBB2IP,5.60637741941239,0.959458428022271,0.402877877808867,5.7675113276815,0.0163251374706059,0.0672581170893371
SREK1,4.13362777739691,-0.193657956109571,0.408241527448961,0.258900874605899,0.610876276056389,0.728297630286683
CD180,1.66833633767814,-2.97853794062087,0.872714365083367,12.4720209822039,0.000413092918936647,0.00327905881767328
PIK3R1,3.43110010616815,-0.264649271702395,0.452446348519817,0.506433107899987,0.476687026499436,0.649574849541593
SLC30A5,0.859826912429713,-2.05308087231753,0.956121325350471,5.55703959715677,0.0184065145261731,0.0745014009355275
CENPH,0.319389544329752,-0.254470892692975,1.576575774178,-0.0465717620243744,1,NA
MRPS36_ENSG00000134056,9.25264562083093,0.148121996318059,0.280832155059262,0.465404489348799,0.495108950141282,0.660864222710907
CDK7_ENSG00000134058,2.31649915384933,-0.0574749077605163,0.536310503399833,0.0372985844229703,0.846858400123821,0.86956237867942
TAF9_ENSG00000085231,18.4138008251789,-0.129169621623218,0.210481707132909,0.481984069610078,0.487524986476742,0.656979405720903
RAD17_ENSG00000152942,1.39678122427245,-0.725827658176146,0.931808040162254,0.6137682832357,0.433372502534701,0.619768190322671
GTF2H2_ENSG00000145736,0.355846124570664,-0.665958427520585,1.29089460899401,0.314377379451997,0.575006390530693,NA
BDP1_ENSG00000145734,2.66032638135052,-0.0917581941687293,0.490968006101053,0.0524097517594271,0.818921953356028,0.850712617420875
MRPS27,0.0961256105126739,0.0303965758980273,2.29076046116698,-0.424420157901974,1,NA
TNPO1,2.33306654162709,-0.375155687001794,0.578304108231651,0.582011875128174,0.445524808878065,0.6279153700103
BTF3,97.7785139621956,-0.604706365673117,0.122200472187549,24.438194232753,7.67322712049576e-07,1.06143421657783e-05
ANKRA2,0.989251746808073,-1.09375308662902,0.809658803652586,2.15220482152373,0.142365317168991,0.320269700297936
HEXB,14.5416728666721,-0.260649924562447,0.239582870664369,1.21637820034412,0.2700726044994,0.481666158431991
GFM2,0.817066902732022,0.292424761485863,0.968744842477554,0.140589843365703,0.707695330936269,0.78210225211496
NSA2,2.39102727082438,-1.29112680618654,0.590552342829602,4.97496313318995,0.0257167518134347,0.0961514674269235
COL4A3BP,8.35305061769644,-0.0887720921093073,0.336809877038841,0.484926434060142,0.486199277737541,0.656261932593756
POLK,3.53423297847728,-0.120778334236092,0.532398481890566,0.0839134887231126,0.772062396944123,0.818829762629558
IQGAP2,5.8489935415593,2.89082972631526,0.485313662371915,43.7692927051652,3.69456516617278e-11,8.8438653665261e-10
F2R,0.447263069577391,0.877626258344061,1.17689061864019,0.92937082978737,0.335026467943176,NA
AGGF1,2.47860430625855,-0.396168106733073,0.550539774016002,0.839307182848962,0.359594992055241,0.561377232943186
WDR41,5.12127474673316,0.871826177214811,0.397060807083102,4.87627628364177,0.0272282985405161,0.100454553555859
TBCA,15.2824254028279,-0.554977418611405,0.243237917914989,5.78981526879852,0.0161192829444066,0.0666524736054816
AP3B1,2.58547134796244,-0.0254960885840072,0.527964087147918,0.0205694020995608,0.885958197529987,0.899163934160941
CTD-2037K23.2,1.45431371842147,1.33814872379576,0.768345623924831,3.12991668503313,0.0768676686777317,0.211896119503887
SCAMP1,2.27651416695476,0.0916787159895962,0.643867132701451,0.0880483519375375,0.766673089997615,0.815371866627106
LHFPL2,6.15257577930834,0.566275823826392,0.413553205654534,1.98764212193574,0.158587634725598,0.343158554236745
PAPD4,3.12196675935492,0.719658829798076,0.527586485310804,1.91056891609732,0.166900076237207,0.35599153051918
SERINC5,0.492647432017771,-1.03935841881422,1.04945444855055,1.44433738440542,0.229438744979273,NA
ZFYVE16,3.22230442828023,-0.921985269959417,0.517480045789595,3.37856385391534,0.0660495851080954,0.190802949448968
ZCCHC9,2.94303255069189,-0.750093294908941,0.503021121914778,2.23685483407083,0.134754830868039,0.309115659096871
SSBP2,1.893551637032,0.0746686039759542,0.707626008124206,0.0122101921769513,0.912013057360717,0.920272684917911
RPS23,194.942757519248,-0.182107634647728,0.110737417492353,2.71022410943701,0.0997069832552615,0.251132097570178
TMEM167A,15.1082515920393,-0.432018045515205,0.300813923458255,2.11307157848968,0.14604591874516,0.325206900461606
VCAN,11.6271373482583,-3.65250367194009,0.447135603761867,81.4289701180448,1.81675175947726e-19,9.68091720180578e-18
COX7C,52.9607719392839,-0.079825030956728,0.138824470521538,0.45296625909431,0.500929680813258,0.663984696172144
CCNH,8.46225725445786,-0.756477171687135,0.311705969578759,5.96835771848411,0.0145648392587812,0.0621541329929047
MEF2C,7.51037138536558,-0.104568475268893,0.375762040531445,0.091634925674569,0.762108885240386,0.812231829555141
CETN3,0.385463679675778,-0.380814005350311,1.58878284445516,0.060608243689412,0.805537156584599,NA
LYSMD3,1.55063143829126,0.0869275995111617,0.798413394173074,0.206260081247343,0.649714640853906,0.749943740657889
LUCAT1,2.78777446862439,-1.69110011242593,0.543819485360563,10.5024242287092,0.00119218029930475,0.00821398531198822
ARRDC3,1.28164671199274,-0.549079200761969,0.71304508262794,0.909317946203807,0.340295452435858,0.546121509315652
FAM172A,3.53421514982792,-2.1262368198951,0.837573255791752,6.68654795146472,0.00971431323070503,0.0457565806900541
ANKRD32,0.523068847738611,-0.260241876449718,1.00794599205327,0.287878754049039,0.591583092141073,NA
TTC37,0.506276865507668,1.48040564507443,1.09554218769447,2.37625967496353,0.123192190823424,NA
GLRX,106.928271127464,1.49357906393891,0.186140874799832,63.4067920886146,1.68137271019706e-15,6.73428233208341e-14
ELL2,2.04321679957838,1.14533281880915,0.641715158727584,3.33438636846561,0.0678457097621381,0.194098277041261
CAST,32.0656831030843,1.26903150328646,0.190650182281256,44.9334038831024,2.03850597747498e-11,5.07803440242547e-10
ERAP1,1.35825665989615,-0.342564373066305,0.741086472686596,0.218957086953964,0.639835717258316,0.743583022066937
ERAP2,2.85646180097742,0.783277894849857,0.624025067227541,1.80335824759835,0.179307028769971,0.371579733828978
LNPEP,3.45870249318336,0.742426220407455,0.4483220349217,2.77232726266072,0.0959066292619602,0.244965034922211
RIOK2,2.08447265240504,1.24762857797455,0.68881858528957,3.41018743879373,0.064795086232981,0.188521772566289
CHD1,11.1925409805791,-0.469026109827373,0.285649358449596,3.02187846265004,0.0821482626173751,0.22160818712936
FAM174A,1.69925693128594,-1.28097110031904,0.764929279474507,3.05529406879255,0.0804744261805325,0.218690591412108
ST8SIA4,11.4020967580483,1.34288207235495,0.309677835007433,19.1047112288411,1.23739059200446e-05,0.000141205391951645
PPIP5K2_ENSG00000145725,1.23211937121913,-2.09850189782523,0.926332520690694,5.61755971448785,0.0177813904387873,0.072305481492295
PJA2,5.60024644381439,0.386239778999287,0.358786321335682,1.18455850108558,0.276429925434507,0.487861531503544
SLC25A46,1.15375987084489,-0.395410518085559,0.724167070289897,0.367276955805387,0.544492314805117,0.690809102324928
WDR36,0.0371255403146849,-0.552415847297284,3.05608535745399,-0.889682200432993,1,NA
CAMK4,0.914169760798994,-0.286010213680504,0.987421021543053,0.0748207195675548,0.78444294232831,0.828090671935898
STARD4,3.29924832517406,1.05729194384282,0.47131126471962,5.80041047349316,0.0160224336579726,0.0664916399523215
EPB41L4A-AS1,5.52544322313007,-1.87551227296218,0.598905501037822,10.0755485469256,0.00150249884445021,0.00994310250409384
APC,1.60129024446604,0.965498560480919,0.749054137083326,1.75393124883234,0.185383281942627,0.381345670273386
SRP19,11.0272621362295,0.545822723305227,0.289858921541122,3.69246535496944,0.0546587694230594,0.166724210564713
REEP5,35.1903436976283,-0.0247333654202115,0.172716998868373,0.0230246199986652,0.87939306638393,0.893981537956324
DCP2,6.85011374209914,-0.0306549739158026,0.318291173924542,0.0114562110988601,0.914762251386163,0.922135725694096
TRIM36,2.69669047552303,-0.187789707763338,0.619130137422692,0.191525105470618,0.661650305265614,0.757397042756856
PGGT1B,3.50423486266041,-0.0322064860277924,0.476232084206407,0.0697273715027507,0.791734140953146,0.833081505551871
FEM1C,2.22348778934263,1.12807865049392,0.595090301366515,3.67079728970059,0.0553736898678828,0.168401970972896
TMED7,4.0078773303133,0.263704075906536,0.436687001704276,0.370425086937942,0.542772650487888,0.689577642593327
ATG12,11.608380098685,0.274962572130297,0.29174024987396,0.901613128695772,0.342349540036588,0.547385122613192
AP3S1,21.426638043628,0.60631947144677,0.235031616779029,6.80122417799299,0.00910953917383315,0.0436119187947262
COMMD10,2.3387590018022,0.817685356820136,0.58340147686843,1.98181799340619,0.159199015900073,0.344238380181951
DMXL1,2.00045971183407,0.455682202310545,0.610444691362992,0.563212894318923,0.452968607489584,0.633164148425221
TNFAIP8,37.1888478437069,-0.00649259526007375,0.286939971474133,0.0339119144261701,0.853894309021129,0.874442567794365
SRFBP1,0.69836136744088,-0.800038523943958,0.936926457060681,0.99003165574095,0.319734637676163,NA
SNX2,42.1433645233272,1.36297410421003,0.15867344585854,76.2198663357147,2.53775786235637e-18,1.23423652226348e-16
CSNK1G3,1.01138782821562,0.0149372722448787,0.894026669659162,0.0331844721074717,0.855452410317538,0.875238164800235
PHAX,3.85469622946054,-0.791966834673478,0.459472022574136,3.04242101308505,0.0811148590724116,0.219904780901365
LMNB1,6.88751899708119,2.52940054151957,0.407402521776418,46.2815049913424,1.0242625799426e-11,2.63333427411496e-10
MARCH3,1.46519120734531,-0.557166966009344,0.74308708745012,0.747447749555874,0.387285493343728,0.582115649548777
PRRC1,0.818400183167065,-0.952940294401831,0.912871440590341,1.18425224518176,0.27649202005741,0.487861531503544
ISOC1,3.30644451681581,0.883720626171232,0.484881592776478,3.38509162253473,0.0657885223802476,0.190483258065924
HINT1,45.9576454517661,-0.977810440007607,0.180130048015325,29.9914908133619,4.33946400633475e-08,7.32568469168576e-07
LYRM7,1.26727250380084,-1.4567446717637,0.809966682343124,3.37380761497551,0.0662404962773382,0.191136399877341
CDC42SE2,8.63462572879173,0.21911409504947,0.33889047380968,0.68812312234526,0.406803510949527,0.597910485083199
CSF2,0.115264936260426,0.255240999123882,3.03695866895688,-0.265942292998377,1,NA
C5orf56,16.4509408398497,2.60455978620215,0.318098552871422,74.0555984657751,7.59475402957951e-18,3.55272157963841e-16
IRF1,35.2223802312211,0.882603723173775,0.184593694227055,23.7152389661447,1.11694606725172e-06,1.51430210179613e-05
RAD50,1.27874988979956,-0.704946236001757,0.786522952285359,0.941266784890921,0.33195226980776,0.539290431967645
KIF3A,0.827300537038605,0.242538459180319,0.943365506511543,0.10053257174323,0.751191460812776,0.805195254829577
UQCRQ,13.0195928781987,-0.389131369144539,0.246631676610147,2.60022911975788,0.106848267121331,0.265194888991299
AFF4,2.50928214012936,0.224621577781221,0.609736546545605,0.322215019506764,0.570279530245449,0.704997571382713
ZCCHC10,7.7016818732168,0.487840586393875,0.327030298467219,2.30263496667794,0.129154732348937,0.302430340020745
HSPA4,4.45502026822578,0.532248385162174,0.404173154624975,1.98978244022467,0.158363628998016,0.342989631416177
C5orf15,6.45262443469469,0.635619776474701,0.344347801171503,3.57395281501405,0.0586924435012974,0.17581439379198
VDAC1,10.7830601334547,-0.577707237845732,0.289110011932673,3.99353127845534,0.0456752436776304,0.147547650636014
TCF7,0.888709895244439,-0.823543955685554,0.877824333034172,0.938232043833544,0.33273292985519,0.540129111033803
SKP1,75.0205383186147,0.0427559803588971,0.113398434749771,0.209265021749388,0.647344083231186,0.748335133378741
PPP2CA,15.02295477489,0.091687209241289,0.250083315104702,0.133986020350278,0.714334475040121,0.785126213704669
UBE2B,47.7079281545566,0.528278727676221,0.163615610071606,10.4324615410429,0.00123819608999289,0.00845893605292804
CDKN2AIPNL,1.24215213889343,-0.854457082456562,0.768358733842433,1.23723168833109,0.266005242747421,0.478408010502435
JADE2,2.06436163291763,1.08115113907417,0.633688082194611,3.06948876931488,0.0797745553365634,0.217657379831906
SAR1B,6.91254398303639,0.0868786315312326,0.353297202496731,0.0651251661864762,0.798571466485679,0.837379525431937
CAMLG,7.802034347644,-0.413201297577515,0.360927429641962,1.44126565475557,0.229934639779216,0.436505412815066
DDX46,6.28083670415395,-1.46575843752436,0.391471419450762,14.4557767136847,0.000143489089642708,0.00129499431712889
C5orf24,2.42769908973691,-0.303428606026264,0.532621694150647,0.324277783164099,0.56904812410597,0.704754831148219
TXNDC15,3.25763906161276,-0.78501657755095,0.56599634781225,2.21329928139596,0.136825772122919,0.312276665769129
H2AFY,25.627339550027,-0.601763059997358,0.189576021860164,10.1918216438677,0.00141064890796114,0.00941661928974493
TGFBI,10.6088330992707,-0.214238652782072,0.441379511750097,0.480540348215783,0.488177662994799,0.657484114029039
HNRNPA0,24.3696935262927,-0.489842862153832,0.197579348968607,6.18704073034426,0.0128689207802219,0.0564309927064346
CDC23,0.532642339112866,-0.53348766942452,1.15702190217261,0.219630570512905,0.639321549360519,NA
FAM53C,1.17075506135647,0.452636858882375,0.815080928432262,0.294280332928359,0.587490558778869,0.714739357593192
ETF1,8.1509243285826,-0.476513744384329,0.303178451390806,2.65590494285243,0.103166029807643,0.258674889795923
HSPA9,3.81593488746001,-0.956793328789234,0.530489800586345,3.21886038898251,0.0727942925338509,0.202942418195938
CTNNA1,9.37306746676147,0.273209514310017,0.332168496020303,0.695427071348973,0.404324544011704,0.596605057958999
SIL1,4.08356327993527,-0.0321852380667338,0.448100654491173,0.103108874201553,0.74813028660442,0.803741654332379
MATR3,8.97266571518433,-0.510468684379812,0.284682904516055,3.23493946648797,0.0720829672249792,0.201608591124908
PAIP2,36.24861804871,-0.120849418206652,0.179614548147156,0.478537504968301,0.489085514606107,0.657839340102332
MZB1,0.104384259583963,0.24764928256524,2.20412442060723,-0.453169181086345,1,NA
TMEM173,0.981268331262792,-0.23891492680741,0.943152677179175,0.293483627290399,0.587996739894482,0.714929369459005
UBE2D2,30.981267012814,-0.144019322834978,0.176304490367827,0.66806448005498,0.413727232280485,0.604351095003497
CXXC5,1.06496551064759,-3.42150239362179,0.95357802149975,14.9942886562189,0.000107837055252173,0.0010058226401603
PURA,0.836026931500052,-1.74418983152517,0.976431199951666,3.53306245606441,0.0601565801174071,0.179386629177358
CYSTM1,47.2545665072468,0.830241615030055,0.162914433339166,26.2217223106906,3.04379335220989e-07,4.48374174575533e-06
PFDN1,6.29506989440064,-0.683459713233326,0.366570040856263,3.79455656509165,0.0514194914201472,0.160283882035292
HBEGF,1.62369445719056,-2.02821389567282,0.781647520241807,7.20317487083678,0.00727747211823101,0.0363458428203094
ANKHD1,1.57378251899172,-1.47387833844161,0.762761329721136,3.93958682937999,0.0471623595998135,0.150867930866341
SRA1,17.2757908148599,-0.15905856219914,0.242686932188496,0.470408667408662,0.492799222498031,0.659267238375084
SLC35A4,1.92400899324079,0.577258737831808,0.593754352273856,1.22723767028768,0.267944918775917,0.479966811534294
CD14,81.5148307144396,-2.48997089566692,0.471323302865326,25.5058250757308,4.41049304662214e-07,6.34448389429589e-06
NDUFA2,16.2011903386243,-0.814607698501676,0.229353954195979,13.5046580497075,0.000237972006173346,0.00203956986549688
TMCO6,0.918861576321312,-1.24614887509244,0.871258979853568,2.25158937618861,0.133477246478242,0.307037750157158
IK,8.83629891831218,-0.0942749079714773,0.307350686008914,0.0946530348614516,0.758343088844926,0.809603910878346
WDR55,1.38746483716796,0.438942418723936,0.748265556198153,0.343445395127077,0.557847193875024,0.698482382814664
HARS,1.69399114379388,-0.311970660920287,0.638891100673807,0.266073771174284,0.60597776366283,0.72542131973546
ZMAT2,7.89960992293026,-0.15240286037774,0.311846904666554,0.246152991148691,0.619796996383193,0.733504598256369
TAF7,15.5686613936255,-0.106409666814931,0.217447731685269,0.26154914546369,0.609057863219641,0.727354930241655
DIAPH1,7.20640711314241,-0.51943531475184,0.359981648211149,2.32901132619737,0.126982505168051,0.299633728020722
HDAC3,2.52097662765427,-0.740285123149099,0.499466465240959,2.88101199649252,0.089629676072703,0.235372087695802
RNF14,1.89286085851149,-0.649018454975922,0.598940854149309,1.27137329014151,0.259509209637797,0.47161104290048
GNPDA1,3.54026185433776,-0.23029938840528,0.57824447426851,0.170045958007236,0.680070966579853,0.765803156802143
NDFIP1,36.9395236358446,0.650107084449824,0.173041098159355,14.2319517665303,0.000161603176310181,0.00143314654765382
ARHGAP26,1.36489525532015,0.0730599141312651,0.909941188579087,0.263654261762291,0.607620669868322,0.726773214947033
NR3C1,13.8229585294447,0.790184223281588,0.263194438663552,9.05111499438479,0.00262534664128442,0.0158020518180935
YIPF5,9.77622602979499,-0.587562258609922,0.408387835565976,2.11559656050859,0.145805227763917,0.325025258543937
LARS,1.60342545692265,-0.460679395516522,0.67893341702573,0.495144242011179,0.481641505896376,0.652986537197565
RBM27,3.58234100193062,-0.741289623255838,0.432657714091267,2.99211400546758,0.0836708725476231,0.224489976782765
TCERG1,0.539235158415869,0.0566964685077757,1.25590773187453,0.0705595268050061,0.79052384539907,NA
JAKMIP2,0.869487685112915,-2.05126117341621,1.01619483479568,4.69166097431818,0.0303093352736742,0.109256239151221
SPINK1,2.0129956899129,1.01869932326718,1.3523069355719,0.56188822900608,0.453500445358761,0.63364876857739
ADRB2,1.93732075581229,2.46399896557166,0.738033512418947,12.1666177462903,0.000486524490115942,0.00378833808822172
CSNK1A1,14.4121330997532,-0.0386609323439108,0.242723075164511,0.270751535976075,0.602828080664083,0.724055366191592
HMGXB3,0.306807044186087,-0.519567060466867,1.4124240508304,0.0901172342063923,0.764028169498369,NA
CSF1R,10.8908236888395,-0.194214441008059,0.282086372707623,0.575601816513981,0.448041450761779,0.630071003293761
TCOF1,1.32235870642462,-0.458310969655738,0.706924200854041,0.781174630546559,0.376782136617572,0.574397512608339
CD74,495.228679113108,0.658647809391923,0.097174277743718,45.6421806201893,1.41951607225984e-11,3.59454317801997e-10
RPS14,454.226136889591,-0.0808784753682154,0.0921151430678909,0.777097775025425,0.378030215564712,0.575531190656531
RBM22,8.28420767979057,-0.2797498908926,0.299442328582649,0.897493950921032,0.343454564914744,0.548239013752944
TNIP1,18.9958397071084,-0.266564396385265,0.22393467366063,1.9130518999585,0.166624642410226,0.355775543097514
ANXA6,0.447191242221131,0.467147023566287,1.20526601200453,0.156083971610055,0.692787803635967,NA
CCDC69,1.58783069106436,-2.22255283956078,0.790974667263621,8.99845678659028,0.00270207680344491,0.0162177538212638
GM2A,0.858484854582892,1.28939807513534,0.891340910061101,2.4482866030377,0.117653230038995,0.282626026530364
SPARC,0.311680392152302,-0.21404554216656,1.21542893213839,0.271290541017336,0.602467377473101,NA
ATOX1,25.8636398649094,0.666665412737209,0.19624110670882,11.7653731804895,0.000603427832933182,0.00455394798055978
G3BP1,5.09510857138585,-0.279618373466377,0.356188021458098,0.761569065997904,0.382837933118,0.578267403043408
LARP1,2.39654842334789,0.651299124044749,0.524615320377516,1.82581600971572,0.176622537988719,0.368519888592056
CNOT8,3.33804586583238,1.07372000173159,0.489608308491008,4.88932992886697,0.0270231722974613,0.0998858555896082
MRPL22,7.85410391333531,0.272201918626964,0.292057115665114,0.894093695534394,0.344370360991724,0.549128694290213
HAVCR2,45.1675509351218,1.55507588463064,0.174697646275298,80.3807679421356,3.08785992524574e-19,1.63124186395741e-17
MED7,3.25311583063288,0.579662084666084,0.45424234898526,1.64945348575583,0.199033330921547,0.398195440666815
ITK,0.15824081050662,-0.115129448116915,2.00058483019313,-0.322179915512045,1,NA
CYFIP2,1.14034841950068,-1.10252412661736,0.813790559454064,1.85633213046509,0.173048722529068,0.364413254865336
ADAM19,0.825494656754717,1.37728063112357,1.00334784754302,1.88143529722296,0.170171106490262,0.360021432961931
THG1L,2.29173495118624,-1.41597248180802,0.607518808294553,5.79227003387522,0.0160967907035616,0.0666044114999496
CLINT1,2.44310130360213,-0.764340681519392,0.529961041177199,2.09489548926094,0.147791817488147,0.327074126965463
RNF145,11.302076953063,-0.67095706707027,0.276779788077213,5.93391738322252,0.0148521897647833,0.063058766035567
UBLCP1,1.13581509288179,0.786827872996275,0.74901187644786,1.21873365680134,0.269609315601748,0.481666158431991
TTC1,9.15328574189893,-0.182802618670695,0.281128972776128,0.644660220716162,0.422028284591643,0.610325806702129
PWWP2A,1.36831047603079,0.794457124070401,0.735594327485974,1.21505884426751,0.270332540052352,0.481849274415594
SLU7,13.3211970499289,0.160211086339459,0.236404574051585,0.460728592806049,0.497283661117582,0.661920470496631
PTTG1,1.47049292188675,0.445657610397758,0.718607588990082,0.47610519358048,0.49019182065363,0.65817166454107
CCNG1,3.30051437738647,-0.86714463078557,0.527607160694654,2.76778518257396,0.0961791569880612,0.244965034922211
NUDCD2,2.29669982046174,-1.42254496140446,0.584003730924338,6.24183006510267,0.0124767486211542,0.0554706711691328
MAT2B,14.7324611662276,0.594202569667898,0.278618195404557,4.86953950837653,0.0273347936917744,0.100605174620537
RARS,2.91849465316572,-0.423760618126676,0.515008087451578,0.681728638308449,0.408992108596444,0.599881197098853
DOCK2,2.09262715687537,-0.542011065268508,0.573519853358619,0.905311647567181,0.341361444522489,0.546749328811764
LCP2,8.08598965645335,1.03193678615331,0.313718165718866,11.1090795669192,0.000859061149328783,0.00618604785321596
NPM1,24.0368956388646,-0.660094305817103,0.240022282359485,7.57141467150781,0.00593012213704392,0.0309011806596983
STK10,2.90784137744034,-0.169422786372059,0.463914920775088,0.264960395042451,0.606732594654298,0.726015237768819
DUSP1,84.5900268825407,-0.328417232811119,0.177513010932324,3.47043528987939,0.0624748683998631,0.18370729057311
ERGIC1,4.74107614087273,-0.562401382831795,0.399185854442493,2.01222574944951,0.15603625211866,0.339826153623038
RPL26L1,5.14765849752041,-1.29252151794737,0.402573796999338,10.7866655314986,0.00102233875835257,0.00721761740919876
ATP6V0E1,113.811496546213,0.124564783068762,0.102679802633885,1.5774381239344,0.209130097305076,0.411148295247194
CREBRF,3.78164202158325,0.920503110407186,0.469886037304161,4.629321245412,0.0314299953517163,0.112370485131457
BNIP1,0.565516692043582,0.443905485265791,1.13194361113904,0.206365200547268,0.649631363025858,NA
BOD1,1.12720535439331,-0.890716241994776,0.807188524847823,1.56913265615354,0.21033301777176,0.412850971462315
SFXN1,0.555440054307816,-1.2579564247424,1.14134714301547,1.51708555799687,0.218061068505365,NA
THOC3,0.975459854711051,-0.308915925545503,0.851146175275379,0.184852799985052,0.667235568134391,0.759580078307179
KIAA1191,0.898154150586583,-0.139271761176571,0.894791616587419,0.127309646741587,0.721237962080027,0.787642810070056
NOP16,1.26032639929498,-1.12387146258192,0.749813908162061,2.34956343946521,0.125318098095649,0.297079034866592
HIGD2A,37.4387190381043,-0.283451509764526,0.168004108109949,3.13969538288318,0.0764080770428481,0.211008876123737
CLTB,16.5965982592308,-0.612308706430865,0.233487147058438,7.10588435902251,0.00768313095818073,0.0379695375094609
FAF2,2.01857313780039,-0.769508139457773,0.606107594713898,1.63031362118262,0.20165967582713,0.401240122149822
TSPAN17,1.46298364703189,-0.0913666229610381,0.756120964158493,0.161749709551096,0.68755068442069,0.770385542690911
UIMC1,1.01510995138696,-0.877410949543927,0.941078867603774,0.946068515706799,0.330722045816396,0.538168093758662
NSD1,6.44744242327224,0.00407372343465961,0.395614758402502,0.0729852910944402,0.787038779494708,0.829117008895233
RAB24,4.55168887717756,0.37473191863625,0.389675313259994,1.16449499988505,0.280535263923886,0.491739158273906
PRELID1,70.1475789798995,-0.239517005324024,0.120782296881843,4.03315838943357,0.0446143436807058,0.145115020209854
LMAN2,30.7501052005724,-0.193025018216994,0.167091086299261,1.33633571525357,0.247681207363131,0.458074863299457
RGS14,0.164902024983446,0.0198080968399378,1.72436105630396,-0.319079820584736,1,NA
GRK6,1.58201841722155,-0.974241452921031,0.669786997766342,2.8167397390283,0.093285708488494,0.24120456608333
PRR7,0.022234463984498,0.188771910975805,3.05638018485058,-1.11593092664981,1,NA
PDLIM7,18.7814303297845,-0.772788976222039,0.249510691657002,9.60208171321904,0.00194356908106917,0.0123549702580829
DDX41,0.9417907396153,0.189784323135692,0.839650578809514,0.0622065349597349,0.803041810349439,0.84019809011804
TMED9,27.701208474462,-0.437790681240814,0.184556536123735,5.83138764203244,0.0157427010210677,0.0657119455868503
B4GALT7,1.35384692525172,-0.668296595557666,0.708876414250704,1.04357154988526,0.306992276295182,0.515128332184248
RMND5B,1.54521606807048,-0.363989900351631,0.773540773355252,0.366381701569551,0.544983187135572,0.690809102324928
NHP2,3.39810396841236,-0.831244398747173,0.503125828941516,2.78868697854865,0.0949319832299079,0.243387538078659
HNRNPAB,2.72609453391186,-0.792918293523136,0.526274867793318,2.29123036788051,0.130106749537119,0.30407862744602
PHYKPL,6.24281945987871,-0.0414983057904418,0.353076279779253,0.0234075778784444,0.878401940331973,0.893122132131132
CLK4,2.57870671256683,0.167906907342427,0.551238071950896,0.111198071764782,0.738784249282639,0.798038053869912
ZNF354A,0.855069211984722,-1.0593964914681,0.948961415900525,1.30020563126984,0.254175666107478,0.46564678083905
RUFY1,2.35348363754011,-0.395523931426349,0.658710527775032,0.416242451231,0.518817967967546,0.67515746606607
HNRNPH1,1.27868839545576,-1.2417347661512,0.793535622844042,2.76877979593642,0.0961194074905332,0.244965034922211
CANX,10.386837069746,-0.329967899482469,0.300302855923079,1.36672443512367,0.242375469256836,0.451055985652427
SQSTM1,61.8725514716986,0.28559595691946,0.187534474373731,2.3907887079765,0.12205203672438,0.290798942864307
C5orf45,0.625981934325452,-2.19849685663224,1.32152901000372,3.77942194912486,0.0518865829223603,NA
RNF130,23.8462715966004,-1.20048171371914,0.196178531856803,38.2703723058663,6.15907017285176e-10,1.33366720916027e-08
MGAT1,28.6236910167352,0.601500576330752,0.1645338866703,13.4378241326424,0.000246601471396346,0.00210469890907634
LINC00847,1.63976375192921,-0.64161586264,0.729645939894756,1.12836640824254,0.288124055339113,0.499176601056844
ZFP62,1.04848236051043,-1.04487181504636,0.943849516525303,1.42979008521058,0.231798699737817,0.438685124148654
GNB2L1,166.088592889516,-0.622023379096585,0.115288727906156,29.0257635354174,7.14220825476568e-08,1.16713205827211e-06
DUSP22,5.19474352317097,0.349709998936515,0.366717953155679,0.917736899963458,0.338069890876448,0.544322724984465
IRF4,0.425315262634427,1.03804299312527,1.34214155182161,1.13376245098497,0.286974221917528,NA
EXOC2,1.41366005783163,0.261058940416161,0.786988607203343,0.417212485050683,0.518331247335493,0.674918546696767
GMDS,1.5398506812805,2.64631474450207,0.844451591670909,10.7111938082673,0.00106489296827939,0.00749215167579345
SERPINB1,69.0462757734584,1.59600122245462,0.200394289844932,61.762115809277,3.87559511279129e-15,1.4751333447941e-13
RP11-420G6.4,3.26918701535593,2.65662033798915,0.588184502707421,25.0856683120376,5.48389215739307e-07,7.77900257882054e-06
SERPINB9,16.6036853235708,1.59664422681499,0.306880142900481,27.1693744133629,1.86387928733816e-07,2.86261961724517e-06
SERPINB6,8.82936652438657,-0.00855223377216088,0.305952009731936,0.00640553716230841,0.936209737578062,0.939736817670493
NQO2,7.02304918733508,0.29033966349264,0.470218079116875,0.471282351001221,0.492397817947987,0.658967859442076
RIPK1,2.18740500231569,1.37725405857873,0.591191961331617,5.74199322057412,0.0165639850602926,0.0681693085624397
TUBB2A,2.65416084797193,0.907560848898552,0.793225483195874,1.47557410123773,0.224468281194553,0.429186155120194
PSMG4,1.75427492818871,-0.120222561599114,0.643676972050462,0.118167420186076,0.731030632176506,0.793017474593314
PRPF4B,5.07205678046666,0.101212263920726,0.35105400794392,0.104854584702693,0.746079934111207,0.802242119009208
ECI2,2.61143560089108,-1.29793144989447,0.645746292435028,4.38874997963839,0.036176827776217,0.123861797399213
RPP40,0.33737703744676,-1.060644921246,1.36598518232543,0.841569720103713,0.358948215701611,NA
LYRM4,3.4472191774577,-0.516499170603452,0.465558418475919,1.27500218967538,0.258830365854407,0.470656522835552
FARS2,0.381592327692082,-0.245388627984257,1.1727676549976,0.187214643301136,0.66524502732088,NA
F13A1,0.15943214519629,0.223233357531169,1.76121524474562,-0.201926106692756,1,NA
LY86,3.55255114436673,0.180590047887432,0.421238015145493,0.31738431007971,0.573183835271187,0.706592344104171
SSR1,8.08278110220826,-0.0995663362246937,0.285534893873829,0.138554719451392,0.709722065022625,0.783668972242228
RIOK1,1.17702540931345,-0.00448831282503909,0.839786904120469,0.0170450494895675,0.896126005191566,0.906929836468029
SNRNP48,0.930547837379473,-1.60131146522203,0.850480459605845,3.93928409486856,0.0471708478361472,0.150867930866341
BLOC1S5,1.04073687602428,-0.803859605340535,0.80874746131013,1.07551109694187,0.299703929073972,0.509596469857187
EEF1E1,1.97727105360963,-0.952708566817908,0.645857158507013,2.22529372243915,0.135766835576398,0.310671832864887
SLC35B3,2.08420721300317,0.175586275499163,0.632489294669059,0.120233036579812,0.728781879921568,0.792120496658277
GCNT2,2.78258712508982,2.33174468878558,0.607714660174511,17.1567898083564,3.44176932224683e-05,0.000361150041211106
PAK1IP1,0.698562351716769,-1.2043534394332,1.01540404570817,1.80175616623399,0.179500327863431,NA
TMEM14C,5.83589281019278,-2.76080048399988,0.517273842257421,31.2870960090857,2.22553989431394e-08,3.90776747058907e-07
TMEM14B,8.51029457672839,-1.14827163440444,0.345598772772008,11.3364441037424,0.000760007101824777,0.00557096114830411
NEDD9,1.99612139539152,-1.98008131858379,0.734395484114904,7.47860374936526,0.00624364703583589,0.0322062870670053
ADTRP,0.694848107919694,-0.99547346524976,1.04393335136726,1.09473151829732,0.295425230071021,NA
HIVEP1,1.81751429415951,-0.397114844326092,0.618445744543456,1.06117524681559,0.302947291420029,0.512304154633932
EDN1,14.5852584480302,2.11320413910902,0.662134149149441,9.62720954895137,0.00191715665582244,0.0121997258430736
PHACTR1,7.59406181538514,-0.919988565558944,0.523066754514863,3.14041851677617,0.0763742078129351,0.211008876123737
TBC1D7,2.40327217678164,-2.01252786599147,0.662726877070861,10.0915512252853,0.00148950665327893,0.00986778029329006
GFOD1,0.274021489755458,0.00800648211248018,1.56160977985396,-0.0820102738049187,1,NA
SIRT5,1.17736130631091,-0.265452670265861,0.791349693947622,0.119008007658501,0.730112885385332,0.792442749139447
NOL7,13.7672652235172,0.0316416045169209,0.244214194113343,0.239730542749413,0.624400798735342,0.736420465149084
MCUR1,2.45181002339767,0.544874369246343,0.604204119318642,0.865415804508707,0.352227541870897,0.556263925854813
CD83,49.0401231211975,0.697932012688351,0.303539317060714,5.21155149612446,0.0224373036496362,0.0867543308281512
JARID2,2.19758010903464,-0.535896250374415,0.611019033332664,1.22251922027541,0.268866820059865,0.480915316207487
DTNBP1,8.6828476742747,-0.10119802319227,0.448471033011642,0.176778940581329,0.674156107285471,0.763346013570836
MYLIP,2.32061889886754,0.350888463116262,0.57000343956769,0.840943553944506,0.359127053313797,0.561153793782864
GMPR,20.6065253768869,5.37072883528689,0.488084453102038,264.171771210929,2.11444742720917e-59,8.09833364621112e-57
ATXN1,2.41879875942909,-1.46184705121423,0.634846563887279,5.53867283537176,0.0186006838485763,0.0750116249974205
FAM8A1,4.63717628006046,3.32240382978644,0.57769480441277,44.2616422595038,2.87290697788984e-11,7.07035098815619e-10
TPMT,14.2714508165176,1.48690497224451,0.246804096437366,38.8541870974638,4.56673323345668e-10,1.00304448941299e-08
DEK,39.0482585766324,1.52010354069414,0.170336400213681,82.0281841259395,1.3415986535792e-19,7.21168118345032e-18
RNF144B,3.01524652334619,-0.0805130048769971,0.552151575383949,0.0384023434619394,0.844637436475998,0.86771805712069
E2F3,0.987418228257003,-1.31178411009286,0.873970263500901,2.4523441695342,0.117349501455265,0.282559585620574
SOX4,0.638530894794152,-0.781948335597953,1.03950197758183,0.566725531266556,0.451563044826665,NA
MRS2,0.0981823262686452,0.659223933992571,2.64271746129229,-0.304860788120735,1,NA
TDP2,5.09660567508379,-0.153656520454798,0.416454779998955,0.527705635062915,0.467573058499453,0.643489008814914
ACOT13,2.73920652612832,-0.382300749617709,0.659165835536022,0.500088638742227,0.479461177684659,0.651905501853026
C6orf62,6.25884099298913,0.675445423735856,0.389308566779633,3.05913126659927,0.0802845824480228,0.218328804608721
GMNN,0.842971077983096,0.824028247620101,0.864244670658132,1.04045116971464,0.307716564990661,0.515996486748358
FAM65B,8.09902042135871,0.804000692336118,0.433683967695917,3.38202561099605,0.065911002798023,0.19061001658626
RP11-367G6.3,0.344986359133704,1.06737398935204,1.32845292367517,0.870018769417054,0.350950112524968,NA
TRIM38,17.8660403401687,1.296895459243,0.224389676165414,34.9367206367883,3.40596402263529e-09,6.75461085136216e-08
HIST1H1C,3.46571650403569,-0.0502336610636914,0.496999855102985,0.0146625847269206,0.903620414875155,0.913040632837811
HIST1H4C,3.28372708131633,0.0841080147597444,0.506541251204166,0.158650597767831,0.690401929092598,0.772103247687975
HIST1H2BC,3.40278759502809,1.32805596808176,0.593511743484358,5.21033076042983,0.0224530627763459,0.0867543308281512
HIST1H2AC,39.4721607555149,1.16586748573885,0.237178919628052,23.9825617304943,9.72121925169241e-07,1.32972391907078e-05
HIST1H1E,1.60055843198293,0.22015419321727,0.670021413592589,0.119848375050438,0.729198997212064,0.792319144231245
HIST1H2BD,4.23228550926401,1.09902047110563,0.45493696586338,6.21247332294578,0.0126853272676008,0.056005537100762
HIST1H3D,1.54144566619617,2.11407282395482,0.779321790486025,8.18014852158373,0.00423512924533357,0.0233809657796434
HIST1H1D,0.499709400897459,-0.168552801967951,1.156654619345,0.121774626916846,0.727117677204276,NA
HIST1H4H,2.68416217338671,1.39682033830522,0.552191103907983,6.6893781347985,0.00969890314586168,0.0457565806900541
BTN3A2,5.44167707509459,0.323129859272832,0.437728585621934,0.641461106816564,0.423182203988293,0.610818295635497
BTN2A2,1.03734236856648,1.11108388192076,1.07664003229267,1.26806828883739,0.260129380615746,0.47231787982616
BTN3A1,2.3421237436254,2.05340143688658,0.670237200366832,10.4425084300146,0.00123147912280997,0.00843469449254901
BTN3A3,2.49956218024662,1.52721021994892,0.623228630828826,6.7815009902892,0.00921074032670519,0.0439248379159918
BTN2A1,2.19618933259686,-0.0049125752300152,0.576534467776213,0.081550051725813,0.775207715769083,0.821312738975266
ABT1_ENSG00000146109,8.64766952262114,-0.652577795485684,0.316710633639169,4.26876826351617,0.038819059873694,0.131209707063429
HIST1H2BJ,0.487055336115869,1.92851057294904,1.16128461511361,3.69796052444577,0.0544790204707147,NA
HIST1H2BK,21.8756462553602,-0.738098914046423,0.207400229637205,13.069971856524,0.000300067642432203,0.00249499933897495
ZNF184,0.509855674939344,-0.611482741622731,1.14924364899713,0.454553560775668,0.500180435567557,NA
RP1-313I6.12,0.126723505204792,-0.936943044481454,2.46351754584234,-0.0647198009604786,1,NA
ZSCAN16,5.207580436219,1.91519138209232,0.483621856546266,16.7910401325198,4.1729871623874e-05,0.000427626510553679
TRIM27_ENSG00000204713,3.93043783195657,-0.573628518695868,0.479356975399473,1.49986637919781,0.220691922806056,0.425149356477684
HLA-F_ENSG00000204642,28.524594694076,0.721251742723007,0.19112966890136,14.4977133742394,0.000140329778697606,0.00127451312122158
HLA-A_ENSG00000206503,585.153903644605,0.733273300193565,0.128187619568539,32.3799289165558,1.26789300235501e-08,2.3332277232527e-07
ZNRD1_ENSG00000066379,10.124017826922,-0.646377347785562,0.30402652692579,4.55891039192835,0.0327479015776963,0.115665210874999
PPP1R11_ENSG00000204619,23.2176633397991,-0.152551531143493,0.189870094827542,0.659220662588879,0.416835213561581,0.606018075612187
TRIM26_ENSG00000234127,3.09481332874953,0.780586671146566,0.501480885162518,2.48819103385947,0.114703495481777,0.277997283030395
HCG18,0.787032564533056,-0.718343274244858,0.903970688782712,0.886819846537605,0.34634055674228,0.550516314166246
RPP21_ENSG00000241370,0.5429372682795,-0.911315279536032,1.04776747575073,0.87437076123917,0.349748132275076,NA
HLA-E_ENSG00000204592,366.24618211253,0.886587109128121,0.117091574669614,56.6779842915546,5.1335078776366e-14,1.79760778709469e-12
GNL1_ENSG00000204590,2.56932057442806,-0.572505357209487,0.572774582121274,1.08465784632439,0.297657895885556,0.507808347991839
ABCF1_ENSG00000204574,3.657241501104,-0.0874979321332999,0.480322459432791,0.476751400415736,0.489897495225906,0.65817166454107
PPP1R10_ENSG00000204569,5.72663090750776,0.205393638112046,0.358841406956479,0.42433130831553,0.514783679885594,0.673117070234721
MRPS18B_ENSG00000204568,3.47252487800878,-0.88836358476375,0.468756317389893,4.17288188699072,0.0410758755119113,0.13620831446807
C6orf136_ENSG00000204564,1.15677536075135,0.283185327513635,0.906849883115617,0.198751456527972,0.65573052731523,0.753958568826678
DHX16_ENSG00000204560,1.12617415579449,-0.374398817369479,0.790831834149948,0.297631493114153,0.585371085883148,0.713861495381479
PPP1R18_ENSG00000146112,13.7694156594815,-0.172330471251958,0.244082011730973,0.861613509368553,0.353287556083472,0.55711429327831
TUBB_ENSG00000196230,10.7988039172374,-0.499181539856839,0.28331990528368,3.15591728490553,0.0756521625287428,0.209298623916991
FLOT1_ENSG00000137312,31.9491815413945,0.5119388372453,0.215590278702169,5.66002245940531,0.017355900768346,0.0708275280824784
IER3_ENSG00000137331,19.1270184099108,-1.53453857350851,0.358756736619366,17.7502428738585,2.51885334704088e-05,0.000271274750626828
XXbac-BPG299F13.17,1.02595049404701,0.152169809931376,0.951740443480676,0.0679776740818454,0.7943043658987,0.834618853605493
HLA-C_ENSG00000204525,714.558051214519,0.781421750200329,0.138424390803744,31.5791846184225,1.91471004343844e-08,3.40096902788138e-07
HLA-B_ENSG00000234745,1397.92004142612,0.704819290513296,0.225142264489326,9.7127273476701,0.00182996236091008,0.0117424181650858
MICA_ENSG00000204520,2.44405828787189,0.319644257350688,0.723341752140329,0.195750865906149,0.658172709608008,0.755296322935931
MICB_ENSG00000204516,2.9025357084526,1.71405539225496,0.647564676339295,7.29651194220398,0.00690886054896128,0.0348413606805356
DDX39B_ENSG00000198563,1.07414679368221,-0.393794010651916,0.787928238593397,0.408233033476009,0.522867712891386,0.677598469688427
NFKBIL1_ENSG00000204498,2.04718759356502,-1.86945428789982,0.790672073138559,6.22457411598507,0.0125989208678792,0.055790344764064
LTA_ENSG00000226979,0.214682138494528,1.12178705630515,1.80183280444737,0.615209218519141,0.432833161888751,NA
TNF_ENSG00000232810,5.6657897465148,0.370785549560814,0.420755622270295,0.777476037016342,0.377914170575507,0.575531190656531
LTB_ENSG00000227507,9.80840297495832,-0.763038159639531,0.308270815763742,6.20450744877651,0.0127425402181356,0.0561117705411855
LST1_ENSG00000204482,155.90031792904,-0.329526784345718,0.134869209079058,6.08863875547652,0.0136053867904404,0.0588798094998718
AIF1_ENSG00000204472,153.709206663609,-0.358716791761137,0.124026610519482,8.35238640177508,0.00385181108412245,0.0216351038712212
BAG6_ENSG00000204463,8.35083627301304,-0.222645972282869,0.336040121785609,0.544485194350798,0.460579837515485,0.639063534430408
C6orf47_ENSG00000204439,4.67064290944261,-0.40399652959718,0.392897936551535,1.19655484147256,0.274011343326755,0.486566650798712
GPANK1_ENSG00000204438,3.01250837459358,-0.331302988314863,0.509964809890039,0.688566053579677,0.406652547676748,0.597910485083199
CSNK2B_ENSG00000204435,18.0293081363148,-0.555609608077717,0.230546475962488,5.79875110434892,0.0160375620171013,0.0664940325039219
DDAH2_ENSG00000213722,22.3029160902338,0.07415511173355,0.285965858220815,0.0811296590759127,0.775772329115538,0.821768856148663
CLIC1_ENSG00000213719,294.414433311428,0.810250063898628,0.100941150516272,64.0140072256693,1.23537746383448e-15,5.04692873225179e-14
LSM2_ENSG00000204392,3.89821262020089,-0.283394538696724,0.472748436222115,0.700349723804024,0.40266620693429,0.595161243630807
HSPA1A_ENSG00000204389,110.608522093245,2.71310469955811,0.187563504220755,200.085388893436,2.00077452652266e-45,2.99042592647094e-43
HSPA1B_ENSG00000204388,5.13952291069208,1.67787389588559,0.529063213692066,10.032386805266,0.00153811600527847,0.0101350267530607
C6orf48_ENSG00000204387,13.5184331393573,-0.52871449900128,0.285322077271265,3.47709515139394,0.0622238781414616,0.183352229170402
NEU1_ENSG00000204386,8.55984521754576,-0.653461669103454,0.324077384839758,4.5995878570214,0.0319796431660211,0.113602320101743
EHMT2_ENSG00000204371,0.599570747866668,0.563815594999731,1.09818299819117,0.500379029485011,0.479333627259167,NA
C2_ENSG00000166278,3.15886230652457,3.20415527597107,0.733906833940821,22.1817913656911,2.48014842192782e-06,3.18623679865276e-05
NELFE_ENSG00000204356,9.98943338420883,-0.324785942443362,0.266407850645386,1.54503469493524,0.21386995391717,0.417386967389941
DXO_ENSG00000204348,0.607309165903389,-0.680335893522817,1.09568184021149,0.484409285303485,0.486431850672466,NA
ATF6B_ENSG00000213676,6.96740503603869,-0.706146976950256,0.336010451551134,4.45239189047477,0.0348523986024496,0.121005948235587
AGPAT1_ENSG00000204310,1.87623072391069,-1.23487252055162,0.669938430708979,3.74719416800506,0.0528962351673508,0.162888507088204
RNF5_ENSG00000204308,9.72055715336511,-0.854013924448239,0.284613968433637,9.77847275298487,0.00176566913705361,0.0113655677225467
PBX2_ENSG00000204304,1.0655990269909,0.361842429885921,0.884132210753433,0.194762013286088,0.658982439090087,0.755800933322862
GPSM3_ENSG00000213654,55.0342509510108,0.00835174567614384,0.140891420268298,0.0733203516964664,0.786562312024298,0.828924776486393
HLA-DRA_ENSG00000204287,644.498364638441,0.0953261904721347,0.117008350692448,0.666299084894149,0.414344897825696,0.604399342006616
HLA-DRB5,14.0564213086241,-0.475198072006201,1.3684330096182,0.119299383498941,0.729795610249691,0.792379075054944
HLA-DRB1_ENSG00000196126,319.996142280962,0.428690931557887,0.143166476427529,8.97211021356605,0.00274131804518098,0.0163862175976032
HLA-DQA1_ENSG00000196735,27.6606786990428,0.0773717973482694,0.353229935549486,0.082080753703508,0.774497193244629,0.820843791110877
HLA-DQB1_ENSG00000179344,36.9218291775173,-0.259315762068675,0.237738613341999,1.23576344523497,0.266289106153641,0.478408010502435
HLA-DQA2_ENSG00000237541,0.727473322192584,-2.06693143980706,3.01496012983856,0.393164344959875,0.530640759941445,0.681998023683132
HLA-DOB_ENSG00000241106,0.153469440687974,1.27506384923006,1.99553184849608,0.533526130739318,0.465128161863262,NA
TAP2_ENSG00000204267,19.8946503826486,1.65269982579978,0.252460696164912,43.8229806625431,3.59459452999317e-11,8.63830403129339e-10
PSMB8_ENSG00000204264,102.308056068497,0.888464538701205,0.128096460945429,47.9508944192058,4.37028689123714e-12,1.19027191420005e-10
TAPSAR1,12.0615896672924,-0.0998227682227436,0.270742419024641,0.550410799116776,0.458149890418793,0.637263447801208
PSMB9_ENSG00000240065,251.632430452054,1.35320368696518,0.142568460332925,88.8191249257049,4.32613221701869e-21,2.59907237508731e-19
TAP1_ENSG00000168394,75.2777828108635,1.57061834248261,0.162968115142051,92.9727883373911,5.30183089493992e-22,3.38433538793665e-20
HLA-DMB_ENSG00000242574,5.32330973483396,-0.7865583736544,0.51074642539739,2.39223666182123,0.121939052429124,0.290642751180736
HLA-DMA_ENSG00000204257,23.6070513765867,-0.233624678982845,0.219433859157906,1.13978781129087,0.285697168519465,0.49703733414665
BRD2_ENSG00000204256,6.53101842945822,0.00554955437108511,0.335201828218128,0.00899209686693325,0.924452504719708,0.930369506791083
HLA-DPA1_ENSG00000231389,263.512263757685,0.707980160714678,0.16289347179032,18.8030722833452,1.44933471103157e-05,0.000162665258410283
HLA-DPB1_ENSG00000223865,188.193653632915,0.540297906619851,0.182256410348426,8.7712488226837,0.00306015854416909,0.0178937514872788
RXRB_ENSG00000204231,1.94488748530335,-0.484057095755185,0.645344326944018,0.592993612614904,0.441263836497021,0.624388284638989
SLC39A7_ENSG00000112473,2.86320033751253,0.497258838887848,0.555904605658096,0.84329703259408,0.358455517228813,0.560647213296726
RING1_ENSG00000204227,2.21135582681475,-0.588514574336528,0.575135371330791,1.06822503630042,0.301346712464142,0.511396470224388
RPS18_ENSG00000231500,471.841952023894,-0.0423759472066259,0.107515892503392,0.172766034706029,0.677665154433537,0.764606775683556
B3GALT4_ENSG00000235863,5.36942462774978,-0.667781870701761,0.446343202104934,2.56562336350945,0.109209501783095,0.269853156018872
WDR46_ENSG00000227057,2.44196307001059,-0.230249659823951,0.571579843449866,0.268118474701026,0.604596716882872,0.725139889733164
PFDN6_ENSG00000204220,3.58169519382983,-0.863482135589822,0.484211587581945,3.32083665500095,0.0684070081103032,0.195157423510213
TAPBP_ENSG00000231925,22.9521564692361,1.45342546192039,0.211203631394777,48.7268704766244,2.94207822855539e-12,8.19502517481247e-11
DAXX_ENSG00000204209,3.39728082275271,-0.601382316487452,0.444146102073852,2.16087842979924,0.141563741070321,0.319286936061437
PHF1_ENSG00000112511,3.2991637791843,-0.233073050055455,0.478934662629053,0.677708701219224,0.410376842903691,0.601126236297628
CUTA_ENSG00000112514,8.32370888301687,0.0239188126838112,0.311051461425159,0.0237328158128491,0.877566694961279,0.892569079953978
BAK1,2.82738499139627,1.29450189864498,0.527883173019907,6.25300976396811,0.01239824664039,0.0552154472473182
UQCC2,1.91831823264708,-0.546993287713187,0.679874761434453,0.725208100852022,0.394440853080176,0.587538538569596
LEMD2,1.57061285228439,-0.63561655493215,0.696227237207159,0.884912962412955,0.346859580125083,0.550662048447282
HMGA1,26.6797202894985,-0.0215519407957132,0.270119329836934,0.258066776956596,0.611451426416166,0.728453870422752
C6orf1,8.06488970023078,0.630859615362293,0.410655039253628,2.45881452564977,0.116866954675875,0.281620408279104
NUDT3,11.9871476465842,0.618200393922718,0.258117181673765,5.77630908036635,0.0162436167219704,0.0670760668950367
RPS10,67.0893572667212,-0.334113798835666,0.188584081955592,3.19227372658634,0.0739870373496035,0.205620210829193
C6orf106,2.35863045868686,-0.655556650257209,0.612543432007537,1.20609539083201,0.272106800736809,0.484166804563055
SNRPC,7.25935350146125,-0.761011262314478,0.356750590351068,4.60683309053195,0.0318447909905539,0.113390400459102
TAF11,3.76508036202092,-0.409309196745663,0.507681879936239,0.928225618181528,0.335324421919669,0.541895584790014
DEF6,0.56213851868385,-1.6734547723845,1.00787194841366,3.62963595542139,0.0567592306469122,NA
RPL10A,106.829311721031,-0.851734974111377,0.177658760445368,22.9679322590808,1.64726396308375e-06,2.17552447538302e-05
FKBP5,2.9877509706217,2.1519591159122,0.574214758385256,16.4126367134704,5.09444664389983e-05,0.000511783098915051
SRPK1,1.32746958499692,-0.279785684578916,0.805044430071583,0.575015326621433,0.448272813559622,0.630084932109335
MAPK14,1.33444596899259,0.261819089101655,0.731011648407611,0.167013573887957,0.682779692890335,0.767860884204804
MAPK13,0.0814777690911523,-0.552415847297284,3.05608535745399,-0.424037835744382,1,NA
ETV7,10.7108568039809,2.91331305685616,0.44371055895241,47.629093020292,5.14985275724607e-12,1.37809160246305e-10
KCTD20,1.25786706502329,-0.890260085785996,0.792033207545253,1.62991314110365,0.201715062777937,0.401240122149822
STK38,3.29916398275804,-0.667837098461485,0.460717111699405,2.10360655901733,0.146952157020438,0.325922120239322
SRSF3,23.3243071371488,-0.268634561052055,0.212056244323449,2.10092573923575,0.147209986533329,0.326276907633957
CDKN1A,19.8630784242548,0.0996632007107372,0.218839383118218,0.359818967853585,0.548606793302637,0.693596539995577
PPIL1,0.0850980542976311,0.531138672684578,2.75866444844978,-0.396785767301303,1,NA
C6orf89,3.60114773797836,0.0549714785564402,0.442344697836474,0.106258871797216,0.744444231911083,0.801608549139187
MTCH1,17.2632979251821,0.186234966548181,0.225107843556585,0.774004754130146,0.378980993770454,0.576043443146603
FGD2,5.91198383825635,2.29365258662541,0.412200682915295,36.1296074778901,1.84620383666332e-09,3.8350973257874e-08
COX6A1P2,5.28958115753693,0.129950576371658,0.35812224429,0.153520217210428,0.69519375784355,0.774637162446535
PIM1,12.0603460189594,-0.938256722941681,0.381455215779133,6.02635110548599,0.0140938388580795,0.0606084522963586
RNF8,1.05878593657828,0.702255701332006,0.866226395023416,0.688792438575469,0.406575421036743,0.597910485083199
CMTR1,1.23844134099934,2.59509152920335,0.84954373280448,10.5156599444539,0.00118367151719721,0.00817760885838162
CCDC167,3.05876449008859,-0.583759019063822,0.484747630204469,1.47639218447903,0.22433985275454,0.429074474931281
ZFAND3,5.35997119736835,-0.34055478979641,0.350539712900288,1.03124528936705,0.309866364394839,0.51782412899143
GLO1,3.23091355294336,-0.483486989424792,0.468573712042457,1.18751764316212,0.275830849513753,0.487396610674821
SAYSD1,3.36145568495844,0.437541085968428,0.505250840164982,1.08111561489122,0.298448119353962,0.508448728218259
OARD1,3.1858484203489,-0.0387888222214375,0.461484929387066,0.00718714016186794,0.93243867701067,0.936565188120208
TREML1,0.618353726878427,-0.661197300279179,1.12215856598288,0.432231611487843,0.510895957296439,NA
TREM1,7.19814739660927,0.673494123459574,0.542258124314572,1.54111962862687,0.214451227604855,0.417988906731091
BYSL,0.322456342127366,0.239846595891432,1.39661271875662,-0.0165402938288572,1,NA
CCND3,5.28761111097725,-0.0400319694778104,0.429972314440021,0.0601844802015705,0.806204599308859,0.842070204907918
TAF8,1.23987669523643,0.649084175573496,0.882619803678831,0.819371741208194,0.365363917971764,0.565963116615513
MRPS10,3.78094421544207,-0.487171533526842,0.470923436975296,1.10552127761257,0.293057599671102,0.504879665668966
UBR2,2.76252069793492,0.0516072308622269,0.526958144639228,0.553356403073479,0.456949503532091,0.636840245086343
TBCC,9.11176357945425,-0.0973268639244619,0.273582882920688,0.182920460056494,0.668875363828856,0.760740205928587
RPL7L1,4.01858262519546,-1.08730102304896,0.423358937449394,6.99492967023079,0.0081740920222754,0.0398812387838405
C6orf226,1.51818926337052,-0.224048429243099,0.63277646642617,0.490660975604975,0.483632606458604,0.654672103463292
PTCRA,0.230897003601322,0.916923301011327,1.66490098316107,0.412965053616535,0.520468384840646,NA
CNPY3,15.3023915167259,-1.58405749150528,0.264835664035708,36.8879021903127,1.25119911935415e-09,2.67154989665584e-08
MEA1,8.24827525768698,-0.411698672362408,0.292046965501648,2.27027098651284,0.131876841290911,0.305644403108111
KLHDC3,3.5238418328535,-1.49135284052313,0.498539153300267,9.40270756445564,0.00216665246878119,0.0135759164915042
MRPL2,2.2896679566957,-1.03642437139305,0.571059320757753,3.39810372973012,0.0652714148366536,0.189622367477009
DNPH1,3.34300022366404,-1.40072332680032,0.58209790523472,5.88701100010773,0.0152529682517301,0.0642053199260915
TJAP1,0.606942733672433,-0.500246105449379,1.01178560644107,0.274629398215112,0.600243103006905,NA
POLR1C,0.461542175737292,-0.325141105487737,1.16003896474132,0.0936595463441172,0.759575353747411,NA
YIPF3,10.7952713907208,0.0614651677020975,0.289807007629632,0.309839565885966,0.577778650801128,0.709686825437826
MAD2L1BP,5.68524706944894,0.679710277732496,0.397452734808005,3.34203621194598,0.0675309908599899,0.193468869560551
MRPS18A,5.35011137567363,0.379247425779059,0.395975332825095,1.06629832808139,0.301783065216853,0.511661089037905
VEGFA,0.903901499708506,-0.153685844239796,0.893191509841236,0.13043746782818,0.717978887871223,0.786657361858547
MRPL14,13.3922913321353,-0.244409100415476,0.278514230945655,0.771806656935894,0.379658728198522,0.576306337973877
HSP90AB1,90.3876113332726,1.10987884644763,0.142252289279658,60.7220756391578,6.57289045968932e-15,2.48633782327013e-13
SLC35B2,0.36509277699664,-1.44000209649344,1.35784516085629,1.57386979173864,0.209645914971806,NA
NFKBIE,11.7948533088564,-0.0300369916714529,0.304882340555388,0.00974642377696,0.921357430395833,0.927849051955947
CDC5L,2.88280815847069,-0.454426390959231,0.479046324967791,1.11331532937487,0.291362403336716,0.503232471152029
SUPT3H,1.00870011609258,0.696901828303483,0.887643476718883,1.03686767880955,0.308551087571741,0.51675350222455
RUNX2,0.659667733176903,1.46067475827979,1.01733857259942,2.49212625484218,0.114417054756969,NA
PLA2G7,30.4904491360925,0.0512696780886952,0.327625935793753,0.0399208097249186,0.841635494791034,0.866337205012956
CD2AP,2.92587150915691,1.65644822511348,0.562689816607139,10.3702573549437,0.00128061695057884,0.00871908903558695
MCM3,1.05806648546794,0.0901969107911891,0.877033614196883,0.0593369720833223,0.807546968464771,0.842365837171436
PAQR8,0.757312977735659,0.997919998295249,0.956611047913372,1.22947718416759,0.267508737393386,0.479746427493904
EFHC1,0.385820160613677,-0.238478847233803,1.49720751259739,0.387387973952229,0.533675598829367,NA
TMEM14A,0.0741052203849629,0.664557430394152,2.87693510358225,-0.44901801131744,1,NA
FBXO9,2.21851906092514,-0.0187038669894675,0.58696755799434,0.0486972248431314,0.8253459058783,0.854764024555324
ELOVL5,3.19699122298724,0.495821997520219,0.459675152020635,1.17104044934376,0.279187559300173,0.489962586381795
GCLC,1.50158267786668,1.4319334117441,0.75891218325645,3.7514074845408,0.0527630644251542,0.162805669082248
KIAA1586,0.640223118600016,-1.11601543885282,1.11867619593483,1.52730743749695,0.21651700058652,NA
ZNF451,0.779969809217657,1.32207404909932,0.9054670196314,2.51100757463249,0.113053628437529,0.276123011185803
BAG2,0.13608608591509,0.491982432827597,2.07385663643687,-0.244276237488229,1,NA
PTP4A1,5.83724364007847,1.68695579822032,0.392623226578188,19.8990294145865,8.16417629568044e-06,9.60270102493853e-05
PHF3,3.64717390126022,0.176249455073946,0.453336526834744,0.760405124301727,0.383201769774441,0.578389272211275
LMBRD1,4.62461213195381,-0.686840477156288,0.383620576135403,3.40955965484667,0.0648197413180762,0.188521772566289
SMAP1,9.4304449300244,0.326386784133949,0.276474981126742,1.41121168307392,0.234855351085864,0.442287998223605
OGFRL1,4.22450949169182,-0.275933592251877,0.550422079453555,0.338245724447873,0.560843577462112,0.700682862933297
MB21D1,15.9983712941181,1.71742347257535,0.23787875029227,56.7047997612854,5.06397968809615e-14,1.78345215681915e-12
MTO1,0.767384338455101,-0.513386124410666,0.921027857523546,0.327650575564398,0.56704580018485,0.703554700047128
EEF1A1,147.183608397366,-0.724920361165059,0.125446351205385,33.2238333507713,8.21376129227117e-09,1.53457101216578e-07
SLC17A5,1.69436436207189,0.991329889264878,0.676928182893265,2.65838874654148,0.103005029201802,0.258376921387082
COX7A2,54.2068843686991,-0.0229163649881143,0.157665932237441,0.215857303748422,0.642214738171493,0.744794079393434
TMEM30A,6.33968427462621,0.789896294694432,0.380546480883579,4.44691345549634,0.0349643872338795,0.121326027728886
SENP6,3.08710971967487,-0.834317624071617,0.616968744148304,1.85311132570449,0.173421961959382,0.364528110995501
PHIP,4.74089552482833,0.06001398908645,0.398391454092253,0.0733038390216905,0.786585766199148,0.828924776486393
HMGN3,5.07268160178523,0.0495119367978494,0.371152214146376,0.0184484241507477,0.891959645906079,0.90375805392071
FAM46A,15.3633183692654,2.42586004218455,0.292284106753637,76.6468178998292,2.04435210135726e-18,1.00222317416938e-16
IBTK,1.14053590159762,0.185889927134872,0.772389141439405,0.0637089072103976,0.800727081696311,0.838635371156212
CYB5R4,13.5297020880594,0.121419679510064,0.24684141372143,0.304645559355222,0.580984623267709,0.711220515373199
SNX14,3.48024225671804,-0.196694128994258,0.513840416270485,0.156089271151032,0.692782854017753,0.772447840142065
SYNCRIP,5.33102976794443,-0.330503735437488,0.369060011133219,0.830395398933675,0.362158220205397,0.563275526248394
ZNF292,2.7961571193311,-1.72773538418228,1.14741819441709,2.26778642813807,0.132088446337443,0.305794484002966
SLC35A1,2.69483662886644,-0.8234047113527,0.511980545058313,2.71613021524615,0.0993385883495381,0.250623338034963
RARS2,2.75301263813802,-0.694327701842183,0.523434877025789,2.09432407506005,0.147847085112907,0.327078316812959
AKIRIN2,25.1599824470615,0.676328105643787,0.216002416489739,9.90269903764286,0.00165036545660006,0.0107704361214539
RNGTT,0.639143421697427,-0.134764076372264,1.25483826257409,0.194301144107506,0.659360664555985,NA
PNRC1,45.3268387999852,-0.264431810632201,0.286668689714101,0.911410002212847,0.339740580255171,0.546121509315652
UBE2J1,8.35293265625186,-0.336733326201294,0.333703770407321,1.0241184410429,0.311544091355239,0.520166666587539
RRAGD,0.51750585078404,-0.0989584458669726,1.23530915814663,0.0980185804922158,0.754220497340561,NA
LYRM2,3.08934902914071,-0.171380313534557,0.485136885705879,0.32684902771679,0.567520411985953,0.703632304458735
BACH2,0.410699965316951,-0.967113550616581,1.24022332432328,0.762419409245567,0.382572433700766,NA
MAP3K7,2.41455325647339,0.155267757764358,0.666281311738077,0.0542757274013042,0.815783523948326,0.848293382361014
UFL1,2.52465996166968,0.475095711463858,0.52423490161712,0.891213804665348,0.345148590230579,0.550083370853833
NDUFAF4,1.36245215691207,-0.3234630845447,0.678312501074536,0.239705110968089,0.624419180305914,0.736420465149084
PNISR,14.4592790231903,-0.539256836421936,0.231090644984423,5.49503087853955,0.0190705909950064,0.076312758481864
CCNC,3.45020448247996,-0.126201443173781,0.437008627310017,0.0956154658005133,0.75715607842116,0.808900357141713
ASCC3,1.45579761523875,-0.552549262557387,0.791543502622075,0.543710456744606,0.460899047823056,0.639146722122582
PREP,0.924924744630592,-0.803104408133544,0.869487962015195,0.910021884268509,0.340108612244782,0.546121509315652
PRDM1,2.49015670302547,0.393428179356893,0.563161167656901,0.510925380065395,0.474738540310442,0.648585268316854
ATG5,7.78138027973678,-0.0874303072541265,0.312068060074836,0.489668287043159,0.484075311307946,0.654837418917239
AIM1,1.95930725209976,0.270562557061075,0.624324964133955,0.283658224508912,0.594313450215799,0.719486919112117
QRSL1,1.16686500600989,-0.305346809878806,0.805788614493983,0.160563829572737,0.688637942386743,0.770912186873577
C6orf203_ENSG00000130349,1.34471343954905,-0.724476516489683,0.716589733882783,1.43397122802326,0.231117423835256,0.438072246601439
SOBP,0,NA,NA,NA,NA,NA
SCML4,0.473354557519955,1.65389709524618,1.20705764066812,2.51990447617881,0.112417394307427,NA
SEC63,3.68157298578338,-1.75554575160476,0.513454722989772,12.6999155376074,0.000365672091991125,0.00297193445586421
OSTM1,4.93844359927607,-0.615148527022608,0.387115304236575,2.79485532221834,0.0945673017741375,0.242878635906083
SNX3,78.1880397350531,0.614011742630696,0.132255391918921,21.5529199081992,3.44198239650474e-06,4.29581835555622e-05
FOXO3,1.951070843879,-0.662501106661899,0.627100453211891,1.16020649513228,0.281422719280639,0.492491189132339
SESN1,0.321141108040517,-0.563499818104041,1.41184331258947,0.202796774379518,0.652472778223757,NA
CD164,47.7631612604934,1.47754601061429,0.200214535251707,54.1206682470034,1.88547536145592e-13,6.11332963756713e-12
MICAL1,3.07743675224256,0.834072186072343,0.46917410631078,3.66813877222162,0.0554620859933124,0.168587134408243
ZBTB24,1.16183949245325,0.163344524767032,0.808840678024745,0.20168530427339,0.65336394214372,0.752172503749149
FIG4,2.10863274772535,0.598663018196555,0.709291087722132,0.767401751491171,0.381022043381261,0.57723191145621
CDC40,4.65578178465963,-0.309886802456289,0.39494816232793,0.663209588049554,0.415429119608769,0.60497852779528
CDK19,1.98559996482262,-0.501482466686472,0.6180423306982,0.876815807295444,0.349075289756496,0.553319548791466
AMD1,6.61579004458765,0.552049757449594,0.367880320889477,2.26470121342643,0.132351735908006,0.30604812334337
GTF3C6,14.6244089573331,-0.672675590747475,0.239045944774361,8.00069634309686,0.00467593641923812,0.0254477250240597
RPF2,1.03657808048818,-1.41201814655134,0.913951701486139,2.53953058889115,0.111027790185631,0.272873717642739
REV3L,0.696330374724278,-0.691245096881018,1.07325951255312,0.350155636033023,0.554025041513037,NA
FYN,3.99061225828289,-0.486415441297615,0.494217696556024,0.990970657622668,0.319505252966247,0.527601236911118
TUBE1_ENSG00000074935,0.501838057227077,0.237873370822689,1.11882519997372,0.0659266138770533,0.797362672921769,NA
MARCKS,15.3389758832232,1.9263065461568,0.260221493296261,60.0717303988817,9.14626123226633e-15,3.4175785872761e-13
HDAC2,4.83658308823444,-0.599485172091136,0.372916124167863,2.64516939717663,0.103865085126295,0.259321785089382
NT5DC1,0.679476326658088,-0.385268176733841,1.05388768991251,0.32896890879082,0.566266863606345,NA
DSE,7.98868482147945,0.0496142145839052,0.330169132118901,0.263001732998859,0.608065383415633,0.726926388913577
TSPYL1,1.20335339325091,0.92442685108013,0.79267933207722,1.47044619182983,0.225275307881817,0.430326398597188
FAM26F,276.836747899074,2.31345227868461,0.30545339229133,52.6189493219337,4.04963031038079e-13,1.26612931336803e-11
RWDD1,10.5925300869273,-0.450085893094772,0.293490528170553,2.51999513628333,0.11241093136647,0.274991691582326
ZUFSP,1.47875430952923,0.744581871602509,0.82604296282292,0.84349877528846,0.358398032816276,0.560647213296726
GOPC,3.39075053556056,0.110348776326109,0.500375187082038,0.156112226186366,0.692761415799307,0.772447840142065
NUS1,1.46537171568429,-0.341562452817006,0.729393055498141,0.247438874767461,0.618884245817184,0.733108722104877
CEP85L,0.945216331087247,0.865570818566792,0.846658578239034,1.10937726502546,0.292217357350274,0.504140756149346
ASF1A,2.49604680765611,-0.131148928940755,0.559417419869602,0.0618571681628524,0.803584329065384,0.840568507107853
SERINC1,7.93648624608727,0.0784695661050094,0.308362710483233,0.0860523236499944,0.76925711287664,0.817127333629408
PKIB,2.09333117652985,0.695350069960669,0.765614793509507,0.886763012811464,0.346356010750549,0.550516314166246
SMPDL3A,15.5741145226636,-1.7940918674459,0.271616070302167,45.4031743514589,1.603742427332e-11,4.02775966995513e-10
HDDC2,3.4673452874051,-1.14925992412193,0.523998866522001,4.86252402234769,0.0274461552579591,0.10095440541463
NCOA7,9.3784738118761,4.23657504405601,0.552338975368843,87.2042810558853,9.78717217488881e-21,5.71198010359225e-19
HINT3,3.10193720429475,1.17327801747145,0.498376812193514,5.76681524052434,0.0163316054551132,0.0672581170893371
TRMT11,0.429197282432425,-0.192902579252252,1.24837794915252,-0.00529681628571055,1,NA
RNF146,7.42305468935793,0.349817793404388,0.336092918561221,1.10108367798604,0.294028405256949,0.505557257972667
ECHDC1,3.98122082626034,-1.41394366648448,0.457330038755654,9.98764144819738,0.00157594326554464,0.0103177140291213
THEMIS,0.147961644610764,1.00381490441123,2.35464910791923,0.0992455775262027,0.752736855588956,NA
ARHGAP18,4.04340481926768,-2.03618042412268,0.572710433372354,13.0102852334293,0.000309784751448477,0.00256882402824935
L3MBTL3,2.37349171510324,0.0698392525359795,0.619277540743851,0.0255673664471914,0.872961433765166,0.889657020807075
SAMD3,0.384504092759891,1.18639551802312,1.36263756787675,1.13848370718954,0.285972955929129,NA
AKAP7,1.40282498064199,1.6527097744242,0.804605948341889,4.63191306232717,0.0313825526670741,0.112266364707431
STX7,14.244973286232,0.548656130486256,0.241447071561237,5.54106021654924,0.0185753258199978,0.0749865590414668
VNN2,8.36264221713627,-1.69722535755521,0.508940292073899,11.360054943292,0.000750406045687583,0.00551377487766607
SLC18B1,0.686943136623075,2.01618945845332,1.0443716833357,4.5963336938159,0.0320404052057329,NA
RPS12,254.911237570359,0.179145496573997,0.110677480623106,2.62715593793729,0.105049731828136,0.26168486042391
TBPL1,7.15310127669801,0.0128502344748514,0.362326694058654,0.376381260479221,0.539546315849574,0.687674672114432
SGK1,11.4011398373177,0.493315056526148,0.3344269027815,2.2872838474004,0.130438011406748,0.304207461618798
HBS1L,1.53598555187895,-1.09438557601017,0.798913762036671,2.14845328329248,0.142713597641097,0.320700009660669
MYB,0,NA,NA,NA,NA,NA
AHI1,0.819427405447574,-0.528669743682041,0.973768019121117,0.288377570916495,0.591262101658396,0.716957995447652
BCLAF1,4.68775637942618,0.218897457443441,0.397742301651475,0.302590424397309,0.582262996352403,0.71228479827595
RP3-325F22.5,0.214556509953361,-0.193452926528254,1.50552071163827,-0.0804599084373478,1,NA
IFNGR1,28.5043098938041,-0.704807906729579,0.217055345379909,10.5847542509983,0.0011402405254759,0.00789536038431225
RP11-356I2.4,0.336640772106284,-0.863353327507405,1.30677655565271,0.552868101906604,0.457148151626998,NA
TNFAIP3,7.57077858840109,0.897530141717305,0.329375189655996,7.7199238882468,0.00546146987397496,0.0288765206106286
PERP,0.436441429944782,-0.0446787455156093,1.16160751309844,-0.0327467126280467,1,NA
HEBP2,4.61676391539582,0.352549522622767,0.474491297644205,0.565682718190061,0.451979607569885,0.632936708224007
CCDC28A,7.03091291025595,-0.206708200282135,0.337611012932765,0.404864488757624,0.524587665005734,0.679491272702418
ABRACL,21.9654436523514,0.141908450703685,0.210955119105279,0.454957612487149,0.49999001708991,0.663621144623558
HECA,1.81938207741834,-0.365351789697213,0.578146500650434,1.01309202325128,0.314163223815146,0.522156830902961
CITED2,13.1045458270142,1.04873060398361,0.263117967021497,16.7221920704685,4.32718557526945e-05,0.000440930628616763
VTA1,2.05777150408103,0.00457392199466717,0.553098940873901,0.532062865477734,0.46574087692415,0.641929919905566
PEX3,1.00986050999417,-0.0223920517831523,0.868714524460593,0.0589856736295857,0.808106366769395,0.842619672547703
FUCA2,2.51218316522222,-0.961619904389416,0.543692665071459,3.4400693495954,0.0636330216813587,0.186219272618608
PHACTR2,3.732401674378,2.29593378635698,0.537192059869814,21.1049657799515,4.34799928699435e-06,5.30767721727119e-05
LTV1,1.0014404165016,-0.647167956492168,0.881323464877314,0.667619263323765,0.413882873530475,0.604351095003497
SF3B5,18.1632955183655,-0.590092333577174,0.250397564279786,5.57961271779534,0.0181707404618976,0.073790786978468
STX11,59.3864484345998,1.05673124386262,0.173528797837532,37.2662134069994,1.03054632544732e-09,2.21585539731269e-08
UTRN,5.44336211623803,0.78532816200476,0.390008203153728,4.08740057765054,0.043204038490435,0.141353095498871
SHPRH,0.280616389514263,0.572108260080531,1.30598544088566,0.195894386975617,0.658055389634176,NA
RAB32,26.0537209499072,0.211328399858796,0.188071394050038,1.32805407310424,0.249151695411147,0.459741520469591
TAB2,1.18586689666142,2.20402576713382,0.891481674663824,6.86657478756347,0.00878228197169839,0.0423762393091085
ZC3H12D,0.800588094957137,1.58742531237017,0.962164865497316,2.85729635014933,0.0909602665808071,0.237699152924173
PPIL4,4.20097135548866,0.287723768673491,0.521062866060893,0.453185651815147,0.500826008549163,0.663984696172144
GINM1,5.22278609194524,-0.258730276030141,0.407032105214399,0.625909481406012,0.428859724961075,0.616142986910631
KATNA1,4.07988496298286,0.551750957222531,0.400724251085446,2.21930705087154,0.136294221005958,0.311645890419594
PCMT1,34.86374309206,0.908943552263939,0.200072035977491,21.620272763788,3.3232069385194e-06,4.15604328964222e-05
MTHFD1L,1.50803950077504,-0.545810903541078,0.798893390833363,0.548306206429743,0.459010604298632,0.637682381124919
ZBTB2,1.39244476494392,0.362609866695782,0.702589659553205,0.326769342643729,0.567567637229035,0.703632304458735
C6orf211,4.2274401704046,-0.22405484305776,0.425424340827168,0.435818035619548,0.509147848776984,0.669253113965113
SYNE1,0.793718013744045,-0.709061315788358,0.934748405491049,0.625726478767902,0.428927216410044,0.616142986910631
MTRF1L,1.41419546381736,0.380571981261751,0.698844217856555,0.311406931995457,0.576818116262779,0.709016756907543
IPCEF1,0.388468592789073,0.944914764319571,1.15931623475522,0.890751196421366,0.345273821984086,NA
TFB1M,1.5313168881492,-0.788591098273828,0.88143639672512,0.919684600793509,0.337557799424063,0.54407001443205
TMEM242_ENSG00000215712,1.75111679526083,-0.758763534909564,0.614851124160984,1.65567986570055,0.198187630640108,0.397542978907555
SNX9,8.9382238945658,-0.36684923645121,0.337714430255675,1.54410835607702,0.214007319048137,0.417522079314543
GTF2H5,2.16537755103837,-0.510430672694757,0.623454361312243,0.847536180608202,0.357250275969609,0.560048526769445
DYNLT1,190.343329651348,2.38127900132564,0.1387643861587,286.809233891961,2.46495177683148e-64,1.25876870736861e-61
SYTL3,2.04859761004142,1.59148064907507,0.667214925806492,5.98240455557741,0.0144492893666075,0.0618764816481977
EZR,12.5504564387676,0.765941132977061,0.285630467154366,7.29895740175057,0.00689946345431795,0.0348269456738554
TAGAP,10.1142755014804,1.99402835715958,0.347232583720134,35.595339297266,2.42867924743892e-09,4.96098214276856e-08
SOD2,970.758850144337,0.474415899144441,0.192020619119157,6.06717936016372,0.0137716714564754,0.0593897274351028
WTAP,31.6751538442833,0.264066338694598,0.268423385795818,1.01852879052032,0.312868238516504,0.521135244802702
ACAT2,2.49931138074903,-1.23159419619941,0.590907105191301,4.68024812256792,0.0305113411604558,0.109855169583592
TCP1,14.9264164139471,-0.732216382564247,0.325284948875087,5.05170621063577,0.0246017011812375,0.0928892328026021
MRPL18,22.0538356000355,0.585887497207094,0.228453095420342,6.82722440356741,0.00897786726881333,0.0431162779179374
IGF2R,2.43921984836899,0.716000940593133,0.619676051959874,1.45365112741396,0.227943000618033,0.433692549133829
MAP3K4,1.59090417669471,-1.95041204040292,0.779449579799047,6.83048018347872,0.00896151700079609,0.0430715107301008
AGPAT4,0.280006171540922,-0.333036353562777,1.30710053690335,0.322606250612669,0.570045577466249,NA
QKI,3.36318822135142,0.467145023589152,0.486498437819218,0.942619586979802,0.331605060254096,0.539023840872726
SFT2D1,43.6626251544647,0.468598014524951,0.153176079008397,9.48764374741224,0.00206860314659592,0.0130819402294529
MPC1,11.5195355116502,0.0254475199188198,0.314459470461982,0.227088005445324,0.633691485614909,0.740939023821439
RNASET2,37.2682895863979,0.66119686610234,0.201377253440901,10.9729882427735,0.000924495621816296,0.00660292444113084
CCR6,0.188946713023892,1.0319562519567,1.89572262768819,0.359398937526581,0.548840239819536,NA
C6orf120,1.4872372223557,-0.560552697771048,0.672628739661966,1.01019901451571,0.314855166018607,0.522621104966031
PHF10,0.470419999862699,-1.02371143487413,1.29650232627304,0.774991635120223,0.378677265976283,NA
PSMB1,53.5436638943642,-0.225812147230339,0.142978295982658,2.50810074277777,0.113262360428504,0.276143093779205
TBP,1.3298121277547,-0.725740571143586,0.807564588224234,0.958754216453485,0.327500951752376,0.534894944653135
PDCD2,6.87062511020311,-0.81324499786314,0.359162982180602,5.1721805320924,0.0229513893104963,0.0880689503410903
AC147651.3,0.192107175300719,-0.932334427324468,2.19792713918427,0.27791754106009,0.598069393750427,NA
PRKAR1B,0.505550786251844,1.68325533512855,1.26313697493711,2.74962201633763,0.097277422612252,NA
AC147651.4,1.70317516345098,0.97573645270982,0.827045362985049,1.48950590881094,0.222293136702053,0.427025812448332
SUN1,0.7769303584581,0.97083479829063,0.931331379974318,1.20733281787646,0.271860994516328,0.483869931570159
COX19,5.81136672772264,-0.632902077212924,0.339803917855662,3.55669973525751,0.0593055398250032,0.177366690115968
C7orf50,3.67516604486073,-0.0436121022181753,0.446971893704319,0.0661905307229489,0.79696633249175,0.836268781765316
GPR146,0.449858528805922,0.583342049393959,2.91475984278789,0.201580961561202,0.65344775432885,NA
ZFAND2A,5.15546529896923,-0.251112691641163,0.399649464466533,1.08623589745299,0.297306719651228,0.507350481209335
PSMG3,2.4165157920098,-1.80408938528488,0.585216567304209,10.4269240423065,0.00124191408757681,0.0084748881165598
MAD1L1,4.67824360215559,-0.104077697053752,0.41678081579794,0.0768206153495754,0.781653166429094,0.826178960416667
FTSJ2,1.919827155908,-1.24437094067846,0.643928342864418,3.851547152249,0.0497001254162439,0.156718214265919
NUDT1,2.78727891698767,-0.463784248077565,0.513970261127001,0.843366960581648,0.358435590565141,0.560647213296726
SNX8,5.1408359410276,0.215232011058106,0.432373702575559,0.30532070764437,0.580565882579661,0.711220515373199
EIF3B,0.626215693037477,-1.40259969728293,1.07325085517003,1.92778841552353,0.16500060656348,NA
CHST12,4.9687696744991,3.2348728962774,0.55722063905637,43.3760368135772,4.51685875610908e-11,1.07284149059831e-09
BRAT1,1.55001190422374,-0.693626703003976,0.731387485693682,1.10975092442391,0.292136098438804,0.504140756149346
GNA12,1.43500486893716,-1.56951624871992,0.833224930086415,3.66435672459303,0.0555880976398066,0.168802706807104
AP5Z1,2.62131523386206,0.0043170421234102,0.56640940297949,0.19157543490968,0.661608618695874,0.757397042756856
RBAK-RBAKDN,0.548138656641089,-0.0352485465338172,1.10396074508578,0.0901784385142719,0.763950430479382,NA
WIPI2,6.54866286691261,-0.675335131038792,0.326797199120163,4.59909428973397,0.0319888513587972,0.113602320101743
ACTB,1214.52219063159,-0.960428875804993,0.158544265208346,36.0296775634443,1.9433503959562e-09,4.02326054946609e-08
FSCN1,0.367848193927313,1.91463047683491,1.69071499626792,2.03533792808431,0.153680025616917,NA
RNF216,1.07827915490216,-0.689349220093168,0.815185959954236,0.74610981613921,0.387710687906796,0.582446466391243
CCZ1,5.12796889289595,-0.199415574017991,0.405512276933784,0.3925129778561,0.530981422962547,0.682154420002582
AIMP2,1.56259635622058,-1.76778170046721,0.762969329769393,5.94396058521941,0.0147677971844205,0.0628015691506792
EIF2AK1,3.12630103009485,-0.488473146010747,0.521503626457018,1.01052177730689,0.31477786977274,0.522621104966031
USP42,0.886789999818929,0.263372039556361,0.86574591170987,0.201883328729743,0.653204952696688,0.752130768531624
RAC1,140.676421819979,-0.372805920692266,0.13283867265488,7.88487591137144,0.00498498984884983,0.0268672100208899
KDELR2,21.6862329565318,-0.643298334027122,0.2226992832248,8.42638275265968,0.00369815302822546,0.0209254679196358
ZDHHC4,3.92924775306495,-0.396533207065499,0.480583940742079,0.987788548857083,0.320283473771122,0.527986623755249
C7orf26,0.992040371490494,-0.213247116075274,0.918054177804342,0.181237166794936,0.670312187734328,0.761157005211358
CCZ1B,1.70495988039172,-0.173267995991612,0.64899583511618,0.135127401813179,0.713173906882869,0.785126213704669
C1GALT1,8.42399085588049,1.09435069616634,0.330179202586897,11.1979943962317,0.000818857894286716,0.00595250436084104
MIOS,1.08458371065608,-0.101609232998217,0.764207909528964,0.181415102743102,0.670159933596053,0.761157005211358
RPA3,7.78994008848616,0.340255857901503,0.308800086409469,1.28391967555638,0.257171508084243,0.468334918734098
RPA3-AS1,0.722625328495809,-0.0837568273179101,0.97261730107354,0.464183071886417,0.495675470444492,NA
NDUFA4,39.7214866756334,-0.881465652389886,0.174320397013934,26.1390737880311,3.17689677753644e-07,4.66355933345482e-06
PHF14,3.79218446936632,-1.39016882583371,0.504308536733971,7.74971468694798,0.00537210276395177,0.0285023772619017
TMEM106B,1.77822064573373,0.0281154250718683,0.63807245271922,0.0387242496426055,0.843995962027432,0.867495346411288
SCIN,1.5250562055432,4.10688340966364,0.907957978406154,23.1724210865147,1.48106221239677e-06,1.96449117696264e-05
ARL4A,6.93897987828269,0.0292789790313646,0.32821238247078,0.16852164526918,0.681429024108847,0.766904877821674
BZW2,1.34308760321398,-1.80518575243199,0.983409001323744,3.32181132255153,0.0683664670951123,0.195132608457778
TSPAN13,0.941960218978348,2.79212502278285,1.29448306221161,4.87085913309978,0.0273138989596314,0.100588685591719
AHR,1.61134635235245,-0.563883881997478,0.684006354199369,0.815254373355913,0.366571339319014,0.567267843778576
SNX13,2.20719163596519,-0.818798440993592,0.594806263029723,1.9376748745251,0.163921215128933,0.351718909772443
TWISTNB,1.02629875361733,-1.52493344128396,0.981923147337434,2.17295105482951,0.140456472437851,0.317490690925543
CDCA7L,0.199591225096486,-0.858482012855977,1.90139182827875,0.119134097306283,0.729975534814987,NA
IL6,2.33320436965372,3.08123265120641,0.765400619349265,17.8940232096045,2.33553429797334e-05,0.00025241894493793
TOMM7,36.4459273848679,-0.00581737030277939,0.181884555861701,0.084568010741279,0.771199852591906,0.818339860897524
KLHL7,1.70015886630617,-0.571172599313385,0.636131691847662,0.819483963158625,0.365331086071424,0.565963116615513
NUPL2,2.04753713909542,-0.0881120945016907,0.574655991493807,0.365642741321167,0.545388980439256,0.690811011188872
GPNMB,1.04953195356065,1.04312283105304,0.821496092115065,1.67902678021574,0.195053820725304,0.393316819152571
MALSU1,1.51762085320476,-0.655975622277935,0.700534223388365,0.898442856987486,0.343199581796453,0.548168412063364
TRA2A,5.00663035319657,-0.107845345993781,0.421970923864759,0.13298731051205,0.715354580383642,0.785467276221279
CCDC126,1.76099927687167,0.795482167913418,0.630265438551571,1.75547190441799,0.185190313886108,0.381076643214933
CYCS,15.8809541585479,-0.020520090237158,0.217397583517541,0.00895685656723799,0.924600244183697,0.930369506791083
NFE2L3,2.54162495263241,0.484497171985274,0.512993926966743,1.20888804375458,0.271552453839694,0.483601696346889
HNRNPA2B1,116.286563211109,0.102183818260262,0.116980589294088,0.775472231398794,0.378529479336047,0.57573309738677
CBX3,22.2659101675373,0.288266584937487,0.194800343944363,2.28944588655806,0.130256418483423,0.304196391946042
SNX10,63.7001636387768,1.20707001139769,0.202557105190366,34.7369211810343,3.77405651180649e-09,7.43646890815119e-08
SKAP2,9.08870486505692,-0.806176055519001,0.334562446148468,5.92431066270294,0.0149333793202521,0.0632861331082329
HOTAIRM1,5.20991343429507,-0.890381147098712,0.385667664910078,5.5240453031959,0.0187568357418784,0.0754211872875532
TAX1BP1,37.1888584614032,0.26504347532147,0.154218448806271,2.96952522296061,0.084846752330656,0.226494762616136
JAZF1,2.95554939719914,0.131962121681937,0.463730962809718,0.426995476881473,0.513466916633191,0.672559179142047
CPVL,11.248460050608,1.22005098748063,0.34255241355372,12.7602180650274,0.000354069615532725,0.00289298480531272
AC007036.6,0.721326192379027,2.34816547602724,1.15341431949785,5.13278542550363,0.0234780211828105,NA
GGCT,1.05036388321596,-1.80222799158505,0.92071301903105,4.24073685569272,0.0394650350915587,0.132880074198391
GARS,2.66718419261031,-0.281421137177421,0.547448312538816,0.269644476041776,0.603570360481629,0.724568259902289
PPP1R17,3.74138407609362,-1.41153352143987,0.580212621303409,6.20402472659561,0.0127460157626192,0.0561117705411855
LSM5,5.96953682479467,-0.568104837894971,0.389083320221117,2.16632591489132,0.141062902791999,0.318509015589305
AVL9,0.771322994337707,0.86280503511842,1.01176445159294,1.02384932604392,0.311607675104904,0.520166666587539
KBTBD2,2.37734788640097,-0.397147826353051,0.569267028760007,0.490671630632768,0.483627858305634,0.654672103463292
NT5C3A,56.7436192528194,4.42518615991402,0.241261654280276,491.255337766934,7.59741107462446e-109,2.32784675326494e-105
RP9,0.465706686279277,-0.221895809334535,1.41123663386364,0.183552427028623,0.668337949284966,NA
HERPUD2,6.88796702607863,0.989448258143566,0.338856017701378,8.80120384517002,0.00301031844970708,0.0176697619346791
SEPT7,27.0556082530755,0.0089828536361543,0.175963900242691,0.207074673839074,0.649069970721673,0.749481963554251
EEPD1,1.78302109874047,-2.66304997249167,0.788265616284127,12.5050276897864,0.000405858329020369,0.00323420005232356
AOAH,6.3311930112953,0.107823980078067,0.394039789793735,0.307742443193888,0.579068827652177,0.710132834871432
ELMO1,2.13630775856616,0.839079624326803,0.58357194184373,2.11885781258692,0.145495014196947,0.324566976300712
GPR141,1.98883468968684,3.65633996764065,0.837391556456788,22.6494133417087,1.94419573423139e-06,2.54030521521748e-05
STARD3NL,9.63097506739069,0.186353163855943,0.294999573132516,0.733902334274077,0.391621207112345,0.585616094969363
VPS41,2.0569783744112,-0.415524051302789,0.570776539964435,0.53328455745914,0.465229227330049,0.64156345780012
RALA,34.318463339808,0.196799496405271,0.19061893857938,1.08150715190131,0.298360640372332,0.508441046774652
CDK13,0.331124210746875,0.651086359989867,1.38385127944329,0.234419003560905,0.628266387659975,NA
MPLKIP,10.6640873000455,-0.322279991184579,0.261992826293896,1.73503455235954,0.18776921363464,0.38431855081933
AC004988.1,0.537968351322022,1.81065984078445,1.22751782142345,3.19792174670336,0.073731909513281,NA
INHBA,1.13647972486778,0.155717637603805,1.05052317237305,0.0514944510789306,0.820482926382367,0.851900944234352
PSMA2_ENSG00000106588,74.0018602079569,1.47481556431352,0.132787519842674,124.985666030851,5.12636555205556e-29,4.75975274287825e-27
MRPL32,9.91276279138196,0.597201499088932,0.340655913655633,3.06858980924075,0.0798186834985321,0.217680860026259
STK17A,10.2882435365698,0.698715786392387,0.266973831582751,6.98967792472237,0.00819811043396405,0.0399666036112424
COA1,1.35227041886157,0.337760890526035,0.722860989615902,0.217804256110114,0.640718082178482,0.743949626065471
BLVRA,34.5040619483298,2.10027757474384,0.248823282889697,71.9631682151493,2.19251762088325e-17,9.87922645645041e-16
UBE2D4,0.344826865448582,0.0657993167543609,1.29323918671377,0.379426919231822,0.537910099128353,NA
DBNL,31.9207935643743,-0.122772066882438,0.169639516915301,0.542199142028267,0.461522757031205,0.639288303591144
POLD2,1.58946549262414,-1.33783142738225,0.692265958539468,3.81215547211639,0.0508819320512103,0.15924641450961
YKT6,5.16157311820979,0.0760692367412133,0.361478038752761,0.577956317853122,0.44711449583393,0.629287466805311
NUDCD3,0.532856355041989,-0.178107824450683,1.05281101854258,0.541548844531626,0.461791542991381,NA
DDX56,1.07900722543931,-0.49530521225804,0.831925201730437,0.356083221540814,0.550689602066308,0.694939431932112
TMED4,5.4252992694139,-0.723244354238165,0.436645186900915,3.27930021869545,0.0701588372842629,0.198466475747747
OGDH,2.31232786728953,0.499208420836681,0.563808415385334,1.07049830709007,0.300832917170047,0.510748986898433
PPIA,28.4012668666945,-0.141435902259168,0.177738772667877,0.665334480505607,0.414682963983925,0.604399342006616
H2AFV,33.0222506663633,-1.08490993986873,0.180442979827897,36.5452345274882,1.49164193508707e-09,3.15199371662537e-08
MYO1G,20.9994735616934,0.256933352229562,0.203623094055035,1.59646445872411,0.206404968968507,0.406965781801485
SNHG15,3.37075208652338,0.101424120326993,0.505675326440069,0.131864688485166,0.716506446815359,0.785643029150584
CCM2,7.90159885580739,-0.0670878321996707,0.324056478515214,0.131005128420867,0.717392155369186,0.786155065826605
TBRG4,1.96859500992581,-1.08597904580745,0.607207499258644,3.30504810007442,0.0690673233597363,0.196401186797431
IGFBP3,0.0628635903131331,0.255249397474148,3.0559717001647,-0.626907398203485,1,NA
TNS3,0.781419907240796,0.501523941585515,1.07083392393847,0.237502393012626,0.626015866387949,0.73671326465655
HUS1,4.35770671893213,0.113569356729412,0.40830520687807,0.172362020511599,0.678021080533945,0.764606775683556
UPP1,39.7313995054741,-0.0363466124855147,0.172719565682845,0.0459946610018847,0.830185503610027,0.858194461221701
IKZF1,4.79418723003181,0.843006487047302,0.423601711010076,4.01205873970473,0.0451759557884208,0.146552809460795
SEC61G,13.4642737964892,-0.123100729076945,0.244628010808262,0.272830761312946,0.601439163868408,0.723237675860597
VOPP1,6.04141617730021,0.502430961141612,0.385913074381124,1.70154555192828,0.192085976614378,0.390395808400566
GBAS,3.96882757545902,-0.246742936096669,0.406879388346033,0.430836161705784,0.511578941445166,0.671009364977735
MRPS17_ENSG00000239789,1.27451765484104,-1.38618009153505,0.80721308398302,3.08396284221169,0.0790676589387301,0.216306524096669
CCT6A,11.5345322020361,-0.17328156603774,0.272072684212433,0.471824413283798,0.492149048333979,0.658951534473563
SUMF2,2.09801940074142,-0.172827214087894,0.595483099773349,0.0881308013494362,0.766567040901625,0.815371866627106
CHCHD2,79.7597156458878,-0.285580996725623,0.123436870516931,5.39142209547555,0.0202359725630452,0.0799007988829515
ZNF138,0.12491670084562,-0.149585641600992,2.4601518927985,-0.378320627305955,1,NA
ERV3-1,5.99968070192431,-0.372598469747185,0.335204509507814,1.26280988584107,0.261119886958262,0.473600182096933
ZNF92,0.747955192878493,1.07798338385013,1.0682233872034,1.10282491062441,0.293646989340667,0.505242590937011
GUSB,6.85158956659439,0.655470239587869,0.342847747985841,3.78778548321414,0.051627911460329,0.16043557969362
ASL,2.07004149692467,-1.24476947480551,0.668958557899556,4.09458385312058,0.0430208192924419,0.140906594381275
CRCP,0.900340931413985,-1.09896824688033,0.887411784244047,1.74365046819224,0.186676952235814,0.383234962579922
TPST1,1.78856577606569,-2.81086331461463,0.848825732379986,12.1462430074891,0.000491868484475904,0.00382024090350867
RP11-792A8.4,2.07323572846548,-0.735108890929352,0.584655237208648,1.63248442905635,0.201359761212583,0.401148444964469
TMEM248,9.41496341347196,0.420952664290065,0.320248153580222,1.88377422278224,0.16990580204185,0.360021432961931
SBDS,3.87935783225181,-0.496989212548015,0.427390834353957,1.45894313279088,0.22709835424431,0.432460756621856
AUTS2,0.0714843591540184,0.649683131412071,3.05283293692611,-0.438739589462383,1,NA
NSUN5_ENSG00000130305,1.82433513582486,-0.211387829046826,0.635035619021237,0.110607432540917,0.739453639524443,0.798479630485601
BAZ1B_ENSG00000009954,2.97723190025704,-0.20554364768066,0.456523229622979,0.20234111817814,0.652837762123956,0.751990565093158
BCL7B_ENSG00000106635,8.36831344484619,-0.317844455212776,0.293296055449248,1.50458191634596,0.219967702986022,0.424058216292177
TBL2_ENSG00000106638,0.619785354867189,-0.14872498471185,1.01051185682059,0.0291190150933289,0.864504526961896,NA
DNAJC30_ENSG00000176410,0.857933638730868,-0.994221031477506,1.08676197166787,0.930874777885805,0.33463571771904,0.541740079275151
WBSCR22_ENSG00000071462,5.22833189752328,-0.615340336129541,0.359181977854307,3.20850171491892,0.0732565370873795,0.203867420195941
ABHD11_ENSG00000106077,2.04875524137448,-0.737042078721124,0.589371609412622,1.62323453144445,0.202641367533864,0.40265444236301
EIF4H_ENSG00000106682,9.37916504804626,-0.427089412125583,0.289450665323054,2.31472673143445,0.128153820719671,0.300892294709147
LAT2_ENSG00000086730,17.7814204263825,0.135650438281435,0.263180197176545,0.322587441394731,0.57005682091982,0.704992901222589
RFC2_ENSG00000049541,2.83755265922185,-0.165563875362891,0.473604881485519,0.143111727278459,0.705206923431882,0.780581851616584
GTF2I_ENSG00000077809,1.67651379053938,-0.175200258411382,0.616880789093341,0.483578029875275,0.486806070585548,0.656652657868161
NCF1_ENSG00000158517,48.2708962360248,1.51875626247935,0.217788390927073,49.1685174214667,2.34890484578514e-12,6.60279307108776e-11
HIP1_ENSG00000127946,1.04012199538297,-1.39805938494535,0.892678953619806,2.54739082850036,0.110476565716375,0.272215679416946
RHBDD2_ENSG00000005486,6.19257547800745,-0.866320153935174,0.361100135226114,5.90865636519113,0.0150666594255069,0.0636748199720733
POR_ENSG00000127948,8.30918555599525,-0.486714204250289,0.400116158914672,1.88923924442426,0.16928775229607,0.359707124157531
STYXL1_ENSG00000127952,4.06028751087038,-0.220174039494969,0.464903790048372,0.238909643290285,0.6249947392407,0.736552080347643
MDH2_ENSG00000146701,8.39588497416384,-0.776106474823296,0.290702207813423,7.41325364044847,0.00647451284914535,0.0330221605014861
HSPB1,119.47390738995,1.29165146527037,0.252015152106597,25.7929770346175,3.80068900078834e-07,5.50605725693402e-06
YWHAG,2.25024940268455,-1.46566806256804,0.588514996767707,6.63499894645502,0.00999942548790025,0.0468474613072269
DTX2,2.34875168791296,-0.163094013137423,0.548895379924118,0.173711600974038,0.676834038602743,0.764400845661188
FGL2,112.439066874908,0.966079423809359,0.178521321430543,29.4062538804772,5.86879480515688e-08,9.74633457073207e-07
GSAP,3.68349890393104,-0.200442654486204,0.449755641978009,0.213511026322934,0.64402930607875,0.746333507498219
RP5-899E9.1,2.33010378082694,-0.640748330949051,0.585463503284559,1.28033399338152,0.257836944116508,0.46940724704277
PTPN12,3.04839901660386,-0.440070026765779,0.475345501653187,0.866886527291321,0.35181869396818,0.555799163866204
RSBN1L,6.81747676448059,0.895103592703574,0.368192059179973,6.22372629337258,0.0126049550441038,0.055790344764064
TMEM60,15.2438752480548,1.57669338806657,0.253874067589172,41.3987619145317,1.24135983429762e-10,2.82790076750031e-09
CD36,4.04305290814222,-1.07204512510509,0.463836206500399,5.55473706189947,0.0184307412012093,0.0745502191953865
DMTF1,1.34291125425499,1.30680084973737,0.817763842984119,2.73169494388635,0.0983748319404645,0.248873511309853
TMEM243,5.74327791089476,-0.457122535188002,0.40795476394911,1.27515109929372,0.258802556859279,0.470656522835552
TP53TG1,1.02482345225133,-0.494874647138445,0.874104157257594,0.37958509554619,0.537825369849335,0.686232604317671
ABCB1,0.120532337156405,0.2568298038451,2.1151591054207,-0.425011953720237,1,NA
DBF4,1.41643871288288,-0.744410664895195,0.733151009550734,1.0527839938706,0.304866778264371,0.513248246484634
SRI,29.8508969725793,0.139666319321755,0.247538290660896,0.489037572529554,0.484356935648229,0.654961152113758
GTPBP10,0.427249821259549,0.542564316151458,1.14241591589225,0.50332976721252,0.478040693796838,NA
MTERF,1.00487536197506,-0.0868015923384931,0.947609231232514,0.270783269040251,0.602806832202486,0.724055366191592
AKAP9,4.50571332369123,-0.133123287240954,0.425349934611163,0.0995820252688304,0.752331797715994,0.806135558035253
KRIT1,1.08184789214489,-0.151114351944402,0.752567871731735,0.260161384820869,0.610009302960263,0.72764059899964
ANKIB1,1.52121776262063,0.259316352858621,0.707121847556972,0.150923590044506,0.697654300519654,0.775621471985566
PEX1,0.374715530530763,-2.27553422855169,1.18368062436462,4.8217437324123,0.0281029014453253,NA
RBM48,1.29732043188803,-1.75942501115664,0.756383495838785,5.97358713473366,0.0145217111184071,0.0620565172479769
FAM133B,4.85507899812517,-0.836204836074092,0.402046817428908,4.38193618472805,0.0363217158114691,0.124207296033863
SAMD9,51.2978321929446,2.96308742010736,0.18863615600078,281.628532920086,3.31676124810549e-63,1.45179378059932e-60
SAMD9L,73.7187537991493,2.98524187631371,0.191914003106825,252.109398101843,9.00698505492944e-57,2.75974022083038e-54
GNG11,3.61350985396391,0.114509433188755,0.526717337235928,0.17504030009006,0.675670638630969,0.764175663965063
BET1,4.15681347770772,1.42209471597672,0.490415555511923,8.70983496514351,0.00316497858962879,0.0183084040160134
SHFM1,28.1918961166468,0.114639424106221,0.161875831981265,0.561291041056236,0.453740529759329,0.633772546843722
ACN9,0.801102816144764,0.282421629202953,1.03229099718344,0.660495633430799,0.416385020569047,0.605650939009523
ASNS,0.206394469936772,-0.560696795809947,1.87109645959575,0.0292012015051206,0.864315299749227,NA
BRI3,28.6891368608626,0.610652797616295,0.206936409073584,9.09622649996435,0.00256137391156696,0.015494668637791
ARPC1A,12.0856128106697,0.201028569220612,0.278916666127507,0.74396598840201,0.388393384965774,0.582780279889878
ARPC1B,217.505447687307,-0.523508743945026,0.101703126952689,26.4424479216128,2.71507904385572e-07,4.04817624835715e-06
PDAP1,6.18515795880035,-0.281047854843865,0.352701356008936,0.640235276471429,0.423625612997856,0.610818295635497
BUD31,28.7010284144817,0.151477963733658,0.189117810080505,0.66210519473627,0.415817712764084,0.605221768602807
CPSF4,0.815699658414072,-0.98548862974862,0.920926661090044,1.24116707838665,0.265246247863871,0.477787510094945
ATP5J2,21.1021795411969,-0.724125041710445,0.240599163387803,9.169266382911,0.00246113207167976,0.0150667505846689
ZNF394,4.34334264716079,-0.124208746963591,0.425935959135312,0.326008668047294,0.568018834888951,0.703814159169759
FAM200A,0.470816781732499,-0.286359938510634,1.08387893923365,0.179931623910193,0.671432008450722,NA
ZNF655,8.04274337519626,-0.392696457905395,0.347197314152678,1.87745727935923,0.170623426153741,0.360534034656666
TRIM4,1.79852540669833,-1.20439265754093,0.70263083867647,2.94613372028967,0.0860832750791176,0.228759024147803
ZKSCAN1,1.82340132831153,-0.72212551081527,0.652023805842016,1.23214435046127,0.266990417947727,0.479237633621462
ZNF3,0.689916580821464,0.547581896223581,1.18346611192833,0.313203731967555,0.575720869230965,NA
COPS6,11.2287994604387,-0.630897177896704,0.282474692877572,5.28408937276308,0.0215211439983466,0.0843232547454397
MCM7,1.17338455388538,-2.00009511652913,0.999030948415683,4.39050195091544,0.0361396718454694,0.123861797399213
AP4M1,2.35279306459439,-0.760679728041291,0.588901770061136,2.21508419245529,0.136667606009455,0.312266625513029
TAF6,1.5729311792091,0.31624999152911,0.666979903434553,0.236569970804354,0.626694513253277,0.73671326465655
CNPY4,0.450363193285943,-2.2369637650557,1.28010851535321,4.20870826384144,0.0402169515380895,NA
LAMTOR4,34.5101382937454,-0.65325961526297,0.204059364419048,10.2592211201901,0.00136003087531778,0.00913845307450368
STAG3,0.283799233026443,1.12012629514073,1.78041369748256,0.984351538578096,0.321126837562861,NA
PILRB,1.64329447643156,-0.674609120439965,0.817103898531494,1.20139373127226,0.273043294175975,0.485269520507649
PILRA,111.55914288117,0.48198086136441,0.141014090566181,11.6075922928683,0.000656831297011127,0.00491460584625664
MEPCE,0.557126070509143,-0.593432169264427,1.22465139452064,0.278623693817522,0.597604718589131,NA
PPP1R35,1.16649352219106,-0.162877601093118,0.765187087123192,0.131873729874926,0.716497147766674,0.785643029150584
TSC22D4,15.8382946969382,0.531645356505349,0.226415688898537,5.54765295074614,0.0185054851162368,0.0748031746651049
LRCH4,4.83816795899597,-0.304868620621421,0.435884681187993,0.62398771210178,0.429569275778088,0.616431585294152
GNB2,32.6378384303274,0.205871858716299,0.161117337510343,1.6500207777087,0.198956103159008,0.398195440666815
POP7,4.25285797565834,-1.32855130221147,0.52405244753933,6.59140120816653,0.0102472486153398,0.0478173513082165
SLC12A9,0.979668228278324,-0.352551070715424,0.883185297914614,0.666428460272606,0.414299586480458,0.604399342006616
TRIP6,2.6436555112848,0.873574461701703,0.5667328940134,2.46398967348595,0.116482579662811,0.280939308301495
SRRT,2.78751537927006,-1.17160181148408,0.533602824277386,4.99158325093649,0.0254708936170496,0.0954883762384296
TRIM56,3.24519842909313,1.35809880288072,0.497535968006818,8.19310619497042,0.00420498655450692,0.0232774684787881
AP1S1,2.56896833588658,-0.558617751611312,0.616358459349791,0.907978325118521,0.340651398168247,0.54612495750626
ZNHIT1,13.7067476228326,-0.68411577800327,0.26668077006039,6.92200395760399,0.0085141512479269,0.041277467442481
FIS1,7.14214833651222,-1.47432489828643,0.38587058455597,15.3477551724314,8.94271190543322e-05,0.000858948880195843
RABL5,0.561402102914619,-1.02093128694579,1.17859094960766,1.19156542980846,0.275014017845723,NA
CUX1_ENSG00000257923,7.88703851585866,0.368532626873837,0.345826759239999,1.24510832303979,0.264488821810564,0.476842453679063
SH2B2_ENSG00000160999,5.81947477598074,1.20429029381096,0.395621353294677,9.9298327050443,0.00162621313897905,0.0106241301872747
PRKRIP1_ENSG00000128563,3.50758675513678,0.395144356631156,0.477396904887462,0.689389613479349,0.406372073405161,0.597910485083199
ORAI2,15.7510041987101,-0.381495669269225,0.274388775132671,1.95372941281934,0.162185537188182,0.34909482679634
ALKBH4,0.349392151611852,-0.976604787185019,1.39658383565487,0.516521407761367,0.472329334313327,NA
LRWD1,0.950176844473885,-1.26509756808043,0.883364949793138,2.03824424516231,0.153386601128986,0.336057594464937
POLR2J,20.4343199757899,-0.301814054510738,0.203263771631826,2.21391757549698,0.136770960102538,0.312276665769129
POLR2J3,1.39730386601053,-0.0410451966576358,0.752357644223362,0.161625178828167,0.687664640750536,0.770385542690911
ARMC10,2.83504905982959,-0.94569824343835,0.546311175533007,3.02159094904197,0.0821628265597106,0.22160818712936
NAPEPLD,0.276470556641637,-1.43340942634588,1.36971575314859,1.46625118543954,0.225938104868107,NA
PMPCB,5.02475738512582,-0.116224494286628,0.381324550722148,0.539157410072107,0.462782132926087,0.640020065576859
DNAJC2,4.99053789538693,-0.00381116791327016,0.432289401742849,0.262436368225934,0.608451256410589,0.727055012296412
PSMC2,15.2312377820495,-0.0821557067785658,0.229366838840571,0.322711172807246,0.569982866818501,0.704992901222589
ORC5,0.328373589450594,0.507345855542846,1.38670969755416,0.137522987225093,0.710756021996764,NA
KMT2E,16.5376890604534,-0.0767397222035425,0.220773058610188,0.132615296934759,0.715735672853001,0.785544670205638
SRPK2,2.66422141885563,0.121840246317931,0.556543532331376,0.0515027562054655,0.820468697335384,0.851900944234352
RINT1,0.490830901103435,-0.713032856960738,1.12790161866379,0.624128707857189,0.429517157382664,NA
ATXN7L1,0.823931891753329,1.00165182803732,0.905025400442441,1.33972442855871,0.247082571632683,0.45716243930105
SYPL1,9.85244214813284,-0.274701710274262,0.334863580184302,1.09674110606328,0.294982409286371,0.505618829477472
NAMPT,42.8962825765605,0.346751689915906,0.184215626438818,3.63074513377209,0.0567214159269561,0.171479445880803
PIK3CG,1.98389758178833,-1.0490901072116,0.813848531189629,1.9585784894511,0.161665428075632,0.348097590740503
HBP1,18.4811749467505,1.20580599352435,0.269992759570648,20.5742387634226,5.73628507483882e-06,6.86561619894772e-05
BCAP29,6.94361408664637,0.0392534471403846,0.354962772022425,0.024045671175827,0.876768760258575,0.892201754045923
CBLL1,0.888858693165289,0.556873474476641,0.825926811993805,0.494886714278877,0.481755513400992,0.652996634842131
DLD,7.18126094376846,-0.539227954233202,0.343440101303647,2.449886685736,0.117533352439106,0.282559585620574
PNPLA8,7.20412683524539,-0.181616535287498,0.314409935537605,0.33591166349359,0.562198647433305,0.701319920585916
THAP5,1.05004850180407,-0.289315349333554,0.907210143044282,0.203551187971193,0.651869570254956,0.75144031725402
DNAJB9,6.00354996776929,-0.172983732548647,0.403052552148302,0.387368272237069,0.53368600350309,0.684447887533721
LRRN3,0.0628635903131331,0.255249397474148,3.0559717001647,-0.626907398203485,1,NA
DOCK4,2.16620992350024,0.657135456152698,0.648384565392303,1.15762455288458,0.281958732549282,0.493105911261986
ZNF277,7.77648775963697,1.54331100350748,0.345199099340812,21.3358911128254,3.85447033194852e-06,4.76213592624607e-05
IFRD1,4.51629607738841,0.604673646414192,0.433467281116368,2.11223716915096,0.146125556303315,0.325230550117479
LINC00998,3.06304855072425,0.61266861178926,0.52262180132593,1.7374098670674,0.187467348616201,0.384214017498354
MDFIC,1.32780428806285,-0.943870335591343,0.829172488324898,1.35327974046844,0.244705565540607,0.453860685724226
TFEC,11.1112854871246,2.43510548042216,0.365880163059802,49.0869012142414,2.44869968507517e-12,6.85188660737014e-11
TES,7.88541390707117,1.00580251184623,0.345737707779858,8.62171317113223,0.00332179280372775,0.0190571991751777
CAPZA2,27.2135840597323,0.636783356697977,0.190755051479568,11.2402404993785,0.000800427837234757,0.00583931165068404
NAA38,8.44034387561884,-0.345578521446736,0.279862978143478,1.5842162242798,0.208154424220535,0.40972734077705
ING3,4.38683424661935,-0.533747579459252,0.442066479553333,1.8042204260106,0.179203102237988,0.371579733828978
FAM3C,1.53635781799666,-1.33779235997347,0.658156604103408,4.4750818105515,0.0343925558755399,0.119748626366653
NDUFA5,9.32421768965253,-0.298551359601423,0.294535331709507,1.04765254705751,0.306048346434485,0.514389541127406
WASL,1.04142026210023,1.22160375113129,0.982112624328443,1.65929669563394,0.197698309353368,0.396722121097607
ZNF800,6.46563767849146,-0.883868198852379,0.552434214110133,2.93219152772144,0.0868295520897369,0.229957223105288
ARF5,13.1559061039104,-0.526687382751845,0.244409082075061,4.67159899821256,0.0306653640033883,0.110215454904847
SND1,1.89178145668355,0.0270876161841722,0.606352067132041,0.0243439782717587,0.876012866660373,0.891580609017566
RBM28,1.10648559861872,-1.21477328205104,0.778386933977238,2.52706996902733,0.111907843122899,0.274198825532638
METTL2B,0.792283679008995,0.157669684651083,0.890833475568143,0.0396521098310245,0.842162325434429,0.866337205012956
CALU,0.907678198073703,-1.58470672182015,0.885846384779,3.57372677079436,0.058700432392035,0.17581439379198
ATP6V1F,109.693466365079,0.151800665683926,0.146310965661788,1.07871983531507,0.298984114153184,0.508871690038545
IRF5,1.58349942553323,1.02682554381038,0.704876586018726,2.32819334930241,0.127049255567992,0.299658279806537
TNPO3,1.0914804610883,-0.111062490383733,0.942150670507347,0.279349258088338,0.59712805349884,0.720851869129177
SMKR1,0,NA,NA,NA,NA,NA
ZC3HC1,1.625147605339,-1.64542260306099,0.701441088766863,5.91187484091493,0.0150391577595838,0.0636403862548343
MIR29A,1.05454768135225,1.58505295216407,0.815035922109836,4.08024482540529,0.0433873718413466,0.141877168966794
RP11-138A9.1_ENSG00000271204,2.97193484462762,-0.158176245782195,0.557617829775438,0.205733060565734,0.650132544580518,0.750043523164185
LINC-PINT_ENSG00000231721,4.42362248175831,-0.218293606293966,0.468725875880236,0.586754992719065,0.443676693403875,0.626318999580499
CHCHD3,3.29426919468309,-0.741732078448768,0.488461997947797,2.3147222253958,0.128154192100338,0.300892294709147
EXOC4,0.954505220417331,-1.08693802411709,0.857978773237076,1.69485216728422,0.192962579773921,0.39128877857531
AKR1B1,2.12332533337193,-0.391656950926847,0.578434652622457,0.470327183875852,0.492836687173019,0.659267238375084
BPGM,2.71220184326645,0.324138664903175,0.546887868279784,0.515190116054271,0.472900684828996,0.647728072559697
C7orf49,1.76189720328016,-1.86084860081425,0.742197948271902,6.45530688574009,0.0110621436056617,0.0505517700343996
TMEM140,13.9092266050926,2.25817101434138,0.284508279605234,71.4069454144551,2.90647250482504e-17,1.29064228330202e-15
CNOT4,4.85138444120434,0.540662628794663,0.379901028736652,2.54408546967824,0.110707996917172,0.27267628822686
C7orf73,18.6472964025495,-0.467972644881371,0.238672217726201,3.98267255901176,0.0459705692995817,0.148111276902122
MTPN,14.1123357587132,0.284820171383469,0.253063856045022,1.29139055292269,0.255791847550873,0.467489544226588
ZC3HAV1,8.85893045299519,1.7235796624923,0.322845983035496,30.6556278048691,3.08131564964679e-08,5.25969423427173e-07
C7orf55,1.66124724616876,-0.87761392349346,0.780220188985479,1.72833536683218,0.188623626261917,0.385552228730162
C7orf55-LUC7L2,4.12214668093842,-0.2711828742672,0.425466971355913,0.770915608796358,0.379933950388853,0.576581289743163
HIPK2,0.995313392222392,-1.71632400536958,0.994776114471361,3.28941757362355,0.0697277520487363,0.19769104463863
TBXAS1,4.16975657641227,-3.16024866051856,0.618974111347884,31.083133325318,2.47210200093908e-08,4.31596611446002e-07
PARP12,16.3987725325697,2.62934495655709,0.309152356869868,79.9335504092948,3.87215442611782e-19,2.01089511213983e-17
KDM7A,2.35487498618592,0.563984884977811,0.546881586759418,1.08700824585264,0.297135036733525,0.507198747939565
JHDM1D-AS1,0.539702156995181,-0.816046647358405,1.13335937091397,0.675582108134677,0.41111217314462,NA
MKRN1,18.3851210358055,0.822009995878413,0.252449743463961,10.6187287244916,0.00111947984287824,0.00778680190369793
ADCK2,0.684261192257053,-0.0869956595400735,0.964620542550427,0.0413523343402034,0.838859340856236,NA
NDUFB2,36.9210018948843,-0.268637407917423,0.163038524602151,2.77049892463415,0.0960162294377458,0.244965034922211
BRAF,2.51280449620705,-0.155417066997883,0.555801917279066,0.373056665591314,0.541342819727628,0.688564925431635
MRPS33,3.07787667724238,-0.188191224023038,0.508590827078487,0.162364103591699,0.686989205707674,0.770385542690911
SSBP1_ENSG00000106028,24.1803803177548,-0.564774875078822,0.180482109623681,9.874974753446,0.00167541895857579,0.0109106985952736
CLEC5A_ENSG00000258227,12.0459830476091,-5.22004454709821,0.844941012530315,36.5295301106738,1.50370819237763e-09,3.16657175357048e-08
EPHB6_ENSG00000106123,0.354065124542662,-0.832195559674351,1.39763298797732,0.469569572075187,0.493185252171047,NA
GSTK1,22.6687288280375,0.194117904472786,0.206026476816902,0.948534205941058,0.330092683405265,0.537551943637381
AC093673.5,5.62189480731498,-1.45751941985963,0.380565529565675,15.6146348939765,7.76512646530099e-05,0.000754115609815602
ZYX,13.1630615277104,-0.546117383667229,0.305037784875641,3.23884640840429,0.0719112552379383,0.201356406748925
CUL1,10.2041874745934,1.09835399771963,0.293619881701314,14.2345302798037,0.000161381908339863,0.00143314654765382
PDIA4,2.41332157873984,-0.0823117109859803,0.520486258545194,0.100149478307387,0.751650327938298,0.80554620664671
ZNF467,2.16819106725725,-0.894545332981181,0.579436605682388,2.50489522280399,0.113493032947268,0.276205443169523
ATP6V0E2,0.109290707084575,-0.150113934393422,2.55521506716686,-0.421494950444744,1,NA
REPIN1,0.421782984766638,0.239326183671128,1.26393269127853,0.0398821533358991,0.841711173263044,NA
ZNF775,0.446524597397569,0.335604234645245,1.51272440906973,0.113843936302167,0.735809602899728,NA
LINC00996,0.350815005833601,-0.103658317058873,1.24030174000379,0.167435946720982,0.682400689187392,NA
GIMAP8,2.47225044371059,1.70924189668463,0.578028096226681,9.78684976912435,0.0017576432434074,0.011337723995369
GIMAP7,43.4795012127959,1.92255257253273,0.292368390716264,43.1637759185224,5.03441773264052e-11,1.18202727454487e-09
GIMAP4,39.100313624733,2.07008260661888,0.247030250287791,71.2633411857804,3.12590044889891e-17,1.37809481660809e-15
GIMAP6,2.09723355465718,0.710613437513816,0.63742794917141,1.49055769014079,0.222129951234922,0.426846140221888
GIMAP2,12.0998363728624,1.16122063647877,0.351728769576866,11.6641870546638,0.000637147790533861,0.00478485497596997
GIMAP1,10.0687249251875,0.746070067826425,0.356132303745496,4.41253579167335,0.0356757713422785,0.122683011664132
GIMAP5,11.3578063200952,1.65268410301849,0.299926779057205,32.000373475659,1.54142941346843e-08,2.77819983698074e-07
TMEM176B,19.8781600371962,-0.716946454034183,0.909523509014574,0.617280060529836,0.432059831871709,0.618920356620353
TMEM176A,4.38577064642952,-1.22465977621992,0.956574784812479,1.61979353000648,0.203120579271862,0.403083843840016
ABCB8,0.428362807978973,-0.281234265487078,1.10771909412175,0.0447134445911956,0.832531823200279,NA
SLC4A2,1.71455673806085,0.74299780741509,0.637794199419439,1.50637415563401,0.219693192778241,0.424058216292177
FASTK,3.94858456847916,-0.862764953933428,0.424471043409659,4.25280205418619,0.0391856250546862,0.132302760515216
TMUB1,4.50694458662576,0.0589191669182494,0.382913724432856,0.0892814035500891,0.765092697480099,0.814111259173213
ABCF2,1.04960083009695,-0.358228883126824,0.885117773096505,0.172742481211429,0.677685891051535,0.764606775683556
CHPF2,1.08141318204316,-0.683209236011656,0.871538098618273,0.727900735422566,0.3935644892771,0.586932534198724
NUB1,27.6104071117795,1.59084278763367,0.211149060895691,58.662295192647,1.87194664847034e-14,6.91041509748568e-13
RHEB,30.4714213308756,0.346938103432923,0.185480265632986,3.50346349132393,0.0612406281300121,0.181646935711865
PRKAG2,7.13762759896718,0.690771954177951,0.359565812611152,4.04063414372669,0.0444171282791614,0.144550271956825
GALNT11,1.47668868450717,-1.79646183056201,0.747264653832141,6.15913067858493,0.0130735444968915,0.056964132066375
KMT2C,2.65132131518946,-0.326637234526148,0.493644536725892,0.537966399305461,0.463276740546369,0.640415038589702
LINC01003,1.81492948629662,-1.01754931522227,0.732915199737572,2.08166998300712,0.149077000514036,0.329204994288294
PAXIP1-AS1,0.531473123664119,-0.978173211415329,1.02898025570116,1.20654270822038,0.272017912169901,NA
INSIG1,35.2797919054713,-1.84128375630084,0.29957768780197,36.2751164259187,1.71337584997948e-09,3.58347003709019e-08
RBM33,3.1555023199153,-0.0956844114844141,0.581916619100665,0.0906831964510673,0.763310402970247,0.812782997289605
NOM1,0.606745388254037,0.115894672429197,1.22030736724826,0.091981776366552,0.761672695131165,NA
DNAJB6,32.4393398247765,0.325216079937873,0.199258142777635,2.81929852260772,0.0931370989672962,0.241023708814016
IL3RA,11.8184783200576,-0.373866841761377,0.421512078906611,0.786675347964447,0.375107324276912,0.573151820884125
SLC25A6,4.49513451283009,-0.730010667139762,0.419550918118252,3.18506358025928,0.0743141062869654,0.206248570347158
CD99,0.602287926118401,-2.19341041052102,1.12101497346695,4.75289239139039,0.0292490914882058,NA
PRKX,4.15976209349136,0.637983193751698,0.428891587507248,2.27427786120046,0.131536380194795,0.305323840088525
PNPLA4,0.394933820391378,-0.828233021433772,1.15003104436969,0.579650264597298,0.446449438696576,NA
TBL1X,1.43074749615501,0.202294797974989,0.759532016586525,0.172514409045846,0.677886772767141,0.764606775683556
HCCS,7.60542498484148,-0.188137087707226,0.373999002304226,0.485790224711465,0.485811222848082,0.655898626676939
MSL3,10.5403625967715,1.18039211118046,0.342145268374625,12.0454812191006,0.000519180823851061,0.00399078619158469
PRPS2,0.765545218646538,1.14474853605073,0.929358960233087,1.77649668572376,0.182580102346687,0.376463952617934
TLR7,2.11568257859941,3.24281563105533,0.789386488561232,19.1802615596124,1.18936885250249e-05,0.000136232753796921
TMSB4X,5221.01931956425,-0.494541160927895,0.115858203665843,18.1388441947194,2.05369007402422e-05,0.000223932611630257
RAB9A,10.7390070483522,1.05092260595081,0.299769313882034,12.6755774022168,0.0003704627937473,0.00300290476201515
TRAPPC2,0.192679368738922,1.48766217771671,1.87160095010643,0.994474035645091,0.318651334145392,NA
OFD1,3.17411628875033,0.539395243659793,0.504062671850985,1.2153479835502,0.270275547959168,0.481849274415594
GPM6B,0.0192862052863319,-0.426972875039814,3.05671984711709,-1.1316226384713,1,NA
GEMIN8,0.628086422140493,-0.207914433119915,0.950880839039498,0.149295594550431,0.699209424169119,NA
MOSPD2,2.52081773500559,0.0899289697097139,0.572120624711492,0.0300577556061583,0.862359247410132,0.880462757102514
ZRSR2,5.44432363073002,0.723027966506573,0.421215427981896,2.95743019745244,0.0854837038062125,0.227560441756938
AP1S2,37.4309243068355,-0.323726954690197,0.176491583343894,3.39917703487285,0.0652289552954531,0.189621934559078
SYAP1,4.97611752193661,-0.132942924594499,0.383384832296284,0.125196476662509,0.723465433793036,0.789000921566778
TXLNG,0.706396940224219,-1.25586042677557,1.07346647848702,1.73306579815889,0.188019839897173,NA
RBBP7,6.18251804121321,-1.26360814011884,0.379145954485829,11.4282964093952,0.000723339776319103,0.00535988651666682
SCML1,2.44953533365728,1.54159354551782,0.570885109508738,7.77089520569645,0.00530947295164022,0.0282189507785353
PDHA1,5.83942719594296,-0.658305598166326,0.382945485885654,2.96854144527271,0.0848983680648932,0.226494762616136
SH3KBP1,8.39025360901111,-0.590214410358079,0.336914853215526,3.04323876016245,0.0810740132051868,0.219904780901365
EIF1AX,6.60997509003193,-0.126723212057808,0.352258307742497,0.162269308331147,0.687075755984332,0.770385542690911
RPS6KA3,1.39039117655266,-2.78094903564322,0.835610988445534,12.5334525615816,0.000399730516740405,0.00319784413392324
SMS,9.63954322202502,-1.48032252020092,0.355127758890112,17.362058943228,3.0893182917267e-05,0.000325840662507766
PRDX4,8.2558670166084,1.27183702451085,0.341639889041622,13.9578976620476,0.000186950612005241,0.00163896044401733
ACOT9,30.5550559478945,1.28413137952287,0.199577996416732,41.8730899545561,9.73938371250012e-11,2.23633974792386e-09
SAT1,1066.81573841169,1.34379107194546,0.134124062653084,97.1921613743983,6.29152378147974e-23,4.33196154302335e-21
APOO,1.3590195401644,0.332167473117877,0.672172283424022,0.275530592978015,0.599645701196092,0.722072874224731
EIF2S3,3.77967833519774,-0.117927770369332,0.433923902139294,0.124987235539393,0.723687140728976,0.78910227729309
ZFX,1.36962838535965,-0.144281806064054,0.762980381183942,0.0393549285575787,0.842747164426983,0.866793323868505
PDK3,4.03018958007284,0.713262123298163,0.534425171276576,1.92523784334308,0.165280391784859,0.353521200997424
CXorf21,8.66253944895723,2.03090064984114,0.436149621711321,22.4971572743025,2.10454812552402e-06,2.73437505123602e-05
GK,19.946234410771,-0.356678107599658,0.274424964655095,2.17395509844921,0.140364823341967,0.317400604221246
CYBB_ENSG00000165168,48.4863205186404,-0.111497021034615,0.138011151598332,0.668596597825584,0.413541325146088,0.604351095003497
DYNLT3,6.90686930657407,0.0128188186480284,0.34455509142295,0.452775068212901,0.501020056276224,0.663984696172144
MID1IP1,5.80559573135972,-0.420826712213517,0.449897857039686,0.965641008833401,0.32576970999966,0.533489252506124
ATP6AP2,34.0847853480959,-0.874039983067622,0.191888300505147,20.8511001284791,4.9640705402273e-06,6.01182297836223e-05
CXorf38,3.13453009219935,0.497780736909382,0.447559016978144,1.41120031290264,0.234857236654636,0.442287998223605
USP9X,2.12967458446125,-0.0476773508271724,0.559413435802791,0.00728087482738005,0.932000598179678,0.936278633712306
DDX3X,16.2641176957045,-0.0317328527446775,0.218722371936091,0.240499138552693,0.623845842849479,0.736169328900752
GPR82,0.30688502905954,0.923342529629561,1.49195746900496,0.477669170005981,0.489479987991821,NA
FUNDC1,1.98617709142843,-0.852625252890015,0.626524585490583,1.880668589288,0.170258177663785,0.360021432961931
KDM6A,0.969130652218284,0.965943442431326,0.844280879959478,1.47123149005539,0.225151492799349,0.430223993724481
KRBOX4,0.521114273010094,-1.36541712731198,1.10646812169702,1.99904227838729,0.157398632111454,NA
CHST7,8.52470033182283,0.292601120064546,0.316788832603606,0.851804359695294,0.356042393850999,0.55975293995205
RP2_ENSG00000102218,3.62442270330282,0.724007067181016,0.499519102259988,2.13353894348089,0.144107708680692,0.322885571771584
NDUFB11_ENSG00000147123,20.5833192425966,-0.557537631852659,0.218728984816854,6.57353576827742,0.0103506119465079,0.048015556402877
RBM10_ENSG00000182872,2.88791048573023,0.227943580504314,0.51066941521621,0.248768407467281,0.617943617689894,0.732590150745535
UBA1_ENSG00000130985,4.39910775950451,-0.194794519460927,0.418188763590295,0.230499033259107,0.631154049510166,0.739382912521181
USP11,1.41073867722975,0.741522433205084,0.679380533180613,2.28702552295088,0.130459727339132,0.304207461618798
ARAF,4.54619475577447,0.300380395737823,0.400262872833901,0.830047121409663,0.362258903713008,0.563289155532431
TIMP1,2709.03761347342,-0.603418496835676,0.203993727538822,8.68268089785266,0.00321248088198119,0.0185019575608841
CFP,61.0908444945803,-0.368165108885906,0.148267054877552,6.17246025915888,0.0129754041369424,0.0567546584947775
UXT,19.4629731742361,-0.12289794490447,0.209596947727117,0.371008928913511,0.542454828460395,0.689577642593327
SLC38A5_ENSG00000017483,2.52691594387726,4.78496416354516,0.81922702693906,42.0925423873686,8.70545504505367e-11,2.02072077712458e-09
FTSJ1_ENSG00000068438,0.920859591222351,-1.05092221763685,0.948111797796226,1.59959274899784,0.20596093368061,0.406482641415388
EBP_ENSG00000147155,1.84171008567321,-0.405763091047887,0.670483305204086,0.426595745052708,0.513664109567996,0.672559179142047
RBM3_ENSG00000102317,14.0216186430032,-0.704874984619534,0.261147400988738,7.40288761601488,0.00651192634441929,0.0331713089265182
WDR13_ENSG00000101940,4.843439608702,-0.322636298850235,0.382782433506327,0.84955702726208,0.356677682803125,0.559970412173837
WAS_ENSG00000015285,31.9755122982816,-0.104392466343484,0.174162653935211,0.375966293095644,0.539769953382834,0.687816650931588
HDAC6_ENSG00000094631,1.63140613363567,1.0992640508141,0.692001041309012,2.57630055781603,0.108474914778279,0.268296698841796
PCSK1N_ENSG00000102109,0.646696795026237,-1.93408344504212,1.36996456354164,3.16505610048678,0.0752298511713141,NA
TIMM17B_ENSG00000126768,8.47284267760384,-0.558619512690638,0.343022269848366,2.74066584663549,0.097823998112351,0.248020463563296
PQBP1_ENSG00000102103,6.31827903836435,-0.58785220605159,0.343289529167287,3.72907297252731,0.0534730636695009,0.164169806696744
SLC35A2_ENSG00000102100,1.14047901708885,0.131753195664938,0.923858919523431,0.185076699471097,0.667046223014878,0.759580078307179
PIM2_ENSG00000102096,1.78249769364128,0.89109066349398,0.690717235654975,1.68512278185826,0.194245143634882,0.392287499820304
OTUD5_ENSG00000068308,1.0473734339136,1.03886858610153,0.803257677384603,2.85767974499697,0.0909385861213029,0.237699152924173
GRIPAP1,4.83652270769558,0.264916039141097,0.438125731976309,0.398095791523374,0.52807431147022,0.681271448566212
TFE3_ENSG00000068323,1.9197559690466,0.416506341040355,0.642814754273371,0.898324287199863,0.343231429028578,0.548168412063364
PRAF2,1.0592927432949,0.307729437693876,0.898793166184181,0.131892513450694,0.716477830055343,0.785643029150584
WDR45_ENSG00000196998,9.05928902375911,0.16807771507473,0.36068491510698,0.542443934154164,0.461421642060164,0.639288303591144
GPKOW_ENSG00000068394,2.34158793715464,0.485232152160993,0.522477055135144,1.26916051788965,0.259924225251295,0.472085255583857
PLP2_ENSG00000102007,31.9809090581095,-0.229700349826357,0.174928098472975,1.84506485774044,0.174358473300031,0.365536697577881
CCDC22_ENSG00000101997,1.07413940497002,-1.7374772234061,0.906914918100101,4.11174059164906,0.0425865118047853,0.140005442242341
GSPT2_ENSG00000189369,0.201095997119846,1.16484055748439,1.93235740348915,0.614837606449957,0.432972158247241,NA
TSPYL2_ENSG00000184205,1.31912393167061,0.500847952187383,0.754062650485038,0.574039434980321,0.448658202565524,0.630302032398333
IQSEC2_ENSG00000124313,0.72003206497753,0.675794067259068,0.911762384331239,0.896715013573314,0.343664066510804,NA
SMC1A_ENSG00000072501,4.01862707944311,0.111665894873087,0.431869886141739,0.0819168579583192,0.774716356742934,0.820934088556233
HSD17B10_ENSG00000072506,7.3229732732512,-0.819140293408272,0.338782902008159,5.95880806669194,0.0146439378933051,0.0624085192898669
TSR2,6.43209780388934,-0.154855385459868,0.318630314107575,0.241926814923062,0.622817918078168,0.73552287569532
MAGED2,13.4848918964942,-0.202494259036071,0.239976928887662,0.823042897087547,0.364291993804564,0.565446134253893
APEX2,1.89830857525233,-0.342087214324391,0.630774833154811,0.395260656504888,0.529547057847399,0.681516950220189
ALAS2,3.08178741611898,0.783490288630699,1.82959783935327,0.18103345840747,0.67048660296247,0.761160041303078
FAM104B,1.06053559968892,-1.26399362994023,0.871129584509607,2.27213373940106,0.131718442410546,0.305630675915117
MAGEH1,0.907935602120714,-2.00866639837937,1.04016534408506,3.75302813647127,0.0527119348631799,0.162729842237565
UBQLN2,4.55000036245796,0.19669850198712,0.411907537139879,0.321318823806024,0.570816156054684,0.705117416925613
FAAH2,0.137197681211792,0.00802252415503285,2.07895711460455,-0.34684791029299,1,NA
ARHGEF9_ENSG00000131089,0.282122525518506,-1.02283749999714,1.39924383574984,0.362368762103777,0.547193619815618,NA
LAS1L,1.12110008868532,-1.0237821965671,0.798825394111689,1.7597953929613,0.184650038522034,0.380475936806667
MSN,37.2847107602299,0.399758518405806,0.174303251397919,5.25682030064667,0.0218609230936824,0.0851562127705039
YIPF6,6.57655073430287,0.485051475982272,0.353480334448755,1.96142641174153,0.161360848433675,0.347686103798017
PJA1,1.44923760043388,-0.120837602716953,0.790566734690332,0.2785689116048,0.597640740400168,0.720851869129177
IGBP1,12.4819958561316,-0.622627580258314,0.264059947672681,5.96955089286982,0.0145549872926393,0.0621541329929047
PDZD11,4.77054679290594,0.200760984128871,0.400199329175063,0.269944488099213,0.603369012566805,0.724563062710049
SNX12,2.13853835332539,-0.967489717698719,0.595790697205534,2.73109086232302,0.0984120453214602,0.248873511309853
IL2RG,38.1980210730188,-0.0438592822585256,0.183119430436406,0.0663360792682539,0.796748113490874,0.836182983297153
NONO,3.99672894349962,0.262484640518234,0.411841874802623,0.595269265505607,0.440388729580241,0.623977372223749
OGT,1.06492411072783,-0.575757519040126,0.804694457947203,0.563225669569128,0.452963483134568,0.633164148425221
CXCR3,1.19945785866066,0.710392147675084,0.887133595089604,0.680157371610328,0.409532539047627,0.600228718821075
PIN4,8.04008236128895,-0.29657882528878,0.319691005206335,0.919815379060552,0.337523452363492,0.54407001443205
RPS4X,472.604710246315,-0.439732191980309,0.0980328963713069,20.056128565062,7.52021468769677e-06,8.87935946169669e-05
HDAC8_ENSG00000147099,2.30597342017188,-0.924041948349143,0.654484213814622,2.10970970739392,0.146367080859281,0.325517087317351
XIST,6.31198371014015,-0.198619319118228,0.356434973230415,0.442051027914161,0.506134169219579,0.667439248757818
JPX,2.10039565762989,0.304663731683186,0.615452157436575,0.465077837072783,0.495260351879838,0.660903108811392
RLIM,0.752554455997581,-0.847027870304109,1.07929815611028,0.658109104026039,0.417228295382004,0.606445681712742
ABCB7,1.14638503985511,-0.0788496022849741,0.784198893331236,0.00971354171804961,0.921489773205596,0.927849051955947
UPRT,1.12694877974027,-0.0825101081521431,0.824179226974414,0.0593709530446915,0.807492951233068,0.842365837171436
PBDC1_ENSG00000102390,7.92451462414285,0.0573942970088027,0.33667257908066,0.0337799195928739,0.854175735216024,0.874584612431712
ATRX_ENSG00000085224,5.12131204518257,0.191197321791967,0.388892475408602,0.283507090035073,0.594411705198484,0.719486919112117
MAGT1_ENSG00000102158,4.22943168566879,1.13590768468348,0.416357182572826,7.72754668773173,0.0054384595142664,0.0288294808853153
COX7B_ENSG00000131174,18.8179833980657,-0.247529062397456,0.231682258624206,1.15213511985461,0.283102639941377,0.49440096254225
PGK1_ENSG00000102144,69.1614858057944,-0.604060637735794,0.182181995472633,10.938638566851,0.000941793474282662,0.00671082605860948
TAF9B_ENSG00000187325,0.521473698177635,0.264287450440915,1.1902620041695,0.0135886700444559,0.90720045473746,NA
CYSLTR1,2.0245784421107,0.55857596465174,0.578239165953807,0.991906670039711,0.319276813780314,0.527534449549368
P2RY10,4.43166818440683,0.330567173135342,0.517236676219711,0.408159373863029,0.522905215919806,0.677598469688427
ITM2A,3.13614375846295,-1.0717666271332,0.604679713650627,3.3503937174693,0.0671889412797157,0.192939940094704
SH3BGRL,24.5381848640877,0.400512853554956,0.215252399832612,3.47402102043523,0.0623395991962911,0.183397534265421
CHM,0.813290102633752,-0.281218303469705,0.876901343396429,0.371631559489664,0.542116268902302,0.689373001833017
CSTF2,0.783205132989822,0.352444335046095,0.920340317764362,0.181774252479642,0.669852889085652,0.761157005211358
TRMT2B,1.04572820624111,-1.28847275702472,0.864831636133953,2.4094417511593,0.120605368240119,0.28824871161289
TIMM8A_ENSG00000126953,0.488091215358622,-1.50061476690654,1.10257795192279,2.34048920812643,0.126049963046079,NA
BTK_ENSG00000010671,7.47430951745078,0.108125820750147,0.357730906903712,0.100858297325104,0.750802064835682,0.804918658732165
RPL36A_ENSG00000241343,49.1854810452864,-0.391714678903272,0.176915646764415,4.91880561200617,0.0265658767726101,0.0986454053709402
GLA_ENSG00000102393,10.4632958361158,-0.885979927811813,0.29316832976877,9.44676213282844,0.00211522179468654,0.0133080894844344
HNRNPH2_ENSG00000126945,17.1324490293526,0.184925773212382,0.221094958813226,0.762417310206615,0.382573088754381,0.578138173621436
ARMCX1_ENSG00000126947,0.897461327774698,1.79094145829661,0.953413703308005,3.917302339282,0.0477915113017034,0.152296610117961
ARMCX3_ENSG00000102401,8.69380505289498,-0.120266399145516,0.304955354460754,0.699278584312111,0.403026206581795,0.59522564759225
BEX5_ENSG00000184515,0.101942388516038,0.133079096342163,2.21774522064828,-0.486946794656856,1,NA
BEX4,3.35841012518614,-1.28139388019639,0.478899994539633,7.51407367792532,0.00612187599340169,0.0317116281382634
TCEAL8,1.56678416472146,0.324970732903367,0.659306037595317,0.242703508905741,0.622260280788657,0.735147677014246
BEX2,0.258012236652343,1.00010992389771,1.43042050989727,0.650741920754665,0.419847548383527,NA
WBP5,0.592886468137179,-1.31249660962144,1.02636465212734,1.90054131636544,0.168017741030201,NA
NGFRAP1,0.812066555752954,-0.416849639637647,0.925708658613185,0.337783426720115,0.561111472833619,0.700685360661403
TCEAL4,1.3659501808613,-0.909078870078427,0.705338020201998,1.70113667077086,0.192139392439215,0.390395808400566
TCEAL3,0.919363048363132,-0.11589865064866,0.936426825934062,0.0767696761926615,0.781723736261538,0.826178960416667
MORF4L2,10.7318398656695,0.0612763677424357,0.294537967701177,0.170369228409143,0.679783871011071,0.765803156802143
RBM41,0.430310185018337,-0.240039501332067,1.18377871273011,0.0773953123623343,0.780858735030669,NA
PRPS1,1.24366335246446,0.124427749372978,0.810533428794406,0.0488823388664343,0.825019625781131,0.854728701062852
TSC22D3,21.0318127786869,-0.0817739343498683,0.232926367371151,0.232382747667216,0.629762657892476,0.738485328568065
PSMD10,1.35760906637124,0.159028027789939,0.675976451762339,0.456495697614351,0.499266283633274,0.663091414413677
ATG4A,1.89550764995597,0.462253339341139,0.661749359133261,0.533800737577359,0.465013318962685,0.64156345780012
NXT2,0.967923183174395,0.67511404332474,0.925891532509574,0.605124093459821,0.436629604057044,0.622070028763974
ACSL4,4.73699527548781,-0.56860821736867,0.446177152808866,1.64116545098844,0.200165638601275,0.399418766964706
TMEM164,1.88547396752259,0.175796793293072,0.601948036912321,0.179177662706486,0.672080898657616,0.762263880617041
ALG13,5.50180531178837,-0.206479858166592,0.403055948538946,0.260351529846062,0.609878751927046,0.72764059899964
DOCK11,1.60760792360798,0.972394763703764,0.674187817820117,2.234720140374,0.134941054734814,0.309359814221825
IL13RA1,10.2058799778046,-0.443462778337746,0.312637726489552,2.03486026777176,0.153728311512625,0.3365051502687
PGRMC1,2.34400353876597,-0.144641318853443,0.526036373763238,0.356622987964023,0.550387749686658,0.69470157159214
SLC25A5,35.3961882225969,-0.959347813443607,0.170598756392916,32.0241877769229,1.52264862071079e-08,2.75244564829372e-07
UBE2A,26.2138213452124,0.0636350813870404,0.200405819535215,0.175745283011011,0.675055466039131,0.763969928671736
NKRF,0.171222876866295,-0.778172750403621,2.23111646413349,0.0955241434240524,0.757268428715645,NA
SEPT6,9.40448198138412,0.711206020657695,0.319754573256902,4.9120708925991,0.0266696475115075,0.0988099153267943
RPL39,4.4531566837609,-0.173792619188558,0.416211659354536,0.196284419220703,0.657736820786216,0.755078913034458
UPF3B,3.9010441565276,-0.0755018352913177,0.417861453848252,0.173910688441765,0.676659386994897,0.764344465162162
RNF113A,2.56787162107978,-0.491226273917996,0.595239708948215,0.702095993406928,0.402080305102217,0.594532185774652
NDUFA1,21.4987400758153,-0.285991403876079,0.20243346977899,2.03459022836438,0.153755616963505,0.3365051502687
NKAP,6.131988716418,-0.35365434514902,0.344132615850522,1.07028168673513,0.300881828117386,0.510748986898433
LAMP2,27.7121958949432,0.882993403449886,0.206809986517416,18.1252673929658,2.06838471785373e-05,0.000225134308188414
MCTS1,5.55224842395318,-0.376268163973467,0.354446591143,1.48288482699951,0.223323709272555,0.428269121177838
C1GALT1C1,8.69870299160674,1.29778493097659,0.310146904716757,18.2695813523164,1.91744679397895e-05,0.000210575518879983
THOC2,4.76974219241685,0.388068679893096,0.374229617134388,1.13106138951301,0.287549055804485,0.498613642889044
XIAP,4.99984727048229,1.14533804309678,0.411419121730056,8.95344632483662,0.00276946622327229,0.0165251110187075
STAG2,7.51047926052864,0.159574233549013,0.314613805190759,0.375230569789068,0.540166873032506,0.688179334291725
SH2D1A,0.550936670484382,-0.305870279578257,1.06642434624062,0.109087288558833,0.741185646856069,NA
SASH3,2.49527909364099,0.442291037762583,0.530525415747146,0.747019681608336,0.387421460750435,0.582177222039889
UTP14A,0.745802237341567,-0.96567003030821,0.984571134963486,1.11367558670786,0.291284350946519,0.503232471152029
ELF4,1.94597872327611,0.244738351725656,0.634905157735285,0.174223452457696,0.676385248261505,0.764175663965063
RAB33A,0.292027136182149,0.758253920568763,1.39564188415423,0.460021359521601,0.497613990945427,NA
RBMX2,3.44595548410923,-1.15903307099776,0.479439051737749,6.189637058324,0.0128500538214409,0.0564309927064346
RAP2C,4.72322334798664,0.609380013572129,0.406931826073584,2.26954739368658,0.131938429214861,0.305644403108111
PHF6,1.07949320175416,-0.443633423184934,0.848992476788262,0.33178173908324,0.56461181428106,0.702596956057485
HPRT1,11.2794895297983,-0.14434985852627,0.259938888395629,0.313371569897981,0.575618587280985,0.708169183468756
FAM122B,1.42542887636886,-0.347019497060782,0.824925152789915,0.70190720029094,0.402143588452339,0.594532185774652
FAM127A,3.30875109411545,-0.897154663882462,0.549698589422585,2.68384561312122,0.101370663741333,0.254798780724729
FAM127B,2.74878619138209,-0.810829056560416,0.591263498482453,1.90008290113173,0.168069040055179,0.357489440283977
MAP7D3,0.799993120884836,-0.885395143428892,1.0285927627958,0.842975827312841,0.358547067380854,0.560647213296726
HTATSF1,4.13272072308943,-0.232523445514047,0.446050540770793,0.352469794221918,0.552718358219629,0.695780217578038
CD40LG,0.310581556085186,-0.450078542129631,1.58161795647594,-0.0990702543016724,1,NA
ARHGEF6,1.17062003070767,-0.610979629152747,0.833793718389916,0.596374323021699,0.439964739429445,0.623798518578207
RBMX,13.8729108091227,-0.602691567605149,0.239177888854084,6.37356473161097,0.0115832683924642,0.0523854381616389
FMR1_ENSG00000102081,1.87156946434399,1.58947370393483,0.669098694487027,6.09464236169411,0.0135592367145694,0.0587215565985029
IDS_ENSG00000010404,13.9459904556846,-0.577333001591705,0.254477422150668,5.26334041614771,0.0217791787869839,0.084974165737313
CXorf40B_ENSG00000197021,1.0551117021525,-0.409807579063207,0.794999354639694,0.335895152413492,0.562208255540657,0.701319920585916
HMGB3_ENSG00000029993,0.759337501118871,-0.960617906699156,0.918460175919517,1.63039841094198,0.201647951580847,0.401240122149822
VMA21,7.14582060309645,-0.824539169174966,0.337108722451225,6.16980165813257,0.0129949177116818,0.0567994691420728
CETN2_ENSG00000147400,2.20775692449194,-0.408079195020874,0.596230228052512,0.577149432112734,0.447431826656605,0.629589491102567
NSDHL_ENSG00000147383,0.623597662963777,1.11659973663515,1.04513275410534,1.18352422029917,0.276639700465943,NA
FAM58A_ENSG00000147382,2.68121491203838,-0.464648368749091,0.495456326548797,1.2622634884975,0.261223077594335,0.473600182096933
BCAP31_ENSG00000185825,25.5519389693062,0.0963261880641516,0.234776944397033,0.189830323607225,0.663057875215429,0.758050800404253
ABCD1_ENSG00000101986,2.23949730174912,1.84212237657591,0.669282401252953,8.42359828257107,0.00370382069764904,0.0209382040915068
IDH3G_ENSG00000067829,8.17843031816226,-0.457418876213021,0.30199559243555,2.44110191198479,0.118193172916041,0.283589570724157
SSR4_ENSG00000180879,32.144516867592,0.335214661703139,0.260889916864135,1.64922693942127,0.199064181428575,0.398195440666815
ARHGAP4_ENSG00000089820,2.22954662234389,-0.353487293444455,0.554608446183813,0.438916287055719,0.507645981723705,0.668380791371238
NAA10_ENSG00000102030,3.93603644975134,-1.04194822345181,0.445146221612844,5.77320547453144,0.0162723269876049,0.0671424242681653
RENBP_ENSG00000102032,4.1075660646475,-0.325309978077423,0.434054346974557,0.607043036722047,0.435903336273402,0.621936122161445
HCFC1_ENSG00000172534,0.952684748839486,-0.529266747608196,0.954688246454049,0.376985936401979,0.53922074266478,0.68740268588512
TMEM187_ENSG00000177854,1.72968431451842,0.977504147082628,0.711890450604096,2.10613384108879,0.146709560570136,0.325751360196524
IRAK1_ENSG00000184216,2.12088871637806,0.361400159980838,0.704017483341889,0.366544202199826,0.544894026395974,0.690809102324928
MECP2_ENSG00000169057,5.96208378693103,0.842575874376081,0.378521942426949,5.02557720962309,0.0249755996329729,0.0938959966569682
FLNA_ENSG00000196924,14.8946553086619,-0.7228773688847,0.26941855544012,7.43951118193556,0.00638072185276218,0.032802905632321
EMD_ENSG00000102119,3.94741236961577,-1.17334887529281,0.531346707302243,5.19972935095053,0.0225904052606778,0.0870654109669393
RPL10_ENSG00000147403,676.89268445923,-0.58868392695638,0.0815323399353737,51.837556657174,6.02875351332307e-13,1.83801997659919e-11
TAZ_ENSG00000102125,1.00613287492056,-1.2854619255086,0.934189783028806,1.83046855175671,0.176072212514986,0.367621982382226
ATP6AP1_ENSG00000071553,7.34982746691805,-0.818040596635165,0.353354444985302,5.45617306543986,0.0194993079246126,0.0776929512106801
GDI1_ENSG00000203879,4.59041397026338,-0.298436563782215,0.399999655103483,0.682588023051537,0.408696969769535,0.599591819666677
FAM50A_ENSG00000071859,7.93821479801565,-0.85004424801284,0.317526742696451,7.28527307844328,0.00695221619804292,0.0349858942003653
LAGE3_ENSG00000196976,5.81816333843897,-1.95454585571709,0.40652909575676,25.3560519160908,4.76654605612331e-07,6.84060754845987e-06
UBL4A_ENSG00000102178,1.00745663316149,-1.53182226214938,0.942929751715429,2.90974568327917,0.0880457575184312,0.232361930263974
SLC10A3_ENSG00000126903,1.53019186407807,-0.731663287169172,0.693166016114816,1.15474341863715,0.282558382924926,0.49359115466475
FAM3A_ENSG00000071889,1.16714414968937,0.402316830912266,0.771595287933704,0.29775348272657,0.585294224909815,0.713861495381479
G6PD_ENSG00000160211,6.73643408909289,-1.02193813409896,0.341491733190619,9.12194904260051,0.00252560736575942,0.0153236850865086
DKC1_ENSG00000130826,2.63781048449292,-0.487421015360656,0.529252099333131,0.846919982660374,0.357425122458219,0.560179322359071
MPP1_ENSG00000130830,18.1621012402031,0.0345914040380478,0.26395326864542,0.0916630605541826,0.762073470019621,0.812231829555141
F8A1_ENSG00000197932,2.74736684754509,-0.866206677866575,0.519424877790149,2.7747225323744,0.0957632503665708,0.244821526177032
FUNDC2_ENSG00000165775,7.13010714600172,0.120868328052013,0.322671768499462,0.273164469578447,0.601216875392498,0.723237675860597
BRCC3_ENSG00000185515,0.800503470387726,0.11962096681877,0.935141563674324,0.148377016390327,0.700091189297931,0.777061910526665
VBP1_ENSG00000155959,5.31177719469672,-0.649141169431007,0.373030044313909,3.42628669073879,0.0641662231719554,0.187154029318297
RAB39B_ENSG00000155961,0.0564117456010167,-0.777737528627278,3.0550603361306,-0.524156456909022,1,NA
CLIC2_ENSG00000155962,7.66360249910083,1.6410327264707,0.355543898777248,22.4957309970568,2.10611133189197e-06,2.73437505123602e-05
FBXO25,1.00782403549256,-0.361938348152868,0.825323793278712,0.244444618350336,0.621014246480688,0.734241810232232
ERICH1,10.0042489797145,0.628178035519716,0.297135190584457,4.92037699250034,0.0265417248754717,0.0986341358622743
CLN8,6.34833601508292,-0.355216695985356,0.334376730036676,1.24877575858281,0.263786429620831,0.476416804270237
CTD-2336O2.1,7.00429996361532,-1.67418458855407,0.452219117483537,14.1691794821441,0.000167085089248671,0.0014732337077926
MYOM2_ENSG00000036448,0.318410678331485,-0.372070703377816,1.3916290740094,-0.0165038771702086,1,NA
AGPAT5,3.1978305398491,0.667062816659134,0.487222306703857,1.96342963578084,0.161146999573195,0.347347454584783
DEFB1,32.3001482827046,6.52438042471852,0.593371590235371,224.650997042518,8.74841870528464e-51,2.06193499330709e-48
SGK223,0.0636753938623596,-0.777749365365565,3.01886309379198,-0.465667502143255,1,NA
CLDN23,3.67120348545357,1.10536928419602,0.465826922903782,6.36814187606828,0.0116187192109075,0.0524611826233454
MFHAS1,0.278151452275914,-0.0172511662751408,1.60401645988038,-0.136858092514288,1,NA
TNKS,0.625097495417276,0.771129597728418,0.95157500657326,0.852076927247772,0.355965448392155,NA
MSRA,5.55088117305113,0.172707904921532,0.358684303244576,1.02390903923242,0.311593565221285,0.520166666587539
PINX1,0.663760599563008,0.173681422173988,1.00537197859969,0.03846354560104,0.844515262343124,NA
MTMR9,2.22069737989984,-0.203878213044937,0.613471190315021,0.182293066683918,0.669409976428354,0.761133027195817
BLK,0.0576492460942856,-0.0266250237101584,3.05435952883091,-0.631777603848867,1,NA
FDFT1,3.46873803402193,-0.596506260440745,0.539538065448942,1.23121913037812,0.267170077201542,0.479419687581567
CTSB,123.009783986214,0.726800019376571,0.137345302862679,27.7179270481425,1.40355982707499e-07,2.18855333850268e-06
MSR1,14.0495320510684,2.26076636330857,0.327017515654184,51.290386449776,7.96648127577869e-13,2.39306849303783e-11
CNOT7,4.07681055488278,-0.51947528481522,0.459446807970648,1.31899457354645,0.250772573022551,0.461897904262758
VPS37A,2.78341212914941,-0.562292175583723,0.52753874100703,1.65152157270578,0.198751963385634,0.398195440666815
PDGFRL,1.47145125034787,4.17352826081916,0.898040704588519,25.2481042172741,5.04090937291489e-07,7.21745155075291e-06
PCM1,3.0605068350468,-1.58363572847794,0.531503710966814,9.39951073818433,0.0021704335386048,0.0135857167768848
ASAH1,46.211303234438,-0.192975618876983,0.235794741969409,0.683564140861336,0.408362120218212,0.599244030818296
CSGALNACT1,0.341523767097889,-0.923783985571802,1.52865379158725,0.706375187127406,0.400649794659555,NA
INTS10,2.77582162990658,-0.263849330094946,0.527669543067247,0.798732254634402,0.371472675020253,0.571037629769695
ATP6V1B2,46.288568032292,0.510545457529008,0.163965088040023,9.87832642479705,0.00167236980509391,0.0109024278357612
DOK2,12.6189813874178,-0.74175749052205,0.371593881801451,3.93650704550099,0.0472487874894889,0.150959629684874
REEP4,3.64194649059055,-0.446530877164753,0.437101749257947,1.05864045349824,0.303525470882674,0.512502665077977
POLR3D,0.846797131889777,-0.352259242928502,0.970017685852316,0.466353770778511,0.494669404342687,0.660565288692959
PPP3CC,2.90333895082541,1.24868483276842,0.552828215634027,5.20417742000127,0.0225326743156344,0.0869522847646142
PDLIM2,2.01845431938649,-0.436312165631562,0.571624245060129,0.862612999438753,0.353008493951873,0.55681751632872
CCAR2,1.77554140212307,0.0289665281734819,0.670068471424028,0.011152157027766,0.91589673048704,0.92312749414878
BIN3,4.00266240820856,-0.289557559673817,0.480924757275298,0.366055928451061,0.545162013518824,0.690809102324928
TNFRSF10B,1.73620644320063,-0.327572507698202,0.662070831740278,0.472703416432743,0.491746092568091,0.658773906729885
CHMP7,1.60659234484488,-0.621348999341886,0.683124821452497,1.06484800765489,0.302112065423375,0.511769824557065
R3HCC1,1.78864281731099,-1.17751486248066,0.63931399651735,3.57462232562983,0.058668788329453,0.17581439379198
ENTPD4,1.81449700086907,-0.548692016084809,0.683734877160817,0.964071143215868,0.326163283193405,0.533705901043842
SLC25A37,27.812483676745,-0.100605166588573,0.243039883094359,0.220723813314692,0.63848896155169,0.743004245421336
ADAM28,0.739251433193969,0.444959029122721,0.871586369968341,0.644491850295189,0.422088898303463,0.610325806702129
ADAMDEC1,2.04504422626368,2.41020625014187,0.782642003034753,10.4382907743345,0.00123429438441368,0.00844169195054355
PPP2R2A,11.7419134105823,1.80440694492399,0.298576107514,38.8114136614874,4.66790471451883e-10,1.02160428894898e-08
BNIP3L,17.998925899667,0.473317176424313,0.22117108700098,4.73474844935711,0.0295591705171121,0.107055908350392
PTK2B,3.27788726357722,0.676983360746992,0.466757213958606,2.34224811963176,0.125907731004817,0.297785633190859
EPHX2,0.0821497955994649,-0.0281093869708044,2.78864618328412,-0.54186199420708,1,NA
CLU,0.831900787571262,0.859714736216595,0.908623544799433,1.01376282994322,0.31400306598807,0.522156830902961
CCDC25,1.8973001071086,-0.835855676908399,0.609069278165622,2.30823293376577,0.128690275054803,0.301804058758452
HMBOX1,0.845943943515357,0.674952045609453,0.947585619038062,0.656803839112214,0.417690581075523,0.606829748893031
KIF13B,1.60045884033419,-0.278873616829192,0.795375083516153,0.144313086643194,0.704030319851879,0.780021298147227
DUSP4,3.48908192160113,-0.704080845632313,0.546603327174214,1.67758014169796,0.195246305290274,0.393575446979868
TMEM66,153.205707624095,0.49140586422622,0.151947784215206,10.5012191816311,0.00119295804955443,0.00821398531198822
RP11-489E7.4,0.455900607459629,-2.35050747424795,1.26570803969209,4.65026946888983,0.0310486730477413,NA
LEPROTL1,24.5176466903173,1.05155330582728,0.229566648476747,22.0875376226765,2.60495427167843e-06,3.32565828684279e-05
RP11-51J9.5,0.589256553091844,0.410150660183843,1.26356799354901,0.174663570019881,0.675999972644285,NA
DCTN6,5.78587832040176,-0.192087615100696,0.358152796223363,0.321313524207426,0.570819332298469,0.705117416925613
GTF2E2,6.50053102423118,0.748411527642805,0.362592239177091,4.58517087425818,0.0322497555783063,0.114433411803046
GSR,0.699996948047699,-1.30184483512069,0.984896011257449,1.97461917916718,0.159958414578546,NA
PPP2CB,1.94242041693073,0.255543755262508,0.619455990935061,0.280618337736726,0.596296222454933,0.720733505555053
NRG1,0.421149608373399,-0.987532478810202,1.34328663442353,0.425217961526791,0.514344799664614,NA
TTI2,0.97661298540247,-1.36289879481052,0.862187174682309,2.62271605377135,0.105343987561257,0.262258943580523
PROSC,4.63624950022723,-0.665002092962168,0.399018586021364,2.88160988758548,0.0895964048801996,0.235372087695802
BRF2,0.830768743368631,-0.649521558946105,0.962287445615116,0.512157940315653,0.474206189436172,0.648067691539889
RAB11FIP1,1.50518050309291,0.412634880208428,0.671710966620369,0.379039966004278,0.53811747859234,0.686424627146932
EIF4EBP1,2.86473929166756,-2.31488579308708,0.589274354515699,17.6152865532891,2.70406023812922e-05,0.000289693726210767
ASH2L,3.83991550355953,0.1047426512815,0.500895827364739,0.190477437787294,0.662519546961358,0.758050800404253
LSM1,12.3444095981962,-0.252088439973241,0.265251043906056,0.986733981995073,0.320541930062234,0.528032512747681
BAG4,0.939356092208993,-1.77046078683811,0.935437821600481,3.7583175955406,0.0525454235796398,0.162461329816364
PPAPDC1B,8.6859909643584,-0.605697465975539,0.320397765138541,3.59373839066049,0.0579976350398918,0.174469750465653
WHSC1L1,8.77512106505863,-0.0952270047075441,0.302429829937536,0.107616282757377,0.742874456947926,0.800480863755388
TACC1,7.82193376812378,-0.0850354140515812,0.328546866900032,0.278493009251065,0.59769065715492,0.720851869129177
PLEKHA2,2.31739278602551,-0.200504122858885,0.52673472542494,0.223734742539627,0.636208848386014,0.74190063233292
TM2D2,10.8326207383868,0.300337367655953,0.305551021542044,1.74798678556787,0.186130021747703,0.38236834504523
ADAM9,1.38501580311513,0.1966868430585,0.777770746972453,0.689135013027943,0.406458750742547,0.597910485083199
IDO1,167.263912315546,6.04560663050636,0.472687036417028,126.73683235729,2.12116046806296e-29,2.08809905684658e-27
GOLGA7,9.62596713632568,-0.0753007139162043,0.343366002860839,0.116190124697482,0.73320391529331,0.794390663528537
AGPAT6,1.20625616320487,0.0581073235105947,0.786419897575352,0.0102675306348203,0.919289435460924,0.926094047786938
KAT6A,2.92809384375494,-1.76854723602646,0.647308165182967,8.1590662437129,0.00428464254809621,0.0236330238836486
AP3M2,0.720646167443025,0.568713301567584,1.06474488155423,0.561194590839349,0.4537793238475,NA
IKBKB,1.13499221316293,-0.989661603291931,0.78940959029418,1.89895380343741,0.168195468468258,0.357634223030356
POLB,0.855220524285835,-1.74367934371671,1.02389385873569,3.63567510665671,0.056553663821044,0.171278337443416
VDAC3,7.9962831620538,-0.869531277645921,0.332892950559028,6.85918513879844,0.00881867561605295,0.0425183667782632
SLC20A2,0.559893684971598,-0.650858842503775,1.10328551133471,0.458472040300087,0.498338934197126,NA
SMIM19,3.43679339155162,0.301124318336319,0.449427608893298,0.781278385176392,0.376750449124238,0.574397512608339
THAP1,3.87450787210921,-0.257471633182179,0.507325522359901,0.261572209097238,0.609042077863344,0.727354930241655
RNF170,1.21798053103768,-0.0873204200283823,0.763629229904058,0.030930820077927,0.860394816593582,0.879042920321018
HOOK3,4.85105429250805,-0.65163288324813,0.420998408699746,2.47327307051857,0.115796565194891,0.279480642581447
FNTA,6.28779810631243,0.739875162200551,0.350066372464979,4.62034385328226,0.0315949039120446,0.112828421429493
HGSNAT,2.30294485190554,-1.05146141461188,0.610421253505805,3.04895403332612,0.0807891580384072,0.219254189751709
CEBPD,16.7082388871637,0.60569144215045,0.392997497480661,2.54981807094904,0.110306956424369,0.271907091298686
PRKDC,1.4611712860407,-1.22373107330284,0.869166986665796,1.92741023408725,0.165042056991243,0.353258024883806
UBE2V2,7.08820463235121,-0.384789232191414,0.345603782530778,1.33029710239525,0.248752369844429,0.459281266166515
PCMTD1,9.49980347312224,0.519646661222157,0.345653752280311,2.24836435019185,0.133755716281657,0.307332219487811
RB1CC1,5.45508204669637,-0.89842610845749,0.375792106301391,5.83932907859602,0.0156718014167873,0.0655094127435694
ATP6V1H,8.67034719309688,0.916085247882617,0.296574339507506,9.75014390480959,0.00179308677992973,0.0115178572195067
TCEA1,6.50251830575043,-0.663777793005738,0.342328631416298,3.85100840594204,0.0497160914707811,0.156718214265919
LYPLA1,6.01402053350099,-0.847152406338424,0.366721581735335,5.39419984182861,0.0202037870021606,0.0798251494192394
MRPL15,3.1141638012457,-0.868708866489001,0.48887471096795,3.2384858267736,0.071927084590959,0.201356406748925
TMEM68,1.57743876177951,-0.525223359052601,0.837971221042221,0.409477587328659,0.52223478052865,0.677186074671432
TGS1,2.79323362508088,0.408761761301277,0.468987649828952,0.933589010042944,0.333932056340248,0.540983467846332
LYN,50.4587205633241,1.00864762812736,0.185224856583923,29.8509463053034,4.66569098882441e-08,7.85476768668022e-07
RPS20,133.868372551889,-0.0392220634734439,0.123134881285997,0.192808696389761,0.660589172837228,0.756978927055135
CHCHD7,3.34054097995958,-0.0641525805098071,0.517496208022281,0.190225284337245,0.66272918145391,0.758050800404253
UBXN2B,3.54784994790342,-0.997504907717416,0.518753405586982,3.8213596101275,0.0506031606646005,0.15877940018058
SDCBP,172.833267477683,0.531625899322412,0.126791902726405,17.483923719186,2.89747440638996e-05,0.000307192442255324
NSMAF,9.48551440288942,0.0193098260924169,0.413187113179116,0.234642565002289,0.628102600693004,0.737431732510655
RP11-25K19.1,0.0742510806293697,-0.914727380408022,3.05360667726079,-0.36599648394048,1,NA
RAB2A,22.5091561761239,-0.178142938544323,0.191423536131731,0.86898928516365,0.351235269244176,0.555020559548301
CHD7,0.236932909240333,0.0125270643097838,1.61882302628794,-0.216286947123802,1,NA
ASPH,1.317261694287,0.0315772211445087,0.719721781965253,0.0154153713062115,0.901189658377758,0.911001357066794
YTHDF3,1.94346086757207,-0.7221238269146,0.593832528584873,1.60348884766815,0.205409490108557,0.405936886623164
ARMC1,1.25750463464931,-1.42161393770519,0.759866956151108,3.60598107607822,0.0575720899641899,0.173452196312958
PDE7A,1.93281157921611,0.973454496012578,0.713777756908044,1.83725611143917,0.175272888542242,0.366447665774675
RRS1,0.325319902297273,0.99442338967233,1.39823798803552,0.982435576973852,0.321598240291486,NA
VCPIP1,3.26989387192359,0.962584731468795,0.502866539908643,3.96869532183233,0.0463536746103854,0.14887595283671
C8orf44,0.27181269202784,-0.491173369291496,1.453723361355,0.247293586728109,0.618987226278773,NA
SGK3,3.14403986777269,-0.415209362359122,0.610872962217019,0.474827199445585,0.490774773016981,0.65850313247735
COPS5,8.28328330741102,-0.181709040113402,0.301478800823962,0.449417367832325,0.502611767001491,0.664940610575376
CSPP1,0.583368157909396,-0.0272191507376725,3.02208798312399,-0.0155487158877072,1,NA
TRAM1,33.7526542737538,0.744307270552303,0.171954807959179,18.7631484477089,1.47999427802675e-05,0.00016496000619209
LACTB2,2.82262185980648,-0.0339515796198137,0.607613033015373,0.0117214415704012,0.913785004177385,0.921757120263213
RP11-383H13.1,0.665297345687061,-1.41316838014642,1.18919266840378,1.83169126334192,0.175927912453967,NA
MSC,4.65036002554573,-0.502236148085834,0.564733680002059,0.846570611890556,0.357524308791387,0.560191501987629
TERF1,3.69799858497188,0.413127638800609,0.427037281871146,0.971628848389592,0.324274284535669,0.531743839822219
RPL7,331.037200639535,-0.894268702384816,0.116162590639354,58.4870705788284,2.04631320099625e-14,7.43543325841403e-13
STAU2,1.23582682872895,-0.690546657911688,0.760718730586137,0.903426139573696,0.341864695394751,0.547126365468538
UBE2W,1.97831801578823,0.539221887583813,0.579835838400519,1.01506986957323,0.313691311269535,0.522080487631644
TCEB1,13.912215818998,-0.418948290276812,0.235147776298297,3.18044102447119,0.0745246125935746,0.206739169748042
TMEM70,7.27428417625734,-1.40657050859547,0.436194223089128,10.6302781491309,0.00111250980369057,0.0077638615785705
PEX2,4.58402287805006,0.599236455156789,0.44761988699541,2.08811248242048,0.148449383265542,0.328173816973753
PKIA,0.0383630408079537,0.255249397474148,3.0559717001647,-0.896928335543295,1,NA
ZC2HC1A,2.46772327386118,-1.16364767969942,0.630298154046153,3.82873206703111,0.0503810311534458,0.158244468943268
MRPS28,2.56734792600503,-0.570224369117751,0.524731291131155,1.18960031137188,0.275410193039828,0.487286155938437
TPD52,0.325244500682489,0.604629797178365,1.26125209614396,0.461613941250981,0.496870660049493,NA
PAG1,1.82322449020469,1.6123017187212,0.675153674025302,6.01773144499455,0.0141628404626424,0.0607347000385391
FABP5,8.05706205465457,0.598823933258994,0.56051512833001,1.12862576750278,0.288068655055845,0.499176601056844
IMPA1,2.38324899011211,0.921628195908979,0.646250140297925,2.02208897567881,0.155025743049616,0.338318288250729
ZFAND1,0.704612147358425,1.0890032213981,1.08836350200866,1.18303758855325,0.276738469406761,NA
SNX16,2.4906218065857,0.882918754246828,0.698185430117447,2.14304717560886,0.143217169872403,0.321477954937028
LRRCC1,0.601552538643446,0.689119085049154,1.04269553845909,0.509237818182093,0.475468985014872,NA
C8orf59,2.00174468118826,-0.365920501599159,0.61625021740261,0.98473697520766,0.321032114798394,0.528413859652043
CA1,0.364171444184305,1.02327246284474,1.68636390838545,0.815008705318757,0.366643556629508,NA
CA2,13.9013289407138,0.181441734055474,0.421215326087875,0.313610078041449,0.57547330013141,0.708169183468756
RMDN1,2.20770387593722,-0.191134749481137,0.522723988830124,0.26254607769777,0.608376336447462,0.727055012296412
CPNE3,6.01989372740144,0.106653596669376,0.390140507369288,0.086627978033377,0.768508568427347,0.81683999394376
RIPK2,27.4039841188711,0.971994894017251,0.252521185579475,14.5952588640304,0.000133249367865359,0.00122055624256939
NBN,8.03104800243126,1.54842759645675,0.371561383344529,18.2565845605426,1.93057429196644e-05,0.000211637911648844
DECR1,31.36438205835,1.21700995347352,0.23491809315683,27.1036328514992,1.92835220404089e-07,2.95423557659064e-06
TMEM55A,0.823090727470487,-1.67398455623266,1.06547950885339,2.67666041878414,0.101829071169,0.25574120824739
GS1-251I9.4,3.60836939352576,-1.35437519857029,0.514664803240076,7.4199469016057,0.00645047191258812,0.0330184656479717
PDP1,2.90616653349188,-0.656691556846168,0.610652841703079,1.21656674352124,0.270035483803965,0.481666158431991
GEM,0.16738762693801,-0.819437991573672,1.70241618475271,0.0422833148440063,0.837080667388179,NA
KIAA1429,1.03097149583034,0.916652696094859,0.858404214818756,1.33358325219169,0.248168752576998,0.458756596015639
INTS8,0.524009264105803,-0.518301669349861,1.03389925315582,0.460345108593515,0.497462730389707,NA
NDUFAF6,0.450413481418111,-2.58195251560986,1.13209119978369,6.74719572531963,0.00938951480761278,NA
PLEKHF2,11.2461633091155,1.12528506025031,0.272943230376441,17.603866927593,2.72034633956422e-05,0.000290929884273115
UQCRB,34.4737648339274,-0.968270886309901,0.173464245971856,31.6151683583892,1.87955733619837e-08,3.35799631376781e-07
MTERFD1,0.774227008360729,-0.674938911313309,0.917706881642052,0.5910368628859,0.442018450142647,0.624985939657162
PTDSS1,1.90519922320705,-1.45493124003694,0.67788554818358,4.77810239765542,0.0288238665254146,0.10482650093041
SDC2,2.10501511233195,-3.43438458351621,0.977785146505407,13.481638368087,0.000240909355645627,0.00206186107736928
CPQ,4.76836974508168,0.190968602590679,0.395806089405973,0.45194537864532,0.501412569938899,0.663984696172144
MTDH,19.9061373785889,-0.289098071001777,0.205169510409331,2.02116474871569,0.155120115996285,0.338403727598874
RPL30,193.635490377171,0.10368332562116,0.10705804231888,0.980045282274034,0.322187626954824,0.529812136941462
HRSP12,0.89128527812468,0.0658178218095902,0.831803651566656,0.167628486590225,0.682228104431561,0.767410094223653
COX6C,21.3544881519232,-0.328034136323865,0.217085712612229,2.37593600851372,0.123217724449886,0.292665974972442
POLR2K,4.63254268355415,-0.473871379960356,0.400289455053981,1.4048856695654,0.235907260091955,0.443398897984869
RNF19A,3.83180674614038,0.925664704950768,0.496282675663612,3.62645844454285,0.0568677083021818,0.171836941063003
PABPC1,229.142197374521,-0.288996783513496,0.141560729168328,4.15570384011519,0.0414945251481302,0.137225283382483
YWHAZ,15.5192763558688,0.0803850776758192,0.233061035403053,0.161862622813373,0.687447403112098,0.770385542690911
ZNF706,69.8681912895618,0.0296531645878969,0.126327704535348,0.0573805374157672,0.810685061609587,0.844446380680528
UBR5,1.06549620750657,-0.0683849253948222,0.750090232453605,0.0696876891591316,0.791792047909395,0.833081505551871
KLF10,5.94559138121747,0.0121102285277714,0.498431006860892,0.424326242767549,0.514786189132713,0.673117070234721
AZIN1,6.42650055885293,0.413091743210962,0.432292582848555,1.01676436315208,0.313287742703193,0.52155047196011
ATP6V1C1,11.1456080416487,-0.0259939115441428,0.324965040308931,0.111935218034688,0.737951583340317,0.797701058865666
SLC25A32,0.663558744906285,0.532047678825523,1.08327086506199,0.323204711220939,0.569688066019827,NA
DCAF13,3.42524369241797,-0.536829271728337,0.447264205507873,1.45025706911982,0.228486708077254,0.434166189405836
OXR1,2.15435593770971,0.125231940889568,0.557285366355333,0.0511946567893773,0.820997369522101,0.852002011927423
EIF3E,17.2836713481779,-1.21522360818714,0.281848664758238,18.747560479459,1.49214115662985e-05,0.000165949927546782
EMC2,4.54123401400037,0.582173035618872,0.391235093529404,2.39681113835952,0.121582865607465,0.290132321044604
NUDCD1,1.24177876124392,0.724554178940994,0.751518796403688,0.935703433127117,0.333385263757481,0.540615214687972
ENY2,43.1282370137554,0.269934718887509,0.192402262200849,2.04297901259851,0.152909933534527,0.335418615474301
EBAG9,4.13417502438202,0.464801783320902,0.474789377753389,1.07246167012681,0.300390074137197,0.510316139617273
TRPS1,1.60862705241186,-0.316577761934257,0.763282353518743,0.520525927684353,0.470617422415252,0.645997352059251
EIF3H,32.8828239253614,-0.43209259506606,0.164136662277236,7.01080874526929,0.00810190733683115,0.0396553419809116
UTP23,1.71335495751929,0.29955267161256,0.648700722162022,0.295922252867605,0.586450167818598,0.714367210193629
RAD21,7.61972148339198,-0.155092369285738,0.323690433055772,0.271891983750209,0.602065428209215,0.723848723575842
MED30,4.28928514695272,0.123537418706685,0.410596967030374,0.0933777210850906,0.759926213636726,0.810870248505286
EXT1,1.43211336745584,2.98794802896427,0.875304001649277,13.8223431696983,0.000200932506964502,0.00174407139189585
TAF2,0.52363733949053,0.567661280785747,1.12468019673513,0.955944681240446,0.328210731715904,NA
MRPL13,6.57737400174619,-0.953249523482853,0.344572671767259,7.82693014890245,0.00514734490483945,0.0275966138030238
DERL1,14.9627177493894,0.645720479975385,0.224777764215355,8.40339458087547,0.00374520995013969,0.0211331920575101
C8orf76,5.48109157179647,0.270857805879257,0.358927006266393,0.571536067101519,0.449649169096867,0.630970943033113
FBXO32,0.111376620944055,-1.17898465953649,3.04958177027197,-0.0482997242025256,1,NA
FAM91A1,2.34340588374916,0.97722181290945,0.625465275256578,2.50894564473279,0.11320164648567,0.276143093779205
RNF139,3.41636688166484,-0.630060459699722,0.515871521321022,1.53044444151358,0.216045754251711,0.420428193729591
TATDN1,0.666366906045549,-0.207448020348329,0.921589021200637,0.0675707481826819,0.794907170683852,NA
NDUFB9,11.9247636429274,-0.412323485206286,0.289757395277068,2.05171451080777,0.152034894814343,0.334291293657085
MTSS1,12.6201945257589,-0.792519875242715,0.284333035916123,8.19008559540104,0.0042119936263076,0.0232850174212112
SQLE,1.41122065171309,-0.284874075086097,0.778898812233756,0.158014268382558,0.690991350486782,0.772272144002127
KIAA0196,1.08967831837774,-0.513909981718705,0.92566015468314,0.314332027527072,0.575033966739144,0.708018514803592
NSMCE2,3.72850254857481,-0.186929765617002,0.431772268339316,0.195393900896704,0.658464730549919,0.75548995858639
TRIB1,1.90184284212964,-0.97632539780792,0.648232028704695,2.38262629285612,0.122691128029595,0.291867714505185
LINC00861,0.173631694269178,-0.725953076624329,1.68866908990484,-0.00980095735857489,1,NA
MYC,2.28377949218583,-0.654432834679958,0.584223859020157,1.39692168491609,0.237239661580644,0.444724578209296
FAM49B,48.1439221272474,0.236480161268898,0.15013077451309,2.57684963046211,0.108437285810751,0.268296698841796
ASAP1,2.04038532393066,-0.792197452858374,0.673668492681124,1.40315468343901,0.236196087181779,0.443718461756574
EFR3A,5.61572323818685,0.460547075003413,0.347884167568935,1.83676674337376,0.175330377945716,0.366447665774675
TMEM71,0.565729961119839,-0.0824832368158826,1.06301306634468,0.0698920918122994,0.791493959028934,NA
PHF20L1,7.48810876279493,-0.362932300058098,0.301879920570634,1.46343130352406,0.226384952652648,0.43163876473411
SLA,1.12436788536822,-0.720572998744609,0.896394420757098,0.7496842858693,0.386576206140116,0.581589970161607
NDRG1,0.664226802199297,-0.744825967180354,0.975609626726547,0.59122973867359,0.441943980014245,NA
ST3GAL1,3.88936071257858,-1.24046957763996,0.493644885756904,6.55455673215585,0.010461589745879,0.0484135915050034
CHRAC1,3.74735364923092,0.180886852195281,0.441245536687316,0.201076653668324,0.65385320215204,0.752594369419178
CASC7,1.71092755710787,-1.28887621194962,0.792051016615109,3.09474457634182,0.0785454777001933,0.215390548186394
AGO2,1.23471237380004,-0.10343914453732,0.817277329558457,0.0362355330850903,0.849029914075252,0.871062332739519
DENND3,2.11454670955793,-1.04736136105361,0.601416110636429,3.15062157154671,0.0758980466507375,0.209789458671953
LYPD2,8.03339797536604,3.36234972431398,0.490668296893212,57.5423627331425,3.30777789657159e-14,1.17849203198783e-12
LY6E,347.907411665454,3.88159515551905,0.240830101620511,219.85222355317,9.74131193216749e-50,2.03070081285134e-47
GLI4,0.783970948343785,-0.445994642888029,0.897487213876892,0.367316419680115,0.544470695395924,0.690809102324928
ZC3H3,1.61269576129104,-0.107165448733853,0.748840985628329,0.727201157083641,0.393791909486473,0.586999956539311
RP11-661A12.5,0.92903056429074,-0.381031892086842,1.05035689312815,0.544316259009982,0.460649412980257,0.639063534430408
GSDMD,25.0126460157574,1.14774836339613,0.218689041441385,28.2893607853967,1.04468591638378e-07,1.67587311403136e-06
NAPRT1,6.87243504493036,-0.591454116501144,0.42055123954158,1.96562855162406,0.160912632049979,0.347086451672746
EEF1D,150.031699540167,-0.240533677998555,0.124871298818971,3.70988327243393,0.0540911736552204,0.165322050952215
TSTA3,4.49706501313891,-0.0122726693733782,0.448424682596952,0.0804426135786684,0.776698488420681,0.822231241812291
PUF60_ENSG00000179950,11.6261011951319,-0.160257727512099,0.281351799961632,0.803285754754924,0.370112795008562,0.570578920204395
PLEC_ENSG00000178209,3.30211744415532,-0.583228257570691,0.470081018296019,1.55198343660734,0.212842870638321,0.4162322193595
PARP10_ENSG00000178685,8.07572708804369,2.12040202244389,0.37556709609467,34.48969896939,4.28513114847246e-09,8.3895475009071e-08
GRINA_ENSG00000178719,29.0308158804968,0.254986130989242,0.248720009278579,1.1949870913046,0.274325904130956,0.486952486182959
EXOSC4_ENSG00000178896,2.27870694360732,-0.996094167358606,0.572434069542243,3.09354317148709,0.078603479891826,0.215421343818028
GPAA1_ENSG00000197858,4.86179786522128,-0.785050447003634,0.435408913197377,3.26864473801984,0.0706159386090684,0.199498193085848
CYC1,13.3001607966277,-0.718482436439519,0.281983141195614,6.52316160160632,0.0106478551829987,0.049134078736006
SHARPIN,4.45082326080985,-0.378995578320687,0.423032022332092,0.904322966131772,0.341625203617751,0.547028807883349
MAF1,11.0592688151847,-0.930092071886511,0.308760120693064,9.16410993046804,0.0024680764594378,0.0150791351380208
MROH1_ENSG00000179832,0.438345183486003,-1.54219974391765,1.18418769857293,2.23298917514943,0.1350922699913,NA
HSF1_ENSG00000185122,5.36482180773546,-0.814536834899536,0.386432598168272,4.48715826863898,0.0341504002541734,0.119342595044462
SLC52A2_ENSG00000185803,5.70913700663498,-0.172199634613701,0.354862418952963,0.50318056759582,0.478105932178984,0.65087532459443
SLC39A4_ENSG00000147804,0.570048691172831,-0.819449481740659,1.11892584155747,0.658785800934766,0.416988928715017,NA
VPS28_ENSG00000160948,20.8045517796315,-0.381204154980518,0.20432297885672,3.5218389787901,0.060565211633896,0.180166804316755
CYHR1,0.813483970379069,1.12675118849453,0.892550694092845,1.79548407173843,0.180259408791083,0.372933712718351
C8orf82,1.31459336436586,-0.755781877518896,0.704981481860556,1.19412528048505,0.274499014926915,0.487009254045203
RPL8,389.450722377701,-0.580531561553152,0.0969990427243344,35.6042005419944,2.41765650243547e-09,4.95498295883764e-08
ZNF7,1.04347847990147,0.953291105838844,0.796029314295742,1.52418028928371,0.216987985291886,0.421325213519859
COMMD5,12.1550774409537,0.124630086820103,0.275089356194412,0.238069981207744,0.625603564251559,0.736683059518362
C8orf33,1.67340965312689,-2.10589875588576,0.79422607556842,7.88726694352252,0.00497840377630948,0.026860714303788
CBWD1,12.6998228086802,1.18177915332257,0.432974558329243,7.60439141538075,0.00582263135747043,0.0304446117394017
DOCK8,18.8318247553142,1.59851856847536,0.263049230873459,39.2246054833916,3.77749628006543e-10,8.38713666820324e-09
SMARCA2,0.856263624602855,0.295636765358232,0.88154407070698,0.1757158391855,0.675081129855981,0.763969928671736
KIAA0020,1.21359470272322,-1.092472836687,0.822935804735936,1.80843379000915,0.178696225755884,0.37111656330305
CDC37L1,2.61261631805615,-0.00301220537818964,0.512072958030958,0.00671734456929585,0.934678992489767,0.938507761097377
AK3,0.600633142517374,0.0812039515844612,1.02299899022714,0.0871316396494706,0.767855852417773,NA
JAK2,6.69339318350412,1.11856534881935,0.345205177110861,10.7868729212919,0.00102222422431393,0.00721761740919876
PLGRKT,4.3638260821979,1.51000319731663,0.464124698489227,11.0952457944898,0.000865493118403019,0.00621863631146783
CD274,3.9415415462763,2.8703446954886,0.589698315488088,28.4554867754246,9.5877665329467e-08,1.54615350826046e-06
PDCD1LG2,0.952169167583255,1.10400094521462,0.99910291083386,1.35756393527135,0.243960119409066,0.452889309826948
KIAA2026,0.94511171903573,0.0798862322500093,0.825225297913647,0.198694562515414,0.655776627259497,0.753958568826678
RANBP6,0.851115139590302,-2.64729294225159,0.993520355612553,8.10667433777597,0.00441025654379754,0.024260369928538
UHRF2,0.556342674645228,-0.665268256719936,1.12755216809002,0.548101272085866,0.459094552788486,NA
TMEM261,1.73321187725239,-0.555959217366357,0.688010462664966,0.869346511920462,0.351136285289581,0.55500726238188
TTC39B,2.54786438568822,2.5045658335906,0.656820295577647,16.8621928749254,4.01942796607378e-05,0.00041381234915952
SNAPC3,1.36889268689833,-0.532439465476066,0.703315700887253,0.752559555060515,0.385667068493995,0.580822756385157
PSIP1,3.26597002773099,-0.341803352680934,0.46594432034957,0.539211417391442,0.462759724486526,0.640020065576859
RRAGA,9.53051021005246,-0.279816263256214,0.290009423740692,1.24116360107877,0.265246917320986,0.477787510094945
PLIN2,13.2245278722207,-0.968541023268312,0.288087434836391,11.4040672206881,0.000732834870977921,0.00540410600403454
RPS6,452.428633367528,-0.6186560935562,0.0987356313374943,39.0257334094127,4.18255833087098e-10,9.21968253653862e-09
MLLT3,0.313625548217121,-0.0132155714976219,1.59275741029196,-0.0323429125878683,1,NA
PTPLAD2,6.59859801525802,1.28168595255766,0.350078061551197,14.181935405252,0.000165956152660549,0.00146538804539459
KLHL9,0.96510132198527,-1.30367787126872,0.85298398757465,2.65072917802173,0.103502409532846,0.258927010306668
CDKN2A,0.442679828920579,0.0340884374707439,1.39719215146805,-0.0306419507102511,1,NA
PLAA,1.88239218028587,0.179875357894784,0.578873452808226,0.182920575698404,0.668875265388443,0.760740205928587
IFT74,0.78579411247378,0.810964111785787,1.04695572626305,0.650076425854273,0.420085356642646,0.60896442595777
C9orf72,7.33453386023784,0.981468480948448,0.32690065255373,9.70012779706433,0.00184255197257086,0.011810835238404
DDX58,56.3556165977973,4.07129859318604,0.237195402780318,366.488771432836,1.0881960143254e-81,1.11141086263101e-78
TOPORS,1.87482662289852,0.404873185019813,0.639361985417239,0.636644352765977,0.424928544212071,0.611976996223636
TOPORS-AS1,0.934289358417386,-0.439394109464201,0.923413140652289,0.651212910455371,0.419679365971492,0.608564873325439
NDUFB6,4.72444855797159,-0.237589308499474,0.42686303486396,0.885775389424168,0.346624710785087,0.550559079771747
APTX,1.99698053036189,-0.0509437795294619,0.636390112405183,0.219085379914397,0.639737698334185,0.743583022066937
DNAJA1,148.823373493173,1.35842966230394,0.146852835994551,84.2901828465426,4.27231340618471e-20,2.38006695937272e-18
SMU1,4.64859002251613,0.854801492638108,0.436135516183745,3.87869740823014,0.0489024844219457,0.154861746715351
B4GALT1,2.33207293176127,1.19988588899337,0.56223717277625,4.74264294535197,0.0294238353054757,0.106818283620826
BAG1,22.7478678902165,1.92199835489068,0.244999030497897,63.8398765542451,1.34954059620501e-15,5.47681110830749e-14
CHMP5,47.2363654187554,1.39883245621468,0.165225316991276,72.9306230038069,1.34288295362916e-17,6.18735845100716e-16
NFX1,0.995741673589559,0.0854829846360358,0.83111326025083,0.199962207545653,0.654751352726077,0.75320373371605
AQP3,0.143806762015397,-0.751722298559403,2.04337828453392,-0.139044917945217,1,NA
UBE2R2,5.63976878505919,-0.747399363624912,0.39046820891298,4.1335948361976,0.0420399561788899,0.138580339679525
DCAF12,2.61243252532661,-0.55708540678293,0.5825162385022,0.96194139445489,0.326698229087103,0.534324328996069
UBAP1,3.58323720767686,0.646329423559589,0.452048836220527,2.08461295563112,0.148789929999909,0.328689506503043
NUDT2,1.21991327061766,0.0859614570547282,0.769524801973664,0.0668211533103928,0.796022685834434,0.835564751420591
RPP25L,7.64048006312762,-0.317444211728988,0.334813031846,0.9734720465311,0.323815784398392,0.531530719360669
DCTN3,8.9666961598746,-0.666810997188357,0.293766927380741,5.21425170954379,0.0224024858563727,0.0867543308281512
SIGMAR1,0.807984948106386,-0.717206295209178,1.06249284748588,0.463715864865456,0.495892459963753,0.661189946618337
GALT_ENSG00000213930,0.642083699081053,-0.694679616921748,1.119271337856,0.609279194010256,0.435059335466853,NA
CCL19,0,NA,NA,NA,NA,NA
VCP,15.9600189686474,-0.187968861255058,0.263281877698117,0.509417310138687,0.475391206903283,0.648860463021856
STOML2,3.91517706913287,-0.313940210632478,0.454239051758158,0.476538656871242,0.489994360201534,0.65817166454107
FAM214B,5.01604499919532,-0.522610166512411,0.397719301031589,1.9510641368596,0.162472225986692,0.349466409563514
CD72,0.906608925716226,2.23489611930904,1.10126141170745,4.23433022488572,0.0396142508795979,0.1331567615157
SIT1,0.18658300155908,-0.386400889728165,1.89780582354001,-0.343637857282037,1,NA
CCDC107,6.80987504312282,0.350669076514637,0.368097887354377,1.09899750191617,0.294486216016478,0.505618829477472
TLN1,11.2005584540724,-0.251298811775928,0.26770932100823,0.965109450641322,0.325902903872293,0.533564786248841
CREB3,6.54791119300455,0.377214310835604,0.387829943265206,0.995899097178892,0.318304845131408,0.526470199990625
GBA2,0.519147261068882,-0.131694244860283,1.3460007599045,0.0140728195702096,0.90556935592646,NA
RGP1,0.755898056795408,-1.18718122603517,1.00445186322493,1.68891640821669,0.193743872015339,0.391898237580427
HINT2,1.31127106633572,-1.10462872645045,0.850266161670667,1.69727873625344,0.192644243921202,0.390901962499711
GLIPR2,23.3255387291973,0.759343243519977,0.23806230330767,10.2730234327324,0.00134989410436219,0.00909027590278189
CLTA,32.4617098122193,-0.0749386567556138,0.175049900851858,0.249115627396435,0.617698480859348,0.732590150745535
RNF38,1.23550692016948,0.999713821366468,0.844813960236904,1.4715607485636,0.225099604114541,0.430223993724481
RP11-220I1.1,1.69603339618189,0.466554797244614,0.764954222965399,0.368789475116969,0.543664848373208,0.690339451063204
ZCCHC7,0.658278962297504,-0.551475512521702,1.03428820941652,0.439315259779704,0.507453135566394,NA
GRHPR,1.88725100121268,-1.55890048506609,0.670748655804389,5.66077799064663,0.0173484259845506,0.0708275280824784
TOMM5,1.02901059925609,-1.92535315190048,0.864588951611588,5.21144086426678,0.0224387313827822,0.0867543308281512
TRMT10B,0.587164141243938,-0.431501957282789,1.10433873099828,0.353661547989098,0.552047699131732,NA
EXOSC3,7.69571911361721,-0.733392078705787,0.420188138695352,3.08709760482201,0.0789154516205723,0.215996958461636
DCAF10,1.52507544425108,0.0803182731632345,0.679925633706712,0.450732976526915,0.501987080891579,0.664257575405657
SLC25A51,0.347837386896173,0.0699103148333044,1.42432015491224,-0.023320377644275,1,NA
CBWD5,6.31742526783463,1.64098898850462,0.397490574773944,18.3712329709159,1.81781838368716e-05,0.000199992658083213
FAM122A,2.14602164139842,-0.547530905987827,0.659141725299753,0.704715673467341,0.401203681803524,0.593746301250128
FXN,0.688684552328783,-0.805446055364885,1.08338561197388,0.503929609859739,0.477778555801558,NA
PTAR1,1.10803602099652,-0.786372102630315,0.799748295737548,1.18151817654343,0.27704714160045,0.488259680953381
SMC5,3.03002131807114,0.108479263226506,0.493242093205585,0.299591682505422,0.584138512434855,0.713352093304263
TMEM2,2.12205476288881,-0.210628261577654,0.623732666347673,0.270913341061465,0.602719752500267,0.724055366191592
ABHD17B,1.38402957445619,0.109040765686759,0.810181286563539,0.190107974832053,0.662826766205527,0.758050800404253
C9orf85,1.26605958775752,-0.201652299413431,0.801991063160166,0.0743163302097116,0.785152857582551,0.828276735319239
ZFAND5,19.3359141022502,-0.538389486717751,0.218280650007232,6.23982663880217,0.012490870213981,0.0554706711691328
ALDH1A1,0.676235692828005,0.239660835328764,0.956031240464621,0.28457227013913,0.593719929337466,NA
ANXA1,343.746092237919,0.761920092546457,0.15837431363405,22.9608765013962,1.65332112698219e-06,2.17882835831116e-05
C9orf41,0.734200132566137,-1.87906106868805,1.04285985989323,3.76296581260664,0.052399558045069,0.162173985707163
NMRK1,2.42200748486033,0.862808651380421,0.601455967127412,2.34632549183413,0.125578705305735,0.297312994743765
OSTF1,31.7496047800671,-0.232210409132347,0.170744955563163,1.99535905714239,0.1577816689779,0.342139443558588
RFK,5.72585101364202,0.0105944558589406,0.364301869342257,0.295738390588653,0.586566484667947,0.714367210193629
GCNT1,1.6141672743546,1.78472651270323,0.758439859911716,6.30580732957761,0.0120343098669802,0.053947513434422
VPS13A,0.134702725177415,1.14710255095913,2.06986079717984,0.244833980462214,0.620736353271434,NA
CEP78,0.269223941421336,-0.433401715377618,1.59592267793835,-0.143307044069481,1,NA
PSAT1,0.0464271167714418,-0.552415847297284,3.05608535745399,-0.767467857003339,1,NA
TLE4,5.94632470754432,0.169574874673415,0.352225988229146,0.330667827309398,0.565266111528318,0.702626923214104
FRMD3,2.09301082758894,2.93475743733433,0.774392994650654,16.4306159734576,5.04635555621865e-05,0.00050861952053467
IDNK,1.97620196250092,1.24229417598585,0.654357625470993,3.76784953715116,0.0522467636142388,0.161782803147072
UBQLN1,5.53143390189049,-0.0429070718949402,0.346633741204268,0.282373257690111,0.595149902046593,0.720055004884803
HNRNPK,47.5527925703493,-0.00855944037874633,0.142185668290525,0.0617138508003876,0.803807351770891,0.840568507107853
NAA35,0.711738157337433,0.224454164880348,1.15614849051308,0.152942709407107,0.69573891331175,NA
GOLM1,1.38967994947731,1.06650823746189,0.795140595700772,1.79960713494729,0.179759997604989,0.372026094334135
ISCA1,1.67250868211573,-0.0332795421714382,0.742435223592531,0.00248996045731076,0.960202472899954,0.961614766126968
ZCCHC6,5.42878579705597,0.0470815826558407,0.36458264255157,0.044543173611288,0.832846275499381,0.859942590586594
DAPK1,2.92828503961447,-1.36941752928775,0.561485846318714,6.16097509024418,0.0130599194740805,0.0569616986029645
CTSL,139.007094750545,1.62147052224742,0.211395385725697,56.5145700951404,5.57834974739754e-14,1.92045658719394e-12
SPIN1,1.33057824841707,-1.13977956969107,0.871761979826045,1.83780496185117,0.175208437180789,0.366442765543985
CKS2,5.50341342607215,-0.186732057303788,0.43939732974388,0.332173495360522,0.564382049410776,0.702596956057485
SECISBP2,4.28163641837447,-0.382392951246367,0.448482549885769,0.734510910424888,0.391424923103475,0.585465445149645
SEMA4D,3.95023322443129,0.207310375928404,0.516675009387373,0.49840429334678,0.480202102167782,0.652148731012751
GADD45G,1.63632374481161,0.149860737737943,0.947933685611292,0.0675289514432365,0.794969196432906,0.835031065433811
SYK,4.98777497463622,-0.726423936407598,0.370724858141088,4.13845558707517,0.0419193983121756,0.138257305089888
IARS,0.39377861697897,-0.524791378320378,1.28903340770182,0.138332753070738,0.709944139154827,NA
NOL8,0.838079453999871,-0.607842151625252,0.938085156478689,0.806584044463008,0.369132110097063,0.569783770950832
FGD3,2.54497137433075,-0.00273053136979685,0.519221165349197,0.299193501115425,0.584388465377181,0.713515145612944
SUSD3,0.928603493413383,0.491907839245812,1.02118409721679,0.482986840137286,0.487072506661208,0.656861866377616
C9orf89,16.8188233535726,0.253049510023288,0.258744484443331,0.959392602615324,0.327339958574915,0.534861595287572
NINJ1,104.603566379715,1.25166734604145,0.204033325365549,36.7253152667973,1.36001833357108e-09,2.88380358066559e-08
FAM120AOS,10.4333601680527,0.111069197464878,0.266713125318539,0.218348551100689,0.640301130742644,0.743949626065471
FAM120A,3.13374765550888,0.266831344466072,0.483575983883417,0.508393493619849,0.475835128569843,0.648988954867018
AAED1,11.2100605285055,1.22080195495167,0.282851232280719,19.1553297538808,1.20500561720365e-05,0.000137766313847462
TDRD7,4.03166478313628,2.43507358827134,0.554036141788458,21.735144946884,3.13004161522361e-06,3.92247341883237e-05
XPA,1.37604125902492,-0.692226453662635,0.695072126333006,1.32702196176298,0.249335705627141,0.459942565949164
C9orf156,3.35943659603575,-0.820009608948039,0.527488123087854,2.66942265747974,0.102293125026553,0.256801421615206
ANP32B,13.0818607467749,-0.769452295387858,0.279749437783038,7.69124521001449,0.00554893297107519,0.029238057821796
NANS,21.121031730646,0.032659968333749,0.213722104163077,0.394334278004251,0.530029874534559,0.681516950220189
TRIM14,6.96252963218883,2.07522901201613,0.393330730884002,30.6750285557002,3.0506596694157e-08,5.23653850257125e-07
TBC1D2,1.37848438876504,-0.787420819325733,0.739857919481107,1.29572272904201,0.254995996933207,0.466870471827515
ALG2,4.1822435582813,-1.02238688284677,0.536961289826274,4.43877242265653,0.035131499560737,0.121699168630976
SEC61B,41.6228351768077,-0.0615875886150912,0.143241850578212,0.184865763627201,0.66722460146411,0.759580078307179
NR4A3,4.32148391823451,1.87364191520617,0.548047588971032,12.1269321468615,0.000496988118193163,0.00385511795985785
STX17,3.41313619135392,1.53579032309717,0.592791554846715,6.89407908571761,0.00864817025609718,0.0418609694544735
ERP44,26.5563244773149,0.516169083637647,0.171992025852959,9.39261959906284,0.00217860686258451,0.0136229620958346
MRPL50,3.50842802019298,-0.683251021451162,0.472185163153213,2.10790461752345,0.146539851061905,0.325714982701252
RNF20,1.65214405397843,-1.02139079774873,0.749212736517324,1.95262653649723,0.162304097348185,0.349227355530084
SMC2,1.90413596769328,-0.966776278312373,0.719129004103162,2.20789079127109,0.137306287435558,0.312509517334269
NIPSNAP3A,9.68748100958284,-0.0318546031905312,0.289859723803743,0.0390141369922645,0.843420658545541,0.86704945404581
SLC44A1,2.87495665369651,0.765215139184912,0.536893322118365,2.26630176284706,0.132215073329838,0.305972042811649
TMEM38B,3.41792571839379,0.439999746432943,0.456657973822843,0.939232069794819,0.332475411927087,0.539854086987066
RAD23B,8.24222822448876,-0.604098530465169,0.341510300658229,3.43347514033368,0.06388753596766,0.186696623943643
KLF4,2.9704945489895,-0.867482022653125,0.468246696235567,3.79772043831412,0.0513224097608243,0.160215856859058
CTNNAL1,1.28548482744682,0.296952305679665,0.932828004452405,0.319086488578691,0.572157149679088,0.706025869354144
TMEM245,0.709113342392947,-1.94938555566473,1.1757794341477,3.38564110047613,0.0657665976363759,NA
TXN,185.725050044963,2.37971662582475,0.303965274469082,56.34444388557,6.08249084560474e-14,2.08231865373552e-12
PTGR1,0.359386914030147,0.284267215814868,3.04978859188364,0.0718650860821874,0.788640324839423,NA
UGCG,0.682247364778795,0.0603326758151832,1.27037387653208,0.0192664019184718,0.889605455755645,NA
PTBP3,4.28441667853581,0.558216333031074,0.424555286348784,1.73916024632481,0.187245264261256,0.383887246367673
HSDL2,1.09400756972447,0.505737850478932,0.806572886221008,1.0221848929533,0.312001306463225,0.520540159544416
INIP,4.79732731761273,0.0545728342166315,0.417803534881766,0.0924329881126198,0.761106605260962,0.811847045611693
SLC31A2,75.4218053829916,2.00720379643927,0.218356440370115,83.6238356361146,5.98471141402413e-20,3.30399203109368e-18
FKBP15,3.45775002341887,0.531021641471188,0.49018093837049,1.19279548866217,0.274766397518657,0.487060597047824
SLC31A1,4.00234875464826,0.701235843002367,0.434498229383688,2.68536326787876,0.101274127924299,0.254660589216292
PRPF4,1.52704647441881,-0.120721751158109,0.676430456124934,0.0445363503820602,0.832858889544947,0.859942590586594
HDHD3,0.3817054068874,0.334997098487323,1.25357910333723,0.0763021506621122,0.782372615283089,NA
POLE3,2.7062987791139,0.0736078744948272,0.550061300048554,0.232655496713207,0.629561770304305,0.738485328568065
AKNA,2.10925158276318,0.373850084822472,0.601278249255432,0.49879879466814,0.480028397383224,0.652148731012751
ATP6V1G1,97.0694931719531,0.23296420287062,0.125779889772709,3.52213519702519,0.0605543888696552,0.180166804316755
TNFSF8,0.362222460467174,-1.46683896508534,1.23415237341824,2.1194779458817,0.145436110713348,NA
TLR4,3.36841385977049,1.77798779533387,0.510927189017257,13.5399774462781,0.000233535201058608,0.00200434693569629
CDK5RAP2,1.03936904267615,-0.0888295720395831,0.789341220831237,0.101691993410796,0.749808546795952,0.80469820924091
FBXW2,2.04906300240615,-0.547557851734595,0.583873314342861,0.955253018088513,0.328385781369734,0.535768921254986
PSMD5,0.861513015750963,0.718642591993288,0.923593600757637,0.75657108515437,0.384403727549293,0.579775053512692
PSMD5-AS1,1.87407526558435,-0.818059317007438,0.772077865383691,1.14801343896938,0.283965392811436,0.494920343330056
PHF19,2.29637183592363,-1.62948150259351,0.678742152894494,5.88397118732368,0.0152793223072481,0.0642053199260915
TRAF1,5.28298509166884,1.32266236721826,0.482816290961182,7.65043910269918,0.00567585043371046,0.0298298554526395
CNTRL,6.36984348885273,1.28908138213059,0.39470891058606,11.7266988395666,0.000616097817244355,0.00464384677007799
RAB14,9.85680246821095,0.28722110903784,0.347598960236543,0.785076006913968,0.375593198197231,0.573401873082369
GSN,3.91094844087202,-0.0143461800146356,0.494039727540358,0.0369143138628516,0.847639607634147,0.869927234229116
STOM,19.7233849939015,2.85806380160253,0.280225033406554,121.719804837349,2.65853350420732e-28,2.39580784026212e-26
NDUFA8,6.35018737847561,-0.656190867854625,0.355416171049238,3.46827053806939,0.0625566835181906,0.183859643452984
RBM18,4.86204545591605,-0.443962088507426,0.437013136377155,1.04620831992595,0.30638196380204,0.514458204032432
MRRF,1.30320204597646,-0.659437143785158,0.754317358258646,0.800492850487238,0.370946056177931,0.571001615739352
PTGS1,1.1789896846274,-0.488026978529703,0.756415385048049,0.499216380481251,0.479844640286966,0.652137492942676
PDCL,2.50536946704398,-0.408202510754116,0.550289409459347,0.566146348247543,0.451794331444416,0.632821865849459
RC3H2,1.81000734996475,0.0816331674683404,0.613979145834711,0.163330656524103,0.686108392140194,0.770385542690911
STRBP,0.274512615362348,0.268571051664066,1.76784416412102,0.0918201298831107,0.761875865479613,NA
NEK6,2.15351556748059,-1.34045955781414,0.718647650717438,3.57987985724002,0.0584833808433387,0.175489201775815
PSMB7,25.3078262290279,-0.455340255785478,0.179677379339752,6.44321886274165,0.011137665274495,0.0508460351670489
RPL35,97.9202403435085,0.0292460754018955,0.147903342922308,0.10509259022723,0.745801858798647,0.802224642920504
ARPC5L,6.84028861408631,-0.207352295350238,0.347153889773486,0.409219434889465,0.522365955445799,0.677186074671432
PPP6C,5.19563433045223,-1.16712198023992,0.382516102245211,9.68690696455532,0.00185585678012794,0.0118712842887516
RABEPK,0.380839857432937,-0.294368822632229,1.2680066974158,0.0744572451787384,0.784954263429249,NA
HSPA5,31.8806248612116,-0.0144697490847212,0.232198754995916,0.0579634592860288,0.809744221028527,0.843896698378029
GAPVD1,2.02577267791408,-1.20826477044687,0.628454003081709,3.81573931271207,0.0507731935485535,0.159149938652448
MAPKAP1,4.83967736554478,-0.0380145042617891,0.400642170273865,0.0099209335376429,0.920658810855388,0.927317092853685
ZBTB43,3.64658772429341,0.856124779543384,0.508714083186693,2.94996546969196,0.0858793929922961,0.228415329972565
RPL12,298.613386939069,-0.177588365327041,0.115792937133111,2.35275150386522,0.125062092743576,0.29658688248167
PTRH1,1.57184959339038,-2.0135604162606,0.759424010488421,7.61643549086752,0.00578386990989457,0.0302677667018223
TOR2A,4.39005212796512,-0.971457368442065,0.431257670546439,5.13644120807905,0.0234286277137934,0.0894521063116048
CDK9,4.36503841242542,-0.0236214522697362,0.407764709429107,0.0427152130340431,0.836262440795817,0.862294503987341
ENG,13.5788870048615,-1.88151102899783,0.267523931942673,53.0586897032638,3.23729663680105e-13,1.02258524692355e-11
ST6GALNAC6,0.453354851525601,-1.3738756586489,1.19686751241495,1.73045593964787,0.188352680324411,NA
ST6GALNAC4,0.701309613976292,-1.24947176071171,1.10860254170006,1.60294619217848,0.2054861915958,NA
DPM2,3.88382136861922,-0.8953018863968,0.446037052272759,4.27393560931495,0.0387011954268845,0.131050540988468
FAM102A,0.353042963431822,-0.773495239970199,1.28689061861194,0.452065195297909,0.501355854174333,NA
SLC25A25,1.64390854070095,-0.53373120120653,0.644279850261023,0.719971247636778,0.396153340609483,0.588658504184023
PTGES2,1.1876236258362,-1.43057939414723,0.980257333507605,1.80764019556725,0.17879157006836,0.371149980141907
C9orf16,10.8083077476527,-0.465733001408155,0.301929906361994,2.39262063899017,0.12190911002334,0.290642751180736
GOLGA2,1.85351208944439,-1.01013854221822,0.656368874462536,2.60750896553505,0.106358713545456,0.264086789548847
SWI5,1.34745674633709,0.613178015734818,0.696515341663008,1.28845700900754,0.256332499053667,0.467780093567858
TRUB2,0.671544551576501,-0.186797363918758,1.00114381365638,0.114424107666402,0.735162497110436,NA
COQ4,1.21983471944197,-1.08279265918657,0.785901985693329,2.02596107017705,0.154631070601105,0.338058937082972
URM1,4.19094465635003,-0.922564639527345,0.443286098515448,4.73603548599439,0.0295370627072808,0.107039101283393
ODF2,1.14890459974376,-0.75729870128354,0.817219498611213,0.952078022610515,0.329190918010902,0.536511155736916
GLE1,1.96413890436408,-0.295799058893828,0.657724240249972,0.420193983858375,0.51684026596777,0.674302139631785
SPTAN1,0.861991349468424,-0.264080396089554,0.888532376854945,0.108650098107425,0.741686244645926,0.799903785144357
WDR34,0.235157664751755,-0.93883584498483,1.61161236333019,0.218504895451513,0.640181481867028,NA
SET,5.108558113721,-1.33821426755295,0.385799942744954,12.6082728389998,0.000384043205201731,0.00309589180615986
ZDHHC12,7.26377162651862,-0.486129550167931,0.341348671752567,2.28746384504203,0.130422882366237,0.304207461618798
C9orf114,1.73388987979777,-0.770451124210249,0.746360256149394,1.18456153215534,0.276429310960489,0.487861531503544
PPP2R4,1.29389895020651,0.519536156971106,0.692817199192621,0.763542789145674,0.382222084900537,0.577906966758079
NTMT1,6.40180700192628,-0.535083872238876,0.341752502187858,2.48331315149623,0.115059650050133,0.278359863998111
TOR1B,7.7854773248282,2.00708663550844,0.355218833114222,35.680778191901,2.32446250543817e-09,4.77996853467285e-08
TOR1A,8.77238897168212,0.274129595399919,0.319622921520406,0.943117021918567,0.331477510510543,0.539023840872726
C9orf78,16.1057082837946,-0.624292707949091,0.223209690487366,7.9408166167871,0.00483320189053753,0.0261873220028417
FNBP1,9.80545579957524,0.425412919468293,0.31780700843886,1.88083060633156,0.170239773940516,0.360021432961931
GPR107_ENSG00000148358,1.57601503991026,0.523268493693375,0.627978050970801,0.812412611425131,0.367407921428322,0.568110014169127
EXOSC2,0.115411815799006,-0.149766817892546,2.23746475452909,-0.302330583159765,1,NA
NUP214,11.4253429840703,-1.28760932894729,0.353780602824189,13.6113136493599,0.000224826515231257,0.00193502371536116
PRRC2B,0.969160310189192,-0.28916459991687,0.844747505582741,0.156537211909011,0.692364840913577,0.772447840142065
UCK1,1.46548737904253,-1.28633324641727,0.715603915856401,4.27071917922977,0.0387745163440457,0.131131476907457
RAPGEF1,3.15866881678358,-0.343190919316192,0.490089697716553,0.860352703866667,0.35364000874374,0.557383223657828
MED27,1.00683344547462,0.294285022482385,0.90497983687383,0.129507969789671,0.718942739049155,0.787150456475472
SETX,3.70149177840473,0.707462839150301,0.469179627654989,2.76994886074887,0.0960492298443044,0.244965034922211
TTF1,3.34226020685753,-0.166735769394286,0.505807987032898,0.196984334993914,0.657166094720797,0.754989469150552
GTF3C5,1.02810276144414,0.1427968684733,0.841781054262298,0.0495582971960573,0.823833659417694,0.854077595146613
RALGDS,0.959011316088893,-0.231041779721785,1.0061647800414,0.601660565533095,0.437945145605375,0.622682464617434
RPL7A_ENSG00000148303,91.7901807337849,-0.513307436552984,0.144929303793215,12.5152006044818,0.000403654445622429,0.0032208260973623
SURF1_ENSG00000148290,6.85070759827022,-0.391778764621613,0.381996187263017,1.13789113212123,0.286098383294738,0.497082759520883
SURF2_ENSG00000148291,2.10962319092725,-0.965400311824871,0.596657740391341,2.93213178457372,0.086832764961546,0.229957223105288
SURF4_ENSG00000148248,5.03900285285682,0.0635423359727258,0.3872844251912,0.396959460519426,0.528663710454944,0.681314661970115
REXO4_ENSG00000148300,1.34102334142529,-0.310753231968496,0.709669419160841,0.228339410116767,0.632757873827987,0.740271143722395
SLC2A6_ENSG00000160326,12.118974294188,-0.186681684397577,0.288023159945351,0.452578249505862,0.501113120959875,0.663984696172144
BRD3,1.26944541009141,-2.31232782956165,0.874338218042336,7.80881537810595,0.00519919756559657,0.0277532079111287
RXRA_ENSG00000186350,7.75316800437555,0.0012217546058064,0.309408453124031,0.127817725172292,0.720705513802256,0.787642810070056
FCN1,90.0688469786087,1.36969142010915,0.240184157692072,31.8156387865254,1.69522281310323e-08,3.04642973568815e-07
MRPS2,1.1709983576867,-0.488499711079947,0.765151664288218,0.555881246100334,0.455924527731549,0.635556378906678
UBAC1,2.55778208805342,-1.83044058420512,0.577396071164053,11.1759068080958,0.000828663844811157,0.00600952904260683
PMPCA,1.16860685978752,-1.45043924010172,0.754654286838806,3.99613622852906,0.0456046943240626,0.147441467061179
SEC16A,1.10309150659727,-0.881183538995108,0.793979980722506,1.45245378251339,0.228134630124689,0.433894790007478
NOTCH1,1.45976703154783,-1.70531253450002,0.744323623790692,5.69692666778975,0.0169946457094876,0.06970762309755
AGPAT2,6.53574674092517,-1.07233382028155,0.358646836043539,9.17658729740825,0.00245130676794617,0.0150309827173512
SNHG7,2.36181186729725,-2.62118547785174,0.725211059609602,14.9732513458901,0.00010904600350393,0.00101555305390894
TMEM141,4.69068451116058,-1.68458459268193,0.572582526778298,9.01886650670764,0.00267207044254559,0.0160533800705092
RABL6,0.474357700021359,0.0666075157233532,1.06510637120184,0.173250903931773,0.677238640903295,NA
PHPT1,5.72024161018248,-0.243370632605883,0.375755527990066,0.43793967853864,0.508118564734847,0.668473715048334
EDF1,42.9397420238182,-0.40717507606232,0.14728497121768,7.71832479508477,0.00546630951640294,0.0288771937211355
TRAF2,1.15759584314288,0.538567791222257,0.831297022584961,0.447001583642546,0.503762304481965,0.665744102192254
FBXW5,8.57211624456837,-0.552892691725358,0.290689177235972,3.62344905298411,0.0569706494241139,0.171978393926586
PTGDS,0,NA,NA,NA,NA,NA
C9orf142,3.14572287656158,-0.51868940332976,0.520371899937947,0.997387626615122,0.317943452487649,0.526156488480776
CLIC3,0.877934440615067,1.10652348611432,0.927567794034409,1.81799537685583,0.177552077925719,0.369428969067739
MAN1B1,1.59814363358347,-1.17820827830225,0.82031066759328,2.07051511229714,0.150170793112821,0.331262282287749
DPP7,8.82139986548317,-0.101888188229768,0.286173573211517,0.138443980975097,0.70983283192206,0.783668972242228
SSNA1,11.0338652491349,-0.597316293089212,0.26100655860005,5.80883498825641,0.0159458544955602,0.0663382188382844
TMEM203,1.40962445625185,-0.437076447760739,0.70672153963626,0.383666552590526,0.535647462270189,0.685156209075276
TUBB4B,7.49210400355887,0.181695099097477,0.31240862735035,0.34251050171504,0.558383684921969,0.698683874104623
TOR4A,1.94424690416714,-1.06447158795069,0.624106874655046,2.95843450929398,0.0854306180888945,0.227560441756938
MRPL41,13.8870189887762,-0.680717476418258,0.249713856874449,7.48495542570765,0.0062216609247904,0.0321199141930207
DPH7,0.5851302302377,-0.197406947557222,1.07361256776928,0.00280552802176004,0.95775801344631,NA
ARRDC1,5.06301344421643,0.225692833656395,0.365379996395039,1.05531873305503,0.30428530697685,0.512680954622356
EHMT1,1.94497798648589,0.212490332998393,0.578766750906237,0.257308336825865,0.611975423227971,0.728757363688498
GTPBP4,2.57996440856807,-1.78967905767071,0.573528413733827,10.4418850159771,0.00123189483858214,0.00843469449254901
IDI1,6.30794469118394,-0.00355460321141212,0.359503897475709,0.0595490753036927,0.807210069890375,0.842365837171436
PFKP,0.883121696499681,2.48949440975381,1.01010024619183,6.91672712843501,0.00853931231159342,0.0413667239884937
KLF6,78.4137168653493,1.13299030386392,0.158443845704444,50.7557023840166,1.04608203230295e-12,3.08191860286177e-11
AKR1C1_ENSG00000187134,0.29891492248879,0.198963261769204,3.04938297567164,0.0702217808875147,0.791014140852178,NA
AKR1C3_ENSG00000196139,0.359064832004298,-1.30038031634939,1.22754969593839,1.62729812233925,0.202077163835837,NA
GDI2,24.4303826734731,0.0272598509173189,0.174841992825515,0.0252294854278716,0.873796570727238,0.889992007546941
FBXO18,1.36384256511979,-0.477954980973045,0.703889144777881,0.533213075675029,0.465259139435988,0.64156345780012
IL15RA,5.677174868368,2.58688089062443,0.472561980313707,35.0992377642349,3.13323416264095e-09,6.29523244218482e-08
IL2RA,0.0579766435615073,0.529637862663308,3.05444486517633,-0.54610040653149,1,NA
RBM17,7.17419653888358,-0.637874029210293,0.317367421298954,4.0945539890465,0.0430215793223507,0.140906594381275
PFKFB3,8.62403850878112,1.17296305821258,0.327549235105401,13.0978261782456,0.000295638643282117,0.00246486204902423
PRKCQ,0.364533419700806,-0.133090763463658,1.28107078962736,-0.0248547938046251,1,NA
PRKCQ-AS1,0.8533608759775,0.212219360262126,0.893827436486595,0.0658920410251582,0.79741465573831,0.836452757679624
KIN,5.03653507985215,-0.0721831029851411,0.379530080999619,0.0645942952845502,0.799376526496583,0.837793629959135
ATP5C1,14.470547224099,-0.00318230016921136,0.259015825645768,0.0965253047932464,0.756039935716923,0.808738460327807
TAF3,2.30253637078868,-1.37997251525566,0.692145409089855,4.49177228873685,0.0340583516103937,0.119187441727527
GATA3,0.325736690953319,0.579390902145371,1.26555043002022,0.224525676670158,0.635613006370061,NA
CELF2,8.82773618294619,0.314950111791485,0.312448518218936,1.01333820122498,0.314104435425412,0.522156830902961
USP6NL,2.81182735785611,0.377942268185931,0.539746836393132,0.835539893025953,0.360675487145504,0.562396790134261
UPF2,7.06977266331519,-0.293908334848341,0.340128434555194,0.949320829771409,0.329892234508629,0.537368318200128
NUDT5,4.04800275295728,-1.52481163016606,0.496666086526596,9.69631403070967,0.00184638001092506,0.0118230059633739
CDC123,5.14749664295003,-1.13667712847518,0.371004687265252,9.77914875789322,0.00176502009158591,0.0113655677225467
CAMK1D,2.96121212826554,-0.392712175147355,0.492706672966008,0.63052778781524,0.427161783958469,0.614558176794262
OPTN,15.9175224207882,2.94429747738497,0.436983530990761,44.6169039659611,2.39613929486412e-11,5.94475368377626e-10
PHYH,1.66141195381764,-0.2972841171953,0.777355481622158,0.315249818786455,0.574476412598369,0.707915704274591
SEPHS1,1.5856818730373,0.368558874253379,0.699262411913974,0.333201013715694,0.56378026682445,0.702451306969855
PRPF18,2.84537984996636,-1.60204750615984,0.580441079967155,7.98850634516507,0.0047075235762515,0.0255968983808955
FAM107B,6.59419979435301,-0.478449510491613,0.335158053731314,2.04062278983095,0.153146933538834,0.335772597039705
HSPA14,1.4820407123715,-0.449083694538055,0.662556606316507,0.464344050912509,0.49560074241801,0.660944798593594
DCLRE1C,2.12708129269601,1.03385907022451,0.581475256974645,4.01751568383516,0.0450299975651908,0.146156687012441
RPP38,2.10656705215355,-0.190991440173789,0.582741803845721,0.135039066185996,0.71326352840027,0.785126213704669
NMT2,0.281130348423756,0.386714449582983,1.45700533598053,0.146526272011656,0.701877328658798,NA
RSU1,3.80555629798456,-0.617735322177271,0.441783604828961,2.01209777998422,0.156049411928073,0.339826153623038
VIM-AS1,4.31183228216651,0.224715054435156,0.420652059325327,0.289596301302041,0.590479346067212,0.716526224297005
VIM,227.968302580228,-0.313154957558137,0.180847180905771,2.99001399881061,0.0837794442452801,0.224584616944478
ARL5B,4.93671443302853,2.69740557560353,0.576967396159695,24.542783657405,7.26780188080867e-07,1.01220658921808e-05
PLXDC2,7.29552678829272,-2.62157957245372,0.404979004786684,50.0207666685503,1.52127407243096e-12,4.37669836425208e-11
MLLT10,1.28797003132332,-0.426914088444449,0.745829707839131,0.48216450629328,0.487443516645264,0.656979405720903
DNAJC1,17.0897662302448,0.703353332674772,0.282890375402442,6.18421649619863,0.0128894762169443,0.0564594069030986
COMMD3,8.30622662854585,-0.969061565835431,0.306901265059524,10.1506324704988,0.00144251743430486,0.00959798787993505
BMI1,0.610139081521777,-0.67566906996624,1.04203717215925,0.508055579848168,0.475981794282188,NA
PIP4K2A,0.686293951790538,0.30720088932695,1.04205798747778,0.117955109280558,0.731263008578194,NA
MSRB2,9.36921968060661,0.810082616025885,0.321588155654671,6.39961047658019,0.0114145405352665,0.0517752068098543
APBB1IP,13.7306519213111,0.0275413168320023,0.236313008697866,0.0600975410917215,0.806341839232916,0.842070204907918
ABI1,10.6591406298699,0.969496838346772,0.282504614707007,12.1245467921556,0.000497624236769101,0.00385517234250449
ANKRD26,0.682929700316996,0.65061845603932,1.0901509786287,0.592751070120073,0.441357264425908,NA
YME1L1,5.43777913931464,0.139467722832229,0.400838354874931,0.125934702807285,0.722684887874941,0.788430299607911
MASTL,3.94702440641976,3.53406072332445,0.680918447273844,33.7673069029174,6.21139838863221e-09,1.18948279142307e-07
ACBD5,1.77066360460352,-0.536392371512593,0.686693922476708,0.624202424282238,0.429489912270628,0.616431585294152
RAB18,17.4878522850982,0.466491549350458,0.244399515329006,3.6763433414289,0.0551897633322983,0.167925953177916
WAC-AS1,1.58705267931801,-1.00015431017892,0.757201930243027,1.85226954159896,0.17351966380122,0.364528110995501
WAC,4.90170534126771,0.0546445946542893,0.45141015530013,0.614015841586806,0.4332797690299,0.619768190322671
SVIL,0.727802760603097,-1.15910189935542,1.05626713550944,1.67474089924242,0.195624731518493,0.393774014631733
MAP3K8,7.83385086835542,-1.01366284492511,0.386420235345316,7.02820181418977,0.00802358806001049,0.0393118927416906
ZNF438,1.43027278143395,1.1176787337369,0.761238840629891,2.54176768101383,0.110870599543145,0.27285744337365
ZEB1,0.203562910431134,-0.430960679142662,1.48793992819052,-0.102092442965169,1,NA
KIF5B,16.7469267621861,-0.0199235338539175,0.230519490737463,0.0600970066851403,0.806342683159214,0.842070204907918
EPC1,7.79036610813759,0.207574029066506,0.313766684327747,0.583641844712318,0.444888364137555,0.627451299294577
ITGB1,6.43896496920579,-1.16048169958684,0.351658623366812,11.4892314208045,0.00070000577484916,0.00519955804639473
CUL2,2.41008910672046,-0.137490105457864,0.655181030418713,0.224080574573229,0.63594816105989,0.741878989334668
CREM,38.3762970302224,1.67210335419307,0.293924719903649,31.6014483599556,1.89288357089164e-08,3.37197398907674e-07
CCNY,1.20728102859292,-1.30877972782662,0.751712049396464,3.3294290941795,0.0680504919453619,0.194502525485624
ZNF33A,3.94991793045258,-0.0778296503184771,0.422482516011262,0.232352016467082,0.629785301419175,0.738485328568065
ZNF37A,1.07314941699385,-1.71271184415609,0.82449157719732,4.94150505028115,0.0262191967538122,0.0976623942728008
ZNF33B,0.100800934177044,-1.10388986445409,2.21702352631788,-0.0743015535594722,1,NA
BMS1,0.979777134277531,-0.342385385943598,0.812063946170039,0.374714159609589,0.540445793926463,0.68839156624015
CSGALNACT2,3.9381410620148,-0.38784836314578,0.480727226393759,0.730505154468759,0.392719497268008,0.586399873113634
HNRNPF,23.8498216843245,0.255527526391982,0.200097416077183,1.62642676780163,0.202197989966042,0.402034160451624
ZNF32,2.49746833117806,-1.01658419913595,0.597948028298112,3.00167186590408,0.0831786415819322,0.223855386743118
RASSF4,2.16349853433242,2.20026755686191,0.682703428957604,11.3117794056128,0.000770169295691495,0.00563870662365291
ZNF22,2.88166425974759,1.20193899114593,0.550040682916364,4.88815606270109,0.0270415526147454,0.0998858555896082
ALOX5_ENSG00000012779,7.09378983009876,-0.666646935698961,0.347660796954007,3.68918680503803,0.0547663112631702,0.166886104137597
MAPK8,2.54587185434151,0.342819373407533,0.551242960477552,0.574690972998546,0.448400846757312,0.630084932109335
C10orf128,3.62834384524957,-0.786950094827495,0.450501115325853,3.23200132790102,0.0722123894306549,0.201708329316976
NCOA4_ENSG00000138293,20.4335583868442,-0.169128861315037,0.201503994720358,0.798044725413632,0.371678608165604,0.571037629769695
TIMM23,1.8587010497319,-0.516077742992923,0.633190253861953,0.661612625332381,0.415991202570989,0.605221768602807
CSTF2T,2.5396266778507,-0.0515127818616851,0.505040632441039,0.178600197034115,0.672578979029477,0.762405472344179
IPMK,2.99950310378205,0.606786461465123,0.547909191248243,1.22436355532847,0.268505999354025,0.48055045678781
CISD1,0.559623755677409,-0.0708718647746006,0.960071831028516,0.727018454962007,0.393851333744632,NA
UBE2D1,22.0896724079401,1.07070218144982,0.234252950251463,21.251245322095,4.02848557551552e-06,4.95714048328496e-05
TFAM,0.866823494494962,0.788545630360982,1.02133144317113,0.681373562789133,0.409114143665119,0.599916600234469
ARID5B,15.4012561571101,0.20158492546453,0.274629972670663,0.895016080856465,0.344121607690131,0.548977183401463
EGR2,4.50174668950146,-0.257942213397839,0.918895332404517,0.0911975217188967,0.762660239435424,0.812231829555141
NRBF2,11.5624573219396,0.576398071795888,0.286559073667151,4.05238533253537,0.0441089768417405,0.143776494726694
JMJD1C,6.49756542720837,1.20104256836126,0.37147055523417,10.8835280435194,0.000970232560254726,0.00689743054436306
REEP3,5.20266123606841,-0.119856985357095,0.374727547629194,0.21090453540306,0.646059360422957,0.747413962747193
HERC4,2.96148547831745,0.637691423260485,0.494392720001993,2.78530067704261,0.0951328369014994,0.243718237680764
HNRNPH3,11.8597343210751,-0.424981042619356,0.285782642494476,2.47469872417692,0.115691609429951,0.279337345384845
RUFY2,0.662532180412142,-0.52055026280719,0.950592111190645,0.389725776307642,0.532443580557886,NA
CCAR1,2.53042317125667,-0.126668894177005,0.516809593099707,0.0625710405654871,0.802477505303137,0.839894475234436
DDX50,3.83642914740064,-0.826242748186529,0.491165367574714,2.8242949870407,0.0928476547636174,0.240826946088921
DDX21,3.77386585252794,-0.435106764710684,0.43838066396719,0.998330330292745,0.317714856616158,0.525920216462403
KIAA1279,2.12087446540852,-0.344415677838096,0.672160106563455,0.690057547413026,0.40614480739648,0.597910485083199
SRGN,564.935956506253,-0.0421779381647953,0.131906160330184,0.108655260842625,0.741680326630864,0.799903785144357
VPS26A,9.92287453107047,0.468051464814333,0.317917516291525,2.17432800136864,0.140330801869679,0.317400604221246
SUPV3L1,0.292486962143925,0.0249910270614384,1.45666387374535,0.000768927554950949,0.977877860852779,NA
HK1,6.73318064745632,0.0883180500502149,0.340697505064474,0.149888844325275,0.698641605269617,0.776155866042823
AIFM2,0.930840865040174,0.777644921612806,0.936557546672612,0.803530283727092,0.370039964310176,0.570578920204395
TYSND1,0.328926359078485,0.227956829339037,1.20650792253636,-0.0420007309682369,1,NA
SAR1A,12.0572541199304,0.655502551265146,0.265317563289938,6.13201751828711,0.0132755295302287,0.0576150460065451
PPA1,12.7789333515471,2.10646855654388,0.380968741068823,31.0191229633107,2.55498675243498e-08,4.44169049025026e-07
EIF4EBP2,3.66986988087536,-0.284811055576589,0.427849816349297,0.776811802196562,0.378117980973075,0.575531190656531
PRF1,1.79225347376733,1.82997471592673,0.876000660700356,4.83333534599485,0.027914577697888,0.102064756642397
SGPL1,3.22471808551185,-0.962856532152891,0.546083765560534,3.36837648419149,0.0664592180068436,0.191292666954409
PCBD1,7.63977213298238,0.126545601812276,0.31010811278329,0.394312615823608,0.530041174046612,0.681516950220189
C10orf54,7.71134993019399,-1.61126689681399,0.355205126528988,21.7925964793796,3.03770041060804e-06,3.82238770353307e-05
PSAP,281.725081541349,0.0355484909318987,0.142870892828353,0.0627383309337688,0.802219101421123,0.839894083648254
SPOCK2,2.4638834143065,0.502076685108218,0.572771742602346,0.823554598505815,0.364142930440962,0.565357962437855
ASCC1,0.89572369228149,-0.524848439421839,0.894656397775551,0.52562551764192,0.468451811415707,0.643792935715508
ANAPC16,19.2844146781016,-0.977786500165326,0.217415957147488,20.5603666002519,5.77800403881058e-06,6.90206798242324e-05
DDIT4,17.6510510911628,-1.14357650208499,0.387805698281231,8.46341814785825,0.00362360247259173,0.0205530458513029
DNAJB12,7.27394378969255,-0.272457037349103,0.436446054613366,0.387620183986357,0.533552994029232,0.684447887533721
MICU1,4.54604017987266,1.09382801733692,0.474779614416013,5.50102572350265,0.0190053225752525,0.0761206645366976
MCU,0.675628028682063,-0.41905544062223,0.9775777309354,0.258540492753127,0.611124633369808,NA
P4HA1,3.44739200436625,-0.72292103664852,0.498219791171408,2.11184832299635,0.146162685219246,0.325230550117479
ECD,1.53982144101917,-0.401243794024077,0.655459231817093,0.500303947313306,0.479366600820827,0.651905501853026
DNAJC9,1.30612769276886,0.579847212137341,0.764847685460842,0.714055736532501,0.398100684704266,0.590708834416795
MRPS16,6.9771354571646,-0.129152501181785,0.333604521145956,0.156113628742659,0.692760105979838,0.772447840142065
ANXA7,19.4811585429473,-0.273099731930045,0.209289987509921,1.70043942510671,0.19223051992023,0.390395808400566
CHCHD1,4.51945269550762,-0.139024226810313,0.384816878479334,0.133994904724972,0.714325419709118,0.785126213704669
PLAU,0.70562866301457,-2.62735411411854,1.19525559673182,6.63622810748143,0.00999252828272653,NA
VCL,0.939841882002037,-0.732104984425983,0.97298106848587,0.624001681854317,0.42956411150021,0.616431585294152
AP3M1,0.914616781071906,-0.272657153816755,0.910711872273288,0.229870332794484,0.631619991431488,0.739504644152112
ADK,2.48057054035605,-1.92215969419261,0.602129422676065,11.7198348265917,0.000618374429361231,0.00465528071637055
KAT6B,0.819144915930222,-0.881353629634657,0.873675009382627,1.08873296930498,0.2967521124711,0.50696876086504
SAMD8,2.91221270354571,-0.179882971596763,0.562050883128076,0.188601336627215,0.664083271100403,0.758443898113093
VDAC2,17.1954506454299,-0.607213988929318,0.242616202881197,6.29716711942277,0.0120931078931774,0.0541318956679261
COMTD1,1.39248766254052,0.656156580947624,0.711538871393026,0.920819537029587,0.337259880584074,0.543875933741897
KCNMA1,2.10198575898373,2.51406390062667,0.891984193098697,9.0836153790973,0.0025790967530201,0.0155864939866935
RPS24,175.403715414116,-0.163928964806257,0.107713521472875,2.31857072534487,0.127837440775128,0.300493991971609
PPIF,22.146740073045,-1.2743199243671,0.357621650907831,12.3759999824248,0.000434887826011539,0.00341638759681045
EIF5AL1,2.50839368011605,0.246792100588656,0.714572140497522,0.124609290408785,0.724088132155174,0.789399052454528
ANXA11,15.0790391979107,-0.680671421098176,0.251487390026459,7.33034816765267,0.00677999193793018,0.0343091560864802
TSPAN14,5.344225209817,-0.00526638234171995,0.376344352418298,0.0288318706256376,0.8651678191759,0.882448135138135
GHITM,41.7710295406372,-0.350226515805255,0.182965688019822,3.66468623092875,0.0555771069621113,0.168802706807104
CCSER2,5.92115585589968,1.25780351552678,0.388738999122872,11.4178667693119,0.000727411681790108,0.00537705523040987
WAPAL,6.71396646202467,0.48374364985434,0.345852755911859,2.00969148278479,0.156297099676194,0.340131359439071
GLUD1,4.11417869996725,1.28877734790502,0.432294568157403,9.430017014488,0.00213462308715024,0.0134026334816155
NUTM2A-AS1,1.78766930553538,-0.790412108831695,0.738570029467917,1.43719083592126,0.230594465710788,0.43728994567842
ATAD1,0.849053675305905,-0.666659185693177,0.990582679103994,0.665191122811216,0.414733241576273,0.604399342006616
LIPN,2.22019242063228,-2.02814844248275,0.707025412586442,8.88788836041349,0.00287068546692446,0.0169802707927733
ANKRD22,24.0373175497042,2.50812242902014,0.323303199176818,60.7078028965621,6.62071921984283e-15,2.48906548338631e-13
ACTA2,3.39083216253187,2.66219077992843,0.589914707878795,24.5734052469266,7.15321823963543e-07,9.98517571127242e-06
FAS,5.18709984179108,2.37098921853863,0.451690983351194,32.2926905352906,1.32611252680864e-08,2.42579628784578e-07
CH25H,15.2064904464536,6.74297646119459,0.716972229740847,206.754324875757,7.01464726910241e-47,1.13120417013315e-44
LIPA,3.07951779541783,0.805969683667317,0.602340853299777,1.93218321370242,0.164519788143699,0.352540082224872
IFIT2,249.996519855342,5.30453686767875,0.323424786028166,217.786169115129,2.74971339383368e-49,5.43556247658477e-47
IFIT3,386.343684519019,4.91355526500775,0.187487095776648,612.697318450737,2.89786985390147e-135,1.77581464647082e-131
IFIT1,397.255513625454,6.54880715969903,0.52450076482067,106.474272069927,5.80411555210911e-25,4.28525543413549e-23
IFIT5,8.35512743765447,2.84535096448032,0.387897257425357,68.3075057860877,1.39887510856739e-16,5.95299073979233e-15
KIF20B,0.833570385229917,0.140442823077235,1.00405030573034,0.231842784307993,0.630160785489183,0.738753364053382
RPP30,3.85259813287912,-0.131683973770583,0.435761436647928,0.279892049182834,0.596771980235565,0.720851869129177
PCGF5,22.2620119044579,1.17338260642907,0.218219377927497,29.4543008954667,5.72508481697718e-08,9.53351080392287e-07
TNKS2,2.56995160080039,0.934074352506527,0.601272625109206,2.84121197201731,0.09187489246789,0.239171342839095
FGFBP3,0.151936671579964,-0.550532970039744,2.79570889673393,-0.0422883618606225,1,NA
BTAF1,0.947504003711327,0.215259580622822,0.905161682389604,0.235305463007066,0.627617509904467,0.737247295950539
MARCH5,6.09061350920939,0.543271196548549,0.378025009518431,2.16711341554334,0.140990665337266,0.318463249976692
HHEX,7.57026823257108,-0.358795774149551,0.44774993111998,0.642815327074686,0.422693161417774,0.610623218568628
EXOC6,0.676678197103993,1.70560487708013,0.997999574490541,3.59281211219736,0.0580299673391033,NA
MYOF,9.84849124566177,1.17605478316015,0.37358734185803,10.059136899536,0.00151594229075849,0.0100104465062155
FRA10AC1,1.9121334665765,-0.269693749768188,0.58110848781012,0.564120382692295,0.452604825355299,0.633164148425221
NOC3L,0.916625232787422,0.268046986629914,1.03264050924382,0.276217982359292,0.599190868126118,0.721950774651366
TBC1D12,1.00178554660027,-0.681010907757695,0.904958225242645,0.617403681205353,0.432013733644064,0.618920356620353
PDLIM1,0.680473937033838,-0.174529600683187,0.911984713585555,0.253407925127163,0.614685609439179,NA
TCTN3,1.38982268309108,-0.703125798915393,0.706677492307833,1.17778489875434,0.27780740788701,0.488494632864161
ENTPD1,2.59669437498329,-0.746562322605634,0.621576249800893,1.42482416256088,0.232610998755319,0.439476721678395
BLNK_ENSG00000095585,0.997408331639417,3.48246927103582,1.03681151708069,12.8246704772846,0.000342078748917042,0.00280999808761881
TM9SF3,1.52934161180537,-0.348263302618018,0.680373766749266,0.347731822489756,0.555399907095387,0.697261948312316
PIK3AP1,5.45376489688934,1.33426360570996,0.38757129454173,12.4157835364159,0.000425720355619425,0.00335754741214393
LCOR,1.32500135260529,1.12616939596128,0.771325057023071,2.27976123051269,0.131072050983916,0.305058520103132
PGAM1,4.12249493367938,-1.71890110772132,0.55055425836075,10.1855310205829,0.00141546951938696,0.00943851709989475
EXOSC1,5.92689949288977,-0.86923448072272,0.425506160601531,4.19374793026485,0.0405733040210306,0.13520022133816
ZDHHC16,1.74577651567293,-1.76696336260835,0.777762579122621,5.4250571207583,0.019849786062784,0.0787689475248467
AVPI1,1.970638422036,-0.244678343532262,0.610668285550916,0.166868351072019,0.682910133465488,0.767866660160827
ZFYVE27,0.742043669202275,-0.476749765818018,1.07684064919985,0.402093537082742,0.526010043034998,0.680336586364439
R3HCC1L,1.5040422169603,-0.526787185052667,0.785164740635634,0.744524535371745,0.388215351791918,0.582780279889878
HPS1,6.21675334841328,-0.486626238149103,0.365636111615075,2.06826092398991,0.150392928350139,0.331418182496758
GOT1,0.987244573757577,0.0150727287007402,0.790584043364659,0.101486995737694,0.750052426005208,0.804818992568712
SLC25A28,2.52287445677459,2.9872895260411,0.786701414372399,14.4829273882922,0.000141435611349996,0.00127834428665601
CUTC,1.89769406249742,-0.818752714120716,0.586089084294595,2.25264174011966,0.133386518753957,0.306995876471917
COX15,1.38536963423145,0.15694119886003,0.726881108803273,0.0605358676317209,0.805650975855251,0.841778206315597
ERLIN1,0.0192862052863319,-0.426972875039814,3.05671984711709,-1.1316226384713,1,NA
CHUK,0.727249769453742,-1.15782441319544,0.90950805321492,2.10710904110596,0.146616070928799,0.325751360196524
BLOC1S2,31.9603250630649,0.542897523826618,0.186843871439654,8.46240217554724,0.00362562705046645,0.0205530458513029
PKD2L1,1.51001359968355,3.66776207318489,0.855631127647832,21.5132118622984,3.51399319751865e-06,4.37677851918583e-05
NDUFB8_ENSG00000166136,23.2878820129777,-1.12762072943594,0.201932210828949,31.7772248825127,1.72908453118692e-08,3.09819590851271e-07
HIF1AN,1.92136402981026,-0.718600635534696,0.595881550626782,1.56328650151355,0.21118466135636,0.413859803259282
FAM178A,2.14913833841667,-0.904869214568497,0.624299456761431,2.28968568375834,0.130236294927809,0.304196391946042
MRPL43,3.99717104843366,-0.242306247917861,0.411837285933566,0.849710188718404,0.356634336893766,0.559970412173837
SFXN3,2.8238803004019,-1.00044583470235,0.636810670935128,2.4838525549725,0.115020206016613,0.278359863998111
NPM3,1.52699288815418,-0.38021183474408,0.679342392343206,0.587142846503092,0.44352609387425,0.626250668954241
MGEA5,4.70086847626802,0.44709960140781,0.388757273125877,1.33226479096969,0.248402708469913,0.45877389918735
HPS6,2.74730671257562,0.384188245398915,0.559979898957339,0.905919418244807,0.341199440434011,0.546693784680889
NOLC1,1.62744139687326,-0.406204540332217,0.829199438344243,0.416267725612165,0.518805276198078,0.67515746606607
NFKB2,7.64576387437969,0.0282624090383928,0.307882505028609,0.00849470067475977,0.926565594580473,0.932194050827309
FBXL15,5.03002133699941,-0.429124393432469,0.37958349942986,1.28957759173124,0.256125809708319,0.467681454675977
CUEDC2,4.24679448296539,-0.76373819307048,0.422062688388572,3.31182037887508,0.0687832590550281,0.195775109841715
ACTR1A,9.23803293199883,-0.606899538954997,0.308119066753855,4.12656406162155,0.0422149807613938,0.138933083837713
TRIM8,2.1722940990507,-0.758298836588608,0.620608138646992,1.54648847754554,0.213654586276427,0.417196895715531
ARL3,3.09142563863417,-1.2266252687873,0.542736119776335,5.23850327927592,0.0220922728156397,0.0859564748026922
WBP1L,3.51059301374537,-1.58356975334085,0.497892504525215,10.7143506263268,0.00106307762062821,0.00748797661978125
C10orf32,5.56607179225822,-0.67825321445255,0.381824397098692,3.22545705183029,0.072501555014026,0.202225548077356
NT5C2,7.34958432224024,1.77692137052091,0.351423864766492,27.8380283580311,1.31907738019401e-07,2.07797074185832e-06
PCGF6,0.349196476365994,-1.3522223227491,1.51294631401604,0.79179134313847,0.37355901176207,NA
TAF5,0.448529092459857,0.419555712484074,1.08905000745681,0.215968891809865,0.642128737196426,NA
USMG5,15.6649953975162,-0.367833419564999,0.219958783764482,2.8793726114113,0.0897209726538337,0.235385043988496
CALHM2,2.86613720946839,-0.102194778427373,0.564400505205183,0.0452915779415548,0.831468782600359,0.859231146673693
OBFC1,0.508164448453601,-0.567667492670732,1.09905968185217,0.452457068179768,0.501170435530201,NA
SFR1,3.07140094937438,-0.420947852731528,0.497183965938451,0.830400849494012,0.362156644810711,0.563275526248394
GSTO1,165.053932131886,0.444883485935431,0.116989230690036,14.4110019442068,0.00014694131427879,0.00131838414919535
ITPRIP,1.30949817215274,-0.203815632425343,0.771691690032801,0.157813688006485,0.691177429613636,0.772272144002127
XPNPEP1,1.41533384656025,-0.354928928899133,0.745739877917015,0.225649461376861,0.634768621042433,0.741773857694132
ADD3,1.44246296800352,-0.923609619927389,0.810361290817854,1.54872474271405,0.213323802156586,0.416719241190805
MXI1,0.679450234888146,-0.937096940872341,0.907621076509406,1.2336321101796,0.266701840241723,NA
SMNDC1,2.95515010040198,0.3993932910375,0.592267432922518,0.58901709377173,0.442799454339003,0.625801442848112
DUSP5,9.71834820135224,1.98163174125341,0.353103614638047,33.4775781268002,7.20902887712516e-09,1.37622831648047e-07
SMC3,6.44516126450468,-0.0796938895301832,0.357208351321567,0.392505985364338,0.530985082149529,0.682154420002582
PDCD4-AS1,1.30022823813933,-0.317831616423777,0.773746954586231,0.344288096473996,0.557364447464953,0.698044008597022
PDCD4,6.05775135442286,0.298836238719142,0.348351690848534,0.768942572269452,0.380544374952574,0.576936152822704
BBIP1,5.28755266369655,0.278168024185808,0.406436522292049,1.07959605830624,0.298787938073357,0.508871690038545
SHOC2,7.82255275066751,0.691361820297479,0.314223185594005,5.37463509172218,0.0204316145132978,0.0806213353106817
ACSL5,5.44467321785034,-0.3432378422021,0.44290285647572,0.689979570587539,0.406171329600075,0.597910485083199
ZDHHC6,3.67649968007868,0.386811152734743,0.500807089684907,0.637234080696544,0.424714154869311,0.611955876096671
VTI1A,1.82857198674026,1.02496590360885,0.657643109593915,2.52463824688957,0.112080481638474,0.274512066938678
TCF7L2,5.89043399352136,0.532989165424488,0.409815722122972,1.71343675029303,0.19054007619977,0.388431839711715
CASP7,7.45884405164924,1.90752737081716,0.358476571402152,30.9332819462418,2.67052599771148e-08,4.60985445464111e-07
C10orf118,3.3667013072352,0.728147021161239,0.470333615020203,2.41151627526359,0.120445652377135,0.287979304630154
ABLIM1,1.04442321635068,-0.798881688328355,0.834135218243912,1.04689855546889,0.306222460197737,0.514458204032432
KIAA1598,1.42924092476391,0.396651778894339,0.770518394065914,0.641137768428578,0.42329909483567,0.610818295635497
FAM204A,6.93878579399143,-0.718755936548311,0.322409159321058,5.00570545306492,0.0252639052626267,0.0948634874077063
CACUL1,3.71029699159949,-0.584860704384676,0.482622361145862,1.52178907723057,0.217348953173259,0.421892424784837
EIF3A,5.58552262466903,-0.715826869452511,0.405574973403774,3.23349014908756,0.0721467771651649,0.201695004775607
FAM45A,2.23726317615237,-1.1949590666854,0.637875397967583,3.5970740636003,0.057881359840696,0.174228698874987
PRDX3,8.39389387027508,-0.874681763614803,0.315750082439512,8.29109316554435,0.00398399984599767,0.0222349281022529
GRK5,1.52845676858066,-0.76803849301307,0.898457188881353,0.889724655245018,0.345551934618072,0.550439889612567
RGS10,39.7811429533159,0.143494928816318,0.161362971516939,0.871227448956034,0.35061572290889,0.554613616413443
TIAL1,5.26697321931689,-0.751515429378998,0.387339272513004,4.14616764401171,0.0417288663599928,0.137777205309287
BAG3,1.87077283407651,1.0619619251253,0.708637969054761,2.65088861404279,0.103492029673568,0.258927010306668
INPP5F,1.52888905533583,-0.618842568164486,0.777823253191896,0.627386848803006,0.428315458106393,0.615841653513837
MCMBP,7.8595814829066,0.664340876466285,0.304909488344109,4.85657568280151,0.0275409469334345,0.101060432819213
SEC23IP,3.24534883668127,0.898578408603211,0.523548792008264,3.30258473786826,0.0691709605947905,0.19660465979818
WDR11,3.16852581858738,-0.814384479345824,0.55711481274643,2.11831411733149,0.145546679320228,0.324566976300712
ATE1,0.403880058237448,-1.08810039650789,1.12310290682431,1.49864983819361,0.220879223280326,NA
NSMCE4A,4.2090401049729,0.272360618694798,0.435929341288968,1.02123393158315,0.312226495834336,0.520635806558205
PLEKHA1,1.16381638924679,-0.0871771088571129,0.84887445457666,0.116516593758256,0.732843671143207,0.794281219802895
BUB3,14.8372603974658,-0.0461299752655183,0.231570834835461,0.0790211308604682,0.778628352244315,0.823797400302687
OAT,1.63936201412987,-1.00907626398025,0.684457538944901,2.25714072132595,0.132999423128515,0.306726443576521
METTL10,1.66120583478637,-0.653470219896554,0.640215927948947,1.05779545023726,0.303718530658614,0.512502665077977
FAM175B,1.83929639500454,-0.489649646190804,0.729374240157261,0.790077396748785,0.374076723449919,0.572837938340452
CTBP2,2.16021507734001,-0.500317235629098,0.660747708249639,0.702233332639999,0.40203427816457,0.594532185774652
EDRF1,0.830933223417155,-0.623281088442492,0.955671085482627,0.468825400363066,0.493528036131776,0.659903950559791
UROS,0.720997896649165,-0.420792455003566,1.08267414984979,0.406652485943098,0.523673479979616,NA
BCCIP,2.45249100447091,-2.97814832209172,0.73711903877478,18.7912055855029,1.45838053073103e-05,0.000163381277738935
PTPRE,14.5020730264045,0.59336474716952,0.294191664877676,4.16406979600966,0.0412900796943213,0.136622898686178
MGMT,1.02987946546171,-0.315343969351962,0.906228354320375,0.124302716950069,0.724413902468374,0.789473305055343
GLRX3,9.41434916210192,-0.338044705919561,0.272503701287284,1.64726651166256,0.199331382150454,0.398515481308205
PPP2R2D_ENSG00000175470,1.41613803282366,0.668140556142986,0.690709965869147,1.09546695909365,0.295263073975201,0.505693716411412
BNIP3,0.196850743779268,-0.560916956922874,1.8760288504753,-0.0982110138645744,1,NA
ADAM8,7.8216608629278,-0.866695803866381,0.394335896850334,5.08256263342294,0.0241676242751823,0.0915888692382915
TUBGCP2,2.15815253843149,-1.14906648293535,0.601236671863323,3.76820159150218,0.0522357673160678,0.161782803147072
ZNF511,2.63342713538523,-1.34019933438221,0.640813739416202,4.64742500944331,0.0311001666033011,0.111516571647179
FUOM,2.37296234162822,0.0523975385419903,0.590112272384406,0.00784656111255799,0.929415054086581,0.934293873268138
ECHS1,5.65165018089388,-0.138902056741391,0.410014487148923,0.160742576126779,0.688473763363067,0.770869216497145
PAOX,0.816087500462642,-0.168832192027961,0.938139745309597,0.0607458152456388,0.805321008802539,0.841593335878161
BET1L,1.81106066516442,0.0830305835218479,0.634118914093115,0.0204888187767409,0.886180279112755,0.899240395827614
RIC8A,4.54953471435242,-0.0293262962596083,0.442175585389796,0.0449736946543169,0.832052405973838,0.859689284068063
SIRT3,0.249593883086021,-0.964756354088572,1.34035177821506,0.745976267076845,0.387753166270556,NA
PSMD13,10.9110163193467,-0.437620017470754,0.266301578272882,3.06780076148678,0.0798574379611568,0.217689670741089
IFITM2,210.668321434441,2.38662872061569,0.14827125637064,249.629554955401,3.12752128752389e-56,9.12640497616496e-54
IFITM1,11.7199751247572,3.50614488609666,0.398083048181789,103.877972702009,2.1516839953279e-24,1.55123759098464e-22
IFITM3,600.962631342572,3.68296558864163,0.26006025288427,166.837001987719,3.63106477476697e-38,4.04566635268582e-36
SIGIRR,4.24124531359463,-1.3421261129377,0.463851104669758,8.59136458392464,0.00337760812246998,0.019325847408493
RNH1,38.665709351843,0.0672718559997287,0.16672446904872,0.177200636658142,0.673790089015592,0.763317434118573
HRAS,1.63768090297286,-2.25918304536032,0.830227319714464,7.82802554071436,0.00514422634973766,0.0275966138030238
RASSF7,1.84250911913034,0.110539175553838,0.635873429336862,0.0611641876288118,0.804665267018959,0.841178566409447
IRF7,202.995853139228,3.19363261423529,0.189652112057182,260.910603274454,1.08649487716512e-58,3.69891144848213e-56
DEAF1,0.394522021232144,-0.843097095383293,1.14971168223794,0.755758055927412,0.384659297057766,NA
TMEM80,2.12287699444821,-0.583379843456019,0.617311973336888,1.06606208415715,0.301836624815931,0.511661089037905
TALDO1,62.1025878157528,-0.886905882962825,0.206979001520932,18.3886517006443,1.80127584186494e-05,0.00019852910717533
RPLP2,235.463531912402,0.12705798768897,0.0916557883525806,1.92408398139528,0.165407142965778,0.353545508229609
PNPLA2,2.43326603709524,-0.873708628004961,0.648866844423523,2.1403081794092,0.143473066834173,0.321816600863768
CD151,9.86316972848386,-0.865417819666591,0.358539376089825,5.84344501354542,0.0156351846827372,0.0654009636421934
POLR2L,13.7310466441411,-0.875000465313766,0.25261463252003,12.0687469617816,0.000512741516598776,0.00395230190404692
CHID1,1.05946947812354,-1.09412592794499,0.820528639580095,1.87573070552718,0.17082017531559,0.360711934642983
AP2A2,1.58728938642911,-0.979572792523184,0.68755488757687,2.15012922041384,0.142557890863016,0.320554121992247
TOLLIP,6.40064106199606,-0.0468758353207771,0.350139725208936,0.0181651384866228,0.892787314905918,0.904156337779897
MOB2,4.3762053158943,0.0370119732673296,0.384877046316181,0.297323195140422,0.585565423745722,0.713945305176359
CTSD,49.3912182431197,0.802825977271436,0.269289532143427,8.78641730128422,0.00303481685066211,0.0177625192558332
LSP1_ENSG00000130592,40.9123163005938,-0.464937006451725,0.267254464800429,3.02164952122271,0.0821598593719954,0.22160818712936
MRPL23,8.74982029854979,-1.30906067046108,0.30088760032321,19.8337802822336,8.44764917245901e-06,9.89812507243381e-05
ASCL2,18.9548333552893,1.20022992682185,0.221640465950803,30.3993781692028,3.51640861676555e-08,5.96912797881975e-07
C11orf21,3.33032298983482,0.47957710412637,0.475290787774819,1.15693195786294,0.28210273529252,0.493216993401587
TSPAN32,1.67834517963196,0.592251342577549,0.69383441500169,1.23493131756294,0.266450153368931,0.478408010502435
CD81,2.59151463880192,-0.457869364964589,0.588997932460402,0.609983605141551,0.434793983162458,0.620931607741679
TSSC4,8.63541261746382,-0.541161791439534,0.285041269972236,3.6351636228049,0.0565710435681255,0.171278337443416
KCNQ1OT1,3.15072733425762,1.18006476301227,0.516442631783077,5.68283792902484,0.0171316359396471,0.0701755782340623
CDKN1C,14.9522435478133,1.34781964214778,0.335004881414307,16.3875530511687,5.1623116200805e-05,0.000517751973941953
PHLDA2,7.61582092012234,-0.349258380843582,0.496573583638957,0.640742444725106,0.423442075012318,0.610818295635497
NAP1L4,4.42186954488381,0.617277148033485,0.42965059320729,2.20564374140346,0.137506481475637,0.312667799065938
CARS,4.58779456796703,0.138323911929415,0.387819918533066,0.133455433835465,0.714875889756263,0.785126213704669
ZNF195,0.64720005338569,-0.224298883008541,1.27212135896381,0.117591573714641,0.731661445390547,NA
NUP98,1.4254052216382,-0.812965287539918,0.762047446071245,1.21317014658306,0.270705190076976,0.482340244660283
RHOG,59.416686613075,-0.0550899417244333,0.137116504599582,0.184503801884532,0.667530976551375,0.759775227397256
RRM1,1.39973850874377,0.190657662385912,0.742851366776582,0.263426393627768,0.607775888224245,0.726773214947033
TRIM21,7.62508630104785,1.50532039060663,0.351648560853807,19.0566544311192,1.26894513789798e-05,0.000144292056811397
HBB,117.402137840762,-1.8632943535017,1.11115467187535,2.6403959270578,0.104177578499097,0.259829141653427
HBD,1.23005681672428,0.568315780747275,2.63067487165623,0.0552245119689587,0.814209539153301,0.847109686915353
HBG2,0.23705454563921,-1.58083709415985,2.08096508831045,0.934505402128842,0.333694929216165,NA
TRIM5,6.06495051724868,2.51318133646586,0.421580126874791,43.3598455757714,4.55438872297236e-11,1.07757892256273e-09
TRIM22,20.9807342632755,2.38489047966448,0.269613134497414,84.5524895238751,3.74148788404305e-20,2.10347135352439e-18
FAM160A2,1.63729410997249,-0.856855235746963,0.738000961875135,1.43695120553428,0.23063333949619,0.43728994567842
PRKCDBP,0.185862028675115,-0.09880581847259,1.66880285084207,-0.286075844570988,1,NA
SMPD1,1.13068368873436,0.360950985674851,0.816182735713409,0.185687114538567,0.666530701689001,0.759580078307179
APBB1,0.125983656859709,-0.343365922462818,2.12934972832287,-0.340893272586129,1,NA
ARFIP2,1.11056535695504,-1.05444993005874,0.959765852125239,1.61276825695738,0.20410310668008,0.40460784254564
TIMM10B_ENSG00000132286,2.12630982870166,-0.618096451623853,0.569673562280379,1.18940172675308,0.275450268304625,0.487286155938437
RRP8,1.57246360049688,-1.00532403068193,0.739308954087465,1.84223727313827,0.174688951392089,0.365605838159399
ILK,28.0571431715388,0.51949502749646,0.194774928761474,7.1078495506935,0.00767471236815669,0.0379585451106248
TPP1,5.95627550916996,-0.40886083516791,0.359657747014696,1.30469484028842,0.253357434521544,0.464703489598331
MRPL17,3.86352336843956,2.03000682902052,0.51472326539612,16.8597162662368,4.02467624182562e-05,0.00041381234915952
EIF3F,29.3228628251926,-0.784291747756397,0.195612237051287,16.1721327572245,5.78387680878367e-05,0.000576318651776038
RIC3,0.164805978829171,0.515372083639291,1.70531834211231,-0.149113585162468,1,NA
RPL27A,224.292152997749,-0.15713931356001,0.0929751137843571,2.91117849999296,0.0879675729691147,0.232255617042109
AKIP1,1.71485988903323,0.416075189137667,0.76361387806937,0.306148984697607,0.58005299300652,0.711055159260643
TMEM9B,22.3452064804111,0.207512308775748,0.191098788089223,1.19127591180575,0.275072340779903,0.487286155938437
NRIP3,1.28456654473413,1.06768877613308,1.00921016385487,1.17974312397521,0.277408296606405,0.488353358691195
DENND5A,8.317225713134,0.448837594210649,0.296426970734385,2.30367788749773,0.129068060984471,0.302342919614999
TMEM41B,1.97197519182516,0.383899846154472,0.712186643326876,0.295375416983411,0.586796250378026,0.714367210193629
IPO7,1.44723296101966,-0.696494461246157,0.788854539569599,1.06434396104154,0.302226515023779,0.511769824557065
ZNF143,3.88803224211168,-0.214138531333096,0.454741990502386,0.351051975363788,0.553518235603522,0.696492440049319
SWAP70,8.90757137194354,-0.870794669760006,0.285314117296826,9.75643858272875,0.00178695752167481,0.0114905306325532
SBF2-AS1,0.327913542679526,-0.182927589983084,1.35302484060595,-0.0742049343696287,1,NA
ADM,12.4647507261143,1.58221914533998,0.341036383323747,21.9960200271261,2.73216432965538e-06,3.45923615953061e-05
AMPD3,1.59707956582343,-0.51865362835579,0.695931636204084,0.626932362836712,0.428482781065747,0.615937715780178
RNF141,0.959785923666501,-0.988594421379065,0.927558723126735,1.28454510079655,0.257055658054813,0.46829145310317
CTR9,2.45758883884004,0.379734746778308,0.667021895374783,0.326462755968478,0.567749406649254,0.703715283969787
EIF4G2,30.8372197826277,-0.626147140507822,0.177405395765146,12.5227679525352,0.000402022872140722,0.0032119897789809
ZBED5,0.979072974652005,-0.600543530296041,0.803626076972242,1.16637488206045,0.280147358568604,0.491199717684808
ZBED5-AS1,2.28689594511347,-1.61661469971667,0.636809844300326,6.77182962335829,0.00926078482152585,0.0440845905895519
USP47,3.4726249348444,-0.276925626579594,0.508560680899517,0.296137840431612,0.586313840222955,0.714367210193629
DKK3,0,NA,NA,NA,NA,NA
ARNTL,1.79834131433068,0.688516939657552,0.648935378211292,1.31117232449524,0.252182509298205,0.463443987674249
BTBD10,4.39788806323169,0.125086915120733,0.443293227672304,0.418942595779285,0.517465140486949,0.674830044882746
FAR1,2.85590844765755,0.283481459735528,0.594939643850761,0.318179621226491,0.572703685041992,0.706284600913127
RRAS2_ENSG00000133818,0.250080985048275,1.07928378581406,1.39613967401811,0.869390645657205,0.351124058911882,NA
COPB1,8.05490383421247,-0.892056165334407,0.374218472334716,5.8303015625912,0.0157524229874483,0.0657119455868503
PSMA1_ENSG00000129084,29.5111779199585,-0.139299515737202,0.172264263769517,0.891485587566976,0.345075045085074,0.550083370853833
PDE3B_ENSG00000152270,2.33975953030516,-1.92451797787209,0.722142108174363,7.4434360346531,0.00636682205163246,0.0327589299180552
C11orf58,40.4690008483215,0.258270987594815,0.144808597958334,3.2181745476488,0.0728248005242931,0.202942418195938
RPS13,241.122421577641,-0.251813089593323,0.107022484239845,5.53508331776996,0.0186388779203774,0.0750453639264604
NUCB2,2.24147763594823,0.175220422304139,0.573428609536512,0.151150430098284,0.697438381509087,0.775621471985566
SERGEF,0.707139650436178,-0.0696922138802024,1.00172791615471,0.124285793175943,0.724431899115616,NA
SAAL1,0.375205077708188,-1.30340872639816,1.34599913680986,1.26772225017316,0.260194419494381,NA
HPS5,2.86657240318635,0.635587130954291,0.52086136210463,1.55682492970134,0.212130717817601,0.415315347855036
GTF2H1,4.09904618762178,0.197315126915769,0.556346313113129,0.224364032570591,0.635734674693218,0.741878989334668
LDHA,54.8185931677061,-0.896318068579114,0.182397845575565,24.136976825058,8.97208619874352e-07,1.22999875225728e-05
TSG101,24.2074411133338,-0.112995976965758,0.221776721176334,0.273530685906621,0.600973131629331,0.723102955158951
SPTY2D1,2.03040959882614,-0.744758315749372,0.618326462444824,1.56338929167114,0.211169652048724,0.413859803259282
ZDHHC13,1.26059979550969,-0.0662780810221075,0.793449668747248,0.394093990407988,0.530155238528009,0.681516950220189
HTATIP2,30.0380092330218,0.112586694476991,0.163637306171867,0.491469290616678,0.483272618666179,0.654473946339524
FANCF,0.817958424854968,-0.000401175231783352,0.839408996265527,0.113737399576458,0.735928630251416,0.796216568887831
SVIP,1.83964833741045,-0.185677444807592,0.583986352739894,0.914818699957969,0.338839100309767,0.545274686632944
LIN7C,0.765813311251845,0.625953605107703,1.08716693248465,0.551657289851811,0.457641316031721,0.637046681721796
ARL14EP,4.42815233828535,0.0413842826405879,0.421896190272448,0.288313749605052,0.591303150945241,0.716957995447652
IMMP1L,0.44231795285649,-0.143585394743013,1.38400272784289,0.0995856991151101,0.752327378836047,NA
RCN1,1.05230559470459,0.180532512301653,0.924172860070729,0.176319074686077,0.674555841757129,0.763657527856584
EIF3M,14.8449991705862,-0.809314041643527,0.266129629630203,9.30674869694718,0.00228311284280327,0.0141465273010096
PRRG4,4.13217679228115,1.36610324038331,0.495001838016804,8.00270881829167,0.00467074242115596,0.0254477250240597
CSTF3,2.00839061221135,1.00614692226454,0.600548954456886,3.29450808483107,0.0695119261402938,0.197482189794956
HIPK3,1.74010342242797,-0.1542174313862,0.711788761273021,0.135501224828367,0.712795009839217,0.784962316017036
CD59,4.73895391866295,1.27028486280133,0.500165220416527,6.5661063361494,0.0103939102363351,0.0481435237552996
FBXO3,1.43484954868856,0.721872863852734,0.704643632415363,1.07215013489629,0.300460285858212,0.510316139617273
LMO2,6.55081779037283,1.38466792413475,0.349830123916502,16.4813639724217,4.91306255181176e-05,0.000496819262665057
CAPRIN1,3.48992986439703,-0.328038263729364,1.03579592907217,0.129778282630994,0.718662033878127,0.787150456475472
CAT,7.58245136552846,-2.10692410823509,0.466570135088955,20.6605026517142,5.48355643621689e-06,6.60181411417231e-05
APIP,2.9606872213892,-0.381588473851224,0.467472307464153,0.671715565482458,0.412454121548933,0.603226457482545
PDHX,0.657696867417655,0.27595238829841,1.02916932812339,0.127994639557002,0.720520393948915,NA
CD44,65.3978109933385,-1.14456178185813,0.155353770916544,54.1324792151437,1.87417597655416e-13,6.10901616187441e-12
TRIM44,2.83452553763864,0.613966278842261,0.488513852880719,1.68868240200694,0.193774748673089,0.391898237580427
COMMD9,3.67565247330071,-0.54618920320378,0.482000656190131,1.27685196886043,0.258485179952443,0.470307952122497
PRR5L,1.03958349468861,-1.75865082029233,0.939309465269668,4.06655634230656,0.0437403603344658,0.142878959557359
TRAF6,2.73248944644494,0.446046024367986,0.526622588145483,0.915999164125054,0.338527658567455,0.544916598818325
API5,2.87134852716201,-0.717831979884563,0.543376243160774,1.84353990323127,0.174536615064112,0.365536697577881
TTC17,2.13555722320514,0.0175997498557683,0.640318184376822,0.034783955977062,0.852049092561698,0.873282629071431
HSD17B12,1.73023447616604,-0.0571705935593792,0.6952878631367,0.304902237841446,0.580825354782104,0.711220515373199
ALKBH3,0.748226405992077,-0.654167604142221,1.09046089362351,0.293512081479939,0.587978646436698,0.714929369459005
EXT2,0.962626070306489,0.433183107478694,0.827218470857982,0.308431459936763,0.578644302876628,0.710038503810168
CD82,2.2310579680986,-1.36267375884194,0.657194770127609,4.46793518658207,0.0345367038695055,0.120045899780108
PEX16,4.56553935591689,0.111957128841553,0.410561804107804,0.185183012482284,0.666956364792892,0.759580078307179
DGKZ,1.04344476599041,0.802927312064783,0.87367961507047,0.957369213209518,0.327850593844908,0.535180724315822
MDK,5.5938204247258,4.06913546451475,0.609118165756176,70.8947780428878,3.76793949515941e-17,1.64928094473835e-15
ATG13,1.48701490261264,-0.0042450097657095,0.628144742364017,0.353746773679447,0.551999797023504,0.695733187198691
ARHGAP1,0.479055314733248,-0.743191721479153,1.10222502126707,1.05106322628947,0.305262343344176,NA
C11orf49,0.246536373960433,-0.802818075873506,1.64355035748552,0.287306657559867,0.591951679569016,NA
ARFGAP2,4.53573366973851,-0.0423518514659681,0.433204049285379,0.135721421716084,0.712572101826618,0.784962316017036
DDB2,1.69060805225259,-0.29959745193632,0.656091380520957,0.331617573442216,0.564708151068763,0.702596956057485
ACP2,6.25719107713417,0.102940818492527,0.425305505411168,0.366353372485833,0.544998733484162,0.690809102324928
SPI1,132.143059780369,-0.265437479768142,0.109786517697552,5.8831462828436,0.0152864820124294,0.0642053199260915
SLC39A13,2.63956588609836,-0.85805271496787,0.581488268869772,2.18573619205264,0.139294445933944,0.315795917381875
PSMC3,16.0012699675127,-0.258193855108069,0.217237688068818,1.41137638553958,0.234828039758461,0.442287998223605
CELF1,7.49468632466479,-0.0890787643544896,0.326875063515329,0.261434978032895,0.609136015339454,0.727354930241655
NDUFS3,4.40119201259208,-0.483827338247696,0.421155027331542,1.41724298997441,0.233857726922055,0.441219258182991
PTPMT1,6.10200055612804,-0.6226610937793,0.346937021729787,3.24515281854528,0.0716350099559523,0.201089940911624
KBTBD4_ENSG00000123444,1.24075293793296,-0.378192566036023,0.702303445580411,0.348889791040577,0.55474226619385,0.696896393447296
MTCH2,10.0269575127233,-0.573245260627888,0.298282120908048,3.89750236835039,0.0483579487282264,0.153542751195115
FNBP4,3.14176121583557,-0.545464641512775,0.660902109817249,0.669747466849387,0.413139665427632,0.60394080862131
NUP160,0.942799298632723,0.753248577961273,0.856711563376552,0.831052176610939,0.36196845754404,0.563275526248394
SSRP1,1.08008742327728,0.735930811330683,0.789889797543878,1.41727319699104,0.233852743361464,0.441219258182991
SLC43A3,7.77397462159166,-0.486994920496677,0.40868750613497,1.43096053656205,0.231607742377655,0.438685124148654
TIMM10,2.38674109902854,-2.13377867548145,0.664389503890411,11.1553928747431,0.000837877442354886,0.00606199878010713
UBE2L6,165.932718691977,2.00112891803283,0.118992990195803,282.38397304492,2.27036054147045e-63,1.07021303062546e-60
SERPING1,26.2940843369312,3.72946692215157,0.337224008417861,142.278712260457,8.4516154258447e-33,8.92956884992695e-31
YPEL4,0.399435917497862,-0.191884083314499,1.2336360994448,0.225866180239038,0.63460608012667,NA
CLP1,1.97861680611396,-0.375068228716588,0.572601172202092,0.435409198910918,0.509346603266111,0.669370788079504
MED19,5.89162604649226,-0.106508699914361,0.337794752902956,0.114595434189397,0.734971754401579,0.795482685323262
TMX2,5.12991274954893,-1.39773388933873,0.419785472720534,11.6543050138886,0.000640541298658464,0.0048044517480772
C11orf31,24.7332176062658,-0.654580093966512,0.222836854010945,8.69971545304236,0.00318259727612895,0.0183470894714188
LPXN,7.25046326094049,0.268836982965262,0.351850900512501,0.605738225073296,0.436396970987598,0.622070028763974
FAM111A,2.83888586114853,1.35496855453725,0.542845577475055,6.77085927058521,0.00926582125968388,0.0440845905895519
MPEG1,9.16729316149285,0.186190635768262,0.312514945863987,0.415575826500813,0.519152917040116,0.675449909898478
PATL1,3.37752143321512,1.34503747121837,0.531116606803272,6.66019666171471,0.00985900345005385,0.0462249220672762
STX3,4.62683546638101,1.07441170835445,0.446784431084989,6.07093275819867,0.0137424369729929,0.0593053899792255
MRPL16,8.72188005178042,0.516899028315219,0.310598461625818,2.80074928958609,0.0942202657499329,0.24239369794945
MS4A6A,25.9705807944205,1.93992582642318,0.295492818273843,43.9391559966335,3.38743905504615e-11,8.20483262028569e-10
MS4A4A,101.818754121212,1.70268616720169,0.236010319736119,50.511590320133,1.18463110131501e-12,3.45686637564685e-11
MS4A7,377.106674315923,0.797797967882652,0.14177635575129,31.3696736522165,2.13286456684542e-08,3.75580289242205e-07
MS4A1,1.67900843016936,-0.0826388673571849,0.87772650659917,0.0857299882175511,0.769677445467425,0.817432129258991
MS4A12,0.0706374719110242,0.642921147906231,3.05296002965153,-0.444580715881456,1,NA
PRPF19,1.15668423516471,-2.3239687023861,0.912921840867381,7.11150349382988,0.0076590844772958,0.0379118494966629
TMEM109,0.84499675766766,-0.590442537295801,0.842763364771419,0.836426507248696,0.360420795577829,0.562285803284352
SLC15A3,2.5258724043856,-0.0453876692446393,0.503698605764515,0.335390917308956,0.562501831442413,0.701324765631558
CD6,0.685725445139434,-0.252713717650495,1.03092771601081,0.165157452697692,0.684451889757801,NA
CD5,0.181339211713567,0.0193298930571184,1.54401962468941,-0.0766548606242878,1,NA
VPS37C,1.08403885588059,-0.869008024601425,0.811870205009405,1.47778164950711,0.224121926605603,0.42905940838461
DDB1,2.10716519762678,-0.852061951781661,0.604270613650924,2.12637876724017,0.144782444996051,0.324056075768623
CYB561A3,7.0824167105922,-0.2906013161144,0.364008181902387,0.9938130337149,0.318812218100241,0.527167099977948
TMEM138,4.2835430765289,-0.463074114202387,0.435567705099271,1.32251247573252,0.250141637194533,0.460874309298886
TMEM216,1.93438918278492,-0.390051541537782,0.589230074001395,0.433675225494987,0.510191059536965,0.66994858901164
CPSF7,1.54477179338098,-0.88922661689002,0.703156163367824,1.82121507013768,0.177168711684455,0.369282267075626
SDHAF2,8.9411831769734,-0.642723115741648,0.328585148000431,3.9792855565989,0.0460630970693819,0.148228578777587
TMEM258,20.5180128041028,-0.326309333150293,0.206228904458605,2.53514115765429,0.111336929363884,0.273236965615492
FEN1,0.98599203108373,-0.445284723989395,0.920777561195948,0.542240982792784,0.461505471596916,0.639288303591144
FADS3,0.610361675882514,-0.554088720072658,1.17051527151383,0.589611706578822,0.442569308661304,NA
BEST1,5.75943810296326,-0.545836695975691,0.365802483064063,2.345926512841,0.125610858908552,0.297312994743765
FTH1,21108.9613464376,-0.74128547687092,0.0840826585831575,76.8846101410319,1.81243986300099e-18,8.95696087134682e-17
AHNAK,4.12593421025337,0.55692444477048,0.415582368289538,1.84396541291801,0.17448688690446,0.365536697577881
EML3,1.36925684557685,-1.47816280000559,0.939601494465259,2.77775023860696,0.0955823482717712,0.244563102383889
B3GAT3,2.74206978443615,-1.27076057212568,0.552880196908878,6.14549543331015,0.0131747250811615,0.057333034350198
GANAB,0.653997306835267,-0.51217880296357,0.990972937887722,0.788165414779449,0.374655440860482,NA
C11orf48,14.9517618184823,-0.234040221151438,0.213732820143316,1.36608587520526,0.24248552453426,0.451055985652427
METTL12,0.740731896320854,1.43638058943109,0.996333853750943,2.27589414467666,0.131399323558122,0.30523694267027
C11orf83,2.05623536527275,-0.454140281008897,0.620636049508833,0.679900934309799,0.409620839117124,0.600228718821075
UBXN1,42.6288091003997,-0.402348722596556,0.164303061424947,6.03309531978832,0.0140400917290351,0.0604197205867466
HNRNPUL2,1.76279774451123,-0.0814095540253273,0.653320491464563,0.0238000001612519,0.877394889999809,0.89254247774217
TTC9C,3.64979597218434,-0.67786981083354,0.469974711955647,2.41572065861197,0.120122678304583,0.287319193072007
POLR2G,13.2110778692108,-0.6487881267578,0.244639703677773,7.08430377631105,0.00777620249375992,0.0383367408541921
TMEM223,1.37842358392191,-0.808999988152698,0.861585648982774,1.31141118438016,0.252139311637008,0.463443987674249
TMEM179B,21.9398187921901,0.0321088580345451,0.208237141498501,0.236550947528116,0.626708376209506,0.73671326465655
NXF1,3.94101193291586,-0.221564938945035,0.444164432661498,0.479925904499268,0.488455880754156,0.657569779714733
STX5,9.957189882626,0.15617535551558,0.296341432693057,0.280434784837652,0.596416384900403,0.720733505555053
WDR74,1.07282223807034,-0.540308922605759,0.827375237299851,0.45754321478185,0.498774398774299,0.662935398697279
SLC3A2,40.2056658013727,0.0461971648576327,0.248937749109468,0.0565163904911401,0.812089147555976,0.845621460700598
RARRES3,22.9857035782449,1.38789263249089,0.275221128960853,25.6639188101426,4.06353963154077e-07,5.8729648259627e-06
HRASLS2,2.18274403276873,4.58612158396239,0.896879888551611,29.2107799207083,6.4917025296231e-08,1.07516630004136e-06
PLA2G16,1.68105378882557,2.45631997146305,0.878806550299001,8.30289781625473,0.00395818711765837,0.0221513887278635
ATL3,3.21690263377288,1.37442005814563,0.490759776007575,8.39470511518085,0.00376315555065537,0.0212149192404932
RTN3,13.9584124183403,-0.208831749798813,0.253358250095951,0.696708392411566,0.403891937385071,0.596110258260047
MARK2,0.655087255345036,0.393721703936621,1.03803777571685,0.186228339745114,0.666074453777856,NA
COX8A,30.8055874106507,-0.353572991316501,0.182394786852251,3.97801179040246,0.0460979451946854,0.148228578777587
OTUB1,13.2381393301731,-0.0832497978620393,0.276249540188519,0.0961438085992228,0.756507230215112,0.808848138136377
STIP1,7.93961087124937,-0.0575304389244309,0.332955602910176,0.0532835184185529,0.817445141370172,0.849466478941227
FERMT3,18.5237520345514,-1.44300139539813,0.262620546468061,31.0163718027109,2.55861087313698e-08,4.44169049025026e-07
TRPT1,1.23734668557694,-0.486876840198299,0.768487816760524,0.445106435025217,0.504668038233555,0.666509857391212
NUDT22,5.19185000511745,-0.363761741409502,0.398863636568408,0.832213548342423,0.361633238439897,0.563216068440959
DNAJC4,3.33408456783942,-0.450177008529558,0.492321451545965,1.03509165663708,0.308965776832327,0.516916463867853
FKBP2,18.9936493647199,-0.485319063465124,0.218236122404942,5.04891545266238,0.0246413574798447,0.0929816740372466
PPP1R14B,0.655605709495319,-0.617836881231114,1.01647293928747,0.530423051850235,0.466429054010541,NA
BAD,2.52844534688065,-1.28235000936995,0.533891706418927,6.20967191439669,0.0127054175471201,0.0560135242652891
GPR137,2.52741891617945,-0.49845896192103,0.523317572442885,1.09166334037925,0.296102960096624,0.506301841097191
TRMT112,24.8433028827082,-0.144626125103597,0.17508744322005,0.752996532914253,0.385529165925978,0.580757799605309
PRDX5,17.0756432352323,-1.54904995679988,0.241317220299262,43.7193245609517,3.79010806415036e-11,9.03726934518032e-10
RASGRP2,1.71683618021107,-0.217045942791743,0.687653246122159,0.101172537288015,0.750427055075538,0.804918658732165
SF1,9.3760303358165,-0.385669099323226,0.293962755294489,1.73655212732028,0.187576288635287,0.384240557710063
EHD1,6.72801955015696,-1.74751674911381,0.384722812919521,22.0507825755754,2.65531402848113e-06,3.37588472334697e-05
BATF2,3.25401440594618,3.79939252812372,0.70451828951772,39.7163385610822,2.93658525706925e-10,6.61595384386777e-09
ARL2,4.25502282143348,-0.0412948040389765,0.432662415856607,0.0185126924905745,0.891772777118733,0.903718137619249
SAC3D1,0.434127105602743,-1.34846490354695,1.20770892288183,2.04930331896109,0.152275856902816,NA
NAALADL1,0.282590072972306,-0.11795977394844,1.29140387314946,0.0617649189249327,0.803727850824564,NA
ZFPL1,3.3965853449434,-0.337409693618344,0.490309057033697,0.557478105865115,0.455278140349365,0.635088651049603
VPS51,1.94035276305717,-1.02409955452725,0.652304048798765,2.4764857439236,0.115560198384201,0.279130033779418
ZNHIT2,0.865159270617475,0.152194413619475,0.984771490578586,0.105390937085886,0.745453774338543,0.801990998796804
FAU,225.038415240483,-0.174729665871026,0.0945432607556312,3.41823379906202,0.0644799643889862,0.187800960920013
MRPL49,2.61025779708839,0.68877576608717,0.526451592661955,1.7296614240447,0.188454142604773,0.38533432962364
CAPN1,3.3902775383656,-0.492938769637605,0.459739617063023,1.19655945126672,0.274010419063274,0.486566650798712
CDC42EP2,6.71811769523474,1.47123717015951,0.366264295809164,17.1082594917404,3.53084190736063e-05,0.000368603052952401
DPF2,2.68770033038613,-0.0239677369733386,0.502141103241295,0.0497815057618425,0.823443906948913,0.853940120633308
SLC25A45,0.492583430971087,0.911388184626302,1.16018552748683,0.825065202405192,0.363703369727514,NA
FRMD8,0.998719403299545,-0.98952222651085,0.906428974177731,1.29433586963381,0.255250440048445,0.467081004388983
NEAT1,104.56274484411,-0.00246164093173131,0.149774343213526,0.00121711637777366,0.972169691276272,0.972804681277106
MALAT1,8793.0427975756,0.121992447804949,0.0974158003261907,1.56759780319294,0.210556214124828,0.413156733959956
SCYL1,1.24153893421923,-1.0787043236839,0.772069490308364,2.01481201742385,0.155770561789457,0.339536442960433
LTBP3,0.238335218860097,0.177589000257845,1.62444171824614,-0.182687859212432,1,NA
SSSCA1,2.39644354137893,-0.732547257736811,0.536665554990405,2.12339587437039,0.145064586160954,0.324436417516178
FAM89B,5.58430661417104,-1.31184375481971,0.405309868416459,10.9219738356528,0.000950303049823087,0.00676359708399056
EHBP1L1,2.97285806410472,0.0875274050008455,0.541856503906313,0.0414778792023327,0.838618274518976,0.863911912037771
MAP3K11,4.3204786095336,0.0726680927742403,0.449613395718619,0.126310200772522,0.722288852080481,0.78813854799665
SIPA1,2.17788994220122,0.452319175247261,0.571966618071246,0.653961755616919,0.418699799607139,0.607863627574638
RELA,3.340605648179,0.830944744747221,0.53739749376691,2.81163689623281,0.0935828427245533,0.241666944886668
KAT5,4.46045280361193,0.274504195589293,0.393601241061279,0.880497035306348,0.348065581606812,0.552147523708658
RNASEH2C,14.3797122718975,0.0715658054481356,0.221813572129001,0.234393474342127,0.628285097166797,0.737431732510655
AP5B1,6.36815694038076,1.15133406220591,0.378475467374695,9.38245581748652,0.00219071876078626,0.0136707989471468
CFL1,175.98425166666,-0.28186036564468,0.108362289965151,6.76836222175911,0.00927879463535245,0.0441120663502248
MUS81,1.86024302519508,-0.596999038765251,0.603045922843096,1.03970793369695,0.307889408527149,0.51606846155754
CTSW,0.512989507102576,0.0403040918960214,1.22704639055079,0.350353270371976,0.553913220388417,NA
FIBP,12.2644290507161,-0.0588881760830954,0.261609111516522,0.0590444879160259,0.808012589745192,0.842619672547703
CCDC85B,3.41172757323789,0.636200268465557,0.504448489161494,1.70015745009351,0.192267387361767,0.390395808400566
DRAP1,97.1726748198668,1.46089852534734,0.125968342608068,136.665128145537,1.4273616674516e-31,1.45781204969056e-29
SART1,1.48997310637849,0.37404535467129,0.659901013656736,0.386329152561672,0.53423529395966,0.684607670720367
EIF1AD,2.07049159275199,-0.68434120787573,0.692860997125451,1.09161402107163,0.296113870511151,0.506301841097191
BANF1,12.037610020394,-0.680070014137015,0.27114315972788,7.03107546603661,0.00801072302030704,0.0393032111036361
CST6,0.393672083855248,-2.09974075968968,1.26963439575624,3.84151202619378,0.0499984134672692,NA
CATSPER1,1.14237479386899,-2.63746575422342,0.910748291242594,9.35257093057718,0.00222672890651806,0.013847131892576
SF3B2,12.2374008728771,-0.0292222706575669,0.252909102105306,0.250044581795763,0.617043687792197,0.732515249668846
PACS1,0.597604484666475,-2.32826616966357,1.10423575633365,5.01403170990964,0.0251426870045062,NA
RAB1B,3.08770572738881,0.0298992244042911,0.471358459353548,0.00577771552123352,0.939410119655825,0.942640447560323
YIF1A,7.74525689147045,-1.46570307908397,0.381238428117856,15.1367448298551,9.99979023807725e-05,0.000941301299215628
BRMS1,5.75115302075117,-0.350946627336975,0.358335817278183,1.09742558223152,0.294831776338021,0.505618829477472
MRPL11,2.93770547306378,-0.828492504278592,0.477106813700359,3.36583823634641,0.0665617023662465,0.191497705211436
DPP3,1.20624533342383,-0.913138298042408,0.859895055975004,1.26154400619465,0.261359033525971,0.473600182096933
ZDHHC24,2.04156608567399,-1.80506300865344,0.674068380877113,7.77227936023552,0.00530540607445333,0.0282189507785353
CCS,2.89188049658422,-0.995701468476,0.565384522105919,3.17129305961188,0.0749430912966567,0.207618111874282
RBM14,4.0746019701978,-0.900072107019646,0.504775581062563,3.37267473721775,0.0662860558262926,0.191136399877341
RBM4,1.67185983868593,0.173616485422264,0.630682390724389,0.122917231721388,0.725891803992357,0.790104225375138
RBM4B,2.36291094117152,-0.942281295508068,0.634765438956768,2.25858443741363,0.132875470853384,0.306726443576521
RCE1,2.17521516622457,-0.660776135809875,0.542875382847175,1.7425095143377,0.186821168584073,0.383402585761286
KDM2A,2.96254002578725,-1.01524996427453,0.535345414137387,3.79876859947742,0.0512902902915287,0.160197196180677
ADRBK1,2.2441718945859,-0.519884120247356,0.596738495704607,0.768241288726038,0.380761674191618,0.576980103720632
ANKRD13D,1.84136866067699,-1.60036739024073,0.834512646857238,3.64348139007399,0.056289115527185,0.170677733770703
POLD4,43.9455418273544,-0.794988751225479,0.165925278261236,23.1767522088826,1.47773019650916e-06,1.96432335015361e-05
RAD9A,2.93007651068925,1.59551134411044,0.527971110608492,10.1478721463432,0.00144467901290921,0.00960194467582173
PPP1CA,60.8199825846315,-0.564666636602106,0.145980163408903,15.2816658230931,9.26110424352301e-05,0.000882135455132758
TBC1D10C,3.2585073361538,-1.47148265882712,0.659489738982822,4.85774590888241,0.0275222715493593,0.101060432819213
RPS6KB2,6.59087177619596,-1.23662866778754,0.351348443489597,12.9557040346571,0.000318948222789369,0.00262703589953394
PTPRCAP,2.7679162353534,-0.541767354530098,0.551257161935304,0.971297494975737,0.324356800465968,0.531743839822219
CORO1B,6.82300205100604,-1.38783156190504,0.364028804172045,14.9117154337166,0.000112661166890966,0.00104762918165074
TMEM134,6.71770510094644,-1.96847577490446,0.449601850430428,19.8220856576811,8.49949065061581e-06,9.9398623486591e-05
AIP,6.09563036171726,-0.759729627455689,0.391351371459462,3.79558770440174,0.0513878301774313,0.160283882035292
PITPNM1,2.35330777448095,-0.584659556702395,0.629078856457256,1.26022526304183,0.261608455678544,0.473600182096933
CDK2AP2,7.72308803684185,-0.39159420228661,0.327930476989538,1.46217426665346,0.226584488822229,0.431884835926164
GSTP1,80.5441490952201,-0.650912003427579,0.175848692056677,14.0013765688669,0.00018267684333933,0.0016083961149187
NDUFV1,1.95566806358515,-0.34809701475823,0.611775498825642,0.3374532722084,0.561302943127746,0.700685360661403
UNC93B1,15.1296336425125,2.18056796977128,0.270404910609326,71.8471276482806,2.3253176211699e-17,1.04011287463716e-15
NDUFS8,4.23314576083839,-1.31573044556374,0.450030386762254,9.13368343941379,0.00250945976284414,0.0152710719232462
TCIRG1,21.6762063313221,-0.595090413686228,0.20050556427494,9.13974602335051,0.00250115818564469,0.0152356832620583
CHKA,0.271463989803737,-0.942626129536398,1.29969821307327,0.664585238731139,0.414945833462206,NA
SUV420H1,2.93732949809458,-0.353237455530642,0.503678713802706,0.4897907816624,0.484020646791104,0.654837418917239
PPP6R3,1.57234739154943,0.255192808078475,0.616212095085304,0.410417270420481,0.521757791338932,0.676970515630949
MRPL21,6.13928873123176,-0.540922794992477,0.344392050064975,2.4934385858981,0.114321707000509,0.277780896312102
ORAOV1,0.633596179992272,0.11119486682243,1.04623910942771,0.105763934714979,0.745019359236215,NA
FADD,2.20273063743815,0.140096232868427,0.616296288062491,0.23512079467713,0.62775256029233,0.737247295950539
PPFIA1,2.61169780414498,0.588429786925423,0.578162497606164,1.05621798712993,0.304079362099937,0.512545839609455
RP11-660L16.2,0.108609899468703,0.243379158344811,2.59330836665873,-0.3983621398599,1,NA
NADSYN1,1.02015722725567,-1.37621586888138,0.939006400384581,2.04277193186974,0.152930746024021,0.335418615474301
RNF121,1.16286280874091,-0.334426036916836,0.778725764444974,0.616206681978234,0.432460409485631,0.618920356620353
NUMA1,0.879782245474795,-1.00115485333496,0.933860287452959,1.39042685495986,0.238333027283873,0.445955661433764
LAMTOR1,27.4693290673656,-0.622136449613527,0.178071456280661,12.6115404383915,0.000383372430679793,0.00309526515837388
ANAPC15,2.13544404427052,-0.965554921307465,0.572153027007712,2.92973696222722,0.086961659958558,0.230194838974533
ARAP1,4.44229562184226,-0.223426204051267,0.465453032650753,0.789993599397292,0.374102060907064,0.572837938340452
STARD10,0.523671134620387,-1.01487424539382,1.15930447626095,0.842811565534689,0.358593897810578,NA
ATG16L2,4.28791867255766,-0.488190722807592,0.476462880534571,1.18017384357074,0.277320607305541,0.488339276312746
P2RY6,2.91594570173377,0.93332854798499,0.564995040698832,2.73578822670311,0.0981230765330323,0.248675853182143
RELT,5.00363197076306,0.248966444639036,0.431159429254028,0.436277938720053,0.508924428460165,0.669102960223962
RAB6A,5.79162751897175,-0.17089020484805,0.362843514401405,0.248526701537557,0.618114387918381,0.732609648106083
MRPL48,1.34109285391062,-0.524494571617004,0.861615810015398,0.464876342600391,0.495353782436476,0.660903108811392
COA4,3.02085403005552,-0.496700890456888,0.509961005831072,1.05914238726877,0.303410868031255,0.512486714249044
PAAF1,0.4829774842127,-0.754657695585687,1.34152794300408,0.504577171629371,0.477495827260136,NA
UCP2,20.2590718975162,-1.31912344091607,0.376338685810448,11.9950691865876,0.000533414960171373,0.00408085752300896
PPME1,0.940519762588317,-0.65720503840997,1.07766096528526,0.505319855610502,0.477171903773297,0.649946527300014
PGM2L1,0.23376552290652,0.645609731056097,1.66852910801635,0.100591810973139,0.751120590343516,NA
KCNE3,1.8549752133782,-0.637502949949258,0.668699446039546,0.929369785235728,0.335026739546691,0.541740079275151
POLD3,1.94421175752465,-0.0316064368694745,0.573604992864957,0.213179911197329,0.644286357513474,0.746490224776436
XRRA1,0.282767041368058,-0.286745972155312,1.43510309885301,-0.0230727640102195,1,NA
SPCS2,36.073617595171,-0.108266081080043,0.166261168718718,0.788518982912393,0.374548328530828,0.573151820884125
ARRB1,3.07837048774218,-1.5778390168035,0.53145553445602,9.28690943384499,0.00230797218451328,0.0142822508750684
RPS3,344.34765182683,-0.468593080591192,0.102226697062017,20.9159498432022,4.79882209633342e-06,5.84413882242338e-05
DGAT2,1.15807114937118,-1.77692576499294,1.04255260194184,3.2318882567094,0.0722173750850923,0.201708329316976
UVRAG,2.70250780969944,0.681757147346594,0.509484145161849,2.23651895922018,0.13478411245216,0.309115659096871
AP001189.4,0.608654962265595,-1.37911085565784,1.3919065511616,1.92869222344061,0.164901593254995,NA
ACER3_ENSG00000078124,2.29510926525622,-0.0703050215268815,0.551784418382683,0.0286318260027585,0.86563192476083,0.882774577289793
PAK1,10.0159409656456,0.14897133438106,0.285062292490483,1.07899176382541,0.298923214818132,0.508871690038545
CLNS1A,6.46310017864762,-0.758753048717192,0.342185623636643,5.13794508697703,0.0234083400200089,0.0894303663607321
RSF1,9.72260485228382,0.386115171576637,0.331049916966576,1.43726407772294,0.230582585713121,0.43728994567842
AAMDC,2.76439573052675,0.59370422859392,0.503391441127646,1.40973846649346,0.23509981413454,0.442466966624685
INTS4,1.39902394529506,0.227461396944378,0.837694859674129,0.381140931018109,0.536993261055417,0.685990140451865
NDUFC2,28.6359855961123,-0.404659963942339,0.179955452147577,5.16809700330775,0.0230054041800393,0.0882209742273345
ALG8,0.770518808447658,-1.80332780303587,0.935504390275869,4.67624277996997,0.0305825674391421,0.109982378677854
NARS2,0.381649526830259,-2.01127686522986,1.31760697632042,3.35590400974286,0.0669644334377364,NA
PRCP,5.99162646510627,-0.107978327263105,0.355126739697251,0.137553328850217,0.710725552079754,0.784006772447205
RAB30,0.328675170675192,-0.178478064513469,1.66641185922802,-0.0312079105247527,1,NA
RAB30-AS1,3.5120442314999,-0.936330792993492,0.477459300643408,3.91889961820789,0.0477461225522124,0.152231133714858
PCF11,2.94185044685847,-0.0327279427207975,0.463837581080606,0.198135864741126,0.656229748405066,0.75433800379408
CCDC90B,13.5426863000004,0.438240594079037,0.232603250518706,3.69483460076252,0.0545811935882157,0.166570495173598
TMEM126B,5.99558089340678,0.774363528926756,0.341767486521005,5.2112293981393,0.0224414606705679,0.0867543308281512
TMEM126A,4.04540746853334,-0.979566612240985,0.443230369103791,5.00120054486923,0.025329743049568,0.0950524589147292
CREBZF,0.704133746516091,0.275452362690703,1.20777043826287,0.0684353493732743,0.793628680713255,NA
SYTL2,0.259968328354514,-0.250964960252393,1.59894900226131,-0.0856366639580806,1,NA
PICALM,5.57276329016494,-0.839985814062676,0.391308190646497,4.85976122416626,0.0274901404396519,0.10105553726106
EED,2.33290322814511,-0.339303279263025,0.579102530666179,0.395040110538041,0.529661931960697,0.681516950220189
C11orf73,9.25342456301087,0.191894784204712,0.302607963900979,0.93786481943232,0.332827561053927,0.540133310436999
PRSS23,0.11204481757142,0.981806026533837,2.57205826241061,-0.108939399026918,1,NA
CTSC,188.606106227143,2.02396460831042,0.581100582788911,11.2963630509232,0.000776590666194561,0.00567216639146635
CHORDC1,8.53064668167499,0.883151769878466,0.413154405500734,4.56987421755177,0.0325389544680528,0.115326034112335
SLC36A4,3.90484150014929,-0.443822634847275,0.456720102161723,0.991420190186361,0.319395515170437,0.527562187861034
SMCO4,42.2077512401537,0.0861906122869743,0.178377257327365,0.237136895042639,0.626281690837259,0.73671326465655
TAF1D,3.42380539204106,-0.429628311827336,0.499654664864574,0.745328446719739,0.387959314744756,0.582556893103618
MED17,3.77119803713597,-0.236404358824284,0.508403633603068,0.762145156803854,0.38265803397659,0.578138173621436
PANX1,1.34563749871566,1.9813264035414,0.905916483848235,5.26410537895053,0.0217696090285783,0.084974165737313
MRE11A,0.539564748339822,0.318474423673895,1.05299094199095,0.542067237830693,0.461577256586536,NA
ANKRD49,1.90990512496019,-0.24202518108711,0.580383602092873,0.4030356654375,0.525525662531069,0.680274875367636
FUT4,2.34952860941719,3.06306302019806,0.825981249377535,15.3168641961039,9.09013791108296e-05,0.000871742803116062
CWC15_ENSG00000150316,13.2848508192446,-0.52115812818039,0.29398527270533,3.24274035595242,0.0717405506158439,0.20129399916387
ENDOD1_ENSG00000149218,2.27325222686451,3.13866179369211,0.809969127066349,16.6616758582707,4.46744750130483e-05,0.000453253614039669
SESN3,0.848557670449418,-0.615201601880714,0.869827993592763,0.849384001389858,0.35672665919432,0.559970412173837
FAM76B,1.37828671605479,0.628145516919028,0.795838289534105,0.643278570732271,0.422526066843908,0.610556781139706
CEP57,3.03117736506299,0.215021120243687,0.55574468512014,0.248406761983119,0.6181991661809,0.732609648106083
MAML2,1.81749201183914,0.0256632070670069,0.638651690557753,0.0746274425874418,0.784714670003464,0.828092215908598
CCDC82,5.78535470442961,0.702371428016632,0.363844129100482,3.75725078455426,0.0525789617346705,0.162483044634423
BIRC3,26.5864988360801,1.13175149731988,0.298165322446752,14.3477870305341,0.000151958201415472,0.00135545830898692
BIRC2,4.86522705057225,0.165168371396069,0.376177998758108,0.314378662550894,0.575005610381274,0.708018514803592
TMEM123,49.7237558952158,2.25150510919128,0.177042098264764,171.42963776795,3.60517876262103e-39,4.33186969751797e-37
MMP7,0.217983923045646,-0.798621337503461,1.83739536872137,0.188192586303817,0.664425188672009,NA
DCUN1D5,3.04510554471783,0.277642966420093,0.512085030853939,0.301645472930218,0.582852691277661,0.712349679327784
CASP4,103.795359820287,1.29176328884551,0.146314788661416,77.5760348151289,1.27710301319374e-18,6.36267257304976e-17
CASP5,12.1737629423929,0.0968846987883486,0.409423337550795,0.0569521815334468,0.811379656857362,0.845026263973812
CASP1,101.929083296785,0.615041494385762,0.119156521870089,26.8736752190344,2.17197247954408e-07,3.29451667194211e-06
CARD16,207.464804650928,0.492281904291696,0.128313549066233,14.8129368541016,0.000118718298523246,0.00109399358398564
KBTBD3,0.843868278476169,0.510363097790394,1.03579786020242,0.664661841549119,0.414918946249391,0.604522896485085
AASDHPPT,2.58717130005871,-0.411635936398503,0.542285753985354,0.582056974570889,0.445507180200443,0.6279153700103
CWF19L2,2.65008383557768,-0.131589636606894,0.499597306234481,0.11637215579902,0.733002982450226,0.794313399903622
CUL5,2.43863642509453,-0.0791707002919557,0.539375211500614,0.0239400264598331,0.87703760851451,0.892327156728693
ACAT1,2.3986822802436,-0.00766465743307854,0.640992035883837,0.1023523470447,0.749024781308824,0.804279632006391
NPAT,0.98276229896747,0.203448907061711,0.89087415652381,0.127327075834245,0.721219677184054,0.787642810070056
ATM,2.62668227683384,-0.814244781861486,0.561527195469713,2.12149336786706,0.145244860985375,0.324566976300712
DDX10,0.380077221889422,0.0170722615536957,1.28789940105509,-0.0823600168779883,1,NA
RDX,7.98490968798374,-0.0678622524760365,0.327043738776255,0.0437474757423786,0.834324139293626,0.861310364823339
FDX1,8.63910939675329,-0.74469024380379,0.289949060366755,6.67588594372968,0.00977259250677649,0.04591781369654
LAYN,0,NA,NA,NA,NA,NA
C11orf1_ENSG00000137720,0.513029606245217,-0.346533542493614,1.25826771230631,0.0749885723485377,0.784207264372002,NA
DLAT_ENSG00000150768,0.718004765556614,1.45721065548659,1.16227166979846,2.19282842925624,0.138654495410485,NA
C11orf57_ENSG00000150776,0.87337390750739,-0.980902926751549,0.959319830787556,0.924197275744454,0.336375312752694,0.543164141383007
TIMM8B,8.94369302568454,0.0789346677838717,0.28400047710419,0.277477879117299,0.598359089111481,0.721516036614552
SDHD_ENSG00000204370,19.6209036413211,0.354022436399828,0.19887587558484,3.18957998089516,0.0741090506950022,0.205772660923867
IL18,4.81600032180554,-0.12893914178049,0.572886695695107,0.0807125962098354,0.776334035302301,0.822221736663066
PTS,3.11867714825126,0.185587924630362,0.482184886625961,0.260144858760086,0.610020652372168,0.72764059899964
USP28,1.2206041348176,0.954753033003352,0.931348772648639,1.15638590857493,0.282216334149986,0.493274870413895
RBM7,7.43813345958077,0.844364231933495,0.336938104688715,6.81837772413903,0.00902244901304361,0.0432964507062891
REXO2,1.81858957519021,-1.15069860942232,0.632615835025745,3.49981567395985,0.0613756599638624,0.181812972790116
CADM1,0,NA,NA,NA,NA,NA
BUD13,1.24277289771156,-0.885125298913809,0.746900397418269,1.95885805802658,0.161635499767685,0.348097590740503
ZNF259,4.25889318401221,-0.914815561664769,0.452926428356664,4.44344216373479,0.0350355411168247,0.121435404956958
SIK3,0.771520040981441,0.505877376493652,0.930992121909319,0.548464991448512,0.458945576934291,0.637682381124919
PAFAH1B2,2.24591345913866,-0.501893128191638,0.534029936820792,1.03362690755877,0.309308331100097,0.517314807036407
SIDT2,2.96894140098624,1.04637520632518,0.51463733181705,4.26585829266383,0.0388856003950245,0.131362160540634
PCSK7,2.69891365517541,-0.135977423472421,0.498529330081197,0.280866657952963,0.596133740319633,0.720733505555053
CEP164,1.57201260609676,0.165323421020647,0.706468844945488,0.283455057181349,0.594445540382613,0.719486919112117
FXYD6,1.08625500709437,2.24859781161943,0.889140453453033,7.02781469842279,0.0080253227512818,0.0393118927416906
IL10RA,27.2725056085739,0.466115546541065,0.20824013749086,5.04181347882215,0.0247425751261734,0.0933025793271931
AMICA1,1.86489536193043,-2.25067187553237,0.728816185447176,10.4213169350349,0.00124569033454264,0.00849120174647087
CD3E,1.16615146841455,-1.06681644795604,0.763017138523489,2.0770342571498,0.149530459981436,0.33008741310023
CD3D,3.38958084095571,-1.38040871679454,0.66330944528821,4.38880200232455,0.0361757238995997,0.123861797399213
CD3G,0.903726466018306,-0.190811067262158,1.03322632029205,0.104289539714429,0.746741507682072,0.802390313707827
UBE4A_ENSG00000110344,1.32372580256287,-0.569995762700084,0.705279946330602,0.776515670581333,0.378208894382156,0.575531190656531
ATP5L_ENSG00000167283,70.6302910207147,-0.388576449622562,0.127330140188846,9.36298481894373,0.00221411290934652,0.0137887031590198
KMT2A_ENSG00000118058,2.03556754178263,-1.80403205999582,0.688153787150485,7.41249097940688,0.00647725798348341,0.0330221605014861
ARCN1_ENSG00000095139,3.48692443966527,-0.84487247662669,0.481748983875384,3.11525662282371,0.077562260150042,0.213522699999756
DDX6_ENSG00000110367,4.09834222479265,-0.61240201442343,0.435780910145995,2.25656099156366,0.133049232986081,0.306726443576521
CCDC84_ENSG00000186166,1.06600220765952,-0.806613638551108,0.87690393861448,0.801732904816568,0.370575764008578,0.570982468679046
RPS25_ENSG00000118181,101.462175976577,-0.304152558439262,0.128291029632944,5.63081277928953,0.0176474470857056,0.0719039599343109
TRAPPC4_ENSG00000196655,16.0604593096847,-0.0789117100754107,0.22249829118572,0.248774367614516,0.617939408031845,0.732590150745535
H2AFX,0.363871387644328,-1.34220315742843,1.29523060933877,1.38984882859045,0.238430630514617,NA
DPAGT1,0.656549827598828,-1.42144606167997,1.05377380064541,2.01726307456131,0.155519235871996,NA
CBL,2.08560269204224,-0.522696714788449,0.563035645602901,0.960192506073881,0.32713838079146,0.534811931226974
RNF26,0.806554954002528,-0.132912116021306,0.884968829177222,0.119800108298719,0.729251389370719,0.792319144231245
SC5D,1.25937286908982,-0.623827966685294,0.922601848924405,0.461635828458988,0.496860457346251,0.661760678682422
SORL1,4.91757859700928,-2.04396669941721,0.486997576197947,19.0563486593124,1.26914847619685e-05,0.000144292056811397
CRTAM,2.40727967885403,1.36441779239103,0.606416298184673,5.85257633317106,0.0155542637856314,0.0651959839113196
HSPA8,165.764012657077,0.931713362417151,0.17541026447585,27.7790585923938,1.35990168329009e-07,2.13678910646196e-06
AP000783.1,1.06684285641716,1.92498229881291,0.919418651938987,4.48602849601223,0.0341729785621708,0.119342595044462
TBRG1,9.34216982181568,-0.0828876335392573,0.349680500919676,0.112046926204897,0.737825666225203,0.797701058865666
NRGN,1.00184571433044,-0.0908736722749942,0.840118910640051,0.0114704045129912,0.914709667490348,0.922135725694096
ESAM,0,NA,NA,NA,NA,NA
TMEM218,1.23044087853423,-1.05554279181028,0.824360777316309,1.58855683053363,0.207532443693593,0.408662858275815
FEZ1,0.336545955129918,-0.736640290112462,1.42110805521792,0.365702078200918,0.545356375460649,NA
EI24,5.5106215319537,0.186086024192879,0.384843529228274,0.47676815127312,0.489889869692402,0.65817166454107
STT3A,1.17439243432397,-0.817680757080445,0.808288664098487,1.01429247240538,0.313876687061135,0.522156830902961
HYLS1,1.13063214685744,1.17519973890567,0.779267749908776,2.37984568044123,0.122909687969695,0.292047525350248
PUS3,1.00116639596443,-0.445071769465309,0.788071187271361,0.509530693324116,0.475342085944683,0.648860463021856
RPUSD4,0.392364529933231,-0.371862459400339,1.14989139991414,0.562016148494891,0.453449044457826,NA
FAM118B,0.864365652278644,0.00264322307685181,0.894019180920929,0.517059365846961,0.472098775511537,0.646918894529226
SRPR,4.26794834319455,-0.62509727165721,0.435073125704207,2.06815155889359,0.150403715000568,0.331418182496758
DCPS,1.06190696344749,0.55751109144116,1.08584916617661,0.30592582466636,0.580191089946403,0.711082199838311
ETS1,0.152214662738546,0.596228127011434,2.40825071995491,-0.174516984941178,1,NA
FLI1,1.08523983313379,0.0201962961917683,0.929879899899203,0.0913592705829984,0.762456184784224,0.812231829555141
NFRKB,0.508826669171125,0.662517969913713,1.01659634740578,0.527333428888912,0.467730103807288,NA
APLP2,21.5298710014932,-0.680058045554204,0.20285777591048,11.3684600808921,0.000747017857067747,0.00549546870121387
ZBTB44,0.773382132573889,1.45007866845597,0.95691413357228,3.03573041532294,0.0814498844627886,0.220656450923063
VPS26B,1.49242406839185,-1.90561406701378,0.779316904284683,6.31363987236286,0.0119812618700986,0.0537490283601494
THYN1,3.8045022045938,-1.19369084842327,0.482527525592662,6.58888106326781,0.0102617649607706,0.0478173513082165
ACAD8,1.77727336366552,-2.63679353057896,0.89453275275747,8.79647586430193,0.00301812985910105,0.017681739748156
KDM5A,5.86378706634448,-0.0582947694096209,0.339044592035324,0.0342498759650027,0.85317631200247,0.873999404873143
WNK1,3.34952032654643,-0.664472141531658,0.46913203619995,2.04602114324661,0.1526045561133,0.335183053714087
ERC1,1.86238139426646,-1.69817047106504,0.681173821243212,6.68739386800485,0.00970970466709032,0.0457565806900541
ADIPOR2,1.87830979366574,0.099483484897065,0.607298264199239,0.0284357426062414,0.86608846159264,0.883093193450864
CACNA2D4,0.383088268822045,-1.88262815595071,1.21649647994965,3.13999117351603,0.0763942212241299,NA
DCP1B,0.5444810391597,-1.10920027896289,1.24640188037303,1.18899950532324,0.275531460835549,NA
FKBP4,11.9444947101049,0.585511922014989,0.31802034472978,3.4301820895431,0.0640150428639199,0.18689098745598
ITFG2,0.601016253618365,-1.26957781322692,1.07409542694441,1.87941567617479,0.170400574810794,NA
RHNO1,1.40463338646201,-0.32762990395215,0.717834853979041,0.286757363878159,0.592306020526269,0.717606028822653
TULP3,0.488030632765517,0.254644322273417,1.21804954594053,0.133026702385198,0.715314262536326,NA
PARP11,4.76072328443047,2.24314290575346,0.502817233213552,22.3195076562291,2.3084956139366e-06,2.9844854688193e-05
RP11-664D1.1,0,NA,NA,NA,NA,NA
CCND2,0.513717763474782,0.0714845164854766,1.24961811851922,0.0391957711649269,0.843061322732223,NA
C12orf5,3.79794105879958,-0.22304200976383,0.429898800453722,0.269585707929565,0.60360981834223,0.724568259902289
C12orf4,0.51988638818619,1.52208137301454,1.19507460148096,2.24490486724262,0.134055152731911,NA
DYRK4,0.448655389922333,-0.422638153074491,1.1509019112815,0.15830739778032,0.690719659123474,NA
NDUFA9,10.4178212360371,0.76199508646582,0.296641192839533,7.18725692271568,0.00734231398166545,0.036520860454258
CD9,14.576451119801,-2.88536474293585,0.882434027453713,9.45367968500828,0.00210725924047752,0.0132716183202942
TNFRSF1A,22.8047722574146,0.560820638643674,0.232009419917736,6.1372119464903,0.0132365856092589,0.0575275153287507
LTBR,1.35117250677659,-1.12041752153058,0.680659358802193,3.00725043731177,0.0828927906597406,0.223247348039204
CD27,0.614113710679814,-1.96147314545985,1.11421600476567,4.31743212421394,0.0377238087690897,NA
TAPBPL,2.53006515648616,0.0754681421298072,0.538647273179789,0.497026369234838,0.480809631837749,0.652436099181072
MRPL51,16.5999356645673,-0.730423288212993,0.226769003535345,10.5030679908774,0.00119176501860712,0.00821398531198822
GAPDH,278.142505009333,-0.59283371689892,0.114344804918004,26.6512882479864,2.43688257477656e-07,3.65115315849163e-06
IFFO1,2.85067491441279,-0.155079188313197,0.486661289694487,0.19638645222112,0.657653545202718,0.755078913034458
NOP2,0.429476079273185,-0.198632893214758,1.37805923758311,0.073965381587854,0.785648337032576,NA
CHD4,3.48887856457501,0.162974254182954,0.444266287492666,0.181181639381066,0.670359718852105,0.761157005211358
LPAR5,0.173648274124419,-0.0164946248656195,1.73319783783023,-0.233970998893071,1,NA
ACRBP,1.25216738530851,-0.241077026653367,0.739152905181524,0.22391853019797,0.636070279029489,0.741880218860432
ING4,5.61821515007547,-0.158866235553529,0.40218165935116,0.502992108738667,0.478188357671243,0.65087532459443
COPS7A,2.96693859208532,-0.213732269726378,0.477991978325063,0.338538975559835,0.560673769319005,0.700613551873341
MLF2,15.9717663990671,-0.421311517837299,0.219911390572801,3.98312871043225,0.0459581229074573,0.148111276902122
PTMS,1.19211460383939,0.68269649836422,0.823345808727877,0.720619794555176,0.395940680544671,0.588658504184023
LAG3,1.82924089301345,4.26417408559803,0.851739736461595,29.145091440244,6.71556675550689e-08,1.10924509643521e-06
CD4_ENSG00000010610,2.16937400223204,0.564839742018793,0.564054006494835,1.01361127718579,0.314039240494326,0.522156830902961
USP5_ENSG00000111667,0.500706949086523,-1.14170218840029,1.22143289453628,0.956691792322367,0.328021788120708,NA
TPI1_ENSG00000111669,58.0079287042029,-1.01837267223742,0.170004166594653,36.1502582770381,1.82674268282785e-09,3.80757794570377e-08
SPSB2_ENSG00000111671,2.23093882808498,0.485308626756638,0.721519333317907,0.524735622831081,0.468828561153994,0.644166238285128
C12orf57_ENSG00000111678,2.63335708041145,-0.389769630080389,0.52720111523032,0.542901775133565,0.461232618569163,0.639288303591144
PTPN6_ENSG00000111679,38.6129504039713,-0.347647386873877,0.177445389010773,3.83714398590703,0.0501288411438391,0.157613924335273
EMG1_ENSG00000126749,5.57417104206709,-0.957786019581577,0.400620021832168,5.77220430062977,0.0162815996185532,0.0671424242681653
PHB2_ENSG00000215021,3.67195824883765,-0.96841578252675,0.478987302186436,4.2216705976581,0.039910847391157,0.133793037643879
LPCAT3_ENSG00000111684,2.3117273458252,-0.392072854816117,0.558931732064849,0.825041435321225,0.363710279868475,0.564829344914855
CD163,1.12430133767893,3.26377729619722,0.976456279749128,12.5419987842118,0.000397906441543387,0.00318741264546128
SLC2A3,2.96698749239669,-1.15792514156063,0.518465166692864,5.15191336857656,0.0232207725656815,0.08893555892656
C3AR1,156.242705845894,0.847939377655272,0.156951395853306,28.7991013908241,8.02883557062638e-08,1.30505847153312e-06
NECAP1,2.38583106973721,0.942816211065412,0.58036728948589,3.1080386452423,0.0779067251893315,0.214247735294261
CLEC4A,1.87235822316408,-0.786648589041752,0.739444010964213,1.47862141065671,0.22399034001066,0.42902538219649
CLEC4D,1.88029810989671,0.211937508940701,0.820822962658557,0.123348091975153,0.72543120590781,0.790104225375138
CLEC4E,7.40055897622695,0.436351225032252,0.559538037417014,0.667531862849202,0.413913437619072,0.604351095003497
M6PR,21.4057999449812,-0.598477657738616,0.215161205769587,7.76788120552979,0.00531833958535317,0.0282415814376467
KLRG1,0.517923023415204,0.751410931220216,1.14097763554194,0.59554108562207,0.440284379023504,NA
KLRB1,0.444060599549811,0.448194755008486,1.12198425968285,0.213617063129185,0.643947038674098,NA
CLEC2D,6.3007155295879,3.17930485740064,0.560688879479966,37.8247173570227,7.7394928838111e-10,1.66998635183079e-08
CD69,32.2247932394225,2.98416539044005,0.23137493827567,192.695217669896,8.20435531055393e-44,1.14264293961533e-41
KLRF1,0.324516532007026,0.329797002152411,1.58537310801074,-0.0848640127807485,1,NA
CLEC2B,62.3175161919383,1.26494779492826,0.175318113404021,51.8639503976392,5.94825484825308e-13,1.83170380452738e-11
CLEC12A,12.0526079593505,-0.0803691097434045,0.394713305259426,0.0952136656799922,0.757650837801021,0.809005808336758
CLEC1B,0.151007115837435,0.660847482169326,2.34082071350727,-0.0553379006148855,1,NA
CLEC7A,10.7163533059123,0.827810113462229,0.328542570741383,6.57686010410035,0.0103312978446278,0.0479622675696054
OLR1,37.8434039479312,-0.717173916509508,0.379430012662637,3.52101058655094,0.0605954890778593,0.18016941148429
GABARAPL1,10.9465364177271,-0.164651168425028,0.314769427604576,0.307387711247088,0.57928763150841,0.710259024786622
KLRD1,0.940707831760593,1.70404472786274,0.945979516721214,3.88160614542145,0.0488178346084531,0.154682363226784
KLRC2,0,NA,NA,NA,NA,NA
KLRC1,0.30870637755203,0.648696017746299,1.57235585179041,0.265266604358917,0.606524795439963,NA
RP11-291B21.2,0.10371223307565,-0.213996620317695,2.59883159768751,-0.455428277016388,1,NA
MAGOHB,1.47862699706332,0.255242062222257,0.691131769728843,0.357816784103612,0.549721244852572,0.694289321610998
YBX3,8.32971697139378,-0.520989294573503,0.327777516507114,2.83358555926654,0.0923120494482196,0.239596882261198
ETV6,7.57701475777892,0.0517454459540374,0.328189496314597,0.0380988118558179,0.845244857551011,0.868196528171739
BCL2L14,5.71577692146965,5.20102734388808,0.735336792234314,83.4239230825983,6.62158030606885e-20,3.59088885978672e-18
LOH12CR1,1.0999154572232,-1.11567352921343,0.788088891448503,2.11462400869193,0.145897882144135,0.325113535192459
DUSP16,0.301394132824358,-0.3907352064877,1.67094487105868,0.265214681539398,0.606560020522889,NA
CREBL2,2.92552468952866,0.135022024752363,0.51038860233949,0.158590146578305,0.69045786509956,0.772103247687975
CDKN1B,2.93931799612908,-0.0889668579769962,0.509518941598104,0.301209922881732,0.583124900224833,0.712540256944721
HEBP1,8.91563013883218,-0.165415548700478,0.308236498456767,0.765734948938899,0.381539722547963,0.577691238796866
EMP1,7.35658162562884,1.59608203530322,0.566991520150533,7.81668019797763,0.00517661981440771,0.0276678927603164
ATF7IP,1.03235004552193,0.446536390304919,0.854536131790606,0.806245962340412,0.369232465829212,0.569795152506022
PLBD1,5.34684779226421,0.795374698637978,0.454244656217641,3.37802646923063,0.0660711257719827,0.190802949448968
H2AFJ,5.26177349303178,-0.928048556220578,0.385594410750317,5.97382395409494,0.0145197611315303,0.0620565172479769
WBP11,5.73922266742444,-0.0968040934299003,0.37667956271815,0.231013101952001,0.630773644093342,0.739150353410492
ARHGDIB,70.1708750559717,-1.88743826619296,0.148263545226235,165.452559866038,7.28534415819646e-38,7.97224803596926e-36
STRAP,8.97485816328903,-0.614736309150952,0.288615132263755,4.55995691562202,0.0327278967299415,0.115661217509274
DERA,7.84046554077176,-0.0725234016870991,0.359654919340081,0.049713989543676,0.823561702503729,0.853940120633308
MGST1,5.12870504939483,-1.16549644962091,0.419601910154155,8.2303073899723,0.00411965516251782,0.0228966106987804
PYROXD1,2.25542143769156,-0.184275412963268,0.625999587502369,0.0960851012153157,0.756579231037486,0.808848138136377
RECQL,3.15373653812556,-0.878601635398061,0.525055699932911,3.09742949649929,0.0784160199167088,0.215389229067499
GOLT1B,5.50592562158697,0.470709824299839,0.354295057514528,1.78870921430358,0.181083511430544,0.37413343157329
LDHB,7.56160392393972,-0.638403029070477,0.346963693476875,3.43738014732786,0.0637366850448546,0.186433606661035
CMAS,5.814504269142,-0.456432345533181,0.342171529751008,1.85715788895054,0.172953179296396,0.364337257727162
ETNK1,8.26040163134919,1.45206169504706,0.323123210228526,21.4820160508399,3.57162583644337e-06,4.43055124002529e-05
BCAT1,3.32557727338658,-0.707089391854382,0.49742319988023,2.00676705324284,0.156598721834559,0.340296796951126
LRMP,0.669932189673709,-0.839642595929994,1.17398499007698,0.63290937443999,0.426290140298427,NA
LYRM5,1.05091257663851,0.433128121364584,0.954579973282856,0.333058087110658,0.563863899964869,0.702451306969855
KRAS,13.8966571736654,-0.236252676941582,0.234124027964353,1.13846487572319,0.285976940816391,0.497080507852603
ITPR2,1.60173419021061,-0.37017040397727,0.655135743931802,0.354347416580666,0.551662419926637,0.695693788247366
ASUN,0.638854993756334,0.695360924931117,0.979304319149374,0.678436003343904,0.410125801480517,NA
FGFR1OP2,10.9969500896469,-0.397798157124286,0.289058267038722,2.06170499033462,0.151041087338103,0.332344625927431
TM7SF3,1.19402893746518,0.42857497584837,0.778088429458104,0.640378993984783,0.423573591283188,0.610818295635497
MED21,2.0154812043971,0.607802413173934,0.584795210478033,1.14019882300114,0.285610319142129,0.49703733414665
STK38L,7.55020734391254,-1.22056021100571,0.413032784151572,8.82268638588042,0.0029750835620956,0.0174964607183511
MRPS35,2.7738260288087,-1.2031631770033,0.562544599148677,4.69190970366554,0.0303049483529317,0.109256239151221
CCDC91,2.77373895456471,-0.441659353212837,0.555286984275158,0.78748473008546,0.374861773117379,0.573151820884125
ERGIC2,4.30925329562424,0.415291550312548,0.405187773131539,1.04950861668281,0.305620283985851,0.513811001444526
FAM60A,2.38212184667268,0.073755045444751,0.61340010987104,0.046663374224913,0.828974442300398,0.857521165161519
AMN1,0.659213208773354,-0.290148588675541,1.03060383432649,0.138346532854285,0.709930346779572,NA
KIAA1551,5.37323124041442,0.72509602794078,0.40189763880005,3.46004159863122,0.0628687332648602,0.18450625911058
DNM1L,1.47508717381999,0.0323010230490677,0.760033112564187,0.00316576463853835,0.955130598564044,0.956691779666633
YARS2,1.89317974612916,0.202066040388166,0.688013402429562,0.108319251710007,0.742065817607022,0.800037014835064
KIF21A,0.0353187359555121,0.255249397474148,3.0559717001647,-0.938112282886839,1,NA
LRRK2,5.40359965207147,-0.775851981689855,0.40240732783766,3.89837075311236,0.048332958011439,0.153542751195115
GXYLT1,2.66571482730111,-0.00490000498948927,0.511891597332008,0.00011300879994991,0.991518200280418,0.991680027961222
YAF2,4.10608295964126,-0.0484444656573345,0.421428770962849,0.113582582985245,0.736101708635223,0.796263242809647
PPHLN1,3.74653337887287,-0.95794866713752,0.448259535635655,4.84577944385299,0.0277138648351933,0.101573303654345
ZCRB1,5.12466492860825,-0.107550697865684,0.381745118955448,0.0895649463400048,0.764730966437038,0.813871372408157
PUS7L,0.506971020822466,-0.405982125206729,1.06594080159092,0.179478976183447,0.671821382993236,NA
IRAK4,3.58368325414994,0.685989342613587,0.516919181345855,2.04292408494017,0.152915453683839,0.335418615474301
NELL2,0.238424312332879,0.647037553200756,1.4706815737858,0.171996027256981,0.678343933585304,NA
LINC00938,0.411865465282004,-0.670330580778797,1.24000016866137,0.489470472459704,0.484163609662649,NA
ARID2,1.32663390497683,-0.361628804566235,0.774057265888675,0.413563090954717,0.520166538840702,0.676158114404848
SCAF11,15.2742226893769,0.416018988331132,0.222750351753562,3.52553541998346,0.060430304054066,0.180115225312897
SLC38A1,1.60512459950286,-0.0705313497900789,0.756684400059487,0.353926486830055,0.551898812717528,0.695733187198691
SLC38A2,3.68074747912705,0.537147894678293,0.447698060007479,1.48717120439166,0.222655882662564,0.427454651928632
PCED1B,0.506795228282489,-0.0542848904566074,1.11034986432089,0.0565581893411533,0.812020971794568,NA
RPAP3,2.22320746756008,0.489281842719323,0.638634877089413,1.04373953058689,0.306953348129055,0.515128332184248
RP1-197B17.3,2.38599751191259,1.83614555948937,0.589747202046256,10.8730833519654,0.000975719517596315,0.00692840000443826
TMEM106C,0.481414264744769,-0.807175526778544,1.06012287558151,0.762097658809967,0.382672861912208,NA
ASB8,2.83810352382715,0.246825200402237,0.518992466185695,0.512643239555338,0.473996851224765,0.648008775349564
KANSL2,1.09160921918134,0.0666233124633073,0.765382145593402,0.182223689499068,0.66946916066995,0.761133027195817
DDX23,1.67075333357955,0.121099834394864,0.827566291606679,0.0512183741047636,0.820956613327026,0.852002011927423
FKBP11,3.2880498210276,3.13046716512774,0.787542344909047,17.8316405989103,2.41336546350454e-05,0.00026037154155556
ARF3,8.09566510832006,-0.213695124916744,0.296139922273817,0.526781181996739,0.467963269907728,0.643698190149859
PRKAG1,4.31747096213677,0.0982937536478703,0.392572954789606,0.0626599847066558,0.80234007272795,0.839894083648254
LMBR1L,3.60131867908686,0.31410274249888,0.476851313972396,0.48602536869484,0.485705674006798,0.655898626676939
TUBA1B,51.9691825340405,0.199411165994379,0.200266972543758,1.00945490259863,0.315033462889913,0.522752521145245
TUBA1A,29.3877728792063,0.5665568443379,0.243315170604105,5.39816538708742,0.0201579302179362,0.0796953525003308
TUBA1C,1.80550578346491,-0.62541360765583,0.613958130853338,1.052380483891,0.30495947640058,0.513263298924129
SPATS2,0.771419751792699,0.734513135744725,1.03020401456198,1.05763659114326,0.303754843270759,0.512502665077977
MCRS1,5.02278101699205,0.252375132966915,0.373440718087053,0.465722915151488,0.494961436257673,0.660811259561443
TMBIM6,208.626719632083,0.160589912198148,0.105400312350017,2.32007727585807,0.127713681353886,0.300433565964151
BCDIN3D,1.12921293060425,-0.787081801080953,0.806042209967758,0.974638500227265,0.323526068457654,0.531234659032289
SMARCD1,1.17072700066427,0.271864214497538,0.766588997815238,0.266975993623646,0.605367552906565,0.725315250493671
COX14,8.97073627405426,-1.23764882629577,0.30592873392419,17.0617786357757,3.61832471569318e-05,0.000375815150131657
CERS5,4.32391868796702,0.113435826454386,0.412966211376286,0.318909951525725,0.572263461664822,0.706025869354144
LARP4,0.718639566224222,-0.269654744358344,0.912710705459206,0.10959620354739,0.740604321369922,NA
ATF1,3.3842832518305,0.104307359580353,0.436798203638962,0.217751955523909,0.640758179891246,0.743949626065471
SLC11A2,2.91413473952743,1.37660854760563,0.549294367985735,6.68922427353931,0.00969974026191821,0.0457565806900541
LETMD1,1.34696435122127,-0.051850495206976,0.719917911959509,0.00775996569571191,0.929804613822202,0.93453217541454
DAZAP2,29.3184014394839,-0.0573527016812378,0.197884517536005,0.207083627514194,0.649062893276002,0.749481963554251
SMAGP,0.314495401594569,-0.620827665662474,1.21352213259756,0.366935921363815,0.544679209154557,NA
BIN2,14.1240820999185,0.0695319976701227,0.269149111139658,0.0696208325688445,0.791889649125269,0.833081505551871
GALNT6,1.5946218122037,0.916948468874134,0.764071942235903,1.74001599290749,0.187136800347145,0.383793277284909
NR4A1,3.27725422472721,0.0726966493368285,0.733681351541329,0.346213247358264,0.55626458627476,0.6974382150219
C12orf44,5.5287984105244,-0.118382308165865,0.359829264386034,0.25228627169993,0.615469824239503,0.731355261380585
KRT86,0,NA,NA,NA,NA,NA
KRT81,0,NA,NA,NA,NA,NA
KRT1,0.536927680388529,-1.46650697450345,3.014535165479,0.339579185633127,0.5600722246968,NA
EIF4B,4.95367119324907,-1.36617131605594,0.477604089418153,8.44072646313766,0.00366909645986428,0.0207802431664032
SPRYD3,0.888170881790036,-0.0190872979346712,0.945856620096302,0.11541355547476,0.734063101151603,0.795040417790212
CSAD,1.33133192394751,-0.303551150930906,0.753025989225044,0.169867957785634,0.680229184425451,0.765803156802143
ITGB7,1.37285386244059,1.63014581835193,0.875455125012585,3.59692102311264,0.0578866891170811,0.174228698874987
MFSD5,1.61527641484461,-0.680069831246185,0.675873855108301,1.03617759740621,0.30871213098816,0.516881950463236
PFDN5,223.868384586874,-0.44759570811573,0.0954453105075166,21.974315192996,2.76323749504082e-06,3.49136481847632e-05
C12orf10,2.68501845629959,-1.09921409510819,0.549055317189152,4.27086267866918,0.0387712420653096,0.131131476907457
AAAS,0.518109264209016,-1.93433912545413,1.09000463338349,4.0639546293214,0.0438077924161345,NA
PRR13,84.3282082300115,0.148295534752396,0.113444474043176,1.8778365856014,0.170580237741249,0.360534034656666
PCBP2,25.8154548207378,-0.233797174086409,0.186198064852372,1.6002335137333,0.205870121573903,0.406434312179406
TARBP2,0.0754885811226386,-0.151445043127143,2.86172319177423,-0.553303901501424,1,NA
ATF7,1.72765036980663,0.468590603709181,0.6302879542605,0.781090715334599,0.376807767735888,0.574397512608339
ATP5G2,49.9484520290776,-0.76722775391059,0.159439897124897,23.2666503131891,1.41024241750499e-06,1.88278116219403e-05
CALCOCO1,1.66902704049646,-0.977453534416046,0.668602728643372,2.28338989626993,0.130765782780199,0.304758814130899
SMUG1,3.81249255183622,-0.813464344693743,0.429455134017122,3.65159385311998,0.0560155819124886,0.170016585418391
CBX5,0.697799872950755,-0.210752322648699,1.01115728445885,0.30977882989697,0.577815935857838,NA
HNRNPA1,46.4600464916909,-1.11775628607283,0.172825319709026,41.9663368994104,9.2858321254201e-11,2.14730487790847e-09
COPZ1,15.6909825264907,-0.602307718135648,0.233670101449162,6.72634408365469,0.0094999115211751,0.0450235559178353
GPR84,5.55510618073864,-0.0175527703633646,0.493244816550578,0.400137131121298,0.527018445153374,0.681054142298252
ZNF385A,5.45926201721453,0.611721979982902,0.379387073952509,3.05870462047453,0.080305666708234,0.218328804608721
ITGA5,2.71016043344198,-0.342273762059431,0.563153655831014,0.72025263836737,0.396061051697109,0.588658504184023
NCKAP1L,7.77299621380757,-1.2463531779685,0.325195749423053,15.1991835807491,9.67452381132014e-05,0.000916313476287014
TESPA1,0.152231940194705,0.636029792679438,2.02694589087271,-0.0636783609136948,1,NA
BLOC1S1,49.4936516662709,0.160997636596547,0.151587636637943,1.17097050446081,0.279201917696676,0.489962586381795
CD63,292.559359848535,0.275607983294876,0.163788275806024,2.82332330240584,0.0929038675839116,0.240826946088921
SARNP,2.96707804062266,-0.105105772976542,0.54268048056451,0.0375253479194555,0.846399355875518,0.869236677192085
ORMDL2,18.5214599332035,-0.080732546599086,0.216813686155139,0.148791936449513,0.699692510458023,0.776760091320066
MMP19,1.06469721495967,-1.19410851673284,0.857836677201983,2.08507556529609,0.148744861844611,0.328689506503043
WIBG,2.84132643809023,-0.930028336115209,0.561087080166085,2.77670846618192,0.095644550990818,0.244620120397217
RAB5B,3.08634931202474,-0.319609763193685,0.479138550217839,0.476113829539486,0.490187885321945,0.65817166454107
RPS26,35.2069676228813,-0.427000633233511,0.347444061317569,1.49819137103097,0.220949858863676,0.425512487465936
PA2G4,5.09348606700385,-1.15341750649933,0.397462844986535,8.73828566315501,0.00311597333156913,0.0180992270861191
RPL41,10.5656054409509,-0.425917662911316,0.276268724761505,2.73056027270532,0.0984447440298767,0.248873511309853
ESYT1,0.693361748797447,-1.11133535020387,1.05558608003298,1.40750815713163,0.235470494139579,NA
MYL6,453.118723865914,-0.310065418973218,0.101004379525543,9.41319708295788,0.00215429277259247,0.0135122887517366
SMARCC2,2.25307520539024,-0.113616521628287,0.637448508172254,0.159299196916642,0.68980255018617,0.77179295737463
RNF41,3.0699643460119,-0.352198374440401,0.489022110482328,0.522576135435152,0.469744839979855,0.645280515444195
NABP2,0.340368949438333,-1.2133635917331,1.36907671414214,1.16599975347491,0.280224710598109,NA
COQ10A,0.273268503780461,-1.8801577484012,1.80249774789541,1.57866722264112,0.208952773794976,NA
CNPY2,7.20930337568857,-1.63448611811888,0.353363931779865,22.6733862999255,1.92008942490661e-06,2.51955203336781e-05
IL23A,0.305765382326261,-0.3564474027132,1.60017575542837,-0.0375089457791766,1,NA
STAT2,12.0795874155224,2.48668326562992,0.354835446943395,54.7135688318977,1.39440228249175e-13,4.61886334438349e-12
SPRYD4,0.997396607788671,-0.704483023303454,0.810438994754744,0.77457511359782,0.378805414999764,0.576009822113785
RBMS2,1.73590978453183,2.43866887475445,0.786016382720861,10.3341820784052,0.00130588980145572,0.00887194313006725
BAZ2A,3.48600719803107,0.101545382340521,0.459474954137743,0.16327135926214,0.686162341949295,0.770385542690911
ATP5B,26.6633974735664,-0.484387096237962,0.177694495698818,7.48786261239373,0.00621162417266336,0.0320951373778086
PTGES3,28.0049169734926,0.0800535497270464,0.179925800275372,0.205129194933477,0.650612177061856,0.750414346138727
NACA,158.206065925279,-0.661134091884481,0.111364259377994,35.3680460424302,2.72928009358981e-09,5.5564878450227e-08
PRIM1,0.395001087717426,0.338702350514502,1.17487332721919,0.119663821526736,0.729399388537161,NA
NAB2,2.50778231685081,-0.870531918985557,0.556588039329843,2.49628307286765,0.114115340694562,0.277389451716095
STAT6,4.32112188302359,-0.131351407583972,0.434497975104863,0.0953286575063714,0.757509125203461,0.808995454731058
LRP1,0.86531292328897,-1.95335234856704,0.866239660805115,6.03713377954083,0.0140080087492936,0.0603240180011743
SHMT2,0.657715091096819,-1.34854065187977,1.04949769802907,2.18555718069589,0.139310641402727,NA
STAC3,2.05269822186593,1.87185554286027,0.636776272713906,9.65800224156371,0.00188528529729136,0.0120218816876186
ARHGAP9,2.05519979615552,-1.57733720063589,0.762945267591091,4.1656719852955,0.0412510466060346,0.136622898686178
MARS,1.60851006119628,-0.0242904303575658,0.706154653705851,0.0251994568371927,0.873871068767941,0.889992007546941
DDIT3,10.1343066780918,0.904652540023277,0.328137187829081,7.6965015507221,0.00553279615521518,0.0291781194829248
DCTN2,8.56519022210629,-0.480067301676948,0.287933732465279,2.82353643319466,0.0928915346117709,0.240826946088921
OS9,12.474082844018,0.00166176207225952,0.242431590273703,0.0234553164598452,0.878278972362374,0.893122132131132
TSPAN31,2.60499437048819,-0.886865878403668,0.559784910021423,2.53074156535478,0.111647735010741,0.273780440234421
CDK4,0.746783204200686,-0.445132847509503,0.89030303655716,0.288372938933598,0.591265080710686,0.716957995447652
METTL1,0.287476094911369,-1.33652332125935,1.79218151957998,0.698947152663084,0.403137692488385,NA
TSFM,1.08500041650848,-1.35542358030967,0.799881504079828,2.96836466402758,0.0849076468212548,0.226494762616136
CTDSP2,5.14461939801024,-0.474161774454156,0.374804190829224,1.67501256247736,0.195588485972242,0.393774014631733
RP11-620J15.3,0.42051105246581,-0.706783873476856,1.12560849690623,0.613325277042637,0.433538524688279,NA
USP15,19.923206203456,1.35179166281588,0.231324021893266,34.9909852435454,3.31235299767964e-09,6.59029193824052e-08
TMEM5,1.44879580257963,-0.506448335194814,0.651593221917882,0.623116987789139,0.429891346795601,0.616660621058859
XPOT,0.822271621133348,-0.10988816315602,1.01687200962837,0.00473410568299215,0.94514496733435,0.947464151778978
TBK1,4.99427679121713,0.204200213787966,0.388041641825453,0.275582223783957,0.59961151290452,0.722072874224731
RASSF3,1.92879558052876,0.211711731685729,0.64015855900549,0.10942085316357,0.740804451914898,0.799515618410443
GNS,5.99072525855751,0.561661937192994,0.366361002235894,2.56460537032515,0.109279824245984,0.269868906758113
LLPH,9.33062591838891,0.175754933436816,0.273125910148376,0.598591180350141,0.439116059999664,0.623327128950183
TMBIM4_ENSG00000155957,67.3578474759433,-0.128629941349553,0.134286380136553,0.964360483698968,0.326090696779306,0.533705901043842
IRAK3,9.43397024962812,-0.214073705131727,0.327855372327874,0.57346710782646,0.448884460026924,0.630475354353654
HELB,2.01048919276525,2.962208811808,0.73698748704994,20.1964640052102,6.98819905960072e-06,8.30035043368966e-05
CAND1,2.5483532929173,-0.430183655781589,0.518854047654988,1.2903182440978,0.255989310613253,0.467681454675977
IFNG,0.022234463984498,0.188771910975805,3.05638018485058,-1.11593092664981,1,NA
MDM1,0.826223081493498,-1.69487481480509,0.978816786575601,3.42466407727894,0.0642293090581074,0.187248908614692
RP11-81H14.2,1.77787289398936,-0.255301774865429,0.681969281910184,0.426852186205856,0.513537588647023,0.672559179142047
RAP1B,28.5371871237314,-0.547311236258471,0.187792718539494,8.6498973266042,0.00327079787854157,0.018820140281411
NUP107,1.87798382554571,0.451911075006936,0.894524759626741,0.47955430039908,0.488624269601086,0.657651992997025
SLC35E3,5.11882561367829,-2.24896545915658,0.517461049618791,20.2726693800944,6.71530288589296e-06,8.00610429664437e-05
MDM2,2.57301663675366,0.316208950753492,0.654970333380496,0.309225774217325,0.578155670210576,0.709865347034745
CPM,2.68469094101045,0.933091242424713,0.581868164837304,2.56717061270129,0.109102713793393,0.269698035548976
CPSF6,4.99472538517661,-0.303754495642266,0.384230946848674,0.627670780163314,0.428210976354395,0.615835921872737
LYZ,208.032262727308,-0.0730326141193703,0.563516667338897,0.0169126243587527,0.896528018504536,0.907186872093097
RP11-1143G9.4,1.00469663141961,0.0342258743683149,0.918137136332865,0.556456584315214,0.45569147220433,0.635520560233987
YEATS4,2.08078760639782,-0.210979190100301,0.574688055325283,0.144346969777935,0.703997216312237,0.780021298147227
CCT2,4.38466887611028,-1.20668725299437,0.407962126729245,9.06205184604592,0.00260968963341227,0.0157490167981419
RP11-611E13.2,2.29593294750579,-0.688939720626175,0.587518812773206,1.49501529129544,0.22143993662148,0.425681390798969
CNOT2,3.86636174481351,0.776023280437958,0.469341154753906,2.88415350312259,0.0894550084716368,0.235256461606791
ZFC3H1,3.1240917086934,-1.14141775106222,0.599893704905386,3.79164053675365,0.0515091401053391,0.160390249271097
THAP2,2.60261238992838,-1.04942631260482,0.621077809014981,3.3843086806129,0.0658197760643875,0.190483258065924
TMEM19,3.45405056130467,0.963416132375619,0.471475933802417,4.42387108647594,0.0354395493773974,0.122420269777165
RAB21,2.58241309121264,0.0254905153430728,0.575057343956632,0.237691211477902,0.625878639013684,0.73671326465655
TBC1D15,2.44731686980789,0.427955806449409,0.550903598742578,0.649885402274066,0.420153654201934,0.60896442595777
ATXN7L3B,2.60447240981829,0.144506348287045,0.597366682289697,0.0944611792077694,0.758580502024237,0.809716306637262
GLIPR1,22.4527709190617,-2.03228690058372,0.217853036468186,93.9842959806129,3.18037138723567e-22,2.05150693273475e-20
KRR1,2.76816233890634,0.598625129818546,0.525071620911669,1.46445820942265,0.226222103004993,0.431462510804419
PHLDA1,13.2660385692068,-2.67391337891682,0.449348282114771,35.0181449566827,3.26647212129123e-09,6.54148403897798e-08
NAP1L1,45.9226842679361,-0.595208219064101,0.153197942566359,15.2808935400854,9.26489144983978e-05,0.000882135455132758
OSBPL8,18.6186897061726,-0.638976895761604,0.23379081277036,7.498727267429,0.00617426115225751,0.0319559732610085
PPP1R12A,12.8526909846443,-0.166855716039711,0.271681788863962,0.394800832274683,0.529786613629435,0.681516950220189
CCDC59,6.64329046310372,-0.516854283309873,0.345377887971606,2.51652835961244,0.112658361180999,0.275267319504451
C12orf29,0.3418758687448,-1.19866786329118,1.250597702,1.17452734936762,0.278472941146439,NA
CEP290,0.270217006684167,-0.955829321356256,1.52127473553845,0.522842227212678,0.469631780598493,NA
DUSP6,14.7753008849375,1.04066894345918,0.329583418800275,10.1198731742612,0.00146679092472085,0.00973834754787581
POC1B,0.90662118302856,1.07265194556298,0.859167680111513,1.68590625438032,0.194141495195278,0.392287499820304
ATP2B1,24.935510698343,-1.1781783747242,0.268612047370947,18.952409600994,1.34019910532448e-05,0.000150969487452728
LINC00936,9.45755097292115,-0.34398113501682,0.318546077137226,1.1752024207736,0.278334855938348,0.489001145983427
BTG1,133.3892026482,-0.647350503324994,0.172829321905564,13.9240315120636,0.000190349160707847,0.00166162344276024
RP11-796E2.4,1.81474032032046,-0.959096357396246,0.747555199131588,2.20830558900743,0.137269368019371,0.312509517334269
EEA1,2.49302176733218,-0.810462882817314,0.564849401767906,2.78058789880681,0.0954131390015657,0.244232128572095
UBE2N,12.1388054302007,-0.171148925738839,0.241312759636101,0.555881110903471,0.455924582518563,0.635556378906678
MRPL42,2.84996710109648,0.750673697355653,0.514464409176257,2.15334302600774,0.142259839082372,0.320269700297936
SOCS2,0.0443891885760278,-0.552415847297284,3.05608535745399,-0.792780817514197,1,NA
CRADD,1.22846771375722,0.933598182105255,0.807854942498416,1.39799455147306,0.237059636829556,0.444523088889694
NDUFA12,42.2798233647042,-0.284181533963611,0.36513946903008,0.648173374091783,0.42076650393576,0.609132326037878
VEZT,1.09288630035432,-0.0571830973908394,0.862238669813805,0.487349076209227,0.485112209867703,0.655516564954638
METAP2,3.48956044457808,-1.00286979686229,0.564151583505154,3.21110586557005,0.0731400341301156,0.203635678850226
SNRPF,3.47690742362121,-1.22122188659969,0.48072416007622,6.69482522820142,0.00966931468397335,0.0457565806900541
LTA4H,25.9511082911333,-2.77005014495446,0.321754585525949,75.4855078222053,3.68098724388851e-18,1.76227264301162e-16
ELK3,2.26259961696379,-0.0886135121783493,0.575977537036605,0.0384139761790365,0.844614207008333,0.86771805712069
CDK17,1.08914903327824,1.89042898139325,0.891928273186773,4.72775131539894,0.0296796643440056,0.107270343338333
NEDD1,1.6597667105021,0.514969775040683,0.664130284756292,0.677272172790907,0.410527627106001,0.601126236297628
TMPO,1.94451365392049,-0.206500202023691,0.688661442983514,0.591040823349545,0.442016920797072,0.624985939657162
SLC25A3,32.8922726798938,-0.921548628712518,0.175775409069975,27.7433447495312,1.38523927762663e-07,2.16549650339184e-06
IKBIP,0.951565620113086,-0.120463057863303,0.866450111504299,0.0370240147332908,0.847416161578253,0.869904605520661
APAF1,2.00773578977888,-0.523865407916498,0.682133999276611,0.80978459599234,0.368183942612547,0.568606653308894
UHRF1BP1L,2.93533473935365,-0.463878999274204,0.557045989542908,0.959994337204321,0.327188304531646,0.534811931226974
ACTR6,1.78225023980586,0.5870143162864,0.757286493967543,0.592660969146955,0.441391979284612,0.624388284638989
ARL1,1.81814972897791,-0.463220345568312,0.710452382919579,0.453112262972539,0.50086068379642,0.663984696172144
CHPT1,4.147183320888,-0.823775702568722,0.485477534995157,3.23537177660442,0.072063945374637,0.201608591124908
GNPTAB,4.06350220477666,-0.619723937911602,0.449208148210143,2.26913267661541,0.131973741942569,0.305644403108111
DRAM1,31.3358428627871,1.26795762663373,0.312868504569839,16.0375415015496,6.20988785894055e-05,0.000617762870123177
CCDC53,10.7723189663041,0.242611005487854,0.272637729766338,0.815236888107606,0.366576478681978,0.567267843778576
NUP37,1.71384514566971,-0.755554941506865,0.888294539221646,0.79189007028134,0.373529220994146,0.572533033079572
HSP90B1,14.7809613609724,-0.0699673550347098,0.240656185266215,0.289730856280045,0.590393055515446,0.716526224297005
C12orf73,0.240542590501412,0.505692885064796,1.33203576249291,0.0386978227190333,0.844048519356701,NA
TDG,3.26986440967687,-0.351232150416579,0.491647926375109,0.52099710200936,0.470416656338715,0.645913795662928
NFYB,2.71701601962253,0.00658341527325363,0.495897069056517,0.153061660651503,0.695626528856246,0.774772695171042
TXNRD1,10.4140397970178,-0.579430549944658,0.309326736838858,3.59077530615464,0.0581011306240835,0.174616835931527
EID3,0.44574287023552,1.5263582866197,1.19096593663046,2.25505414952064,0.133178797003381,NA
CHST11,4.10219338505831,-0.411867984709537,0.419779586890058,1.28990376232802,0.256065686790662,0.467681454675977
SLC41A2,1.33548976605997,1.39309184986024,0.775342872514573,3.54154150894986,0.0598498145844256,0.178558745751392
C12orf45,1.95430747315672,-0.330176734384621,0.689811759243361,0.22858589327064,0.632574355397822,0.740197756325731
KIAA1033,4.40850764181934,0.720002339748213,0.459650052505144,2.45387614916164,0.117235050755589,0.282396380121953
C12orf75,0.946916849186764,0.931882862886369,0.913914384247076,1.20205049144489,0.272912235970673,0.485190559118093
CKAP4,8.57668869505648,0.900059455667174,0.302727397739745,9.36708370478482,0.00220916718454604,0.0137718987862647
TCP11L2,0.863145568294616,0.688894714719201,0.997165497057418,0.485763802653977,0.485823085262178,0.655898626676939
C12orf23,1.36066866091727,2.27576070776613,1.03074460907335,4.91708647484175,0.0265923258374341,0.0986454053709402
CRY1,0.99476211754513,0.589753045601223,0.866577129364557,0.539898086669233,0.462474965703473,0.639884079889565
PWP1,2.68626077708769,-0.542096404076756,0.651250533528384,0.947649172670438,0.330318402875101,0.537776613394957
PRDM4,0.592149831165837,0.318956248392732,1.03664298235119,0.241100420827642,0.623412460203465,NA
CMKLR1,2.15231242857389,3.89093922744516,0.805515525935672,29.6371920623604,5.20957130202741e-08,8.69870652284031e-07
SART3,2.67980281125639,-0.638176027632032,0.541227965905219,1.40867129968569,0.235277090309678,0.442466966624685
ISCU,34.9782674456618,-0.758638822726226,0.21997700143583,11.8101965452985,0.000589072135778036,0.00445658524450346
SELPLG,1.81560075348546,-0.317668818293322,0.686261019788549,0.417047248564508,0.518414099102755,0.674918546696767
CORO1C,4.77989438649268,-0.784828324603541,0.411112023359677,3.68094566557087,0.0550376259206827,0.167546235291577
SSH1,1.15938619451524,-1.78049879260867,0.972133487476587,3.59299106964673,0.0580237192312338,0.174469750465653
USP30-AS1,10.6016257768043,2.45912679854268,0.393171895962042,42.6238054116998,6.63469928544089e-11,1.55181058096114e-09
ALKBH2,0.318989431338189,-1.59620983662271,1.3995765361573,1.71426002648281,0.190433585426245,NA
UBE3B,1.40587586512685,0.39994362077493,0.712943403397765,0.321284490455895,0.570836733904694,0.705117416925613
GLTP,4.49923601128758,-0.9926463031628,0.467038072259547,4.83000893853963,0.0279684856190948,0.102200882453079
TCHP,0.559519113964094,-0.660979733088931,1.13031754754944,0.456709287779454,0.499165920962291,NA
GIT2,2.98974772010958,-0.0833911675114132,0.485658616228158,0.0477832085539518,0.82696655567575,0.856022137361655
ANKRD13A,3.97724503512288,0.657348203640099,0.441954255102547,2.27681139783692,0.131321613759242,0.305172108121592
C12orf76,0.655050905230011,-0.329483067019402,1.24616339917763,0.122343830784239,0.726506188987173,NA
ATP2A2,1.22314044447448,0.938789492226506,0.747499812351491,1.67043830628819,0.196199837238807,0.394588973613197
ANAPC7,0.729697283760971,-0.518650113529929,0.879885229690928,0.451054987310762,0.501834383053666,0.664198941544896
ARPC3,200.577036036186,-0.297704474692357,0.0845091676697781,12.4201594821888,0.000424723967550255,0.00335400576436593
GPN3,3.81243309420365,-0.506588519213241,0.486988731987078,1.52828420766866,0.216370137326799,0.420792193442915
VPS29,60.8161325482638,0.455311215908743,0.165926776651313,7.57769793841274,0.00590948624690516,0.0308461087913414
PPTC7,1.56689209332792,-0.29148381212835,0.71782672454767,0.192612978139024,0.660750698566893,0.756978927055135
HVCN1,2.23070482147326,-0.555378478106812,0.575815274211202,1.8574776877387,0.172916193724496,0.364337257727162
PPP1CC,6.9022922942011,-0.580821612429823,0.313803952487156,3.45929508152616,0.0628971239037209,0.18450625911058
SH2B3,3.23922757976396,-0.191473236261247,0.524220621540133,0.385506257075576,0.534671012971535,0.684736461335333
ATXN2,1.55902231953935,0.12205840794181,0.677168870314384,0.036427875069144,0.848634590846486,0.870802540640868
ALDH2,8.14312411806392,-0.140109608518046,0.388122017657763,0.142307877042569,0.705997364947147,0.780581851616584
MAPKAPK5-AS1,1.44144591817553,-1.21448255583014,0.708848861991273,3.25489508491311,0.0712104941488854,0.200357166273815
MAPKAPK5,1.56739727322629,-0.172048398356554,0.673436263529099,0.224245820084455,0.635823686336637,0.741878989334668
ERP29,21.8532564103592,0.411225734539038,0.272972887208626,2.29824262843674,0.12952046756117,0.303055145175583
NAA25,1.87330013659214,2.20144216715338,0.720271694345736,10.3244139483039,0.00131281939976099,0.00888945555992854
TRAFD1,10.413542664564,2.05220444478626,0.305210249565967,51.2673219689483,8.06063237292607e-13,2.40953927713614e-11
RPL6,162.672028816105,-1.20089484799209,0.13694793243903,75.7965075763053,3.14456769663261e-18,1.51731581456415e-16
PTPN11,0.861720208031961,-2.0128107752171,0.954520924937905,4.92356933750207,0.02649272923458,0.0985716118697671
OAS1,172.876919012009,2.63069565851392,0.145786872753579,317.191273763425,5.92530804941045e-71,4.03447641408747e-68
OAS3,19.1706369255407,3.68351107873623,0.326568132316092,176.89465904025,2.30926735437886e-40,2.88799803012932e-38
OAS2,24.700954400054,3.73863220207186,0.294601290202253,223.544905235245,1.52467322255361e-50,3.46044352141057e-48
DDX54,1.64702848129522,-1.66014894867457,0.789975315955695,4.60967508000814,0.031792056504206,0.11333433522849
SLC8B1,1.26931600007654,0.646059396019717,0.789675355851401,0.686595643652815,0.407324747915973,0.598151463031172
SDS,27.65121584613,3.95615806411051,0.431231070795942,85.3989930070541,2.43844758624254e-20,1.38359322300873e-18
SDSL,15.193248575209,1.0620251093189,0.33765665766001,9.85900686072715,0.00169002312934944,0.0109476339710923
MAP1LC3B2,4.17650679528427,-0.146159698447199,0.487163243032946,0.304900086889575,0.580826689079912,0.711220515373199
C12orf49,2.50242910447266,-0.519063817375148,0.51024769356191,1.14896628335467,0.283765647277314,0.494712912237662
TESC,7.37678016442508,-1.28939937867502,0.762064339994187,2.8108417117429,0.0936292382615558,0.241684908200006
FBXO21,0.810671431310412,-1.02245669552355,0.858289024665896,1.93939267334009,0.163734491853943,0.351459174637544
RFC5,0.840898859973929,-0.537052349279569,1.01919127283097,0.600617793815658,0.438342406796095,0.622928090301165
PEBP1,3.26774294911449,0.176443306021531,0.466242553693866,0.157434935818067,0.691529173062552,0.772447840142065
TAOK3,17.9536521338089,-0.244611384448387,0.220911444622286,1.35603799611789,0.244225313392833,0.453244312680581
SUDS3,3.42097432898647,0.216220995473592,0.476192825331744,0.352737373865551,0.552567644464677,0.695780217578038
CCDC64,0,NA,NA,NA,NA,NA
RAB35,3.85792562451869,0.19645276086487,0.477345435853026,0.199333153336724,0.655259644657037,0.753646978689626
RPLP0,71.2802724744899,-0.522808499232407,0.137595839557476,14.4349820409892,0.000145082125890007,0.00130552609024077
PXN,0.520721344332402,-1.19169703474887,1.11875311344745,1.73559458691016,0.187697991167449,NA
COX6A1,67.1254841605863,0.178157437069527,0.119665592795151,2.34235640380827,0.125898980580324,0.297785633190859
TRIAP1,1.5006809032134,-1.95609161768021,0.787851606465085,6.89130426872891,0.00866160474197796,0.041892907544468
SRSF9,17.0523216659908,-0.822447727201193,0.22009206482052,14.3563932877716,0.000151265173994934,0.00135321603830797
DYNLL1,106.102321804705,-0.592716004714451,0.14830736365555,15.974202013487,6.4211563286951e-05,0.000637744667459378
COQ5,1.11473247233009,-0.7743061383444,0.819728448956851,0.999650928088151,0.317394987791119,0.525532689863273
RNF10,6.05982069854291,0.183423842000933,0.359144390329166,0.274174751622994,0.600544962405153,0.723013660042981
POP5,1.6926457512309,-1.38735103795329,0.715557586173961,4.07368150918172,0.0435562463208792,0.142353427975652
MLEC,4.09532679501444,0.340104708597333,0.498774162998056,0.467140177753748,0.494305770828744,0.660367508968507
ACADS,1.00697655131486,-0.726918438420559,0.804512647918616,0.881850116428879,0.347695447746692,0.551778389745468
C12orf43,0.514021296745764,-0.696459230918711,1.07971752488223,0.973377410183843,0.32383930456284,NA
OASL,132.48313516045,4.40332378668368,0.260935342982866,264.777891704131,1.55985969654766e-59,6.37254681362937e-57
P2RX7,3.59292352297537,1.16587078351074,0.456730812481661,7.43032735080564,0.00641336741301709,0.0329333260401808
P2RX4,12.9741667923807,0.654287794739041,0.322566696254843,4.37945969662698,0.0363745260623497,0.124271676242624
CAMKK2,3.8564644189937,-0.0493362684378992,0.483353085126581,0.640453034092545,0.423546794575044,0.610818295635497
ANAPC5_ENSG00000089053,4.01836418535148,-0.763432894770644,0.425450152858027,3.26797539965472,0.070644758321849,0.199498193085848
RNF34_ENSG00000170633,5.63074593687839,0.402167771551282,0.340126448743842,1.56703628210244,0.210637939917978,0.413184793795573
KDM2B_ENSG00000089094,2.14373598820053,-0.305141821546465,0.567031226427577,0.907794955155971,0.340700159703565,0.54612495750626
ORAI1_ENSG00000182500,2.11116529061042,-1.35390338751903,0.643539245132368,4.50819360942749,0.0337328480260008,0.118473430547679
MORN3_ENSG00000139714,0.151936671579964,-0.550532970039744,2.79570889673393,-0.0422883618606225,1,NA
RHOF,2.78322452931831,-0.983791589732771,0.585843212568518,3.20196040118743,0.0735500577395759,0.204498527145246
AC084018.1,0.419839078378627,-0.357375571889544,1.26592373675499,0.0866363015512306,0.768497764901122,NA
PSMD9,8.14198788717968,-0.543394728814333,0.368143365233353,2.18921421840355,0.13898020171419,0.315433583742429
MLXIP,0.499753814986985,-0.912936442273449,1.06352735978136,1.25019102173825,0.263515996305159,NA
VPS33A,1.77946434064678,-1.24638385252571,0.704282648694263,3.342315022955,0.0675195499350263,0.193468869560551
CLIP1,4.46633294593923,-0.191459213220456,0.39866792643065,0.609362966280415,0.435027765446798,0.620976041616114
ZCCHC8,1.67284816687632,-0.121424078427443,0.662516190927237,0.100922060194662,0.750725919123042,0.804918658732165
RSRC2,8.80900441465215,-0.440464323113405,0.282866975703039,2.5385061152456,0.111099857297427,0.272873717642739
HCAR2,2.27545520564392,0.141432827038058,0.690844853606497,0.0420727706163433,0.837481120521442,0.86340583892251
HCAR3,10.4282761612098,0.519354986291563,0.360370385517959,2.06701503819977,0.150515861549281,0.331546081802298
DENR,3.44099661486601,-0.482149551714358,0.487330261834331,0.996625834411489,0.318128336900968,0.526320315477628
VPS37B,3.57104307309508,0.700963178395249,0.463822320867726,2.49982029415385,0.113859289571975,0.276876875594072
OGFOD2,1.0917044578443,-0.251528427714465,0.777619403247677,0.111345232253932,0.738617775167962,0.79799889390502
ARL6IP4,17.7014917126999,-0.904270691116975,0.206513888464266,19.5648154581842,9.72436711755955e-06,0.000112861594121979
C12orf65,1.27254938650033,0.338406957164232,0.805744344967034,0.254728132162043,0.61376535617944,0.73008618366655
SBNO1,5.12812135427556,-0.614954026392563,0.397474227874181,2.4875046191999,0.114753539874445,0.277997283030395
RILPL2,9.21483057574406,-0.541320833560326,0.278651196633455,3.7866893363841,0.0516617358047489,0.160457737968323
SNRNP35,8.06691217304022,-0.149955558622459,0.296037853303467,0.37329769977751,0.541212203607181,0.688564925431635
TMED2,16.950214923017,0.166690095613946,0.228034177585686,0.547962148704286,0.459151556584094,0.637733621656239
DDX55,1.51340449034049,-2.97550750527145,0.920563701853985,10.6110519835011,0.0011241371552556,0.00780148639570362
EIF2B1,3.09480683107275,-0.80115585839208,0.506964291340913,2.56379254840692,0.109336009311232,0.269868906758113
GTF2H3,0.408837505057805,1.11384355837414,1.2482376488226,0.88191144875525,0.347678683015828,NA
ATP6V0A2,0.652875264103432,-0.569544478041988,1.16108403197726,0.219079448733268,0.63974222912855,NA
NCOR2,3.1518388247072,-0.720406358374912,0.532758001859418,1.91236268829846,0.166701043458863,0.355814696731422
UBC,171.619360812309,0.513555412555788,0.126118712778759,16.6535572776422,4.48660896153357e-05,0.000454445284566574
SLC15A4,1.71365693402345,2.35093847097684,0.75427181134684,11.1103873436361,0.000858455607861316,0.00618604785321596
GLT1D1,1.86416814809673,1.85343154575756,0.830961165073716,5.34228483519148,0.0208141749010734,0.0818147939665027
RAN,39.4633825340704,-0.165224296745652,0.159049992490637,1.08257309738879,0.298122648909463,0.508176799031207
SFSWAP,0.989694028956319,-0.389387116330987,0.801934139532655,1.09839184606454,0.294619297908156,0.505618829477472
PUS1,0.262889778144291,-0.190309495229779,1.43618924814577,-0.0411384253241245,1,NA
NOC4L,0.989331340724415,-0.859232221481383,0.926914589093695,0.922453658699659,0.336831545315072,0.543614355989139
ANKLE2,3.94954592818191,-0.135529300937442,0.441554807886689,0.41233188374585,0.52078829995138,0.676158114404848
CHFR,1.52301543554818,-0.293561643793515,0.675734863941721,0.399126359796007,0.527540786221011,0.681065766360118
ZNF140,1.07562283847854,-0.0417969210634455,0.751742599553237,0.00402714704606666,0.949400364436283,0.951574326670845
MPHOSPH8,10.8732324874286,-0.79931602280146,0.270623206571018,9.06104334031434,0.00261112941692431,0.0157490167981419
PSPC1,2.49756169819759,0.137764601048552,0.512759852885238,0.0954255145530567,0.757389834003435,0.808995454731058
ZMYM5,2.83564400737042,0.72321707496973,0.508896466379751,2.02405505146179,0.154825203428483,0.338121470637827
ZMYM2,2.1835760195845,-0.159015945721854,0.594746302105073,0.126990781030095,0.72157273407016,0.787777964436476
GJB2,1.49886975051835,2.76691341468575,2.08929023415167,0.886346496696753,0.346469296734048,0.550516314166246
CRYL1,1.35128816109133,0.72114077148366,0.77699965385989,0.908868984287992,0.340414688647408,0.546121509315652
IFT88,0.513113150206015,0.0725385993259733,1.09909236965398,0.0815423969771985,0.775217982484697,NA
SAP18,97.93433675233,0.948783053605974,0.128746505995447,54.6473032127462,1.44222091327511e-13,4.72616564521382e-12
MRP63,7.19069113566283,-0.621966297221309,0.355188529523913,3.09238713382089,0.0786593353604004,0.215478054129877
MICU2,2.9764852048669,-0.412756775704694,0.489421428955159,0.92957147658349,0.33497430137801,0.541740079275151
SPATA13,1.48245933291595,-0.481614541440461,0.68524005924573,0.499220840675548,0.47984267821688,0.652137492942676
PARP4,2.59483017935693,2.07589223447007,0.597679208299807,13.8231493839799,0.000200846309960357,0.00174407139189585
MTMR6,3.01315875162448,0.297016041525111,0.486327930873008,0.370615962851105,0.542668706935981,0.689577642593327
NUPL1,1.33079145105414,-0.762447122680388,0.86645009771579,0.810101579453779,0.368090220403912,0.568606653308894
RNF6,1.85406470130308,-0.156386825177128,0.629442781456575,0.111487152871177,0.738457344384085,0.797966250464763
CDK8,0.382538124992048,-0.138992613711761,1.20089886719974,-0.0315059042770436,1,NA
USP12,1.40683239071357,-0.478821582874039,0.757126633899837,0.395294524355641,0.529529421316307,0.681516950220189
RPL21,461.12839919491,-0.480751267129941,0.0967435124465609,24.6465915073711,6.88664478349873e-07,9.65706160944627e-06
GTF3A,8.26817401615153,-1.06936171778937,0.450884056194486,5.56957752445291,0.0182751696395023,0.0741166376908471
MTIF3,7.716580204241,-0.37603459219953,0.341488785572208,1.46980170085202,0.225376983443508,0.430386461371709
POLR1D,8.85940691995107,-0.5711235135347,0.307920266503749,3.49674782917398,0.0614894682553396,0.181999856442208
ATP5EP2,4.17484305567767,-0.661641949285221,0.413769106003752,2.75958703895235,0.0966731889646954,0.24591668824228
POMP,66.7202971726344,0.820662345998925,0.168884532106402,23.8864627614342,1.02187829567846e-06,1.39157115464835e-05
UBL3,4.91720872430085,0.0403612164711563,0.434981968742204,0.0957153254628622,0.757033292305071,0.808900357141713
HMGB1,44.8335252373102,-0.312496422207346,0.179941513011368,3.13840607996013,0.0764685038538116,0.211080626854125
ALOX5AP,8.37177426384794,-0.983432023059699,0.518170405341214,3.58765833888502,0.0582102128543694,0.174858913907635
HSPH1,10.0583008770571,0.443696621846728,0.267878427713163,2.84635942745375,0.0915811043287871,0.238812343543322
BRCA2,1.04179980005719,2.13453392069492,0.865740836415415,6.980616137787,0.0082397236452606,0.0400420511484195
N4BP2L1,6.38045831768183,1.35203682931502,0.35706843122763,15.1250206608597,0.000100620820944617,0.000945712255749403
N4BP2L2,16.5178695709169,0.384965605133959,0.21344249134342,3.32433929254712,0.0682614366251379,0.194923617725464
PDS5B,1.52782815228097,0.0411251911059545,0.69398878524046,0.0131891343855557,0.908568807140357,0.917250354226706
SPG20,13.5176222572385,0.607260528746942,0.253627959725392,6.18207455233572,0.0129050882856681,0.0564874150104101
CCNA1,2.68867959596013,4.67955498628883,0.927404503926754,27.3081201930433,1.73481345463359e-07,2.67781784634626e-06
RFXAP,0.463116204649118,-0.900483492418801,1.33706243424467,0.783998398147791,0.375921070224136,NA
ALG5,2.78368564361794,-1.17841198415929,0.5118743373374,5.88405348818709,0.0152786081717441,0.0642053199260915
EXOSC8,3.56957148465065,-0.00404966905948833,0.415160284221413,0.713864738478179,0.398163790246416,0.590708834416795
SUPT20H,2.01486420404546,0.131821096206372,0.709261329878996,0.0551275075597459,0.814369806527357,0.847132604719003
UFM1,4.85088508929423,-0.755656818687992,0.413881392227151,3.44465625532709,0.0634566202315603,0.18588057781023
NHLRC3,3.05596323173434,2.21419217220096,0.795847134850767,8.38225179526485,0.00378902692860152,0.0213411369655056
MRPS31,3.14604202177904,-0.606005442104853,0.515744233486696,1.46758136839783,0.225727687303642,0.430921890279351
ELF1,23.3634675872482,1.56641075726921,0.22537739486162,49.959207217391,1.56975750986972e-12,4.47417396301473e-11
WBP4,5.66234422628302,0.836739257320688,0.426469831808869,3.92112313230291,0.0476830142244398,0.152109063595714
KBTBD7,0.145615819697115,0.273275184076844,2.01321740820278,-0.32115821776679,1,NA
NAA16,0.312394336354201,-0.734558438074705,1.29406878774243,0.43881943377162,0.507692815436072,NA
RGCC,30.2910711561443,-2.53142392114936,0.288589051438995,75.3674977740612,3.90769939285968e-18,1.85630867282513e-16
AKAP11,0.70955113076228,-1.3420297140328,0.976913634967593,2.06961287946928,0.15025965757756,NA
EPSTI1,94.6153654117747,2.71651593912236,0.18818634121096,207.767264805269,4.21694045810975e-47,6.9841651695396e-45
DNAJC15,19.9617199380685,1.07301194314586,0.420761809552811,6.29013989697778,0.0121411468058402,0.0543072610410136
LACC1,5.69199428085525,0.426476672693887,0.456246402479423,1.01049682816199,0.314783843787154,0.522621104966031
TSC22D1,5.05461026697199,0.57982489359407,0.569460611706281,1.32349764031284,0.249965297037495,0.460826516319425
NUFIP1,0.168743666530727,-0.24955595360222,2.29810975235322,-0.306085575869448,1,NA
GTF2F2,3.17101020639713,0.0646786974672722,0.499301218294177,0.0711629590256848,0.789650978774563,0.831440068372942
TPT1,294.570197838277,0.25078735286221,0.0960840766474041,6.83473949957011,0.0089401730720919,0.0430026535210198
TPT1-AS1,0.821789491488753,-0.0625346371447128,0.858965868818794,0.0433557370834023,0.83505687681016,0.86164713970142
ZC3H13,5.56425104116942,-0.470653446676268,0.389381606695095,1.4535603460547,0.227957522969984,0.433692549133829
LCP1,26.6741714398971,-0.517285600868822,0.204615720917079,6.62279960560589,0.0100681449031688,0.0471032414787557
KIAA0226L,0.432060187890971,0.146310063219639,1.56745652376899,-0.00952589924926528,1,NA
ESD,7.55785738129188,0.0801942158724901,0.365369178030202,0.098580209724858,0.753540136390699,0.807006982838553
SUCLA2,1.87085551269168,-0.217328216949634,0.612582077852274,0.132839608259651,0.715505814903029,0.785492589345353
NUDT15,0.858397705034802,-1.13757167568578,0.980063410067328,1.64633075221724,0.199459071969157,0.398515481308205
MED4,12.3405729075653,-0.126612778714256,0.247205978748036,0.451654328890299,0.501550385157049,0.663984696172144
ITM2B,169.514255113189,0.896628440843939,0.13157209655938,46.2762092558977,1.02703474463687e-11,2.63333427411496e-10
RB1,3.9031995299438,0.644602313299741,0.443382944518496,2.15632750303345,0.14198368285564,0.319880885492413
LPAR6,18.3457894056884,0.754295409514831,0.311511086550849,6.21026084874237,0.0127011912963811,0.0560135242652891
RCBTB2,7.00644388810911,0.650721420936822,0.428542323972578,2.36685684874428,0.123936366024692,0.294144868706162
FNDC3A,3.32256356505826,0.205027753195124,0.485266775694096,0.189790432907657,0.663091095621893,0.758050800404253
CDADC1,0.305508611616527,1.47483963203035,1.36657526998022,1.8406758537911,0.174871753712108,NA
SETDB2,1.52043489607144,0.566048312344558,0.787489927722115,0.506952622715822,0.476461026378565,0.649555766328776
PHF11,17.6059004932255,1.87648482580857,0.272553080087969,50.0010599941875,1.53662946751255e-12,4.40021746584902e-11
EBPL,0.659195784237537,-2.057189924406,1.04449528310426,4.6235963456013,0.031535053823112,NA
KPNA3,1.8441758310963,-0.519589019514876,0.582993118264193,0.980580640820008,0.322055497334736,0.529812136941462
TRIM13,3.40160208558383,-0.136785520895921,0.432125288714829,0.299987042856628,0.583890543848426,0.713333583074791
RNASEH2B,6.93168243858473,0.820974346026738,0.340194514557428,6.07278858206483,0.0137280059156402,0.0592848627561966
INTS6,0.825011511465225,-0.383829687408256,0.840862615959084,0.227200259424002,0.633607609688574,0.740939023821439
WDFY2,1.94491637640217,0.43237596873913,0.649600795141516,0.610623082370033,0.434553305042294,0.620931607741679
DHRS12,1.19359763901059,0.184631703490614,0.768505494891716,0.343279295948903,0.557942438622354,0.698482382814664
VPS36,3.68573909789834,-0.102667060065606,0.470592983150943,0.0494269808404937,0.824063386126126,0.854171250030599
CKAP2,0.887797236239852,0.509217028880769,0.927274935033841,0.349889638026006,0.554175609950122,0.696612951338328
SUGT1,9.42808062236735,0.138939444856074,0.316869357917319,0.743026403533534,0.388693134552695,0.58294457379807
TDRD3,0.826087537106733,-0.776946213645796,0.930296384864017,0.736642345950258,0.390738581918723,0.584867129945759
MZT1,3.57260065173528,-0.127640093242633,0.483772319815594,0.308037303444621,0.578887079010937,0.710052045672342
DIS3,1.10454813022982,-1.23671676937348,0.772678733815992,2.9321019553396,0.0868343691686744,0.229957223105288
KLF5,0.219992528867651,0.984900323016266,1.83415035297536,0.528910761991007,0.467065158028252,NA
TBC1D4,0.490148790354026,0.530916458075736,1.46131154437892,0.264298179959169,0.607182505811105,NA
COMMD6,32.3944106875415,-0.339851358154538,0.17832535936985,3.84591651435653,0.0498672604859176,0.156938264048481
UCHL3,6.13655974445877,-0.89827768164091,0.366486800041857,6.43423956955067,0.011194107009783,0.0509462781124755
LMO7,0.23267277598562,-0.666607715021512,1.6571469200489,0.0770676675240658,0.78131126343268,NA
KCTD12,3.82003297436713,0.072831519212352,0.441791055268653,0.0486256844514941,0.825472176455354,0.854764024555324
IRG1,15.3309930444331,4.00457192526643,0.454109349700567,94.1567143540247,2.91506139768734e-22,1.90037194096043e-20
CLN5,5.45291155584252,-0.384663869613423,0.405727725740444,1.0387818993063,0.308104939199076,0.516288506265228
FBXL3,2.31964330399598,-0.219109353103078,0.629194341242573,0.563831866398651,0.45272043237269,0.633164148425221
MYCBP2,6.15443764190394,0.0984845842125547,0.373273988922379,0.0841667595079372,0.77172819969653,0.818616999781951
RNF219,2.1002682094873,1.54544683198509,0.635043135709024,6.24492023789709,0.0124549990105095,0.0554279113554121
RBM26,1.02560700731796,-0.110223330854552,0.798388971616302,0.314810869532373,0.574742939008666,0.708018514803592
NDFIP2,0.111376620944055,-1.17898465953649,3.04958177027197,-0.0482997242025256,1,NA
TGDS,0.602055022873768,-1.76926001277863,1.08624654112424,2.89760549723595,0.0887112414617215,NA
GPR180,0.934190942545119,2.44301996524994,1.02061026088017,6.048496551293,0.0139181428596223,0.0599791697916775
DNAJC3,6.4719614249151,-0.0843929792985753,0.337432016475347,0.19183794316433,0.661391295617871,0.757397042756856
IPO5,0.170800134763541,-0.550801252098692,1.74159526375868,0.0252082031849596,0.873849365226951,NA
STK24,4.72914241397934,-0.209098621412107,0.410493695641415,0.352735086205726,0.552568932657211,0.695780217578038
UBAC2,5.27887137078388,-0.599352285446905,0.399709969348547,2.30912008335197,0.128616840130294,0.301747318651778
GPR18,1.73313730359004,-0.25067168907517,0.666209401666141,0.140143480237661,0.708138415183501,0.782309754505948
GPR183,16.2780039972566,0.381624733356273,0.334323940714534,1.31330350420005,0.251797407903202,0.463443987674249
TM9SF2,16.3863041364826,-0.000849307664131994,0.250751790300845,0.000694133960905674,0.978981028213828,0.979300643306291
TPP2,3.04685748853502,-0.833579790557207,0.517092829334836,2.60881401169475,0.106271212418666,0.263976485489089
TEX30,2.9929088687142,0.220250661742627,0.515177122693112,0.691837619394285,0.405540040705113,0.597910485083199
ERCC5,0.797275172208245,-1.26072566559302,0.950309432393975,2.1263119067543,0.144788762313069,0.324056075768623
ARGLU1,7.48538882860304,-0.205437180142223,0.312948513126942,0.513113203551796,0.473794270812474,0.647990196520538
ABHD13,3.67621702646868,-0.57559068489902,0.484127095731344,1.42998969555153,0.231766120181874,0.438685124148654
TNFSF13B,152.846637570417,2.50818953010951,0.225523654257868,116.127139968359,4.4578209420751e-27,3.69155766662651e-25
IRS2,0.750351206888303,-1.72512962220572,0.959408563333918,3.91182177183928,0.0479475951209065,0.152714585707336
RAB20,7.57842340504514,0.632060973470549,0.383687814615469,2.89710169479956,0.0887389757638347,0.233889223002486
CARKD,0.470604961198257,0.286600597238279,1.25729642477262,0.0948725111763551,0.758071819044489,NA
ING1,0.650184255501721,-0.304476780208046,0.99787001381411,0.148624327943395,0.699853481301646,NA
ANKRD10,3.6458401924076,-0.498052240794442,0.475079093982656,1.10838029195861,0.292434308278242,0.50437304844612
ARHGEF7,0.580249461171178,-0.0552739397420923,0.986997509096663,0.210027531056028,0.646745826305719,NA
TUBGCP3,1.3297512884279,-1.55681122377645,0.880307332937791,3.25619461890678,0.0711540715221354,0.200317589540713
PCID2,10.4362830990775,-0.750580544198638,0.375958739910719,4.11360173573901,0.0425396765485847,0.139926536709462
CUL4A,4.19234980334895,0.136754480320457,0.434834470980959,0.188867353710734,0.663860985662523,0.758415384067848
LAMP1,9.76171387711056,-0.381546743222717,0.288443864528063,1.90967668082608,0.166999177896019,0.356021361034459
TMCO3,2.42835844246053,0.69177949734694,0.705205416525454,1.4008970306779,0.236573436217635,0.44421233119764
TFDP1,1.88569617998999,-0.134171982469805,0.772964953716096,0.472828903568143,0.491688611316754,0.658773906729885
RASA3,1.17655649978429,-0.581382505459787,0.84902974882972,0.570288000135498,0.450144495500982,0.631376852467387
CDC16,2.04506454625202,-1.94037824719463,0.678281094041925,8.86182905651975,0.00291195646308234,0.0171746575608937
UPF3A,1.41468587072535,-1.28754613485004,0.756139733532432,3.32510826237711,0.0682295222025157,0.194923315644297
TTC5,0.733373554587774,-1.31356978934023,0.976605905895205,2.15796896354875,0.141832054035524,0.319656795560754
CCNB1IP1,0.103749192875211,-0.59667905316067,2.20801675392376,-0.401104124330939,1,NA
OSGEP,2.22245655154644,-1.33456695272214,0.594432469930745,5.26622698442637,0.0217430903198825,0.084974165737313
APEX1,0.623415271273016,-0.329090384351686,1.02525227104995,0.733529636829388,0.391741482868047,NA
TMEM55B,5.15506984483662,-0.333109348418911,0.391578356615397,0.851752822985077,0.356056945158794,0.55975293995205
PNP,5.13642972135157,-0.285395547011258,0.395386685571862,0.857650859290985,0.354396917925252,0.55839921027231
RNASE6,3.05952202979183,-0.0401437365724936,0.578324776923526,0.327761620110991,0.566980109382464,0.703554700047128
RNASE1,0.713132497784947,1.07348518928836,1.19822029129021,1.1013273436855,0.293974992310096,NA
RNASE2,0.488338917093589,2.29272504816981,1.27289066521039,4.35711186099337,0.0368547374530627,NA
METTL17,0.488720897361158,0.677585607296834,1.22902141214415,0.502611987050535,0.478354680602273,NA
HNRNPC,17.5314772828366,-0.399412999990595,0.234528543896165,3.33303845048189,0.0679013261822698,0.194166741411549
SUPT16H,3.57729511910618,-0.278617914282785,0.473747545141134,0.593757132140027,0.440969925616569,0.624388284638989
CHD8,1.63958743121756,0.653441735549072,0.649860096831642,1.03500596297329,0.308985804038503,0.516916463867853
TOX4,11.1566417908897,0.694159937517176,0.289714314107449,5.77649813268448,0.0162418695598633,0.0670760668950367
METTL3,1.41784360938934,0.0119528421977346,0.708629411743095,0.0222372307161365,0.881457737334085,0.895486242437545
DAD1,26.0556288648335,-0.443820162364586,0.180669751827909,6.21886817854978,0.0126395888313617,0.0558841272428458
OXA1L,3.37285119180251,-1.63107760740142,0.554478506513917,8.93436142841264,0.00279855291576152,0.0166500313279481
SLC7A7,18.7483220055864,0.340440497017081,0.233008284277777,2.30688131868655,0.12880224648367,0.301835627706283
MRPL52,4.77319159860482,-0.874339006053269,0.428185083482907,4.20590284366375,0.0402835250121992,0.13451053900203
MMP14,0.967882704819189,-0.696434518101117,1.32178838287765,0.735664119961186,0.391053365119714,0.585195365434336
LRP10,14.8836101665939,0.658414344599454,0.249524549475731,7.24801831095698,0.00709793018132047,0.035594203069666
RBM23,6.78461948892799,0.057387632680187,0.309220010743135,0.2546695338456,0.613806138748378,0.73008618366655
PRMT5,0.976870650347047,-0.575308337452295,0.879106419909698,0.457186062086791,0.498942015459453,0.662948107271364
PSMB5,11.7629737466117,-0.371588743093436,0.29076252313291,2.25634982372446,0.133067381513775,0.306726443576521
ACIN1,2.91077829139083,0.308994782481023,0.4760567565398,0.565380165089699,0.45210057813498,0.63296146740031
C14orf119,17.4446394727785,0.146162942895488,0.236012971889733,0.421936713190632,0.5159722406585,0.673709798558285
PPP1R3E,1.6043357606508,-1.23032714289747,0.719424885274911,2.94818365482963,0.0859741358305413,0.228568114693951
PABPN1,2.80348646593735,-0.384027383523811,0.512886873904508,0.600910488280086,0.438230844279381,0.622928090301165
CMTM5,0,NA,NA,NA,NA,NA
NGDN,5.58123260957833,-0.488643798255367,0.357870808835658,1.92043142862002,0.165809107721185,0.354281106037454
RP11-66N24.4,0.922089153044921,-0.27962835349588,0.807673808785028,0.143327074237234,0.704995599725741,0.78052629360783
AP1G2,2.09528334185914,0.415688197848183,0.572483963057708,0.575497777768838,0.448082479170073,0.630071003293761
DHRS4L2,3.55713518963725,-0.756467867277111,0.495022080067987,2.59232036688171,0.107382917004891,0.266306157590437
PCK2,1.90759866544189,0.544439703319542,0.721516232272822,0.599188430496561,0.438887844245051,0.623147523061556
DCAF11,2.34076501320141,-0.530481600589787,0.548778555816732,1.15067988528664,0.28340687105443,0.494650329200099
PSME1,68.5275359694669,0.457277405490712,0.169736980609296,7.41320948214658,0.00647467176084291,0.0330221605014861
EMC9,0.587188138577133,-1.15510039051784,1.04789628792004,1.66497599467777,0.196932812097208,NA
PSME2,223.679568025546,1.01261393560516,0.133956185805833,56.6074191869711,5.32106994682219e-14,1.84223257819923e-12
RP11-468E2.4,1.89668981903818,1.63206209033934,0.763210128421442,4.79622216377868,0.0285222141165752,0.103852720205807
IRF9,9.43008842407924,1.25725956395357,0.305828649232023,17.5863032775445,2.74558733850579e-05,0.000293117756278109
CHMP4A,30.4727194147675,0.168762816380426,0.167228616117481,1.13582970000624,0.286535260641329,0.497559670504411
NEDD8,37.2794983732566,-0.0513873879894673,0.161778816141135,0.280524455697758,0.596357675807283,0.720733505555053
GMPR2,3.52739800443268,0.0258135917042233,0.428725006638686,0.0214345243836433,0.883601409859437,0.897515239452781
TINF2,7.91139554687523,0.744790267672716,0.321538715361016,6.38352086887799,0.0115184709512692,0.0521693939315431
TGM1,7.20620395688,5.57638965746257,0.728824230706799,106.569360441083,5.53219541304016e-25,4.13430408428172e-23
RABGGTA,2.58889556873797,0.524509561582643,0.523016199190508,1.23802870473579,0.265851308976522,0.478408010502435
DHRS1,1.0641182926038,0.774561091492695,0.870566486339386,0.88872572949122,0.345822856841721,0.550516314166246
KHNYN,2.56251346597997,0.0416772758712556,0.534606681926493,0.189222137018518,0.663564816083065,0.758359789809217
SDR39U1,1.38216454039792,-2.25566446642454,0.832979897290097,8.2296091334303,0.00412124047009705,0.0228966106987804
GZMH,1.80043683753607,1.44491394778696,0.8233738275721,3.26458163305334,0.0707910778057672,0.199727313440949
GZMB,4.43811858929333,0.789912653283869,0.934870227997969,0.737830962069197,0.390356585426193,0.584723821924154
G2E3,2.15749048986905,-0.42199886515467,0.573622413059883,0.584046053764695,0.444730752741276,0.627373400736312
SCFD1,8.29358623082856,0.474585629859839,0.355679460371054,2.30914456232533,0.128614814514184,0.301747318651778
AP4S1,0.601946033152847,0.0582371718070093,1.13713514432628,0.0694317161071183,0.792166004291254,NA
HECTD1,3.68202619368317,-0.472889339910839,0.495908401007264,0.986985735625623,0.320480204625389,0.528032512747681
ARHGAP5,0.650519024425738,0.479099945717585,0.916015606743765,0.543989280329704,0.460784125455179,NA
SPTSSA,6.53434689194723,0.140821245562124,0.367329456693528,0.206774955032742,0.649306990535785,0.749614400528125
EAPP,9.78026172952805,0.2084024592879,0.305312443070848,0.513488702955883,0.473632510712315,0.647990196520538
SNX6,24.2729392633245,1.12639663992409,0.200421360604045,32.3635654204733,1.27861482946649e-08,2.34591367514091e-07
CFL2,0.340783918752805,-0.298369477028817,1.39177965183113,0.00374561176536048,0.951198812161435,NA
BAZ1A,57.1049359665997,1.2531154617077,0.142196263930313,78.8186780223865,6.80803369484049e-19,3.44790334561839e-17
RP11-73E17.2,0.492733113187762,0.286129270365987,1.17139044444929,0.125260674579071,0.723397452997339,NA
SRP54,9.08203338108704,0.855659517430617,0.291733989821603,8.83351351503816,0.00295748436372934,0.0174096678010888
FAM177A1,27.0935081219574,1.07565438816711,0.229349650874183,22.1672877369624,2.49895545961279e-06,3.20368181098477e-05
PPP2R3C,12.9357002428146,0.370387566236044,0.238774015528599,2.50084867960351,0.113784966062361,0.276805983338685
PSMA6,5.0655456799655,0.97994660481601,0.396556478703259,6.19586733733456,0.0128048955922658,0.0562901005662876
NFKBIA,203.845394685303,0.358562783753031,0.182984851644551,3.81922209821093,0.05066775654372,0.1589007226714
RALGAPA1,0.802955735647981,1.00041934085801,0.99524871983009,1.05633978651636,0.304051481775628,0.512545839609455
MBIP,1.34905634002086,-0.0166101163116269,0.757087588498692,0.242790173322078,0.622198127761751,0.735147677014246
SEC23A,1.56293751899971,0.245897556229174,0.645783808409992,0.152268767058196,0.696376603536491,0.775044647016276
GEMIN2,1.07921059435841,0.686086952991543,1.02555229810694,0.60959844684178,0.434939042063109,0.620976041616114
TRAPPC6B,2.89916681797046,0.40377718799808,0.568212895980954,0.713363966790666,0.398329313367903,0.59074589359112
PNN,2.96279679798723,-0.121450555467913,0.504875125666125,0.0754999407933639,0.783491007354251,0.827423658315373
KLHL28,1.27592356732229,0.638468843652451,0.788705969994734,0.785541510490624,0.375451688811624,0.573328669084882
PRPF39,0.395109988162273,-0.454520216034386,1.33071098148084,0.0405383296329056,0.840431690517534,NA
FKBP3,4.93312112278205,-0.783347706062192,0.408719023873917,3.85929636962939,0.0494710712308418,0.156186875065739
MIS18BP1,6.71436929813994,-0.259999707275502,0.427753483201647,0.585890983554819,0.444012463162832,0.626546059812207
RPS29,27.1292401350761,-0.0864170740379242,0.203365027122591,0.181788292456559,0.669840893302999,0.761157005211358
LRR1,1.5738851627089,-1.1939086198246,0.740823656378365,2.84764338169697,0.0915079824591123,0.238723250961873
RPL36AL,105.636560092421,0.101762931481201,0.132867194168605,0.600125908118912,0.43852999046332,0.622928090301165
MGAT2,4.53017493545115,0.100158191499243,0.426015839752274,0.0576654585529752,0.810224568257977,0.844207593761248
DNAAF2,1.145264815447,0.193064568344415,0.796865285648691,0.0803509363738115,0.776822394951122,0.822231241812291
KLHDC2,2.37871758749152,-1.81870341117014,0.65184875009873,8.03945270362567,0.00457693632619043,0.0250423801847276
NEMF,3.34102338534185,-0.618613129473481,0.582123082620368,1.46670908581956,0.225865644444987,0.431019968267045
ARF6,32.1757110686363,0.148564127649888,0.221798105530126,0.474621909696396,0.490868523034683,0.65850313247735
C14orf182,0.33983105195871,-0.181533259395123,1.4024714928709,-0.0621598510879267,1,NA
VCPKMT,0.335436568580122,0.185021578980632,1.60135019260774,-0.0658465613984411,1,NA
SOS2,0.809972809945149,-0.373950797949874,0.914268503433114,0.153324443083235,0.695378431889424,0.774637162446535
ATP5S,2.6729805767658,0.184247758492729,0.521695542086857,0.174304707063335,0.676314075608742,0.764175663965063
MAP4K5,1.09171198349223,-1.2275088939656,0.95594151869433,1.70073249954508,0.192192210007396,0.390395808400566
NIN,1.49383780157164,-1.83853876368214,0.748110205543542,6.47100433860466,0.0109648549778624,0.0503625400744588
TMX1,12.5870401258585,0.842909473237415,0.253263452750687,11.2207004894925,0.000808899570293572,0.00588709806028386
GNG2,3.43157630065644,0.865837249204422,0.527448522683692,2.71123815774821,0.0996436258017794,0.251075715013694
C14orf166,17.9201764038972,0.0267608288551287,0.226857513176447,0.0959286930449963,0.756771173335536,0.808900357141713
PTGER2,13.7911671801417,0.516203334540754,0.307108233342857,2.92460351928621,0.0872386525256231,0.230828351760371
ERO1L,6.26215005524163,2.04840043017987,0.404733149175223,28.0804798027373,1.1637374512254e-07,1.85230729898942e-06
PSMC6,10.1601034738628,-0.322029115711926,0.349316092873082,0.848441186617094,0.356993692823972,0.559970412173837
STYX,3.15847068483884,-1.06181691165181,0.518336653493412,4.34166256096083,0.0371905903908566,0.126824673297256
GNPNAT1,0.588714089674451,-0.62207293474971,1.18141863005259,0.450122116571627,0.502276968856713,NA
DDHD1,3.04913358891961,1.5237808483528,0.576517391445113,7.41728100025979,0.00646003638998657,0.0330184656479717
CNIH1,12.7102999591026,-0.340153904587741,0.270135785479005,1.80208974300825,0.179460060317277,0.371656387166028
GMFB,6.3319357753057,0.559884810674712,0.336590764701098,3.23892987408871,0.0719075916685077,0.201356406748925
CGRRF1,3.7654080821451,-0.0437604038999506,0.436294499134457,0.282499793762533,0.59506742489066,0.720055004884803
SAMD4A,11.4146507787118,4.54713203759063,0.51765706588045,125.782537724117,3.43093266123932e-29,3.23457774585762e-27
GCH1,34.3048521992824,2.06017503639448,0.221752498461073,88.3098264844887,5.59647465467024e-21,3.29761506575185e-19
SOCS4,0.985361690805056,-0.830492471355466,0.83140356472155,1.09031155417505,0.296402188853977,0.506606207646521
MAPK1IP1L,13.1540809702994,0.058909506244924,0.246169659642521,0.352696468060714,0.552590679578072,0.695780217578038
LGALS3,229.894008142975,-0.090323477334565,0.188614925951647,0.238266305389487,0.625461093904578,0.736656848634875
FBXO34,2.14493863590819,-0.0460533645992717,0.54584131130896,0.0114922188433653,0.914628913663399,0.922135725694096
KTN1,21.1551724199424,-0.075368092087192,0.224842006244567,0.412307481378548,0.520800636421489,0.676158114404848
EXOC5,3.66821781500275,-0.36131622895592,0.507157933269018,0.552222152053702,0.457411142920045,0.637046681721796
AP5M1,2.0302340257333,0.188287758505281,0.589748268449108,0.311716490604567,0.576628783329743,0.709016756907543
NAA30,0.52235002490713,0.687427249706667,1.06490553724596,1.33940915595874,0.247138191618851,NA
ACTR10,18.1651100277033,0.274176541272408,0.248660891714915,1.35538691872981,0.244338571597551,0.453317216696879
PSMA3,35.8907955276028,0.408596333152537,0.187061569359138,4.88847441826749,0.0270365665404619,0.0998858555896082
RP11-349A22.5,5.6825698900443,-0.885300448565222,0.389317373244581,5.28105602851896,0.021558668332873,0.0843624007304251
ARID4A,5.49528936349301,-0.27994461620278,0.398289583623937,0.533758133067195,0.465031133559256,0.64156345780012
TIMM9,1.18594429009951,-0.222377346435507,0.757916546681775,0.0963739292765027,0.756225234137768,0.80875187343739
DAAM1,0.326190561152336,-1.08756017450951,1.35506623967308,0.884768690713972,0.346898891469094,NA
L3HYPDH,0.639011468979666,1.36083685145116,1.13027906773058,1.76960109124302,0.183431454840876,NA
JKAMP,3.89637477013563,0.190871048796088,0.456139414005948,0.193463534378068,0.660049446776002,0.756741442440288
DHRS7,23.0528042369576,-0.750223454595169,0.21809294259559,11.9973346294784,0.000532766924097212,0.00408085752300896
PPM1A,4.63070940541581,-0.472277970432529,0.402451849881497,1.38832260448399,0.238688575900232,0.446212200462666
MNAT1,0.934209031373911,-1.08144211706425,1.16283559244099,1.37837162966517,0.240378712850535,0.449097790350024
TRMT5,0.53587957603967,-0.105890876363385,1.22503894295545,-0.020199272515832,1,NA
SLC38A6,1.01236606692493,-0.965426541267125,0.840354740442804,1.52667118250483,0.21661272919837,0.420863286153332
PRKCH,0.964213075990128,-0.439214635538631,0.820656639473465,0.295405865987526,0.586776968846355,0.714367210193629
HIF1A,15.5037811047609,0.0441562684635961,0.251376859381158,0.674041426794261,0.411646120161858,0.602476098483846
SNAPC1,1.04848168285238,-0.301545640411152,0.96453251130839,0.136799490701719,0.71148371306532,0.784167660730986
PPP2R5E,3.15960106548733,-0.226233396340548,0.467242662883687,0.509028616673959,0.475559663089539,0.648860463021856
SYNE2,1.411157308957,0.664761062670277,0.862666748763602,0.579193418679829,0.446628648821011,0.628989263144456
ZBTB25,0.671347419512786,-0.77034871716706,1.09345633212812,0.484210557236189,0.486521271983278,NA
ZBTB1,2.58172321373277,-0.496773990129758,0.515262541172018,0.934480560546675,0.333701354298895,0.540841549628042
CHURC1,13.5810326251621,0.234389079849285,0.275129928368701,0.733077819678186,0.391887362936844,0.585844819249132
MAX,14.9651384578271,1.01961649139915,0.242290860516619,17.9387401026481,2.28130002409714e-05,0.000246993048545359
ATP6V1D,7.23420218148685,-0.483902791303169,0.325194950024631,2.2950947659734,0.129783289416939,0.303554197537024
EIF2S1,6.3629189769145,-0.527401582788372,0.357878212081419,2.35561638444794,0.124832535007189,0.29615709427954
PLEK2,1.02787613646487,0.168745015412757,0.89551604916322,0.262322686874313,0.608528909606445,0.727055012296412
PIGH,3.45505366388264,0.0617760191640252,0.45046837769537,0.0294174996524319,0.863818597557096,0.881658955001646
VTI1B,17.1170826574105,-0.361783770425392,0.234797597445539,2.54016648872008,0.110983083367016,0.272873717642739
RDH11,5.44910976410328,-0.773110165988076,0.383440779346586,4.17924985152736,0.0409218097439126,0.13584444751392
ZFP36L1,22.2145179068606,-0.406580367045451,0.233002705280796,3.0729911091849,0.0796028830029725,0.217285731421922
ACTN1,2.42813618167607,-0.934641628527988,0.646069288987425,2.25422964279217,0.133249750895613,0.306860005068889
DCAF5,1.3934120333266,-0.666287084920843,0.783690279609778,0.921358750169894,0.337118461589971,0.54379097989559
ERH,20.5204425780283,-0.367509033604144,0.217923377414497,2.83841142363666,0.0920351620749933,0.239182134518897
KIAA0247,2.55766832944968,0.022159352056693,0.502905130664106,0.0192820472509183,0.889560928998335,0.901750821838844
SRSF5,38.1741415172645,-0.106147679836612,0.181859830891197,0.341246676200853,0.559110499242556,0.699373165821266
COX16,9.73677150713271,-0.0944195368497371,0.269491843269061,0.142488930182083,0.705819109762968,0.780581851616584
SYNJ2BP,1.40065063618421,0.640011215823801,0.739962060169381,0.761103020534897,0.3829835555039,0.578344807325752
MED6,5.23566524579683,0.199955331147432,0.414287464748559,0.249182819701204,0.61765106782289,0.732590150745535
PCNX,1.07757169950317,0.0211074306636307,0.808663037739302,0.304620286035394,0.581000310045404,0.711220515373199
SIPA1L1,6.61661126085709,-0.364578481638969,0.340302116972956,1.2797651069865,0.257942714237506,0.469460336456025
RBM25,5.30822831942128,-0.417615504794006,0.374788930841758,1.47674583965382,0.224284360761501,0.429074474931281
PSEN1,10.2589667900742,0.362253783621639,0.278169237316762,1.71324424982716,0.190564986149345,0.388431839711715
NUMB,9.63223051727501,-1.10928429148651,0.288058681153238,15.2267619399412,9.53426817533851e-05,0.000905829385712781
PNMA1,2.69158805633393,-0.551719403742069,0.516550878394273,1.45831771511424,0.2271979796306,0.432516066845702
COQ6,0.746811525404455,-1.09130548018238,0.982932884706736,1.37758989040009,0.240512103597989,0.449210049024223
ALDH6A1,0.817115270264623,-1.20035348741526,1.20103845797934,1.18554998017152,0.276229019265712,0.487861531503544
ABCD4,1.70232887889601,-0.596555441606463,0.651786779725851,0.834351152065473,0.361017358061707,0.562688017568504
NPC2,213.042009253465,0.560523830197227,0.0821337384119542,46.8947447308287,7.49032953372811e-12,1.97848014580543e-10
ISCA2,9.73912209189479,0.23914240141859,0.286053649056577,1.037678960888,0.308361899251168,0.516577834502777
YLPM1,0.609275882662277,-0.403503028807456,1.29729492254538,0.130061408834941,0.718368376634391,NA
DLST,1.51853721817083,-1.61674740910241,0.816612423827308,4.27364504042485,0.0387078131836043,0.131050540988468
EIF2B2,2.78225719447653,-0.220842054565273,0.531756258586839,0.311544785037903,0.576733787038467,0.709016756907543
MLH3,0.437922601764328,0.15392704526707,1.38589484255615,0.104249383154077,0.746788599578781,NA
ACYP1,0.995720833069454,-1.8826638816105,0.936039530072695,4.52391572672978,0.033424249057876,0.117579677512436
TMED10,10.6265389391271,-0.423542472726071,0.268835103303907,2.58908074892092,0.107602769744435,0.266743435677144
FOS,15.0298301176392,-1.94231333824469,0.279113182620097,51.5310571754663,7.0473393467644e-13,2.13792552064219e-11
BATF,1.58835263043492,0.253132069123488,0.672469109055979,0.152772135958088,0.695900158098288,0.774795815557105
C14orf1,1.5915874269811,-0.0406174172358601,0.703295184434004,0.181394827806393,0.670177277761213,0.761157005211358
IFT43,3.37644583461973,-0.447198150309416,0.509166317060178,0.78414539263045,0.375876322174783,0.573691183633143
GPATCH2L,4.48312158688372,0.00526383015811327,0.455015055668896,0.192987658878465,0.660441561158177,0.756978927055135
VASH1,1.30069398689214,-1.65452566364959,0.816428886142484,4.45712681991599,0.0347559106895551,0.120739354141493
GSTZ1,0.803268070701452,1.07624331052621,0.943404066529234,1.50919411536741,0.219262098405074,0.42383037434826
AHSA1,16.6994210812135,1.00985455860467,0.246041731921236,17.4060085380031,3.01870206146752e-05,0.00031942187090469
SPTLC2,17.0077072325501,2.72686904703886,0.331039612603363,72.6804731164467,1.52434893978949e-17,6.97105246494777e-16
ALKBH1,0.705084609430776,-0.673794756772492,1.01667260523403,0.428947197421401,0.512505995064471,NA
SLIRP,6.84903521566307,-0.105355469844567,0.320533748151975,0.122913905120896,0.725895363717694,0.790104225375138
SNW1,12.9551415042933,0.384673180087924,0.245655996665369,2.7665915239315,0.0962509171730512,0.245045957804926
GTF2A1,1.43847616123614,0.541457405691012,0.717475296879476,0.579495215739527,0.446510248281883,0.628989263144456
SEL1L,2.63672571147792,0.0623059033499928,0.50857658717206,0.156817052168762,0.692104048174516,0.772447840142065
GPR65,3.6431067663731,0.142496450358742,0.457990679114571,0.432248496927429,0.510887702617289,0.670676915518155
ZC3H14,1.23375943010436,0.0519840223698421,0.764760157427108,0.044846499594442,0.83228653557283,0.85978622555467
FOXN3,1.83113234337056,-0.485362394246191,0.639104174848045,1.07289526015687,0.300292389693431,0.510313855807361
TDP1,0.928181951299096,-1.52647229067383,0.918942619351625,2.87293374842871,0.0900805272971437,0.235903192853375
PSMC1,1.28283894384308,-0.236239396998477,0.695692636886505,0.211652752229973,0.645475066514398,0.746879004456237
NRDE2,0.490523776778398,1.38661431960257,1.2404286754999,1.75558901547803,0.185175655194855,NA
CALM1,117.114292285486,0.918706556596016,0.190411564373724,23.1433955085515,1.50358745856682e-06,1.99006132745085e-05
RPS6KA5,1.34856632839148,1.27349272080948,0.802094893815116,2.58679879356644,0.107757928467948,0.267020050809376
C14orf159,1.36465831318233,1.32927646295292,0.776724950412759,3.02017619893094,0.0822345310401562,0.221704006253444
CCDC88C,1.28567914275702,-0.263013066524605,0.866896392354186,0.212672103224577,0.644681050146353,0.746664905970596
SMEK1,3.35754630153078,-0.635571763345713,0.4623557364122,1.97597901510873,0.159814650818407,0.345204152349382
TC2N,0.348194144602657,-0.106877696948974,1.16568120933878,0.246771662367156,0.619357478861505,NA
FBLN5,0.148356301014333,-0.109318479217212,2.03378194888254,-0.339838382285478,1,NA
TRIP11,2.84689857842357,-0.230233993426205,0.486946451298251,0.477364039402751,0.489618730706886,0.65817166454107
ATXN3,7.8517966814858,-0.0173029340970724,0.297917414862543,0.00372268934037834,0.951348182500293,0.953214791099051
NDUFB1,6.54612780728247,-0.780608616338043,0.383146443071654,4.18115240596583,0.0408758974011237,0.135804009583466
CPSF2,2.94776565270679,0.437442658605568,0.600560469360819,0.900564767204997,0.34263032144589,0.54763657011487
RIN3,6.16609516234067,-2.15405992625483,0.409234231494014,30.657806381845,3.07785785942572e-08,5.25969423427173e-07
LGMN,21.1847395248533,-0.727973395188775,0.424879240464297,2.91298358087936,0.0878691821283437,0.232155917399822
GOLGA5,1.68459069088011,-0.140269170947683,0.632968234412664,0.064781610547584,0.799092064118271,0.837669742384238
MOAP1,1.18971999387993,-1.05251580110783,0.787906195062413,1.81090303369616,0.178399940462072,0.370839496320073
TMEM251,4.35525449570674,-0.334634269067439,0.414144906241905,0.760426884547044,0.383194963240865,0.578389272211275
C14orf142,2.63815798590194,-0.228928727239511,0.557362025731984,0.337557135566414,0.561242694956838,0.700685360661403
UBR7,1.24647830420444,1.07024432016157,0.806242801024237,1.84227346161867,0.174684717255854,0.365605838159399
BTBD7,1.63555145400349,-0.786478771521435,0.700957473138524,1.52013781072523,0.217598639568016,0.422109674983476
DDX24,9.96805116452905,-0.295220627305182,0.343022463568385,0.743663334406918,0.388489902631925,0.582782404731563
IFI27,144.862574223892,3.79465990109142,1.12048391834839,9.23571285798428,0.00237339984833892,0.0146467213198599
IFI27L2,5.98381731336295,-0.459307364761412,0.35672727411722,1.68068249272761,0.194833789971737,0.393131862017386
SERPINA1,86.0599662565298,0.0355484422932593,0.137827477389891,0.0914289576811314,0.762368331629556,0.812231829555141
DICER1,2.19040987554348,-0.882117646770889,0.594594554478542,2.26915909940941,0.131971491754453,0.305644403108111
SNHG10,0.203209545907988,0.335159478445605,1.69623390992108,-0.115414469137772,1,NA
GLRX5,2.26577160748421,-0.68755315332583,0.647451209074611,1.61994120113496,0.203099986433876,0.403083843840016
TCL1A,0.201408751757476,-0.967086988715449,2.18707523931467,0.354191538219025,0.551749938533076,NA
GSKIP,2.19527923086739,0.0853024186057324,0.566543039672548,0.0229597607763594,0.87956176015557,0.89400472155139
PAPOLA,29.3662349517008,0.0692726653088279,0.172633412032162,0.451791212804338,0.501485561110566,0.663984696172144
VRK1,0.859555932270689,-1.03717302094399,0.845820585372248,1.84510810664367,0.174353424114118,0.365536697577881
C14orf64,0.246392767038571,1.7057907582293,1.56813688953741,1.78210084616841,0.181891566102756,NA
BCL11B,0.31990657534785,-0.232307615291181,1.55536877574974,-0.0447955639812214,1,NA
SETD3,1.80537917212616,0.379664324857827,0.642229980298912,0.457436930505665,0.498824269483217,0.662935398697279
CCNK,3.00701720304157,0.444002266497892,0.488462312443494,0.872941621937215,0.350142228599243,0.554293871572245
EVL,19.3393804863541,1.18778773758104,0.224707035532201,28.283318413001,1.0479520109476e-07,1.67672321751615e-06
YY1,8.41320477595674,-0.186692651537751,0.308534248269287,0.385877737762328,0.534474236098498,0.684736461335333
WARS,129.372758858802,2.14607136305848,0.202282468279001,108.207843690127,2.42019979425592e-25,1.83098572088892e-23
WDR25,0.65984776155868,0.256200482527107,1.11763664192621,0.0837153342656833,0.772324248147451,NA
MEG3,3.5042231777588,-1.15912024856449,0.789221204680712,2.17585289332644,0.140191776001221,0.317360621845395
RP11-796G6.2,0.200828725589755,-0.129867033441508,1.65886317473028,-0.277695452713758,1,NA
PPP2R5C,9.36599156466093,0.284610056434553,0.306055209517642,0.953346383965638,0.32886896430882,0.53626004653636
DYNC1H1,4.30676268812392,0.0884937408267559,0.420394578971092,0.0576075525381441,0.810318059155297,0.844207593761248
HSP90AA1,172.301168035049,1.34400082755743,0.112762581234594,141.498475078663,1.25182578919478e-32,1.30020142986197e-30
WDR20,3.14211442916391,0.484877667933023,0.51688623616497,0.894778114968645,0.344185760220043,0.548977183401463
CINP,3.36250712743639,0.22986009419845,0.469245666851716,0.243668449497605,0.621569031871587,0.734615289858581
RCOR1,3.874544004924,-0.739421500136338,0.454618691496333,2.8354274775577,0.0922062614355819,0.239525209867421
TRAF3,4.77161044791174,-0.740381989882447,0.43986892957378,2.87678836352423,0.0898650930984225,0.235641117033433
TNFAIP2,8.23354580321128,0.367679847056473,0.441028354555038,0.795263252409782,0.372513363340573,0.571178206225174
EIF5,46.5275159180496,-0.1955829032479,0.161028503043351,1.50473143361499,0.219944786360473,0.424058216292177
MARK3,4.06066387921382,-0.167689083292218,0.476235885962438,0.169826874432147,0.680265715679673,0.765803156802143
CKB,9.64699899408308,2.58503928098326,0.455415053038844,32.6941930886622,1.07858970990007e-08,2.00899627424548e-07
BAG5,2.50320507168311,0.449606110427711,0.553332592061094,0.729903629543522,0.392914427688442,0.58640516631144
KLC1,1.54943692620792,-1.22972187737254,0.687654509949445,3.31543037304321,0.0686323482398203,0.19549169129199
APOPT1,5.2782492743207,-0.516672577174165,0.378666295778043,1.85515300066808,0.173185257359699,0.364528110995501
ZFYVE21,3.69954999756201,-1.13759034591688,0.460511516515668,6.44158360146889,0.0111479223534124,0.0508460351670489
C14orf2,13.4575811311282,-0.0423875325806379,0.241081577039815,0.0431701680467285,0.835405184712405,0.861700550735165
SIVA1,12.9257407620013,-1.25729303401152,0.248971759040394,26.3867531271329,2.79450458431503e-07,4.14642229847034e-06
PLD4,2.09116333059977,2.24174116205568,0.659983102521982,13.1444795440108,0.000288367605083924,0.00241409383053864
CDCA4,1.65600423154963,-0.814552362374671,0.735755904026797,1.28641097316897,0.25671041756077,0.467936652804191
GPR132,3.55120716399185,0.219042933462897,0.511468637744978,0.391899223392571,0.531302775051969,0.682310845371619
NUDT14,3.02195531508258,-0.645925213892976,0.537898109196031,1.60248136790649,0.205551918928146,0.405936886623164
BRF1,0.31248691902582,-1.22613877738169,1.52248630261274,0.551759006081912,0.457599854654783,NA
CRIP2_ENSG00000182809,0.385139187757964,1.31784652471272,1.27576784541578,1.72912861622773,0.188522219571768,NA
CRIP1_ENSG00000213145,1.8537368985905,0.504456350567873,0.71026655300553,0.594708616142171,0.440604080516292,0.624138188951419
AL928768.3_ENSG00000253701,0.26720160784039,-0.145711287701367,2.00141977699431,0.111158668118708,0.738828845112488,NA
KIAA0125,0.303873343159927,-0.986017472965121,3.05286336561606,0.494636707785016,0.481866233681748,NA
CYFIP1,2.01969021107294,-0.305263251051388,0.640076486861092,0.309538223328701,0.577963688256005,0.709771840006573
NIPA2,6.93314880428069,-0.0188267143384572,0.321992423474591,0.0430248797004111,0.835678432300594,0.861837333076076
UBE3A,6.22827421956834,0.444463346422963,0.408563158390517,1.20201312962701,0.272919689503927,0.485190559118093
NDNL2,5.28404127205822,-0.275344756978752,0.376067801182392,0.580316500088387,0.446188289742662,0.62870587250932
KLF13,3.0575467243737,-0.0537593171368338,0.48224979409839,0.0447539443776392,0.832457121303639,0.859817501997084
EMC7,20.8963871627565,-0.305606068147733,0.199557962474838,2.40315003644859,0.121091198408164,0.289297022941609
KATNBL1,2.35431145761177,-0.0975997119203636,0.533403728818981,0.0336431319232204,0.854467980610661,0.874615007874162
EMC4,9.70670855437165,-0.153242072744622,0.285388007038103,0.305067586563524,0.580722802553236,0.711220515373199
NOP10,59.4239041608189,-0.204960285047345,0.123423511817828,3.0169022068437,0.082400727557148,0.222054379274496
AQR,0.850228026183038,-1.41472193741655,0.942774801679491,2.51002149136362,0.113124388953624,0.276124846267051
ZNF770,0.884345995802562,-1.21880826650834,0.877522585920143,2.12280890470394,0.145120178434087,0.324442339819076
RASGRP1,0.326107807144425,-0.652148239766289,3.05090925155564,0.281903466734477,0.595456322764435,NA
THBS1,6.42988812057054,-2.54386798593968,0.556619005206132,21.8887603679921,2.88921222933802e-06,3.64302315666325e-05
SRP14,103.103347550196,-0.11441185566676,0.123151303516128,0.984099386251103,0.321188825032164,0.528529838828437
IVD,0.423199647632963,-1.01961237538691,1.26311872852287,0.648289889881148,0.420724752825579,NA
C15orf57,6.18628152372272,0.857900185326762,0.351307803311536,6.41411803395538,0.0113216545859307,0.0514300217217075
RMDN3,1.28546210484161,-0.759336221915137,0.761325760665825,1.04960504100288,0.30559806699162,0.513811001444526
GCHFR,1.40717490344931,-0.624534190620508,0.737778919810374,0.710269880998808,0.39935423250663,0.591979375133195
DNAJC17,1.29725215056004,-0.27654486282715,0.732425308089385,0.442536525429908,0.505900716567253,0.66727498732762
VPS18,0.896485013533441,0.704183620216742,0.801029336729041,1.00829613603484,0.315311378364632,0.522906699357742
INO80,1.59714374745824,-0.952067672450861,0.655699209500201,2.17409310713194,0.140352231160792,0.317400604221246
CHP1,1.44212604906238,-0.842474653420459,0.648686729365554,2.02470872245691,0.154758594242995,0.338096493946906
NDUFAF1,4.21020690373572,-0.0589194437884871,0.404873155915538,0.072836801187762,0.787250312413492,0.82919730396526
RTF1,7.96252718442777,0.338666211816186,0.307895808830544,1.71160544681139,0.190777204418137,0.388657815383759
EHD4,7.22846106245087,2.28826697222955,0.498365878791734,21.7412861897597,3.12003790628944e-06,3.91794923970116e-05
TMEM87A,5.27102466736736,0.349892051183846,0.382401862947808,0.839096877826037,0.359655191993301,0.561377232943186
ZNF106,6.12911247331052,-1.02853558166797,0.377739248179751,7.62910792942645,0.00574337029322008,0.0300815155186775
SNAP23,34.3314156136202,0.128835925753898,0.174988319140329,0.595651874772173,0.440241858450966,0.623913531125698
HAUS2,1.30789796469086,-0.424105048537876,0.705228455656491,0.544109050229366,0.460734774006779,0.639063534430408
CCNDBP1,24.1583479914083,-0.322252651975645,0.238797798336362,1.88583377508337,0.169672579856063,0.359900854744879
ADAL,0.361298772783951,-0.63146736676537,1.22462916487618,0.20288757594501,0.652400104459308,NA
MAP1A,0.0628635903131331,0.255249397474148,3.0559717001647,-0.626907398203485,1,NA
PDIA3,43.7996329765853,0.259456099549009,0.139791282586418,3.47533447531707,0.0622901281282611,0.183352229170402
SERF2,272.812014640567,0.121085628268655,0.0870594895359867,1.93484085731697,0.164229802395001,0.352134439844844
MFAP1,4.89971016801825,-0.722938321371847,0.441690965334307,2.89569718642529,0.0888163435272778,0.23396492068694
CASC4,1.84090976729892,-0.275300522040386,0.669463260565363,0.436574312032072,0.508780540296999,0.669057328527899
CTDSPL2,1.03142864980051,0.337606220517352,0.892506704990384,0.162033639435293,0.687291054566324,0.770385542690911
EIF3J-AS1,1.38872574600638,-0.632292602567889,0.820407834947708,0.597292559661817,0.439612905739487,0.623500020492999
EIF3J,4.88409206922914,-0.266772443393513,0.42534597741746,0.587400753584561,0.443425994972624,0.626250668954241
SPG11,2.05890904846507,-0.301384758008575,0.62221919328243,0.550314810616094,0.458189091222605,0.637263447801208
PATL2,0.66946892745518,1.98258039026718,0.970780388937641,5.01590251213313,0.0251155340150455,NA
B2M,6201.86901435125,0.47110412165391,0.0439488337299387,114.522570461186,1.00120156934972e-26,7.96800417788975e-25
TRIM69,11.633061386676,1.21964581091315,0.272243876062716,21.3935616337217,3.74025078320684e-06,4.63035490898819e-05
SPATA5L1,0.6476172826268,-0.712433450936281,0.970293685129622,1.18712494448513,0.275910257070914,NA
C15orf48,713.057175892622,0.884081850081851,0.248132697979169,12.4926113290516,0.000408564695090528,0.00325153824872047
BLOC1S6,3.832580784315,0.141309325313742,0.448246152216905,0.696896517728192,0.403828478309015,0.596110258260047
SQRDL,67.8113283283873,0.757860873527281,0.148406897553424,26.1058006077866,3.23211568136254e-07,4.72706560749156e-06
DUT,9.28248998842298,-0.287011443700809,0.281964941874902,1.04092953988966,0.307605384045278,0.515996486748358
EID1,17.3279348728341,-0.750512389755295,0.258563446959833,8.75192792327978,0.00309274922108411,0.0179821201087688
SECISBP2L,2.32590367259911,-0.0656557611936163,0.547338333613172,0.129126806270477,0.719339119426276,0.787443752026477
COPS2,2.0919141382135,0.331004327422781,0.540389958350844,0.666390418555658,0.414312909130946,0.604399342006616
DTWD1,0.97613674814716,-0.289923233315617,0.85837856867897,0.403239372439529,0.525421034219161,0.680274875367636
SLC27A2,0,NA,NA,NA,NA,NA
GABPB1,2.25740930992455,-0.042161568266956,0.567361256393713,0.012210455504956,0.912012112447149,0.920272684917911
USP8,4.87217015045844,-0.297171187617415,0.377899270585425,0.976606531722439,0.323038037272873,0.53057547370897
TRPM7,0.624012737091676,-0.168447844244005,0.938148235820866,0.471691718640315,0.492209926677887,NA
SPPL2A,28.7836170800588,0.821203948070781,0.178951419251353,21.2796915376776,3.96914341988711e-06,4.89394585051674e-05
DMXL2,5.92262394446962,-0.461334179803714,0.353988526768217,1.72341482302699,0.1892540750571,0.386454172592438
LYSMD2,54.4009426692294,0.763805997629121,0.150632736339751,26.6595544045207,2.42647930043174e-07,3.64447675319747e-06
TMOD3,14.9327129463407,0.472671622615138,0.246138378071303,3.74764903022788,0.0528818411706752,0.162888507088204
LEO1,1.27771121664599,-1.09823707687806,0.736767801280841,2.33108388736005,0.12681354992942,0.299350321250956
MAPK6,1.36381870771011,-0.0771211192059169,0.704911325975401,0.0580525536983387,0.809600863561903,0.843890813387879
GNB5,0.708061461614151,0.266826016010166,1.0443099525254,0.316882440628341,0.573487235047899,NA
ARPP19,6.88563194132546,0.127410520885714,0.336811828680153,0.799664007617281,0.371193844704328,0.571037629769695
RSL24D1,13.3520510204399,-0.747820524248525,0.274829611790285,7.41874302394574,0.00645478928348417,0.0330184656479717
RAB27A,3.63577165465197,-0.580783858011067,0.419516245181493,2.0089224921026,0.156376348447013,0.340131359439071
RP11-139H15.1,6.4664434198307,0.0902195084996554,0.321102777261445,0.133847924557656,0.714475271915357,0.785126213704669
CCPG1,9.70071870548056,-0.670593803461601,0.30004429845059,5.23123003330845,0.0221848382907526,0.0861525279123776
TEX9,0,NA,NA,NA,NA,NA
ZNF280D,0.93872973303769,-0.528188238342222,0.827447368966533,0.426285018204887,0.513817486250863,0.672559179142047
LINC00926,0.450954251223378,-2.18894590454401,1.24615821098844,4.26257099182787,0.0389609129919094,NA
AQP9,22.9539203718808,1.38946612931769,0.240214923210232,34.2486803815956,4.85004205902407e-09,9.40539801825933e-08
ADAM10,5.79316606205869,0.00984813649633076,0.369145939260982,0.0148442676861151,0.903028067826245,0.912709219798652
FAM63B,0.744547987882066,-0.401639974068321,1.06032122807874,0.224773907724568,0.635426269057636,0.741878989334668
RNF111,1.24586597032811,0.0903314677026722,0.735933337755482,0.518896462094354,0.471312799801409,0.646275416688977
SLTM,8.53959158782555,-0.342444051208502,0.354808260915855,0.928508175822685,0.335250874914812,0.541895584790014
GTF2A2,14.432355522778,-0.739693220060971,0.242384818384572,9.39054049542727,0.00218107893506707,0.0136245175474934
BNIP2,8.82839694325715,0.0051163320220068,0.352778439420298,0.104635073868735,0.746336710296247,0.802299221523522
ANXA2,239.441783419623,0.458289528367305,0.120566177504002,14.3895690569888,0.000148623311696386,0.00133152581005184
NARG2,1.40595423710148,-0.0497557372892959,0.736351075463089,0.192647876253922,0.660721890081567,0.756978927055135
RORA,0.873431537744713,1.87963253639252,0.989437946849295,3.96727752560908,0.0463927228539461,0.148923313592971
VPS13C,3.0777745846716,-0.547901279382716,0.468428674319103,1.37540632676729,0.240885169390783,0.449388361340284
TPM1,2.35096306703934,-0.96486763741169,0.583446090253222,2.75729590275046,0.0968117500199849,0.246166972664924
LACTB,48.1805261700222,0.715747248785403,0.153091915442048,22.1321031997366,2.54517641420898e-06,3.25612548356422e-05
RPS27L,28.0597201340395,-0.259851933417568,0.241068360758532,1.1615562063308,0.281143030620625,0.492491189132339
RAB8B,12.725381521961,1.52422293182864,0.276287286330531,32.0290348170635,1.51885423897836e-08,2.75244564829372e-07
APH1B,5.57121993682741,-1.62964926444512,0.384357751941702,19.2659668066402,1.1371537237861e-05,0.000130495843059199
USP3,8.18440429022456,-0.0999717967400252,0.341955517499316,0.105818997368715,0.744955301798151,0.801877057688226
HERC1,0.723832033779337,-1.01322782288845,0.920441129968928,1.35683980449931,0.244085922761001,NA
FAM96A,6.7830000950897,-0.88446676314715,0.348754321912421,7.07790854188188,0.00780400433539318,0.0384428766618082
SNX1,7.17082661421849,0.626206036983871,0.324184709034907,4.16633897223915,0.0412348086676962,0.136622898686178
PPIB,20.7023636733243,-0.0821593667009648,0.211529381366176,0.156160067731179,0.692716741371429,0.772447840142065
TRIP4,5.33940866903456,0.503908853553087,0.373504420884448,1.84652379400248,0.174188239570187,0.365431541282473
OAZ2,11.1703119744513,-0.793715457518669,0.26546932583646,9.16648462351598,0.00246487590451336,0.0150746103222134
PLEKHO2,10.5889075108058,0.5391194491689,0.318670433219614,3.0506651436793,0.0807040845951564,0.219120350198989
SPG21,21.8789478907011,-0.848061977868563,0.225173901826927,14.2506146600438,0.000160008542583681,0.00142519236766395
MTFMT,0.572771308927558,-2.14428524920139,1.13107314357814,4.57274128252561,0.0324845442377302,NA
PDCD7,1.45465757220589,-1.06206464252241,0.733087884211644,2.16010486966564,0.141635023592128,0.319330178282768
CLPX,1.46075420753009,0.279524250751404,0.728261538082585,0.149051909540617,0.699443038803613,0.776623834351974
DPP8,1.04716816566966,0.435915437837091,0.780711398986875,0.321716159611974,0.570578116649583,0.705117416925613
PTPLAD1,1.13166382191603,-1.1356258907835,0.979314660313192,1.34301772146392,0.246502487305448,0.456226892844392
VWA9,1.1500594541119,-0.837692182446666,0.824667075115384,1.2351727263098,0.266403419438881,0.478408010502435
RAB11A,17.3905056457374,0.43472671148396,0.207237021287087,4.47824904374538,0.0343288737847472,0.119622081052269
MAP2K1,11.0228820828119,-0.680821118815341,0.315251430795421,4.79977494596244,0.0284634548276182,0.103762076849283
SNAPC5,4.60975797814347,-0.546022747942248,0.438285451961341,1.57784097202097,0.209071958325336,0.411148295247194
RPL4,83.6916748844417,-0.922277523557608,0.166351977290145,30.4620683094081,3.40458730481005e-08,5.79536416774333e-07
SMAD3,1.5714161954525,-1.11163136434779,0.670502648151626,2.8019120632824,0.0941519655678429,0.242319716505561
AAGAB,0.735512733254352,-0.737681191126284,0.873982052968944,1.05086407783512,0.305308165899211,0.513568059464828
C15orf61,0.729978252179532,-0.615903585782697,0.95098138412825,0.447163218320064,0.503685184288178,0.665744102192254
PIAS1,4.46776499019476,-0.21442505774178,0.418301612394469,0.328502475048836,0.566542218362138,0.70335711388233
ANP32A,8.36036083614964,-0.42469089960054,0.354003383115512,1.45023732132981,0.22848987611518,0.434166189405836
RPLP1,504.354383308786,0.21172735669487,0.116970672108857,3.27166580126897,0.0704860172423454,0.199233539511574
TLE3,1.13490877909991,0.0753224193374917,0.760768992711741,0.288660308817406,0.591080317574668,0.716957995447652
PKM,85.027239421175,-0.766318840836388,0.180593265596672,17.9467555298367,2.27171320781157e-05,0.000246534682698222
HEXA,2.00623319629121,0.281309013973564,0.647730265571997,0.25489884900815,0.613646576213365,0.73008618366655
ADPGK,15.0262325841717,0.313254885214013,0.22833446274528,1.88122742967228,0.170194707914011,0.360021432961931
STOML1,0.843806673005767,1.52685023522922,0.993320112833165,2.62078872399904,0.105472003486386,0.262416742738357
PML,10.2728526358976,3.41770142060861,0.415862545661315,90.4434628396101,1.90338757444522e-21,1.19019990369391e-19
UBL7,4.58784451773767,-0.863759679078311,0.406114831354978,4.60518021638075,0.0318755028390091,0.113433845178541
UBL7-AS1,0.480146112150082,0.85555563986298,1.13007315907908,0.716586074784693,0.397266026807523,NA
CLK3,7.33580537496383,0.168963219899248,0.34810819552483,0.424230735263393,0.514833503294735,0.673117070234721
EDC3,0.79336986807281,1.29880376358783,0.960481244033244,2.12973816351158,0.144465431586947,0.32356877367135
CSK,7.60345884525099,-0.125358918732992,0.313955672248757,0.161014344116694,0.688224346882263,0.770869216497145
SCAMP2,11.6332474047128,-0.292520115898485,0.282561759951043,1.24715141609619,0.264097239573433,0.476416804270237
MPI,0.0977230451071366,0.132538721888246,2.24388252364265,-0.496745262556882,1,NA
FAM219B,0.866565273392598,-0.0211606138746333,1.06724929507806,0.0162803816465882,0.898469805716033,0.908551645120107
COX5A,27.0641124264569,-0.114645872716541,0.210514152894367,0.297694016943865,0.585331689464521,0.713861495381479
PPCDC,5.21280692197536,-0.592639717222673,0.427854217987851,1.98006144910532,0.159383933388746,0.344516664481918
C15orf39,3.09904033971234,-0.260522134829407,0.489105464046796,0.342683783283924,0.558284172671209,0.698683874104623
COMMD4,2.78295447149746,0.148195064311979,0.559263136723871,0.0731089895443091,0.786862739733947,0.829074083406057
PTPN9,2.41288327095465,-0.0928225966643316,0.532567996932829,0.065923063258488,0.797368010867462,0.836452757679624
SNUPN,2.41564369285562,-0.706622927013768,0.595635875892992,1.53208863990054,0.215799247609205,0.420081889882213
IMP3,6.0907267595203,-1.45490336561467,0.368738960793021,16.2739897755675,5.48111932890158e-05,0.000547040704356822
UBE2Q2,4.95685154857728,0.10976192852815,0.389757445125477,0.0823935815125338,0.77407953219043,0.820650146890735
FBXO22,2.08242235196101,-0.548251846754708,0.618677686784742,0.889761077242333,0.345542061908578,0.550439889612567
ETFA,5.42107267585705,-0.0951325061983576,0.362459358006309,0.616950296378846,0.432182837657724,0.618920356620353
SCAPER,1.72220873809794,-0.261629265270627,0.617366654330456,0.195136039304245,0.658675876781171,0.755590747456948
RCN2,2.95730493519633,-1.88033687686316,0.556397382614743,12.4274072881242,0.000423078839592051,0.00334532532776786
PSTPIP1,0.304930666502753,-1.77081918281078,1.66313251106799,1.84801012971118,0.174015005523071,NA
TSPAN3,1.84533754516966,-1.8816044748686,0.667684583401067,8.48814295084411,0.00357468497569986,0.0203206581921046
IDH3A,2.27718874447278,-0.622575418762342,0.685568955078189,0.819492393956708,0.365328619703802,0.565963116615513
DNAJA4,1.12995363661041,1.76518069236244,0.809283925252009,5.11775321802224,0.0236822598308836,0.0903079578367484
WDR61,3.60194128570714,-0.337863807856526,0.478953453614034,0.509257619229018,0.475460403737583,0.648860463021856
IREB2,2.17793196620295,-0.0936989157860759,0.574263786353257,0.0617533085442474,0.803745922365148,0.840568507107853
PSMA4,133.904500833183,1.79159069139946,0.132637681987847,180.291562330972,4.18562880131097e-41,5.34365276967367e-39
MORF4L1,22.7763187991666,-0.575978382191808,0.225925513656518,6.50795478968661,0.0107392956387621,0.0495187386563838
CTSH,23.3046863141755,-0.862187251750306,0.290234199966364,8.76902825911594,0.00306388639641238,0.0178984707695091
TMED3,1.70977425317488,-1.37202759564608,0.719437593030088,3.69119398245968,0.054700445942372,0.166768324743709
MTHFS,11.5045264071556,-0.798241160485481,0.29985916992247,7.1887070044326,0.00733638269909456,0.036520860454258
ST20,0.771317106225534,-0.741297971890328,0.888907636724097,1.24742136560559,0.264045554549762,0.476416804270237
BCL2A1,26.6186864860924,0.127736216853092,0.353624543131532,0.1491379580103,0.699360521272581,0.776623834351974
ZFAND6,21.9879535586256,-0.117709745259856,0.232979946179643,0.255808657961495,0.613014397320568,0.729710999763101
FAH,0.999718537808917,-0.344407883073192,0.959774703714646,0.110775864635883,0.739262548127082,0.798413975136193
MESDC2,11.4697517582936,0.818540756774662,0.268770382839884,9.46499181383756,0.00209430368168483,0.0132172520306793
MESDC1,6.20931506335271,0.277793925680184,0.355249774770592,0.623998175296407,0.429565407780592,0.616431585294152
IL16,2.78607838089475,-1.34388660150967,0.568743771437864,5.79481554753686,0.016073501126691,0.0665529830434882
RP11-752G15.6,0.563627106592935,0.0890073109754859,1.10825684795336,0.0140652637734107,0.905594590910125,NA
WHAMM,2.86478189836889,-0.433620121390347,0.50192630671569,0.819392186236279,0.365357936224707,0.565963116615513
C15orf40,3.14589915366344,0.456085487513932,0.501526593675377,0.98828971485068,0.320160742672143,0.527986623755249
BTBD1,2.25564455388849,-0.682027846746299,0.577058688279179,1.62144475314101,0.202890455006631,0.403018706087726
TM6SF1,2.02190139396995,-1.2798822508638,0.577376809718097,5.47049050238815,0.0193401968188393,0.0771593268918275
WDR73,1.03931225483563,0.184321428997581,0.847335233593224,0.0766980031394979,0.781823073018318,0.826178960416667
NMB,1.93336369953399,-2.77457012771872,0.89611263157267,10.238549179343,0.00137535720766059,0.00922121331350559
SEC11A,34.5627636288147,-0.716607658315553,0.16137663663629,19.8888753350081,8.20765471418865e-06,9.63534637711649e-05
AKAP13,18.5573348201837,-0.0352791660775896,0.252606401157095,0.0854288764187601,0.770070877737617,0.817503178835824
MRPL46,2.28646650686692,-0.576487687056515,0.52645794257147,1.60323217326034,0.205445765468708,0.405936886623164
MRPS11,5.07684865218026,-0.386626385745656,0.406102644726334,0.91085456708187,0.339887778570984,0.546121509315652
AEN,0.523832438894452,0.332825397398221,1.12391824834841,0.213777018598563,0.643822985982362,NA
ISG20,703.653839871408,4.33584142946992,0.201127695197332,376.636682708141,6.71764008480296e-84,8.23313968793451e-81
HAPLN3,3.8474899071691,4.60672715564147,0.767341987583409,50.1644620561633,1.41385280008392e-12,4.08683488628032e-11
POLG,1.16328660959813,-0.675580484337721,0.7690643379892,0.837086456808358,0.360231377284065,0.562133404633754
ANPEP,10.2990037538663,-0.523484610161944,0.324552388705068,2.73261985719708,0.0983178840285676,0.248873511309853
IDH2,35.857312114806,0.95741449159718,0.250732035215904,14.3490564803961,0.000151855777030731,0.00135545830898692
CIB1,48.7226399212623,-0.559690612847431,0.167913270601395,11.149165706674,0.000840694737633371,0.00607520914176568
IQGAP1,9.7223924685013,0.0996324851609946,0.278463783625016,0.128579057553424,0.719909893833139,0.787642810070056
CRTC3,2.23716068152806,-1.18899275711805,0.60673991040614,3.9476283933905,0.0469374744768275,0.15027839268234
FURIN,1.52116168806356,-2.32895123187498,0.772792330835221,10.2429703757665,0.0013720646668724,0.00920921388674047
FES,1.13820656923523,-0.787401509408841,0.873299510985084,1.15974474622604,0.281518484103467,0.492491189132339
UNC45A,1.70531758505718,-0.15515318819237,0.673327102079601,0.0708954343671166,0.790037463060492,0.831704101294399
HDDC3,1.49210185878993,-1.34969566825352,0.795483828963134,3.13590075648937,0.0765860698802479,0.211309966783503
SLCO3A1,3.07336304813948,-0.4812678169024,0.500876631852013,1.09697181432446,0.294931626215381,0.505618829477472
CHD2,11.2406408023885,-0.0241650390469425,0.302093476062625,0.239068036909302,0.624880039304414,0.736552080347643
LRRC28,1.17963384370055,-0.852481285323854,0.836280167911014,1.2359247371249,0.266257904283879,0.478408010502435
MEF2A,6.26829978242122,1.56724530219681,0.413127066685017,15.0958291912657,0.000102188817195778,0.000957512342164717
LINS,1.72849324793833,-0.1950010565333,0.663942962438338,0.108302055480451,0.742085564026213,0.800037014835064
VIMP,23.8130023750958,-0.0949090013513724,0.229154258880957,0.495199863380464,0.481616888141984,0.652986537197565
SNRPA1,3.10061176171531,-1.1960774381236,0.49058854927796,6.23368698034216,0.0125342493180656,0.0555944748444821
TM2D3,12.4731519577773,0.430645094359597,0.252191176924514,2.93292512999197,0.0867901108590285,0.229957223105288
TARSL2,1.11613476000117,0.20323699884454,0.877901026636727,0.113395725350614,0.736310782581283,0.796348830860943
POLR3K,3.6153627327642,-0.484296779104049,0.497193656232203,1.12791155149623,0.288221247478408,0.499176601056844
SNRNP25,1.44281113721642,-1.90721554540861,0.772678890920897,6.45894260083402,0.0110395318866018,0.0505517700343996
MPG,4.23688698009463,0.158611714654147,0.394213580744671,0.161927662115623,0.687387930919657,0.770385542690911
NPRL3,0.868615732031276,-0.877660151479336,1.01505485810491,0.937192399507879,0.333000932126959,0.540134915848068
HBM,0.126063396252677,0.438548621195398,2.59524258996393,-0.219985561854486,1,NA
HBA2,65.789441787213,0.287235605002114,1.58689793415247,0.0327813586473553,0.856323439626648,0.875759352141538
HBA1,19.4680622357081,-2.32854310687001,1.62853602268166,1.86607794617771,0.171924953974195,0.362420405212889
LUC7L,2.72565893362782,-0.0314033128300598,0.533482056889861,0.0715524639774685,0.789089662173885,0.830991828458767
MRPL28,12.0116574222599,-0.240733810807909,0.25814816657236,0.875858233249758,0.349338590882643,0.553593712161582
NME4,0.236887020092135,-0.3384241210562,1.47760081182467,0.0564452363218919,0.812205264424887,NA
C16orf13,3.94842743082167,-1.50656329017069,0.536565551034396,8.02122481114816,0.0046232293589277,0.0252280939550391
FAM195A,1.90359441364042,-1.58775870087434,0.695129532143221,5.30319195853061,0.0212863819007641,0.0835102101714997
RHOT2,1.62313799789787,-0.178140526586771,0.613054166469879,0.484366164632846,0.486451251289825,0.656457447237183
STUB1,10.7864124535905,-0.492149483413359,0.269061780565094,3.34423172540465,0.0674409546920345,0.193468869560551
JMJD8,0.076839405226342,0.247687481635842,2.40050232347646,-0.54591234909045,1,NA
FAM173A,1.92391112411343,-0.588614980952281,0.60189611778384,1.08263466165515,0.298108911035128,0.508176799031207
RPUSD1,0.908271488594671,-1.19586175443734,0.833191974463315,2.21787916516826,0.136420346631223,0.31181793515708
UBE2I,25.0436373832418,-0.526556153708466,0.177927455229034,8.945465444474,0.00278159210311881,0.0165813194629495
TSR3,2.0393987975556,-1.0577566416984,0.635725207550132,2.81220529538692,0.09354969444299,0.241666944886668
GNPTG,3.33225933952139,-0.503447656890924,0.451275468631998,1.26056053159708,0.261545016277011,0.473600182096933
UNKL,1.25336518206321,1.13330764684064,1.00387989073591,1.39998857462535,0.236725483626921,0.444304368657205
C16orf91,2.3298607487282,-0.769090716764123,0.544761715515018,2.12062621932972,0.14532711267588,0.324566976300712
CLCN7,1.45051427339203,-1.02337607089305,0.700630852188861,2.22620945848402,0.135686367017942,0.310603682138942
TMEM204,0.386834942308619,-1.71395616491944,1.62772648647355,2.19190978848494,0.138737200464911,NA
HN1L,1.1930538703916,-1.82744766129718,0.912159945300851,4.54107337149773,0.033090836064631,0.116741878758813
NME3,2.12958200735928,-1.27218150389388,0.594028663724717,4.92051512694322,0.0265396028601141,0.0986341358622743
MRPS34,4.74402487038574,-1.47216450390576,0.431701942755612,12.0866757673389,0.00050783436895726,0.003924349322787
SPSB3,6.26986780939777,-0.741358723791421,0.369871448470542,4.49582427643661,0.033977729229914,0.118980299840522
NUBP2,2.3452647382526,-0.775728647169615,0.548146744580938,2.18036764804275,0.139781067309183,0.31654781244297
HAGH,6.3244264856146,-1.31060980040916,0.384509043123448,12.2284980330693,0.000470650708186797,0.00366939890555814
FAHD1,1.09868628618934,-0.831290854938838,0.834514286347661,1.13744919408992,0.286191971544592,0.497104422229383
MSRB1,10.5839402779766,0.313635887679044,0.28964672920145,1.50749682133974,0.219521446897668,0.42396073954898
NDUFB10,12.981678112316,-1.03333319122051,0.278565467111216,13.9312289077547,0.000189621714925506,0.00165912833591909
RPS2,698.079156161812,-0.396737352063699,0.119115224286916,11.0597004450236,0.000882243961266466,0.00633066861199169
SNHG9,0.839564141907945,-0.610640999216555,0.965010339035335,0.444065202599859,0.505166853187431,0.666881188352559
TBL3,1.26271157921299,-1.38160387515157,0.779611926596174,3.48373548544004,0.0619746929456163,0.182938785342359
GFER,3.12582418043993,-1.25416170338723,0.470849974922118,7.4575514545061,0.00631708748125321,0.0325303462900166
SLC9A3R2,0.27279672521622,-1.18346960635867,1.74703709832083,0.649096673437906,0.420435827586955,NA
NTHL1,0.102838862372459,-1.11524770703181,2.204062353425,-0.0621349761581804,1,NA
MLST8,0.406709939250526,-1.99586481322294,1.30877917769419,3.18737793748685,0.0742089528363784,NA
PGP,1.56144574093335,-2.28115631372745,0.75693001558238,10.2099481353386,0.00139685101711171,0.00934487230661632
RNPS1,16.4083155840407,-0.167795029781983,0.250609998352648,0.619898734980495,0.431084919157426,0.617938803414435
AMDHD2,1.22900199518769,-0.36301730232194,0.781122934874036,0.216830225966461,0.641465813974906,0.744407885031841
PDPK1,1.53144919163827,-0.228541030368789,0.646513277676434,0.188541282251251,0.664133478667568,0.758443898113093
KCTD5,2.98476486960596,-0.168942427872298,0.505683361941259,0.24577909745134,0.620062952400708,0.733541654886397
SRRM2,8.73699411453611,-0.807642662940812,0.292638097726311,7.72323082304715,0.00545147531738943,0.0288485671372733
TCEB2,37.3997229272697,-0.535420665210174,0.170796491943162,9.86951585940452,0.00168039720163967,0.010931501116399
FLYWCH2,2.27703698063562,-1.51122109986075,0.58060407471295,7.52409870383583,0.00608790057474986,0.0315623136396507
TNFRSF12A,1.08335926310416,-1.93630425822488,0.961947829867923,4.38968477093937,0.0361569976834171,0.123861797399213
HCFC1R1,1.31280840111778,-1.03034093396808,0.81483142918691,1.91671734701693,0.166218990082518,0.355033102553388
THOC6,1.72452611185388,-1.20106917025033,0.70372129642618,3.17181427287366,0.0749191804273784,0.207618111874282
IL32,2.6088071024553,0.696666512557731,0.818474690161107,0.734526862899401,0.391419779850429,0.585465445149645
ZNF200,0.833316974397218,0.282618299969303,0.862006615797027,0.293516237373602,0.587976003880852,0.714929369459005
MEFV,3.00380136234774,2.16152598852041,0.612608141209712,13.7577439466355,0.000207961717389215,0.00179998503412586
ZNF263,1.1117618211771,0.00634653372121314,0.861484586068192,0.059311163987374,0.807588004794743,0.842365837171436
ZNF75A,2.2154169744103,-0.0992650036099983,0.527153146782713,0.035659527533717,0.850220333125407,0.871845749898343
CLUAP1,0.685725534761474,-1.87250643171848,1.1447261217894,3.24143771704649,0.0717976078831217,NA
TRAP1,0.439054925331604,-1.48676203006919,1.26940465211546,1.65288872218991,0.198566216165865,NA
CREBBP,2.70688120944956,0.272989070431107,0.492459821086792,0.665782889859884,0.414525758631065,0.604399342006616
CORO7,1.66288382671176,-0.478414060626336,0.663803863721053,0.765464811860255,0.381623716001323,0.577691238796866
DNAJA3,0.0835526570861267,-0.94058871764992,2.7760057658499,-0.32740825686923,1,NA
NMRAL1,0.561821173286856,-0.0494421823223425,1.01442421127559,0.568206842616846,0.450972350441682,NA
HMOX2,2.22825831863615,-1.60782954504434,0.62333918153904,7.39415287167979,0.00654362348088688,0.0332774478762446
CDIP1,2.83748438682576,0.369861187128442,0.557297448914,0.52012764725967,0.470787236387137,0.645997352059251
UBALD1,3.76766914750999,-0.81934549449424,0.455467135664242,3.25597187841343,0.0711637389735855,0.200317589540713
NUDT16L1,3.03347267552458,-1.63625043924421,0.561802189880085,8.98118795898913,0.00272773250758654,0.0163237742250882
ANKS3,0.321235417903317,-1.35507569418063,1.48648738101527,1.24709292883863,0.264108439306829,NA
ROGDI,2.36325194157355,0.218420142479278,0.576308093872731,0.143958067059295,0.704377438726547,0.780264812819284
GLYR1,2.23825006221832,0.508254059775339,0.523656795012111,1.00800035291058,0.315382369586523,0.522906699357742
UBN1,2.40639733183507,-0.904108415705427,0.549959342687725,3.16625017303828,0.0751748595802233,0.208166082018802
NAGPA,0.499222291027431,-0.486405413207113,1.23281951844178,0.51522690192602,0.472884882412701,NA
FAM86A,0.55929312323289,-0.46921901335445,1.00128173632507,0.22475488748303,0.635440572987255,NA
TMEM186,0.954405427374555,-1.82689762638417,0.873592751048483,5.09501166618939,0.0239947527349637,0.0910064550811797
CARHSP1,5.21171981162442,-1.20453791495661,0.393329752655264,9.66387734449906,0.00187926566961088,0.0119959791910161
ATF7IP2,0.66719952053789,-0.706249398160227,0.960760393552661,0.662262769097232,0.415762235522214,NA
NUBP1,5.16995940209614,0.0189799094514131,0.356379110280527,0.00902171269299856,0.924328570723389,0.930369506791083
TVP23A,0.277316667775188,1.82106817726944,2.1344518391972,1.17205494343063,0.278979406972624,NA
DEXI,0.212204104841842,-1.07730133729532,1.60731038381704,0.547793518328643,0.4592206654634,NA
RMI2,1.81045333350368,1.7948570041018,0.690306489834726,8.2230014017783,0.0041362733024666,0.0229593141281841
SOCS1,41.9350918407078,4.28230942937821,0.277944270641516,322.137975148737,4.95688373844049e-72,4.33939764988047e-69
LITAF,27.2120483826602,0.193575493908788,0.249096249807895,0.685425808273067,0.407724604353002,0.598451826461125
SNN,11.9130263284136,1.58414891688582,0.329359862301629,23.577782936975,1.19964670774526e-06,1.61570000550834e-05
TXNDC11,3.29502077592219,0.620796252261285,0.544555835976473,1.46636725171918,0.22591973532535,0.431019968267045
ZC3H7A,3.49188181909985,-0.289299470693427,0.429964634308864,0.45896077909601,0.498110055295532,0.662362146716028
RSL1D1,11.1099460791996,-0.923290601650992,0.321612416511082,8.25090206621977,0.00407317545546613,0.0226706804642111
GSPT1,4.79263761700687,-0.549706634652386,0.438532311476605,2.02707584671002,0.154517655802732,0.337931547023247
SNX29,0.803470924957496,-1.46410608771237,0.966649030285151,2.45011890318554,0.117515966014555,0.282559585620574
CPPED1,2.86937536809502,-0.116093125660578,0.488239427882517,0.134057473532636,0.714261656569024,0.785126213704669
ERCC4,0.76651886156885,-0.757785130473773,0.879121604454352,1.32874376023949,0.249028827129656,0.459653208629679
BFAR,3.60830182398663,-0.141011881735116,0.474751081119854,0.100981023606593,0.750655528493427,0.804918658732165
PDXDC1,0.607503557303414,-1.18414062822268,1.09882094324468,1.52511259574273,0.216847441575872,NA
NTAN1,8.27808279119612,0.299513084909342,0.334275708149153,0.820713981645312,0.364971497073381,0.565963116615513
RRN3,0.9787487034799,0.494518005985452,0.869774695224143,0.352591434506031,0.552649834958341,0.695780217578038
KIAA0430,1.39085308238614,-0.919866920926331,0.703165388973903,1.78879514420089,0.181073031541845,0.37413343157329
NDE1,0.590837448669471,-0.168316252492092,1.09968566442957,0.0545703739888168,0.815293177947663,NA
FOPNL,1.0042881986625,-0.568445674323703,0.768308033833182,0.759200529647913,0.383578830687686,0.57876567558228
RPS15A,186.538364084282,-0.17275053803551,0.0997695001196009,3.0067912433739,0.0829162800485032,0.223247348039204
ARL6IP1,22.921845010286,0.384849976285988,0.213621343422717,3.28821124019845,0.0697790028644513,0.19769104463863
SMG1,1.7208260800252,-0.436209108730022,0.607900047617686,0.875524007034151,0.349430555590891,0.553596288692084
COQ7,0.827080948886222,0.235708207815291,0.929037666695197,0.476929763333644,0.48981630880133,0.65817166454107
GDE1,1.91756055932574,-1.15451498115068,0.784042044745037,2.2544140271128,0.133233879821188,0.306860005068889
CCP110,1.08807064550763,1.20689357657817,0.800458764806452,2.45110699221282,0.117442018266919,0.282559585620574
C16orf62,2.47979349104175,1.29401593704884,0.58178392931836,5.09899517945198,0.0239397076243863,0.0910064550811797
KNOP1,0.738403313249328,-1.2124677651443,1.00671374663592,1.68432075634104,0.194351313553271,0.392287499820304
THUMPD1,3.19672361474605,0.0984595176274812,0.458114073872797,0.131707187366061,0.71666849428064,0.785643029150584
LYRM1,4.90961594655065,-0.11887556049215,0.400853061150714,0.257849138171565,0.611601691143123,0.728453870422752
METTL9,26.4657487193668,-0.104615899959332,0.179367669480986,0.487070084836901,0.4852371916516,0.655540897363538
IGSF6,108.977353643654,1.40700629074383,0.184516859763374,57.2505160382889,3.83688420765486e-14,1.35909979332422e-12
UQCRC2,11.72301016452,-0.306456158190641,0.248773130921647,1.55179449294099,0.21287072054058,0.4162322193595
POLR3E,0.307557279409268,-0.494196024052601,1.41138606104082,0.0945973736631593,0.758411940059448,NA
GGA2,4.31641425019506,-0.421528891367454,0.390940155968362,1.3508003362722,0.245138249676123,0.454250739043024
UBFD1,1.78388349177704,0.786267085370733,0.723101399972011,1.6525758027236,0.198608712859781,0.398195440666815
NDUFAB1,9.79125356406924,-1.41701999266944,0.303852941230596,22.6005600667374,1.99426462354216e-06,2.60018161980135e-05
DCTN5,1.66905629052338,0.0385239347553444,0.653598450761298,0.158006541094942,0.690998516585343,0.772272144002127
RBBP6,4.98419468473249,0.763657209969517,0.406892139351245,3.62363461039133,0.0569642964130639,0.171978393926586
TNRC6A,1.33044389220053,0.11285724554528,0.756912631681324,0.0343941826779499,0.852870849832445,0.873832564416189
ARHGAP17,2.23031527553131,0.530958476349133,0.660437970081918,0.653042355056996,0.419027053804057,0.608050624132432
LCMT1,2.72224124735899,-0.19623453977445,0.499645872677758,0.359901480675276,0.548560955696591,0.693596539995577
NSMCE1,5.2702552913239,-1.29154273590786,0.443287101998359,8.75185216178214,0.00309287770800299,0.0179821201087688
IL4R,2.96437666853785,-2.87343653171958,0.737221793225084,16.9027740840065,3.93440415170634e-05,0.000406577211495049
IL21R,1.18537997650334,-0.961413398542032,0.850375260576898,1.36766711102092,0.242213111014266,0.451055985652427
GTF3C1,0.564997486380556,-0.592182007020245,1.17884856060751,0.39637379291355,0.528967948423794,NA
XPO6,0.942120269482055,0.112602722421806,0.817456727833218,0.0853725494520603,0.770144557999219,0.817503178835824
CLN3_ENSG00000188603,4.486395810837,0.182074316970909,0.385903343165393,0.350303705757881,0.553941259948996,0.696612951338328
APOBR,4.28211012876882,0.94013882257292,0.438529560311419,4.67841608530139,0.0305438984620584,0.109907815487665
IL27,14.754838539831,6.61503285440594,0.710047531842997,217.376674737119,3.37763726738649e-49,6.46817536704513e-47
NUPR1,4.69370494797123,5.62889306273198,0.918030218025019,39.6167486681627,3.09021661280834e-10,6.91125817638302e-09
CCDC101,1.57733684931933,0.245057894344877,0.631046668205463,0.368016530585365,0.544087418892923,0.690634227832471
ATXN2L,2.23297560352163,-0.197972130857532,0.649000741843243,0.146192491835748,0.702200832069375,0.778698280658909
TUFM,13.6178754302717,-1.11099910246372,0.250639348287011,20.0796823575998,7.42816287098368e-06,8.78760271687027e-05
RABEP2,0.697447177311257,-0.238662007143788,1.02370303835099,0.108649137235446,0.741687346105415,NA
CD19,0.41098052147726,-0.177776450907698,1.49213746903901,0.000931195453034661,0.975655935678667,NA
NFATC2IP,3.14982434703694,0.404078778003053,0.483393310251625,0.945776879187335,0.330796591010113,0.538168093758662
SPNS1,7.75150518194924,-0.773896005026781,0.310882971650627,6.36707612729809,0.0116256994129411,0.0524611826233454
LAT,2.62805354202267,-0.28225829821692,0.674758726919497,0.187285240346682,0.665185758683801,0.758797157336994
RP11-426C22.5,0.953688422108609,-0.431248908554726,0.93129206010596,0.221720816328023,0.637731859233326,0.742687349559449
SPN,8.30953288308515,0.352843511069635,0.298706016696231,1.39300046412517,0.237899045946804,0.445551758423598
KIF22,3.58110390220699,-1.92787378126433,0.531354483488033,14.4197836021,0.000146257700237434,0.00131417476107771
MAZ,1.46384130091484,-1.94848829987031,0.869007434511813,5.29774112998291,0.021353098523296,0.083718354287113
MVP,22.1555304829654,0.653047547351173,0.215683456684666,9.19855124402036,0.00242206742906064,0.0148926468379853
CDIPT,3.81203963831325,-0.838136842513445,0.435440954458856,3.72688736755033,0.0535430840343884,0.164220229711077
TMEM219,26.2037534483631,0.661325997300706,0.187598850693225,12.4794754536236,0.000411447715487404,0.00327023553891934
HIRIP3,0.308373207672219,0.280556626110726,1.28832887141856,0.113463351031374,0.736235094459579,NA
INO80E,1.42875738335572,-1.57815936443275,0.761936257357406,4.3791516325544,0.0363811010410031,0.124271676242624
ALDOA,56.5650898754524,-0.759902742519304,0.154362271981243,24.2317472712471,8.54126964818033e-07,1.17620000907975e-05
PPP4C,64.8484578760439,-0.143852521885711,0.149071878708292,0.984922981051625,0.320986416196505,0.528413859652043
YPEL3,3.72071633262339,-2.14111186852102,0.495363153060978,21.1969972003233,4.14413279507496e-06,5.07904915364387e-05
CORO1A,39.6100983295122,-1.42610478592106,0.209296657943289,46.4824688346706,9.24418193663308e-12,2.40035368252913e-10
CD2BP2,14.7945066758775,0.0191124947384288,0.232192921682953,0.110170014710278,0.739950659467392,0.798875553420751
SEPT1_ENSG00000180096,0.911850684762029,0.0408463389998665,0.917246191783916,0.0352081178473682,0.851160229197617,0.87266352426351
DCTPP1,2.44856135686936,-1.76426573099673,0.724107269281431,6.27249891432933,0.0122626081783637,0.0546908754854532
SEPHS2,4.39891334877266,-0.884945331440998,0.391426949456133,5.23151183542632,0.0221812443675156,0.0861525279123776
ITGAL,1.94936816123551,-0.765009079232129,0.664860545368646,1.80374122217999,0.179260856618905,0.371579733828978
AC002310.12,0.262564065837042,-1.09480138784995,1.40993552397245,0.589019266283028,0.442798613129661,NA
ZNF688,5.17817649327156,-0.25699840761279,0.40356275433869,0.727911915195278,0.393560856469117,0.586932534198724
ZNF689,0.876282565058354,-1.69102146716924,1.02089904073554,3.33671092776756,0.0677499105547379,0.193960227927408
PRR14,3.65769898093725,0.306384198533272,0.451637487224788,0.475276165686893,0.490569846963239,0.65850313247735
FBRS,1.82248114999032,0.0176827615945459,0.603863731139,0.046181715457891,0.829845819200975,0.85798805130143
SRCAP,0.929414526146864,-0.648291340141707,0.801126559778088,0.921758552192564,0.337013657157893,0.543765058205257
PHKG2,2.94534378728306,-1.44752068260839,0.597467156879633,6.23318711121978,0.0125377878973685,0.0555944748444821
BCL7C,0.93990195045844,-1.09222720659407,0.847524394623416,2.21158633377117,0.136977754175492,0.312276665769129
ORAI3,4.74180822750776,-1.75397125441784,0.440435723701421,16.8741166792414,3.99425591676891e-05,0.000412067344410099
STX4,9.69956843229698,0.514435658504078,0.292335379541452,3.15438959871646,0.0757230062118355,0.209400082159805
ZNF668_ENSG00000167394,0.634134666896044,0.0909907155901623,0.976328641977649,0.40142900903404,0.526352178459991,NA
VKORC1,5.60972498835821,-0.849186718450684,0.376020422815748,5.1889194809781,0.0227313450364056,0.0874985442104857
BCKDK,8.04171647242747,-0.929092945349567,0.330529531359799,8.04680412136608,0.00455839990710257,0.0249855765927769
KAT8,1.93956744931662,-0.303264322076697,0.599176040812508,0.260047249765933,0.610087695440625,0.72764059899964
FUS,11.6516858546404,-0.13012444507154,0.267690023646443,0.423259869334515,0.51531489859973,0.673459095461536
PYCARD,23.7992818084378,-0.195492805080927,0.276169105874606,0.500716663683448,0.479185395548283,0.651866713919912
ITGAX,3.01678085068746,-0.0711518056632329,0.562221984817018,0.329424102526914,0.565998394291613,0.703251857303123
AHSP,0.363503413449409,-0.0609498156548103,3.02015195176742,-0.0459558655322461,1,NA
ZNF720,1.49239655968374,0.158525525278976,0.712939732250406,0.526305598608573,0.468164217233629,0.643698190149859
ZNF267,8.42013018878384,0.505889764192463,0.311101055664761,2.65288434300099,0.103362196890231,0.258927010306668
VPS35,15.3361856721837,-0.675790036760786,0.281178372753651,5.80668787630637,0.0159653359344032,0.0663742052958091
C16orf87,2.52855022358324,-0.0946256995122671,0.560614316244211,0.0307418430135016,0.860817575053371,0.879181683321176
DNAJA2,6.92978663458555,0.0530598234897797,0.364666138173075,0.0245570958914954,0.875475739760804,0.891181949045549
ITFG1,4.95605468251671,-0.465253287973459,0.429309723937477,1.23964477459339,0.265539525402202,0.47817402634872
PHKB,2.52413502821553,-0.23852046609414,0.505758515634927,0.560748446800865,0.453958839097836,0.633825419455808
LONP2,1.50837676925288,-0.360337752119847,0.739981608848461,0.433813059983933,0.510123844752156,0.66994858901164
SIAH1,1.25343736200754,-0.27366338513203,0.732450420758809,0.140623707684853,0.707661748135165,0.78210225211496
N4BP1,5.65671731222269,1.19153178366358,0.400051684551554,8.97064659046762,0.00274351489150471,0.0163862175976032
PAPD5,0.315635027507496,0.124028707551784,1.29919562854697,0.172816612791227,0.677620630828074,NA
ADCY7,3.37279926347623,0.729312782000811,0.458223257626425,2.98040721113042,0.0842780661595,0.225625159207259
BRD7,3.87647717213052,0.320368132450552,0.450894319535674,0.604526042591488,0.436856327916109,0.622070028763974
SNX20,16.570229668725,0.445992432446051,0.219745578902299,4.17632778354073,0.0409924304229806,0.13600520499839
RP11-327F22.2,2.08205640065251,0.727106440944957,0.601276122734145,1.70204194184996,0.192021152029226,0.390395808400566
CYLD,13.1904517689947,0.635979101526805,0.29287123266807,4.77940479881336,0.0288020741599611,0.10480944801202
CHD9,3.35017226088228,0.287526388366067,0.493735376258522,0.339907160744502,0.559882815392916,0.699775534617282
RBL2,2.37874136343726,-1.69092891189597,0.71937980498181,6.01874883493099,0.0141546780506513,0.0607347000385391
AKTIP,0.411947272058597,-0.329289620796114,1.13754816498043,0.0240637256895688,0.876722875072201,NA
LPCAT2,7.39514502416304,0.740750799763925,0.447506985786887,2.80527176637496,0.093954922380745,0.242115487709544
NUDT21,4.01944025177292,-0.81399863800928,0.41328111262193,4.50801784980594,0.0337363146712958,0.118473430547679
OGFOD1,0.667827425038511,0.0115420915768656,0.972951878095924,0.00265176914813736,0.958930821981576,NA
MT2A,187.745767195854,3.22203791933258,0.283519589529321,114.111023604422,1.23212966765253e-26,9.68011615817267e-25
MT1F,0.447401226017767,0.823013166009543,1.14931050780035,0.577766152766579,0.447189252185828,NA
MT1X,0.430316378359208,-0.753394756654123,1.51765533495103,0.218242123290207,0.640382608813431,NA
NUP93,2.6786666915957,-0.735381681854755,0.529021945887223,1.94532333967941,0.163091698046192,0.350675763377917
HERPUD1,40.8339590082888,0.196473605179212,0.186889943159794,1.1785398355694,0.277653456572202,0.488494632864161
NLRC5,2.31873917430285,0.519356819819997,0.563961147921596,1.13014244544829,0.28774495705876,0.498812191472724
CPNE2,0.135205493923497,-1.31507423501258,2.44885010399551,0.14102651028705,0.707262647311881,NA
FAM192A,8.03917100712128,0.0754941897436792,0.322357964292734,0.411545938197833,0.521185889338837,0.67651496078551
RSPRY1,2.75891159231839,-0.106301813797372,0.522507235927319,0.0686282356913779,0.793344637729436,0.834167156605094
ARL2BP,3.34328294488411,-1.0117020480777,0.479239092244011,4.69888766423313,0.0301821451159714,0.108925904164118
CCL22,1.87484448478742,3.42200108074477,1.67297162848912,4.31985474022721,0.0376701377906778,0.12824589132293
CIAPIN1,2.97048540635559,-0.591988357309562,0.526882701846433,1.24770864121918,0.263990566041489,0.476416804270237
COQ9,1.40257460909953,-1.22190032775991,0.768098119921116,2.84166223335976,0.0918491532421454,0.239171342839095
POLR2C,4.1026067610023,-0.420767181793962,0.406358626761481,1.70124398158843,0.192125371783285,0.390395808400566
GPR97,0.938745054782902,-2.67377946003506,1.1662170919366,6.02058383474576,0.0141399682777998,0.0607216016863051
KATNB1_ENSG00000140854,0.476219925346663,0.0441173150615834,1.10445589751285,0.627708646466324,0.428197045127145,NA
KIFC3_ENSG00000140859,1.11626856222538,-2.92739463880178,0.913740459570171,11.8929785677789,0.000563459445968315,0.00428396958423552
USB1,7.55821399461948,-0.714110926089448,0.320386463697818,5.09677836078485,0.0239703239543528,0.0910064550811797
C16orf80,1.6601618171068,-1.25504760563245,0.712093085781953,3.44311096297241,0.0635159901818047,0.185965593805112
CNOT1,2.27848101528756,0.107034453414053,0.546678422242083,0.0386128569528807,0.844217623972772,0.867577662201098
GOT2,0.256009744761955,0.651099378073489,1.79814686809864,0.15640963224309,0.692483826258581,NA
CKLF,12.7160284750574,-0.801248156998423,0.288829762135157,7.70550509253157,0.00550526663435401,0.0290579448193983
CMTM3,6.60673837914798,-1.11780976094372,0.353008446401246,10.6495290933086,0.00110098935021857,0.00770189810289884
DYNC1LI2,3.9570552808799,0.601392920938749,0.436929788552158,1.90939699612134,0.167030256686369,0.356021361034459
NAE1,1.85528985091646,-0.801052447848552,0.632931826176057,1.60952867528454,0.204558068481904,0.404756810996805
FAM96B,28.8491194520604,-0.07026853374708,0.18017045632954,0.260087604306079,0.610059975865824,0.72764059899964
CES2,0.734172895122648,-0.559641306587317,0.974332974949165,0.34789576157727,0.555306712145707,0.697261948312316
CBFB,2.24622772959582,0.0208474641121998,0.543966527629556,0.0021303012302738,0.963186560465156,0.964445627864456
TRADD,17.8798196301786,1.3371382788492,0.227559883511217,35.9607375852152,2.0133380762613e-09,4.15411977485833e-08
EXOC3L1,5.53324639835373,2.86970804172428,0.479130964479876,45.5339240209689,1.50017910825266e-11,3.78316772649065e-10
E2F4,3.25952321723351,-0.595118683109127,0.503018607906019,1.5537708509942,0.212579623396288,0.415928458548038
TMEM208,17.2741751576014,-0.52096234806389,0.221754125349904,6.07936919701471,0.013676959958293,0.0591060723726515
FHOD1,2.23143969893162,-1.04327983061162,0.686638544320079,2.28836195002583,0.13034742468341,0.304207461618798
ATP6V0D1,24.8733918077222,-0.160201448917494,0.189326583099661,0.829418983226333,0.362440589868611,0.563428699826192
CTCF,1.76244527096897,0.301410542075379,0.658792822159962,0.219142717015139,0.639693902714754,0.743583022066937
ACD,2.93953590988331,0.585988389085761,0.524087842984084,1.38926253256692,0.238529679689376,0.446142823928318
PARD6A,0.344331709695431,-0.825326543984688,1.1248185524099,0.821816207039152,0.364649684217194,NA
CENPT,1.22475715740898,-1.50711596357641,0.822431057757801,3.54680643014655,0.0596601714815686,0.178166438030727
THAP11,0.73819278337107,-1.68121308445661,0.976719110075214,3.49624587365388,0.0615081107525804,0.181999856442208
NUTF2,7.22453168856314,-0.900497441953001,0.320911981853138,8.00223357618277,0.00467196844348654,0.0254477250240597
PSMB10,15.7604439024276,-0.204194358243829,0.256549772906365,0.791481433247142,0.373652548231938,0.572578848603481
DPEP2,6.74395943992303,-2.00807095847571,0.387152225216173,29.1318262160297,6.76170449211531e-08,1.11386357870115e-06
DDX28,1.3780164574097,-1.38616637426121,0.767691899538617,3.47522422964699,0.0622942789054791,0.183352229170402
NFATC3,0.677459121593943,-1.09212541181981,0.926114925819425,2.0736714164189,0.149860383584776,NA
SLC7A6,0.268299408659368,0.188173927504174,1.31515241756436,0.0104713866859143,0.918494907448949,NA
SLC7A6OS,2.28297984177685,0.329586704398213,0.542616777967646,0.438313606852496,0.507937530543284,0.668380791371238
PRMT7,0.289084408350263,0.156448012959195,1.28878977520069,-0.0599636731902073,1,NA
ZFP90,0.422566747104679,0.578616946317823,1.24897214204833,0.173219606244849,0.677266150651201,NA
CHTF8_ENSG00000168802,5.63818259940593,-0.106331926251048,0.368018696399746,0.0844314244563122,0.771379549534012,0.818388829561016
VPS4A,2.8039075971471,-0.437339862640326,0.490098923023307,0.910662857777496,0.339938604210221,0.546121509315652
NIP7,1.60886849575762,-0.0976406177111333,0.743797819485902,0.0656586423568726,0.797765968663124,0.836678051680236
CYB5B,4.03767128256398,-0.107918100240541,0.44715860959934,0.0891801128033478,0.765222071285527,0.814111259173213
NFAT5,2.03042641333145,-0.000750629922875518,0.633306181184883,0.102224510066513,0.749176291442512,0.804301386468065
NQO1,1.85182076493745,-1.67793468376003,0.8899248047551,3.61888986076858,0.0571269810176704,0.172280580549353
NOB1,1.18145726779316,-0.255929671220553,0.752217805235664,0.172844437271813,0.677596140351532,0.764606775683556
AARS,0.252314863654253,-1.02513057961186,1.44843932522764,0.82308971431577,0.364278352001521,NA
DDX19B,1.12024647723101,-0.216923159331924,0.746811193413009,0.263363629682097,0.607818656430082,0.726773214947033
DDX19A,0.321243830682925,0.860180562348782,1.43626655820381,0.58616128026091,0.443907378732411,NA
ST3GAL2,2.57476920893988,1.1906672518128,0.634395145322506,3.74930404185243,0.0528295037398249,0.16284667953604
SF3B3,0.70308228783927,0.0369151422210956,1.01591711062105,-0.000460969869806149,1,NA
CMTR2,2.42053335061248,-0.136562141383661,0.610615802860341,0.852405496150944,0.355872724119787,0.559750527054942
IST1,3.19061689404406,0.555987386417602,0.541727207330403,1.88481849732614,0.169787503222236,0.360020006832478
TXNL4B,2.8643224128986,0.417501636126498,0.491345619958435,0.942248664858347,0.331700212782482,0.539023840872726
PSMD7,20.5999644288149,-0.267318348275113,0.194546992099582,1.93678122344718,0.164018450429141,0.351804362698556
GLG1,2.6758183230371,-1.48746490358118,0.55791642689412,7.67157533055472,0.00560974598554114,0.0295330957039485
MLKL,5.16799229402044,2.62366990307843,0.494898002677166,34.1606608082799,5.07444779752899e-09,9.80953189377214e-08
WDR59,0.697927824829937,-1.36164285308829,1.05418547617018,2.33722958565841,0.126314020579233,NA
CFDP1,5.26698001582102,-0.522148946182279,0.396749801982191,1.8669045536485,0.171830026265861,0.362420405212889
TMEM170A,10.1040461342549,0.839890905285219,0.276469291974423,9.86053955333298,0.00168861575662441,0.0109476339710923
GABARAPL2,39.1978289423293,-0.178974400643747,0.157927196621425,1.29264646306072,0.255560813474285,0.467346065344798
KARS,13.8124694645922,1.11978902681578,0.2586314093982,19.3580506374679,1.08361439169812e-05,0.000125003418027206
TERF2IP,16.4698804852552,0.304115012685074,0.230500285764104,1.75576634226088,0.18515346191736,0.381076643214933
MON1B,1.40637725160908,-1.04838759761261,0.831867617521314,1.64898069797491,0.199097720333407,0.398195440666815
CMC2,11.4323978752928,1.1510128343329,0.285235064877349,16.766897685937,4.22641958739003e-05,0.000432377744628061
CENPN,1.09589240978922,0.258313448166777,0.773280410796679,0.259824579084949,0.610240696910863,0.727681453720523
CMIP,2.2043453208785,-1.34856268608346,0.659513835712655,4.50452869673621,0.0338052110832796,0.118579469672775
MPHOSPH6,4.94764000551275,-1.7183525015335,0.428887860370773,17.083355963588,3.57744575946576e-05,0.000372833122687179
HSBP1,61.2644329907216,0.380987116046141,0.136785405566378,8.02147531996192,0.00462258992554421,0.0252280939550391
MLYCD,0.644388882935253,-0.802867606810993,1.01748455235425,0.803833216174958,0.369949766387492,NA
OSGIN1,1.93753088568174,-0.989440033374207,0.690530154181066,2.18343164070966,0.139503104288897,0.316152005577796
MBTPS1,1.4352490515416,-1.48323740254499,0.738794241390086,4.22169323593914,0.0399103149346016,0.133793037643879
DNAAF1,6.05775661669419,4.34235310153475,0.709986072205795,47.8360020495696,4.63403863663589e-12,1.2565216267834e-10
COTL1,162.522578165769,-0.86950144829255,0.134798964457361,41.3898935139993,1.24700427958613e-10,2.83023786122363e-09
KLHL36,1.46048645481239,-0.744366649930264,0.709107151526518,1.30215328940713,0.253820274849994,0.465273898977195
USP10,3.17890516457338,-0.889609308526995,0.469056842633597,3.84520782993846,0.0498883385062731,0.156938264048481
ZDHHC7,1.48776642189697,-0.915259307890408,0.712842686973369,2.1637807367323,0.141296656588782,0.318919304447902
C16orf74,0.022234463984498,0.188771910975805,3.05638018485058,-1.11593092664981,1,NA
EMC8,3.97422567593675,-0.448031570169111,0.453330303043517,1.33272905478859,0.248320295840336,0.458759955655586
COX4I1,133.778250601154,-0.439778590715048,0.11097247226914,15.7387038091617,7.27208888555289e-05,0.000711874771416423
IRF8,17.5245450961716,1.66863837440682,0.329532695569689,26.0086246145321,3.39895539554647e-07,4.95923777712113e-06
MAP1LC3B,46.4063043238987,0.0115835640112272,0.161586286779333,0.0205946833899446,0.885888615715141,0.899163934160941
KLHDC4,0.568034999020278,-0.395479638737045,1.15995663281724,0.143340119639674,0.704982803878336,NA
SLC7A5,1.36253954175674,-1.88801718829873,0.953530323221371,4.31240661017169,0.0378354003845014,0.128665556912444
BANP,1.19193280290946,-0.914496647784334,0.745007896529006,1.82392511558822,0.176846769005794,0.368862151282336
ZC3H18,2.15733909001171,-1.16093469118199,0.636835074058941,3.75446600825463,0.0526666156960184,0.162671885577218
CYBA,318.99675883006,0.158594321750896,0.100336663294681,2.54062295007898,0.110951004148352,0.272873717642739
MVD,1.21727965417274,-0.934461099162665,0.806397562685071,1.36565412937215,0.242559970066298,0.451055985652427
SNAI3,0.0949841561736804,-1.08562640666019,2.72618949171021,-0.073229842621636,1,NA
RNF166,2.37442240355266,-1.16160729843073,0.55131808792596,4.64987078427847,0.0310558851170282,0.111422988288729
CTU2,0.15395900516091,-0.825566391368563,2.02893720513191,-0.0632824260883744,1,NA
APRT,9.21961318213246,-0.9370168310889,0.3116668971822,9.28555555206425,0.00230967862552102,0.0142822508750684
TRAPPC2L,3.73214060295718,-0.984330736060787,0.518578399835125,3.78776896878082,0.0516284208805187,0.16043557969362
ACSF3,1.18368930129381,-0.489468373953718,0.757302679264682,0.510791108551146,0.474796591656235,0.648585268316854
ANKRD11,2.52783462721061,-0.135887361898494,0.546198757040627,0.302217199904305,0.582495762834933,0.71228479827595
SPG7,0.95439535128309,-0.51302765163787,0.858196199448188,0.384504044040455,0.535202550774546,0.685048772616426
RPL13,513.901124695076,-0.271990027310666,0.116133223225477,5.47590034951645,0.0192804265114673,0.0769709795845417
CPNE7,0.0192862052863319,-0.426972875039814,3.05671984711709,-1.1316226384713,1,NA
CHMP1A,4.87321810771139,0.0694747812504423,0.375553549733087,0.0638701363426009,0.800480405478482,0.8385842554165
CDK10,0.446917657100213,-2.01243875105252,1.14024857828236,3.75682873658658,0.0525922362345165,NA
SPATA2L,1.93164194330045,-0.50978122580814,0.567704860292909,0.835566163019998,0.360667937179488,0.562396790134261
ZNF276,0.930225240294592,-0.199241152449967,0.839987997303615,0.0678715584155185,0.79446137555619,0.834640718225327
FANCA,0.597307868475421,1.17162169266817,1.02416749722423,1.6977420758652,0.192583529260048,NA
TCF25,11.0179188313448,-0.318377668632957,0.277240904729145,1.41438248255584,0.234330236430281,0.441838673490696
DEF8,2.55276293830147,-1.06646260292272,0.580332143432295,3.88853977210604,0.048616676089185,0.154204446725945
GLOD4,3.14459971857024,-2.25894554379718,0.584158597021983,16.7202590809531,4.33159658007982e-05,0.000440930628616763
RNMTL1,0.519202056747146,0.0671418039966004,0.988976541824587,0.494429441603124,0.481958057289514,NA
TIMM22,1.93132789404142,0.231158936344806,0.612250178630245,0.464479658212056,0.495537806911229,0.660944798593594
ABR,2.35761269374382,-1.06395242633248,0.606995509285981,3.46728923313274,0.0625938087745665,0.183880565757691
YWHAE,13.2827755066192,-0.600283974735913,0.25626841607286,5.48192612251137,0.0192140758939584,0.0768061690007677
CRK,3.61284685267113,0.179207738985521,0.434781893216732,0.396350774500995,0.528979912255581,0.681435548098002
INPP5K,2.44817360024639,-0.206142516760433,0.525248799854751,0.266623214877768,0.605605996203332,0.725332085792122
PITPNA-AS1,0.268097730449792,-0.980530266414549,1.56600953109691,0.188475114312382,0.664188808393355,NA
PITPNA,2.26542414097094,-0.267411595556367,0.546778651347293,0.302123883929383,0.582553989846892,0.71228479827595
SLC43A2,35.2864119347038,-0.451594660672686,0.229533763672028,3.97063400408886,0.0463003364429424,0.148782622822418
RILP,3.09936714513528,1.86810023434592,0.688350002718678,7.82466810464082,0.00515379099176748,0.0276070202775797
PRPF8,2.06151125088352,-0.908613027133363,0.605094641213463,2.29213730493605,0.13003075593188,0.30401696770338
MIR22HG,6.6679350777674,-0.577121188814594,0.349080699741252,2.77135706608605,0.095964770956489,0.244965034922211
SERPINF1,0.873428715954381,-1.16036252364034,1.34181317463523,0.910017315038601,0.340109824570891,0.546121509315652
RPA1,1.22491389973977,0.0919503515976062,0.728750202695688,0.285148592531705,0.593346332744486,0.718582278074745
TSR1,0.945839135595078,-0.475199371777153,0.827478745519393,0.364416484670429,0.546063605416728,0.691379705370602
METTL16,0.806547037104826,-1.47819612667046,1.00141175874102,2.44592494959705,0.117830411244932,0.282829909952583
PAFAH1B1,15.5836492075372,0.359628105113672,0.234679495613329,2.69684787985761,0.100546857106791,0.253039482690108
TAX1BP3,5.68996654910391,-1.63331180115763,0.43971516959779,14.4958028485724,0.000140472174270952,0.00127451312122158
EMC6,11.5179300622338,-0.0697789018272627,0.265622743156748,0.289621554893031,0.590463148885462,0.716526224297005
P2RX5,0.118603309405837,-0.937580651327816,2.50976310551922,-0.109149275583253,1,NA
ITGAE,4.64647003068789,-0.882294052531983,0.387851377350316,5.37124740756082,0.0204713325380432,0.0806741644971889
C17orf85,2.56253285113821,-1.01053981669408,0.605961740264673,2.99344365716492,0.0836022072990653,0.224489976782765
CYB5D2,0.440047705011874,0.566345689268027,1.16887197921133,0.441472683106042,0.506412509117646,NA
ANKFY1,2.78501118669273,1.35950572026714,0.616168629885785,5.17687938632851,0.0228893978552258,0.0879412100669742
UBE2G1,2.94613719688063,0.0683675089656017,0.466475672957405,0.160132783708782,0.689034295502093,0.771074171445732
ARRB2,48.0898364737644,-0.389374206378913,0.194137206145027,4.16446610006268,0.0412804211883577,0.136622898686178
MED11,3.75117336227462,0.0116490408050262,0.508666276211716,0.0164229898580714,0.898028516155975,0.90825528090507
CXCL16,190.204536999584,0.0304017194213345,0.120934765663447,0.0682304203478452,0.793930926665163,0.834369528143392
VMO1,381.030323809046,-0.49894240046122,0.405125215376703,1.51063152052373,0.219042747232756,0.42383037434826
PSMB6,31.5082890680395,-0.130717464818893,0.196580217720156,0.929274998489191,0.335051387149612,0.541740079275151
SLC25A11,8.13169420708917,-1.56770837692858,0.372077376162002,18.6127109299547,1.60149181422118e-05,0.00017682778085671
RNF167,6.23292702981159,-0.582851544017139,0.330974216824541,3.7132957258445,0.0539807059070627,0.165149159160499
PFN1,499.773183923988,-0.950366769231534,0.119268429554834,62.5795822513103,2.55892644088113e-15,1.0051987967769e-13
SPAG7,10.854025978432,-0.341685139952093,0.272948120247132,1.73099283249027,0.188284153327119,0.385243836924402
SCIMP,12.1512647936458,2.69953796152632,0.373074497121992,58.4829838240769,2.05056824522189e-14,7.43543325841403e-13
RABEP1,3.31871947962881,-0.34296856006923,0.479171523859198,0.535286254490686,0.464392847733169,0.641234648695101
NUP88,0.848453921845422,-1.31966731000735,0.861527969122168,2.5166517628782,0.112649543388149,0.275267319504451
RPAIN,2.94986270717542,-0.986664180252837,0.515105094460005,3.78977218861605,0.0515666663993615,0.160406361266643
CTC-524C5.2,0.374289173861011,-1.52697386236378,1.36881748230815,1.81975606104071,0.177342316215832,NA
C1QBP,5.85152679860687,-1.17237210997988,0.384527564826702,9.45901184057119,0.00210114233212555,0.0132467080362812
DERL2,17.3173704767592,-0.048778435938377,0.221024069669726,0.0540916099783573,0.816090641812021,0.848293382361014
MIS12,1.46690027092954,1.37433742623101,0.847165107427356,2.94300158803188,0.0862503205625136,0.229103582317765
TXNDC17,15.8448865448517,-0.373364971910802,0.245000641089135,2.32749710782986,0.127106102592851,0.299658279806537
MED31,3.17261787205179,-0.543742491717445,0.502399942652788,1.16743529924422,0.279928844773691,0.490957058034681
XAF1,34.2752990576757,2.56434928235451,0.286658769255549,80.1174775999421,3.52797958519888e-19,1.8478169998375e-17
AC027763.2,1.13973272746607,-0.503030473492494,0.767192809885302,1.10267180883013,0.293680500802486,0.505242590937011
C17orf49,1.99448183224814,-0.49224994281,0.656110277945615,0.621667214784701,0.430428412505016,0.61728652277808
CLEC10A,0.0576492460942856,-0.0266250237101584,3.05435952883091,-0.631777603848867,1,NA
ASGR2,0.212923485342044,0.270343237168014,1.85273227845522,-0.128432493324166,1,NA
ASGR1,6.28308823321338,-1.25246990825225,0.454509935364043,7.79110690014605,0.00525040191979493,0.0279999235998173
ACADVL,8.34157410547104,-0.82038815422275,0.352748549213233,5.46527545853934,0.0193979961618259,0.077339570904144
DVL2,0.938029910617508,-2.17388992014439,0.982629388554296,5.67654304652505,0.0171932112343603,0.0703807604837408
PHF23,5.82198076468931,0.0807513596077893,0.34786950761274,0.13747410917226,0.710805114760002,0.784006772447205
GABARAP,38.2946846015828,-0.381894451720408,0.188131236588057,4.14321621277348,0.041801675894787,0.137943279420169
CTDNEP1,1.50524853935229,-0.581553207303497,0.652327108324844,1.08779885983469,0.296959425409813,0.507181538158119
ELP5,3.92487791235708,-0.583251763615334,0.521832000300879,1.51402181820997,0.218526416805206,0.423507236616794
EIF5A,21.2701835945449,0.420871043380315,0.564969674138351,0.551460942776473,0.457721367431637,0.637046681721796
GPS2,1.86668265662926,-0.0445092277182846,0.619401153912994,0.412859080996348,0.520521904363842,0.676158114404848
ACAP1,0.794336446468574,1.2731031996663,0.953637352373152,1.93931609537329,0.163742810638085,0.351459174637544
TMEM256,1.85549071576325,-0.911080963289658,0.620263461775221,2.31882781648319,0.127816311927473,0.300493991971609
TMEM102,1.32579956381127,-0.474447428098523,0.749541565674801,0.492842072281967,0.482662252875091,0.653936388595745
CHRNB1,2.9956777662671,1.51631104147654,0.506509599917934,9.86414141582365,0.00168531307092976,0.010940252646883
POLR2A,2.04570482868757,0.0597701948806331,0.586729656559912,0.0114683771008188,0.914717176650965,0.922135725694096
EIF4A1,120.115998778861,-0.186804412131783,0.120272145846606,2.47982798551706,0.115314863842345,0.278757193540784
CD68,111.409579635854,0.21666075595665,0.113512140035466,3.63802721829995,0.056473814159005,0.17115308267378
MPDU1,3.27243237642445,-0.763690504466098,0.490737595540783,2.45086281452603,0.117460287533547,0.282559585620574
SAT2,34.2032489758156,1.43902863827215,0.199501901295874,53.207225684465,3.00152680094192e-13,9.53023639179902e-12
KDM6B,3.58766118265076,-0.661149388957243,0.502041215238056,2.06397472345382,0.150816330878452,0.331969280037052
LSMD1,4.501388776331,-0.0557726536374364,0.405350591871337,0.142268556938717,0.70603609452478,0.780581851616584
CHD3,0.532559674613334,-1.09344371871743,1.0519233341631,1.30466078102183,0.253363630166648,NA
TRAPPC1,31.3355404854997,-0.274267393968104,0.172216515863235,2.56100616145281,0.109528855124291,0.270206450966849
VAMP2,15.1547513460511,-0.26531592355465,0.239910917857638,1.22762527232047,0.267869363615784,0.479966811534294
TMEM107,2.27082545908446,-2.04966078049958,0.652643461051504,10.6194187928657,0.00111906215073563,0.00778680190369793
C17orf59,1.9414040575225,-0.974481361861062,0.727970832680996,1.90659948639185,0.167341482946687,0.356288763852072
LINC00324,1.42624095033798,-0.924084550348306,0.688793331282058,1.86892713168327,0.171598007035316,0.362104885369289
RANGRF,2.86967630725331,-2.54154234407826,0.681214417120614,15.8430961714081,6.8817146733883e-05,0.000677645998328599
RPL26,287.977234537236,-0.347133229351035,0.10200288346577,11.5675907668793,0.000671113169659341,0.00500923447463148
NDEL1,2.66124772281814,-0.12217841808567,0.501293419971922,0.133824505453561,0.714499157251385,0.785126213704669
PIK3R5,4.43558005603555,-0.946934657267635,0.417734523216542,5.23471953584433,0.0221403778965711,0.0860889820749921
STX8,2.56513317709315,-0.197291340638008,0.516642442844333,0.161870456821092,0.687440238929493,0.770385542690911
GAS7,0.64203434909628,-0.541511469148395,1.17013433388201,0.366744120036373,0.544784372653228,NA
SCO1,2.23379273769511,0.20830772549599,0.595045578388936,0.243667251953099,0.621569888693985,0.734615289858581
ADPRM,2.27749542698875,0.996239872763441,0.616354502655841,2.93429796056627,0.0867163543980893,0.229957223105288
MAP2K4,0.897030466729776,0.320883921302036,0.828378074889463,0.186519101361313,0.665829669060042,0.759249016002966
ELAC2,0.79279844705038,-0.182697673123986,0.96264027271721,0.155263527190201,0.693555249646106,0.773031072571504
PMP22,0.895467933226426,-2.49016108653134,1.04605659398327,6.76433400989926,0.00929976236826931,0.0441432562298639
TRIM16,0.298781140021892,-0.371753455776915,1.39874972687806,-0.063577886171263,1,NA
ZSWIM7,3.01918233725002,-1.20004547688204,0.519654975217965,5.4943343299098,0.019078189620466,0.076312758481864
TTC19,2.22892608819568,-0.62513561176396,0.651391529864421,0.9699210639318,0.324699866112853,0.532163888617161
NCOR1,14.9194040363111,-0.192891513670081,0.279102223449993,0.902812680874675,0.342028645964572,0.547245833543315
PIGL,0.125073326356957,-0.776546004190831,1.83109164103111,-0.109822193999623,1,NA
CENPV,0.130171255958063,0.255187600901291,2.92436032617671,-0.21133135230065,1,NA
UBB,161.204071299593,0.293339021148898,0.100264465965287,8.53905174196777,0.0034760667721776,0.0198336472811027
TRPV2,2.76524174423591,0.2313567417076,0.530820234098711,0.483568819964702,0.486810219434572,0.656652657868161
TNFRSF13B,0.0932953795170194,0.854684798750104,2.26603372536026,-0.22297771638139,1,NA
MPRIP,0.422261735876463,0.342381705426343,1.17478525004277,0.0742343747344094,0.78526845203921,NA
FLCN,3.00562141786518,0.58071009246861,0.559010516864166,1.11914362149021,0.290102929119777,0.501764253357606
COPS3,5.41547823409921,-0.245788123153577,0.429410756826318,0.349976898452539,0.55412620758533,0.696612951338328
ATPAF2,0.811112404711333,-1.39238393315033,0.958801917852471,2.10083615431623,0.147218611228442,0.326276907633957
GID4,1.18355453626518,0.236472764505159,0.763099650309357,0.120750141339684,0.728222320657158,0.791793183283723
DRG2,1.76564996412157,-1.80282076209425,0.731353147193975,6.23969999874739,0.0124917634160253,0.0554706711691328
ALKBH5,3.68227836861611,-1.05404427140007,0.428475677973876,6.4373927896576,0.0111742532449681,0.0509113932231707
FLII,6.64876696075249,-0.521241585816722,0.376573532975406,1.92905381799285,0.164861999137055,0.353119304687827
TVP23B,2.00226479459111,0.608576947500239,0.595977399278683,1.05673384424522,0.303961303163339,0.512545839609455
PRPSAP2,1.92340856388381,-2.1254577349786,0.680813530256835,10.8022100158209,0.00101378995523773,0.00717379312436121
GRAP,0.151936671579964,-0.550532970039744,2.79570889673393,-0.0422883618606225,1,NA
AKAP10,0.985110364868132,0.0426481698709153,0.850433462383522,0.776833755367434,0.378111242501131,0.575531190656531
USP22,1.67298839860846,0.0617176451708701,0.668245942982099,0.0824365215754312,0.774022269298456,0.820650146890735
DHRS7B,5.3481799445064,0.0267261170476146,0.390226963075517,0.220185340138656,0.638898734770392,0.743169441001659
TMEM11,7.63283867911186,-0.262527474253743,0.349933809402774,0.708741797802062,0.399861821208356,0.592532563397201
MAP2K3,6.95289864289902,-0.0654388203587594,0.354346423301412,0.24514192562313,0.620516763223994,0.733936831699794
WSB1,16.5395116082154,0.593961729096905,0.212792105150798,7.8869045750294,0.00497940134613302,0.026860714303788
LGALS9,34.8125374757822,2.58963768957134,0.251932255890575,110.248388263243,8.64503863574931e-26,6.62209959498397e-24
IFT20_ENSG00000109083,6.82780021303699,-0.443126089235047,0.358480351434611,1.9417973874429,0.163473509420606,0.351127117325438
TNFAIP1_ENSG00000109079,1.52583002033951,-1.0355097023074,0.686670132195132,2.27835887818893,0.131190627241344,0.305058520103132
POLDIP2,4.31588623605142,-0.230691579194593,0.434889745561531,0.347943177954733,0.555279762732193,0.697261948312316
TMEM199_ENSG00000244045,5.32140377331374,-0.0433827749870972,0.353507760933378,0.39060118850783,0.531983560766096,0.683007596977715
UNC119,9.60897355066188,-0.401418141900859,0.320235750210377,1.56086576954208,0.21153849998502,0.414420693065282
PIGS,0.911976297053819,0.856018056906063,0.897672159414889,1.52530362561576,0.21681865751481,0.421129867908323
SDF2,17.2776251073404,0.812449080267711,0.218185305593802,14.1833292822926,0.00016583325697535,0.00146538804539459
SUPT6H,1.85142631238012,-0.510184607736201,0.866026354819921,0.412894580537362,0.520503974892557,0.676158114404848
RAB34,3.3146028347128,-1.61926259688283,0.54338701447761,9.21862670113362,0.00239565176336934,0.0147543256340978
RPL23A,214.811079983807,-0.028994135245337,0.114710640568559,0.0823178493540695,0.774180564486837,0.820650146890735
TRAF4,0.519302851108179,1.28729195833813,1.16197348663869,1.33143458621144,0.248550163708127,NA
ERAL1,0.637734992509515,-1.59567249335965,1.01344535660049,2.9521169822269,0.0857651430760483,NA
NUFIP2,1.43272548714817,0.713363041158379,0.753365777249435,0.886609743897743,0.34639769170228,0.550516314166246
TAOK1,2.66113779302608,-0.148547795071875,0.536374801663031,0.111489317367301,0.738454898459878,0.797966250464763
TP53I13,2.60963592739742,-1.0727484820089,0.51277042252215,4.56809281474659,0.0325728092686594,0.115379292022165
SSH2,2.86558032540515,-0.745514940838381,0.530403890811786,2.0437973057487,0.152827723003669,0.335418615474301
NSRP1,8.41540246727212,0.628626784915609,0.310350940859901,4.18205636350012,0.0408541021049661,0.135804009583466
BLMH,1.44159263466018,0.516755705790508,1.05018728504509,0.278534982986059,0.597663052290129,0.720851869129177
CPD,1.86895640888203,-2.35486541243017,0.721998421351713,11.6115111828141,0.000655448739003427,0.00491025656798655
GOSR1,4.64547199519478,0.207700217395835,0.423215217734182,0.397729614408263,0.528264113884483,0.681314661970115
CRLF3,6.15845215112767,0.430613518113106,0.351520691653913,1.5397944844991,0.214648398320564,0.418240185980418
ATAD5,0.593951796732438,-0.434814154553086,1.01477810213176,0.165154099222377,0.68445492082228,NA
TEFM,2.26885381160218,-0.275415735199859,0.55474408503341,0.407663938290113,0.52315758568885,0.677782174440016
ADAP2,10.6246018674494,0.31678146833816,0.269598374326575,1.41301927328915,0.234555822677415,0.442127985655859
RNF135,4.9540853094973,-0.0991240357526399,0.380956647121158,0.124463654690601,0.724242830959225,0.789427262205288
NF1,1.04891531737202,0.893654521807082,0.80647988197285,1.30624641246612,0.253075389005933,0.464325144858791
EVI2B,27.0176608133119,-0.406088357563006,0.266648726044785,2.56361925463246,0.10934799208231,0.269868906758113
EVI2A,17.5138502169138,-0.538213967301176,0.23235472672938,5.51917824080941,0.0188090923767801,0.0755321874737275
RAB11FIP4,1.28374231403878,-0.628816567728045,1.07215686895523,0.339907065394911,0.559882870440578,0.699775534617282
COPRS,1.73086028184625,-1.06547830068212,0.648162805027613,2.79847262063438,0.0943541511939043,0.242636272982059
UTP6,5.23426366402595,-0.772595824034155,0.36536341773888,4.52403711974817,0.0334218778227969,0.117579677512436
RHOT1,0.86752377639623,-0.0731282950844107,0.822533629533498,0.335440536237883,0.562472929226501,0.701324765631558
C17orf75,0.606299720204329,-0.25651463568638,1.08276610709633,0.0421373307260993,0.837358217017143,NA
ZNF207,14.3334788896114,0.69250050199244,0.236369643194835,8.76345192328162,0.00307326822805993,0.0179191129415331
PSMD11,12.5697875396271,-0.0294402456969994,0.247363168974212,0.0146068268113737,0.903802950194869,0.913040632837811
CCL2,447.729877684754,4.12667529202179,0.273099723787079,184.119976899699,6.10825361631256e-42,8.13725612190508e-40
CCL7,46.7958699368213,4.42902333280897,0.863714816114469,21.1676979378933,4.20797320297969e-06,5.14699796164861e-05
CCL8,344.454206055226,8.13229231907668,1.08605066369349,32.5354449636965,1.17038375969724e-08,2.16027460223635e-07
CCL13,0.269788949140039,0.683800032325631,2.46919744176709,0.449773347664623,0.502442607587905,NA
ZNF830,2.49720663459989,-0.479193527211982,0.579784451052474,0.864068692437591,0.352602596147104,0.556463741743357
LIG3,0.242273774276132,-0.627573130251265,1.42630139321656,0.110938069732299,0.739078673920607,NA
RFFL,0.905473676143534,-2.19144511771015,0.941723279582089,5.94542053084789,0.0147555704921407,0.0627931499832209
SLFN5,11.5963215303243,1.8758962757742,0.638614930611358,8.29925137658097,0.00396614241784957,0.0221756576063706
RP11-47L3.1,0.167655710573812,-0.465393339390944,1.54749943230111,-0.0995067545326087,1,NA
SLFN11,1.11043716033562,-0.300678914381526,0.895849918189329,0.221496682791646,0.637901879911957,0.742744199145065
SLFN12,4.72850030633528,2.27345098414939,0.473551806299128,26.6960082922252,2.38112912868668e-07,3.58514970530516e-06
RP11-1094M14.11,1.54132836862089,-1.83901308556277,0.763798600144208,6.68791604836132,0.00970686094045187,0.0457565806900541
AP2B1_ENSG00000006125,3.12882059471823,0.738545437937293,0.536677122729616,1.9967019164547,0.157641895585706,0.341957357928922
TAF15_ENSG00000172660,5.70444083203301,-0.0993450128371315,0.34888497569446,0.116558031118018,0.732797987167845,0.794281219802895
CCL5_ENSG00000161570,11.8052417801608,0.801476421853798,0.382664883837317,4.52667547475666,0.0333703848073778,0.117525125344604
CCL23,0.591550018882957,-1.41773401745161,1.09984322379559,1.97361387368883,0.160064791588405,NA
CCL3,231.117003152558,1.28982940804085,0.472964907573053,7.194249768443,0.00731375617407443,0.0364676141861091
CCL4,204.26017428666,1.37486075068141,0.52577407589037,6.5834218624631,0.0102932829747935,0.0478220152157199
CCL3L1,9.52263172827181,0.585002365752113,0.719795690359208,0.665184642446306,0.414735514545989,0.604399342006616
ZNHIT3_ENSG00000108278,6.42401325726809,-0.568132742369492,0.353155764929154,2.61638033527404,0.105765456407938,0.262826730278932
GGNBP2_ENSG00000005955,7.18152781123354,0.0821018380500344,0.373338899354387,0.350099473381732,0.554056826006156,0.696612951338328
AATF,6.59120634473457,-0.694419698608475,0.350232736611929,4.06152587653659,0.0438708403787399,0.143228827832135
TADA2A,0.637370482138302,0.502680962965935,1.04348818433131,0.304275002895608,0.58121470728254,NA
DUSP14,0.27609690517797,-0.145011823675692,1.78411802049957,-0.0742837007937034,1,NA
SYNRG,1.75583657540752,0.68877222851298,0.629166630460863,1.21715272505065,0.269920155473309,0.481666158431991
DDX52,3.10917729752563,-0.851965171238977,0.549627703217522,2.38504342047689,0.122501488676747,0.291529756353828
MRPL45_ENSG00000174100,1.00463490962089,-0.811218370929869,0.813511770953354,1.34643042887429,0.245903124723098,0.455392670989163
CTB-58E17.1,1.52703290773122,-1.98815937302112,0.795078596529313,7.11831502195859,0.00763003841236811,0.0378291872095403
MLLT6,1.97530410806773,0.473200570130088,0.596017549303451,0.699431634582758,0.402974739178134,0.59522564759225
CISD3,4.78477328204995,-1.4190690733248,0.447767585036385,10.2756871863618,0.00134794659765858,0.00908870243925088
PSMB3,69.0990027847631,0.221958130511184,0.127650966692282,3.28073123495734,0.070097690964376,0.19841046199986
CWC25,6.24202949061916,-0.0308172136974947,0.342708549080599,0.0555523776623801,0.813668947293333,0.846691001700381
RPL23,56.5071263603583,-1.14884042101847,0.146414511804316,62.0537796922155,3.34204284758188e-15,1.29620497278366e-13
LASP1,4.71231698267963,-0.010157433321428,0.418666981739363,0.326953911473879,0.567458264421285,0.703632304458735
RPL19,321.344895746778,-0.23201856849771,0.0983034521780757,5.56697841105614,0.0183023176924155,0.0741776473671443
CDK12,4.97295230023277,-0.234853995117171,0.368200965483571,0.414222300953824,0.519834174547794,0.676049198138557
STARD3,3.16986212359614,-1.07883865004284,0.548150169425417,3.98103233975252,0.0460153531199086,0.148177658391382
MIEN1,20.5167302243224,-0.153230781739574,0.194327525724894,0.860974037496987,0.353466257627543,0.557252695328423
RP11-94L15.2,0.158320549899588,0.670406054074554,2.00121926844694,-0.040099538352603,1,NA
IKZF3,0.187820502052349,0.377991231724073,1.91529497852509,-0.154695995635933,1,NA
ORMDL3,0.419354014009955,-0.492900249589973,1.23681819077507,0.195469703532002,0.658402692337244,NA
PSMD3,3.34395717087854,-0.740595404172489,0.467437634225718,2.84451356402919,0.0916863384379808,0.238985062504443
MED24,0.983822221513217,-0.605441375196359,0.863987298935838,0.536080941399817,0.464061465074177,0.641210520400126
CASC3,1.6362497717535,-0.179723743437237,0.684633668201431,0.107091927811368,0.743479539746283,0.800851225094959
WIPF2,2.3270367794856,0.193229571810565,0.581682463610473,0.322413682637297,0.570160707973099,0.704992901222589
RARA,5.67251046924926,-0.613112513917836,0.510429302493955,1.68717225738511,0.19397414768617,0.392172080838288
CTD-2267D19.2,8.3817105778821,0.269045923909328,0.36674383768782,0.535611971054493,0.464256979002387,0.641234648695101
IGFBP4,1.43222126544888,3.74036098301905,1.0462914162982,13.9846250605012,0.000184311657931387,0.00161814017163831
CCR7,28.7858942426416,2.32896219819166,0.645184831454593,12.0383281252424,0.000521176960628702,0.00399721203345768
SMARCE1,3.4216318465984,-0.915064061306559,0.504233183175422,3.37204599942369,0.0663113554404743,0.191136399877341
KRT10,18.0251376754514,-0.597344920809005,0.231683690755263,6.96969213281585,0.00829017586779766,0.0402553072249319
TMEM99,0.462062747161435,-1.05332389465491,1.18043013275949,0.837059712189124,0.360239050840393,NA
JUP_ENSG00000173801,2.7203302265572,3.57074412584602,0.71356758615869,33.3493498661281,7.70035582265895e-09,1.46092199632365e-07
EIF1,620.604891413393,0.311839760685956,0.097503121069101,10.203370944712,0.00140184171133861,0.00936803272310034
NT5C3B_ENSG00000141698,0.82377061200263,-1.2477603628903,0.924301684627644,2.26548727075942,0.132284598867503,0.306017373295606
ACLY_ENSG00000131473,0.809083347519559,-1.06891268346172,1.02387434540848,1.19299580482758,0.274726098836933,0.487060597047824
CNP_ENSG00000173786,5.91091095837954,2.62966008629835,0.448172478011887,41.872194855582,9.74384322284059e-11,2.23633974792386e-09
DNAJC7_ENSG00000168259,13.034852971014,0.201177311542045,0.24497385952853,1.10649805619042,0.292844462201335,0.504796305026661
NKIRAS2_ENSG00000168256,5.12342730481755,-0.0637720195629051,0.406257592863269,0.0303901832005522,0.861607849459806,0.87984217655219
DHX58_ENSG00000108771,11.2328165262199,4.09135786143257,0.461041798223223,123.627852079894,1.01622612160282e-28,9.29467712415238e-27
KAT2A_ENSG00000108773,0.253975764803906,-0.767106617717145,1.56338679627979,0.279181976478654,0.597237880159192,NA
RAB5C_ENSG00000108774,45.1579655860569,-0.166870677380134,0.156161918869978,1.16122154864017,0.281212346008283,0.492491189132339
STAT5B,0.548447739737034,-0.73034232288076,1.09569584951928,0.842329041549966,0.358731512276362,NA
STAT5A,1.24254740685521,0.853163615363316,0.777305773095275,1.23670128836036,0.266107744368999,0.478408010502435
STAT3,15.9984279054941,0.74139349775369,0.281468742659408,6.95942999620985,0.00833785917892395,0.0404547910122296
ATP6V0A1,1.95264083096473,0.0585550580853269,0.641599163172194,0.22669619628261,0.633984444058213,0.741140151314142
COASY,2.52692477240022,0.633194162129122,0.512579259608088,1.73582729639008,0.187668405552581,0.384240557710063
MLX,7.47867639007804,-0.446200231927821,0.319036236185426,1.97846911205311,0.159551775564417,0.344757856367682
FAM134C,1.22634391391671,-0.385753325132638,0.907780146988816,0.23355154008263,0.628902828392791,0.738015421752398
VPS25,6.71982078848993,-0.499752483109869,0.359916725952339,1.96917687472714,0.160535259175626,0.346516403039181
COA3,11.1325309222016,-0.251001786990249,0.269143904412392,0.913916584124635,0.339077364931126,0.545514857521119
BECN1,5.5963412333249,0.0349894443641238,0.35027588399483,0.500638056413464,0.479219899838316,0.651866713919912
PSME3,3.56927225341798,-0.112867995175924,0.482968423181625,0.162183414299491,0.687154204609639,0.770385542690911
AARSD1,0.362443060936895,-1.01752949402584,1.40889651455203,0.806170574746439,0.36925484893894,NA
RUNDC1,0.755604651521913,0.601341294094453,0.986075535878198,0.531828442931882,0.465839156954969,0.641929919905566
RPL27,101.850417161053,0.0491292018989922,0.126969629181392,0.183716280964973,0.668198789324043,0.760252911432925
IFI35,86.9134749739424,2.7775732021088,0.183562634616113,228.223508875663,1.45469542462243e-51,3.5657494248345e-49
NBR1,3.14346161262894,0.0794460901113471,0.503267203716975,0.0593810465157958,0.807476909480697,0.842365837171436
TMEM106A,6.06034296514058,1.0730972733698,0.448942834560846,6.16466245255063,0.0130327239662496,0.0568835701318928
ARL4D,0.409037139182909,-0.252531399480784,1.53469359186257,0.26979213074328,0.603471246812057,NA
DHX8,1.68351794929624,-0.336232582881101,0.640087128845042,0.354308986471949,0.551683994262121,0.695693788247366
DUSP3,2.33919047322182,-0.564228764043582,0.630148666097585,1.06417678373649,0.302264486915802,0.511769824557065
TMEM101,2.8767903937949,-0.260513799645548,0.52710404740881,0.250373455206656,0.616812238861538,0.732403947455458
HDAC5,4.48298454290215,-0.734168437997289,0.41895541108358,3.10746724809692,0.0779340643334065,0.214247735294261
TMUB2,6.04893463652006,-0.0521045927247157,0.445741593917071,0.386395367517579,0.534200261444965,0.684607670720367
UBTF,1.71428107746373,0.356394440072829,0.657263979037186,0.313502282558943,0.575538954720345,0.708169183468756
SLC25A39,10.5903135961553,-1.69340461499309,0.316249225526641,29.7198355679452,4.992139324157e-08,8.38132322696825e-07
GRN,46.9712180370226,0.358506512520139,0.167094930867128,4.6070040181048,0.031841616768745,0.113390400459102
GPATCH8,3.32181618543627,-0.721868271042915,0.530357047848951,1.88604018491095,0.169649226417378,0.359900854744879
CCDC43,0.964744996566562,-0.632069394626279,0.846964161221984,0.64685183725507,0.421240483631972,0.609530503824492
EFTUD2,1.09949647264218,-0.905303606084784,0.78773951672271,1.34900923477247,0.245451398406365,0.454693521594379
NMT1,1.91926148762916,-0.306798987398168,0.615000042964843,0.290003029188433,0.590218589106238,0.716526224297005
HEXIM1,1.79575481114615,-1.58287200543961,0.661861161002028,6.20043640964573,0.012771881790108,0.056185277537532
CTD-2020K17.1,2.46580314838368,-0.198388940847776,0.53439551472221,0.137874405224572,0.710403352125812,0.783963936939848
FMNL1,13.2025156484456,-0.0142913483444372,0.259551993911777,0.308091114628567,0.578853922662242,0.710052045672342
CTD-2020K17.4,0.0666236525605258,-0.217912299513205,2.97550580642767,-0.583451850733615,1,NA
ARHGAP27,4.96790336197022,1.24003358240525,0.399743952453247,9.98942294089247,0.00157441934934657,0.0103177140291213
KANSL1,0.97151519474608,-0.0741727333982295,0.926704023004565,0.133650250367111,0.714676955897766,0.785126213704669
KANSL1-AS1,1.14858475681517,-1.52270394170079,0.824047505653822,3.51966293581098,0.0606447796562679,0.18022852072435
NSF,1.96989926598897,-0.67565775042719,0.670834884608066,1.0229292643596,0.311825185709874,0.520388000552862
GOSR2,4.80143448389904,-0.260171581806607,0.385723697098267,0.455929381485632,0.499532552335598,0.663301295929045
CDC27,1.79914209927047,1.20475889997495,0.701518317569743,3.24976383117411,0.071433749639261,0.200708857308295
NPEPPS,2.28542221290665,-0.382237990115837,0.567565201599684,0.543182909967285,0.461116610623148,0.639288303591144
KPNB1,12.4922016811223,1.27135575648637,0.259036583497024,25.0360111098004,5.62695089983199e-07,7.9635000263673e-06
TBX21,0.320203800457163,0.912733704289659,1.37180393150164,0.573060707166004,0.449045229839479,NA
MRPL10,1.52330518579343,-0.25810104944412,0.678214900227423,0.157747331162582,0.691239019231669,0.772272144002127
SCRN2,0.395536807365864,0.250851040843675,1.27167116212961,0.0522228445894086,0.819239536441739,NA
SP2,1.37664753499713,-0.835372105548513,0.703931386079212,1.4513759658145,0.228307295440581,0.434088459962731
CDK5RAP3,3.86364294249557,-0.227213921098129,0.43730233317807,0.322815285929465,0.569920653070261,0.704992901222589
CBX1,1.17690581264685,-2.01841043369869,0.79354018932939,7.09071901616031,0.0077484154219248,0.0382305070093037
SNX11,4.32681836578048,0.825011084068844,0.403185412638337,4.4317147688852,0.0352770491981599,0.121996477136752
SKAP1,0.472976162238858,-0.498204206036853,1.40329676629282,0.00433572994357689,0.947500226046573,NA
HOXB2,1.50538884298689,-0.366536951463187,0.805478512989709,0.242187384474896,0.622630715077221,0.735443527755053
HOXB4,0.34652034619732,-0.147829394864486,1.18693808324421,0.445712659737026,0.504378007166404,NA
CALCOCO2,12.0280023352875,0.983275166769229,0.278642188090683,12.7078759005208,0.000364118779245516,0.00296324021144293
ATP5G1,4.21395591753661,-1.58261056174055,0.434802815855249,14.7363779196225,0.000123637579380775,0.0011342082132416
UBE2Z,17.5624642595197,1.60233751655819,0.299742276108948,29.6808387728723,5.09358169408093e-08,8.52827011511693e-07
SNF8,19.8417668185584,-0.43377411673776,0.233392680491596,3.44946588222946,0.0632722132511557,0.185517762106738
GNGT2,1.6568771870522,0.0261773004455901,0.671699082088515,0.382592351674866,0.53621910864076,0.685492280709471
ABI3,15.6581928678493,-0.766874156505824,0.30741557288254,6.28465095383174,0.0121788061741921,0.0544359768311083
PHB,4.2134075615912,-0.52401685493094,0.484263091400365,1.24826277390349,0.263884537599461,0.476416804270237
SPOP,5.28064639921391,-0.23093625282311,0.428405995118483,0.314022950549372,0.575221970454473,0.708107720961232
SLC35B1,3.77400302851264,-0.377348203868696,0.44076843074822,0.764348179152137,0.381971187310472,0.577720486388363
PDK2,0.293126794140368,-0.58566993026419,3.05050002879959,0.0327548958526229,0.856380812217686,NA
PPP1R9B,1.1690526235602,-1.11892221161082,0.846661470005671,1.80289903303718,0.179362410683113,0.371579733828978
MRPL27,10.5534794096917,0.311052429657918,0.276181680046907,1.5664329812483,0.210725788385035,0.413224841991519
LRRC59,8.61759309439362,0.332191907486569,0.350076357612504,0.909116808279904,0.340348864101489,0.546121509315652
RSAD1,0.281133056045155,-0.0918114284586763,1.42931273839071,-0.0722880968480233,1,NA
LUC7L3,5.58021324861171,-0.751361587489931,0.399560544058825,4.21801812111606,0.0399968520195781,0.133934813757363
TOB1,1.19024186003289,-1.42304874875398,0.868127014973562,2.75109914360304,0.0971875970441818,0.247020155407194
SPAG9,3.66068758330366,0.156342974270157,0.4783067661055,0.119504110901573,0.729572944722759,0.792379075054944
NME1,0.629564584145401,1.8040519406578,1.21687125543308,2.98744440785737,0.0839125008803759,NA
UTP18,2.98531596709894,-0.574246025172311,0.502340759960013,1.3124377703642,0.251953757680715,0.463443987674249
COX11,0.451111960184824,-1.21879861094357,1.22387944267126,1.31652613751805,0.251216453265546,NA
MMD,1.07357962318709,-0.287866662677906,0.830095325248375,0.188914983358188,0.663821205696208,0.758415384067848
PCTP,1.25138334395853,-0.116479323053877,0.774503108065821,0.0401427642302821,0.841201705147969,0.86622148364086
NOG,0.165713828532673,-0.9013935499812,1.97050119745949,0.0701396421971765,0.791133569750966,NA
C17orf67,1.54585121516661,1.32254153384658,0.769216208758892,3.54430975292092,0.0597500223039517,0.178347850306194
DGKE,0.716848028953528,1.16538551203387,0.981763184439753,1.6173604808744,0.203460223955619,NA
TRIM25,5.2871254550725,0.890446061189096,0.403977947751036,4.96532660713015,0.0258604308597359,0.0966297075051597
COIL,1.73000515302993,-1.58393546552374,0.737507204049461,4.73217240288856,0.029603471826076,0.107153027377551
SCPEP1,10.7307337098137,1.11340295105454,0.285392459431733,15.9547513900395,6.48747352014015e-05,0.000643288636430726
MSI2,1.00447654487842,-0.263425502582896,1.15438317208783,0.0297940089655881,0.862958453575846,0.88092777003378
MRPS23,4.20679385340638,-0.944414331477075,0.473549666958368,4.27800955125966,0.0386085355070415,0.130931436406835
VEZF1,2.14796404568559,0.94680844864915,0.625169118968475,2.48722843447644,0.11477368245217,0.277997283030395
SRSF1,3.62525778513473,-1.02017930349696,0.443740142005793,5.65144709490941,0.0174409737033373,0.0711099712934471
BZRAP1-AS1,0.27609690517797,-0.145011823675692,1.78411802049957,-0.0742837007937034,1,NA
MIR142,18.0602208611903,0.695732922398975,0.258458326178918,7.36806850905187,0.00663922079616457,0.0337076595185555
SUPT4H1,41.9544023652262,0.221010315119809,0.147540208971999,2.23963507977,0.134512721939189,0.30872432960425
MTMR4,0.943947932608961,-0.100557318965562,0.8181286562491,0.460518190671529,0.497381895635466,0.661920470496631
RAD51C,0.641940451934068,-0.345685764581282,0.918016125147576,0.161975250255274,0.687344424929828,NA
YPEL2,2.44438896555245,-0.220273336580168,0.648800348511968,0.135451688725965,0.712845184176698,0.784962316017036
CLTC,3.1227983397897,-0.725090827080419,0.479331107323717,2.32437526005919,0.127361344729664,0.299834929121545
PTRH2,1.68560283701917,-0.0228288224228422,0.636468824352296,0.120578742920927,0.728407641941424,0.791854183043649
VMP1,30.8347379283067,-0.240176618752231,0.194882768082852,1.64636764478173,0.199454035945674,0.398515481308205
TUBD1,0.368945639909128,-0.171115850177543,1.30453210069789,-0.00254815880591508,1,NA
RPS6KB1,0.69623548690751,0.158421834900087,0.915327073882511,0.535558915508737,0.464279106156903,NA
RNFT1,8.32969496947554,-0.213050008229205,0.307543687800582,0.603055629644516,0.43741453421607,0.622208975319423
APPBP2,2.84298843943643,0.558017482763132,0.580826401335329,1.12110922635763,0.28967973415523,0.501173746725932
MED13,2.35559398300464,1.23074780955074,0.597702312846367,4.42054243173947,0.0355087467138794,0.122521171093836
METTL2A,1.1542494428924,-0.362881858826007,0.830503656941722,0.35086282761911,0.553625110228498,0.696492440049319
DCAF7,5.35176445015204,-0.13036403442504,0.39103252982187,0.171654560135593,0.678645514659369,0.765036739115639
TACO1,1.33597219946385,-0.14437782514509,0.80427677368866,0.105902892272347,0.744857737626973,0.801877057688226
LIMD2,43.6840844097941,-0.555483462549284,0.255519058735771,4.72320707762654,0.0297581921676063,0.10745916417389
CCDC47,4.65474967411992,-0.646099967457951,0.469147830479072,2.02267641358387,0.154965793552553,0.338307938329193
DDX42,1.55939879294583,-1.30040689136885,0.673012227241527,4.05421319486268,0.04406124738553,0.143697351771436
FTSJ3,1.06863301962336,0.0488840187694266,0.802647035888769,0.021112995582321,0.884471554452924,0.8981013563691
PSMC5,11.4280880315304,-1.14725054847406,0.272611966807341,18.1609769579001,2.02995951694884e-05,0.000221739606414661
SMARCD2,0.98558264632469,-0.839199043341655,0.839903517872389,1.07462136939397,0.299903916110913,0.509795061838467
CD79B,1.83155604861733,-3.00459090157619,0.872229063352602,12.6837887639929,0.000368839439826544,0.00299370607583717
ICAM2,23.2152609605066,1.02143991908463,0.228885265227293,20.9128726239167,4.80653715160148e-06,5.84413882242338e-05
ERN1,0.972693811497749,-1.20114098672259,1.04427633912951,1.5416019611848,0.214379513885105,0.417982074797303
MILR1_ENSG00000271605,4.03325906851059,-0.773571093723982,0.498095706749188,2.80859971739382,0.0937601835719202,0.241731577266634
DDX5_ENSG00000108654,55.0419594757236,-0.85375022794538,0.144597116533968,35.0022740419644,3.29320498464639e-09,6.57353750681208e-08
CEP95_ENSG00000258890,0.808519616957403,-1.2650434747437,0.939331014931977,2.00342512347524,0.156944214510196,0.340926673703821
GNA13,4.08597993512681,0.555332902096636,0.438540090813244,1.92542292897204,0.165260070556719,0.353521200997424
PRKCA,0.194254478869203,0.143140087213802,1.86013692709711,-0.243322385903522,1,NA
HELZ,1.63150253603984,-0.655287939020849,0.655276093083034,1.02122523717825,0.312228555662761,0.520635806558205
PSMD12,7.37909524106973,0.108839670151856,0.357066157814749,0.105449196483249,0.745385866057384,0.801990998796804
PITPNC1,1.44882643370192,-0.740291996105549,0.80079314130042,0.848139307239158,0.357079252157271,0.559970412173837
NOL11,1.77091148053946,-0.182607633291683,0.646072008024233,0.160748832017461,0.688468019235938,0.770869216497145
BPTF_ENSG00000171634,3.54875801266161,0.170848333790101,0.48490607756323,0.552041533951979,0.457484722285429,0.637046681721796
KPNA2_ENSG00000182481,4.42360756782335,0.11150893607258,0.49050396650495,0.0914797578989948,0.762304311819477,0.812231829555141
AMZ2_ENSG00000196704,5.24114664717479,-0.408547849882218,0.386802822806101,1.16952320968647,0.279499229730855,0.490343910618575
ARSG_ENSG00000141337,0.917605480078239,-0.327193053910655,0.901065167510302,0.502785716662189,0.478278653173746,0.65087532459443
WIPI1,2.79497795272422,0.694175757355581,0.49720149451349,2.63114080036468,0.104786399793929,0.261135037794713
PRKAR1A,16.4598995900558,0.477180165450462,0.25630083712168,3.47550642567454,0.0622836547421609,0.183352229170402
KCNJ2,2.18218882911461,1.60335494322814,0.651040342391272,6.32952589465169,0.0118744056956102,0.053386909833235
FAM104A,5.08893559256111,-0.146231440306107,0.395067285352975,0.137207133645589,0.711073438397652,0.78411393140724
RPL38,34.4203260257301,-0.256522578338041,0.173181405746748,2.3468424955107,0.125537053732651,0.297312994743765
CD300A,4.80500579757671,0.534924291481257,0.538945247549237,1.48744623674324,0.222613113740758,0.427454651928632
CD300C,4.64534725571606,-0.578076534187896,0.496446606774892,1.37550662407428,0.240868018000345,0.449388361340284
CD300E,53.9144857157391,1.16264142417133,0.190960013090812,37.1793938378756,1.07746330545222e-09,2.30863466287105e-08
CD300LF,4.75002933393124,0.393310710034258,0.436845036870411,0.869763893098892,0.351020681295128,0.554967681882494
SLC9A3R1,0.704890620808434,-0.0892973298867439,0.897253273510189,0.408099899635836,0.522935500083349,NA
NAT9,0.520006121431619,-0.728333628796906,1.06304484155945,0.579104972362252,0.446663357169045,NA
ICT1,1.03228328355282,-0.911939292698272,0.818957978886235,1.40845350144787,0.235313290507482,0.442466966624685
ATP5H,19.2904560485945,-0.777688929834724,0.218379145151984,12.8409406260909,0.000339117097980548,0.00278940882741583
ARMC7,0.283446620509918,-0.0908604751111259,1.28815078511831,0.049867337680265,0.823294276989595,NA
NT5C,4.31352735707358,-0.999239147266778,0.485256684064918,4.24860114388039,0.0392826749724901,0.13238450534666
HN1,74.5822531275183,-0.642419686034014,0.2535319003381,6.45527785478927,0.0110623243498906,0.0505517700343996
SUMO2,38.7735874110857,-0.208751730054259,0.151197425176967,1.98799074731008,0.158551123024433,0.343158554236745
NUP85,0.568830759786589,-0.581075573829535,1.07730290657577,0.391126138798043,0.531708048675193,NA
MRPS7,6.2594427587249,-0.862319047503126,0.338242968175966,6.73052335848786,0.00947767876539343,0.0449529531535069
MIF4GD,2.65393809385845,-0.191307537892178,0.538686675577458,0.137900203954665,0.710377481650591,0.783963936939848
SLC25A19,7.24059103548459,0.0439916838031599,0.320648773646513,0.0847809865143461,0.770919969147843,0.818184546404223
GRB2,60.5723230721268,-0.0469193151789818,0.140039171460984,0.112504442088067,0.737310682772566,0.797289547208449
TSEN54,0.614242636417742,-0.881304688529087,0.946400276951395,1.20266234762641,0.272790209392392,NA
SMIM5,0.145825189461825,-0.589000917496703,2.04000379498443,-0.235094243432346,1,NA
SAP30BP,9.15974364428772,0.657048999721673,0.293663898430382,5.08020839944336,0.0242004609981996,0.0916566285518955
GALK1,1.76552596366765,-0.222729846093805,0.766094759213767,0.136618381263808,0.71166621469832,0.784227758257742
H3F3B,955.74036230663,0.86821123455285,0.0917181054351369,88.3626587387602,5.44897829383124e-21,3.24187757132018e-19
UNK,2.5521105467612,-0.199078034567057,0.571301657655568,0.17071771580806,0.679474737124787,0.765689810426755
WBP2,11.6126956702591,-0.298252184697723,0.2685159698785,1.40460763200346,0.235953623748149,0.443398897984869
TEN1,4.04607763216999,-0.0516571004283486,0.417064503729496,0.0203626757990776,0.886528816440555,0.89944513032247
SRP68,2.51486667539726,-1.04825923495254,0.539021205530201,3.99247854685728,0.0457037872161169,0.147562069578696
EXOC7,5.93303638731716,0.166446742884935,0.358645211951991,0.230140884489501,0.631419384446634,0.739493167058713
UBALD2,4.1840489913823,0.748357556057645,0.507026676573449,2.20699703668224,0.137385874624432,0.312509517334269
PRPSAP1,2.0559257413789,-1.0408075796027,0.628254328242844,2.81840010788847,0.0931892479271066,0.24105686420317
SPHK1,13.3777910045756,0.251241809516419,0.331555690757618,0.703869598868849,0.401486499758623,0.593990649570459
RHBDF2,3.87850442642985,1.01671637407942,0.434296049459455,5.65959396569198,0.0173601415110774,0.0708275280824784
ST6GALNAC1,0,NA,NA,NA,NA,NA
JMJD6,6.77582912891137,-1.09874442544882,0.382117298652811,8.56067353124278,0.00343502314424843,0.0196360278245843
METTL23,2.66169405070709,-0.507455339170874,0.545461497047411,0.863707094761537,0.352703362637854,0.556479455778777
SRSF2,13.4925737829244,-0.283145121199139,0.336717866178817,0.871381626089956,0.350573099942612,0.554613616413443
MFSD11,3.44486429901068,-0.789009057677931,0.461695204732563,2.96783343832795,0.0849355359810509,0.226494762616136
SEC14L1,8.77787411662599,-0.0334717747857565,0.291299880840109,0.073967432055241,0.785645438460727,0.828503742365744
SEPT9_ENSG00000184640,2.31362852096844,-1.29359900438839,0.585531372760909,5.06362871296128,0.0244330284863467,0.09236619282192
TNRC6C,0.416475330079936,0.478679478131356,1.5700127457904,0.185017609965794,0.667096180059292,NA
TMC6,1.28791183807216,0.887030438242547,0.717137768332168,1.70426533832015,0.191731107270433,0.390211964580942
TMC8,0.4105800154797,0.732977896719739,1.3622470229337,0.371887575218047,0.541977171480644,NA
SYNGR2,23.3197318267883,0.531572668912751,0.225515535512775,5.53653760120466,0.0186233939417441,0.0750323195759421
SOCS3,13.2814640357651,-0.745293842266165,0.275721576758917,7.54133173205238,0.00602994578490726,0.0313148370931455
PGS1,2.64057160276299,-1.54883444664734,0.567896258515717,8.0441986312503,0.00456496082424159,0.0249991777756501
CYTH1,13.1160442429959,0.32190632486257,0.264623412822154,1.52713924147437,0.216542301848129,0.420859887638864
USP36,0.553993942450964,0.581948917575056,1.08460875442404,0.293884254383045,0.587742093427496,NA
LGALS3BP,7.30016618382836,2.6573135717392,0.531314800617361,25.9790998739473,3.45133588426777e-07,5.0237022087394e-06
CANT1,2.56039784690869,-0.582714092389381,0.598253739951671,0.989227681178178,0.31993120923712,0.527986623755249
GAA,3.09552691245594,0.4712825624933,0.465510603954134,1.13442743205667,0.286832926178476,0.497794441127641
EIF4A3,12.3374884606356,0.0749376665892025,0.2337844178972,0.184042488553047,0.667921962129571,0.76007906851068
SLC26A11,0.421195433348611,-0.397438778770433,1.16274991275556,0.114354252254323,0.735240314805336,NA
RNF213,36.7546363012185,1.81091204099344,0.200155938695943,85.4710021228941,2.35124494224023e-20,1.34658215009795e-18
ENDOV,2.23640604145746,-0.239867317722393,0.567727474332569,0.239999967466879,0.624206138263538,0.736420465149084
CHMP6,2.97404353596714,-0.307414245886482,0.486044965062654,0.447159136285784,0.503687131686771,0.665744102192254
ENTHD2,1.39349630516023,-0.686780851179564,0.886418112145992,0.686778194364287,0.407262402856981,0.598151463031172
C17orf89,4.77705145113683,-0.547268713232419,0.391170017674812,2.18222616333883,0.139612390161306,0.316282708653783
SLC38A10,4.13946064008398,-0.905703669134846,0.446123101876902,4.27932568897972,0.0385786502998749,0.13090252992117
ACTG1_ENSG00000184009,202.157572290406,-0.857085120413998,0.240600883712783,12.4670896673265,0.000414184907052552,0.00327923140880883
OXLD1,3.77678459246816,-0.960280442018386,0.444979263558335,4.94063319327942,0.0262324250935101,0.0976623942728008
CCDC137,1.34901879198269,-0.961487858962999,0.790113141225929,1.50502883846519,0.219899211369655,0.424058216292177
ARL16,2.05715632935919,-1.22308719913582,0.638814297322495,3.89807700423737,0.0483414101056625,0.153542751195115
HGS,1.55528190475704,-0.631528296257528,0.648066658743399,1.09696037865154,0.29493414315054,0.505618829477472
MRPL12,1.36640143604069,-0.500245953579177,0.715229308190436,0.869964551995288,0.350965122331475,0.554967681882494
P4HB,8.2615631748775,-0.804061909340699,0.335067151082015,6.08666424488975,0.0136206002484092,0.0589040496275595
ARHGDIA,24.203307482336,-0.00778922141416462,0.199145558851704,0.0224442198983326,0.880911402318811,0.895079600963302
ANAPC11,16.908448988919,-0.700214062565351,0.223782345831857,9.80707606065216,0.00173841677954137,0.0112373607858961
PCYT2,0.438865741994987,0.962045643644283,1.07045847417557,1.71863919950064,0.189868304126121,NA
SIRT7,4.10375009257946,0.353850571571729,0.405087383119659,1.18479846567114,0.276381283895768,0.487861531503544
MAFG,4.26706277075316,-0.252904281494585,0.467968526836162,0.370301737362581,0.542839841362632,0.689577642593327
PYCR1,0,NA,NA,NA,NA,NA
ASPSCR1,1.65648613402087,-1.07713592602871,0.715051824926092,2.40238397396183,0.121150499707937,0.289325901095182
STRA13,5.05795860392421,-0.825469904695725,0.365609761236111,5.20105806634689,0.0225731439890278,0.0870536352201147
DCXR,8.25884401875416,0.0414596182877737,0.342631007637496,0.15140528524779,0.697196018537047,0.775621471985566
GPS1,1.35721324335248,-0.34771949827236,0.727272913837907,0.264817944575732,0.606829315902724,0.726015237768819
CCDC57,0.956610050266521,-0.0830344578959549,0.785427864264181,0.349587937768881,0.554346481219545,0.696684831196343
SLC16A3,66.0994849955265,-0.704778118365083,0.18884653819455,13.9295358077189,0.000189792585424165,0.00165912833591909
CSNK1D,12.5190218743475,0.0551480151077351,0.237765865003123,0.0541500998276234,0.815993017931667,0.848293382361014
CD7,3.57723772074119,0.184316050077384,0.514040269800252,0.129719753774424,0.718722784877572,0.787150456475472
SECTM1,3.7239547340581,0.735600514251816,0.562179644579497,1.93205268037637,0.164534046208083,0.352540082224872
OGFOD3,1.32511911027371,0.508228594315131,0.752427198270052,0.481843433344785,0.487588501504352,0.656979405720903
HEXDC,3.8735678000383,1.03314738997559,0.50672194216577,4.76845835474816,0.0289857702037488,0.105352787549568
C17orf62,8.82304172921805,0.360838863505849,0.320786013604544,1.41662173811652,0.233960249675069,0.441276826718628
NARF,2.09406338809356,-0.74715381566751,0.620109359461943,1.61095364922618,0.204357800218556,0.40460784254564
WDR45B,3.28429271266975,-0.346377873520544,0.450220302595794,0.608113423337258,0.435499025083298,0.621503965000105
FN3KRP,0.820559191231518,0.0319313174473988,1.02324019657155,0.0265849785344372,0.870479849271261,0.887423143625734
TBCD,1.28726547878629,-2.2423746107135,0.884099957114101,7.20033813060541,0.00728898459883846,0.0363736951316629
USP14,2.5753496048845,0.00189297698205855,0.587728424731257,0.00794358095683378,0.928981163442552,0.934010921997696
THOC1,1.02452618331921,-1.22339672788879,0.781885825106386,2.63734457712768,0.104377873338774,0.260222785931654
ENOSF1,0.468391513020863,-1.21501944019925,1.26117039078603,1.14735128249161,0.284104306101146,NA
METTL4,0.81285397439886,-0.606655530001419,0.872535655123363,0.534549769844162,0.464700297536256,0.641514625659422
SMCHD1,31.4048385846344,1.74043291271439,0.240934322799456,53.7901886551881,2.23083971086849e-13,7.15737473727859e-12
EMILIN2,10.8135158308822,-0.255052918057747,0.280130967848087,0.833343652778154,0.36130745550144,0.56295247579782
LPIN2,2.80078582786213,1.45536214905471,0.538186964643965,7.93273547082389,0.0048548346697623,0.0262812958094553
MYL12A,272.5320881917,1.54296576796869,0.086541502383839,317.515113514229,5.03697522357475e-71,3.85832302125826e-68
MYL12B,159.391392607806,0.153335269912248,0.122701277961763,1.61365586716133,0.203978660352377,0.404524670109827
TGIF1,15.1954371104618,-0.153940148607849,0.267047215254947,0.33580266171235,0.562262083449171,0.701319920585916
DLGAP1-AS1,3.43701597811255,-0.531911117753365,0.458920389584183,1.37104059516334,0.241633175516407,0.450343095974618
LINC00667,4.02851152248638,-1.21613858805625,0.48547114743979,6.35952121356311,0.0116753044787885,0.0526075484161883
EPB41L3,8.10128364786809,-1.40864018517933,0.340667348824912,17.5211603926547,2.8412779784384e-05,0.00030175652429585
NDUFV2,35.8855254559605,0.0219353850261404,0.176377039886976,0.0545285258623096,0.815362735716618,0.848021528253807
ANKRD12,24.2782965496196,-0.140191251460704,0.207370836505836,0.458818319134906,0.498176751666803,0.662362146716028
RALBP1,3.01727976593905,-0.197673645424566,0.521324914165565,0.225763146756506,0.634683344154997,0.741773857694132
RAB31,25.7881435113093,1.28039633821125,0.195173171348432,43.9949517861025,3.29223880027014e-11,8.00588863811724e-10
VAPA,19.1855863706228,-0.512140984724704,0.198429729626117,6.68708473547271,0.00971138856509142,0.0457565806900541
NAPG,1.70297092710503,-0.329369661249688,0.701974832016192,0.45681369033241,0.499116876277438,0.663036682815552
CHMP1B,10.6163280213525,-0.0414348658226871,0.316178055778531,0.0464138244873169,0.829425316312032,0.857800948814901
MPPE1,1.2213476418045,-0.2407625164404,0.920377022595062,0.175130952789367,0.675591453032688,0.764175663965063
AFG3L2,1.24201092309753,-0.14867643160955,0.762066793985694,0.104473580579295,0.746525809583407,0.802299221523522
PSMG2,16.8552374518617,0.478981258493949,0.213812328534881,5.0605678620542,0.0244762168095193,0.0924724146786278
PTPN2,11.3110776521291,0.530995234512912,0.302657910288749,3.0960394857463,0.0784830128365326,0.215390548186394
SEH1L,1.11316090720747,-1.93175233669542,0.923156730917021,4.98223607719219,0.0256088626301013,0.0958353680992453
LDLRAD4,1.66383918332383,-0.312112645597522,0.745104434491331,0.268720326575448,0.60419148250452,0.724840525604483
FAM210A,0.671547822452822,-0.54952039090224,1.03785021003835,0.356890940787196,0.550238018111842,NA
RNMT,1.86924118711251,-0.579884897211912,0.577543853656796,1.22670383211342,0.268049023222538,0.480012979049595
ROCK1,11.5079305564016,-0.130885326335475,0.257259331765233,0.261238757145094,0.609270386599874,0.727373646811616
ESCO1,1.67763241427614,-0.189118656551555,0.660708264045296,0.101856032864482,0.749613589262452,0.804629895778649
SNRPD1,7.3103152276059,-0.888931985534043,0.348265198430476,6.76670649460846,0.00928740719424308,0.0441187839428849
ABHD3,14.8274399255858,0.338738820781784,0.280121848666215,1.54615152573189,0.213704480360811,0.417196895715531
RIOK3,4.65611235713794,0.229785772368862,0.469137819472956,0.247822142394512,0.618612765788951,0.732958048869817
C18orf8,3.41101214884387,0.549475355217505,0.464677270908183,1.49748489455122,0.221058757871389,0.425588460017552
NPC1,0.80298839420202,1.7478517115415,0.916870049663196,4.43626160507644,0.0351832079108254,0.121740653911653
TTC39C,2.28590285695992,1.10983182346894,0.608091418770728,3.43235570046135,0.0639308502560854,0.186734151748947
OSBPL1A,0.654025148337021,2.82772756092822,1.0061700535362,9.56212155948351,0.00198633411928127,NA
SS18,2.07684755433367,0.770294730793601,0.634421513436983,1.71647453944315,0.19014748234911,0.388149157839888
TAF4B,0.314257877109036,1.25181611330359,3.03995883037563,0.545685401341004,0.460086015655143,NA
RNF125,0.676495093004205,0.532950359648167,1.05269901586209,0.507577521199536,0.476189413176591,NA
RNF138,5.10412557261285,2.1006130608267,0.425812253924689,28.0124903329262,1.20534940734041e-07,1.90889153192907e-06
MAPRE2,1.45039648343067,-2.98718227475452,0.896825590915272,12.619225038853,0.000381799585766677,0.00308663306276807
ZNF397,0.917234095536915,0.585107669849862,0.829666098251681,0.538447665447066,0.463076777136299,0.640283052863547
ZNF24,6.90571533106519,-0.0283287216488304,0.327756026614374,0.250347620744606,0.616830413318802,0.732403947455458
INO80C,2.68071288283314,0.188925257919519,0.527630862144927,0.479057819745044,0.488849395763358,0.657722319296175
GALNT1,2.11345615465578,-1.51761811740152,0.639098083384073,5.90407342646327,0.0151059097520153,0.0637365188162756
C18orf21,5.08766464490089,-0.210327719587942,0.44414224211739,0.561099569685453,0.45381754822948,0.633772546843722
SLC39A6,3.28095844463704,-0.707468635051745,0.582082761993847,1.48092609870709,0.223629681772306,0.428652702502561
ELP2,1.4710411575334,-1.39510751983969,0.711945559840172,4.13260759860837,0.0420644864421738,0.138586652106259
TPGS2,3.89874442001218,-0.0472996601636867,0.433682810990549,0.177740679998607,0.673322097177779,0.76296557165411
PIK3C3,1.99104995913735,-0.802413965017798,0.609660635172983,1.81767691403183,0.17759004903969,0.369428969067739
PSTPIP2,7.45603454710749,0.748530450623468,0.439170397503313,3.08278935588169,0.0791247184765241,0.216366030711352
ATP5A1,19.3934304586356,-0.573137217510487,0.234933339817556,6.18637258596165,0.0128737806468009,0.0564309927064346
HAUS1,3.448774102512,-0.267379913523214,0.44843402784696,0.382500669883896,0.536267949367037,0.685492280709471
C18orf25,2.62615947906075,1.58341184056152,0.585022298432035,7.92187682203717,0.0048840580919671,0.0263928641865735
HDHD2,1.3385588985148,-0.246645221520635,0.697572208936393,0.191424512439845,0.661733643426927,0.757397042756856
IER3IP1_ENSG00000134049,5.27898146346765,-0.310480830810845,0.417238636151365,0.582119217546193,0.445482852154492,0.6279153700103
SMAD2,2.62950287452288,-0.723045344084939,0.488682100462896,2.32705521685443,0.127142196977484,0.299658279806537
SMAD7,1.74043766878993,-1.46881738679862,0.788113718691999,3.55093419289663,0.0595119358967353,0.17789714301229
C18orf32,3.71519963737962,-0.255575023786147,0.430532896242358,0.657022077841049,0.417613234491046,0.606829748893031
RPL17,23.8857890726715,-1.25395690775462,0.201301148648758,39.6373039743915,3.05786165378684e-10,6.86394733128417e-09
ACAA2,9.18669968192556,-0.690263329803952,0.332752457124227,4.52898823274325,0.0333253146625266,0.117501454690428
MBD1,1.67416532967114,-0.0288696021343925,0.647481110976403,0.0199145657164266,0.887775952064896,0.900263285496224
CXXC1,1.56940018808212,-0.540568568252895,0.658670406240383,0.770360664681689,0.380105500946463,0.576698814013352
ME2,7.82113389040723,0.242399551339353,0.349366847316148,1.24209266073895,0.265068127910546,0.477746319951713
ELAC1,0.863385721996319,1.59005818482246,0.910987118062937,3.39187814324472,0.0655182792200945,0.190012311907591
MBD2,4.94468848413061,0.882355827117974,0.417366892463534,5.01720581431735,0.0250966357666872,0.0942931845360265
TCF4,3.87398495425028,2.07447859343776,0.534625116674727,16.363497350513,5.22824924628401e-05,0.000523508355902425
TXNL1,16.6024045972163,-0.283769823936523,0.213149198031599,1.77942303626708,0.182220190220733,0.375848308876692
FECH,0.739656924003759,0.208704311105437,0.897182977934469,0.247210640025777,0.619046035993384,0.733108722104877
NARS,2.23636519462424,-0.845096600367726,0.645906266071361,1.78333368016488,0.181740501984986,0.375111416693835
RP11-35G9.3,1.32509621952978,1.88500859634966,0.847688013574043,5.36617065229766,0.0205310032444058,0.0808053872072696
MALT1,2.89330310139832,0.828747937968668,0.536747477416907,2.48222768023899,0.115139070689588,0.278442077816019
SEC11C,7.06324298531664,-0.223519303022124,0.327532807862267,0.471650255261636,0.492228952048214,0.658951534473563
LMAN1,2.11147494600839,-0.0530549856361557,0.563723963348191,0.0414652749261322,0.838642459584289,0.863911912037771
PMAIP1,8.89729015535411,1.54876798406359,0.403898956554698,14.4856336905924,0.000141232555086456,0.00127834428665601
BCL2,1.24613746609723,0.49024472902724,0.841406461747269,0.455206689261644,0.499872695329766,0.663609158791335
KDSR,1.40915487181956,0.48592167108229,0.735404302899436,0.442650749114776,0.505845818675923,0.66727498732762
VPS4B,8.89290898909672,-0.27736271632866,0.282934928925339,0.967814437427108,0.325225857371058,0.532883436890333
SERPINB2,1.45814759472593,-1.39078625913787,1.48708175444405,0.662837893133371,0.415559844526783,0.605025119330038
SERPINB8,7.04415424257137,0.526553761102297,0.331949315977193,2.65007825416205,0.10354479884708,0.258927010306668
TMX3,0.782645725158089,0.427942292466691,0.960007772817858,0.225133556924455,0.635155938885558,0.741878989334668
CD226,0.617287980543972,0.255721894873035,1.13916990547648,0.105895725731138,0.744866070166116,NA
CYB5A,4.78993186652354,-0.355090922648311,0.394062909743207,0.825682114705756,0.363524069601802,0.564683269586778
CNDP2,24.0504576225363,1.09928023300093,0.212315444776103,27.2909466126121,1.75029008398337e-07,2.69491900368092e-06
LINC00909,1.55041153260836,-0.16769127481996,0.707434091291766,0.156925240729322,0.692003295694817,0.772447840142065
ZADH2,1.37826857484618,0.293929729169635,0.848842165108074,0.133416329068801,0.714915840808103,0.785126213704669
MBP,7.47815887737151,-0.207905550546321,0.352754277655115,0.347005038264257,0.555813421235265,0.697310466696902
NFATC1,3.49011612697498,-1.2185127076463,0.548687304047883,5.12718641738492,0.0235538791151125,0.0898743282798316
CTDP1,1.53621691235212,-1.61834333072055,0.752678314941422,4.88586834140613,0.0270774109636865,0.0999580568587174
HSBP1L1,0.572343902129434,0.745547320081689,1.24446327753341,0.410480847987998,0.521725546778493,NA
TXNL4A,3.23469820874489,-0.547351751140329,0.531794064893046,1.11292197616325,0.291447656675321,0.503237881123237
RBFA,0.631982432825499,-1.15164677595971,1.2779353938047,1.08512716057949,0.297553400034108,NA
TRIB3,0.241374819620461,-1.24793552816307,1.58398505614702,0.831627631288772,0.36180230433931,NA
RBCK1,48.7254546987648,2.28839101968054,0.164846519750138,209.353054692274,1.90113057783508e-47,3.32860805170667e-45
TBC1D20,2.16086532212679,0.455927121873237,0.56329088690997,0.688290913686899,0.406746313349026,0.597910485083199
CSNK2A1,2.63878839063163,-0.115374473033758,0.551773400756176,0.0434407968396897,0.834897481974572,0.86164713970142
FAM110A,6.66164109548705,-0.640121844623793,0.343141704742881,3.49954711718726,0.061385613691702,0.181812972790116
PSMF1,10.4298961941505,0.17191807873787,0.292733563798636,0.354841871066952,0.551384978641789,0.695673697573992
FKBP1A,55.7012073042301,-0.657062604475687,0.146332735363025,20.1961904482924,6.98919847223216e-06,8.30035043368966e-05
NSFL1C,9.0857572628229,-0.499912395878521,0.353752459159697,2.24045957622059,0.134441016818708,0.3086753657044
SIRPB1,1.00925797700099,0.498479421907786,0.928223317332792,0.585814959231946,0.444042026397587,0.626546059812207
SIRPA,7.517726808378,0.266115575243325,0.373292831971405,0.527404717042742,0.467700018575202,0.643489008814914
SNRPB,23.7317246431874,-0.114434354851989,0.201009131556999,0.357885809482298,0.549682753679684,0.694289321610998
NOP56,2.39246375198135,-0.421283496067362,0.659185728206426,0.93980959495947,0.332326813769591,0.539755821569057
IDH3B,6.91820744008352,-1.25530750613536,0.465252948980286,7.49124343381921,0.00619997302674719,0.0320619702176428
VPS16,1.80446880181144,-0.677488068513414,0.693498444837635,0.988206132282933,0.320181207001169,0.527986623755249
PTPRA,6.06980110535933,0.995835740117485,0.411145155797127,6.02082594416147,0.0141380286490162,0.0607216016863051
MRPS26,2.67029126898278,-0.948581487680901,0.601608792738301,2.52186177588414,0.112277954021512,0.274885857868087
AVP,0,NA,NA,NA,NA,NA
UBOX5,0.201894559344296,0.517188566213023,1.62645724439633,-0.132952848874858,1,NA
FASTKD5,2.21549558041113,-1.26785691323144,0.643530697433448,4.00503660177392,0.0453645121564896,0.146931147196072
DDRGK1,4.74407821577437,-0.696219931807512,0.410140537970564,2.88355859833686,0.0894880567893979,0.235256461606791
ITPA,3.05711507383036,-0.540984563674132,0.508994793816719,1.37531429606422,0.240900908453465,0.449388361340284
C20orf194,0.797835350456601,-0.51908295450578,0.928638351366453,0.454127699991879,0.500381265355078,0.663984696172144
SIGLEC1,3.88382637912305,4.58478647246618,0.776804265218785,45.8369977384372,1.2851328976754e-11,3.26775701118457e-10
C20orf27,0.871507415613514,0.706094014786394,1.05582042483367,0.762694631643939,0.382486557953536,0.578138173621436
CDC25B,1.01664931476525,1.1392512282973,0.81680296907095,2.04755833535206,0.152450511371096,0.334964766469013
PANK2,15.5213467828416,0.785230980346839,0.246580565331946,10.6496108491735,0.00110094068281123,0.00770189810289884
RNF24,3.97992471424603,0.371971547568059,0.433880772723095,0.751716619586219,0.385933282514639,0.580938136882757
SMOX,0.685729328451718,-0.384944899371201,1.05440181329694,0.337143387333704,0.561482772224272,NA
PRNP,5.7016820175924,-0.773560754659159,0.38405810984348,4.14659336130356,0.0417183752438481,0.137777205309287
RASSF2,2.29777476092149,-1.81673981325535,0.636938894601678,8.79657462209875,0.00301796648444155,0.017681739748156
TMEM230,13.3497061581377,-0.967842379713905,0.247440631008122,15.6639753398881,7.56514718097645e-05,0.000735860665476566
PCNA,1.18270954800493,-0.12394635329101,0.815401395314791,0.035110052384546,0.851365238125809,0.872727698098856
CDS2,5.45241077321442,1.06547991388127,0.385504695075468,7.86182171897416,0.00504894969229857,0.0271880173237308
GPCPD1,9.95013894477376,-0.99260640992775,0.324613094074139,9.4649834151374,0.00209431327052702,0.0132172520306793
C20orf196,1.05454078548493,-0.411715676453502,0.802756410317699,0.276425340230887,0.59905380499477,0.721927574632832
TRMT6,1.53174977975311,-0.507109523221437,0.724034847758933,0.490399716158066,0.483749054402157,0.654685116028361
CRLS1,0.578039764428919,-1.35216024512837,1.22577034045953,1.53955489476142,0.214684070338907,NA
TMX4,3.81984617865256,-0.00234506827992675,0.459551967736033,0.0257302700798334,0.872560808677981,0.889396645971169
MKKS,7.21910878382644,-0.721455944623043,0.346914701093782,4.35799493355526,0.0368356365277639,0.125684176304085
ESF1,2.47495921529999,0.291126567105504,0.596095634279736,0.417919772676434,0.517976866511674,0.674918546696767
SNRPB2,18.3723093660465,0.359698994025741,0.218702787355828,2.74453502819605,0.0975874606513143,0.247523161784459
DSTN,8.51930629502064,-0.937703444195527,0.312053502202338,9.15632994462079,0.00247859171372619,0.0151282968343766
RRBP1,6.9422910304965,1.26827326829795,0.341025608055901,14.4455216967394,0.000144272491708568,0.00130014974880898
SNX5,2.69517223467856,-1.60611493701735,0.541305106123504,9.33958640135558,0.00224256132694407,0.0139234202750894
MGME1,0.592921356210596,0.501022281020489,0.992368109934346,0.399553452001591,0.52731996296076,NA
PET117,0.762731853554029,-1.36052197430716,1.00637104835491,2.01447104401564,0.15580556096683,0.339536442960433
SEC23B,3.56719864344647,0.318219863883281,0.440472346348103,0.532327319972637,0.465630046015232,0.641929919905566
LINC00493,9.31469272700549,0.181608521884877,0.293107019784438,0.387198776463819,0.533775531090674,0.684447887533721
DTD1,1.11672259392779,-0.419730392162155,0.776169123333516,0.430974654124846,0.511511087488642,0.671009364977735
RIN2,3.12462961288638,1.97573415506793,0.543137582447952,15.0894743359011,0.000102533409425931,0.000959274401468866
NAA20,7.67396300375817,-0.503648725929858,0.341610459670151,2.25238153272591,0.133408945666566,0.306995876471917
CRNKL1,2.88393813743515,-0.89346042255141,0.566738473815253,3.11890070691477,0.0773889756730047,0.21314141255019
XRN2,10.5314847042696,-0.378962258051501,0.317420863876992,1.42603598550879,0.232412458718773,0.439303993531351
THBD,0.663427890307001,-2.5914472712372,1.42032642733239,4.74748594108646,0.0293411314781949,NA
NXT1,3.60706445555209,-2.09247787526432,0.516003274828984,18.9589369345533,1.33562185852774e-05,0.000150730953021326
CST3,354.849061809316,0.810101159040362,0.177801768460157,20.579570403034,5.72033131998816e-06,6.85991982952788e-05
CST7,3.08734970312214,1.15070301424169,0.591735569953356,4.0087080663281,0.0452658238983878,0.146689036937769
APMAP,6.21196342834697,-1.04466942226227,0.36545865031283,8.29355139245953,0.00397861046259957,0.0222250910800457
ACSS1,0.731584869755918,-1.35986920112799,1.02292638666207,2.10393275324276,0.146920819872649,0.325922120239322
ENTPD6,0.382237441737933,-0.234615074642359,1.28988573940556,0.454309704423039,0.500295417947189,NA
ABHD12,5.7804510701261,-0.155412668946568,0.354377718209975,0.220059294147418,0.638994742923913,0.743169441001659
FRG1B,1.06191689422144,-0.760388168165573,0.766489451071432,1.04025460525625,0.307762264860517,0.515996486748358
HM13,11.796235147734,0.252107115286067,0.240401410895602,1.09857957708712,0.294578039186787,0.505618829477472
BCL2L1,1.49068972719918,-0.765181544392016,0.689860973164831,1.34344496517298,0.246427354196983,0.456225627347164
PDRG1,1.51226817833261,-0.537498323271755,0.698574088329642,0.6708714308919,0.412747951488392,0.603512156220679
HCK,32.6428660301054,-0.5949712249905,0.227909622108773,6.79162676214565,0.00915864122408853,0.043756614168204
TM9SF4,1.2922683924947,-0.31259018375793,0.755141540819452,0.178835570795187,0.672375848108642,0.762363133765854
ASXL1,1.12487077363958,-1.70425605484333,0.881647242740908,3.86169096566206,0.0494005166204155,0.156044518479333
COMMD7,11.8566313093386,-0.268108329953666,0.275460889954598,1.29426512636883,0.255263427496525,0.467081004388983
MAPRE1,16.8941496395034,-0.0328864270565451,0.245960852004857,0.0737883990506418,0.785898685016517,0.828628207464078
CDK5RAP1,1.60621459882937,0.068789985112228,0.696138319282324,0.417641116098672,0.518116434380984,0.674918546696767
CBFA2T2,1.55014798419828,1.06177020311988,0.714800744260581,2.25606753081932,0.133091647106718,0.306726443576521
CHMP4B,32.6815502059437,0.127443477200449,0.173393155662095,0.842122698579914,0.358790382872299,0.560884557714655
RALY,20.727901869471,-0.0980764103510409,0.233558591336257,0.211787318082457,0.645370114799576,0.746879004456237
EIF2S2,20.8381516749111,-0.0987932589708261,0.201973692141693,0.281114882478732,0.595971412718594,0.720733505555053
AHCY,1.43486204135218,-0.619216720590067,0.727259454647221,0.779999476550934,0.377141299876371,0.574656454323254
DYNLRB1,19.4667513765722,0.201078263674418,0.206273982842788,1.00870631787745,0.315212964785274,0.522906699357742
MAP1LC3A,1.4929014181852,-2.09143215804847,0.741791222766135,8.64371317541057,0.00328191859179359,0.0188664138184907
GSS,2.52479374212847,-1.03088827854318,0.538517173177443,3.73848090598494,0.0531727663479348,0.16355098604513
TRPC4AP,4.99933185291542,0.576306998536351,0.41034049486268,1.98945737833911,0.15839762677999,0.342989631416177
EDEM2,4.25954064204781,-0.922754376433703,0.413234142205124,5.1412095841477,0.0233643638205166,0.0893180421036344
PROCR,0.685782216919909,-2.57790270298228,1.09806011097187,6.47238052899252,0.0109563676787726,NA
MMP24-AS1,14.0185866042279,0.0657747424709539,0.242160081011777,0.43360855958899,0.510223574562226,0.66994858901164
EIF6,44.872775738211,0.0461922638087345,0.176114610002877,0.077275054341186,0.781024709952267,0.826047535828011
UQCC1,0.702807280986562,-1.10807826191698,0.93518349097195,1.65707979148964,0.197998066217277,NA
ERGIC3,13.3978710116645,-0.136599664214214,0.257372586041696,0.597209165315775,0.439644841473605,0.623500020492999
CPNE1,5.40294312098516,0.0746213221125069,0.389124483307533,0.174634714018055,0.676025215495963,0.764175663965063
ROMO1,5.19664063540693,-0.30539301413195,0.427803663532168,0.513166483136217,0.473771313231496,0.647990196520538
RBM39,22.4394634038771,-0.125655827603594,0.189821299113943,0.461666741228186,0.496846047987632,0.661760678682422
PHF20,2.02963436188843,-3.51618889669497,0.782824773457494,25.166040316456,5.26003231528139e-07,7.51363124196838e-06
SCAND1,28.5911880636941,-0.380057099458574,0.184108097432567,4.27944530890412,0.0385759353230294,0.13090252992117
LINC00657,3.24779668707586,-0.214526050717604,0.473901183463513,0.223378147354083,0.636477907259098,0.741932017440318
AAR2,0.999372963716296,-0.956783409621349,0.806886266110097,1.78936333710523,0.181003753202781,0.37413343157329
DLGAP4_ENSG00000080845,3.47588180049899,0.382306238632243,0.453740435075249,1.46013288857316,0.226908977974798,0.432368848578844
MYL9,0.196325860155991,-0.967453359531102,2.19722469251307,0.321790241672982,0.570533756411818,NA
TGIF2,0.896368908880639,0.713290999305028,0.880086043677133,0.740341572624018,0.389551482197719,0.583946057462726
C20orf24,50.4542813530859,0.600562630898163,0.172740585435484,12.3481945592384,0.000441413153523746,0.00345905345881524
SLA2,0.387337187551207,-0.96157328275805,1.37693797168197,0.614762319754508,0.433000326458493,NA
NDRG3,1.28346608566434,-0.630415599222837,0.849621373805673,0.691102940919372,0.405789482822064,0.597910485083199
SAMHD1,20.7909557522997,1.11806787380667,0.243043833628004,21.2091469424272,4.11794554679319e-06,5.05706819854683e-05
RPN2,12.0520347162157,-1.33078495018043,0.32207963225995,17.6971585603946,2.59013219388163e-05,0.000278461931300117
MANBAL,2.28208864331767,-0.388064954519905,0.534095595624462,0.672024703335872,0.412346592738049,0.603213158342985
SRC,3.34297352890799,0.31428641581905,0.560036506607995,0.315230099470057,0.574488380769834,0.707915704274591
BLCAP,3.30227072320061,0.153503090325234,0.469966495424869,0.122241593187098,0.726615903706624,0.790509140625705
CTNNBL1,10.6000198419436,0.432763120606636,0.321338723228034,2.18724151464008,0.139158340327659,0.315720958729321
TTI1,0.357338355274331,-0.317413023126578,1.38456634906468,-0.0754218350500295,1,NA
ACTR5,0.283799233026443,1.12012629514073,1.78041369748256,0.984351538578096,0.321126837562861,NA
MAFB,78.9611882770118,0.522087868744993,0.150913723155769,11.9011712009413,0.000560986601215195,0.00427046694689033
TOP1,14.2195378043961,0.929627934594228,0.260217116635226,13.0998026310592,0.000295326891363621,0.00246486204902423
CHD6,1.65056650283527,0.432721582276014,0.661882781337716,0.426202884563423,0.513858041243973,0.672559179142047
SRSF6,2.76708191418059,-1.49753730233649,0.620372759014661,6.15838341507857,0.0130790688344304,0.056964132066375
IFT52,1.1450568666905,-1.36145874530393,0.886753022048129,2.80461178476778,0.0939935942005557,0.242115487709544
OSER1,20.4150056650394,0.323386154282968,0.232264911079148,2.10551576257757,0.146768848809172,0.325751360196524
OSER1-AS1,0.175606462926865,-0.921544037476265,1.96365153412135,0.0231465979695997,0.879076468351645,NA
TTPAL,0.801791462556859,-1.34326297349362,0.964833263781136,2.02514367850778,0.154714290164527,0.338096493946906
SERINC3,6.73923199876021,-0.635072605205131,0.32606799664572,3.84774423832781,0.0498129428851597,0.156862134635282
PKIG,0.534290103593085,1.2335814898362,1.17851849914335,1.41265073424728,0.234616854259006,NA
ADA,129.848368007205,-0.0814407041707306,0.227850119837236,0.127745220596381,0.720781422955694,0.787642810070056
RP11-445H22.3,0.611298696711712,0.773981013100509,1.10927694738582,0.668604775514559,0.413538469052389,NA
YWHAB,60.6452509268135,0.1895398697911,0.128294533195846,2.22831089683453,0.135501908849946,0.310413344834567
TOMM34,0.394299372280384,-0.885590909474632,1.14921483782771,0.879060168481359,0.348459220912272,NA
STK4,15.8234391135621,0.217496856662001,0.229002634210143,0.901485607213559,0.34238367737865,0.547385122613192
SYS1,3.66024806246178,-0.238539994270748,0.435299892546415,0.397568328221681,0.528347752904145,0.681314661970115
PIGT,4.62974864347006,-0.925400891583076,0.405695719343316,5.33389394054416,0.0209146074539366,0.0821568682549508
DNTTIP1,7.3539945540476,-0.211681297325175,0.351690308578466,0.40213261976092,0.525989933476411,0.680336586364439
ACOT8,2.32544888284814,-0.939877850108877,0.585841256306817,2.64976219967715,0.103565387728778,0.258927010306668
CTSA,10.4658737543597,-1.06797203635813,0.303404418563304,12.7661913983613,0.000352940723403469,0.00288761115222491
PCIF1,0.83739835328981,-0.758426204742366,0.931666955741915,0.886693061355366,0.346375032964329,0.550516314166246
MMP9,0.653956393288301,-0.64625186030069,1.07998717829654,0.580422159356587,0.446146895509705,NA
CD40,25.37397928209,2.43282772587097,0.23373758585459,119.950912462949,6.48456009549802e-28,5.67676918074456e-26
SLC35C2,2.52503725205362,0.49794946917318,0.522871402602869,1.06268581791758,0.302603410598045,0.511969547251468
ELMO2,1.24324623540239,1.6700457177715,0.774636945357873,5.40687866899588,0.0200575492656567,0.079400944379809
TP53RK,3.60025712879755,0.192581110491334,0.438164741586709,0.29198245540357,0.588952918188058,0.715807910086556
NCOA3,2.12754887159465,0.580193517327651,0.602580459347839,1.07814330438291,0.299113283050088,0.508871690038545
PREX1,1.64442881000046,-2.43009175519237,0.759197332198221,11.4913672178254,0.000699201846023561,0.00519955804639473
CSE1L,0.503957857606872,-0.000156000374025936,1.07814250802124,-0.0273018442145343,1,NA
STAU1,5.27969771904659,0.785075899629871,0.36367797872524,4.81775060234672,0.0281680817979632,0.102746431701142
DDX27,4.97706877221439,-1.16433005499073,0.592571323530759,3.9519643894487,0.0468166863222896,0.149970022887084
ZNFX1,12.2147076749074,2.2657630495062,0.30248097032132,63.384148053416,1.70081223989035e-15,6.76790740652472e-14
ZFAS1,45.8537302593075,-0.0644729769167158,0.217567426835654,0.149143129057563,0.699355563287053,0.776623834351974
B4GALT5,3.57168238300176,1.15310338136808,0.569912626166088,4.24903221765422,0.0392727046581113,0.13238450534666
RNF114,27.8969622856826,1.34651602415172,0.196081561381369,48.630237509433,3.09067072714328e-12,8.53136496213243e-11
TMEM189,4.78297920717379,-1.00045068684231,0.431163893517277,6.14445464033075,0.0131824812988624,0.057333034350198
CEBPB,117.046441477425,-0.460667315702046,0.135627211873136,11.5024636027091,0.000695040075636729,0.00517521942102294
RP11-290F20.3,80.6107327191387,-0.746566770920583,0.158164060239351,22.0817807052857,2.61277832988055e-06,3.32871218409729e-05
PTPN1,9.17170510073672,0.280118373938857,0.296823145436372,0.887233602519046,0.346228077961971,0.550516314166246
BCAS4,0.527747719100961,1.04675670627934,1.22974849613392,0.871735777009174,0.350475220034193,NA
DPM1,10.4879485192655,-0.565208833421701,0.276372707471161,4.20629692002619,0.0402741664813267,0.13451053900203
NFATC2,0.285742258858087,0.881841976988819,1.30785164735727,0.578932115103864,0.446731202376161,NA
TSHZ2,0.634609970058995,0.933647697405287,1.32921555987179,0.534869498678198,0.464566784967905,NA
ZNF217,1.82914505977752,-1.00153236293553,0.610892604140964,2.98083119697632,0.0842559924693555,0.225625159207259
PFDN4,1.27840828626249,-1.29755635856704,0.847256892724032,2.78814608569442,0.0949640345212262,0.243387538078659
FAM210B,0.736505766268881,-1.76272834659187,1.0295865788068,3.77404633569503,0.0520535660985453,0.161429277860266
CSTF1,0.450527196804155,-0.335634292793168,1.11800441659941,0.55383004878265,0.456756947529056,NA
RTFDC1,14.7661317131237,-0.0930810114102427,0.24038490965745,0.349326485803914,0.554494637925156,0.696728140497305
RAE1,3.54205906991854,-0.121673302556136,0.44802554178862,0.0861134740233211,0.769177467956677,0.817127333629408
RBM38,0.330798204715312,0.727106172150426,1.53142850257887,0.137617487582947,0.710661134653931,NA
ZBP1,8.23494545892629,4.93714624966654,0.644015426234314,100.6249119993,1.1116079248634e-23,7.74083336768512e-22
PMEPA1,1.31011719023249,-2.75760879221638,0.891343713175833,10.9465117479872,0.000937800000162246,0.00669014947729248
RAB22A,3.29962442120803,-0.191548511500444,0.456103084324429,0.187528583461116,0.664981565397925,0.758705461321632
VAPB,1.94971798797758,0.277405308625999,0.604815794290882,0.212343578275345,0.64493669996538,0.746679028412592
STX16,2.18491518281265,0.26691718803956,0.546415340829381,0.319340193292689,0.572004434642616,0.706025869354144
GNAS,21.0976702068537,0.00816304520854836,0.224837203666648,0.0192387098602467,0.889684312799877,0.901750821838844
NELFCD,1.51852974594052,-1.30709481017123,0.697131521470443,3.90227902194947,0.0482206529231726,0.153345179612455
CTSZ,18.5425329492695,0.882676793056277,0.241271098637418,13.4245385373302,0.000248354104216105,0.00211670924984185
TUBB1,0.72615758401365,0.616989948482009,1.01945013180444,0.749885074867905,0.386512619185568,NA
ATP5E,114.215875317053,-0.226296245695671,0.108217922908553,4.37639226897204,0.0364400493541404,0.124403689382826
SLMO2,6.02152814035085,-0.145930560533027,0.384606405115716,0.150956635210022,0.697622834672106,0.775621471985566
FAM217B,0.336370002236103,-1.06754371610494,1.36831856299192,0.845869252438778,0.357723538815663,NA
PPP1R3D,0.751645196609511,0.0401946189362506,0.939169692000333,0.196372170990337,0.657665199460254,0.755078913034458
PSMA7,80.721838451355,-0.446905953673506,0.127094011694612,12.5481764520126,0.000396593132887029,0.00318105067844465
MTG2,0.70711631457132,-0.0206094839231202,0.875614516339917,0.0766255934283748,0.781923481521793,NA
OSBPL2,1.1112594879972,-0.0475180441373894,0.742313133171624,0.288003292880688,0.591502917414917,0.717058333910705
ADRM1,28.0060085845189,-0.210918985610232,0.175230530651802,1.63966329567,0.200371671561056,0.399699740666065
RPS21,26.2266852653064,-0.18161107262609,0.210579025509904,0.748206092984674,0.387044787343224,0.581896579204926
OGFR,16.6076339856681,0.769113543457187,0.216716942511703,12.7524073022933,0.000355551257100227,0.00290122250800292
COL9A3,0.022234463984498,0.188771910975805,3.05638018485058,-1.11593092664981,1,NA
DIDO1,0.900460306612115,0.697311077899122,0.904846402535166,0.732244675680491,0.392156567976492,0.585844819249132
GID8,5.24802385345742,-0.44797320951613,0.348310004413189,2.22270298380565,0.135994781277654,0.31107727497927
PPDPF,65.7045738864395,-0.384815816931955,0.144724951062595,7.26672387287522,0.00702438145441276,0.0352831225841323
HELZ2,9.16703345294047,3.22428592066363,0.415682371843903,78.9732661319381,6.29561263020085e-19,3.24197598301436e-17
CTD-3184A7.4,0.406580658861361,-0.492612790171831,1.12924000599205,0.643519734759728,0.422439116760363,NA
STMN3,0.24119103380823,-0.596419737603517,1.45852946189241,0.0718005232446224,0.788733036205386,NA
ARFRP1,3.37467477458503,-0.658778902408958,0.500844537601209,1.75660928555916,0.185048005838272,0.38103971094655
TPD52L2,9.30927305945036,0.19560301150229,0.319956402600506,0.382155687822973,0.536451800761962,0.685584282600481
DNAJC5,3.68188177745714,-0.227833256291694,0.452290454347232,0.257967874200816,0.611519702134159,0.728453870422752
UCKL1,0.512236097209721,-1.82119375582619,1.26877037896006,2.94870568619785,0.0859463666188117,NA
PRPF6,5.26857343063955,-0.159732590791059,0.368434976513785,0.266321236050118,0.60581026258618,0.725362502760474
TCEA2,1.22355611275086,-0.997242763318699,0.76748921011266,1.6845035805411,0.19432710582097,0.392287499820304
RGS19,31.7274220174133,-0.367928041811607,0.215780746350463,3.00075035614026,0.0832259629214408,0.223884416498064
TPGS1,5.74052049484682,-0.725036260686293,0.39549337892171,3.3871450672375,0.065706627681264,0.190394212138998
GZMM,0.485372139302439,-2.56838957613882,1.25386959600346,5.38412385131611,0.0203207898017972,NA
BSG,17.8730908798952,-0.632122560083201,0.224694548348268,8.62402103019434,0.003317586876698,0.0190535823621419
RNF126,2.11206367586398,-0.752096483987701,0.6293478854965,1.42649996754059,0.232336495998209,0.439295910977176
PTBP1,2.60102713036347,0.352946793660231,0.510149120130314,0.687047356045063,0.407170503750226,0.598151463031172
CFD,112.482900741593,0.510419079516154,0.243305421138641,4.38858836146801,0.0361802573995743,0.123861797399213
MED16,1.12678523763147,0.150693532465229,0.966605597337472,0.229024333148153,0.632248216266567,0.740098771591504
R3HDM4,5.97757002045974,-0.219756562500274,0.347960535146265,0.513025055119414,0.473832256953089,0.647990196520538
WDR18,1.20134708790031,-2.07052217263718,0.850385495508669,6.46795094518676,0.0109837100874381,0.0503625400744588
TMEM259,1.87001616304898,-0.270661774824767,0.629639086209005,0.445783138054907,0.504344307312537,0.666225892479246
CNN2,2.98026050106504,-1.66035620395964,0.567612370699426,9.04950576484784,0.00262765842079591,0.0158020518180935
HMHA1,3.28355727044313,0.0263716041888975,0.56588662675168,0.0694807498521754,0.792094312852599,0.833153784613925
POLR2E,13.2833059943329,-1.11718853927045,0.348919878838091,10.0359852849916,0.00153511413232057,0.0101261349869327
GPX4,88.5944400958447,-0.636998357353887,0.1744581967667,13.3340826776539,0.000260625463946804,0.00220291426629795
ATP5D,13.684530342303,-0.396540066000143,0.234621917688047,3.07634376948464,0.0794389202913641,0.217044475303687
MIDN,5.9099775958271,-0.460381467088971,0.368753477904405,1.81171673360883,0.178302428696029,0.370762566355367
CIRBP,39.0036701989033,-0.155447640538544,0.174106486494418,0.796155217690554,0.372245388030999,0.571177568803584
C19orf24,4.19319152961629,-0.716817554060176,0.433231901261052,2.75004246345883,0.0972518455967305,0.247080974219223
MUM1,3.28572974998057,0.209829355544584,0.527873777561553,0.2693202508773,0.603788118563907,0.724640342843639
NDUFS7,11.5159632621781,-0.739945789396554,0.261243921442782,8.15415392596195,0.00429626389409309,0.0236758139775202
DAZAP1,5.4647684070569,-0.91217922795216,0.374448577551994,6.21503767227138,0.0126669656748334,0.055964791388161
RPS15,237.592604066405,-0.192844744611624,0.114514665378366,2.8392001733495,0.0919899928543501,0.239182134518897
C19orf25,6.96392475353369,-0.181562100168171,0.313010955984213,0.369909466868705,0.543053620582541,0.689706235633121
UQCR11_ENSG00000127540,35.6833503090573,-0.659346621467777,0.171491018181135,14.9077634922284,0.000112897419622135,0.00104823543552189
CTB-31O20.2,0.462548535279332,-1.35142704083919,1.0574161957,2.26185744862619,0.132594939446564,NA
ABHD17A,0.583822093879378,0.279745314653743,1.08138380746319,0.349608698351282,0.554334720047009,NA
SCAMP4,2.08361030693058,0.0840099585604492,0.566965068324743,0.0311411822445606,0.859925780703302,0.878710219134539
MKNK2,2.67803348743477,-1.08696843468579,0.561303564334884,3.8564521847595,0.0495550108820144,0.15637132167095
MOB3A,4.04780952583537,-0.403284225977201,0.511634733487314,0.630805416957472,0.427060035534258,0.614558176794262
IZUMO4,0.41677683344084,0.636321934028619,1.22615477356449,0.340856851947908,0.559335047838496,NA
PLEKHJ1,9.63994785362137,-0.735746876867526,0.27392114938751,7.28339242427145,0.00695949820989643,0.0349858942003653
SF3A2,1.94738130871609,-0.774297219801713,0.608485662253362,1.6339848818802,0.201152768167948,0.400866394579897
OAZ1,606.180493808678,-0.362918290294629,0.0692620228207257,27.4367823722435,1.62314448573269e-07,2.51177510317423e-06
LSM7,6.73455862506345,-0.703565500216321,0.343289191314975,4.22898550536422,0.0397391867346683,0.133363491955119
TIMM13,3.75601662937167,-2.37633450763573,0.579262182282009,19.2716602130995,1.13376773713376e-05,0.000130351382610801
GADD45B,28.8835351539235,1.3774531195355,0.371738114946828,13.080392421477,0.000298402933515785,0.0024845287725336
GNG7,0.309204171257352,0.329544652550442,1.20624324201458,0.130292461622698,0.718128997252237,NA
SLC39A3,1.58641348624024,-1.76726714033981,0.762956217039462,5.71825433378702,0.0167894149595825,0.0689581332924408
SGTA,1.63704007673238,-1.00194926644604,0.649595731722211,3.06489155829821,0.0800005001934608,0.217982687943765
THOP1,0.452586416509917,0.25611610448564,1.23665089371271,0.165811246777618,0.683861636554235,NA
AES,5.35398045496965,1.09480715560433,0.426685527705495,6.67480588457941,0.00977851613478862,0.04591781369654
GNA15,12.7435310686454,-1.56112802093566,0.326505938857431,23.3635637628199,1.34094602703516e-06,1.79810005550798e-05
S1PR4,12.9285662142337,-1.24512924431693,0.263895816934353,22.652128549301,1.94145024824535e-06,2.54030521521748e-05
NCLN,0.415478551692855,-0.791356050720544,1.37834740559834,0.389821715753175,0.532393130381841,NA
NFIC,1.76451432591265,-1.25988746585652,0.735251516031816,3.02865093168182,0.0818060090887028,0.221327692580826
DOHH,1.11193317669882,-0.765570275315575,0.861745233633557,0.854380676185322,0.355316012391932,0.559161921915192
HMG20B,5.59324327901347,-0.72422327918045,0.366540048751164,4.04960407627182,0.0441817059009835,0.143936998278164
APBA3,2.05642047755129,0.130170781006577,0.591547622560591,0.0540393967536446,0.816177836553613,0.848293382361014
MRPL54,7.09411481390331,-0.407636124325853,0.368741167929431,1.28660246934474,0.256675017601916,0.467936652804191
MATK,0.269643981171417,-0.205664867278165,1.41492064701073,-0.0302933618380266,1,NA
DAPK3,2.73487226615369,-0.295481458744389,0.499728895703952,0.364847080162043,0.545826537096285,0.691222363985541
EEF2,47.6841353232732,-0.695247370134989,0.199154185044682,12.2296936965465,0.000470349194219025,0.00366939890555814
PIAS4,1.95979095592622,1.02218987985219,0.658744272838508,2.45956249413245,0.116811314120077,0.281597062520783
ZBTB7A,4.52454555555377,-0.668882700104758,0.403902302756864,2.78231138910049,0.0953105267495493,0.244071419942013
MAP2K2,2.23229266823338,0.160553192938539,0.600624814503567,0.142239399710093,0.706064817805275,0.780581851616584
SIRT6,3.19951908427187,-0.931143183887938,0.518210056182333,3.31630128878153,0.0685959938700918,0.19549169129199
EBI3,4.2147802156295,2.6895652895478,0.689973182877056,15.2840096035583,9.2496200902443e-05,0.000882135455132758
CCDC94,2.58759251662045,0.658174084113347,0.534254439759114,1.74409058452518,0.186621356208176,0.383234962579922
TMIGD2,0.360422473209206,-0.0649541622874938,1.27367727287345,-0.0362204782313995,1,NA
SH3GL1,1.39265004687856,-0.595780066259508,0.668819473410604,0.812129097873559,0.367491530053267,0.568110014169127
UBXN6,1.30355502243874,-0.0560165576932622,0.785618810175412,0.0254341669170444,0.873289981967584,0.889695928428488
LRG1,3.50593503052212,-2.59389044734585,0.791984535676232,11.1624529971471,0.000834694842042224,0.00604611110169592
SEMA6B,4.05453372522598,-0.658292950706463,0.449414529547031,2.20359970869002,0.137688872469286,0.312966398550365
TNFAIP8L1,3.45189987500179,-2.30209869379451,0.596624113248386,16.4253769202003,5.06032170347495e-05,0.000509189678142767
C19orf10,13.8112294456224,-0.601485744885911,0.273022141180999,4.82193100029386,0.0280998485043758,0.102619708959961
DPP9,0.763558353274214,0.502594654119752,1.11350657426854,0.444313250702066,0.50504794616481,0.666867876340866
TICAM1,6.26131881115467,0.455717941328206,0.350922569794747,1.69427207604177,0.19303877155804,0.391313791633367
PLIN3,16.125316071527,0.033053069564218,0.271752773190163,0.185554422451176,0.666642680223344,0.759580078307179
KDM4B,0.591582302426522,0.61487922840867,1.07361620707117,0.45227130211461,0.501258318092288,NA
SAFB2,4.55060758341597,-0.285342370984606,0.388678920013748,0.797460857771995,0.371853617213273,0.571037629769695
SAFB,5.58223132356846,-0.46231609932518,0.366235059261124,1.65001563860875,0.198956802607698,0.398195440666815
RPL36,72.9982027457871,-0.189770042404575,0.129988410499187,2.24743500265573,0.133836082688637,0.307401617209883
C19orf70,6.65441994665884,-0.678510635525512,0.372913424903067,3.72198299456137,0.0537005594323799,0.164526450007014
NDUFA11,20.4347749755904,-0.690902847533984,0.201041144053824,12.3737551120936,0.000435411017152245,0.00341638759681045
RANBP3,2.20670026854207,-1.04961820042357,0.618193117516551,3.2523613273918,0.0713206416938032,0.200482978119094
CLPP,2.00206390981143,-1.0950333936552,0.575494551483495,4.21101135630425,0.0401623847715201,0.134415671152307
ALKBH7,6.11269259567522,-0.97761664319003,0.365114723388283,7.35150939583814,0.00670064764574566,0.0339632496055661
GTF2F1,5.82452514021111,0.53902656437793,0.349803791453467,2.42989529895931,0.119040849171859,0.28528835499615
DENND1C,1.00909300991521,-0.71210656277877,0.806935662724714,0.872260686588639,0.350330214438704,0.554448231942246
CD70,0.172710990275105,1.30848169014519,1.95599599471924,0.515612704068246,0.47271920161646,NA
TNFSF14,1.47183596621068,-1.54083689743944,0.85548063913511,3.79305713609352,0.0514655683666167,0.160336046238245
GPR108,12.8878549873967,-0.77692482143995,0.243682334558242,10.329711872885,0.0013090563985071,0.00887548611043109
SH2D3A,0.112677630957627,0.152407381642145,2.19204656581698,-0.392647092446317,1,NA
VAV1,4.38283715954624,-0.855596494326867,0.464817386540165,3.38700772757801,0.0657121016112894,0.190394212138998
EMR1,3.36314663900626,0.774584201516076,0.472434135057472,2.97146648355134,0.0847449999722136,0.22647944170507
MCOLN1,6.09485013844,-1.58894449088105,0.370697258528266,19.6390112715351,9.3539709641537e-06,0.000108768755347882
PNPLA6,3.03457403723024,-1.84338132604142,0.568835278289647,11.3716815517646,0.00074572335353772,0.00549253931547974
XAB2,3.30629370010649,0.343751269793898,0.542295664360589,0.480227726342264,0.488319184058164,0.657530204330571
PET100,4.77423690395975,-0.230421020930432,0.395178389617974,0.508153342973259,0.475939354303587,0.648988954867018
STXBP2,89.35223890871,-0.418789997532019,0.153797848421275,7.53704736264964,0.00604430135830485,0.0313628100962677
RETN,1.37997427828127,-1.56355010648353,0.952166144880735,2.5062090522736,0.113398425869816,0.276143093779205
C19orf59,4.667684782636,-5.6361054987813,0.879036623935512,46.9827844432236,7.16129897445522e-12,1.90318196162783e-10
MAP2K7,1.55556314862029,-0.587532737995293,0.694984507578527,0.720251957245416,0.396061275050124,0.588658504184023
SNAPC2,1.62000075705476,-0.533162475613,0.720931166040635,0.643219031779914,0.422547537339017,0.610556781139706
TIMM44,0.869523533712344,-1.45701642196479,0.948039088075114,2.6404321206867,0.104175205226857,0.259829141653427
ELAVL1,6.06946485518717,-1.13063218374552,0.363056253701586,10.0214570576758,0.00154727016768831,0.0101740740299395
CERS4,0.448705204012464,-1.05626289290502,1.08099218016621,1.12264287587609,0.289350085342732,NA
CD320,0.104384259583963,0.24764928256524,2.20412442060723,-0.453169181086345,1,NA
NDUFA7_ENSG00000267855,3.24841680064795,-0.222558776253056,0.5139435394006,0.356682738612051,0.550354354517829,0.69470157159214
RPS28,88.462871107736,-0.108595052820418,0.122102877736441,0.834251971692453,0.361045901612167,0.562688017568504
RAB11B,6.4303561305423,-0.59046765598467,0.333371458755188,3.25995960723128,0.070990875080255,0.200014750570944
MARCH2,4.90677333788918,-1.20831004570194,0.407523275183101,9.12751377510389,0.00251793667915198,0.0152922854012322
HNRNPM,25.8576716539742,-1.07095667068495,0.207058380022817,26.8797212781696,2.16518835508847e-07,3.29237574193105e-06
ZNF414,1.19150013511458,-0.625003184488579,0.753665670210805,0.717107882902276,0.397094217639259,0.589627663119306
MYO1F_ENSG00000142347,19.7905747574648,-0.831554628040345,0.264797174399715,9.86439552753427,0.00168508031346322,0.010940252646883
ZNF317,0.745303484096915,-1.08594477492652,1.02272821910715,1.5092413166844,0.219254891218383,0.42383037434826
ZNF559,0.449916727694056,0.764216541114905,1.35393777770514,0.411397246098165,0.521261169079246,NA
ZNF561,0.798166301429591,-1.00280921713124,0.884755293879072,1.49618886333227,0.221258700004421,0.425681390798969
FBXL12,2.22793726637629,-0.505692727742632,0.581490417119671,0.811552252227436,0.367661724478647,0.568229772409873
UBL5,42.0163820100722,-0.039814463249532,0.142693515757522,0.323562116089221,0.569474766506894,0.704992901222589
PIN1,11.3710825164813,-0.805811942970856,0.255641827028033,10.0213472285731,0.00154736243405738,0.0101740740299395
C19orf66,17.4495848264968,2.00252800284954,0.249235783629007,70.7852361829035,3.98306635244925e-17,1.73108018495099e-15
PPAN,1.46555552269849,-2.27385942503049,0.877331743144564,6.99777980185259,0.00816108733259132,0.0398495164734021
EIF3G,17.6397308026026,-0.732083687250645,0.212941947070448,11.9566555808058,0.000544525219544591,0.00415548013121949
DNMT1,3.99334772738791,-0.612686779714953,0.430930111201364,2.03716332805996,0.15349565728534,0.336176335898701
MRPL4,1.37487264002595,-1.65520813650909,0.76032648912207,5.10300045065347,0.0238844939140114,0.0908529973339927
ICAM1,10.4757483786614,0.240966267827237,0.309267673289185,0.667640081040645,0.413875594032874,0.604351095003497
ICAM3,17.3520490641952,-0.674192139722,0.240559624255149,8.08640805890049,0.00445984666101891,0.0244891938519031
TYK2,0.90099676884332,-0.881136494502455,0.876058345201049,1.1005017803863,0.294156010864477,0.505608106024069
CDC37,18.0442143139202,-0.267599211922634,0.230034992389229,1.43012949723699,0.23174330563175,0.438685124148654
PDE4A,3.19585278873209,-1.0150087532079,0.528690906686719,4.18881394035118,0.0406915564383994,0.13552057492093
KEAP1,2.69780058453094,0.485292915890582,0.49393447222329,1.24880610904471,0.263780626534968,0.476416804270237
S1PR5,0.293416657476093,-1.5422415740392,1.81022301005731,1.08806000121897,0.29690144990585,NA
ATG4D,1.59684707363041,-0.352793087148362,0.637760146376442,0.311295953614511,0.576886023162697,0.709016756907543
KRI1,0.240718003573307,0.457951241965436,1.33099386347352,0.0876562813325208,0.76717812460405,NA
CDKN2D,8.65923882235835,0.771968320727035,0.390939809434929,3.99601254600282,0.0456080413964373,0.147441467061179
SLC44A2,2.25468046922563,1.2117611973526,0.660677953847118,3.37026354544439,0.0663831352191161,0.191253339267862
ILF3-AS1,2.01501197274821,-1.12307537612153,0.654380684143257,3.12344961018321,0.077173249268627,0.212642837912835
ILF3,1.8275764931178,-0.762546193412977,0.632764225441182,2.03153151922444,0.154065287303319,0.337062506460099
QTRT1,0.435451442970045,-1.46031201059926,1.37635105178041,1.44771815985944,0.228894446235842,NA
DNM2,1.45804368162618,-0.48554708568571,0.67357764798891,0.525646221177752,0.468443052069084,0.643792935715508
TMED1,3.89456893547615,0.126535549024446,0.417392799791425,0.474293163977762,0.491018714190836,0.658509130771858
C19orf38,9.42714807398718,-0.511132688868362,0.378417231494097,1.88764578310702,0.169467693100688,0.359900854744879
C19orf52,1.87285812027744,0.150295499435738,0.626545534392936,0.11004866207594,0.74008874153342,0.798883883761987
SMARCA4,1.6496944499574,-1.62241148009114,0.781629722412302,4.33186203715061,0.0374053048448047,0.127485933308656
TMEM205,4.1309592858486,-1.37050281168692,0.431061710443758,10.8289306254927,0.000999263342066981,0.00708670784958633
CCDC159,1.52291411523771,0.304898858142049,0.683922644834062,0.527550812678342,0.467638372576955,0.643489008814914
SWSAP1,0.796773159752229,-1.35210680223233,1.07965503014504,1.64391039451637,0.199789789676061,0.398798642063487
PRKCSH,2.4227519915707,-0.0625563380886686,0.60403893185902,0.0246552764667101,0.875229095769696,0.8910788999629
ECSIT,1.55395406791777,0.413251826022612,0.717269007432367,0.395876249649611,0.529226654930438,0.681516950220189
ELOF1,7.31757010433563,-0.712370280095228,0.33556053784021,4.56512335706608,0.0326293243103319,0.115512709054716
ACP5,16.1043392313214,-0.483783136896163,0.40464402966461,1.42348831187593,0.232830096344532,0.43968654249593
ZNF136,1.09981631512154,0.793216936165319,0.925624547070635,0.831800689169029,0.361752357275394,0.563216068440959
ZNF44,1.29675600265916,-1.34176373631593,0.831972345535653,2.9925174451263,0.0836500318696103,0.224489976782765
ZNF563,0.0814777690911523,-0.552415847297284,3.05608535745399,-0.424037835744382,1,NA
ZNF791,2.39277120800715,-0.278520494286472,0.506993993395899,0.399047725965637,0.527581460984249,0.681065766360118
WDR83,0.925999170458575,-0.377273755209909,0.811832683427086,0.320440614134682,0.571342972263014,0.705600510686769
WDR83OS,31.4536306795759,-0.0658589428445415,0.179024512032933,0.135501168137907,0.712795067254139,0.784962316017036
DHPS,5.77997783001616,-0.240447228507512,0.379802459994455,0.403728732945751,0.525169839576365,0.680101601209629
C19orf43,63.1263089235717,0.00887290672100398,0.123409986912515,0.00809259086219072,0.928319932056728,0.93357613757175
ASNA1,11.1658905030377,-0.216402090409381,0.260201854317591,0.864849260977152,0.352385208904763,0.556263925854813
HOOK2,1.34074857983648,-1.01085325683374,0.782109531037443,1.81998980145941,0.177314490716558,0.369334873933061
JUNB,211.966701286457,-0.106142551891903,0.143770871876468,0.558231123282496,0.454973829091953,0.634953228120129
PRDX2,1.93492903320371,-0.0446632194069868,0.652851434296488,0.116685061859293,0.732657994441817,0.794281219802895
RNASEH2A,1.96886979290106,-0.783425612651426,0.624833545292781,1.67519203099603,0.195564545438125,0.393774014631733
DNASE2,14.9472360973194,-0.129860374864015,0.365089582450803,0.127989777159783,0.720525479939819,0.787642810070056
GCDH,1.30741756800751,-0.169493619833675,0.758664856800914,0.0557411109747363,0.813358523234767,0.846511723910097
FARSA,2.36477308372944,-0.261009391862467,0.538143351698632,0.236549170883286,0.626709670950679,0.73671326465655
CALR,15.2639876084866,-0.486879801715357,0.233770914901415,4.44456244647344,0.0350125612375801,0.121424434218388
RAD23A,11.854470773121,-1.05327205919529,0.271050642823653,15.3491912473598,8.93591711641744e-05,0.000858948880195843
GADD45GIP1,11.6818224192811,-1.44331583081081,0.31192605818917,22.1886577794892,2.47129424794746e-06,3.18153175450043e-05
LYL1,13.9314146313056,-0.414904231276369,0.263401337114591,2.53208230319574,0.111552918619377,0.273657440071874
TRMT1,1.18839609765542,-1.62563919637457,0.88963761618197,3.39488995149229,0.0653987271860173,0.189755397820035
STX10,3.1014360414333,-0.717785526388844,0.50731581865375,2.42448790543082,0.119452271977342,0.286050614567078
IER2,78.4087989615073,0.495610295820828,0.156790059247182,9.94843039023141,0.00160986600310378,0.0105285580224332
CACNA1A,1.73405095484605,4.33852045335003,0.871306204357498,29.0267014008795,7.13875133752445e-08,1.16713205827211e-06
CCDC130,2.47013472142851,-0.663684029308938,0.559951668059148,1.51104502401241,0.218979694212329,0.42383037434826
MRI1,0.276404274468668,0.310404429643124,1.43279892724241,-0.0280273927240273,1,NA
C19orf53,20.2548553157536,-1.09329036741363,0.221507862286386,24.6233494510568,6.97020419557516e-07,9.7519203905216e-06
MIR24-2,1.66055086146288,-0.35926173441101,0.650710589992189,0.310488885963551,0.577380340248186,0.709339760433217
IL27RA,1.41347924265184,-2.92815204007468,0.936158257358237,10.4800969842649,0.00120667421754572,0.00829910168924825
CD97,6.85759607180976,0.804085463825937,0.353313064164364,5.20890173391591,0.0224715254122496,0.0867709563492536
DDX39A,8.60593229271932,-0.776083855127802,0.333876171598902,5.50820261438291,0.018927488184815,0.0759081463328184
PKN1,5.97849170012269,-0.450874519509194,0.357103308468789,1.61110927208679,0.204335942722294,0.40460784254564
GIPC1,0.0769354513806174,-0.239305961022719,2.88010322837659,-0.482714676397023,1,NA
DNAJB1,10.5397862230283,0.189391682099156,0.309488377125645,0.649562989676809,0.420268965466937,0.608985205339754
TECR,3.10953376458057,-0.792323039635312,0.499684854910176,2.54233173382141,0.110831004690163,0.27285744337365
NDUFB7,7.79813445248027,-0.551729591725681,0.329621587305673,3.02707636538655,0.0818854438591177,0.22137324807376
EMR2,5.10230426102558,-0.121305998992743,0.359951701009696,0.127941457375513,0.720576027596359,0.787642810070056
ILVBL,0.594680935782133,-1.44051230283959,1.00609255662491,2.74785180975638,0.0973851898677549,NA
BRD4,4.16804081345765,0.0573486961965597,0.438097541789799,0.0391290152882817,0.843193288409876,0.866961152915389
AKAP8,1.02252076825561,-0.835674975814813,0.903269905204211,1.14337008527784,0.284941336190393,0.496197927870057
AKAP8L,0.617123898940288,0.467593938218323,1.00666584132416,0.456864346438067,0.499093082744194,NA
RASAL3,7.35419343611987,-1.07949188286825,0.333826451072424,10.704002262324,0.00106904022776039,0.00751270471985744
TPM4,28.1739747918818,-0.012939136043446,0.28179841156502,0.220994782885498,0.638282986897686,0.743004245421336
RAB8A,39.7394119847234,1.34126490313606,0.16850423148095,64.9506209825556,7.67986246726977e-16,3.20151001356661e-14
HSH2D,9.5753679960068,3.53148022318763,0.467275130602478,72.3596030747872,1.79347937524186e-17,8.14106786035714e-16
FAM32A,8.98402280372705,0.27219768506466,0.291518975852178,0.887595993587823,0.346129603288907,0.550516314166246
AP1M1,2.10813931611243,0.388527464539826,0.676215447086059,0.568252060369346,0.450954338202264,0.632368005607203
KLF2,5.23596144285716,-0.767364171231517,0.462715394088519,2.74549516445708,0.0975288605828593,0.247476959690171
EPS15L1,0.647076422321561,-0.0972948014637094,0.985606773283231,0.0355218292065942,0.850506383412141,NA
CHERP,1.2683035930941,-0.694516756469544,0.821893849683533,0.732330919837615,0.392128688502559,0.585844819249132
SLC35E1,0.829198962922074,-1.98344541193978,1.07511067988214,4.48574901726856,0.034178566302714,0.119342595044462
SMIM7,7.22015498741003,-0.2890684153532,0.331521613519258,0.848665208495049,0.356930218223164,0.559970412173837
MYO9B,4.88492388774049,-1.03257431968157,0.514321240765504,4.10552961622803,0.042743202282198,0.140369959048933
USE1,3.35477212992106,-0.200587306871974,0.471976875869194,0.185073534263879,0.667048898790213,0.759580078307179
OCEL1,0.910768578749086,-0.469603985385203,0.870319060637328,0.34686731696457,0.555891845445281,0.697310466696902
BABAM1,4.69507909487326,-0.7334424728084,0.410217781407744,3.52292797757033,0.0605254336014847,0.180166804316755
MRPL34,3.2752295631601,-1.15034384183379,0.528910041068127,4.87347924162587,0.0272724617867789,0.100496479753086
DDA1,5.68408513171186,-0.462949579632688,0.349464756192966,1.80503165757054,0.179105380375234,0.371549685490667
GTPBP3,0.226187752209333,-1.25632858492798,2.12245585942328,0.631495003889466,0.426807466431572,NA
BST2,176.588108981841,2.01520034196786,0.147891781989704,181.116074196449,2.76528635996959e-41,3.60546272636035e-39
CTD-2521M24.9,6.45428405673382,2.13677280408652,0.396414420840105,33.4324526026619,7.37824713254078e-09,1.40415833627981e-07
MVB12A,4.02637298792663,0.398556150275798,0.416720068636709,0.930010414582526,0.334860218871033,0.541740079275151
PGLS,15.2323575271183,-0.801130338597922,0.23522091372862,11.6819139341398,0.000631105784372311,0.00474529600813929
MAP1S,3.23690671135896,-1.50586651178181,0.556381973343418,7.58744913755973,0.00587760572522625,0.030705854973731
RPL18A,352.602062659076,-0.229855275408952,0.105724514934198,4.72724530468932,0.0296883978952044,0.107270343338333
CCDC124,5.86187273363508,-0.868748891806767,0.371426927415673,6.10381702668481,0.0134890213067228,0.0584587854084845
ARRDC2,5.28126652158487,-0.708256689758797,0.427876403191682,2.85542917748985,0.0910659329057897,0.237772491200119
IL12RB1,1.60638172462079,0.029030030208431,0.669558801509222,0.147179557169217,0.701245378010854,0.777920289002628
IFI30,50.0606499520453,-0.038645271970284,0.159264689329373,0.25388840219351,0.614350344663657,0.730468913253853
JUND,9.78467691847206,0.0817502249974686,0.315257650348484,0.189694808063607,0.663170747546867,0.758050800404253
LSM4,8.62644923715431,-1.2279441739052,0.357857098243852,11.9054537823142,0.000559698320798972,0.00426595934061704
LRRC25,25.815995715664,-0.529984334670841,0.218302071772186,5.89145797798751,0.0152144989132188,0.0641227299451201
SSBP4,2.49657720884889,-0.736636051897666,0.547787609110167,1.81758670487931,0.177600806604693,0.369428969067739
ELL,1.71539711885963,0.0928007235499431,0.66224753300885,0.147716524697302,0.700727150040247,0.777486144386499
FKBP8,14.6552728457279,-0.597586994949677,0.253391720174639,5.61513419893144,0.0178060175209004,0.0723576096605291
KXD1,5.7051377115592,-0.772896478171605,0.347555948244714,5.07512570668996,0.02427151206428,0.0918689474551623
UBA52,164.671146947597,0.01946351219795,0.093434585855415,0.101235980628104,0.750351420479715,0.804918658732165
C19orf60,2.69000453395596,-0.711030097470071,0.531420750863627,1.80827822059213,0.178714911603672,0.37111656330305
COPE,54.3342484638027,-0.00733397654763289,0.134892857543166,0.00738108225930034,0.931535398217821,0.935964735248206
DDX49,1.47278954356886,-0.75951013389565,0.689359322785286,1.24845427192157,0.263847908429633,0.476416804270237
HOMER3,2.4172148424381,-0.338935467409815,0.594893333211592,0.327416847977439,0.567184115096794,0.703583857755699
SUGP2,0.557255195037476,-0.465882150035333,1.00127939792282,0.223418394118212,0.636447527046185,NA
ARMC6,0.582855439846856,-0.413041140641715,1.00801033271003,0.201566443754245,0.653459417669848,NA
MEF2BNB,6.44707812130065,-0.487782840371194,0.378175960635113,1.74888368415783,0.186017130374382,0.382264579119453
RFXANK,3.42954620585207,-0.761829551894663,0.469346816262296,2.67693049994267,0.101811799352616,0.25574120824739
NR2C2AP,0.637008130849512,-1.3257149707807,1.06772641485147,1.55237489696395,0.21278518396336,NA
SUGP1,2.26535754888246,0.10618361622731,0.537221679440656,0.27676849980233,0.598827121301439,0.721796341332656
GATAD2A,1.97941628874945,-1.48645385756085,0.663875777959551,5.52010421818653,0.0187991387773559,0.0755321874737275
NDUFA13,28.284863347391,-0.647451199576448,0.17424249416444,13.9150717373309,0.000191258660750815,0.00166718787066998
GMIP,4.3722682546882,0.296920294068971,0.397627559241344,0.739465715479312,0.389832082255888,0.584223771108848
ATP13A1,1.17232948379532,1.70566487825174,0.846690310402043,4.23451155125383,0.0396100195076317,0.1331567615157
ZNF101,1.37596091350847,0.219236776799981,0.680051170781022,0.117285082090682,0.731997896866464,0.793785721464819
ZNF14,0.380387380947773,-0.198207238177063,1.40092501086503,0.0384898688798998,0.844462745816264,NA
ZNF506,1.19166715017409,-0.108514792022696,0.81904765448722,0.0361418578083104,0.849222839917433,0.871105346240877
ZNF626_ENSG00000188171,0.397761796892408,-0.671137698868143,1.29844044378266,0.390063053261834,0.53226626014128,NA
ZNF430_ENSG00000118620,1.30948868050616,0.339628482105149,0.684161946586929,0.519459452020136,0.471072355477762,0.646090285221066
ZNF708,1.0898596197923,-0.896276970607986,0.899236621789326,1.39233964376304,0.23801038689408,0.445607189991497
ZNF493,0.23209794792085,-0.474925647769256,1.48860948823823,0.111259791788608,0.738714414109124,NA
ZNF429,0.671758031773357,-0.976589578327024,1.03760256026296,1.09815950216212,0.2946703717035,NA
ZNF43_ENSG00000198521,0.568733071437454,0.0817927436454335,1.02010673115187,0.432745802628446,0.510644691389132,NA
ZNF91,0.271500949603298,-1.08960080085603,1.29901697489989,1.10898380224162,0.292302954069207,NA
ZNF675,0.390696917427749,0.5721481231152,1.22407778126053,0.153409468539138,0.695298210546156,NA
RPSAP58,4.49321875551068,-0.391351062991475,0.434093316518314,0.874027679878537,0.349842684561926,0.553966802858269
LINC00662,0.260507350081071,-1.41984493928697,1.39630948800827,1.45375972604016,0.22792562948809,NA
UQCRFS1,26.1714975627121,0.206775344917904,0.183346856777852,1.39313380084168,0.237876587841432,0.445551758423598
POP4,6.27917428206181,0.215894519104632,0.3623525621897,0.519544047094442,0.471036243334575,0.646090285221066
PLEKHF1,0.734535727864014,1.24733909811004,1.1770114776788,1.77566453286236,0.18268259927394,0.376548593458023
C19orf12,1.02504214983039,0.708489438485491,0.839575297857915,0.73077584550056,0.392631822324078,0.586399873113634
URI1,1.0331752542906,-0.742383629720889,0.869899984708334,0.795394700988609,0.372473854974811,0.571178206225174
PDCD5,12.1835711963358,-0.594212657930354,0.278579891289783,4.7371404512154,0.0295180961341244,0.10703366456208
CEBPG,10.2394922666166,-1.05077001915853,0.334349265671686,10.0170234215083,0.00155099925418357,0.0101870561946805
PEPD,3.43260137808852,0.613652338597648,0.577687466922406,1.1329195995358,0.287153438808283,0.498068574304318
LSM14A_ENSG00000257103,8.22502959526883,0.178427067989945,0.305643110765303,0.423605096735855,0.515143630666845,0.673378875581576
GPI,1.72241001349558,-0.76125272260879,0.867270068905616,0.769623466816121,0.380333561082245,0.576901995621781
PDCD2L,0.112614121437323,-0.513874118021618,2.56634747791659,-0.347110308476868,1,NA
UBA2,2.11558447483113,0.298106466967229,0.624262531677157,0.279586345602084,0.596972468683608,0.720851869129177
ZNF302,1.07204675119906,0.736398373454085,0.808750743770714,1.21926463346171,0.269505016275787,0.481666158431991
ZNF181,0.344468087313537,-1.43267966956906,1.30571691981058,1.66572747681621,0.196831782361915,NA
GRAMD1A,2.50302132183467,-0.639051516889325,0.589246056065876,1.21663936204757,0.270021188247999,0.481666158431991
FXYD5,72.5284017234932,-0.224871927335829,0.132021622054493,3.0609353827239,0.080195491473133,0.218257343984806
LSR,0.386678085657971,-1.77865864563399,1.46669803702482,1.90972383582683,0.16699393864657,NA
USF2,0.964870681660019,-0.664509685635146,0.798732939765699,1.01703643171845,0.313223008752632,0.52155047196011
FFAR2,3.02758334688571,3.61119121375739,0.797305268867411,24.1445110584183,8.9370531327984e-07,1.22794308515221e-05
TMEM147,6.98639311230922,-1.54288207962927,0.338525106898405,22.0159471188346,2.70394498351881e-06,3.43059520890336e-05
RBM42,7.06271632317427,-0.580326245022038,0.320554647852073,3.39729274112726,0.0653035168020696,0.189622367477009
COX6B1,40.6891996754513,-0.299158595157404,0.163825339222521,3.7202587057366,0.0537560414300406,0.16454396697467
ZBTB32,0.107763012225709,0.236860705698444,2.59948876401056,-0.400589782646772,1,NA
U2AF1L4,2.92615764667207,0.262111365031992,0.527141963061057,0.257892025687681,0.611572073931059,0.728453870422752
PSENEN,23.8532222347408,-0.544386550045889,0.206093811242989,7.04183597323485,0.00796273646366327,0.039099077763885
NFKBID,4.3179903588952,-0.150716295833069,0.449359910963248,0.123138945039841,0.725654675058862,0.790104225375138
HCST,10.3161786338253,0.683608747536071,0.272404819292515,6.3854926706932,0.011505682096766,0.0521500147107853
TYROBP,706.902082161656,0.626718548500144,0.0836963429927337,55.734367774683,8.2955296674128e-14,2.82416698899476e-12
SDHAF1,1.2892527779956,-1.94634750750475,0.792285405736104,6.55346388235356,0.0104680170927104,0.0484135915050034
ALKBH6,1.62252003667896,-0.809548432438452,0.687043479969209,1.40886463950621,0.235244960987353,0.442466966624685
POLR2I,3.64327302789076,-0.828757941060852,0.492502831753338,3.13278531598462,0.0767325377643511,0.211618808019777
TBCB,12.3817161384697,-0.75512465172959,0.319193020221747,5.95870199098842,0.0146448189847958,0.0624085192898669
CAPNS1,2.64050463822077,-0.354072726563212,0.499924831673262,0.843649826814875,0.358355000603121,0.560647213296726
ZNF146,1.00438033871104,-0.0188541628546531,0.8165938256644,0.0750700128517892,0.784093017925294,0.827863889360131
ZFP14,0.933370678866152,-1.58501153122108,0.966349087630101,2.98527075065419,0.0840252338508422,0.225145007887171
ZNF567,0.573865065049532,-0.47073690373881,1.09705458513849,0.169142158729784,0.680875326254941,NA
ZNF568,0.209067129417219,0.125344503367136,1.50896405074271,0.0539265362886425,0.816366462458877,NA
ZNF420,0.17641514384085,0.24756769800278,1.90991161955278,-0.263433492358569,1,NA
SPINT2,3.6245084265716,0.0309674565401801,0.508508405501673,0.247136191279168,0.61909883108563,0.733108722104877
YIF1B,1.54925978106023,-1.82138086460353,0.801985425678428,5.42421704854505,0.0198593381080105,0.0787689475248467
KCNK6,1.9641085400846,-0.360877442370559,0.619022369681643,0.335790683749387,0.562269055130321,0.701319920585916
PSMD8,27.5190808710889,-0.261420567392564,0.182783157822629,2.34612665468141,0.125594728391414,0.297312994743765
FAM98C,1.05179310340259,-2.69449298770366,0.989914199662207,8.060272539035,0.00452463770924021,0.0248227214702095
EIF3K,42.9139930078878,-0.545975838090056,0.153152768672761,12.7713619887846,0.000351966471932621,0.00288349002674211
ACTN4,5.69052551585331,-0.151215004106783,0.376015780575042,0.33173141073226,0.564641344928782,0.702596956057485
ECH1,10.0951675235091,-1.75856541796265,0.348040408374807,26.434694569167,2.72599892959517e-07,4.05459258266001e-06
HNRNPL,1.73729128985928,-1.68291306082658,0.718306025033733,5.81607992716822,0.0158802994474762,0.0661103770476455
RINL,0.314932124403116,0.130086846304125,1.30103688791646,-0.0628248982774835,1,NA
SIRT2,4.9811173564124,-1.11898831132664,0.395124412651203,8.30748188117057,0.00394820926460699,0.0221157462280728
NFKBIB,4.57458182950481,-0.430795006667618,0.389667246599825,1.30341719748489,0.253589975373963,0.464990834557645
MRPS12,4.91673363386712,-1.45602368738283,0.411867119445736,13.0394755448931,0.000304993493006724,0.0025325204947767
GMFG,91.9873724568543,-0.201088829699185,0.138840071044736,2.26050945945909,0.13271039606685,0.30653950512539
SAMD4B,1.84745404773397,0.431063642460375,0.647607981284715,0.446022323202811,0.504229967449846,0.666218464970388
PAF1,2.87777259207316,0.281084738334348,0.497203111351065,0.400620295120653,0.526769084437072,0.681021297348181
MED29,5.8146371901157,0.305403558076071,0.367615644031041,0.708151664629071,0.400058098138143,0.5925927061616
ZFP36,109.522467643523,0.303508365735138,0.163558403268436,3.42855822151068,0.0640780189071591,0.186985761839558
RPS16,215.420788625902,-0.113747944354075,0.175093262403933,0.424275844080711,0.514811155562137,0.673117070234721
SUPT5H,3.02689044059269,-1.42718933472724,0.519530307309887,7.83515599584833,0.00512397311963354,0.0275426839998247
TIMM50,1.62049535654135,-0.688776985509208,0.688223448246126,1.03174745747993,0.309748593287048,0.517768516001917
EID2B,0.451135015958781,0.0618584383479252,1.08420714109855,-0.0164276220602417,1,NA
DYRK1B,0.174658496487754,0.0698796132078655,1.75384777487059,-0.143621605583739,1,NA
FBL,3.84829521677523,-0.209019248428154,0.493901439347049,0.238554693503332,0.625251945490933,0.736552080347643
PSMC4,17.4808595627235,-0.5755138152315,0.270614965409835,4.60208770489952,0.0319330474487628,0.113572672528159
AKT2,1.67360170954172,0.753836265918781,0.64986584500294,1.38897271010411,0.238578660902921,0.446142823928318
PLD3,2.38616425972025,-0.552008458133106,0.546811880917947,1.05938473500727,0.303355554566539,0.512486714249044
SERTAD1,13.1757350448495,0.263965869921467,0.249377565426991,1.42917080749919,0.231899810801119,0.438740981966427
SERTAD3,14.0780320504212,0.524526158587636,0.252825444713527,4.31536902914644,0.0377695780396329,0.128513033996041
BLVRB,4.54893780393286,-0.922540698952486,0.43455671334969,4.87504012326136,0.027247807429773,0.100466043278971
SHKBP1,28.4893797786174,-0.163815301434424,0.209021183014142,0.691475467950426,0.405662972362722,0.597910485083199
SNRPA,1.10790106340798,-0.129336061636586,0.793250970157228,0.528205409552349,0.46736232119819,0.643489008814914
RAB4B,10.8514823617589,0.0359117559749916,0.298758610859868,0.0313435885190358,0.859476023292219,0.878397109862361
EGLN2,11.2518801765035,0.219478521533845,0.264483808119539,0.691716277177804,0.405581224038104,0.597910485083199
AXL,1.10914320376548,3.5821980373698,0.926568222202061,17.0266397065777,3.68590398074349e-05,0.000382186456751204
HNRNPUL1,3.33788938204692,-1.16000457803837,0.468292283914757,6.58557420003532,0.0102808448885164,0.0478220152157199
TGFB1,16.2610956201791,0.530753504703372,0.244386885472535,5.03974904437565,0.0247720784212375,0.0933025793271931
CCDC97,1.41854476813209,0.531972921147555,0.657359728594769,1.11656768259083,0.290658722852102,0.502583705879708
B9D2,1.52793239150843,-0.326635101585223,0.697362579728053,0.390240797488588,0.532172855537697,0.683107511255762
EXOSC5,0.330279560530752,-0.576295745458526,1.37978124596185,0.119352584867965,0.729737726846633,NA
ATP5SL_ENSG00000105341,0.939008121799549,-0.420098734910991,0.859525649115571,0.638564519510872,0.424231083911342,0.61140359412246
AC006129.4_ENSG00000270164,0,NA,NA,NA,NA,NA
AC006129.2_ENSG00000268027,0.231820381658747,-0.098139297101685,1.58850933958274,-0.224597729855837,1,NA
RPS19_ENSG00000105372,800.932657614166,-0.0599732459379645,0.0866026585789842,0.482072941415908,0.487484856717842,0.656979405720903
CD79A_ENSG00000105369,2.66176187600186,0.727294392862154,0.665128302151965,1.18952879714669,0.275424624086634,0.487286155938437
ARHGEF1_ENSG00000076928,5.38933806125393,-0.439291415703826,0.388291928878904,1.38037849049375,0.240036687164956,0.448595553201235
RABAC1_ENSG00000105404,31.560339392665,0.176930921160575,0.188432751514161,0.978834065665765,0.322486826173573,0.529812136941462
ZNF574,0.269124491395645,0.172568964850297,1.32143228478977,-0.013852852127016,1,NA
POU2F2,10.929169676098,-0.733834214218402,0.370370484428073,3.93263644632371,0.0473576449623028,0.151149816838016
DEDD2,5.72458790949641,-1.11882011726418,0.403231168917136,7.97585422950021,0.00474053809466845,0.0257535615639435
PAFAH1B3,0.683717975125408,1.46740891218328,0.989769173508728,2.73965980576805,0.0978856035030189,NA
LYPD3,0.694752176871403,1.74433333210966,2.2669849209272,0.730228866910821,0.392809013880924,NA
PHLDB3,0.261880100581224,-1.41465226300917,1.58775542637607,1.10157986116608,0.293919652100414,NA
ETHE1,6.60660069524051,-0.418916335741025,0.35614507053636,1.3983939866178,0.236992654760893,0.444523088889694
XRCC1,1.09654016755002,-1.51356955493884,0.807691825704528,3.881749403781,0.0488136695156708,0.154682363226784
IRGQ,0.654121336550587,-3.00084193144944,1.13285147555,8.51449663867383,0.00352328366894956,NA
ZNF576,0.617085494042186,0.148019673855924,1.25702516445002,0.127728957747635,0.720798452790089,NA
ZNF428,1.16306779225113,-1.55819567340585,0.830626701687588,3.70405032266871,0.0542805525650175,0.165735538673855
PLAUR,165.222923871862,-0.364323000198181,0.197378383973006,3.39682763594081,0.0653219350104384,0.189622367477009
SMG9,1.73778374287522,0.247480481352414,0.668109628146546,0.163573971230676,0.685887138867372,0.770385542690911
KCNN4,1.07682086413357,-1.46172820361716,0.893496184392815,2.80850604118231,0.0937656591323091,0.241731577266634
ZNF230,1.11307722772784,0.551845404427564,0.769871751392219,1.03215608201575,0.30965280347288,0.517749626106906
ZNF224,3.05966019424817,0.253414843644038,0.536300169003946,0.329004853162772,0.566245654953556,0.70335711388233
ZNF226,2.29496655123269,0.289222373842014,0.595195710482151,0.453163174485532,0.500836628353522,0.663984696172144
BCL3,1.30224622418536,-0.582446918541738,0.729848901756256,0.967310270381326,0.325351906994151,0.532947470211216
PVRL2,13.4729491673688,2.05786555894656,0.385815378762881,28.4752493754329,9.49039735535434e-08,1.53448957766785e-06
TOMM40,1.31666998386015,-2.11198165192568,0.761449929450177,8.85810365525268,0.00291790554456896,0.017193197285691
CLPTM1,4.24089775800245,-0.568517323270557,0.402541941947807,2.04922449662446,0.152283741298687,0.334718352467129
RELB,11.9888987709892,0.104560632144178,0.24540469546322,0.181592348784022,0.670008357464746,0.761157005211358
CLASRP,1.52642748166238,1.1238752620943,0.688072530197966,2.79246038302851,0.0947087126812837,0.242936371415197
ZNF296,0.592576612929175,-0.578897068776269,1.10948201325802,0.410031841873383,0.521953344122495,NA
GEMIN7,1.84217897205779,-0.773045081010091,0.681307344615569,1.36222385584907,0.24315243953139,0.451937564285216
TRAPPC6A,2.75170484823683,-0.628883314388386,0.620732099403017,1.111968997075,0.29165433247217,0.50345288715196
ERCC1,5.20346540869935,-3.22915279920458,0.598023854393997,35.2468330430087,2.90454035720539e-09,5.87426511846688e-08
FOSB,1.27437051310376,-1.23531778768578,0.902562713804361,1.88646794531981,0.169600840866038,0.359900854744879
PPM1N,20.8407745818846,-0.444733667276832,0.540435537535593,0.688068726861687,0.406822056096672,0.597910485083199
VASP,70.4500265624463,-0.184633900297382,0.172444187750298,1.1500612858583,0.28353632071197,0.494712912237662
OPA3,1.98670606427524,-1.16827981582148,0.688900017901638,2.91256610921509,0.0878919269529352,0.232155917399822
EML2,0.54555358463337,-0.446066457211583,1.13860667899936,0.245362210361215,0.62035978755632,NA
SNRPD2,19.0541822625291,-0.547736430314299,0.240239079948105,5.21260899928467,0.0224236610430655,0.0867543308281512
SYMPK,0.935264593790168,-0.628162436330177,0.863390809902401,0.818370534886775,0.3656570142436,0.566159184371354
CALM3,38.7050521347709,0.305321086454628,0.181777007526913,2.83409016505928,0.0922830550080523,0.239596882261198
PTGIR,6.23134392158597,0.416938714696718,0.431139618190732,1.07807403772023,0.299128806732047,0.508871690038545
PRKD2,2.40548280606511,2.91309977242279,0.709297182790311,20.0229199302211,7.65194796878944e-06,9.01752637552725e-05
SLC1A5,3.71623424859333,-1.21038086422328,0.458609251801202,7.16545481605405,0.00743208446018015,0.0369373994906601
AP2S1,28.6230128220592,-0.59894572554119,0.173262196758068,12.0436615417448,0.000519687888525552,0.00399078619158469
TMEM160,5.77451366427841,-0.996525958466572,0.425674730171733,5.50441632585975,0.0189685098842539,0.0760229094641646
SAE1,2.23206645660054,-0.350599291867894,0.581171112047891,0.593550827662376,0.441049311212023,0.624388284638989
BBC3,2.50725153208526,-1.64685505583426,0.698379567522602,5.67050478322996,0.0172524909130571,0.0705708756977474
PRR24,3.52022552983561,0.473464643185215,0.548336740965176,0.764244077437326,0.382003604273404,0.577720486388363
C5AR1,25.045570442101,-0.376949445965702,0.29271369043322,1.65918301189781,0.19771366805354,0.396722121097607
NAPA,38.2074494353653,1.81597554604,0.173760411314907,115.256491615669,6.91494249965761e-27,5.57562732077656e-25
GLTSCR2,36.9285080674825,-0.302213679493845,0.175377491008804,3.06189118022424,0.0801483354104964,0.218257343984806
SEPW1,22.7162382584964,0.0191416333673407,0.203911987450355,0.122205758261799,0.726654371596703,0.790509140625705
CARD8,6.36526858092929,-0.258599251535138,0.336991508497327,0.604039652160694,0.437040853511276,0.622070028763974
CTC-241F20.3,2.35584168419453,0.0968660185111898,0.507021176297668,0.267733683763524,0.604856103778386,0.725211935815682
EMP3,411.884653269764,0.132078314326093,0.137005845587618,0.929335471206599,0.335035662017929,0.541740079275151
KDELR1,6.15049971040174,-0.0889546266354522,0.354460803279084,0.0903068952433301,0.763787363867582,0.813149577098773
GRWD1,1.04221237438434,0.5657103407242,0.93530406442616,0.421000715180448,0.516438128784099,0.674064505471557
CYTH2,6.90590485699443,0.0808952371516086,0.332893407638388,0.0759148599816655,0.782911758485328,0.827044174452351
RPL18,161.883613236943,-0.245239215446056,0.0888456141096518,7.63761366379904,0.00571634930796998,0.029965601847083
SPHK2,0.443053056518554,0.61807164265653,1.11193693372622,0.479497208316921,0.488650148886783,NA
BCAT2,0.175023529891335,-0.937614986394484,2.3313951634504,-0.00875957454968201,1,NA
PPP1R15A,25.7177477806974,0.254322348314404,0.228381989794085,1.37653125819675,0.240692885004392,0.449388361340284
NUCB1,10.9803907842771,0.850106049926665,0.276638129013375,9.56989882664502,0.00197793682673326,0.0125344331687915
BAX,31.6136245287812,-0.499028880022022,0.178676836935854,7.81862824187421,0.0051710429696676,0.0276678927603164
FTL,6430.63957808971,-0.223871766763193,0.139286952057929,2.58059448117331,0.108181026254787,0.267851850056297
RUVBL2,1.59854054682548,0.148823730704265,0.651700369665643,0.149889370983125,0.698641101762534,0.776155866042823
SNRNP70,2.75229246792474,-1.29383004086773,0.555241821800013,5.8283976074912,0.0157694810444943,0.0657383536331026
CD37,54.3125962941048,-0.0600234610682329,0.186670645427049,0.236363375739799,0.626845103541252,0.73671326465655
PIH1D1,4.10777245466562,-1.04582525574577,0.405978128936254,7.72495546844429,0.00544627031862819,0.0288459330272719
ALDH16A1,2.10055698940534,-1.89296997323925,0.677272928465568,8.19922175660664,0.00419083621309256,0.0232201123994857
FLT3LG,1.32731460189535,0.973454111668539,0.754911850130316,1.71480529123799,0.190363093629657,0.388330571825079
RPL13A,450.935658577212,-0.403543684510101,0.105523382409745,14.5704977943768,0.000135011868330833,0.00123485481959903
RPS11,92.1156959732841,-0.232821679321136,0.130603041532027,3.29137876538584,0.0696445172282122,0.197584074803002
FCGRT,26.8367971108788,0.507936201130377,0.199545264960894,6.54903605659906,0.0104940998060799,0.0484976196166345
NOSIP,20.8811847646049,0.168003701675845,0.205184160539982,0.754227284120489,0.385141139079535,0.580458657225625
RRAS,3.60080331407112,-1.39148184084236,0.482253191660654,8.99020494771352,0.00271430556935199,0.0162752099109481
IRF3,3.99503212652263,-1.04053204313672,0.43651759956104,5.93309195214734,0.0148591478713053,0.063058766035567
BCL2L12,2.11728453171994,-1.03718820766354,0.655596184376814,2.51731831602031,0.112601927907078,0.275267319504451
PRMT1,4.48608484427297,-0.995204975573241,0.40220525684153,6.33296116405468,0.0118514275822468,0.0533227226314305
AP2A1,2.72847931400034,-1.3372252642231,0.618425036487838,5.14393019745997,0.023327779754645,0.0892895904662489
MED25,2.40620499467782,1.39418006862549,0.561905327009109,7.16034994904345,0.00745326542067582,0.0370126503224485
PTOV1,1.84900101495024,-1.21878656675627,0.612703046437938,4.12777358711801,0.042184816293819,0.138908411740206
PNKP,3.37381884519066,-0.494940514006927,0.576838047067127,0.732687688928394,0.392013388757875,0.585844819249132
AKT1S1,1.72672160245843,-0.109123782400517,0.688549939390096,0.188088738972262,0.664512126713338,0.758593575353825
TBC1D17,1.16300556453146,1.81451678478926,0.866033995197805,4.41470708719185,0.0356303953873664,0.122683011664132
IL4I1,71.3053633657344,3.25403630388327,0.235300576185344,190.00085268813,3.17793433561117e-43,4.32764035747228e-41
NUP62,9.01724635844346,1.30108479275601,0.304867988649221,19.0336040748119,1.28436573362613e-05,0.000145751726215943
ATF5,30.8416103682836,1.91050387311319,0.239239205626188,64.2848060356276,1.07672891108764e-15,4.45823970753043e-14
VRK3,4.65499449584772,0.446157810590213,0.382335524794534,1.39806091075752,0.237048507320615,0.444523088889694
NR1H2,17.3359219699443,0.160899891252413,0.213632414379306,0.886239985853479,0.346498274108879,0.550516314166246
SPIB,0.0593600042991829,-0.218545984184293,3.05413333002924,-0.621559794457697,1,NA
EMC10,4.33046893996543,-0.890290058135767,0.463932531779556,3.78089148548422,0.0518410332859571,0.160933055712434
JOSD2,10.6500751977541,-0.151327058607788,0.256270055622586,0.488127133076958,0.484763939016035,0.655334969841223
CLEC11A,0.350402601451891,-0.64407618125138,1.18762510299638,0.329510888672132,0.565947236566882,NA
C19orf48,0.604650489524838,-0.770662127212826,1.15219739064246,0.721149740996466,0.395767032061056,NA
KLK1,0.0464271167714418,-0.552415847297284,3.05608535745399,-0.767467857003339,1,NA
SIGLEC9,1.92251250616979,-1.25222213365988,0.643069062816094,4.2096342965891,0.0401950018583567,0.134451403596075
ETFB,8.69263131806234,-0.609212501503434,0.285903025798792,4.74059616396042,0.0294588611486339,0.106882120259816
NKG7,8.84516424920672,0.320161031553795,0.394106216431624,0.663760246372462,0.415235565300806,0.604840395570083
SIGLEC10,5.08749526980893,-1.63138241643078,0.451905329087766,13.5447390465107,0.000232943461998451,0.00200207227927981
SIGLEC14,1.94614999499431,1.07695856446737,0.767274677603973,1.9850614548189,0.158858206969879,0.343622694073922
FPR1,18.17567442458,-1.00487089112018,0.398366896759384,6.31410253128317,0.0119781359099522,0.0537490283601494
FPR2,7.89759421624462,-0.176546211195119,0.438323641563267,0.271700631906569,0.602193248891113,0.723860382346948
FPR3,10.7216967428528,0.871937755347829,0.342486801336278,6.80470458876977,0.0090917994603882,0.0435610219650187
ZNF350,3.35562695874285,0.340684523750262,0.513555915636476,0.530564358977912,0.466369687875746,0.642372094246476
PPP2R1A,6.55432552988361,-0.78913357140018,0.37000335018418,4.58042521756052,0.0323391888736784,0.114684345727952
ZNF766,1.46156295835802,1.25060968444015,0.705034679777356,3.34738870455998,0.0673117144519831,0.1932019607315
ZNF480,0.636816584255566,-1.41389731840929,1.13264068284775,1.88849351668227,0.169371935922724,NA
ZNF880,0.401263671351956,0.306464623136995,1.15465008684254,0.174024401566061,0.676559683593505,NA
ZNF701,1.29294181216716,0.49468737166046,0.79406927251226,0.398213163371075,0.528013499361877,0.681271448566212
ZNF83,0.564000772394814,-0.392996085816351,1.16751027766202,0.193882410170879,0.659704775302569,NA
ZNF600,0.857242366163531,-0.659250569403261,0.883598361308843,0.741886060009662,0.389057374915091,0.583348077680372
ZNF816,0.355380306793577,0.508123314329819,1.27144942174234,0.161398024425836,0.687872638000613,NA
ZNF160,0.912328932092862,-0.147345644102171,0.860701453753338,0.118334864275617,0.730847527542232,0.793009296950253
ZNF677,0.294780676679785,-0.218476372277906,1.50057162729957,-0.0383593418484089,1,NA
ZNF331,1.21375190456282,-0.376484686002055,0.768661355193161,0.265324969393376,0.606485205085676,0.725886979836919
MYADM,3.31454579120073,0.877009156393236,0.489613144092538,3.28831223733188,0.0697747104765736,0.19769104463863
OSCAR_ENSG00000170909,7.82391750808572,0.0313924763236492,0.356288039987255,0.104899290542846,0.746027675171621,0.802242119009208
NDUFA3_ENSG00000170906,2.68588234624893,-0.383681506602269,0.544925285201088,0.498274024030891,0.480259484304896,0.652148731012751
TFPT_ENSG00000105619,1.27045051592317,-1.76875904947656,0.755171213813694,5.91722062634076,0.014993592559659,0.0634973982070423
PRPF31_ENSG00000105618,3.12946181702345,-1.40877047831367,0.496769942524898,8.62026413788487,0.00332443634436439,0.0190571991751777
CNOT3_ENSG00000088038,2.01660323539884,0.383100909602928,0.55762582513137,0.474780281711169,0.49079619638313,0.65850313247735
LENG1_ENSG00000105617,6.0983366265743,-0.0354139266878177,0.364829564921448,0.0336200357284753,0.854517385944639,0.874615007874162
MBOAT7_ENSG00000125505,17.6975046334661,0.268353739008104,0.22527022806329,1.50445524838945,0.219987119711624,0.424058216292177
TSEN34_ENSG00000170892,9.92519257751093,-0.280932424056317,0.295034408473104,0.937538038243787,0.332911800509227,0.540133310436999
RPS9_ENSG00000170889,383.685952509703,-0.179999877583027,0.112201640539468,2.59378355658183,0.107283781086622,0.266168020444867
LILRB3_ENSG00000204577,6.48041137446392,0.533114698095531,0.356676275092324,2.27908429736658,0.131129274303238,0.305058520103132
LILRB2_ENSG00000131042,50.1435860341199,0.966786655955991,0.187899756386998,26.4457606224398,2.71042678765964e-07,4.04817624835715e-06
LILRA3_ENSG00000170866,36.5416843216601,1.14824627852958,0.346595744392932,10.6705970585982,0.00108851976736635,0.00763949237318847
LILRA5_ENSG00000187116,30.1116732832529,1.57509913782502,0.244186643488005,40.9525002258921,1.55974346809552e-10,3.52697711161969e-09
LAIR1_ENSG00000167613,10.9264576143049,0.453401442660498,0.35527080615561,1.67905567405013,0.195049978477286,0.393316819152571
LAIR2_ENSG00000167618,0.0628635903131331,0.255249397474148,3.0559717001647,-0.626907398203485,1,NA
LILRA2_ENSG00000239998,7.1067904554959,0.582795015289459,0.343124253653182,2.93388095752961,0.0867387510540449,0.229957223105288
LILRB1_ENSG00000104972,21.8188736128852,1.16644762220572,0.239976562254893,23.6981245300881,1.12692302618029e-06,1.52445569634279e-05
LILRB4_ENSG00000186818,34.1060807775927,1.23626410925221,0.205425986986803,36.3443757939367,1.65355690603864e-09,3.47020435623451e-08
KIR2DL3_ENSG00000243772,0,NA,NA,NA,NA,NA
KIR3DL2_ENSG00000240403,0.313360377629574,-1.47814647313328,1.53081885125097,1.25295904637358,0.262988067131443,NA
CTB-61M7.2_ENSG00000268734,4.24035667188289,-2.88966408807053,0.602873524875877,26.3264797099135,2.88308592907176e-07,4.26752429308014e-06
TNNT1,0.994262792624411,1.23073944785331,1.15317035559697,1.23615626468452,0.266213123300539,0.478408010502435
HSPBP1,0.596097593486915,-0.909081380893003,1.11349948460233,0.842315732415898,0.35873530903257,NA
TMEM150B,1.38478904554127,1.3421950858133,0.780478641470451,3.35685837245308,0.066925631002676,0.192454372024589
RPL28,297.896241132297,0.64280959049688,0.126337316436113,25.8146201333869,3.758308477982e-07,5.45756264290846e-06
ISOC2,1.41572644555113,-1.16702413131353,0.802663004796468,2.48861983478756,0.114672245135112,0.277997283030395
ZNF524,3.38153734670706,-0.998206413162778,0.51430154183133,4.10195309083328,0.0428337057817003,0.140516568003351
ZNF580,1.50116228226756,-1.25847864224703,0.730659311461099,3.08701920922425,0.0789192542421023,0.215996958461636
ZNF581,2.33693630004174,-0.475287054298529,0.542717489175824,1.25349508724184,0.262885982987606,0.475491530031892
U2AF2,2.11695063063805,-0.233085927707559,0.603176983220372,0.431266629389974,0.511368086161081,0.671009364977735
EPN1,3.22335623514601,-0.475277377240684,0.48474217704379,1.00531972910317,0.316026703906221,0.523718553181917
ZNF444,0.628302853022963,-1.10444942917576,0.961996944949706,1.67525393423261,0.195556288537409,NA
ZNF583,0.799462435458229,-2.04067368195744,1.06088323991571,3.90553620482908,0.0481272673565297,0.153127671007692
ZNF667-AS1,0.0999891306278179,-0.150463873118322,2.62532865169173,-0.471143240819854,1,NA
ZNF264,1.54793809907965,-0.711921120838777,0.709698945952361,1.09570403876337,0.295210824988208,0.505693716411412
TRAPPC2P1,4.83896065015819,0.303021877320375,0.395979754736588,1.18337375366417,0.276670235107167,0.48789502179474
ZNF134,0.812970740803368,-1.72849922588062,1.01462086936971,3.42095174430217,0.0643738904981779,0.187581170220083
ZNF211,1.0019257781136,-0.225185455662362,0.829875331168342,0.0741166066259993,0.785434678663037,0.8284240466174
ZNF671,0.304154474843469,-0.509520141456356,1.3123101585825,0.136282102334917,0.712005443613365,NA
ZNF586,0.810497096369148,-1.38588123734844,0.968436422990059,2.4474825616503,0.117713519531087,0.282660050033896
CTD-2368P22.1,0.788843977048639,-1.33487773246409,1.14845264395287,1.5499589545139,0.213141500401014,0.416515601217054
ZSCAN18,0.232521844728148,-0.129333027756314,1.60820287952592,-0.260599015477634,1,NA
ZNF274,3.01584295901231,-0.078244241172937,0.510551339457264,0.0292626466831365,0.864174006438668,0.881727990585441
AC010642.1,2.73300020783157,-0.308825790926988,0.529298925633916,0.359172594556043,0.548966114727276,0.693751791091645
A1BG,2.0924055599576,-1.83963902120803,0.65498752263219,8.37723577659727,0.003799498593662,0.0213641069230267
RPS5,128.82034346951,-0.282898669689246,0.103005045822475,7.56054889412664,0.00596598185398899,0.0310616285482112
TRIM28,1.15667953321025,-0.244775927972069,0.760167956047929,0.19717857257875,0.657007924479288,0.7549492895573
CHMP2A,34.8633156362069,-0.102861862638747,0.172220109369772,0.361809958310019,0.547502745339921,0.692772418633705
IL17RA,3.58930142976536,-0.310863167821281,0.455971766285579,0.473480744184414,0.491390206644411,0.65863179765951
CECR5,0.288332642448981,-1.2521068289684,1.42287218710539,0.94184368881924,0.331804142698231,NA
CECR1,8.4975332232325,2.50268973836673,0.390489040981143,46.8179527710306,7.78965426089055e-12,2.04871250260675e-10
ATP6V1E1,12.3243787187799,0.0256412052172941,0.250615647688296,0.0167877773795766,0.896908494570106,0.907422033139444
BCL2L13,6.42483498568323,0.861629700909124,0.386833347847541,5.03277299193392,0.024872045231776,0.0936215560075696
BID,99.7047405633316,0.149828738109339,0.157506595664261,0.933459913806047,0.333965479579418,0.540983467846332
LINC00528,1.29819824864593,0.932548365716267,0.827177165578011,1.57673334637069,0.209231856737452,0.411216426583422
PEX26,0.775631675681921,-0.768451420307625,0.910794341508943,1.14386495105944,0.284837122756181,0.496157444073302
DGCR14,1.63098417624737,0.106786882469548,0.87559076556498,0.302152640061209,0.582536045437101,0.71228479827595
C22orf39_ENSG00000242259,3.6262273716942,-0.422276681602174,0.545118938406272,0.61024462077917,0.434695720966662,0.620931607741679
MRPL40,5.20060709001433,-0.0801986144200583,0.404143411858414,0.0505337914656963,0.822137026523985,0.85289583520213
UFD1L,12.7122457684561,-0.687755763645709,0.259888629781039,7.05552045729607,0.00790213476976459,0.0388326237923957
GNB1L,0.190901725431627,0.56965195999885,1.65986919474278,-0.165295223523142,1,NA
TXNRD2,1.50907462476797,-1.67551304525054,0.872751657042924,4.27524179244766,0.03867146152936,0.131050540988468
COMT,5.94345717569108,0.467452080566199,0.346755505953713,1.83367530749358,0.175694052627572,0.366957448705439
TANGO2,1.98188869732581,-1.54868514887375,0.673563617536032,5.47817591658077,0.0192553421449398,0.076920949585522
TRMT2A,0.872066461384851,-1.44389196533995,0.920773733791092,2.74743015454995,0.0974108787308122,0.247279977159245
RANBP1,9.02355525435422,-0.977318678417636,0.297205833698326,11.0571989281545,0.000883435078680532,0.00633180135924479
DGCR6L,3.37451832995741,-0.72855278006299,0.465985269535461,2.52114006076622,0.112329347657126,0.274901854010731
MED15,2.19487317671519,0.280951765291139,0.621652881158927,0.314509804724537,0.574925884389365,0.708018514803592
SNAP29,13.5856111334303,0.240910463579605,0.2453698520249,1.26048835712498,0.261558671495099,0.473600182096933
THAP7,1.38585138155342,-0.283804762458621,0.739152942689968,0.157062138493352,0.691875864842627,0.772447840142065
UBE2L3,10.2314067352236,-0.199187921284507,0.270630334432512,0.571165189905898,0.449796272133327,0.631032865300602
YDJC,2.15427663909302,-0.00656445637578674,0.575657104015836,0.119706964053087,0.729352528167176,0.792319144231245
SDF2L1,9.96155507357552,-0.895755545655688,0.321883055687656,7.78967837851978,0.00525455485309888,0.0279999235998173
YPEL1,0.144352079045713,0.546792020518258,2.44308129665492,-0.202292312084815,1,NA
MAPK1,6.43872475383051,-0.76353187273442,0.33158881034385,5.66946841587504,0.0172626864671872,0.0705708756977474
PPM1F,6.00188025863585,-1.16179473253388,0.469949793822972,6.57010451335529,0.0103705860675638,0.0480718240711278
IGLL5,0.515302808506879,0.834969484296249,1.28409276087591,0.387743151425646,0.533488088968617,NA
RGL4,1.66850211932112,-0.932762575138759,0.694238800722225,1.87225362764492,0.171217191791389,0.361425749671937
CHCHD10,5.05559137349946,-0.464290062456162,0.451582026466361,1.5986172750394,0.206099273124903,0.406623383659949
SMARCB1,4.17243084945327,-1.15207965692165,0.438256362263262,7.26267302862851,0.00704024271458347,0.0353338307575491
MIF,2.74063234894832,-0.283471956648467,0.522920884948385,0.487680854571508,0.484963649957543,0.655460354419899
DDT,17.7671961340862,-0.343768995684747,0.275688664673905,1.54989063356861,0.213151587045803,0.416515601217054
CABIN1,0.871436314528031,0.917621285105234,1.10275672211059,0.853069722686428,0.355685376157331,0.559599482693742
GUCD1,2.04307290300782,-0.0249127089332741,0.671437172890138,0.0897459602118005,0.764500363309646,0.813767279201235
SNRPD3,9.79219137588308,-1.33519318245013,0.296848655310542,20.8771298552386,4.89706695123631e-06,5.94242104498537e-05
ADRBK2,2.1520663202519,0.62120635434482,0.627166662657144,1.26493746441675,0.260718561001217,0.473107296954534
HPS4,0.788350042992277,-1.9571590437623,0.976777544319515,4.85495661153596,0.0275668070778708,0.101094789810408
TFIP11,1.84134226439212,-0.471566552027648,0.634191329058361,0.56666822834498,0.451585919492392,0.632782715221946
TPST2,5.42849611459235,-1.30877202226885,0.377460737128715,12.570388506408,0.000391907098501595,0.00315171482889471
MIAT,0.489428835189179,-1.08510641344641,1.12130356677143,1.19535487325565,0.274252069963927,NA
PITPNB,1.17130314853864,-0.213363946472453,0.754326097104301,0.150074458634272,0.698464213129084,0.776155866042823
HSCB,1.38664807709472,-0.197340382723728,0.716838663156729,0.117389865406544,0.731882815677662,0.793785721464819
CCDC117,2.18715482953512,0.181012912976578,0.646638229685936,0.175325133372439,0.675421916305961,0.764175663965063
XBP1,16.7863075104517,0.452216157950322,0.286906709538735,2.64971933490646,0.103568180433246,0.258927010306668
EWSR1,23.2622517777572,0.55803080471625,0.18584961441974,9.10817144770931,0.00254470126382759,0.0154242624577008
AP1B1,1.55326627698734,-0.581575232427389,0.723951241510378,0.713731169181173,0.39820792998952,0.590708834416795
THOC5,1.67898654109509,-1.46844732705307,0.689089579907168,4.8358361585251,0.0278741206066407,0.10197767825522
NIPSNAP1,0.0192862052863319,-0.426972875039814,3.05671984711709,-1.1316226384713,1,NA
ZMAT5,2.33249907852066,-1.15723044953804,0.602022097617309,3.73092530155537,0.0534137964110129,0.164070047321648
UQCR10,38.5664740410685,-0.437597075793452,0.157592953560337,7.83818036714013,0.00511540730595097,0.0275216997110338
ASCC2,3.28660305615824,-0.297201240694433,0.447876247035231,0.441126839524763,0.506579078787527,0.667765444928935
OSM,10.245662102648,-3.18964287604402,0.572300666561984,30.7971908981674,2.86452226142187e-08,4.93084056685203e-07
GATSL3,1.46171084598295,-2.1509685159498,0.979624064418652,4.95875283905107,0.0259589229577183,0.0969386227208397
TBC1D10A,3.21850384517683,-0.847933896986085,0.521745360665214,2.64623963733902,0.103795163227102,0.259297497046752
SF3A1,0.956390772754352,0.204406512115447,0.827956815120998,0.248898412059965,0.617851809604314,0.732590150745535
MTFP1,0.325794315469093,-1.00982762865619,1.36188338288051,0.750606379459132,0.386284315339119,NA
RP4-539M6.22,0,NA,NA,NA,NA,NA
PES1,2.05619458236463,-0.279711105495667,0.555676061916213,0.279150436653019,0.597258591955194,0.720851869129177
TCN2,5.46603396662716,2.23848855076114,0.452105697952733,28.3464990339878,1.01430074031573e-07,1.63140024584115e-06
DUSP18,3.07924453948768,-0.433413618519057,0.496331835706427,0.772636020787019,0.379402811536509,0.576298578910299
TUG1,1.4200239526026,-0.440708568788357,0.666715447699758,0.474141755908555,0.491087912471833,0.658509130771858
SELM,2.85757299220906,-1.69650880930462,0.547691566247812,10.278213100763,0.00134610249439588,0.00908870243925088
RNF185,1.75231276169857,-0.971227122592379,0.636112828293323,2.47661353330704,0.115550807523445,0.279130033779418
PIK3IP1,2.05250684239838,-0.6862390718033,0.582852878220311,1.50884365205967,0.219315619624401,0.42383037434826
DRG1,4.63061420149361,-0.615853166155148,0.417567313690972,2.24980831600794,0.133630954649943,0.307168731038207
SFI1,0.482904206579644,0.533081164234107,1.230714532606,0.359049883391471,0.549034379968972,NA
PISD,1.08903714348137,-0.548990464981269,0.811564145771076,0.707189441080793,0.400378431239005,0.592780629773526
PRR14L,3.14192480180467,-0.146702069797999,0.524518272998766,0.118292640949591,0.730893686223079,0.793009296950253
YWHAH,36.3515852589884,0.0294007606284725,0.248023259180987,0.0155706200056898,0.900695907986551,0.910652454073846
RTCB,35.6361060756039,2.8884994876713,0.215073968233344,208.955967405189,2.32084836697562e-47,3.95059966467405e-45
FBXO7,18.6480374767452,1.54313223106916,0.28327711942192,30.0951591845111,4.11356764985605e-08,6.96352004373422e-07
HMGXB4,2.75614117028879,-0.570885060798748,0.525256152759248,1.18807412571311,0.275718372412158,0.487396610674821
TOM1,5.79362372447047,-0.538984229680603,0.364265827913335,2.2118002061207,0.136958767926713,0.312276665769129
HMOX1,44.848099253265,0.116457479199978,0.17834850700697,0.427384388512067,0.513275187816398,0.672559179142047
MCM5,2.76627869939361,-0.78642181621868,0.570794868491704,2.00858075106733,0.156411581413072,0.340131359439071
APOL6,13.7699557015598,2.01604672766227,0.29028507292346,52.2001461499956,5.01224047031941e-13,1.55126311121805e-11
APOL3,25.8824792714573,1.73312182916153,0.263870223292752,43.9202097011765,3.42038846268742e-11,8.25202381864113e-10
APOL2,6.39843427221471,1.22308663264483,0.404755571753136,9.43386834799897,0.00213014491926154,0.0133882339130613
APOL1,2.55474368300622,2.48117526996744,0.641442563675858,17.5341051682773,2.82199976815299e-05,0.000300229419778499
MYH9,6.18339507618927,-1.13197399438726,0.385770853745414,9.31793090864002,0.00226922098977668,0.0140746824143234
TXN2,5.78537144091625,-1.26579177050571,0.483848747395087,6.9855634092027,0.00821697825137702,0.0400267430241959
EIF3D,10.5348657190947,-0.580116269606933,0.298521325152799,4.00878687851099,0.0452637079229629,0.146689036937769
IFT27,1.19115942064204,-0.803608234991798,0.797041055743712,1.15173322204681,0.283186619299153,0.494406724520003
NCF4,6.59886388446885,0.390939576516302,0.431696755039887,1.18369893675873,0.276604250053198,0.48789502179474
MPST,1.35696221756613,-1.66314662327167,0.793289125865202,4.62432664373753,0.0315216316549198,0.112632395790874
KCTD17,0.299698266916566,-0.420945310091881,1.39025898004655,-0.0522880102435188,1,NA
IL2RB,0.17554122127076,0.504147140509265,1.7343490133976,-0.0896602760954686,1,NA
RAC2,12.8253578849801,-0.61401220960712,0.269896823412209,5.43822111383624,0.0197007237135136,0.0782918514373612
CYTH4,5.57184294546503,-2.04170017577185,0.52964100628478,15.4986084544737,8.25660142394501e-05,0.00079931206202109
MFNG,3.67392131835058,-0.686409287792562,0.543333959303161,1.59815439245192,0.206164956434638,0.406623383659949
LGALS2,3.32924405267429,1.97836466282661,0.757918229079557,6.98171100500913,0.00823468438008643,0.0400420511484195
GGA1,9.13063815851,-0.83193522611451,0.312103089208402,7.18909701017463,0.00733478829078287,0.036520860454258
SH3BP1,9.89039922511596,0.247206390844293,0.297188239859,0.688955827759358,0.40651976960852,0.597910485083199
LGALS1,250.56060214451,-0.0640189679294647,0.15257044421581,0.186829848467767,0.665568309202032,0.759092238747451
NOL12,5.39281280243379,-0.442882813745583,0.361957507616683,1.50759387005129,0.219506607873732,0.42396073954898
TRIOBP,2.59884004804352,-0.0805720229829308,0.592612840133483,0.125744610244084,0.722885631022756,0.788508926113821
H1F0,2.2782585962141,0.0309579837932596,0.683847833103293,0.137102131579901,0.711179052017206,0.78411393140724
EIF3L,21.8552817138139,-1.4913912319189,0.266812508664813,30.9786454402463,2.60883067614994e-08,4.51607750944825e-07
POLR2F,9.59562819027109,-0.620373106367674,0.30560914710661,4.18067276437824,0.0408874669845783,0.135804009583466
MAFF,2.92755550377027,-0.450054296443251,0.628540610571268,0.927124073416394,0.335611349522232,0.542216279955771
DDX17,12.7630182072837,-0.382977494595771,0.254884317021436,2.24976797830733,0.133634438144233,0.307168731038207
TOMM22,5.33170234042567,-1.12307367020343,0.385572552403606,8.7029457930348,0.00317696225450348,0.0183318499958543
JOSD1,2.03823675884726,-0.813980863363019,0.604339199999214,1.85276391897693,0.173462276117954,0.364528110995501
GTPBP1,2.53146026407741,1.07328175800688,0.56474075591999,3.74969150459239,0.0528172586953776,0.16284667953604
SUN2,3.44033378063806,-0.225431529299532,0.499082341556656,0.394129810798617,0.530136546763657,0.681516950220189
CBX6,2.02524791709269,1.33504167079433,0.684195465189902,3.99112176149689,0.0457406025245781,0.147603166019281
APOBEC3A_ENSG00000128383,562.964380975027,4.34831509585081,0.240426765855728,262.653724038593,4.52979703331087e-59,1.63285860118406e-56
APOBEC3B,15.146108337975,1.44401732553405,1.08999605258203,1.68555925263411,0.194187393341891,0.392287499820304
APOBEC3C,4.44204915121033,0.951095400263546,0.467902424648906,4.20426556889831,0.040322431486085,0.13451053900203
APOBEC3F,2.82667392807295,2.31906966088614,0.599385784931296,17.4031478159286,3.02324877814491e-05,0.00031942187090469
APOBEC3G,38.5446629151291,2.0179597740656,0.201749045618895,103.221158840008,2.99747639696984e-24,2.13587620472455e-22
APOBEC3H,0.740504495336076,1.5601544735815,1.1386432633768,2.06834821731164,0.150384319260913,0.331418182496758
CBX7,0.575881581169909,0.303226097818389,0.987821694895654,0.108655152760235,0.741680450523517,NA
RPL3,368.999360814962,-0.674146146274374,0.0983594654282184,46.7054999310609,8.24971492041283e-12,2.16043816377307e-10
SYNGR1,0.337816872494082,-1.12076782590198,1.34272504191546,0.994259043492011,0.318703650259052,NA
MIEF1,1.13210167092394,-1.17211546308322,0.841933395464836,2.09757192865284,0.147533260459637,0.326856044865024
ATF4,11.4790123211611,-0.260824892254706,0.279762735851976,0.917799716584071,0.338053358805889,0.544322724984465
RPS19BP1,19.7135119213005,-0.640403241643457,0.222494591893303,8.37695875884587,0.00380007776535561,0.0213641069230267
GRAP2,0.59639073219456,2.09921251230351,1.25817354595309,3.76264394799821,0.0524096446438142,NA
TNRC6B,2.93488676449015,0.140276247243834,0.468254589770723,0.460960704200794,0.497175328780216,0.661920470496631
ADSL,4.00768204352904,-0.309307948019128,0.419150674282342,0.593143073695188,0.441206278899469,0.624388284638989
SGSM3,0.894190992092723,0.168405878794944,0.925020869185197,0.185508912409141,0.666681096970551,0.759580078307179
ST13,27.4485761066329,-0.187763742143442,0.211521576798535,0.908793456967629,0.340434752869744,0.546121509315652
RBX1,61.8023821582102,0.57566962004449,0.160739890659853,13.1199856896713,0.000292162266291479,0.00244252437630857
EP300,2.22138898401459,-0.32283989904937,0.633599725836413,0.384970823626631,0.534954868428687,0.684956839475762
L3MBTL2,1.1092766069641,-0.629681393898438,0.779518409125908,0.648627013818349,0.420603986008375,0.609040932480936
RANGAP1,1.19062874739868,0.69485366474466,0.733344627252518,0.907779532957079,0.340704261185776,0.54612495750626
TOB2,1.92197513234328,-0.148981312087154,0.695511537464312,0.0763845566586525,0.782258088903356,0.826496132551683
PHF5A,8.67894322774764,-0.44493121639525,0.372122872903541,1.4843452618525,0.22309590138203,0.428031209664709
ACO2,4.47859248183771,-0.447787011812577,0.448084117751999,1.01014133607329,0.314868981647289,0.522621104966031
POLR3H,0.393043035081,-0.676814234769612,1.17688604216162,0.397534478296468,0.528365309646816,NA
PMM1,1.8802138117348,-3.02031731128414,1.06971292753914,8.26396062720816,0.00404398065847554,0.0225286486137619
DESI1,17.9596633082636,0.817955941900346,0.222103901921788,14.2469904219917,0.000160316967536966,0.00142586702041586
XRCC6,17.7862420847277,-0.890935341978766,0.273488934614142,10.6030589203635,0.00112900720519766,0.00782642098806706
NHP2L1,15.5093917737166,-1.08628934182057,0.274700009441911,15.7189286887365,7.34851013729131e-05,0.000718208454885504
MEI1,1.2929086665556,-1.49275438510217,0.816512187780365,3.73789439479652,0.0531914352460744,0.16355098604513
CENPM,0.231647550952791,1.07558326406307,1.32214397803885,0.913906947209252,0.33907991142455,NA
NAGA,7.12737785123575,-0.598428521201027,0.369721147529589,2.90040788609842,0.0885571414671813,0.233510397121724
SMDT1_ENSG00000183172,18.1012062503252,-0.585619567220782,0.250566684097705,5.55796697729053,0.018396766167717,0.0745014009355275
NDUFA6_ENSG00000184983,16.8162949136504,-0.0629784678382582,0.239832870866812,0.295130295324526,0.5869515181666,0.714367210193629
RRP7A,13.7852869287298,-0.265160470018296,0.295030443562588,0.809867280712126,0.368159492097305,0.568606653308894
POLDIP3,3.6349449202034,0.048782542190425,0.424031367940931,0.0181623939685025,0.892795365519934,0.904156337779897
CYB5R3,11.3818716287142,-0.265195227022581,0.262059312125138,1.05103476075749,0.305268892502675,0.513568059464828
ARFGAP3,10.0749000698567,0.304537177147252,0.318291460552447,1.10019645900823,0.294222993812309,0.505608106024069
PACSIN2,4.30164843879174,-0.753288259329477,0.398519027911425,3.61363849729382,0.0573076112762237,0.172740305902951
BIK,0.366511593508264,-0.677624218785763,1.50911780806728,0.229692482310924,0.631751942005638,NA
MCAT,0.71984991662703,-1.43076630081672,1.02346965939637,2.36251304249624,0.124281835165522,NA
TSPO,53.274418157527,-0.645364921392668,0.206447332813592,9.8479213912799,0.0017002376460409,0.0110021713779711
SAMM50,1.59631682810203,-1.10930328756365,0.695833678831701,2.57605074336676,0.108492039773167,0.268296698841796
PARVB,2.76014032856724,-0.0511540291316151,0.53476161192095,0.0201275229499274,0.887181505064213,0.899958328593527
PARVG,8.39801212590975,-0.685649610867558,0.306274434587389,5.72472672504436,0.0167276396931386,0.0687504869480572
PRR5,3.41750405166454,5.11651029367308,0.799206736683977,53.2678025031804,2.91037912808401e-13,9.28896005046814e-12
CTA-217C2.1,2.85860586087815,1.1001422228305,0.554095733858811,5.11326467987078,0.0237436009994669,0.0904293268643462
NUP50,4.00729345935847,0.0446123159041435,0.445632786801512,0.153341469892524,0.695362365075853,0.774637162446535
KIAA0930,1.97314857867278,-2.12135283089014,0.771270529871776,7.47276356709563,0.00626393260198045,0.0322837501975914
FAM118A,2.88529348157397,-0.180894257987587,0.565701213631027,0.146805075775134,0.701607432648679,0.778181058329612
ATXN10,4.65602938834803,-0.838420549930943,0.400720368487922,4.41348847242193,0.0356558546830729,0.122683011664132
TTC38,1.14265920503682,2.78008266654907,0.927356541446808,10.3293571583141,0.00130930800323592,0.00887548611043109
TRMU,0.576742598857212,-1.29982171789824,1.06615230091723,1.60350826480905,0.205406746224388,NA
CERK,1.80232199766236,-0.640477892026614,0.653483387355557,0.972865436163744,0.323966585641661,0.531530719360669
CTA-29F11.1,1.54098135172073,-0.806685826248014,0.769630053911863,1.1946800936353,0.274387554632793,0.486952486182959
TBC1D22A,1.50462815040485,-0.151113485126853,0.710613061463357,0.121734764168338,0.727160561250096,0.790779045135863
ALG12,0.220851113840861,-1.72076904256629,1.57028914309664,1.72777463960907,0.188695346307139,NA
CRELD2,3.19398949717855,-0.324345503359115,0.539208103914228,0.564651712561854,0.452392045108983,0.63312684704888
PIM3,32.3845230363627,0.992276904915011,0.203770369457244,23.6069254291457,1.18161484119396e-06,1.59491976802569e-05
TRABD,4.39057845346958,-0.0904782766038258,0.449861959016881,0.167600010830924,0.682253621627033,0.767410094223653
SELO,2.43980438488714,1.85761569898681,0.742579317777514,6.79113117723227,0.00916118406948527,0.043756614168204
PPP6R2,1.64188369538997,0.165041911371397,0.688104127784262,0.059618349575544,0.807100174408867,0.842365837171436
LMF2,3.38057728452186,-0.308559802096776,0.50105798483082,0.397213543947444,0.528531818710465,0.681314661970115
NCAPH2,0.415230248041044,-0.920289445948197,1.21322922106183,0.755042780223004,0.384884338153174,NA
SCO2,13.7286724020072,0.914551974133275,0.268991422495118,12.0610271081768,0.000514869170031219,0.00396371642456195
TYMP,461.298986481606,1.12701377859193,0.154121265420974,52.2778543780265,4.8177701814527e-13,1.49864445035239e-11
ODF3B,11.163568393537,0.234938634734689,0.27647927943461,0.840557669125687,0.359237325882862,0.561153793782864
CTA-384D8.35,3.06320338423596,2.95902889799745,0.830870552203787,13.7597848248769,0.000207735898773315,0.00179998503412586
CTA-384D8.34,4.38834531447397,0.395991644676408,0.553018329079047,0.588187789205847,0.443120746209649,0.62611112122959
KLHDC7B,1.78392913017567,1.45862317292095,0.728658906704173,4.41366708083445,0.0356521220066162,0.122683011664132
RABL2B_ENSG00000079974,1.20070306342234,-0.757711811525799,0.750791843116812,1.09641445622153,0.29505432999534,0.505618829477472
HSPA13,0.690474213426333,-0.838422232194257,1.01612770296648,1.43987343357437,0.230159822737306,NA
SAMSN1,93.6656294160417,0.404081575020522,0.135948564213205,8.81097122899246,0.00299424608587685,0.0175922723051326
NRIP1,1.05704413312882,-0.0885183400214608,0.849888858928958,0.0987485145537121,0.75333666571173,0.806930097444762
BTG3,9.15081845336649,1.45443239033799,0.358564691636299,16.6893357445655,4.40278019280491e-05,0.00044743344977626
C21orf91,1.24381434286542,1.54333765628369,0.750114587604203,4.84424341700708,0.0277385582198112,0.101603039313212
MIR155HG,1.61943192946395,2.37361470651888,0.871200712326475,7.83363139031782,0.00512829674343995,0.0275426839998247
MRPL39,2.7935935389341,-0.56449731829883,0.540155670330117,1.17176921552546,0.279038012386148,0.489955570172583
ATP5J,31.6416446299299,-0.440255421216221,0.18826182727478,5.90701515477859,0.01508070339589,0.0636902483873289
GABPA,1.48702622900543,0.257265992695474,0.658714047557324,0.164854560216263,0.68472580622034,0.769766967623967
APP,2.40870322680852,0.327722700138546,0.547233393400756,0.418299035362494,0.517787015058397,0.67485003300715
N6AMT1,0.126310826850225,-0.0998981727213641,1.83637207220704,-0.365278115455435,1,NA
LTN1,2.37308245147712,-0.844434876438638,0.630261265607237,1.96600314226534,0.160872745719143,0.347086451672746
USP16,8.0557018500143,-0.116560195980222,0.319393908961412,0.134348454456372,0.713965342824488,0.785126213704669
CCT8,17.4178623957634,-0.899831387481213,0.253940801879988,12.639276737938,0.000377726086856831,0.00305773508620695
MAP3K7CL,11.9387461848499,0.426377775377794,0.343841911981899,1.62016755505246,0.203068426001284,0.403083843840016
BACH1,8.30410415564914,0.00496746212449429,0.319178460751318,0.396546122366857,0.528878395508496,0.681435548098002
SOD1,47.9944703309336,-0.559850695834513,0.172242320559271,10.668804556604,0.00108957511980527,0.00763949237318847
SCAF4,1.7440694892322,-0.847017756241446,0.626819074605541,2.49041037393431,0.114541854860354,0.277985143201683
MIS18A,1.0860073436287,-0.383903642135567,0.831500298191097,0.245991366842823,0.619911931196105,0.733504598256369
C21orf59,3.02634715904107,-1.03710084618786,0.622926997442006,2.96305975996299,0.0851865973119982,0.227065449468432
OLIG1,2.29513442583149,-0.280961137818387,0.539667577061614,0.328695279826334,0.566428366408992,0.70335711388233
IFNAR2,3.44889093266451,0.00963428840616061,0.451950771472069,0.0475686915663687,0.82734926554339,0.856273652972452
IL10RB-AS1,6.17065149233711,-1.22382177984556,0.442589978882219,7.77330285580398,0.00530240091585594,0.0282189507785353
IL10RB,16.064684851681,-0.540373034628468,0.268923968247604,4.04352588140091,0.0443410886400596,0.144379485221193
IFNAR1,10.5521954704145,-1.13898507981311,0.332921919421679,12.2441270883757,0.00046672482558313,0.00364807363670079
IFNGR2_ENSG00000159128,59.1085303713994,-0.407648722936031,0.205126980404218,3.97780036108659,0.0461037322372848,0.148228578777587
TMEM50B_ENSG00000142188,3.77277490857433,-0.561482667858926,0.456800694598988,1.52714422278447,0.216541552472858,0.420859887638864
GART_ENSG00000159131,2.59772645650846,1.51549999594758,0.59345675934531,7.00320994049482,0.00813636902989858,0.0397605019260116
SON,18.1910148961542,-0.000413654318842399,0.222774076385476,0.0211921366237533,0.884256752973789,0.898032048760918
CRYZL1,3.56149144879992,-0.563539204203504,0.447709496141594,1.62388956170499,0.202550295513358,0.402604025593855
ATP5O,31.5323972143406,-0.438221670741133,0.173693904227334,6.35985422264137,0.0116731133918856,0.0526075484161883
LINC00649,0.194827426557092,0.315580182384001,1.75012787063432,-0.101447197708936,1,NA
MRPS6,5.4900427304921,-0.328127487472254,0.362341383252137,0.877103874569471,0.34899613359451,0.553319548791466
SMIM11,1.96147755716393,-1.26588439697835,0.664686133854815,3.71181563845133,0.0540285898309073,0.165213172896108
RUNX1,2.31576490873149,-0.237827218643572,0.532170981217408,0.21183867208515,0.645330073011925,0.746879004456237
SETD4,1.02655007918121,0.42498863993617,0.780569612345871,0.707462744782752,0.400287408094575,0.592780629773526
CBR1,15.4419761295831,2.13584879638856,0.312748251468154,49.8304214363384,1.67624709507506e-12,4.75557509195368e-11
CBR3,0.4858278793114,0.306895030553204,1.1375142371792,0.0902204240362607,0.763897118946678,NA
MORC3,6.71828858821584,0.395549072647298,0.386533857481902,1.26636827120591,0.260449096991929,0.472758313497198
PIGP,2.68221187590749,-0.169919306079606,0.561821137165387,0.172348902130146,0.678032645684306,0.764606775683556
TTC3,2.26238532974804,-1.04013715222932,0.702967654811808,2.14221831077779,0.143294554220687,0.32153388072661
DSCR3,5.79953787205176,0.0436735110738071,0.37503539056901,0.0397645364950563,0.841941669213891,0.866337205012956
KCNJ15,0.507420367409072,-1.33625274835789,1.17960044513383,1.60713926747738,0.204894399583738,NA
ETS2,3.98386287447617,0.0252160920582693,0.445377786591964,0.0471495142254525,0.828099718252398,0.856905618617138
PSMG1,2.34824217292119,1.29692938764316,0.906579525549246,2.20259778064229,0.137778374484955,0.313053718518282
BRWD1,2.74697025690957,-0.288349763899001,0.523560583409375,0.331342411019335,0.564869694973706,0.702596956057485
HMGN1,27.1295332239059,-1.21982934689805,0.242827086384588,25.0945266449638,5.45875791307456e-07,7.76131519520206e-06
WRB,1.31426518643788,-1.90567962465436,0.844615744387053,5.44330684462422,0.0196434458546731,0.0781656079204136
MX2,48.40832528196,4.34454749826115,0.310551096506107,219.811737867372,9.94142042844976e-50,2.03070081285134e-47
MX1,172.052847687005,4.6081376820702,0.30390194474005,197.867549777287,6.09807069629233e-45,8.69045982020451e-43
ABCG1,3.83853244408601,0.169563572759741,0.429367284510253,0.342403008262522,0.558445433316652,0.698683874104623
SLC37A1,2.9426975546857,1.35420813606166,0.544420361647945,6.48235760229185,0.010895037856293,0.050123717705228
NDUFV3,2.06167792790996,-1.04085416209523,0.678318545344015,2.38592392223504,0.122432488392478,0.291478744704392
PKNOX1,2.03807238957794,-0.489197742462092,0.645060342057058,0.744202072804505,0.388318120397092,0.582780279889878
U2AF1,39.3219795287011,-0.0774489866719404,0.153653604442439,0.330827731762355,0.565172095653527,0.702626923214104
RRP1B,0.49644150220703,0.506229091017105,1.07758405391649,0.240867955182452,0.623579933487021,NA
PDXK,10.9985212694969,0.036611540315545,0.280499199224755,0.246142232993037,0.6198046452976,0.733504598256369
CSTB,111.38485370328,0.496108362301829,0.195342203718685,6.42162941119216,0.0112738674681496,0.0512509346029826
RRP1,0.92595907305015,-1.16504996967918,0.977598844629388,1.58285192468811,0.208350374588071,0.40987836130841
AGPAT3,4.16042935377649,0.0522405041858524,0.399381529185514,0.0174798981908282,0.894816953065564,0.905904227389026
TRAPPC10,1.76424968516178,0.419603401975337,0.605042573067301,1.07778038090706,0.299194631071945,0.508871690038545
PWP2,0.436419494257625,-0.737129292910027,1.26301350884615,0.366030584869311,0.545175929908149,NA
C21orf33,5.16869214693949,-0.486374709695669,0.413290066911196,1.49492199079052,0.221454352785103,0.425681390798969
AP001055.6,1.65412147018164,-0.162648871252921,0.677469856609739,0.0623600645391704,0.802803911819309,0.840092618105998
ICOSLG,1.17385943535004,-1.26490976180767,0.866580940900213,2.32287286566806,0.127484383662928,0.300009332982496
PFKL,7.39379207350294,-0.2843733661234,0.400342820631458,0.512502990468775,0.474057333533306,0.648008775349564
C21orf2,1.56357248284542,-0.867315045016222,0.729966383746329,1.41864603033125,0.233626388426037,0.441054377164126
UBE2G2_ENSG00000184787,0.987180412567987,-0.829882183686084,0.792389297954897,1.36539581131907,0.242604524920104,0.451055985652427
SUMO3,15.5878317780388,-0.399456807564965,0.250339877664476,2.62238773150662,0.105365783142175,0.262258943580523
PTTG1IP,12.3390926448797,0.0899915312849935,0.253375189972337,0.128355321662099,0.720143429577361,0.787642810070056
ITGB2,13.912662524009,-0.478051979991725,0.274045027971256,3.22804800021154,0.0723869230728273,0.202089778856622
FAM207A,1.63235498269702,-1.05584788108664,0.783081929994369,1.83976667609772,0.17497829669604,0.366086378338454
DIP2A,0.701649850562032,-1.29168707043207,1.01380806392438,1.67978917469518,0.194952468590071,NA
S100B,0,NA,NA,NA,NA,NA
PRMT2,19.8083043581873,0.337429264532379,0.208096570842403,2.7160850775044,0.0993413981865085,0.250623338034963
