gene,baseMean,log2FoldChange,lfcSE,stat,pvalue,padj
ISG20,1618.60557759462,3.04695054754506,0.0736961592719944,41.3302404088068,0,0
MT2A,374.39024995212,4.09980633977797,0.107006442043131,38.1376425305398,3.04801942626257e-318,1.08204689632321e-314
IFI6,986.818095683757,5.53123711907077,0.14698712536689,37.4018271397323,3.64908800618769e-306,8.63617494797752e-303
HERC5,176.912210502076,4.1110140192531,0.127387242742917,31.9224360116184,1.30399929549332e-223,2.31459874950064e-220
LY6E,632.22970040753,4.02064565933783,0.127425503839949,31.4748651498091,1.91824277595115e-217,2.72390474185063e-214
GBP1,219.924289373607,3.61257172770216,0.115022253292483,31.2513650653125,2.13918510688688e-214,2.53136904314948e-211
IRF7,295.955104075144,3.41948371035688,0.111472369833325,30.5862116468777,1.86706160884584e-205,1.89373391754364e-202
TNFSF10,335.012437192631,4.3951225915172,0.14291247529018,30.5511927675951,5.45204460964235e-205,4.83868959105758e-202
UBE2L6,343.972081182646,2.61192368006176,0.0889784936293442,29.3236196101901,5.18569971339257e-189,4.09094088500969e-186
IFI35,163.65947717904,3.60380521771473,0.125300706222227,28.5662310871301,1.76599457210721e-179,1.25385614619612e-176
MX1,584.92048908939,4.55712798927932,0.164603560910854,27.5633210212447,3.06420585518094e-167,1.97780559743497e-164
MX2,128.873891220138,3.30778074813284,0.125724726404892,26.1398742620266,1.28471807390973e-150,7.60124860396588e-148
SAMD9L,129.537553015344,4.3936775471744,0.165555159625843,26.0321883319486,2.14077692864674e-149,1.16919355333783e-146
EIF2AK2,200.518793398835,3.3876381837954,0.132086371236422,25.5416912411381,6.79119702551168e-144,3.44410706293807e-141
NMI,181.452201990679,2.25292645055539,0.0883787796196672,25.4562841339122,6.01451738487649e-143,2.84687156217487e-140
BST2,233.411146757708,2.42024179116495,0.0961229691486112,25.1463193396506,1.55047547196865e-139,6.88023490686087e-137
SP100,267.663635545954,2.10927566640988,0.0840943200859372,25.0638269008468,1.23396282560684e-138,5.15360944812268e-136
XAF1,100.589109923945,4.08683187622918,0.165305988679982,24.2576971049249,5.48441309272037e-130,2.16329627546193e-127
SAMD9,239.336430385289,2.95116812480941,0.121902185687328,24.1600254741663,5.85833156644187e-129,2.18916600640722e-126
PSMB9_ENSG00000240065,561.517801220244,1.74401106837956,0.0731230322541408,23.8452210476064,1.13510707899924e-125,4.02963013044731e-123
TRIM22,133.739091115751,3.41321142443628,0.142253477134583,23.8357238042818,1.42410384275063e-125,4.81482727787119e-123
RTP4,91.5380127348997,3.98068538617199,0.16617628032285,23.5110646242812,3.1431893570595e-122,1.0143929288692e-119
CMPK2,123.31375730113,5.31787037415701,0.217981391188119,23.2169690614698,3.06877485182664e-119,9.47317454259529e-117
DRAP1,316.161942445856,1.9332931316541,0.0836197697047545,23.1076094807177,3.88225271031068e-118,1.14849976013358e-115
C19orf66,121.79253252568,2.28238460990461,0.10074810451428,22.6040100709905,3.95750389378702e-113,1.12393110583551e-110
DDX58,128.706207431489,3.75962797672893,0.164886881089553,22.5803910579109,6.75484733114475e-113,1.84459292504337e-110
STAT1,148.230821299836,3.79125372097268,0.167434539896364,22.4518742768242,1.22688269590122e-111,3.22624708922172e-109
IFIT1,590.567952912614,6.00247228798912,0.263076593301296,22.4440841293983,1.46183908961686e-111,3.70680626295703e-109
CARD16,154.896723274677,2.21080596320268,0.0996007698334747,22.162663792109,7.87517890143524e-109,1.92806104138587e-106
NT5C3A,131.19885551567,2.68629720535034,0.121319187680799,22.0751038748594,5.48381505891748e-108,1.29783623061047e-105
PLSCR1,209.932734455386,4.39561863680542,0.198009484558499,21.9740295645814,5.10338617747793e-107,1.16884006000301e-104
IFI16,259.621084056951,2.09735672345841,0.0965698637865268,21.7007632092169,2.01785814468702e-104,4.47712275852433e-102
XRN1,111.164699654544,2.17060463984611,0.100290167555968,21.5965859837306,1.93390688810489e-103,4.1608299713772e-101
SP110,158.685999250803,2.25770558365533,0.104745953746132,21.5199480403637,1.01275890260772e-102,2.11487888485731e-100
NUB1,123.203317310699,2.22295510071192,0.104474188850543,21.2352307966946,4.51469380664521e-100,9.15837886490885e-98
C5orf56,109.610320302575,2.71003645451053,0.12974528881299,20.8062276930327,3.80103349118836e-96,7.49648271873259e-94
LAP3,102.119452011155,3.00735063473381,0.145527077804662,20.5485725289997,7.92597218128736e-94,1.52092979694974e-91
IFIT5,73.7929789787935,3.09575200536706,0.154642992568667,19.836338423857,1.44615701044757e-87,2.70203020373098e-85
TREX1,81.1345096950935,2.93937499997149,0.150967862397544,19.3363229826172,2.65763297408502e-83,4.8382549015394e-81
OAS3,57.8725369526316,4.69526670745238,0.22835236072859,19.2774533724894,8.30666209703064e-83,1.47443252222294e-80
ISG15,2425.49163075165,4.62290216704867,0.242289352199029,19.0609349363177,5.33135908786239e-81,9.23235354239585e-79
PPM1K,139.497930267532,2.38837278857045,0.128111126835364,18.604662749844,2.94539246104409e-77,4.9791158270031e-75
CXCL10,200.618895403719,7.22032749166999,0.322447263062056,18.2954088708585,9.00231743219433e-75,1.48642915740883e-72
B2M,25464.9880088526,0.72737575428762,0.0398708112219605,18.2432929131481,2.33931339468479e-74,3.774801159605e-72
IFIT3,736.905385200952,5.87771509422072,0.318576879717267,18.2280757664399,3.09003394134126e-74,4.87538688522732e-72
RBCK1,124.772771827665,2.31553315584836,0.12721571561018,18.1645937359318,9.84329311019172e-74,1.51929089309481e-71
PARP9,87.8672505883785,3.44042901797117,0.190158757978236,17.9060003346526,1.05875684253808e-71,1.59939863447242e-69
EPSTI1,195.938117602591,3.68028259616894,0.205087003837557,17.8501183552302,2.88424522894903e-71,4.26627940115377e-69
PSMB8_ENSG00000204264,342.28778000103,1.47145935804714,0.0825349329827869,17.8233969365803,4.65236434657786e-71,6.74118099198017e-69
PARP14,62.9775663021414,2.86558804544552,0.159675806684437,17.7971925117702,7.43015154750589e-71,1.05508151974584e-68
CHST12,76.9379974028135,2.66982387955564,0.149724308466099,17.7389780173795,2.09714560006783e-70,2.91955563931012e-68
PNPT1,62.4788330072715,2.85217899697606,0.160730651690033,17.6004797847289,2.44246333152631e-69,3.33490185650708e-67
TARBP1,85.8196144023523,4.00281957301696,0.223784275463225,17.5565847234366,5.29677964038596e-69,7.09568593334723e-67
GBP5,53.4701344988384,3.77108580541322,0.21015665632082,17.4881453978295,1.76405223646679e-68,2.31940201461374e-66
HELZ2,59.3999311644648,3.67939730151996,0.206196670730496,17.4730206410326,2.29989345006954e-68,2.96895336281704e-66
IFI44,152.915048260055,3.68507478903596,0.209469096539359,17.4703665000781,2.40942002448897e-68,3.05480038819137e-66
SPATS2L,67.4325212597129,3.57087673305307,0.203312058191792,17.2893573479288,5.6579530087698e-67,7.04762567759045e-65
OAS1,297.467086314018,4.65096937968107,0.267154104683125,17.247104479384,1.17649547083223e-66,1.44019273153601e-64
PHF11,111.753590316628,2.07240549019014,0.120447479529603,17.1766311595762,3.97325168775637e-66,4.78137067509665e-64
IFIH1,63.5134565389942,3.57706311622228,0.208773149207688,16.8507348256214,1.03619138326142e-63,1.22615980352602e-61
DDX60L,69.1870389925319,3.3560890937901,0.197328997490623,16.7997935517556,2.44894886173522e-63,2.8504158882492e-61
OAS2,62.0588847890111,3.5540642752048,0.213148528153337,16.3997200708021,1.92121260713815e-60,2.20009830817433e-58
DYNLT1,270.098927982706,1.69527781530483,0.103663717007773,16.347522392284,4.53029081681312e-60,5.10556584117034e-58
CHMP5,169.623564727403,1.87920028997974,0.11520001166644,16.2985042033243,1.01137063559208e-59,1.12198929885996e-57
CD164,265.275968056895,1.46062199507138,0.0901451754833031,16.1986688031704,5.15305217445046e-59,5.62871852901512e-57
GBP4,114.435398396942,2.78373794616764,0.171982629613251,16.1195928415009,1.85829558259363e-58,1.99907555097194e-56
LGALS9,39.4676393979549,3.88209435379998,0.236275095476134,15.7667115948183,5.27243716230983e-56,5.58720953020893e-54
TNFSF13B,65.4919011904865,3.0047685893419,0.190183354807256,15.6610054164759,2.79444383646905e-55,2.9177281233721e-53
SOCS1,284.225590935264,1.56751214026635,0.103276446552405,15.1735662648037,5.29215146519667e-52,5.44554715984005e-50
HLA-E_ENSG00000204592,1022.93330234955,0.805160476164702,0.0530791289440303,15.1687167554046,5.69799520841703e-52,5.77939513996585e-50
HSH2D,40.9588128149247,3.06195001561953,0.199241145427029,15.1178760910698,1.23460761449692e-51,1.23460761449692e-49
HERC6,52.9881388094546,3.31243554763204,0.215919981518032,15.107655639186,1.44178651191176e-51,1.42176169924631e-49
PARP12,43.7850628560144,2.69943061631766,0.178373952847854,14.9819103865139,9.6405567102008e-51,9.37643186882544e-49
TYMP,108.02362380675,2.44469867337768,0.163962133447877,14.8710163448974,5.08356995651646e-50,4.87747928260363e-48
PSME2,563.153464536508,1.90983480271626,0.128552528137795,14.851535474221,6.79932670796953e-50,6.43669595021115e-48
DDX60,38.2492585938776,3.45347718483162,0.229942535949583,14.630427839923,1.79653856118284e-48,1.67834523478923e-46
IFIT2,390.436986171445,4.96789402814042,0.343041258830683,14.3460312864337,1.1281075811765e-46,1.04020309433158e-44
CASP1,94.9966648438214,2.24927292276211,0.158038405357496,14.200460012679,9.10130030724675e-46,8.28451694633999e-44
ZBP1,28.4353342382813,4.17838801722864,0.272647582190345,14.1105243570409,3.27136462680381e-45,2.9400871962414e-43
ODF2L,102.475306708765,1.65998107628002,0.119614179682413,13.8629954411006,1.06150305808251e-43,9.42083964048227e-42
RNF213,115.099940190999,2.07594527689329,0.149622945180919,13.8491912770218,1.28652373757498e-43,1.12769364651634e-41
SAT1,905.389354619423,2.56861562632071,0.18553607307358,13.8410911985922,1.4400381861577e-43,1.24686233191704e-41
PRDX4,65.3529838373945,1.80354484221129,0.13161758649662,13.6735400325789,1.46110439715951e-42,1.24986038793163e-40
TAP1_ENSG00000168394,164.789804345307,1.78845048845188,0.131479469701738,13.5919946787282,4.46737196342626e-42,3.77599296908648e-40
CTSS,118.265367578923,1.47878964326046,0.109701428358236,13.4692706237797,2.37197510566201e-41,1.98129685296474e-39
ADAR,88.0317921276595,1.56382357229196,0.116696130380107,13.3858572632723,7.31484806357344e-41,6.0390024710897e-39
PSMA3,139.651536017349,1.09167356831778,0.081950000028768,13.3171689686884,1.83951562688285e-40,1.50121390239865e-38
SP140,58.4166040875234,2.06015018994314,0.154562834538067,13.2838631753847,2.87186914257061e-40,2.31707624002856e-38
MYL12A,673.798084951118,1.22712941817589,0.0931017742673795,13.1792474340734,1.15537583269692e-39,9.217043159717e-38
PARP10_ENSG00000178685,28.0208860923522,2.98338479453191,0.223990977741602,13.0235525277919,8.98895226949297e-39,7.09128456815556e-37
MKRN1,121.0518740602,1.20677402773881,0.0936430827596409,12.8809513192614,5.76209048887238e-38,4.4956969748345e-36
LGALS3BP,70.9038234757782,3.05736826176846,0.236127493505525,12.8268145359033,1.16037743928215e-37,8.95508675967743e-36
FBXO6,22.9342816549657,3.54096138020608,0.264142095149826,12.7386370258105,3.60640165721972e-37,2.75327438346882e-35
CASP4,115.919658944474,1.15908618718601,0.0913370758342189,12.6848347100774,7.17650857057171e-37,5.42055434585735e-35
GNG5,194.879375940657,1.07821408458814,0.0854247275940887,12.6194916587919,1.64882157483014e-36,1.23227717697831e-34
APOL6,29.9362195623807,2.54148811046391,0.201138331080108,12.4785314813543,9.77732847295255e-36,7.23114918312116e-34
TMEM140,42.9797194189703,2.3556738948786,0.187888366504423,12.4556538855929,1.30279303740816e-35,9.53590779958551e-34
IRF9,68.5609642418294,1.92653420365622,0.154629165864307,12.4304776856516,1.78564116092288e-35,1.29367880026046e-33
LAG3,30.7109569362049,3.86075004904547,0.296395764103376,12.3905035813171,2.94190184528051e-35,2.10984879813046e-33
AMICA1,71.3306920309022,-1.75010879695837,0.141849378700566,-12.3156588204056,7.46034419780409e-35,5.29684438044091e-33
NEXN,34.4860076038674,4.89859644850841,0.353952380696103,12.0796412473553,1.35308793770207e-33,9.51180629473729e-32
GBP2,273.199300834593,1.43569357587532,0.118905348608922,12.0695163222856,1.53031095352488e-33,1.06521644804183e-31
CCL8,50.2944586414188,6.32069979494951,0.383806347819584,12.0320916587774,2.40977274181979e-33,1.66110548222529e-31
LAMP3,31.071360114492,5.38264434856067,0.354697217760043,12.0160450456588,2.92646352471684e-33,1.9978741370663e-31
DHX58_ENSG00000108771,24.554537626103,3.13645727037575,0.255247979234631,11.9346013826006,7.81322785130379e-33,5.2832302613578e-31
KPNB1,57.6663583921682,1.65587031160814,0.138493467978205,11.9319078113977,8.07024549164384e-33,5.40554179157276e-31
SQRDL,55.9803235614407,1.65550939862997,0.138579358155708,11.9227566374977,9.0077904787832e-33,5.97713199994025e-31
PRR5,19.4229267617507,3.37801495707835,0.272743810939881,11.75230136895,6.87213718328694e-32,4.51779388901271e-30
BAG1,68.8388272448551,1.39158283529269,0.119386215933765,11.6433910953971,2.47956880969673e-31,1.61513197695842e-29
CTD-2521M24.9,27.0085740813366,2.88266003758797,0.243490183951974,11.6069702853378,3.79836748789973e-31,2.45167356037164e-29
APOBEC3A_ENSG00000128383,32.3847568163208,4.99832517693612,0.366235339920862,11.5937540250569,4.43269491962202e-31,2.83532738101949e-29
PSME1,441.36734706172,1.15249347574404,0.0998269447976165,11.5430161317556,8.00675782946316e-31,5.07571255260611e-29
PSMA5,227.385964449647,0.868338026727118,0.0755553463513831,11.4915511893698,1.45475964951302e-30,9.14052523145348e-29
LPIN2,40.9356545694064,1.8471431388908,0.160854629960943,11.4400129344092,2.63846193487527e-30,1.64325260856267e-28
DTX3L,21.9550527903287,2.66816706383892,0.22858380386032,11.4365461430511,2.74600985713749e-30,1.6953626074501e-28
SMCHD1,176.322874681377,1.49713458504346,0.131429428274859,11.3866234565666,4.8751743417491e-30,2.98394291607057e-28
CLEC2B,159.195473372058,1.0785092880012,0.0949997362077988,11.3500318099132,7.41357253228918e-30,4.49883461361138e-28
TRIM21,24.4368716795608,2.40818104241523,0.210045061607133,11.3149346065658,1.10684808531311e-29,6.65984864891788e-28
STAT2,23.1675472142825,2.42848385253611,0.212972696766226,11.2413620226712,2.55410955291557e-29,1.52388048955467e-27
TAP2_ENSG00000204267,62.823994004982,1.78937039418609,0.159097948944314,11.2229151341709,3.14721813401747e-29,1.862104062627e-27
GSDMD,61.2664963443583,1.5625542856103,0.139144438945497,11.2112304709291,3.59165248393709e-29,2.10749856495482e-27
CCL2,58.5568344769069,2.90066584316523,0.258469527066687,11.1333641591756,8.63151595704343e-29,5.0232592864761e-27
TMSB10,1709.63737509201,1.16255012636821,0.10553638295266,11.014982548652,3.23599316171705e-28,1.86793101204806e-26
PCGF5,50.3485592856978,1.58194984556621,0.143941395302698,10.9680721777658,5.44203183031649e-28,3.1160020963909e-26
NAPA,86.8066443574906,1.26449635323894,0.115652982391833,10.9275019876621,8.51605051804873e-28,4.83711669425168e-26
IRF1,145.231712733476,1.39873150030854,0.129004178091112,10.8373049895411,2.29121371585874e-27,1.29108074465056e-25
CD47,164.098682584953,0.895941434615085,0.0827943312644135,10.8197079753076,2.77660657531911e-27,1.55227611691069e-25
IFITM1,72.859464539498,2.31057108153012,0.213477319050361,10.7762222932259,4.45820995059354e-27,2.47291333196985e-25
IRF2,55.6544745977336,1.30363613022745,0.120971722818308,10.7630000705811,5.14668567193572e-27,2.83267195897237e-25
PSMA2_ENSG00000106588,225.925780657014,0.917623778568581,0.0860359000036591,10.6645181818713,1.49170183804371e-26,8.14698696162336e-25
RSAD2,274.102214005941,4.43689368393521,0.417450341696669,10.5557168209606,4.77977205019501e-26,2.59056347758661e-24
PARP11,26.1092071622319,2.08160072488514,0.195753161615043,10.5464232392559,5.27677834910276e-26,2.83826714232042e-24
IDH2,49.0658630052478,1.48693163048308,0.141263930293858,10.5062728679159,8.08249716226034e-26,4.3147165302292e-24
SLC38A5_ENSG00000017483,18.0165904601388,2.90322870967294,0.269815943201586,10.4195962710672,2.01808024176584e-25,1.06928132212966e-23
NSMCE1,121.141276862611,-1.05082111043548,0.102140801156606,-10.2840557594018,8.3153096069045e-25,4.37323690437199e-23
USP30-AS1,26.8626093773278,2.08482990176133,0.201273923604282,10.2794393957099,8.72335141613244e-25,4.55410257753973e-23
PRKD2,23.7498298804187,2.19140542387964,0.211538448782863,10.2539864570152,1.13561078379543e-24,5.88528216419527e-23
OASL,244.855822684356,2.93779356753244,0.290437278019784,10.1030517238031,5.35493383436018e-24,2.75507465390995e-22
MTHFD2,41.5719704106737,1.60525983930984,0.158679040317667,10.08965596491,6.13842762288422e-24,3.1354558361495e-22
CNP_ENSG00000173786,27.6103260645143,2.20698937210431,0.218517022492081,10.012241471529,1.34666266052607e-23,6.82950349266791e-22
IFITM2,232.460120041902,1.40771002913891,0.140690831617735,10.000024205566,1.52359814568249e-23,7.67201903145086e-22
DNAJA1,318.098913230706,0.998548023898654,0.100200726164835,9.96453674383587,2.17887255743965e-23,1.08943627871982e-21
IFI44L,262.87165542278,3.9150054089176,0.392541013723449,9.94397763905722,2.67910776389535e-23,1.3301863722837e-21
HAPLN3,27.3702933101362,2.91587941108174,0.288072608869064,9.91902998107817,3.4408379049109e-23,1.69652424478246e-21
TDRD7,13.7490750573858,2.82039927063653,0.277276148644572,9.76825893974448,1.54077007814108e-22,7.54446038262183e-21
NCOA7,22.018379643752,2.10949830300957,0.214382736215832,9.74152767631588,2.00516926086482e-22,9.75116558365768e-21
C4orf3,271.00400618838,0.804011356669203,0.0830732247855572,9.67753585419774,3.75660947446568e-22,1.81441682100043e-20
TRIM14,31.8238868214746,1.7879016393593,0.186111708849607,9.56337831821801,1.13974217491076e-21,5.46768205531513e-20
PSMA4,193.886767391291,0.994807639523828,0.10436383270151,9.53055569610898,1.56443537534464e-21,7.45469205701139e-20
TAPBP_ENSG00000231925,113.186553073945,1.26913357044501,0.133234989650904,9.51948489884578,1.7403957272523e-21,8.23787310899423e-20
UBQLN2,82.7961433806708,1.44721449482968,0.152005863681806,9.50942176772768,1.917252561551e-21,9.01489615033915e-20
TSC22D3,257.631867823548,-0.777836687821175,0.0819069974560791,-9.49564948174598,2.18842851714843e-21,1.02222647840486e-19
ELF1,125.583727395209,0.965983870330731,0.102379691356271,9.43320863380074,3.97732084292779e-21,1.84568483560701e-19
MOV10,16.8408955611931,2.31745585554937,0.241452152051383,9.43005607925241,4.09869775266725e-21,1.88965935350243e-19
AZI2,46.543268039851,1.34773047948567,0.143092479352517,9.40463171839678,5.22127320691476e-21,2.39167998510289e-19
EHD4,25.2618498606569,1.99664868601781,0.212281601609075,9.3386362964728,9.75828200693713e-21,4.44126937495216e-19
FAM46A,20.0247765016965,2.09599311035119,0.222781572886675,9.30877166991372,1.29319191470937e-20,5.84819273530987e-19
CLEC2D,269.109110850327,0.976221697571057,0.105269597321325,9.27196456794312,1.8274837206797e-20,8.2121103903961e-19
PI4K2B,17.4441485683815,2.26326637670715,0.240718673139683,9.25958452660692,2.05229222691934e-20,9.16432378058323e-19
PLAC8,207.232422536784,1.41993807764084,0.153448966011471,9.24890915462127,2.26795360871577e-20,1.00640441386762e-18
PML,16.6695682225275,2.38468987725602,0.253189630333063,9.2426405292491,2.40487811279749e-20,1.06053631061256e-18
SYNE2,137.649044014865,1.23497728900672,0.13398713927012,9.21372081425963,3.15011767687968e-20,1.38060712999048e-18
PGAP1,27.4155528985524,1.96295238625536,0.213705485455093,9.13321689453216,6.64934688616477e-20,2.89634128170367e-18
CD69,209.633481914397,1.53699021600518,0.168532972402906,9.11564166706241,7.82062923367666e-20,3.38576021701855e-18
IDO1,13.905134336595,4.01559972548467,0.383938285071054,9.10334329352715,8.75930254661394e-20,3.76915442914903e-18
BCL2L14,12.4209095980291,4.54809996882086,0.403584112955878,9.06795868354381,1.2126752494027e-19,5.1867435366019e-18
GBP7,21.4120625981752,2.48343270286,0.270036969106653,9.05993268858824,1.30531081723227e-19,5.54952503134676e-18
NUCB1,53.2931316326792,1.22800530022863,0.136340687142609,8.99687405591379,2.32235727944566e-19,9.81472421670487e-18
TRIM38,48.852374970125,1.47277143030754,0.16365899926057,8.98636081408139,2.55552001810371e-19,1.07362083600807e-17
SNX6,102.979473250235,1.06297801123428,0.118507269300304,8.96672470678783,3.05462360300429e-19,1.27575456360768e-17
FAS,24.6034954933826,1.94621549226974,0.216309814034877,8.93790234079644,3.96627368355036e-19,1.64681538907647e-17
CXCL11,13.7455737878613,4.84019292405589,0.438585278658154,8.89370507128276,5.910443526407e-19,2.4397761068308e-17
GBP3,37.6938100278696,1.46240782094287,0.164843835847413,8.84956627172454,8.78600780974006e-19,3.60581823405517e-17
DAPP1,22.1580447739633,2.09812726994123,0.236532691765605,8.79250917952156,1.46256236185634e-18,5.96792687883908e-17
C1GALT1,35.3391999884102,1.53658247298848,0.175485659533709,8.73300818678483,2.47987134429199e-18,1.00611923111275e-16
ZNFX1,29.2616065571116,1.45808871952739,0.167209234620129,8.69385282642335,3.5035145581922e-18,1.41334962290708e-16
TRIM5,14.4947340290515,2.23773178881918,0.253851841134097,8.64890171794929,5.19974188845661e-18,2.08577216994587e-16
STOM,35.1276017352457,1.83213206119464,0.211065645693338,8.64636516112986,5.31657956918145e-18,2.12065814276339e-16
N4BP1,26.3493049207129,1.60795970670217,0.185492063288082,8.6327845009112,5.98761791513621e-18,2.37497693840598e-16
CD48,181.935589068506,1.27170624960912,0.147278991713697,8.62988082116526,6.1415933691058e-18,2.42251738448062e-16
TRAFD1,15.5962748138687,2.21805501067636,0.253125286202922,8.61878001007007,6.76712235789608e-18,2.65450656027968e-16
DCK,108.090170846626,1.21029918111786,0.140565660854014,8.60346998447849,7.73414863527893e-18,3.01716787420222e-16
GPR171,129.283416415671,1.39212163156389,0.162282170975568,8.57432700340219,9.96678741421848e-18,3.86689566343996e-16
TRIM69,39.0897205461084,1.30848396927863,0.152924213992152,8.54259022608421,1.31246150758947e-17,5.06438951298109e-16
MVP,62.4021879675692,1.20129655233137,0.140925601560309,8.51549709283319,1.65877206061308e-17,6.36609817856912e-16
TMX1,58.7994654484736,1.19861158505145,0.140671173919152,8.51261457942062,1.70054585497643e-17,6.49133095179174e-16
FKBP11,70.4225829189105,1.39080646469431,0.164480958997199,8.44476773923436,3.04650557737318e-17,1.15669463098126e-15
VAMP5,67.1974809074115,1.25837948633444,0.148896628630162,8.44292498754371,3.09493727015577e-17,1.16883269245245e-15
APOBEC3B,10.4845152034079,4.12993714470788,0.409736828270364,8.4275514826998,3.52973002576788e-17,1.32598323719323e-15
ETV7,27.7977055355093,3.55462167618519,0.410687740022026,8.35945928392115,6.30063660190808e-17,2.35444841439723e-15
IL1RN,8.51218222708449,4.44561829800581,0.438878318041238,8.21326063963084,2.15261594417031e-16,8.00187078722994e-15
NDUFA9,76.5208789559731,1.00156932116379,0.122341336758934,8.18311082544613,2.76608548573303e-16,1.02287536191169e-14
USP15,86.4194289429524,1.12852014767568,0.138143203579344,8.16453273947913,3.22681808190654e-16,1.18706779178945e-14
WIPF1,112.226018438459,0.870523904701522,0.107790501886083,8.07422125271815,6.7908643419482e-16,2.48531633133156e-14
KLF5,12.6564734506118,2.30753508344842,0.284118373793719,7.94829616678958,1.89094150931101e-15,6.8849665210811e-14
GIMAP4,382.06598426077,1.16704202423387,0.147549594163055,7.90724055154254,2.63156823081707e-15,9.53272165244959e-14
TBC1D1,22.0621770324541,1.95425648030374,0.246105934568633,7.87752758624684,3.33922477418809e-15,1.20347694907286e-13
TRIM25,9.91677448549022,2.54011673437719,0.311462799959465,7.83830779012124,4.5665856186616e-15,1.6375130248736e-13
CD38,8.81794372548386,2.8457935427356,0.340379664475465,7.83571347961497,4.66187848191428e-15,1.6632832774669e-13
IFITM3,145.335578154531,3.58643759714329,0.456241734291448,7.83390098339148,4.72961301599439e-15,1.67901262067801e-13
RARRES3,270.913652282691,0.81736300277533,0.104381483144712,7.83042833731406,4.8621061189284e-15,1.71746037036774e-13
PARP8,25.3036863550244,1.39936387017129,0.178239932827038,7.82632866776436,5.02323082579426e-15,1.76559103282867e-13
GPBP1,206.965323965026,0.691012277429673,0.0891148127991109,7.75349623172303,8.93964443480788e-15,3.12667366931704e-13
WARS,18.7417332022128,1.87458618129752,0.241357146003424,7.70361641753968,1.32268492538943e-14,4.60346224032597e-13
GPR155,41.411029676433,1.76242149967544,0.229202193169634,7.65937544572944,1.86839452120874e-14,6.47102492711321e-13
MDK,7.49470424068793,3.47297862840089,0.398369338363085,7.61043846786908,2.73167596204152e-14,9.41499967499748e-13
TMEM123,355.174344462205,0.937245281360602,0.123643327721594,7.57849880339485,3.49576126700984e-14,1.19902922684879e-12
NELL2,49.0661668189133,-1.48803099539204,0.196077140785562,-7.57310347027451,3.6441182263933e-14,1.24390574074002e-12
APOL1,10.6943617953073,2.32722315957981,0.299359955449761,7.56430098008213,3.89955875802925e-14,1.3247304871774e-12
MIR155HG,20.1036302836779,2.2283424867214,0.293710670498129,7.51240219373935,5.80521116942589e-14,1.96271425252018e-12
RGCC,535.62774166583,-1.05149874942117,0.140318923367319,-7.49278194094321,6.7428877284108e-14,2.26893378538942e-12
DNPEP,59.1092888965332,1.0501966299331,0.141534498214421,7.41522358952644,1.21419788238426e-13,4.0664174362869e-12
CD53,326.162094110322,0.641401057334957,0.0866160470172701,7.40510218431497,1.31049519987779e-13,4.36831733292598e-12
GIMAP7,1261.49920005744,0.955972343993672,0.129424609416457,7.38577101908318,1.51572452878242e-13,5.02880567960522e-12
CCL7,11.1690968236702,3.17140087568261,0.400990864620056,7.37231839403852,1.6768594012526e-13,5.53753569715975e-12
ITM2A,261.616850359685,-0.767875128268321,0.104546186214436,-7.34415589773136,2.07061666241709e-13,6.806193658871e-12
TRADD,108.49918831861,0.904998107700542,0.123699413320048,7.31442559191682,2.58484689454488e-13,8.45733315726666e-12
UNC93B1,8.11817614194599,2.94020343773419,0.371569241627178,7.27915316375959,3.35922126948746e-13,1.09405830336518e-11
ARHGAP25,26.8212909069832,1.22595274862599,0.168414910611682,7.26216843412571,3.80933424862798e-13,1.23498964224925e-11
PTPN1,36.7569375975729,1.16972794834015,0.160960654008458,7.25778049346671,3.93493418524969e-13,1.26991057796695e-11
CXorf21,9.12517294134163,2.22369036004672,0.298834305245922,7.23011422412334,4.82587964050803e-13,1.55039572161118e-11
PRF1,12.1539922200348,2.31469822552015,0.313301352952903,7.22239036631765,5.10815837626558e-13,1.63369029150836e-11
CFLAR,94.6106425141849,0.827545038813598,0.114623623589152,7.21779484621544,5.28373458106563e-13,1.68226527020475e-11
SOBP,7.05655546681028,3.6891607349708,0.444516517207643,7.18084992159005,6.92793699464012e-13,2.19590860097968e-11
RASGRP3,7.93854539680024,2.40383385902672,0.322340437550702,7.1485266771303,8.7714205887046e-13,2.76787049688012e-11
OGFR,47.0828945445354,0.990591268441782,0.1387408758859,7.13376180654194,9.76622798992272e-13,3.06815127117041e-11
NDUFV2,285.871928867661,0.473329473622034,0.066863481189423,7.07891475261256,1.45287719737221e-12,4.54424145433598e-11
GPX4,175.035504019929,-0.775704460275071,0.109719800926402,-7.0696882110666,1.55282192177135e-12,4.83554194937569e-11
MYD88,19.245510760423,1.54199120419124,0.217548926829015,7.05279844556487,1.75354768764182e-12,5.43676357303795e-11
LYSMD2,210.983081913294,0.647646532271873,0.0919280076908178,7.04482744814853,1.85691474323704e-12,5.73221507694912e-11
HEXDC,10.2862799579746,2.01676092364428,0.281866106747792,7.01154200448265,2.35705703191818e-12,7.24463416736756e-11
ARRDC2,36.3256483937503,-1.15328318704405,0.164663674099237,-6.99400002280073,2.67157513757497e-12,8.17594115378546e-11
RBX1,166.094377650176,0.6255688221996,0.0897320657978877,6.97130725235921,3.14009323336375e-12,9.56852444501401e-11
GCH1,16.8122844824171,1.72943928002826,0.246139870174893,6.97010672538572,3.1670063900681e-12,9.60929289294166e-11
ARL6IP6,44.1618660747286,1.09938413927327,0.158358097452134,6.93311061190647,4.11686046607661e-12,1.23933264996114e-10
TGM1,11.7764774550153,3.70826160584601,0.492305037109937,6.93302094263417,4.11947190691308e-12,1.23933264996114e-10
HM13,59.0744476639803,1.03128653731419,0.14897549794853,6.91827359489709,4.57180711450751e-12,1.36961310181449e-10
GIMAP6,50.2812026512437,1.22121870057874,0.176406712797944,6.91239707180404,4.76531746927658e-12,1.42158630385982e-10
MORC3,42.4768524062764,1.05226733763215,0.152639415299248,6.88827254816539,5.64739373505449e-12,1.67767763677351e-10
SCARB2,15.0880337401196,1.7275820911028,0.248917527251857,6.88393781306193,5.82202982578882e-12,1.72235049012919e-10
SAMHD1,55.883200783742,0.998147721211222,0.145788396633965,6.84116631596754,7.8550994165027e-12,2.31415791938461e-10
CCDC85B,94.1678001612953,0.939696454237626,0.137787732754954,6.81725175164252,9.27985658623933e-12,2.72260255216112e-10
HIF1A,61.7786485487776,1.01561444618757,0.149515164956277,6.78852931025746,1.13282367781215e-11,3.30989634257871e-10
EIF3D,118.228903761491,-0.718808170323596,0.105873787026753,-6.78787867765716,1.13794277746992e-11,3.31122693444115e-10
TRANK1,15.2620811766632,1.71618966733887,0.251578644760238,6.76726244181432,1.31241889680858e-11,3.80333639483303e-10
SCLT1,9.94848020510871,1.94134273657318,0.28244684733003,6.74573034003577,1.52259173703116e-11,4.39447208655335e-10
BLMH,33.1453296709204,1.11486993286804,0.165920777972247,6.70920233113085,1.95691173144897e-11,5.62513088797072e-10
SRSF5,202.834270388216,-0.58331431598291,0.0874898068284205,-6.66707280447925,2.60955662044734e-11,7.47090806660329e-10
TMEM126B,54.6086624421203,0.834295257738483,0.125117035027247,6.66461876684118,2.65353245346833e-11,7.56629735727918e-10
ETS2,11.3980231024744,1.90496542586048,0.28273725920093,6.63985187570206,3.13998540382368e-11,8.91755854685925e-10
CTD-2037K23.2,16.5131632592118,1.60326770216147,0.240143131546988,6.63306569566614,3.28785382765412e-11,9.30030365591404e-10
C10orf54,16.1674812891262,-1.50672503753402,0.226919959062881,-6.60214764592715,4.05243605318152e-11,1.14175777688844e-09
SP140L,33.085571788653,1.01804197128543,0.15410591541372,6.59836626578551,4.1571322870911e-11,1.16662605685165e-09
BBX,88.3120167221553,0.718575313890975,0.109336389932145,6.57083244472832,5.00347383769173e-11,1.39860882864611e-09
HELB,12.1895103486513,1.66671797570751,0.251302590185162,6.5679025749318,5.10289082453669e-11,1.42080489624355e-09
GLIPR2,26.8375134570946,1.09937811032051,0.168365877543074,6.51849887445144,7.10144703662225e-11,1.9695419515632e-09
ZFP36L1,109.204033758647,-0.670498245955151,0.102931049655936,-6.5132355492344,7.35490367543483e-11,2.03189945897227e-09
SUB1,365.026010773892,0.507836557844408,0.078029542194595,6.5082309510031,7.6040950745642e-11,2.09259980734131e-09
CCL4,13.185986718316,2.42027987264505,0.365055328105529,6.49038345327106,8.5618177204581e-11,2.3470620005889e-09
PRPS2,21.4625160430719,1.3661982178969,0.210799471843039,6.46075925473293,1.04178945240818e-10,2.84488658157618e-09
PMAIP1,81.735487235756,1.23130933915286,0.191400163688398,6.43393463678753,1.24342347174264e-10,3.38249296910832e-09
SELL,687.465977313171,1.12750497807969,0.175710505671374,6.4158028297076,1.40082654157457e-10,3.79613299434329e-09
IPCEF1,22.2922167026039,1.4005216907118,0.218738248716647,6.38401279181356,1.725066712471e-10,4.65702420476962e-09
SIT1,19.1316004450946,-1.45536897710242,0.226843199063519,-6.38262405888134,1.74078897154091e-10,4.68166730982593e-09
SOD2,132.530311454004,1.02693423843479,0.161261115562442,6.36749077949278,1.92145596441651e-10,5.14805182919141e-09
KARS,81.0880386751256,0.685204203384126,0.107723261175954,6.35930459005084,2.026691740629e-10,5.40959073626537e-09
DERL1,51.3539441276004,0.785108750054503,0.123739583410666,6.34232989235986,2.26316042799541e-10,6.01814196208518e-09
CASP10,11.3056364503446,1.81051985215599,0.282076939335603,6.33345822191319,2.39726241262413e-10,6.35095639165348e-09
OPTN,57.1260725763977,0.884737914732398,0.139863397052856,6.32360387965289,2.55532279737149e-10,6.74453229046007e-09
TMEM170A,51.6379500879502,0.898365720854299,0.142005545925113,6.32267920145197,2.57066629845579e-10,6.75990026630968e-09
MYCBP2,47.0401496564103,0.957633252250694,0.151899034475024,6.30126204922649,2.95231757697357e-10,7.73485416845473e-09
TXN,127.60743668281,0.849391496905829,0.1348464502527,6.29803966002977,3.01433398159621e-10,7.86829826078421e-09
RP11-445H22.3,6.32711519210218,2.43976605485815,0.369122858292144,6.27426027829921,3.5130042140955e-10,9.13638458610917e-09
KCNA3,20.6298286102031,1.29407550533641,0.207211334226979,6.2261840368145,4.7793262651738e-10,1.23843855776401e-08
RALB,12.778179628533,1.78423577008051,0.284330062450896,6.21241354159561,5.21768904360982e-10,1.34711244398653e-08
RNF166,40.6513620444397,-0.920517143163532,0.14931449899054,-6.16074661738126,7.24027620621385e-10,1.86253482116371e-08
RBM7,59.4740245698907,0.723119989708072,0.117483108377339,6.15326084059338,7.59058081433828e-10,1.94560013652714e-08
IL16,51.7134888290787,-0.880490434005286,0.143652808291058,-6.12553214481131,9.03810212259985e-10,2.30829226872154e-08
IL15RA,7.28434465231647,2.28823713894792,0.359536497440053,6.12470319691324,9.08528020396719e-10,2.31202471140384e-08
CASP7,18.4235156405946,1.45555035374855,0.238773746939852,6.0657071482767,1.31374321571826e-09,3.33127743985703e-08
EIF3L,134.503422195814,-0.715741107886905,0.118727767983769,-6.02716675392117,1.66858823140288e-09,4.21600585158735e-08
RGS1,252.514910263949,1.21072388180302,0.201369914518908,6.01277064693703,1.8237898468361e-09,4.59181131650225e-08
CASP8,65.8728806885123,0.804638901476428,0.134191830120858,5.99480081249,2.03735007778182e-09,5.11137298666109e-08
ECE1,8.6991975849342,2.0148814074724,0.328745139683246,5.99362662407448,2.05212239010183e-09,5.13030597525457e-08
APOL2,19.2581794861987,1.75985319017695,0.292968588700886,5.97426652165766,2.31127680796535e-09,5.75791766194877e-08
NMB,15.6497574305275,-1.65968178509648,0.27754073611195,-5.94488478658367,2.76651370108485e-09,6.8679186285673e-08
C14orf159,11.6093805369781,1.64732476247911,0.2741192825314,5.94424308010765,2.77737201029109e-09,6.87085061779328e-08
CNDP2,43.9436248543744,0.99536583666811,0.167346320128733,5.94274854398291,2.80282217765661e-09,6.90973522963956e-08
LINS,36.3022404002746,1.00780727233405,0.170634436056992,5.89850605102565,3.66807517536276e-09,9.01153416784622e-08
TMEM14C,34.5208273962267,-0.948546291564329,0.160835358480119,-5.89286923569674,3.79546756834799e-09,9.29235163285197e-08
ARHGDIB,1000.18662803116,-0.338381003804914,0.0574773017969076,-5.88717594416616,3.92850432952613e-09,9.58501056344862e-08
CHRNB1,16.1355528923905,1.25692079827005,0.212909255075316,5.88109387682427,4.07563912555695e-09,9.9099444491282e-08
SETX,18.5169603837731,1.23572158075068,0.209772182849456,5.8709872764582,4.33207521150864e-09,1.04975201371029e-07
PSMB3,231.845739859283,0.462894641036669,0.0792591571971863,5.83999081038181,5.22037017081616e-09,1.26070163989098e-07
CCL3,11.2746495731479,2.88325877418157,0.279538105329472,5.82615371892134,5.67193758841625e-09,1.36511040263578e-07
PIM2_ENSG00000102096,75.3836200889178,1.152947744312,0.198502775964861,5.8001747397055,6.6245851322449e-09,1.58900521753172e-07
HSP90AA1,421.561729414277,0.576904877389973,0.0996178719036583,5.79115700989937,6.99031904597383e-09,1.66578072794829e-07
XBP1,173.648924037763,0.586620777378874,0.101293097391725,5.79112655874221,6.99158671730411e-09,1.66578072794829e-07
BBC3,11.5636781855517,-1.50119743415126,0.258747712662079,-5.75111307349801,8.86577910216959e-09,2.10525189382622e-07
AQP3,43.79886576014,-1.11796718211858,0.19449578678465,-5.74736492145589,9.06449609221247e-09,2.14526407515695e-07
CALCOCO2,43.8492463788999,0.879059227111909,0.153405517125988,5.72510403043075,1.03370378049851e-08,2.43830459851808e-07
TUBA4A,46.6358562078408,-1.12132963828583,0.19781345466915,-5.66345359884023,1.48356301474811e-08,3.48784682275218e-07
GSTO1,119.824019495195,-0.584727794179981,0.103463458004051,-5.65157179250081,1.58987257114101e-08,3.72544397858125e-07
TMEM71,16.0147697164636,-1.29277422837416,0.228180141065091,-5.64625493909935,1.63980628258009e-08,3.82981072576271e-07
ARID5A,200.978110001866,0.624152762041375,0.110584352753116,5.64355984851478,1.66569586866062e-08,3.87752153032473e-07
KIAA0040,11.7548600791102,1.77941770046778,0.311605830351859,5.63878785154514,1.71251361390098e-08,3.97347930022777e-07
C3AR1,13.6370482388672,1.50473018184628,0.266215201730373,5.61772896679645,1.93483685512355e-08,4.47470412748444e-07
CYTIP,456.550082753212,0.373521958158106,0.0665263095529451,5.61453584404251,1.97090572367231e-08,4.54332163573811e-07
SMC4,46.8463593689568,-0.841995698801508,0.150514692261805,-5.59205850411634,2.24393178801685e-08,5.15595977181864e-07
CDKN2D,27.8517134747814,0.983138475952408,0.175585486742983,5.59074897790808,2.26092236771284e-08,5.17824155185844e-07
TOP1,45.9153647741277,0.787404230254837,0.141221119118495,5.57385760449126,2.49159417696625e-08,5.68820535577505e-07
ICAM2,141.816729153018,0.575108584348879,0.103724076446864,5.54360922788645,2.96299695051615e-08,6.7427174194438e-07
MNDA,3.53187233061388,2.81053121596437,0.457910514714797,5.5340883863748,3.12851192453515e-08,7.0966244933545e-07
LIPA,25.6929398926268,1.02750985599288,0.18567521935635,5.52355645040292,3.32205489103736e-08,7.51165277909721e-07
KDSR,42.5699282160612,0.772825421385098,0.140177186009771,5.51067578174648,3.57458624224521e-08,8.05700391109238e-07
IER2,276.79373927514,0.393918488762357,0.0715132557376936,5.50823807821823,3.62443009863493e-08,8.14349800642659e-07
HMGB2,150.391847350414,-0.700997628824546,0.127645137746152,-5.49199122297263,3.97427148279119e-08,8.84555721875156e-07
ADRB2,4.57056225023156,2.38567013815325,0.40789279009628,5.49236930200232,3.96577021320677e-08,8.84555721875156e-07
POMP,130.608046751863,0.650897116876251,0.118497229577837,5.49299490180162,3.9517420478455e-08,8.84555721875156e-07
ODF3B,8.57697640735952,1.80778639498301,0.325314920904027,5.47550260178974,4.36271551887992e-08,9.67977505751482e-07
BAK1,26.2703612661395,0.897946693933723,0.16403178170828,5.46823170540944,4.54547439184182e-08,1.00538530162233e-06
TMEM187_ENSG00000177854,17.7878628857122,1.12966648560725,0.206001222319174,5.46764412106319,4.56056363053387e-08,1.00559011729163e-06
BNIP3L,49.1304051876362,-0.770591366143362,0.141099125558845,-5.45897802207027,4.78883028309692e-08,1.05265309628446e-06
SLC18B1,16.9389072616062,1.75760279723429,0.319036032695911,5.45647882893011,4.85669152333481e-08,1.06141800786401e-06
GIMAP5,345.623391554894,0.807288108186642,0.147914875072516,5.45640890393269,4.85860355712398e-08,1.06141800786401e-06
ENO1,436.068718134293,0.82761050511749,0.152372919362838,5.43092182624121,5.60636912074744e-08,1.22101904163518e-06
PHPT1,39.4707032185013,1.06745148330897,0.196449964755179,5.42881901520801,5.67281735970852e-08,1.23171263773488e-06
ARHGEF1_ENSG00000076928,73.98295466357,-0.725847330047278,0.133905096705425,-5.41866450956809,6.0045872538548e-08,1.29977346043808e-06
PYHIN1,20.9437949703247,1.24003993850177,0.228974398738281,5.40295319138769,6.55525705211151e-08,1.41466033647391e-06
HSPA8,760.76739437758,0.410115624551216,0.0759569830562899,5.39925629493256,6.6917718314761e-08,1.43974484859031e-06
CCDC107,37.3570003964742,-0.861366684761143,0.160047406105072,-5.37841246250089,7.51455034019694e-08,1.61188239925674e-06
RPS6KA5,15.5551398250282,1.32136374844882,0.244594986861594,5.3745568747656,7.67712485290459e-08,1.64179477275972e-06
BAZ1A,180.972787219447,0.516484450289253,0.0961058107121303,5.37365124958768,7.71580255803052e-08,1.64511105591642e-06
HERPUD2,32.7775652728294,0.852225105734326,0.159035674864747,5.35522380801905,8.545058057632e-08,1.81646443740081e-06
MAD2L1BP,41.738568517415,0.734699324080728,0.137641499960667,5.33518864508551,9.54452747086226e-08,2.02287000128723e-06
ID3,67.0374468635987,-1.11216230211548,0.208649743656688,-5.3266938942818,1.00016506256796e-07,2.11344403102158e-06
UTRN,14.1195951111712,1.41822712495163,0.264724566923613,5.32464169740157,1.01152225493906e-07,2.13110029972325e-06
CD27,92.0097043826796,-1.10281278623363,0.207166774376734,-5.31769838867121,1.05088076728985e-07,2.20747143424791e-06
MRPL17,46.4893339909443,0.74955334776671,0.141593622911248,5.29081224033978,1.21774331885135e-07,2.55043585954117e-06
SERPINB1,92.6495941893719,0.790867380793435,0.149483153764862,5.28944266234208,1.22689634767216e-07,2.56204825543305e-06
MAP2K3,16.4185924780036,-1.29642844180043,0.244447700170504,-5.28470096269263,1.25910261336443e-07,2.6215919515799e-06
AOAH,13.1161926818991,-1.51027393576355,0.285233145889108,-5.26979138698064,1.3657889447402e-07,2.83540979756007e-06
EEF1A1,1259.77739075622,-0.585292334394568,0.111125559537419,-5.26689113015026,1.38753436477865e-07,2.87215568219487e-06
PRKAG2,23.4269079665202,0.95768424847947,0.181645303147543,5.26331721132707,1.41479163433989e-07,2.92006412901548e-06
RPL17,360.57277968377,-0.520854900386762,0.0989679247520521,-5.26266631895024,1.41981124633775e-07,2.92193039101392e-06
WDR54,39.2453383970824,-0.754953666924568,0.143473991922816,-5.25887223809452,1.4494154326263e-07,2.97423398024472e-06
COA6,66.1127275948299,0.780769386631394,0.148537138525224,5.25356563438717,1.4918247808999e-07,3.05243687158192e-06
ARHGEF3,27.9062230568711,1.17502447093081,0.223180463765431,5.25241234588679,1.50119912431826e-07,3.06279131685621e-06
H3F3B,3099.95433684157,0.511525956481368,0.0974628527150481,5.24845533757903,1.53379814115838e-07,3.11141908634985e-06
IL4I1,6.6251204615466,2.00150952958855,0.371079351689237,5.24891968178877,1.52993757023854e-07,3.11141908634985e-06
CCNDBP1,104.870802254631,-0.531906417713597,0.101555878998203,-5.23722346367253,1.6301027959342e-07,3.29735893194668e-06
OPN3,7.45206867212516,1.62586866427,0.307498807089202,5.20617896439283,1.92768742091468e-07,3.88823315014041e-06
CAST,109.367308802369,0.724761446752567,0.139441217480163,5.19651455283869,2.03059711684522e-07,4.08420383274818e-06
PBXIP1,89.6194391988784,-0.716232012531927,0.137892758098198,-5.19369012435052,2.06166190057636e-07,4.1349716085006e-06
C1GALT1C1,26.9420808796232,0.905443602780353,0.174644151077734,5.17790306972048,2.24393758095302e-07,4.48787516190604e-06
TECR,84.5100513211513,-0.613632590146932,0.118857035507419,-5.16124673030461,2.45310609431571e-07,4.89243069371954e-06
EFR3A,21.6320615647169,0.92114000269222,0.17829267218896,5.15899382733569,2.48280495442753e-07,4.93779136594832e-06
GPX1,55.9655284727667,-0.691165755139858,0.133943849925332,-5.1580455423667,2.49540930914442e-07,4.94899611590095e-06
MAP1LC3A,8.28974909207416,-1.53849247740312,0.29485082717144,-5.15192794851089,2.5782209683161e-07,5.09898854458058e-06
RAD9A,35.8072038022923,0.784535823509221,0.152699234843507,5.13422500837664,2.83308992529568e-07,5.58748290822203e-06
PIK3IP1,239.467942208289,-0.535929312368576,0.104632304561681,-5.12133645270122,3.03377793533129e-07,5.96671006671804e-06
PTPN22,19.5479876921969,-1.27574037575002,0.248843921918297,-5.12002817837678,3.05490006663748e-07,5.99165482683042e-06
TRIM56,13.9927861060632,1.16111520104857,0.225941617401191,5.11837778262327,3.08174837165172e-07,6.02766210433256e-06
ZNF775,30.4303588536412,0.935599934592437,0.182968378030171,5.10861767404917,3.24524267167642e-07,6.33000631013808e-06
CD44,380.335889800417,-0.570485931668829,0.112251540236564,-5.08222147338737,3.73046085995644e-07,7.2565129056687e-06
PRR7,9.81170831371248,-1.58184170491906,0.308289835457939,-5.08082445618492,3.75800274366672e-07,7.29011461203108e-06
FRMD4B,13.884175282702,1.7408223789557,0.341122727429359,5.07753592746929,3.82361221250959e-07,7.39717893973245e-06
CMTR1,7.0497316598696,1.67228432229851,0.323783731660569,5.07486350948401,3.87774248272245e-07,7.4815140291656e-06
EBAG9,48.7958812150371,0.688060044040811,0.135588471638662,5.07327033734268,3.9103634885032e-07,7.5240056282853e-06
RASGEF1B,7.64866169223467,1.5665989946139,0.305179533286781,5.06607959447033,4.06092171141865e-07,7.77511368739025e-06
ADTRP,102.49046715039,0.998379200095482,0.196936257538556,5.06599289594177,4.06277067327012e-07,7.77511368739025e-06
PSAT1,13.9220291453357,1.68981831975098,0.332083729023185,5.04213287369913,4.60371422610407e-07,8.78665887240293e-06
FAM26F,16.5364724432006,1.63979733084848,0.322298328772256,5.04022001519162,4.64996955942764e-07,8.85114849113572e-06
TRIM8,9.50912338218403,-1.41654844193254,0.279295131421072,-5.02671533862851,4.98952146651493e-07,9.47208620648557e-06
COX6A1,308.749030479649,0.360250163874319,0.0718467429913063,5.01417765273315,5.32607603466814e-07,1.0084037292305e-05
FTL,1494.72092473324,-0.417853225810866,0.0833436097667712,-5.01364648442216,5.34080728526564e-07,1.00850350333474e-05
YPEL3,29.1295303170864,-0.905388889288241,0.180347612726205,-5.01271174167263,5.36682659242185e-07,1.01072861554894e-05
GCA,19.2149908771655,1.00107983561125,0.199772472593138,5.00058368672853,5.71570117049054e-07,1.07358408228791e-05
IL8,14.6025325284852,-1.67562239117609,0.334782677374879,-4.99900211336432,5.76277712870907e-07,1.0795703855893e-05
PPP2R2A,58.0155537363621,0.648779220623526,0.129846585519973,4.99469664799989,5.89283196445504e-07,1.10102913020081e-05
PRDX2,79.2228303427244,-0.614522464854608,0.123031311492063,-4.99394238667622,5.91590523336315e-07,1.10243903298893e-05
MARCKSL1,89.4764815033137,-0.763505601140827,0.153064466457001,-4.98638938870631,6.15180992747887e-07,1.14339922735864e-05
LAPTM5,325.375463826305,-0.411819646139681,0.0832578952726981,-4.94612519230465,7.57052810936408e-07,1.40341382706227e-05
CYLD,95.4158828363229,0.573617381945753,0.116116243792245,4.93956515127863,7.82969804631815e-07,1.44767854502237e-05
GPR180,6.27495172331497,1.62694784276669,0.324356172916555,4.92631017375533,8.37969418730635e-07,1.54534620077598e-05
PATL2,8.036768065264,1.55804124784442,0.312757116332037,4.92033546335553,8.63960036310454e-07,1.58914928958659e-05
SNHG7,95.4643633386743,-0.703013801188877,0.142908022219811,-4.91798670685654,8.74388486702532e-07,1.60417525984185e-05
UBA7,7.31318745178499,1.52628594795731,0.306989700914834,4.90618524704162,9.28648216790874e-07,1.69933049979773e-05
ANXA2R,133.79578186358,1.04059194954935,0.212215021046353,4.89965883254186,9.60032133028856e-07,1.75224373894727e-05
IL1B,2.74815099352951,-2.49157053126392,0.465949737363577,-4.89473726748519,9.84371488585104e-07,1.79206091511647e-05
CCM2,42.4342719204942,-0.697145521130546,0.142467476283751,-4.89056500230343,1.0054694701667e-06,1.82578855196511e-05
HES4,18.1064996729869,1.61793405481252,0.331693326101806,4.86910377676651,1.12105525335868e-06,2.03048272929762e-05
FANCA,4.64899940366697,1.91417302244115,0.378829520742858,4.86228645644793,1.16037532472938e-06,2.0963523678317e-05
EIF2S2,159.76297587142,0.455313616951087,0.0936738316525513,4.86039428518137,1.17152190188438e-06,2.11111814806577e-05
WHSC1L1,115.245616686764,0.507146810419156,0.104355006975326,4.85948871980634,1.17689287157526e-06,2.11542769321122e-05
LNPEP,21.6643505598082,1.1466560980718,0.235602696354371,4.84963724458996,1.23687464843951e-06,2.21762878886882e-05
VAMP2,198.076826669809,-0.51083649191337,0.105432044569693,-4.84512331250792,1.26533065185436e-06,2.26293391137682e-05
DECR1,46.6990386265427,0.65863225927252,0.136082307504115,4.83829934777158,1.30954808335135e-06,2.33612849040066e-05
TNFRSF14,40.7147218354409,0.701139079329813,0.145291015762596,4.82319294908134,1.41278183073817e-06,2.51397268126342e-05
GNB4,3.01377605502697,2.31771838829938,0.44561289423052,4.8183308731542,1.44764161674808e-06,2.56956386972784e-05
CCND3,60.6518233458245,0.842272185247397,0.174715164848359,4.81654469784123,1.46065457157109e-06,2.58619637360467e-05
BATF3,3.52158355944981,2.42640634769252,0.470706361684718,4.81263124985254,1.48955982921899e-06,2.63081462374498e-05
ABCG1,17.7498929779695,-0.984353975155182,0.205442608132755,-4.78211011983912,1.73464603035264e-06,3.05607613287934e-05
BLVRA,22.8793025198557,0.99280310835467,0.207354346402788,4.77752050095647,1.77469961475128e-06,3.11890278830052e-05
CTNNAL1,25.5582480486731,-0.970065416829852,0.202972790817348,-4.77551556544023,1.79247425074925e-06,3.14006477532248e-05
IL23A,33.8433242772068,-1.00829674351159,0.211122653886237,-4.77516649628901,1.79558633631116e-06,3.14006477532248e-05
ACTA2,7.21086130714826,1.72604376246358,0.356078754927095,4.76811193630178,1.85960458340802e-06,3.24402765164544e-05
L3MBTL3,13.6727542474102,1.14082267286372,0.238385170464719,4.7656069681648,1.88285972801207e-06,3.27654511492297e-05
MAP3K8,11.9564172740038,1.69396934244709,0.354574297398936,4.76412499940511,1.8967490274151e-06,3.29264501091619e-05
TMEM109,49.618136849366,0.629587063098945,0.132394480847753,4.75448954999137,1.98948431232911e-06,3.44520454086261e-05
CCR7,1225.05958588283,0.676828101028488,0.142494446645025,4.74956428248598,2.03855391249508e-06,3.52158948387228e-05
RAB11A,81.4093576107528,0.505992524658574,0.106848632278149,4.73512453517763,2.18920632550966e-06,3.77266138619383e-05
RPA3,103.204581508287,0.449375850569069,0.094949406687273,4.73230834966531,2.21980858712269e-06,3.81613582774119e-05
SUSD3,47.1325448230959,0.855546302997258,0.180951053793369,4.72221882986297,2.33285477381297e-06,4.00078958794011e-05
SLAMF7,3.21731732137601,2.23255857580901,0.444053040845414,4.71033271651878,2.4731272011645e-06,4.23113328392e-05
EPHB6_ENSG00000106123,8.08692601113805,-1.49507773213202,0.314504329428748,-4.7024693944734,2.57033757340297e-06,4.38687422383681e-05
EXOC2,11.5532390684335,1.29697215408835,0.274959131303923,4.69401074054768,2.67899958058268e-06,4.561366192359e-05
ANKH,37.018253048922,-0.765386722947648,0.163123553064894,-4.68920988316028,2.74261973085636e-06,4.65851676772253e-05
ICOS,36.7430506205088,0.983002936518904,0.210286492274178,4.66651830032702,3.0634637232695e-06,5.17910494509098e-05
CKLF,48.0258737715428,-0.644751883792829,0.138122426935674,-4.66650272221819,3.06369588301156e-06,5.17910494509098e-05
NPC2,103.8522899694,0.620621707704695,0.133020383081891,4.66491804679928,3.08740060541229e-06,5.1984421245783e-05
IL4R,32.7028492831226,-0.889692365616702,0.190638375480543,-4.66475974257767,3.08977827686203e-06,5.1984421245783e-05
CLPP,38.6438777402708,-0.691309529622397,0.148625642037154,-4.64885580021567,3.33781452978958e-06,5.6024782887721e-05
SEPT9_ENSG00000184640,43.2925964111108,-0.859171125741058,0.184697873296539,-4.64738380759118,3.36171335299868e-06,5.62928415242703e-05
ARL6IP5,181.586053898014,-0.444653587646467,0.0958455613082394,-4.63892846922467,3.50220232364357e-06,5.82976231888233e-05
FYTTD1,45.666879452332,0.723209271686818,0.155875840323093,4.63870042119221,3.50606832417289e-06,5.82976231888233e-05
TTC3,51.3078204157324,-0.607601605442266,0.130945720214766,-4.63912592580212,3.49885822902727e-06,5.82976231888233e-05
GABARAP,40.4096945507544,-0.887498533771145,0.191537681864888,-4.63210287809571,3.61970194903044e-06,6.00464575656919e-05
CD82,15.5838929691424,-1.21659832341779,0.262729502004224,-4.6188848645291,3.85807847363874e-06,6.38516483982169e-05
CBR1,54.5262889885414,0.73612636230408,0.159877662440969,4.60223508687385,4.17981031015169e-06,6.90154725629698e-05
BEST1,27.6624929881791,-0.736227310658996,0.16031102832397,-4.58861342190681,4.46199851293901e-06,7.35039198187168e-05
MLKL,6.92848492997713,1.41190628508832,0.304266782706013,4.58710932961493,4.49425356491734e-06,7.38638896085953e-05
HLA-C_ENSG00000204525,2671.36009629565,0.664866338137867,0.145015752900711,4.5847391324037,4.54553590940584e-06,7.45341915861004e-05
IMP3,119.73181271984,-0.416465310278554,0.0908672461740571,-4.58285108848325,4.58678688241942e-06,7.48647973912135e-05
FXYD5,590.979055105018,-0.429076097635191,0.0936234571586505,-4.58288321231043,4.58608203483879e-06,7.48647973912135e-05
COTL1,110.226777830742,0.501540609322733,0.109584934019003,4.57648044668024,4.7286388352408e-06,7.70030636013984e-05
MASTL,5.59386664250005,1.77904211301569,0.379966487627294,4.57396926208749,4.78570080121455e-06,7.77539489442181e-05
NOP16,26.801482373518,0.892182634562503,0.195284242029426,4.56154113850443,5.07795243595431e-06,8.21263378024502e-05
SCML4,29.3487839147531,1.31988535588044,0.288004103017099,4.56196853165735,5.06762437235089e-06,8.21263378024502e-05
CRIP1_ENSG00000213145,16.0586975550251,-1.04145193960514,0.228281045381083,-4.55172827075912,5.320702686677e-06,8.58567933531971e-05
RPF2,24.3224156166664,0.797369906313685,0.175197619102069,4.54698001071828,5.44211646936266e-06,8.7616841116723e-05
RP11-468E2.4,5.97440567730349,1.60565346153484,0.347808313740372,4.53620145472418,5.72764718809351e-06,9.20051923879274e-05
COX7A2,292.116524993265,0.29608070239174,0.0652844194204714,4.53526305521696,5.75317342629701e-06,9.22066169903132e-05
TAGAP,71.3608859325465,0.583002648671958,0.12898317158498,4.51940169659407,6.20146337327482e-06,9.91675449329982e-05
TARS,26.9070849147439,0.851264036933594,0.188160763551123,4.51820743866329,6.236536948811e-06,9.95042973855239e-05
GCHFR,27.4181806004512,-0.856357172166969,0.189505966889325,-4.51575268285616,6.30922644780125e-06,0.000100438358249751
LRMP,13.4491274681654,-1.03534454185448,0.228921350224449,-4.5079189969266,6.54665589602855e-06,0.000103984914679648
ARSG_ENSG00000141337,7.50208546350596,1.5049867798409,0.330535745393963,4.49752836794777,6.87479905411252e-06,0.000108953288580801
RPL4,1063.1734741164,-0.49318455133962,0.109846161216497,-4.48977084784675,7.1299835098251e-06,0.000112745841692112
RP11-420G6.4,5.0446321212548,1.75289926228223,0.381216283430807,4.47695959975065,7.5713570297109e-06,0.000119459188690994
SSBP1_ENSG00000106028,185.545372305482,0.323967552427092,0.0724368386053496,4.472381009508,7.73534446274412e-06,0.000121775932783777
TBC1D10C,57.0574644950683,-0.650703280512814,0.14549117993446,-4.47055008337888,7.80186706092392e-06,0.000122551451620708
MOAP1,26.7472552378508,-0.894743196808085,0.200614397532631,-4.45620452495103,8.34234474341335e-06,0.000130751981629657
ADPGK,43.6882211820658,0.589069544101332,0.132284389692724,4.45172870482688,8.5181743231421e-06,0.000133213739414777
ERH,234.439523637503,0.368513790089993,0.0828394295673759,4.44857239294872,8.64429147802705e-06,0.00013488894394284
CD68,14.6554037487497,1.46378940713934,0.329856811567762,4.44192174789686,8.9158986688351e-06,0.000138822106466511
NME3,19.2627110340844,-0.981179079413594,0.220661555712501,-4.43745053006836,9.1030633919214e-06,0.000141426148977335
FUNDC1,22.4242519612134,0.802428189001486,0.181117209681908,4.42508107437651,9.64060699980731e-06,0.000149450457857275
CST3,12.4806385451451,1.12658917573705,0.254031702021227,4.42112514878441,9.81882817688934e-06,0.000151881655895238
CIRBP,237.1152364554,-0.399588708409414,0.0903983491990358,-4.42001007227246,9.86963009893615e-06,0.000152335595005319
RP11-47L3.1,9.54649681493162,-1.31777355511309,0.295831541132862,-4.41917435615111,9.90786909305259e-06,0.000152594079307318
IL15,9.08948458868213,1.37581160318698,0.309120658499851,4.41711188257155,1.00028460406685e-05,0.000153391375569647
ATP6V1H,38.247539475821,0.794087875989072,0.179734948379524,4.41731410270887,9.99349548716862e-06,0.000153391375569647
EMC2,23.3058871027761,0.958313514642861,0.217331042157571,4.4025819230159,1.06970177217706e-05,0.000163682814277093
GSTK1,89.1682224149364,0.548468557993867,0.124950679225878,4.38902892978118,1.13857923985286e-05,0.000173847582859253
MICB_ENSG00000204516,7.84574960382589,1.48504478884497,0.33654398314859,4.37757039316766,1.20009606992285e-05,0.000182847255288675
LCK,217.921358760574,-0.622550150094268,0.142308062915583,-4.37387095138329,1.22062552522283e-05,0.000185576899980345
GCNT2,3.91928727960297,1.82286733757487,0.401990516073831,4.37222291241749,1.22987856853869e-05,0.000186584141808219
IDH3A,22.1144448607113,0.933112518334872,0.213087403426874,4.37112916208845,1.23605642763732e-05,0.000187121548746802
GLIPR1,137.717343227564,-0.641997533703793,0.146897192656866,-4.37059545857173,1.2390816991779e-05,0.000187180426897088
SPPL2A,29.9623139895928,0.740558769566473,0.169410084149237,4.36879226004485,1.24935539062355e-05,0.000188331704319049
NAP1L1,268.556233033804,-0.312772763599896,0.071618640002216,-4.3671376893708,1.25885374659635e-05,0.000189361474593942
UBE2D3,397.423630902657,0.285163050542898,0.0653755379782289,4.36194178079043,1.28913177670333e-05,0.000193506038363502
SAYSD1,35.5301904636807,0.629119861093058,0.144279405067369,4.35847156298896,1.30973936553863e-05,0.000196184588508951
XIAP,14.2625246715766,0.999573440151992,0.228795214982063,4.35672324648107,1.32024027807795e-05,0.000197341178407441
SOAT1,19.9143877471266,0.813786883435446,0.186680399467954,4.35384517183906,1.33770200732761e-05,0.000199531181765253
SHISA5,52.8682498493857,0.636770985420238,0.146361694616264,4.34865748379392,1.36973442035481e-05,0.0002038808047069
ITM2C,23.6829498466852,-1.12961835990485,0.259675332696267,-4.34564100280762,1.3886953123481e-05,0.000205840014982704
TMBIM6,560.306636096376,0.238354476798618,0.0548449659267757,4.34597401352323,1.38658985621193e-05,0.000205840014982704
CTD-2020K17.1,14.2071723803888,-0.985424654561028,0.226279886797719,-4.34176759839386,1.41340994715214e-05,0.000209066888016254
TOM1,10.1986143790346,-1.19442274246412,0.274498796102645,-4.32737065641264,1.50899904695366e-05,0.000222742063063845
BTN3A3,22.7101228984594,0.844732822856392,0.195107203117307,4.32306950966993,1.53873227024223e-05,0.000226659732753523
FAM43A,5.22048642932694,-1.52033739788779,0.344857954576149,-4.32192684161133,1.54672478753362e-05,0.00022736534143869
S1PR1,27.9287274586439,-0.743243956960784,0.171921188919574,-4.31996252469817,1.56055699896336e-05,0.000228924683732229
BLZF1,28.8049498637085,0.842728885326321,0.19517768307114,4.31631567764911,1.58655043937946e-05,0.000232257899373075
MSL3,96.0085623464823,0.616745765604901,0.143078711277476,4.30847935372116,1.64380817807658e-05,0.000240144816138759
SUPT3H,10.0202188476264,1.14651799625416,0.265126100332969,4.30035472062317,1.7052493323612e-05,0.00024809980040501
MYC,148.12553285439,0.861242400093389,0.200126934542014,4.30057541949007,1.70355179576586e-05,0.00024809980040501
HMGB1,471.668840504709,-0.296053522086963,0.0691039906147719,-4.28422116469383,1.83380429046124e-05,0.000266257882664106
SPSB3,61.3282200049753,-0.583900603177037,0.136682607581173,-4.27172834163575,1.93963777373817e-05,0.000281049554970225
CD3E,222.015413203754,-0.549546627329806,0.128698281721167,-4.2693230495158,1.96067123933311e-05,0.000283518651716193
C18orf25,9.97780714988957,1.09277687799119,0.255051219062143,4.26365815982951,2.01107034832585e-05,0.000290215436445397
SLC25A28,5.05354929349661,1.58029918922914,0.363574456582974,4.25947109409968,2.04911194835576e-05,0.000295105371872737
MCL1,200.15882584937,0.470510882303117,0.110614971517128,4.25390172238775,2.10077531203561e-05,0.000301933293835077
FAM89B,8.7245288389599,-1.34522882204006,0.314439549555507,-4.24766530462722,2.160097741679e-05,0.000309832201331736
PSMG2,103.884713126774,0.403735106093235,0.095302120086742,4.23628308680646,2.27250242535218e-05,0.000325297726209687
RHOG,125.237594105898,-0.404784127479905,0.0955925449443409,-4.23447371008057,2.29087582173362e-05,0.000327267974533374
DEGS1,57.4982688251836,0.619663645524032,0.146410414774793,4.23218927287448,2.31427520645474e-05,0.000329946866783708
BRCA2,5.19495149913008,1.50605175823977,0.350144558182613,4.22463277889906,2.3933071162358e-05,0.000340530671849182
IFI27,123.072928650225,2.07422912341941,0.529499597482579,4.21290305381191,2.52109289627822e-05,0.000356568915609071
PSMB10,43.2000919431678,0.692421269506084,0.16421382284089,4.21352704629421,2.51413465399589e-05,0.000356568915609071
SELM,35.0237637905013,-1.04294477845886,0.247248298620251,-4.2132788602883,2.51690002593232e-05,0.000356568915609071
ALDOA,134.379167791864,-0.506540807762568,0.120303883386711,-4.21057889741493,2.54717146851634e-05,0.000359541101917814
CD14,6.04080687953905,-1.61677852011442,0.378149402895345,-4.19995690136214,2.6696579223544e-05,0.000376082762871355
SEPT1_ENSG00000180096,72.9847001908438,-0.545629652263278,0.12991181907873,-4.19872035562201,2.68427564266491e-05,0.00037739320916675
ZC3HAV1,54.9937760334425,0.756832083688555,0.180699671355881,4.18774711692546,2.81737184471935e-05,0.00039532292682821
CGGBP1,72.8427541075637,0.517302742386973,0.123650047277295,4.18310765415381,2.87551140338172e-05,0.000402685028875941
RAB33A,24.893077942895,-0.861721276739373,0.206044349301029,-4.17569131636824,2.97082449727929e-05,0.000415213660052814
SEC24D,7.0573606800394,1.32391879988779,0.314347976585159,4.17408474208505,2.99186385768884e-05,0.00041733267955974
RGS14,13.8913230638469,-1.11843100411689,0.267648022642762,-4.15997375718689,3.18284163194517e-05,0.000443101482094327
CTD-3184A7.4,23.5327316817193,-0.746512239996736,0.17957272124446,-4.15280992724474,3.28417513503951e-05,0.000456313962011361
PRPF40A,90.4693562951174,0.437302501240485,0.105402408159893,4.14837747553481,3.34839972917481e-05,0.000464328868694163
ERBB2IP,16.682236937196,-0.826671592453157,0.199224146341885,-4.14273760445737,3.43184517806076e-05,0.000474972724448955
CD274,2.77579357109092,1.97541050176806,0.451453764160485,4.14219955821228,3.43990829798086e-05,0.0004750857689051
VIM,762.574842337719,-0.481411005261181,0.116235060188823,-4.14179088509455,3.44604466177643e-05,0.0004750857689051
HPSE,6.63027960267505,1.45708698951542,0.348765918274476,4.1375757167623,3.50994640681628e-05,0.000482234537436755
PKIG,6.1968782954961,-1.45575624910283,0.347256763394923,-4.13747529217966,3.5114824768282e-05,0.000482234537436755
PPP1CC,93.7613366822327,0.504982091714906,0.122337444909307,4.12777831473715,3.66284975533461e-05,0.000501271943509381
CTSA,26.9677380543698,-0.922722881268096,0.223249880152038,-4.12769182496631,3.66422730537139e-05,0.000501271943509381
MFSD11,34.3324961854363,0.641194842424023,0.155382311308342,4.12526401496568,3.70309710746523e-05,0.000505615181980829
RNF130,20.4468885328343,-1.00195941077567,0.242889057519135,-4.11714964338475,3.83587023432067e-05,0.000522738554005313
PPP2R5C,210.820187107849,0.368415933305965,0.0895873605757033,4.11225019843138,3.91821330022643e-05,0.000532937058076775
BID,32.6468344202724,0.6648077810234,0.161649108729463,4.11090203506792,3.9411640230037e-05,0.000535033739260541
RP11-326I11.3,10.2053738919915,1.15382676892372,0.279788190297485,4.10193121444582,4.09716085673576e-05,0.000555149658069158
TBCD,20.0163661966473,-0.865991834195693,0.211281999383461,-4.09436897763051,4.23319714350838e-05,0.000572489518455419
AIDA,12.2405288227212,0.992239058586732,0.24172316411285,4.0937175487518,4.2451139798252e-05,0.000573009681687432
PPP1CA,146.977138395188,-0.374759285911082,0.0916894430454251,-4.08739213549869,4.36249394647817e-05,0.000587736376090987
ORAI2,34.5626652988816,-0.625058805835705,0.15292227378629,-4.08564414019387,4.39547029050708e-05,0.000591057558003793
HIST1H1C,45.2536525475419,-0.762800450943206,0.186810341892789,-4.08306608691132,4.44453768156005e-05,0.000596525851400309
ZNF267,45.7836231768539,0.687693722427391,0.168517706939794,4.08151873119068,4.4742371012339e-05,0.000599378932429447
ABHD14A,10.5649892023829,-1.02397721217451,0.250580728586623,-4.06843571321275,4.73298152044549e-05,0.000631657308179755
RPL6,1923.4475462491,-0.426154131688211,0.104734718496881,-4.06884994772554,4.72457603961372e-05,0.000631657308179755
HNRNPF,224.408543035987,0.35495890498716,0.0874320207148452,4.05970871419623,4.91339718351504e-05,0.000654505065721516
LARS,41.3717567675303,0.658797365891882,0.162198757423371,4.05914441775827,4.92528467520813e-05,0.000654859947452766
STMN1,58.8958111869492,-0.651618450678323,0.160696887551512,-4.05265507830011,5.06396349161623e-05,0.000672040014775238
FBLN7,28.0801604798664,-0.780468378384078,0.192736112465364,-4.04448867726915,5.24374424220492e-05,0.000694600449993563
PLK3,34.0064353231443,-0.703812720968608,0.174084950700549,-4.04176553489738,5.30502629070715e-05,0.000701409435084185
RASAL3,44.0234054700699,-0.669710524060102,0.166309569638966,-4.02637552349941,5.66432029660493e-05,0.000747521823529646
TMEM110,3.44779528785039,1.71585064756344,0.410979864694408,4.02581413328598,5.67785254329387e-05,0.000747917496426465
SPSB1,9.99302377092325,1.11483493989724,0.275950970228994,4.02450218369062,5.70959643671842e-05,0.000749318571177464
ANKFY1,10.6863171949901,1.11990290703959,0.277195593836358,4.02469822567529,5.70484235148431e-05,0.000749318571177464
SORL1,16.8907992801702,-0.839668855655199,0.208314899466338,-4.0223995643867,5.76082218477183e-05,0.000754646448558671
SECTM1,1.65968972773381,2.11434113760205,0.512319981723605,4.01916099042272,5.84057538101422e-05,0.000763684810408857
TRIM44,16.3521078943039,0.954907612471271,0.237338661332272,4.01726300834835,5.88779992727729e-05,0.000768444475802734
LMNB1,19.8306260793954,0.766205176161779,0.191371551158527,4.00007601658223,6.33221401265848e-05,0.000824930632841747
PLEKHF1,16.8473085050264,-0.79963350567261,0.200115398696914,-3.99026825263685,6.59986081122829e-05,0.000858223658602947
RP11-356I2.4,12.5159499913393,-1.0197034464127,0.255064317980742,-3.98688103661798,6.69475720856764e-05,0.000868972142245526
MAGOHB,46.471604037509,0.610814714151946,0.153241463414396,3.98566459136799,6.7291512189581e-05,0.000871842584938003
NEAT1,188.749643475548,0.388470856140468,0.0974862932461705,3.98488591302767,6.75125542343965e-05,0.000873113178623343
STX11,28.1816981060871,1.00192340505513,0.251610359048772,3.98441138246487,6.76475951308774e-05,0.000873268955325872
B3GNT2,21.6981719856714,0.834084531773559,0.20914274522449,3.98209911730361,6.8309279697976e-05,0.000877477905380496
NEDD1,17.189715964303,0.78910437322722,0.197820276499648,3.98246030848117,6.82055181408261e-05,0.000877477905380496
SPTLC2,11.4842162358773,1.03686609436448,0.25972439078443,3.98197696165665,6.83444058697767e-05,0.000877477905380496
AKR7A2,31.2852135579394,-0.661962152073196,0.166243537596926,-3.98000677860409,6.89133031723624e-05,0.00088308861920933
UBALD2,37.2230595518158,0.845392961515688,0.212339257779717,3.97960396726545,6.9030166712842e-05,0.00088308861920933
MAT2B,109.423072671499,0.432102399319144,0.108845014904418,3.96965002205943,7.19782762142302e-05,0.000919147052375961
UCHL3,42.6864893276895,0.582820258579,0.146904756805419,3.96647230945339,7.29442457850119e-05,0.000929809955248805
BCAP31_ENSG00000185825,102.576584831832,0.384107313227095,0.096931034241869,3.9624119611271,7.4196370747939e-05,0.000942436327673682
RAB8A,76.2971315389835,0.48412083785665,0.122180317585022,3.96239942273739,7.4200268615435e-05,0.000942436327673682
DDX3X,59.961318461632,0.484679278057082,0.122413972892183,3.95925898090882,7.51826747068323e-05,0.000953208911461624
APOL3,37.6300556745203,0.770280392778023,0.194500264097996,3.95721753585257,7.58278710091899e-05,0.00095967537284358
CISH,3.89575690411258,1.56755337586997,0.385925729357812,3.95636563623345,7.60986582013966e-05,0.000959681124742302
UBL4A_ENSG00000102178,14.9873634669437,-0.896574941456727,0.226025871807572,-3.95660680290493,7.60219076449649e-05,0.000959681124742302
CNN2,32.7872212021194,-0.816166908307542,0.20602139386203,-3.95525442771344,7.64532444575907e-05,0.000962443325618606
THEM4,33.2872984842162,-0.655017441954289,0.165549480971734,-3.95335163949866,7.70640541639857e-05,0.000968415547901414
TNFRSF1A,11.5742354970207,-0.990864988380303,0.250090658124722,-3.94825610209364,7.87225635790111e-05,0.000987509189772047
TMEM50A,192.914545831465,0.365849060704882,0.0927409484201314,3.94478435084538,7.98718249457572e-05,0.00100015865452359
AAK1,19.6177935280124,-0.746317886084921,0.189115223432265,-3.94143861552966,8.09943639886401e-05,0.001012429549858
GIMAP1,160.890954716973,0.642497339128264,0.163049926146826,3.93869337158706,8.19265512216533e-05,0.00102228209784488
PNMA1,27.1440890840811,-0.678966324089384,0.172310586947786,-3.93785954121273,8.22116921708923e-05,0.00102404037616375
TBC1D10A,11.4789171439953,-1.02633786330083,0.260103664089859,-3.92963628826534,8.50744465948632e-05,0.00105784338147728
CACNA1A,1.2948229666398,2.09602206275959,0.508355059236861,3.92914950550303,8.5246829423285e-05,0.00105813372186245
RNF149,99.4006787263416,0.392089137133458,0.0999829639510939,3.92125169885035,8.8090189755281e-05,0.00109151893065008
UXS1,42.0192537514215,-0.634550762883318,0.161869675753455,-3.91724531819581,8.95665907244335e-05,0.00110787943230571
TPP1,14.604507591231,-0.910322837461486,0.232424361572192,-3.91127269274544,9.18110396788857e-05,0.00113366675081755
ECH1,126.880656103527,-0.381790222639151,0.097675394075595,-3.90828086571472,9.29552060031239e-05,0.00114580201844128
MRPS33,70.2469234679005,0.646162014057768,0.165630962384178,3.8990947491739,9.65529896895457e-05,0.00118808704817292
POLE4,87.5383480369144,0.5490076404545,0.14081792152546,3.8973558946064,9.72486540237834e-05,0.00119382765946094
C15orf48,34.3942679849143,0.739851189138975,0.189832953860655,3.89708910893828,9.73558049053355e-05,0.00119382765946094
PYURF,160.670573457469,0.327730874486785,0.0841887704179473,3.89264885368211,9.91556223515916e-05,0.00121380158395914
APBB1IP,68.9516676239187,-0.43902835939376,0.113070445073439,-3.88249562448633,0.000103389877325615,0.00126345633220631
C7orf49,12.0085946115591,-1.0271954379836,0.264450207862151,-3.87525164944557,0.000106514565159851,0.00129940448906347
RP11-660L16.2,18.9211478830189,-0.813428862165056,0.209626760179836,-3.87355860915929,0.000107257597243024,0.00130622459764232
PDCD5,102.935457643898,0.43824584576412,0.113287702907125,3.86834046975568,0.000109578591204785,0.00133220547526366
MARS,17.8691726184259,0.785995190780962,0.203083376323236,3.86678561369099,0.00011027929247555,0.00133843243859215
SIGIRR,28.2275513061633,-0.696339293967525,0.180177202585008,-3.86074743825334,0.00011304070156416,0.00136960576980466
TINF2,64.9203908058336,0.534569088839066,0.138544899682712,3.85867228324619,0.000114004688215576,0.00137893234468585
TMSB4X,25064.3454867366,0.19052620940495,0.0493909158099765,3.85751482112967,0.000114545735582509,0.00138312027659152
ZUFSP,14.2229114714369,0.927247997900774,0.239974192379716,3.85682426949062,0.000114869681476018,0.00138467697534759
PIH1D1,47.4910939528213,-0.505425230853493,0.131050911998194,-3.85563206163751,0.000115430994722429,0.00138908485174449
HAUS3,31.6099284830277,0.632227487901591,0.164070715542627,3.85245669053992,0.000116938664442082,0.0014048468993888
ISCU,318.262976692056,-0.347278434836346,0.0902490475903086,-3.84800794783197,0.000119082190983368,0.00142818168240188
HNRNPA1,616.083106668157,-0.416620291298508,0.108432906478721,-3.8422885895934,0.000121892393958068,0.00145941989393302
ING2,14.5861072711572,-0.987609281964916,0.256238638066301,-3.8414822085837,0.0001222936015331,0.00146175853684346
APMAP,42.6794237179576,-0.542428383047723,0.141209452517672,-3.84063850470628,0.000122714711321386,0.00146432680736444
RBM43,10.4105681391943,1.12821856899412,0.292521436719257,3.83972145741129,0.000123173978583627,0.00146734102003985
NDUFB2,242.317803692231,0.35097701410621,0.0916452014288148,3.82968188432226,0.000128309018528023,0.00152595315167331
HESX1,1.58151789676761,2.0335852754999,0.517255046708987,3.8287117284649,0.000128815783387189,0.00152941816396161
PRKX,55.8691001216456,0.600084032333242,0.157062774485622,3.82069751622445,0.000133074782441857,0.00157734717084672
GPSM3_ENSG00000213654,139.955226008433,-0.379113230650845,0.0993942906039023,-3.81378080389078,0.000136856862494262,0.00161947287284877
HDAC5,14.8680780856311,-0.878523625009671,0.230705184921671,-3.80383619631898,0.00014247240914776,0.00168311831106338
C8orf44,6.15343755374423,1.21246398037644,0.315922754014935,3.79970306407737,0.000144869564760726,0.00170859453455341
CYTH4,12.516332803457,-1.18127210608949,0.309439924240438,-3.79599823082742,0.000147050546433858,0.00173144092815985
IL18RAP,2.13749094134796,1.98995624844841,0.506753240236787,3.79510480755341,0.00014758109906545,0.001734810932723
AKAP7,6.10940262186509,1.26415984843355,0.32996633239388,3.79310551592223,0.000148774899787446,0.0017459533694064
EIF3F,312.904778897011,-0.366478209860746,0.096785801965755,-3.78633941756941,0.000152882815743731,0.00179120130656846
ARL2BP,70.5396396604922,-0.499643106735394,0.131978445688371,-3.78527652519347,0.000153537755124865,0.00179591113902231
LSM2_ENSG00000204392,71.125488985952,0.429116388137181,0.113362568639675,3.78483372721341,0.000153811379567835,0.00179597146442267
PYCR1,3.72366345410418,1.79481290206978,0.45662417158344,3.78445008520333,0.000154048819976536,0.00179597146442267
SETD2,64.0702523905486,-0.69664374436637,0.184175812053474,-3.78315460329599,0.000154853160568676,0.00180238924596328
SIRT2,16.1054150222856,-0.795158630959798,0.209913117018385,-3.78251526534463,0.0001552515688344,0.00180406896681545
SRFBP1,17.6584698337754,0.825604239632367,0.218012620006205,3.78173257850424,0.000155740619577455,0.00180679476960772
TFG,72.6211102861013,0.540987428093408,0.14319077314027,3.77813347635054,0.000158008189331104,0.00182737965814995
CREBRF,21.4054203164188,0.693699564559377,0.183481964339714,3.77809951449053,0.000158029733817474,0.00182737965814995
ANKRD44,13.1608545296274,-0.838622926746943,0.221657499675186,-3.77466593427712,0.000160222230014711,0.00184620501152101
NCL,99.9849862864651,0.388076550014891,0.102815815744468,3.77433070535303,0.000160437815789924,0.00184620501152101
SYNJ2BP,27.9585140971876,0.682437283895456,0.180720229140395,3.7746643333538,0.000160223258920639,0.00184620501152101
APOO,11.8324864438303,0.933711455273644,0.247029503585672,3.76866769021334,0.000164121211072951,0.00188548218650581
CXorf38,17.1455007970491,0.777138963036871,0.206028821007077,3.76827101592594,0.000164382179358746,0.00188548218650581
FBXL15,33.4107404834271,-0.657052385962746,0.174539151615423,-3.76382796982451,0.000167332018317146,0.00191622150008345
PMF1,38.225454324467,0.608309576341452,0.161585826553551,3.76232113481127,0.000168343697554671,0.00192470250022249
ACSL5,10.2733450787961,0.95058570709572,0.251822556165628,3.7618343113103,0.000168671775525294,0.00192535306467779
ATP1A1,111.688392783468,-0.385941273767927,0.103055581935382,-3.74499077724716,0.000180400402676077,0.00205592754253635
CDKN1B,42.5945446508726,-0.534440548256911,0.142745869126587,-3.74378119414392,0.000181271525125289,0.00206254459677813
STAU1,31.3661855536003,0.588437744069136,0.157349790007366,3.73873088699333,0.000184951582788522,0.00210104998047761
SLAMF1,17.272242283793,-0.911693067094961,0.243746854502596,-3.73756451216878,0.000185811422789819,0.00210744584953309
OXNAD1,39.3113268514794,-0.66982987338245,0.179520144147265,-3.72933957626679,0.0001919822865205,0.00217396209616515
SUDS3,22.1643925478421,0.767010348082104,0.205740418258384,3.72732122655233,0.000193525740161427,0.00218795024704798
ATP5F1,115.810957941258,-0.345657919935848,0.0927479360992376,-3.72653511001812,0.000194130041220701,0.00219129299311126
CCND2,29.4916243179612,0.623837318537321,0.167579633410569,3.72148785918521,0.000198052389487403,0.00223201899263581
LACTB,30.9233996870445,0.661462791697134,0.177922078768778,3.71542887409533,0.000202859323895319,0.0022825692546066
UCP2,68.0522840732759,-0.698260958746634,0.188042832510028,-3.71112090035279,0.000206343516309696,0.00231809962942854
PTMS,3.60146209079456,1.65460068072608,0.435431472023318,3.70965531073638,0.000207541611257856,0.00232787589246568
HLA-F_ENSG00000204642,124.502020302945,0.464121375403683,0.125198399865816,3.70648138450558,0.000210158675634757,0.00235351198266052
PAICS,17.0620465570331,0.914602404952163,0.246592907998169,3.70061571900355,0.00021507697180782,0.00240479763753626
NAA25,9.03877126923726,1.06359688470253,0.286475740304245,3.69505214238626,0.000219841666969681,0.00245420728849801
AVPI1,5.1224771262732,-1.36037506163421,0.363190216139055,-3.69186735393572,0.00022261356606582,0.00248125010842594
RGS10,253.221978503303,-0.58267503653848,0.157835209217763,-3.69089863395676,0.000223463183190766,0.00248681598848659
TAF4B,9.30134163166056,1.15768375686478,0.311757133251489,3.6904217970786,0.000223882510629163,0.00248758345143514
KLF6,185.893229531989,0.654276788342891,0.177454727892897,3.68737362829094,0.000226580553514409,0.00251362801555048
CCDC167,29.8653980980632,-0.658182970223527,0.178491294786087,-3.68637193784453,0.000227473827449231,0.00251960089686355
CCDC57,17.0595878417291,-0.780703394739692,0.211547178065728,-3.68541180214767,0.000228333145917643,0.00252517965111412
SYAP1,63.670514168594,-0.582965149729317,0.158251460034972,-3.6844328131105,0.000229212474521843,0.00253096200482906
HSBP1L1,9.06982330054467,-0.963918122677875,0.260785409851147,-3.68093303176585,0.000232382038643675,0.00256197589187903
RIPK2,11.1572121844457,0.93933546064775,0.254653017331289,3.67660823266253,0.000236355599766498,0.00260174381138315
YPEL4,5.74017725182628,-1.22881198542861,0.331617932154079,-3.6678450467162,0.000244603339242927,0.00268836487403217
DOCK10,24.1608732106862,0.675358315726184,0.184020671260609,3.66741938233617,0.000245010762335617,0.00268868069950986
IRF3,56.605329237929,0.537593577624278,0.146765314636072,3.66164679784833,0.000250599199646157,0.00274576283562919
TMEM106B,27.4825893731086,0.63674882684899,0.174039375553252,3.65576722585417,0.000256413946414291,0.00280504525644429
CMC2,42.6607022292817,0.572010287640716,0.15642047409505,3.65538139035638,0.000256799917843491,0.00280504525644429
PSTPIP1,7.20577882988266,-1.24599766354242,0.33839346422134,-3.65355120906961,0.000258638176440035,0.00282078502722618
ZBTB1,31.7213400847888,-0.630172551739779,0.172861884723782,-3.64514049017046,0.000267245768566894,0.00291019165157201
ERAP2,45.9822012151511,1.25403909923087,0.343673292315457,3.64249302699029,0.000270010294362631,0.00293579339965495
DDX21,58.8185126408441,0.658984629229029,0.180934193651877,3.64185656052175,0.000270678888533033,0.00293833262294283
MAX,114.103008617524,0.429753928359105,0.118000254300583,3.64148347228256,0.000271071530708106,0.00293833262294283
JAK2,3.6204122177052,1.51477777165641,0.406823182629315,3.63198417445528,0.000281250373449859,0.00304402081020427
RAB7L1,24.5579683137404,0.745958280580347,0.205342247204583,3.62839833621991,0.00028518500970758,0.00308190801967096
LAMP2,29.1130982719186,0.650125262367254,0.17921422336426,3.62599434074723,0.000287851657961219,0.0031059981330162
PHF23,21.30083376214,-0.690345226386144,0.190470648995104,-3.62189990467705,0.000292447284153161,0.00315079775036031
ERAP1,8.19385568023236,1.00067352123,0.275155406022844,3.61830708517579,0.000296536417494895,0.00319001297608145
TPM3,128.78847594902,0.324867274168414,0.0898450548071068,3.61569157276142,0.000299546854726112,0.00321752294789016
SSR2,259.257110735964,-0.302353341498499,0.0837403536929676,-3.61049233064989,0.000305616339040954,0.00327775831901929
MRPL27,45.6010721918418,0.581422922355155,0.1611211912714,3.60921500785299,0.000307124980138371,0.00328897037553911
IRF8,10.6970754837503,1.22671335568506,0.340800313502515,3.60867234401119,0.000307768026547903,0.00329089305495499
LY9,21.6377027753697,-0.73241125685373,0.203209681675307,-3.6019894619981,0.000315791168639897,0.0033614951984157
PHLDA1,26.131852358324,-1.01802272584292,0.282980947444488,-3.60232236436366,0.000315386912122434,0.0033614951984157
DPEP2,8.98590729689898,-1.29008648095842,0.354065910252733,-3.60209726642879,0.000315660204375911,0.0033614951984157
NHP2,112.123375525382,0.521618604551728,0.144900446877348,3.59931487305261,0.000319056676116969,0.00339117125812946
SETDB2,16.2371956248011,0.77877715853371,0.216468101417645,3.59432519893901,0.000325233410553857,0.0034516550297943
ENY2,97.7730586802138,0.392065340718323,0.109104128594931,3.59347926037885,0.000326291631470498,0.00345771728871722
MIER1,30.5014783314599,0.624042066465718,0.173720543062335,3.59145563378165,0.000328836161644476,0.00347159885430475
PTOV1,20.8511143204236,-0.694728717014266,0.193308265053652,-3.59127162517878,0.000329068454781281,0.00347159885430475
ITGB2,9.06273920337467,-1.17893343264221,0.325478746593406,-3.5916644461661,0.000328572742003314,0.00347159885430475
MAGEF1,10.1454996329488,-0.957357976482141,0.265551128713676,-3.5897688811934,0.000330971280423502,0.00348649271662739
SEC61B,209.530103207173,0.344728229825539,0.0962250772044302,3.58252765471358,0.000340285579313169,0.00357930016759037
ABTB1,24.0006948317911,-0.665665195095973,0.185808285530504,-3.58068341326194,0.000342696682888199,0.00359449788622885
GADD45B,194.187683985633,0.472684622724481,0.132012425153979,3.58064812930185,0.00034274296746154,0.00359449788622885
TCF7,58.5236488124352,-0.624007296652552,0.174905270609669,-3.5653146269918,0.000363419954687712,0.0038057251892076
HSD17B11,66.0938880446867,-0.485713454259478,0.136316635350554,-3.56196543358832,0.000368088856114379,0.00384894091076891
RP11-1094M14.11,16.7368113870613,-0.741683164934145,0.208152802293932,-3.55951337627906,0.000371542609879849,0.00387934195609842
CCPG1,20.3773036365784,-0.765027332889037,0.215155591181752,-3.55477193110108,0.000378307086493997,0.00394417079898293
FAHD2B,7.54938436132026,-1.07984210301716,0.302224386994531,-3.55314420517771,0.000380655735183285,0.00396283829882892
SMPD1,22.0925957449378,-0.763204386151395,0.214571927868998,-3.55258593169078,0.000381464402773002,0.00396544254712784
RPSAP58,97.2560059605113,-0.488700262317262,0.137623363458957,-3.55023036113872,0.000384894194953801,0.00399524676048536
FEM1C,7.0186517748324,1.20139072427878,0.337011084492468,3.54888025445883,0.000386872967996473,0.00400992419383205
NUDCD1,16.1988521563664,0.79679639199429,0.224258590678946,3.54621778329104,0.000390803088270463,0.00404475499521908
TANK,53.0030389434564,0.607691575981323,0.171399298639531,3.54547764751776,0.000391902224414708,0.00405022677342712
SMARCA5,58.2787126698413,0.474464553187525,0.133894745762381,3.54387633111487,0.00039429014687735,0.00406418077867679
ATP5C1,101.402338560108,0.336495189280625,0.0949464747923954,3.54380471370423,0.000394397261480043,0.00406418077867679
PPA1,177.820779920078,0.531232991139913,0.150019024354601,3.54083106200561,0.000398868882099083,0.0041043029897152
CKS1B_ENSG00000173207,26.0230960763724,0.596630262607949,0.16854024069671,3.53847881969431,0.000402439565771759,0.00413505197826265
EMD_ENSG00000102119,42.8109844067961,-0.717626738506632,0.203118079202966,-3.53525823379739,0.000407376836583311,0.00417973343893281
PTPN2,55.206191260397,0.441682365306323,0.125260928963903,3.5260882781049,0.000421746362840108,0.00432092233212809
FAM3A_ENSG00000071889,8.56492103178378,-1.18453740461012,0.334798693374868,-3.52426437629848,0.000424660312689144,0.00434450752174773
MAP2K1,40.7108699863527,-0.500836887023071,0.142153402423341,-3.52278901931725,0.000427031153697955,0.00436247653418055
RHOF,36.5920608221436,-0.558800289284301,0.15871955701879,-3.51999736784278,0.000431551081240838,0.00440231706438211
PSAP,90.2914258786805,-0.437694447631944,0.12436521659531,-3.5194481772947,0.000432445510070129,0.00440511208249342
NBN,14.2281968587185,0.880984802488417,0.249811781015026,3.51786157125602,0.000435039238077472,0.00442518422686254
SDHA,67.8035413712299,0.399815888203129,0.113681652807792,3.51668007420935,0.000436980134394577,0.00443856788870028
NANS,55.1344327754393,-0.491007894146067,0.139738457604912,-3.51400356002213,0.000441406897063385,0.00447712709878576
MEF2A,13.9192223794177,0.887698814130855,0.251976311914276,3.51342863095688,0.000442363234053592,0.00448042647900214
SERPING1,1.33904365558564,1.87111886983951,0.525401486238957,3.51081078975232,0.000446742253126969,0.00451833332934684
SLFN12,2.40053427056299,1.65504709672349,0.452373098431986,3.50945729500838,0.000449022159184999,0.00453493219091535
SSH2,22.8756446138871,-0.702302473209221,0.199929775837794,-3.50878989680406,0.000450150357024614,0.00453986865749256
GIMAP2,103.978870293883,0.553728355725671,0.158096346444086,3.50099918350805,0.000463517263899249,0.00466804620380804
ATP6AP1_ENSG00000071553,21.12455234006,-0.696737584097036,0.199264120023122,-3.49507748782455,0.000473924143480154,0.00476609266106104
NASP,41.1766794609637,0.457587119735981,0.13094615771782,3.49377065291225,0.0004762499643722,0.00478270827021587
ARL6IP4,136.214794136712,-0.353808460630139,0.101339854995396,-3.49091774019664,0.000481364436573617,0.0048272422311761
GNB1L,11.3804893177085,-0.858967054416713,0.245554281810414,-3.48870799802659,0.000485361041025637,0.00486045612310582
CLUAP1,33.5058699261221,0.747945978871286,0.214183340194058,3.48655327712317,0.000489287914508603,0.00489287914508603
ITPKB,9.61338668195502,-1.04852029863167,0.2997758123477,-3.48142783668477,0.000498748151912201,0.00498046677718232
ANP32B,180.075250575303,-0.358507905200395,0.103043656971158,-3.47907921176419,0.000503139842271176,0.00501726528107492
RHEB,86.3332636883518,0.378277353821798,0.109084922750698,3.46788363871051,0.000524574380230707,0.00522367194900143
ZNHIT1,67.2788675249451,-0.434488246281896,0.125303552462907,-3.46674338414564,0.000526804565294307,0.00523853279214226
FMNL1,39.1137211719991,-0.505271056586946,0.145911471447787,-3.46280089991704,0.000534583808776597,0.00530845460463474
MIA3,39.256715402461,0.535831691425951,0.154889052695121,3.45878386433489,0.000542620147236175,0.00538073051030286
TIA1,24.7035022046086,0.741525698156839,0.214982731197959,3.44870593453548,0.000563279768305692,0.00557259811647355
BRK1,237.13277555501,-0.229597577857655,0.066583819074782,-3.44820589900943,0.000564323668414716,0.00557259811647355
BANF1,79.8963794735931,0.443841659694784,0.128685390237608,3.44855183428457,0.000563601284115156,0.00557259811647355
DHX36,56.5152007085075,0.423306843242022,0.122898773631653,3.44400742341115,0.00057315996508803,0.00565199410017363
AMDHD2,7.98154869224039,-1.00103533024277,0.289848851128356,-3.43874832230715,0.000584410275377634,0.00575494168541082
ACOT9,13.3594725958959,1.19666905682438,0.34750241272786,3.43414108272487,0.000594434717051312,0.00584554915659877
SDS,1.44765839455551,1.81010377403173,0.506067007629681,3.43301410093549,0.000596911053016241,0.00586178212505576
IFNAR2,28.4132766082134,-0.731076135044008,0.213392056952648,-3.4272306641777,0.000609770866965159,0.00597979717603954
CPNE7,6.13115641990101,-1.41196927401273,0.410373280053838,-3.41746441267329,0.000632073569927919,0.00618143573896449
GZMM,38.2291650133164,-0.748849220310412,0.218774815934094,-3.41768363138335,0.000631564732913803,0.00618143573896449
VCPIP1,7.97441534051825,1.00691485373224,0.293497235933834,3.41575722391632,0.000636049260637823,0.00620322767929745
DGKZ,7.08348710668199,-1.01129849750573,0.294181582309134,-3.41584213141215,0.000635850980158596,0.00620322767929745
PITPNC1,59.0772634871985,-0.419318176045396,0.122846557735356,-3.41327146106201,0.000641879698888023,0.00625150324019885
SAE1,22.1159257979169,-0.600137506540908,0.175770692221837,-3.41185156630508,0.000645232377232808,0.00627554777856566
SQSTM1,109.466641690829,-0.467402248030061,0.137043762557066,-3.41130768408324,0.000646520909416449,0.00627947805315566
RP1-187B23.1,10.6685114426125,1.01707051954103,0.296566621634945,3.40770598332345,0.000655114420658584,0.00635425189436604
CCDC115,42.5223999672923,-0.471885476638961,0.138520327326877,-3.40604390986323,0.00065911577380975,0.00638434105600167
IL6ST,25.4739404128905,0.639949436289608,0.18778864930252,3.4054206523339,0.000660622083034362,0.00639021360973293
NDUFB4,146.913120359966,0.322000037272108,0.0946493605048301,3.4020175996252,0.000668903300330958,0.00645445573346043
S1PR4,187.605573175319,-0.380970449840418,0.111978372298871,-3.40194475804354,0.000669081608426321,0.00645445573346043
CERK,10.8277360426263,-0.866082530944056,0.253852397951948,-3.40064918982643,0.00067226040754443,0.0064763214295325
TMEM50B_ENSG00000142188,37.7271079896372,-0.504217836941253,0.148389109261648,-3.39732173987189,0.000680489073702788,0.00654671060066367
MAZ,20.3216898337343,-0.684719526125211,0.201930887049657,-3.38873293552965,0.000702163618375897,0.00674609159738683
AIM2,31.8431528735321,1.18982097760662,0.352873520118481,3.38533999183995,0.000710901421820156,0.00681160606602309
PRDX5,124.650320556975,-0.347396741440583,0.102599145227347,-3.38567624921378,0.000710030973648499,0.00681160606602309
SSR4_ENSG00000180879,264.230063546862,0.26303205946927,0.0778532150451744,3.37847317565136,0.000728895431804145,0.0069746058838402
FAM102A,28.3985815132074,-0.576996053063286,0.170879309299879,-3.3751282389696,0.000737813015571124,0.0070504339307604
CRY1,23.8168510332674,-0.586430906210159,0.173929389445208,-3.37020373571035,0.000751126266996247,0.00716800604257171
COMMD3,55.9726220767872,-0.542279146702081,0.161035885962774,-3.36703619832256,0.000759807143018502,0.00724111505427029
LSR,15.5810775491047,-0.794223962171405,0.235577299982422,-3.36459799846817,0.00076655256545497,0.00729560752644811
LPP,4.23239612653592,1.31927556192233,0.386247706757751,3.36213029509844,0.000773436189467099,0.00735126766427899
STX17,13.1829367393298,0.82891113637493,0.246234757525548,3.36013499762477,0.000779043955620384,0.00739466856270685
CCZ1,33.9729195845235,0.671860449307272,0.200062348476014,3.35398665021491,0.000796562057620716,0.00755085528585726
UBXN1,275.753277824895,-0.25837250805351,0.077057294352505,-3.35284884637229,0.000799843749585373,0.00757185416274153
DIAPH1,11.6789498184913,-0.829975011668555,0.247284832055181,-3.34933103505577,0.000810069471648266,0.00764826229880677
CNPY4,13.1454611099556,-0.801540402654538,0.238859803098874,-3.34957484293646,0.000809356866842366,0.00764826229880677
ITM2B,695.645890544301,0.290382385991819,0.0867492347807191,3.34725368429469,0.000816164834591016,0.00769557812164172
SOCS3,124.808167005448,0.673282503481845,0.201323254315163,3.34323848759746,0.000828067012736992,0.00779744799792128
STARD7,17.7663658818743,0.669849499885279,0.200525261523271,3.33826296038168,0.000843039256108502,0.00792769264434726
EEF2,628.505527453557,-0.309370823936237,0.0926833695220561,-3.33790311259085,0.000844131780158667,0.00792769264434726
CDC42SE2,152.47681210691,0.3631208880266,0.10882790665319,3.33670002854344,0.000847793972434877,0.00794135969525758
CFL1,487.330612688446,0.248175624837232,0.0743779847211951,3.33669017248583,0.000847824035071162,0.00794135969525758
LYPD3,12.9123271786076,-1.06294100022454,0.318705260227039,-3.33557003411541,0.000851247094241625,0.00796291748236566
FKBP8,70.7516140807169,-0.406662676429374,0.122077140953181,-3.33030106236412,0.000867521296407524,0.00810447526907029
PPIL3,11.3104544163302,-0.865568059636813,0.259177993368812,-3.32976143195366,0.000869204231245028,0.00810952699321905
TSEN54,18.3009686546865,-0.667586468807859,0.200523071256041,-3.32662436201048,0.000879047849021987,0.00819060331765893
RNF146,16.0569894299809,0.682484323368296,0.205007126550706,3.32623763700286,0.000880268459320884,0.00819122681674742
BEX4,59.6504121608974,-0.394778367437403,0.118839360576549,-3.32151456733613,0.000895303086749402,0.00830934890970033
C12orf57_ENSG00000111678,84.8668294503866,-0.417851274966151,0.125774313138457,-3.32166946537704,0.000894806258558116,0.00830934890970033
ME2,22.6968715350521,0.638220329907116,0.192229510818461,3.31640071828771,0.000911849796597267,0.00845187148282062
LPXN,59.7510120341953,-0.462215933245848,0.139848790530818,-3.30564447001592,0.000947582397564633,0.0087716232369086
RIF1,30.4699803681805,0.534369294514119,0.161579448198775,3.30514680872347,0.000949266627240116,0.00877347286692348
STARD10,3.44490097095772,-1.33501005324262,0.39593700194273,-3.3048555518704,0.000950253610516078,0.00877347286692348
RAP1A,129.947797865428,-0.277737792038516,0.0841674887011545,-3.29975865236415,0.000967680091842767,0.00892276448322552
KLHDC2,52.4028184274936,-0.419286084547506,0.127104869176832,-3.29808757412537,0.000973457685609962,0.0089643963266287
PRPSAP2,22.6163204507848,-0.615627908344828,0.186589601038114,-3.29643249142509,0.000979211449146345,0.00900570115147546
PGD,11.2335011947815,-0.792100275863315,0.239853767902499,-3.29591834526519,0.00098100523815015,0.00901052676696774
KCNAB2,8.15970460232711,-0.939274967234535,0.283629105196188,-3.29479735505232,0.00098492678105916,0.00903485806914734
POU2F2,12.6353199601921,-0.756176053201634,0.229381578991157,-3.28862914815593,0.00100676583062594,0.00922327406121832
PHLDB3,16.6892715298009,-0.78535223485055,0.238782112068994,-3.28551773884757,0.00101795132447969,0.00931372990181157
RCN1,6.29002508249482,1.24467222216397,0.375011333345368,3.28125592451839,0.00103345925831773,0.0094313119975011
ENDOD1_ENSG00000149218,7.40052278482266,1.0372164780264,0.313803515163611,3.28152552493911,0.00103247179203577,0.0094313119975011
NRBP1,56.1076236244141,0.416066761664434,0.126874572967888,3.27936236222621,0.00104041947921677,0.00948264223676389
S100A8,5.59652916097106,-1.39548247557288,0.416626760266955,-3.27806502660548,0.00104521314541214,0.00951411965695668
SYTL1,9.10846929923883,-1.04024930098668,0.31614956386668,-3.27731354638088,0.00104799921051095,0.00952726555009955
NFE2L2,105.536256560178,0.349689445894352,0.106794420627144,3.2745878075331,0.00105816247855441,0.00960735754186229
CEP57,46.9938397881631,-0.4289940209383,0.131127039527362,-3.27092873940165,0.00107194918037749,0.00972010112475119
WDR1,62.3257856917883,-0.387247269526489,0.118432312924641,-3.2697880044438,0.00107628111945708,0.00973451713139526
CD5,41.7639952185714,-0.479519905096097,0.146626246934473,-3.26986110941226,0.00107600301857184,0.00973451713139526
ECI2,31.9567141606954,-0.510493397302265,0.156153631871212,-3.26832749717198,0.00108185103181999,0.00977244570727984
SH3GLB1,71.9494866569389,0.459044127659189,0.140591751821704,3.26528346491039,0.00109354580112014,0.00985301419790989
JOSD1,34.4332708379448,-0.572681682851879,0.175380678849221,-3.26544213084161,0.00109293335083866,0.00985301419790989
G3BP2,90.5253513129244,0.35391043386848,0.108452438422743,3.26316322079754,0.00110176045771532,0.00991444771835078
MOB1A,83.4625227427403,0.429384207012063,0.131646612217999,3.26196402377237,0.00110643184456068,0.00992483673815303
HSP90AB1,462.368815388353,0.254589951369188,0.0780525404617632,3.26179069462873,0.00110710854881932,0.00992483673815303
HERPUD1,159.49543557881,0.350246121617987,0.107365091255188,3.26215153954461,0.00110570018420191,0.00992483673815303
FRG1_ENSG00000109536,70.0020431226296,-0.424399270176949,0.130201000751206,-3.25945756842098,0.0011162547656779,0.00999421038627128
NAGK,30.2948331960488,0.512900288212512,0.157641615746819,3.25235863666857,0.00114451511152755,0.010234329082929
ASCC3,11.6883682578205,0.841027490693822,0.257993458431149,3.25162739902928,0.00114746338006475,0.0102477861615846
PABPC4,32.3277410585999,-0.562186109224027,0.17293248663141,-3.25046370661096,0.00115216973609502,0.0102768908621541
TBCC,107.669154611731,-0.36428181159489,0.112162274382926,-3.24788540108854,0.00116266087872106,0.0103574557577409
PDK2,6.71248356609026,-1.19278658989889,0.363875010484309,-3.24694035062447,0.00116652835487095,0.0103788863653932
TCF25,49.6386018622438,-0.479010009649518,0.147634675493704,-3.24434743705224,0.00117720060182407,0.0104607312552577
S100A4,60.8573772925126,-0.56621411661196,0.174750621482792,-3.24111744764484,0.00119062119154625,0.010566763074973
RPL5,1301.48503350638,-0.404032753996524,0.124704895971249,-3.23984280740991,0.0011959561057943,0.0105876413355855
TPGS1,46.0662530584583,-0.455760643567778,0.140647664104825,-3.23995282228005,0.00119549477721356,0.0105876413355855
BTG1,1882.66063688447,-0.260768600436925,0.0806218920718595,-3.23449284577123,0.00121858973578514,0.0107745792329695
IRG1,1.0942432911276,1.66251606661115,0.530681543183141,3.22658429568953,0.00125277324196707,0.0110630472860276
AP3M2,47.317319537678,0.554903620224174,0.172059289580606,3.22552754055332,0.00125740737434135,0.0110901768420169
MIR24-2,3.68925171126521,-1.25522770032115,0.382212269567412,-3.22481859308332,0.00126052514939095,0.0111038815889277
ACTR3,169.91184993794,0.338174126153785,0.104921468576997,3.22339657088291,0.00126680037734171,0.0111315379692155
ANP32A,51.613864031375,-0.451832978542778,0.140120677511782,-3.22353619518346,0.0012661829561593,0.0111315379692155
IL2RA,4.47598427064565,1.37500069528059,0.420604070971779,3.21975695376112,0.00128299321743284,0.0112459899305841
CORO1A,200.027518905084,-0.513986748569823,0.159596238275068,-3.21981863351935,0.00128271721683843,0.0112459899305841
ANXA1,1409.07638407352,0.450032429853026,0.139825279635318,3.21861326362451,0.00128812087044136,0.0112770137856149
MRPL42,31.8689087841151,0.50667730128348,0.157492272931312,3.21604676585237,0.00129969650611085,0.0113643413711663
ARAP2,23.5781782705809,0.724335309564151,0.225522245403397,3.21327018527834,0.0013123277387619,0.0114606727493352
RABGAP1L,46.3183666085339,0.421997346123671,0.131349450320613,3.21218705628526,0.00131728575572372,0.0114898389012757
VCAN,1.29479375855931,-1.68530109553549,0.529238906344264,-3.21135030595023,0.0013211278039978,0.0115065392045214
GLRX,117.320877489977,0.426097545063892,0.13266816341728,3.2110646733466,0.00132244168885767,0.0115065392045214
ATP6AP2,142.543554412599,-0.297735357885559,0.0928689193835765,-3.20591646042532,0.00134633068595525,0.0117000585927568
MRPS18C,87.1086276557018,0.328534116278972,0.102507358607457,3.20485591401345,0.00135130107598873,0.0117288968698288
ACAT1,23.3890443165833,0.548196920409848,0.171233559910903,3.19960420212161,0.00137616430553239,0.0119301179112088
HDAC1,35.0413668391973,-0.476835440158565,0.149002094573404,-3.19902921133106,0.00137891196405822,0.011937652662739
HLA-B_ENSG00000234745,5333.8607697002,0.603655871312849,0.188738264850022,3.19836807459057,0.00138207753362978,0.011937652662739
PHB,114.089680979446,0.409120266427786,0.127896793073714,3.19850117470548,0.00138143970254062,0.011937652662739
RIPK1,8.70626095599603,0.863120767827262,0.269273177509907,3.1955102237064,0.00139583837539824,0.0120418620477856
TMED9,151.512066760371,0.26836174625966,0.0840326392412088,3.19345399712709,0.00140581734777244,0.012098549295981
RGL4,22.0812389740235,-0.724644394188367,0.226491589641038,-3.19350968703373,0.00140554621741989,0.012098549295981
SNRPB2,101.494220580691,0.360510597828201,0.112954398631681,3.19154183533741,0.00141515615261843,0.0121641751617323
NOG,10.018782789505,-1.08907819046942,0.338300719882802,-3.19117173661077,0.00141697027067595,0.0121650410178951
FASTKD5,13.1905420465566,-0.753254996357315,0.235656512667461,-3.18955502100235,0.00142492011519075,0.0122185178959593
THAP11,16.4141599409139,-0.643481825623215,0.201526909905304,-3.18896139226857,0.00142784946041284,0.0122288675137891
STAT5A,14.1012977515026,0.691102604567062,0.216685478021827,3.18621032323279,0.00144149761873824,0.0123308832446283
STMN3,32.9546277077595,-0.507474569842057,0.159272868998977,-3.18442281092361,0.00145042987665874,0.0123923611603816
ACTB,1351.74987336603,-0.318577648437085,0.10014651792244,-3.18117605669211,0.00146678461427682,0.0125170321651027
DNAAF2,19.8089222222573,-0.622962303954887,0.195723774660759,-3.18049725728707,0.00147022530953205,0.0125313321700811
ZBTB32,3.16499021225919,1.46271983155899,0.456365938622112,3.17957845455624,0.00147489438009209,0.0125560552741653
C11orf31,129.632674140589,-0.355323747987938,0.111755294207861,-3.17903963569072,0.00147763884250422,0.0125643542296766
BEX2,37.7424075804862,-0.55506235022636,0.174520234598904,-3.17821458470991,0.00148185034272866,0.0125850926236525
NCKAP1L,15.0680715952259,-0.75422677787796,0.237292287974106,-3.17363953794527,0.00150540520869581,0.0127698649722105
SUN1,22.568279875136,-0.625924364068804,0.197398859464968,-3.16783496420365,0.00153578675703637,0.0130120357696399
TMIGD2,21.0212830295711,-0.88697652585857,0.279481533547018,-3.16681708196579,0.00154117226415988,0.0130421014011146
UQCRB,248.981872864251,-0.240549402903484,0.0759893189034516,-3.16554459664345,0.0015479293108639,0.0130836882227782
CISD1,29.9664878056919,0.513202637330143,0.162181280341588,3.16332782546259,0.00155976582555889,0.013168058693779
ABLIM1,45.232097818763,-0.534126070191135,0.169033770929439,-3.15958943949706,0.00157991599666462,0.0133223320383834
GCSAM,10.9161444422963,0.880040517294955,0.278873331246677,3.14724803573499,0.00164815085736325,0.0138812231165826
NEU1_ENSG00000204386,21.7981830359489,-0.617840945848317,0.196350233408768,-3.1455419283407,0.00165779430527875,0.0139458999614682
RAN,368.3890388863,0.257810784450803,0.0820251687122801,3.14304868583065,0.00167198028048736,0.0140485917058701
TIFA,22.574436957373,0.649135837621678,0.206481034918011,3.14228313208732,0.00167635846339008,0.0140654242977807
GNL1_ENSG00000204590,22.5146794955054,-0.583646623603117,0.185720443298968,-3.14200604989208,0.00167794568735497,0.0140654242977807
PPDPF,342.537271688913,-0.282797153691104,0.0900163192767086,-3.14162287872897,0.00168014290406578,0.0140672342203621
TNFAIP8,201.582862479001,0.326756171345479,0.104040205192127,3.1402921940462,0.00168779401660015,0.0141146496087881
CD97,21.6257171427218,0.741222467208423,0.236057013758518,3.13944895365691,0.00169265901981378,0.0141386812243269
ACTN1,22.2015277314308,-0.944071043490551,0.299755616645507,-3.13786209405403,0.00170184926464388,0.0141987423959713
UBC,1228.26408694452,0.32208672840631,0.102696302574755,3.13637708236519,0.00171049121010761,0.0142540934175634
CMTM3,36.7134565642123,-0.61784246170189,0.197059376531761,-3.13525013557447,0.00171707633248577,0.0142921945611359
GALM,29.6226957515794,0.661902772788846,0.211537143140656,3.1294828625756,0.00175114286829053,0.0145586819260688
KDM2B_ENSG00000089094,11.777135673658,-0.867476273653842,0.277171079472012,-3.12479253781609,0.00177930501329934,0.0147755153151174
ILF3-AS1,39.8096404492635,-0.479147707361436,0.15339316032687,-3.12379742943587,0.00178533322917671,0.0148082545877975
CEP68,10.4381073090789,-0.807110710982036,0.258040780405866,-3.11775855668066,0.00182232024506754,0.0150622511524791
LYN,3.19844839376471,1.28602644517363,0.404578490900546,3.11798531158528,0.00182091878347595,0.0150622511524791
NLRC5,8.3037631662457,0.94376867263888,0.301049901282069,3.1179284077791,0.0018212703850594,0.0150622511524791
S100A6,343.413659498746,-0.355333490213957,0.114000563578957,-3.1169984165,0.00182702553506631,0.01508358290578
CXCR4,1173.61283735844,-0.33776340773255,0.108436070396772,-3.11493232544362,0.00183987116695013,0.0151719922013309
CD59,71.5817779816545,0.396587128023518,0.12741965707688,3.11232865812173,0.00185617727756957,0.0152886991539953
SLC25A6,20.9475093828525,-0.634798748576627,0.204116585100135,-3.1085903306476,0.0018798217214573,0.0154655089482582
CENPT,9.91364550960768,-0.799081221526227,0.256709312854264,-3.10536521938971,0.00190044209672383,0.0156170588966889
RPP25L,40.4612181575969,-0.43092334156536,0.13889299046697,-3.10178572061845,0.00192357141421621,0.0157888520704452
KLHDC3,34.1054593443613,-0.448044393854542,0.14462490938435,-3.09713517771649,0.00195400747483837,0.0160201536620698
GMPR,3.70199227730629,1.35740318182084,0.428740657520138,3.09457430991262,0.00197095554820284,0.0161404664270359
ATP6V0E1,378.721102149019,0.2083177879883,0.0673288067618462,3.09404093634749,0.00197450240203839,0.0161508837033094
REST,51.8755931941684,-0.410690641048302,0.132788209618486,-3.09293386005736,0.00198188300096002,0.0161925998927689
ANKRD39,19.0478379325689,-0.621590560550552,0.200974057296622,-3.09146195411895,0.00199173504419443,0.0162472159571875
RP11-139H15.1,27.3968784405162,-0.544284887272109,0.176055625514415,-3.09125194439476,0.00199314438010005,0.0162472159571875
CCDC28A,45.3183056967744,-0.554721266867906,0.179612094584582,-3.08709661214424,0.00202121893372031,0.0164571725107961
SPEN,11.663727751822,-0.73461981459016,0.237771122164847,-3.0850015573978,0.00203551087302538,0.0165545557829097
BTN3A1,17.2580691744235,0.646640740204399,0.209552027775857,3.08133749464022,0.00206072927830592,0.0167404781189611
ISCA1,47.0578596696026,-0.504983421248503,0.16392199751477,-3.08076926627585,0.00206466575932896,0.0167532878756979
RP11-1399P15.1,35.9071142668522,0.778587143173731,0.252567296284589,3.07957182359282,0.00207298380494875,0.016801581067507
KAT2A_ENSG00000108773,5.80475580488846,1.05839546654079,0.34159012000228,3.07389926259955,0.00211280762258838,0.0171048279593814
EIF1,2319.19910952459,0.274404980581222,0.0893068050477914,3.07261098979243,0.00212194906683644,0.0171407246385452
RAB11B,32.3703513710204,-0.454424224616024,0.147854706381115,-3.07259398207234,0.00212206999398328,0.0171407246385452
ESYT1,11.8264354881985,-0.89024378554951,0.288760651097355,-3.070933310362,0.00213390806993152,0.0172134173296411
SCPEP1,7.652048494292,-0.958809785859148,0.311485606498386,-3.07065213567415,0.0021359184038611,0.0172134173296411
DCTPP1,40.3422200617306,0.529525960434531,0.172649631856679,3.0649765734544,0.002176870475025,0.0175235605132398
UBALD1,19.8283347170102,-0.622376898949654,0.203138786274317,-3.06141516586881,0.00220293407606169,0.0177132864553091
DPP4,14.7248753680674,0.845293813296903,0.27556659847661,3.06044627172089,0.00221007409843268,0.0177505951344706
IFFO1,2.50944388586989,-1.41992978816983,0.452651136730755,-3.0579092971125,0.00222887028640078,0.0178813322411814
LTA_ENSG00000226979,10.4536313364834,0.803584738236725,0.262086698549515,3.05472021043647,0.00225270569166057,0.0180521562198533
DUSP10,25.7813565487909,-0.848354734251798,0.278503174135183,-3.0515118110512,0.00227692090259926,0.0182256351842782
LYRM1,19.7202680238914,0.61036512075868,0.19992571316645,3.04919058315593,0.00229458865162819,0.0183463732281083
TMEM216,17.6087496206236,-0.665010866770177,0.21815115329194,-3.04686319169104,0.00231242930841192,0.0184682205733685
NDUFAF4,37.1750671681309,0.426830839236897,0.140085422212785,3.04639054252203,0.00231606789202805,0.0184764966667406
TUBA1A,80.139553098396,-0.365891087638371,0.120218013196163,-3.04372257375998,0.00233670517056871,0.018620209552231
IL32,244.751823152011,0.571944952270756,0.188080433127393,3.04098901677875,0.00235802432182894,0.0187690276737505
SLC9A3R1,20.6812188923266,-0.643903356448445,0.211795739468102,-3.03934303785975,0.00237094715053817,0.0188507556201803
LDLRAD4,17.6855898121292,-0.625367222732435,0.205627648276649,-3.03865601224041,0.00237636024725863,0.0188726596818079
TMA7,359.75354941127,0.206845981999942,0.0681200470272144,3.03639940982152,0.00239421980302133,0.0189932520686608
SNRPD1,96.1487387333644,0.332169738773927,0.109526181400755,3.03279709124928,0.00242298461344309,0.0191999896824173
MBTPS1,12.3305823972812,-0.742012011008197,0.244389491655169,-3.03105830729567,0.00243698182539155,0.0192893767673132
NFATC2,10.3957339575911,0.794498002209606,0.261990209206152,3.02959595291149,0.00244881102628475,0.0193614234817614
MYL12B,686.699721832131,0.196826874167211,0.0649764576474413,3.02923836202185,0.00245171161609899,0.0193627947433847
USP33,17.0772050683174,0.665379758583677,0.219510073232662,3.02699033156344,0.00247001858641654,0.0194857021817305
TTC39B,9.04075117125543,0.996610854218922,0.327637079620219,3.02618158834952,0.00247663516918268,0.0195162149846804
C12orf23,15.2328093166838,0.678820490122122,0.224025744810896,3.02554162469894,0.00248188240241532,0.0195358814380807
UBL7-AS1,5.78641335410176,-1.01255873630392,0.332388568657017,-3.02364024509808,0.00249753238368874,0.0196155751373784
FBXO7,67.1522528428979,0.33326396210282,0.110216241662658,3.02371811718421,0.00249688966084686,0.0196155751373784
ATF5,5.27915546796119,1.23715469787589,0.405999097620209,3.02312155869227,0.00250181726208394,0.0196275166417635
PDCD4,230.892493599723,0.368654881001202,0.121966111860835,3.02217188747011,0.00250967994738608,0.0196674697863589
COX11,27.8642623885832,-0.530077266011764,0.17542610665566,-3.01969531455864,0.00253029088333206,0.0198071281936688
EIF5B,107.897474763703,0.282028597739586,0.0934390509460399,3.01832708571573,0.00254174406233961,0.0198540080837638
HAGH,45.1647084274158,-0.432595720399243,0.143299341886389,-3.01831179772824,0.00254187230255511,0.0198540080837638
CLTB,65.9347037305668,-0.422853672443808,0.140225766052881,-3.01619779983826,0.00255966224140377,0.0199709911142492
SIVA1,100.987678578238,-0.343361781705983,0.113892501765724,-3.0148915326185,0.00257071172069613,0.0200351846508699
NOLC1,25.3504872111523,0.54474325867421,0.181362567644606,3.0027677029212,0.00267536557976015,0.020827955719624
LSM6,73.8546487653716,0.37350543663056,0.124419491808205,3.00143084379792,0.00268714068319628,0.0208967128704202
GRAMD1A,18.629374684969,-0.66266915455885,0.220606504516485,-2.99912200974273,0.00270758855981327,0.0210326901254641
UBE2F,29.3264252219866,0.621192390846876,0.207042164745792,2.99701948469634,0.0027263328713287,0.0211551512420041
NEDD8,216.937140282851,0.257336116631969,0.0858779409324333,2.99649504742633,0.00273102674180711,0.0211684387192473
ERGIC2,81.0282920716882,0.378015104150337,0.126284618524158,2.99307416080068,0.00276182629441436,0.0213838240897949
SEPHS2,57.7755686563597,-0.396690290241362,0.132645257727006,-2.99011394774393,0.00278873394300718,0.0215686394284869
ZADH2,6.64358900753061,-0.970271392311464,0.323587881165055,-2.98580870380735,0.00282829508630487,0.0218508107864685
SRA1,49.0573155099394,0.488337317465328,0.163683884279134,2.98282754165776,0.00285598872488766,0.0220407825507635
MRPL13,38.04797207949,0.482875750833644,0.161901886965723,2.98213842292941,0.00286242545078454,0.0220664719875898
IL10RA,60.4303039176339,-0.502055398539235,0.168760377080587,-2.97593639613894,0.00292095435630874,0.0224932493815532
FERMT3,22.5281380867854,-0.560587887518775,0.188418520796593,-2.97353010269444,0.00294395528150753,0.0226458098577502
NXT2,5.86380548571839,0.930633129379756,0.311706620832633,2.96863452603331,0.00299126135820307,0.0229848004796989
GIMAP8,13.2544768494262,0.800043109178409,0.268680944492579,2.96708292149919,0.00300639865350605,0.0230761410161005
ST6GALNAC6,17.9098221445667,-0.66098121000106,0.222646606157686,-2.96605755733876,0.00301644031515361,0.0231282140794715
NUTF2,56.4455951095524,0.417147843364178,0.14061730319925,2.96571335353735,0.00301981804670775,0.0231291349855718
DHRS12,12.3356036053276,0.727330866171904,0.245116326511629,2.9638464206935,0.00303819876253117,0.0232448396702277
GNPTG,15.4105939690019,-0.721403631889798,0.24353436944895,-2.96213545784031,0.00305513344110703,0.0233492437372012
NFKBID,4.37137162825548,-1.05600259739955,0.353103468079979,-2.95996264473599,0.00307676346623625,0.0234892694734166
RP11-620J15.3,20.6185194984592,-0.638117911495801,0.215408187138651,-2.95952252030054,0.00308116181032829,0.0234975820121706
LDLRAP1,30.1911924089725,-0.711997398519876,0.240209148547504,-2.95846766768175,0.00309172673332084,0.0235528538697188
ATP6V0E2,11.3436491961491,-0.964789304148052,0.324356984683417,-2.95724837025942,0.00310397981150386,0.0236208538710369
BPGM,36.9096912488323,-0.483229192338935,0.163411882436431,-2.95649190533496,0.00311160398934585,0.0236535206898882
RPL36AL,893.535917470406,0.219549110070486,0.0743190374578615,2.9541753123272,0.00313505854767812,0.0238063269395879
FBXO42,5.11383208092433,-0.987319544929779,0.331817075232714,-2.95278107031488,0.00314925225536593,0.0238885587746775
SPTBN1,17.5062240687137,-0.616525220017594,0.208695098183024,-2.95125442568904,0.00316486101942804,0.0239813375004686
ARHGAP15,68.6538593661147,0.472735208801187,0.160204066426521,2.94990620950992,0.00317870408981785,0.0240196364391249
FBXO9,20.7697841986703,-0.542084852955853,0.183634681238962,-2.94978859732798,0.00317991430891842,0.0240196364391249
POR_ENSG00000127948,16.2711526496699,-0.644554659649688,0.218340231707409,-2.94972491893985,0.00318056972920627,0.0240196364391249
PARD6A,11.4803275332167,-0.719085891433126,0.243401701701583,-2.94944545731961,0.0031834475900305,0.0240196364391249
JUN,130.363569892688,-0.470589849634329,0.159598733566989,-2.94910380165465,0.00318696914155676,0.0240206803662983
SURF2_ENSG00000148291,46.350183878314,-0.473464768600425,0.160633398204098,-2.94803305431479,0.00319802867996267,0.0240784768056575
THBS1,1.9078660859033,-1.42886553706081,0.466795153728722,-2.9452112155707,0.00322734264959298,0.0242734457755404
ITGAE,39.2652547002469,-0.468244932882389,0.159024548051614,-2.94419825813053,0.00323792508374902,0.0243272678249927
LCP1,63.2660480358147,0.408608020414183,0.138816934238771,2.94332523256577,0.00324707099684493,0.0243701945851998
TSPYL2_ENSG00000184205,28.9396019722882,-0.603248992498379,0.205247649757301,-2.94046978889034,0.00327714957650053,0.0245699704257167
SLFN5,134.504052075859,0.609511644736802,0.207340664473917,2.94000267991819,0.00328209408088934,0.024581084361091
ING4,21.4743017564659,-0.563003739739373,0.191517073842109,-2.93836642663572,0.00329946801257262,0.0246851663743579
USP28,3.16197731190855,1.25429777136795,0.41991063773609,2.93778543407564,0.00330565718646786,0.0247054379199177
NRD1,34.1378403841838,0.523977369707837,0.17840942128758,2.93575817120059,0.00332733604376352,0.0248152162927741
PTGER2,10.7591344098676,1.02284250267294,0.349924569332499,2.93588287122473,0.00332599881600755,0.0248152162927741
HMGA1,79.4126320123162,-0.432178594299352,0.14723166351677,-2.93488408121346,0.00333672315086925,0.0248591126664971
ATPIF1,116.184614392992,-0.300325052477562,0.102396785480791,-2.9330100337603,0.00335693042968564,0.0249449816428977
SH2D2A,55.8471689650421,-0.709202393092133,0.241904828895655,-2.9321892404682,0.00336581583294309,0.0249449816428977
HES1,2.21099271337858,-1.44667816099121,0.485279943031895,-2.93236386407169,0.00336392367378659,0.0249449816428977
GRK6,12.0223139727482,-0.771506482173166,0.262352747289127,-2.93262042938833,0.00336114538039618,0.0249449816428977
EMP1,2.52315242218626,1.39357177525121,0.46436463923191,2.93221764183986,0.00336550801981918,0.0249449816428977
PLIN2,48.9563763527281,-0.49569546774905,0.16913701405671,-2.93148810173352,0.00337342288396615,0.0249752893390612
C19orf10,83.3106079042062,0.306132902686497,0.104506446262081,2.92930391562185,0.00339722080727377,0.0251252788871289
ATP2B4,10.0714032194183,0.774134627214509,0.263841812023066,2.92668574483987,0.00342594860240442,0.0253113788523115
ATF6B_ENSG00000213676,54.3210568840764,-0.391018752922721,0.133632600825555,-2.92601069503397,0.00343339133684361,0.0253399984320058
GLB1,18.0499484287248,-0.670367437391281,0.229312815137169,-2.92412665094871,0.00345424171841208,0.0254543198847314
NDUFB6,67.0431455497733,0.378122906171714,0.129316872568417,2.92396362362973,0.00345605131956071,0.0254543198847314
ADK,56.9076125690159,0.637053444894688,0.218040796311772,2.92324792754758,0.00346400574993709,0.025486467175703
NECAP1,22.304282411984,0.5321052641053,0.182064620163158,2.92208376551348,0.0034769801484575,0.0255554441553295
C17orf62,31.7944320045362,0.467239603981806,0.160049174275111,2.9179322963629,0.00352360847231406,0.0258713755464631
NSMAF,7.02838768229401,-0.885421846005158,0.302257196153855,-2.91730619346069,0.0035306898783387,0.0258965889836826
PTPN7,25.5724460543367,-0.678331136124134,0.232798596480135,-2.91507677598557,0.00355601050691013,0.0260386174846877
PTPLAD1,35.5948950601108,-0.435984335441711,0.14953612331843,-2.91495585444304,0.00355738858593621,0.0260386174846877
C4orf33,3.06790752854746,1.24842861171223,0.420867358944772,2.91241968116859,0.00358640419966663,0.0262239647967385
SFMBT1,10.5041500050008,-0.799048783229629,0.27416677536289,-2.91091441920779,0.00360372709524082,0.0263235209631788
ACP5,10.1816625161691,0.885722727775135,0.303807455400361,2.91023904053074,0.00361152421088211,0.02635336268989
SCO2,34.5593918296461,0.482803711580703,0.165992323517376,2.90749629776266,0.00364334656927231,0.0265582758129706
TRIB1,1.34961182142927,1.51099847497437,0.51267750317093,2.904928693168,0.00367336777042761,0.0267496524820882
WNT10A,4.50069363477968,-1.29974944285631,0.448838160066304,-2.90394261254922,0.0036849569727755,0.0268065517486742
DPH3,45.1431334688055,0.455963199779403,0.157138449125332,2.90246306671627,0.00370240813781629,0.026886930453439
HNRNPA0,235.27889025871,-0.243588361100156,0.0839315081664378,-2.90236394133465,0.0037035799976709,0.026886930453439
MZB1,0.742933771373753,1.5141698764856,0.530664254087542,2.89748309129349,0.00376170015085541,0.0272809714719851
H1F0,2.50839096283638,-1.34903124749131,0.455186343060375,-2.89439544044325,0.00379889407073475,0.0275225999002211
POLR3D,14.0038062008686,0.636791651047455,0.219954222835377,2.89226369360905,0.00382476782442691,0.0276617107479274
CNIH1,97.8608789198135,-0.300548091921796,0.103913574346454,-2.89217175426757,0.00382588731753024,0.0276617107479274
USF2,8.21619377236203,-0.836426210442765,0.288199898134983,-2.89090478930071,0.00384134477978468,0.0277452166189942
BLOC1S4,98.2310911255026,-0.320014016239155,0.110730237134141,-2.89014441719479,0.00385064883649143,0.0277841531901313
GIT2,24.9664191964872,-0.490297928905859,0.16966444054448,-2.88895004078802,0.00386530479508545,0.0278615878630525
LBR,44.4973753047802,-0.417035224262089,0.144405418977238,-2.88731611486163,0.00388543646249077,0.0279782950138787
GGCT,25.1397697826778,0.537253589215894,0.18617453433265,2.88407826283574,0.00392561179343429,0.0282389500844817
DDX27,44.3783134198524,-0.396443749469703,0.137501834255022,-2.88306575129324,0.0039382522738905,0.0283012056119662
PDE3B_ENSG00000152270,30.0929688055756,-0.502411440788153,0.174343684440808,-2.88116871613404,0.00396203494884229,0.0284433247085746
C3orf14,6.140186277836,0.862087371247928,0.297936716136703,2.87934838569621,0.00398497853248212,0.0285791389703263
SFXN1,43.7587640800536,-0.401833659905952,0.139619779995775,-2.87785245457727,0.00400392359323622,0.0286860317981606
ARPC2,570.123746406303,-0.150930507978239,0.0525597430674329,-2.87160543864335,0.00408392517279323,0.0291893824321269
EIF2S1,90.9657647433877,0.360654859725949,0.125613354812287,2.87140518392179,0.00408651354049777,0.0291893824321269
NDUFB10,100.86962916884,-0.280777029248904,0.0977628004808735,-2.87182896690286,0.00408103774328482,0.0291893824321269
UQCR10,220.687534542645,0.206237711191182,0.0718969726514081,2.86846154649878,0.00412473334462732,0.0294327705998532
CREBZF,17.4790684356043,-0.56669508466632,0.197610962873096,-2.86631477292673,0.00415281099599075,0.0296033715577654
NABP1,17.9948166339299,0.709913148544403,0.248058729088209,2.86546385777735,0.00416398802284128,0.0296532747865327
CLTA,96.8050969814863,-0.293035635031359,0.102309118233136,-2.86402596798245,0.00418293718008362,0.0297583707200338
SPG20,36.9921965372916,0.42627192907859,0.148868226631964,2.86333299059324,0.00419209745400804,0.0297936856090661
HRASLS2,1.12509760183047,1.473978246243,0.529790241218926,2.86287091702387,0.00419821558362627,0.0298073306437465
CTD-2336O2.1,26.4912907955215,-0.656725621407451,0.229409004721763,-2.86161345105383,0.00421490621891847,0.0298959382161051
TAPBPL,19.05452938639,0.781851891875095,0.272595437287102,2.86033028091868,0.00423200005771737,0.0299872259578776
PTPN4,19.8460101676277,0.557566407766409,0.194923207443801,2.85804286535931,0.00426262804365429,0.0301440827788301
SFXN3,5.80496579942977,-1.09033091513112,0.381273381465955,-2.85807924034373,0.00426213942187485,0.0301440827788301
NLN,1.9293342828553,1.41181939746122,0.488063384458333,2.85732837210418,0.00427223606983234,0.0301819662644872
FYN,161.97767286785,-0.387311102618466,0.135637300501641,-2.85581114375389,0.00429270390092657,0.0302419068869507
USP42,6.1013501072429,0.903738723951845,0.314665454440701,2.85575234543804,0.00429349889324595,0.0302419068869507
DKC1_ENSG00000130826,31.7154480062834,0.471982578795693,0.165196668673291,2.85597958966868,0.00429042713905713,0.0302419068869507
PDIA6,100.82561451149,0.409321425008873,0.143396568978053,2.85403508668074,0.00431677634168326,0.0303757304518842
NCF1_ENSG00000158517,4.18942722855664,-1.10958571355883,0.384382781439567,-2.84848848231504,0.00439274433403246,0.0308796878927034
SAMD4A,0.763872115658975,1.52509650425914,0.526642222875505,2.84793409768768,0.0044004035810723,0.0309029331608441
TMEM245,19.557040256664,-0.544223054375505,0.191155791776842,-2.84641646614877,0.0044214327818873,0.0310199335488141
FABP5,11.1665726561267,0.695221876922182,0.244026831534733,2.84386186953778,0.0044570365594066,0.031238854463758
MXI1,20.2961360036166,-0.574089759486439,0.201714819330097,-2.84318842666482,0.00446646559968669,0.0312740687946504
COX20,47.7165352284325,0.426505276466365,0.150024886604828,2.84246348967947,0.00447663581948771,0.0313054755075993
ZRSR2,34.0820382315907,0.434062256603505,0.152678029062291,2.84224042387108,0.00447976945291843,0.0313054755075993
CASP3,18.6183595832136,0.564114719432953,0.19847255380837,2.84134476722726,0.00449237167854397,0.0313251460578429
HOTAIRM1,3.149050969296,-1.20118074022604,0.41623643493259,-2.84110006888633,0.00449582025816083,0.0313251460578429
COX5A,137.719017667536,0.289562448389778,0.101911651598629,2.84143143089067,0.00449115088612264,0.0313251460578429
THRAP3,123.795717072874,0.277474911248887,0.0976934498962335,2.84041922118639,0.00450542819722748,0.0313613139218776
BMI1,17.3548386081016,-0.750465745805429,0.264744903543992,-2.83833430097158,0.0045349658436,0.0315360014589226
INPP1,3.4699130759683,1.18168016138189,0.410203925965536,2.83800651156834,0.0045396256522745,0.0315375167623766
CCDC91,35.6668775092735,0.408652080961943,0.144255184033204,2.83225634340572,0.00462207776037421,0.0320789365578268
CTDSP1,18.3571317170463,-0.622683480771405,0.219957755693923,-2.83187463276786,0.00462759884347305,0.032085890418612
RRP7A,63.6429837321551,0.466608880201954,0.164941796187666,2.82784707783542,0.00468621860740161,0.0324606362073673
GYPC,73.7774490173063,-0.481452025548282,0.17020372826826,-2.82700776153369,0.00469851890650914,0.0325141171892933
TIPRL,39.217567630964,0.419766663612561,0.148529064362209,2.82595026048365,0.00471405834291638,0.032589887278195
RNF168,21.6662198878915,-0.595123792408243,0.210750506800726,-2.82270763819716,0.004761997484656,0.0328172371802508
JADE2,12.7638335669821,0.665573287867136,0.235596553755305,2.82260475486278,0.00476352571483312,0.0328172371802508
GPR108,32.2219019653477,-0.472704390951001,0.16744109730156,-2.82296278089602,0.00475820950672927,0.0328172371802508
EWSR1,80.9632342967607,0.306792697221905,0.108693945279326,2.82247642095508,0.00476543261025895,0.0328172371802508
H1FX,22.4746302354875,-0.544246729724083,0.192802561124224,-2.82185068714274,0.00477474020084073,0.0328176722419837
MRPL34,91.6516869845188,-0.26686290376709,0.0945682948348469,-2.82191246991701,0.00477382047033551,0.0328176722419837
IER5,5.91957627491043,-0.99771788363637,0.352429476703155,-2.82123976805808,0.00478384329651184,0.0328484404305939
IVNS1ABP,61.1823867623939,-0.49065039786483,0.174057344909404,-2.82052042411566,0.0047945821265123,0.0328903701432245
ATXN7L1,6.82989842540846,-0.900659973201089,0.317612628203753,-2.81962602810528,0.00480796466849628,0.0329263858182923
PNP,14.3008040849326,-0.767897847014228,0.272446440264554,-2.81954976450756,0.00480910733712241,0.0329263858182923
DCP1A,29.2697949838953,0.538731396390854,0.191134618951108,2.8186520174665,0.00482257689680341,0.0329867976563625
BUB3,138.16309361988,-0.233455623388951,0.0828389540778888,-2.81810536234355,0.00483079547832032,0.033011210679571
CYBA,428.372005558694,-0.40590354477306,0.144089935811878,-2.81715346945009,0.00484513678092601,0.0330773761005525
POLR2J3,12.1475295859935,-0.640656890250627,0.22722073048589,-2.81531513335296,0.00487294239511617,0.0332352459225022
SLC35A4,14.4982913218887,0.657292870593182,0.233197589065492,2.81407718423922,0.00489174815509984,0.0332425210878647
MAGED2,163.181144727206,-0.304275336395138,0.108090863883411,-2.81486175628951,0.00487982206988927,0.0332425210878647
GCNT1,2.76479106906214,1.29364884754464,0.448089244037844,2.81455751739794,0.00488444360407377,0.0332425210878647
SLC25A3,205.36343482699,-0.276695308901213,0.0983333021682264,-2.81401219258194,0.00489273725870685,0.0332425210878647
DDX39A,52.6072934083654,0.342742661313745,0.121898071612837,2.81146600822691,0.00493163013390685,0.0334747360905723
IDS_ENSG00000010404,67.2083514070807,-0.418278271949568,0.148855040227817,-2.80980374126138,0.00495717184471366,0.0336159695295769
GABARAPL1,54.8168615932416,-0.614980666887481,0.219110438428882,-2.80874907157761,0.00497343943664963,0.0336941030536378
BIN1,60.7381379171182,-0.555936402047538,0.197829795658986,-2.80772921584284,0.00498921594249249,0.0337366030397111
COX7B_ENSG00000131174,109.131804005509,0.31243227599456,0.111274204117534,2.80793889052781,0.00498596872057809,0.0337366030397111
VPS51,25.6199222269643,-0.506354324503598,0.180332805996605,-2.80618960901421,0.00501311839602627,0.033865975843755
RASSF5_ENSG00000136653,88.4858378296709,-0.307913284663044,0.109806127147456,-2.80413450658644,0.0050451852766024,0.0340502048135713
CYCS,163.922600441164,0.402468810787157,0.143652463570795,2.80157685224153,0.00508535270314592,0.0342887029366914
EID1,135.712311961922,-0.285695163677429,0.102086872970273,-2.79879864451301,0.00512931122179064,0.0345522862188933
TLR1,4.11707176982066,1.14635966837507,0.408318972898424,2.79648525999045,0.00516617674617002,0.0347451043816467
ADAM8,10.5862825048488,-0.771545175712788,0.275553240985842,-2.79638858292049,0.00516772256718576,0.0347451043816467
TNFRSF12A,6.20890010537819,-1.20389218057765,0.429600044104502,-2.79344813608577,0.00521493907704214,0.0350293920974448
FRMD8,9.05638174092336,-0.752202198560819,0.268905466124121,-2.79294407976396,0.00522307203331092,0.0350508614711791
CAPN7,10.5704699113464,-0.720861665313872,0.257891814877007,-2.79222468264327,0.0052346993656161,0.0350957181264158
BARD1,4.22673475186288,1.01268870608514,0.359627689843599,2.78953520974633,0.00527837567172403,0.0353551578011704
QPCT,5.93564198833137,-1.10532851175791,0.396885002106946,-2.78736787008572,0.00531381190054436,0.035554837911438
GPM6B,19.4307402523025,0.689169832262225,0.247476242156318,2.78710024219896,0.00531820251576721,0.035554837911438
INSIG1,36.629243388698,-0.51059996337498,0.183361133063089,-2.78647283670885,0.00532850837093265,0.0355902252432943
TPM1,8.95755018452447,-0.784734289493377,0.281067951186283,-2.78606693073321,0.0053351854478663,0.0356013314660251
RARA,15.0185082285688,0.620249884852529,0.222623973383033,2.78517525392475,0.00534987990241243,0.0356658660160829
DPM2,20.5271711949472,0.575793141971296,0.206593756044863,2.78448937821015,0.00536120770038817,0.0357078561658124
TCEAL4,16.0771755339071,-0.710818793334182,0.255459054645668,-2.78387287216659,0.00537140828068905,0.0357422669099271
LAGE3_ENSG00000196976,59.1244088430185,-0.442281354410369,0.158973041148925,-2.78069690949778,0.00542423530806041,0.0360599912801769
ETV6,7.13298835109181,0.911576748204754,0.326384011906346,2.77785140078567,0.00547196366188027,0.0362753893551353
TBX21,3.71668255910482,1.31503094856279,0.476870292119281,2.77789844755141,0.00547117146376765,0.0362753893551353
CHMP2A,99.828099364677,-0.274322497107999,0.098754125387197,-2.77790140888464,0.00547112160274929,0.0362753893551353
C16orf87,11.2239156561747,-0.720239746863429,0.259031557195957,-2.77680113003904,0.00548967564862312,0.036328590795178
CD79B,5.27370573814697,-0.975582806876054,0.349132932870747,-2.77676876723142,0.00549022224270789,0.036328590795178
HOPX,12.5232107420108,-0.954929237077529,0.34546606576992,-2.77453515280527,0.00552806594237295,0.0364945718340748
ZFAND2A,47.832079738317,-0.514522695118239,0.185522831185183,-2.77442620996723,0.00552991774664864,0.0364945718340748
FRMD3,0.981798638517561,1.46643759293274,0.52454756144183,2.77437863134374,0.00553072666105133,0.0364945718340748
KAT6B,8.2836690124452,-0.788738163244745,0.283513301410222,-2.77371856509494,0.00554195988895506,0.036534740215024
CD9,3.19049625640165,-1.17871069363951,0.417534414820753,-2.77217734820623,0.00556826903652641,0.0366741281626507
TM9SF2,37.853663219229,0.436121871743131,0.157469606855089,2.76899836746445,0.00562289169693765,0.0369995653830003
IER3_ENSG00000137331,6.78610494085656,-0.876557157369331,0.315494334585369,-2.76661118745004,0.00566422657397161,0.0372370450696282
GNPNAT1,10.4551883429938,0.706403926662322,0.255184437520824,2.76497022503971,0.00569279918099088,0.0373902628908744
CUTA_ENSG00000112514,193.120652762663,-0.276646545894149,0.100063375213357,-2.76451333385905,0.00570077772067276,0.0374080608288139
RINL,7.30400400659214,-0.842939639333453,0.304155070239562,-2.76302229660316,0.00572688542082144,0.0375446781974444
RPS24,1053.03342081936,0.217624452880766,0.0787821664252912,2.76229784933443,0.00573960919758394,0.0375933812756882
EIF4E3,6.38252521792642,0.885615560109042,0.319892185556892,2.75618664711718,0.00584796159360018,0.0382677671101947
FMR1_ENSG00000102081,9.30834805578589,0.733784632964662,0.266118232093867,2.75213915541958,0.00592073562160968,0.0387083083917392
RP11-81H14.2,1.91068347090862,1.42847355133801,0.51760421213802,2.75085370638564,0.00594401821866865,0.0388247740133831
DENND2D,71.1356947091953,0.381205262572834,0.138604248322408,2.74964732260681,0.0059659437692588,0.0389321698177734
PDXDC1,7.71264772481489,-0.762923452352817,0.276788963467519,-2.74822312212331,0.00599192183727333,0.0390657897563275
ELOF1,45.6068879850541,-0.369618111164142,0.134609501164727,-2.74548356554998,0.00604217936793386,0.039357315148927
CALHM2,4.53684139428865,-1.10022273999302,0.398305993473986,-2.74201930596906,0.00610627525161671,0.0397300116207152
ZNF561,10.4468343373636,-0.714382631630365,0.26004432845876,-2.74178740398437,0.0061105877027917,0.0397300116207152
CYB5R4,21.102181698994,0.56757855786997,0.20695040283607,2.74031520008755,0.0061380288585633,0.0398382806044559
SASH3,6.35962799457374,-0.947166670294506,0.344508971913593,-2.74029201901852,0.00613846182834856,0.0398382806044559
MYO1G,13.7127756182751,-0.634936459898304,0.231892134710374,-2.73739304001127,0.00619282547175373,0.0401177562494995
ARID4A,26.9865483986893,-0.436957667921431,0.15957670414269,-2.73747395233445,0.00619130228648357,0.0401177562494995
CDIPT,24.5515532056235,-0.480274398056954,0.175436815622127,-2.73560559040284,0.00622656062251775,0.0402995263626946
ZNF428,51.6703818278897,-0.345918021604548,0.126451794503015,-2.73511978049733,0.00623575802961508,0.0403222969128116
EIF4B,41.5029002577644,-0.414089896127622,0.151379025371356,-2.73443596166803,0.00624872488848348,0.0403693782604483
ARPC1B,254.391531192816,-0.24731483709927,0.0904705932804261,-2.73375361100958,0.00626168809802781,0.0403871273604457
GPCPD1,28.5576963219024,-0.606032172989388,0.221861947325005,-2.73339360311894,0.00626853723256496,0.0403871273604457
GATSL3,3.75718844027688,-1.08892608928305,0.39440571253354,-2.73349016088357,0.00626669956375868,0.0403871273604457
PLEK,5.55793806401229,0.971107731484966,0.354293539624065,2.73257160593526,0.00628420097809333,0.0404513390248982
WIPI2,57.5939515380429,-0.3643486650611,0.133358467755327,-2.73214800120931,0.00629228681836979,0.0404666996471246
CD74,348.131674042299,0.382306199959673,0.13996144319488,2.73175030844371,0.0062998865684238,0.0404789091726778
HLA-DPA1_ENSG00000231389,50.5661543608397,0.707507371673088,0.259330069709439,2.72678613734325,0.00639544752826246,0.0410557662302563
MOB3C,3.43405325780011,1.0764900570021,0.390345048050546,2.72601285360029,0.00641045019175707,0.0411149018622179
RUNX3,27.5947311214998,0.497367487980021,0.182812468518342,2.72145107769748,0.00649960048035876,0.0416490644499523
U2AF1L4,22.4994783225875,-0.563567770397312,0.207354274266112,-2.71734611544813,0.00658077493498839,0.0421312011166975
RNASEH2B,52.3926063377987,0.354168351261235,0.130432789945086,2.71505443861642,0.00662648767984904,0.0423856419161515
RRM1,22.9851711167376,-0.50539554323533,0.186286337093869,-2.71244565656089,0.0066788731642526,0.0426822677463488
PKIA,14.258175310592,-0.965987954478481,0.356003538278767,-2.71159444352167,0.00669604627617635,0.0427151200007656
DENND1C,6.56099458068714,-0.878547230412018,0.32196131404626,-2.71171298151658,0.00669365241105783,0.0427151200007656
TMEM107,12.9514189002683,-0.708914457817013,0.260879776789572,-2.71082912959125,0.00671152026142424,0.042775398434571
AHI1,10.1692381319995,-0.856318511459617,0.314987591690688,-2.71052383087896,0.00671770210081736,0.0427763990276262
BOLA3,35.5778505214892,0.421363539163961,0.155489591352939,2.7093373474778,0.0067417752290279,0.0428175779932676
WDR34,9.44558782689795,-0.858207178835791,0.317459873983625,-2.70931345094468,0.0067422608727427,0.0428175779932676
C21orf91,13.6672988000766,0.645906497537166,0.238139873421164,2.70986891996456,0.00673098032988643,0.0428175779932676
PILRA,3.51909136093745,1.10956916685654,0.406035180071152,2.70605690406749,0.00680873777864868,0.0431625341325051
UBL3,18.7592112632779,-0.557581330506693,0.205957698310532,-2.70608447307104,0.00680817254073845,0.0431625341325051
HMGN1,299.157624239172,-0.230317728327799,0.0852073655587376,-2.70310124407561,0.00686958183966961,0.0435093943458111
INTS12,18.7722604062214,0.510203668988924,0.188706969677658,2.70252616241473,0.0068814768596876,0.0435458874365258
ACADVL,36.4706776710223,-0.529279388604471,0.196096194834086,-2.70008911946049,0.00693209041335702,0.0438271076890782
RNF125,53.1832946757926,-0.417330828984088,0.154638006919693,-2.69831422119465,0.00696916245270628,0.0440222895144258
CECR1,2.17724114475638,1.27571206880995,0.464505965991201,2.69509939070996,0.00703676376926868,0.0444097980104956
QKI,5.32136593932427,0.879732716551624,0.324861898997457,2.69421328621956,0.00705549996661168,0.0444884989013703
RBM4B,16.2688321032614,-0.621788322084041,0.231346562482113,-2.68757996424928,0.00719718673637727,0.0453416378245595
SMARCA2,7.86500931032171,0.76128001153185,0.282419896095432,2.68629671016638,0.0072248898453246,0.0454758137427347
ECHS1,39.0749247998912,-0.479853350258945,0.178610256805049,-2.68520521078189,0.00724852859868972,0.0455841922503959
BDH2,13.144129786863,-0.60629043548639,0.225660929862362,-2.68486972956155,0.00725580809410015,0.0455895906797443
ACAP1,31.4828835012584,-0.49899888676082,0.185740877455079,-2.68448101456381,0.00726425089556989,0.045602282368299
CTR9,34.6340382323141,-0.467014298472713,0.174138265002119,-2.68159047001705,0.00732730988295146,0.0459575089831761
ALOX5_ENSG00000012779,3.33953922426045,1.19170350837433,0.440166013589675,2.67942052357946,0.0073749708501293,0.0462156160952498
TRAF3IP3,103.513793110861,-0.503191283024432,0.187848831725045,-2.67720488328425,0.00742392221024612,0.0463995138140383
LSM3,101.854468386,0.30411607259685,0.113578791349115,2.67755728619396,0.00741611694065912,0.0463995138140383
EVI2B,151.579650353919,-0.279723233698742,0.104479119712522,-2.67723664733128,0.00742321837558878,0.0463995138140383
TKT_ENSG00000163931,40.136537751987,-0.398560062512255,0.149062585677461,-2.67349223047117,0.0075066015027215,0.0467516409380024
PIGX,33.486478852616,-0.423495268309015,0.158299684580351,-2.67411906817538,0.00749258440170988,0.0467516409380024
NAMPT,25.1198895996074,0.493134572183376,0.184426298609978,2.67383236772777,0.0074989925703879,0.0467516409380024
ANKRD12,267.01346716602,0.216062967232176,0.0808084455079319,2.67377841423157,0.00750019905820425,0.0467516409380024
UBAC1,6.94922968246275,-0.849769392562309,0.316561410366828,-2.6724171316633,0.00753069720342163,0.046860604859153
ATP2B1,28.4498250105753,-0.456597073150473,0.170883385436293,-2.67163417629317,0.00754828884628976,0.0469289411634477
KIFC3_ENSG00000140859,1.12529414759266,-1.40909598260788,0.515962432544282,-2.66704839441496,0.00765206523392844,0.0475325137015677
ADSL,39.5094520297834,-0.374697027640249,0.140541477449442,-2.6658277786005,0.0076799024482005,0.0476637302292164
VPS26B,13.2358810504568,-0.592296979732731,0.222094237783182,-2.66394905840314,0.00772292569019157,0.0478888841924543
MED15,12.9872756350282,-0.635835089823165,0.238384068626987,-2.66336601275158,0.00773632145352908,0.047930089284517
PGAM1,25.7775013365537,-0.464265652519194,0.174313614964317,-2.66267277908836,0.00775227593462992,0.0479870611472297
PREPL,10.8783626190733,-0.712896101134163,0.267142868387073,-2.66233468366797,0.0077600677492971,0.0479934503658619
ARL5A,73.4039459767825,0.289937607783546,0.109000691049964,2.65960937967504,0.00782313235639548,0.0482993388960069
PRKAR2A,13.1513593283951,-0.669156878769239,0.251406895549495,-2.65969080094528,0.00782124160201667,0.0482993388960069
SSBP4,10.5160830210359,0.716252754224449,0.269065909203732,2.65755602346108,0.0078709507148478,0.0485523458517979
ZBTB2,16.6601886599922,-0.660394471083882,0.248556456712506,-2.65718075194754,0.00787971824470991,0.0485642357095836
ANXA7,106.464000591023,-0.335692895083224,0.126369201695986,-2.65681004661329,0.00788838768217595,0.0485755009049863
MYNN,13.9873602320817,0.579509768916044,0.218063272484621,2.65586535457071,0.00791051920305075,0.0486274340620436
GTPBP1,7.48533415258785,0.820537336222269,0.307862990385199,2.65614853774314,0.00790387917519092,0.0486274340620436
SNX20,28.4862686131667,0.411406929379294,0.155042579924273,2.65273045643043,0.00798436022267243,0.0490388906409812
THG1L,10.8627403623404,-0.653608822262762,0.246223554692622,-2.65010933281598,0.0080465726645555,0.0493782765067796
TESPA1,54.0818484075626,0.395502580477415,0.149287440784411,2.64814872611594,0.00809339107677269,0.0496226914033559
CAT,28.3301425787674,-0.530969793311759,0.200448124265467,-2.64645951580013,0.00813392406785903,0.0498281802258836
