gene,baseMean,log2FoldChange,lfcSE,stat,pvalue,padj
NOC2L,2.7173427985675,-0.635349770426917,0.475933892275057,-1.33290966122618,0.182561451695484,0.375301689366796
HES4,45.8388347639977,4.69360255812764,0.328136442516951,13.9937670767788,1.70154938524592e-44,2.94677416263043e-42
ISG15,3156.07271523253,5.85578374089564,0.365539260521617,16.0051874553469,1.17558628287381e-57,3.53603979295989e-55
TNFRSF18,0.680196174609107,-0.540230505805301,0.805672218839443,-0.674612326644773,0.499922099373003,NA
TNFRSF4,0.763005559017666,-0.437692465031004,0.819822902981189,-0.544406768924706,0.586161588841926,NA
SDF4,5.63332654244212,-0.184948155538877,0.340491211152636,-0.54316725844279,0.587014647449014,0.76628339656718
UBE2J2,7.27584143666658,-0.669728136772287,0.314182041372757,-2.12996725890098,0.0331743165358526,0.113328471032728
PUSL1,1.29996772962233,-1.60381581732127,0.706546073671641,-2.27412432565162,0.0229585124990778,0.085676905518861
CPSF3L,3.07572460748529,-0.774729481517741,0.478708226128539,-1.61499822438283,0.106311079393816,0.259201287856509
GLTPD1,0.973884955176047,0.566257927010435,0.758008611775019,0.755495819794547,0.449951539554916,NA
AURKAIP1,23.7959176849399,-0.543496277668328,0.213141503042067,-2.54937601057944,0.0107915877126252,0.0481986915963796
CCNL2,3.56902384054902,-0.545865943408585,0.409931738777499,-1.33073838681773,0.18327510747389,0.376227456613965
RP4-758J18.2,1.73956736104596,-0.109657826759789,0.576757124874736,-0.18979804161886,0.84946739056502,0.923474631363723
MRPL20,11.5569687768943,-0.578361269460039,0.255387528677584,-2.2639219610433,0.0235789149757504,0.0872190932598148
SSU72,18.8452008392499,-0.700157227993673,0.195104937159958,-3.58750904483317,0.000333852155385139,0.00265733296382461
MIB2,0.701931028436914,-1.02314820200792,0.747352337119739,-1.35330084179857,0.175959540388081,NA
CDK11A,4.0182024069145,0.332956833211627,0.402086876589148,0.828259847522908,0.407523357017396,0.619546420216754
NADK,12.5164817357738,2.9751528591186,0.335324659447218,8.72871660936661,2.57578739196141e-18,1.26901939181547e-16
GNB1,9.3275426147905,0.725118933165032,0.300907159284173,2.40830376653813,0.0160268396438818,0.0649138118814917
C1orf86,6.76712498073798,-1.20557693793943,0.344985660336844,-3.48739582415906,0.000487748899343582,0.00366774336809023
SKI,1.60106253694799,-1.28662332178501,0.603258116809479,-2.10656351317217,0.0351554322671761,0.118393220628705
RER1,27.9052155078309,0.0070986803299423,0.188321817235809,0.0376915822045007,0.969933587656982,0.983529179109236
PANK4,0.935621633678472,-0.454135872915948,0.690041455509057,-0.654445551804411,0.512824795216054,NA
RP3-395M20.12,1.50177335400073,-0.872118876443585,0.606469068054732,-1.43441698865856,0.151453302448845,0.331249760235418
TNFRSF14,13.1461745560014,0.314077558919021,0.256463601511002,1.22468665224245,0.22069330514894,0.425814395316068
WRAP73,1.99179404020086,0.0381773057426119,0.590478204513036,0.0646837720614069,0.948425783780189,0.972766215775983
LRRC47,1.64522854866728,0.176099435921004,0.583689419765798,0.30174653235471,0.762845292932171,0.87613763044762
CEP104,2.04721388034695,-0.191297390110608,0.54663422200795,-0.350768719899966,0.725761865864029,0.857190088522231
C1orf174,4.73721562709608,0.853972021958267,0.39506764286725,2.15847915573228,0.0308905973146806,0.107319005260425
KCNAB2,1.60025914278849,-0.95530412902731,0.618240679364019,-1.54205539745135,0.123060132313739,0.287643622156653
RPL22,22.0720549857752,-0.636616726047892,0.190629784139345,-3.33898499758453,0.000840851053464616,0.0059107795455723
ICMT,0.625600040869539,-0.688697559392649,0.829021851010844,-0.814788182431102,0.415193566546434,NA
TNFRSF25,0.877350137557804,-0.954269328952576,0.811357155508818,-1.18253890424755,0.236991938263139,NA
NOL9,0.192436827262566,-0.834474666982783,0.959895978416459,-0.890356534683213,0.373274473438342,NA
ZBTB48,0.929091930420584,-0.626668249063778,0.727243869001869,-0.860325341147962,0.389609727679645,NA
THAP3,1.71301177993725,0.580171324747203,0.566901636128122,1.02099878751137,0.307255013166206,0.527632932765886
CAMTA1,13.6951363615597,-0.182167189023532,0.276282671583896,-0.659476672460846,0.509589721061523,0.7082454416018
VAMP3,5.9176420125487,-0.1391802653648,0.328273777598701,-0.423811221994315,0.67170349332526,0.823976097431849
TNFRSF9,0.251354245019332,-0.449593396885527,0.951341045335685,-0.489894622925169,0.624208468185096,NA
PARK7,30.6720468252232,-1.2847300662526,0.193631202766893,-6.63184170477912,3.31524013207661e-11,8.02821921814314e-10
RERE,1.7166153013854,1.13764553183131,0.617611937920798,1.82579483725998,0.0678811712771639,0.190359535969695
ENO1,71.8173303945263,-1.392850157838,0.131422791225965,-10.5954670167755,3.12775883844492e-26,2.62869731789893e-24
CA6,0.333592192329333,-0.0808025333452739,0.966097078606003,-0.0907344779555344,0.927703574167807,NA
GPR157,0.457240303167769,-0.204715410245351,0.839831576191775,-0.245163784064122,0.806329616913649,NA
SPSB1,1.29837303344374,1.44088857973996,0.702561609973307,2.04666120828955,0.0406913605420881,0.132507763816543
SLC25A33,2.81542789170935,-0.743990721450153,0.495166441620337,-1.50260090380986,0.13294199019329,0.303932953586968
PIK3CD,1.02486543855513,-0.365447723968211,0.702653004299363,-0.52018845822998,0.602932228966431,0.778702302495628
CLSTN1,0.728120878827308,-0.799822456277999,0.766887478495623,-1.04014915357285,0.298270610180079,NA
CTNNBIP1,3.42115442421291,-0.852345084849173,0.431064576754291,-1.97328140223678,0.0484635105927118,0.150690404264063
LZIC,6.01204590510842,-0.514791373600599,0.389563460652802,-1.3226265292628,0.185959607353353,0.37955684143729
UBE4B,1.60746954278337,-1.20529519078321,0.646478639399198,-1.85760317266799,0.0632253876591269,0.181210175763245
KIF1B,1.78892258556517,-0.126768600992861,0.564425924927418,-0.224432258789321,0.822420971942072,0.908063341315483
PGD,7.46795390994063,-1.27017147978064,0.348599852434387,-3.63356226128189,0.000279534953687885,0.00226601739053371
APITD1,2.67036570348256,-1.31244966167172,0.861425904166515,-1.5370438824251,0.124282563686698,0.28919985809018
DFFA,1.85756005807073,-0.512295684497998,0.559333984062118,-0.915425787848299,0.359968145519985,0.578891879026584
PEX14,0.2103026241111,0.126454640273229,0.972414539663547,0.138243743069945,0.890047784995626,NA
TARDBP,3.3620817834408,-0.0367106272201664,0.452049137077975,-0.0813205652848013,0.935187019420927,0.965986509889873
SRM,1.89579065188069,-1.15051989671043,0.592843487606647,-1.93055574150499,0.0535380156055188,0.161683502413023
EXOSC10,0.958146845504058,-0.69355054830798,0.744359202793269,-0.927805574808749,0.353508431727856,NA
UBIAD1,1.19270976788991,-1.50813583476209,0.697404254619165,-2.13991680268471,0.0323614909429097,0.111480362108938
FBXO6,24.5312840075093,1.90110083417901,0.207476591355204,9.14325209533752,6.0601909847582e-20,3.49838297756496e-18
MAD2L2,6.78653981580123,-0.625765659339347,0.319918400331052,-1.95536897168207,0.050539535698712,0.155132138910563
AGTRAP,24.1016769170106,-0.059142482613105,0.190166712167994,-0.311010946005027,0.755792300310321,0.872772882657807
MTHFR,2.01222564320819,0.16164818606186,0.552609474991027,0.292603058652247,0.769825575582195,0.880262737985643
KIAA2013,0.605151567810604,-0.679506391433632,0.770026813028747,-0.868479331936822,0.385131982005553,NA
MIIP,6.25862169818216,0.814889195273429,0.363289583938237,2.23911956878554,0.0251481373263638,0.0919091450186101
TNFRSF1B,17.1657691671228,-1.01771462244658,0.225627960795992,-4.50781902882829,6.54974034656696e-06,7.57728058312352e-05
PDPN,0.0192862052863319,-0.121452525639683,0.882329557226585,-0.139683352219049,0.888910180443706,NA
PRDM2,2.43666173163722,-0.872105087916754,0.55886853619899,-1.55952550049279,0.118872053852995,0.280724705690028
TMEM51,8.82886122248135,-0.0267350693381711,0.300858714091421,-0.0888549308992707,0.929197201745779,0.963295049531734
EFHD2,16.1474747183222,0.0775497564241977,0.216262025080949,0.358537586196065,0.719941045165614,0.855108274049107
CASP9,0.71978525705406,-0.316476650874506,0.729860424905058,-0.430166772847077,0.667074330435958,NA
DDI2,0.496147063889147,-0.679535498711401,0.868352713301438,-0.782055434900273,0.434181995684361,NA
PLEKHM2,1.60701603964524,0.527668342364349,0.588506677174296,0.895979608988886,0.370263653873302,0.588676273144583
RP11-169K16.9,2.48427156085102,-0.248347964682278,0.535921564044646,-0.463098324533804,0.643293890911028,0.804117363638785
SPEN,3.86612271483426,-0.931769771908471,0.405726611753564,-2.29068341426097,0.0219817305756278,0.0827028243842746
ZBTB17,2.21876455327476,-0.175724868785003,0.537132313050347,-0.328011105188432,0.742903266020204,0.866998604309877
FBXO42,1.30476936736951,-0.632153046371221,0.650160197735082,-0.969903166103041,0.332094761763544,0.553652731469853
SZRD1,11.3186011819987,0.743843367613709,0.308599250422368,2.4092291497554,0.0159862570669691,0.0647953610905876
NECAP2,24.7440249184423,0.602793432820391,0.190995058498771,3.15556012280515,0.00160190247298059,0.0101720807034267
CROCCP2,1.33670882493831,-1.23373434374391,0.713573256278137,-1.72981366912646,0.0836635714448068,0.220304882180837
SDHB,13.7240382623047,-0.282722204856588,0.22214906060502,-1.27261273899523,0.203155495885718,0.402657780673178
RCC2,1.18936158786151,0.160548539443644,0.653190783093741,0.245560570726801,0.806022414731442,0.898988700271309
ARHGEF10L,1.95814908095835,0.514809799010897,0.57296684537071,0.893809220888951,0.371423974768644,0.589635559945222
UBR4,1.62092654223802,-0.347992838695841,0.668142983552636,-0.517775172238772,0.6046151427876,0.780170589530624
EMC1,0.705143301344868,-0.985255800143453,0.817682377887097,-1.22101777824203,0.22207928859656,NA
MRTO4,0.351108553056053,-0.0205943698143622,0.892645523279534,-0.0237390535488097,0.981060754547508,NA
AKR7A2,1.93540088369039,-1.73943817215967,0.588240084675455,-2.90664524701594,0.00365327249796305,0.0199602794702283
CAPZB,44.1637811916281,-0.696701869811776,0.175046763955746,-3.97974306138989,6.89897915765914e-05,0.000658224806110551
MINOS1,19.089202819365,-0.381890040286144,0.218495531918938,-1.74765562316281,0.0805236774183659,0.214442132547046
MUL1,1.90418216847817,0.387004281184107,0.548967610360114,0.704309756413143,0.4812398917592,0.685622372711218
CDA,2.2653417772879,-0.941477881699853,0.65341240898828,-1.43807101225056,0.150413906486881,0.330240290269889
DDOST,7.09983554394272,-0.627410550604693,0.330920549358271,-1.89572085268748,0.057996966427962,0.169928222382263
HP1BP3,11.1466688654181,-0.259998780968901,0.255805700662928,-1.01645265685202,0.309413881355686,0.529497366864562
ECE1,0.701642991697805,1.01292925689989,0.760469843672416,1.31419402899993,0.18878091736878,NA
USP48,1.96064951840605,0.235509002077612,0.538313650919267,0.436741306103083,0.662298969449127,0.818740776638928
CDC42,40.8644660492884,-0.0982632689922267,0.182706997353636,-0.537806721084693,0.590710491393942,0.768649922203183
C1QA,9.57657657756505,1.82509648742013,0.432109256660009,4.20769324875969,2.57990750104107e-05,0.000267104553776263
C1QB,14.0409773918271,1.6146329958511,0.579024658270096,2.78535049962476,0.00534698904540962,0.0275100634060096
KDM1A,0.797110936344905,-1.01546539239319,0.766973446143387,-1.31997767515039,0.186842471785474,NA
LUZP1,1.95350525339062,-0.945775046041043,0.576399285536112,-1.6274042199477,0.103651275869758,0.254635574573459
HNRNPR,14.6849745423305,-0.742395237011726,0.227130789457417,-3.26706056753119,0.00108670428285418,0.00735843006695695
ID3,9.53115950916643,-1.60849522032079,0.463951745976715,-3.4590138852554,0.000542156954381098,0.00401871205484822
RPL11,389.043089509332,-0.23630585202835,0.0920407377690254,-2.5674037920913,0.0102463218160886,0.0462906950031196
TCEB3,3.26677889053687,-0.508022742340225,0.495451193689118,-1.02557050530077,0.305094076060665,0.525659525078896
PITHD1,4.31584933717875,-0.869943462103548,0.398537560589094,-2.18009295515239,0.029250571873142,0.102682443645582
LYPLA2,4.06546999106728,-0.401087666921819,0.424233546221047,-0.946115462691815,0.344089697864362,0.563620700285133
HMGCL,2.26545604365509,0.455460240261968,0.518293807273562,0.87790489740943,0.379995331255023,0.596084201760176
FUCA1,7.06607432109044,-1.89219528176686,0.433916847859847,-4.3298024406734,1.49243171204596e-05,0.000162558522268084
PNRC2_ENSG00000189266,3.5917182447292,0.931562545611599,0.475522862842825,1.95363151248939,0.0507448110992558,0.155666449507379
SRSF10_ENSG00000188529,4.05695423556511,-0.267472597162791,0.452490347177464,-0.592157807190839,0.55374492020334,0.740442727880695
NIPAL3,0.565995511013981,-0.193310732545131,0.807803656889624,-0.237133390315173,0.81255330927336,NA
RCAN3,1.17242223857683,0.594269347556971,0.681070209817299,0.868176981296442,0.385297453535802,0.601468163604783
SRRM1,13.74116813529,-0.426245992585801,0.261305872270537,-1.63063760519087,0.102966809350233,0.253426061772859
CLIC4,11.554562132181,1.15243365902168,0.307036238772946,3.74839368927796,0.000177970744895934,0.00151806389116457
RUNX3,5.55095485434313,0.535477431184553,0.421049490660053,1.2711201458079,0.203685909370009,0.403488725147176
SYF2,33.4473035977022,0.223258062810438,0.161405608455813,1.38317369812813,0.166611612424531,0.353053527996363
C1orf63,33.0345560660703,-0.101372474168666,0.162874582323802,-0.622369940162601,0.53369864157469,0.726066600044531
TMEM50A,77.1264286582144,0.893980559985183,0.126394358803549,7.07192001911402,1.5280449031381e-12,4.38832996051972e-11
TMEM57,1.10679700476837,-1.38439966452731,0.697135051256191,-1.96706515378324,0.0491756999130783,0.152225365936971
LDLRAP1,0.33506934636078,0.158102986190064,0.870412565865428,0.17954453961544,0.857510147923849,NA
RP1-187B23.1,0.450278966628295,-1.42457970978003,0.900184717664791,-1.56530521068195,0.117511361949839,NA
MTFR1L,2.01192353475745,-0.152186413323743,0.519599895764226,-0.292757176260098,0.76970776314799,0.880262737985643
STMN1,1.59788132217007,-0.955687996666892,0.688742579773385,-1.39258283500752,0.163745976616223,0.349037549396165
ZNF593,1.92413701175875,-1.2729048365002,0.574112069919753,-2.19591303641753,0.0280981684600857,0.0996843415287342
SH3BGRL3,339.136076115545,-0.616932294466209,0.124224220611058,-4.96633391511894,6.82304338165879e-07,9.19662569013679e-06
UBXN11,3.7078411752099,-0.501514843878321,0.48607137366059,-1.03134338599331,0.302379819491463,0.523128041083802
CD52,24.3629449555946,0.108655616505199,0.329110120428101,0.330008067240598,0.741393866508896,0.866298496646563
ZNF683,0.054604941241844,-0.00744418067932987,0.882614067734749,-0.00871705621386015,0.993044883514575,NA
DHDDS,0.736800825107635,-0.481970917079949,0.753538777517824,-0.638123307314758,0.523393415620078,NA
HMGN2,4.00278038401117,-0.0906882459390638,0.413990301977678,-0.218817296372394,0.826792372808054,0.909201156551478
RPS6KA1,4.28991640311173,-1.50103903354109,0.410722526033519,-3.6321367174103,0.000281084125786356,0.00227534812870966
ARID1A,1.72902661719597,0.0169430885725502,0.577070619415469,0.0293740045530096,0.9765663052175,0.987372759898179
PIGV,2.06869549973941,-0.185264422924369,0.606557578937588,-0.305503278454249,0.759982873405313,0.875752495942107
GPN2,2.97384855454701,0.00766222921281949,0.446001793043973,0.0171866090498688,0.986287745043117,0.99331775562777
GPATCH3,1.64069706080497,0.454539674803086,0.632021084679371,0.718188659341075,0.472640969507499,0.67854339075442
NUDC,14.8056686866037,0.0556431192804322,0.239478169920563,0.232290495210276,0.816312394285634,0.904062354123894
TMEM222,1.78066391355585,-0.76186840786442,0.605334231148824,-1.25430984467,0.209729407037309,0.41062129538137
SYTL1,0.525117707316919,-0.45780577726854,0.866394389206428,-0.534588515761452,0.592934426613428,NA
WASF2,23.2703121605413,-0.136650485073707,0.207660367285378,-0.658149817071565,0.510441867350543,0.7089125812657
FGR,11.6003331077299,-0.629618875098363,0.295723287181785,-2.12908919311827,0.0332468817049648,0.113504139154047
IFI6,276.87515901118,3.92121304157212,0.248043045812204,15.7825912136678,4.10004743074564e-56,1.17158855333557e-53
STX12,5.9282138205506,-0.316776294279801,0.334973958179784,-0.945494897531739,0.344406274560355,0.563977610060868
PPP1R8,2.54257667240352,-0.635302626045601,0.528249696682839,-1.19990085038696,0.230177849678634,0.438359747944223
THEMIS2,24.1350026325899,0.476971523608114,0.217473835278931,2.19261290537531,0.0283352805167108,0.10020800009468
RPA2,10.3842994555287,-0.658088388160658,0.290313575628284,-2.26664238597716,0.0234120805878219,0.0868267622059717
XKR8,1.44570356504691,0.315263932902646,0.715574096660496,0.438872850068715,0.660753670232767,0.818248422117895
PTAFR,1.97875202877694,-1.11249576568933,0.648891762226835,-1.70807453926348,0.0876225124923022,0.227722900815601
DNAJC8,18.6569383002209,-0.0961743538871964,0.19361051773631,-0.496736689048764,0.619374746268202,0.790583175916492
ATPIF1,8.03345109983541,-0.856221692977401,0.317134641455142,-2.69860763977374,0.00696302160275992,0.0338094039590254
SESN2,0.597055467508789,-0.286191602347374,0.86207244746316,-0.339226521915802,0.734439090953585,NA
MED18,1.09057628621242,-0.732294008300178,0.757691889482218,-0.962842111377851,0.335626763966241,0.556618385393809
PHACTR4,1.24122617626528,1.39778669512967,0.65438270455315,2.10373657070102,0.0354014324915955,0.119011286287923
RCC1,0.0192862052863319,-0.121452525639683,0.882329557226585,-0.139683352219049,0.888910180443706,NA
TRNAU1AP,3.34204585712551,0.254816541492694,0.459096106075747,0.554057724966523,0.579539340845766,0.760520627539277
SNHG12,0.664876767521628,-0.404093279554486,0.784738964962527,-0.518569966076858,0.604060657662717,NA
TAF12,11.627774359258,-0.359324482816413,0.249477586692781,-1.44041282853583,0.14975063636091,0.329036865360476
GMEB1,3.43812382913049,-0.13295622369345,0.434286899178286,-0.306159733877111,0.759483028947209,0.875752495942107
YTHDF2,8.71338831044168,-0.123013609806376,0.285728089596511,-0.430626709682423,0.66673981697248,0.821919338653521
EPB41,1.42259113385705,-0.558268671050414,0.631591312953446,-0.882141109417821,0.377700503677407,0.594052118973313
SRSF4,9.32310395212393,0.952986083263104,0.289403332862375,3.28936815207397,0.00100412589103869,0.00684794685833667
LAPTM5,183.035073427194,0.330036241263192,0.123777303407819,2.66642086298568,0.0076663653222551,0.0366025712754285
PUM1,2.13922443185002,0.728737079226152,0.548090812486558,1.32480419737951,0.185236102303005,0.378665239587986
SNRNP40,7.44309945047751,-0.532492642096298,0.326042681515713,-1.6328980441452,0.10249044157854,0.25257993687855
ZCCHC17,3.15420249335277,-0.522336575152166,0.443012590976952,-1.17848883097461,0.238601782446197,0.448839192955836
SERINC2_ENSG00000168528,1.36863334468021,-0.30393678936273,0.633750174295176,-0.479425504508812,0.631635953008386,0.79718088935343
PEF1,10.7527485841519,0.434626430588668,0.276373785627273,1.57220263650023,0.115903564209926,0.275765557643517
PTP4A2,19.690739907451,-0.418572037040254,0.2347476589578,-1.78334670554789,0.0745298829188377,0.20341538390505
KHDRBS1,22.6418347768141,0.185603147872196,0.21010297667567,0.883552205960452,0.37693798889924,0.59377083973516
TMEM39B,0.548868589509426,-1.28099958087933,0.827707772338309,-1.55244980444526,0.120554634382657,NA
KPNA6,2.14754744484273,-0.939309072242359,0.584709405286782,-1.6009583098158,0.109386153283053,0.264657090835774
CCDC28B,0.243195712181243,0.607114073843571,0.973273277316026,0.653001947527549,0.513755022979034,NA
TMEM234,2.38318062089095,0.166418985646247,0.514553161999989,0.323938329059078,0.745984724860037,0.868289756125277
EIF3I,15.7426272101681,-0.797213209887167,0.228474846991733,-3.48761804609476,0.000487343736839653,0.00366774336809023
LCK,1.45728713119829,-0.178925882947715,0.588538663210804,-0.303700608824634,0.761355994123978,0.875873364523782
HDAC1,5.5105716790092,-1.39681099455241,0.385467892209462,-3.60876113533176,0.000307662724319583,0.00246259449507901
MARCKSL1,89.9179528665718,-1.00523792888819,0.260988442315659,-3.85206858850684,0.000117124204085091,0.00105912156067452
BSDC1,4.04621590580886,-0.269323373652074,0.423679238407767,-0.63648726557899,0.524458878480826,0.718600453252917
ZBTB8OS,6.02044540217313,-0.353396390934553,0.343023556667451,-1.02998601309012,0.303016571464507,0.523772579872873
RBBP4,5.51826162210718,-0.48904500222209,0.376236161411147,-1.30080067123213,0.193326692165521,0.389859578590667
YARS,1.29277134269718,-0.467097119206505,0.640970356620282,-0.729060322848959,0.465964763752993,0.671793295874964
S100PBP,0.554991389289039,-0.663658678265356,0.813971742653849,-0.806625134154818,0.419882488593326,NA
RNF19B,8.24322438553532,1.24290523917445,0.323767215071598,3.82957305518937,0.000128365772163672,0.00114091817716234
AK2,4.26369032582878,0.481261293329228,0.4213365875365,1.14081586895669,0.25394655546624,0.469525902455374
SMIM12,12.366759283915,-0.124641140947363,0.246509698091644,-0.50563843869136,0.613110492096908,0.786207378373018
SFPQ,12.7641108799156,-0.419815823851879,0.296009510220073,-1.4187175554491,0.155981376961618,0.337994018887833
ZMYM4,1.21509971538361,1.05317362199574,0.649410167472444,1.60634364172994,0.108198426438047,0.262236644229619
KIAA0319L,1.05181397454464,0.917420435992995,0.680214488534153,1.33121606678489,0.183117926247315,0.376175035407407
PSMB2,27.4945984907987,0.150203035568078,0.19753553310924,0.760264794040404,0.447096321538533,0.655840728334886
C1orf216,0.833358963651693,-0.901425288418867,0.773108130698029,-1.1800979757598,0.237961249632487,NA
AGO3,1.83806889356584,-0.173759069206616,0.5512041147602,-0.315637646838006,0.752277559316232,0.870461596432318
ADPRHL2,12.2039986809305,1.46498208940788,0.263778449120774,5.54100580557847,3.00739246017267e-08,5.08498458872391e-07
TRAPPC3,17.1205647051382,-0.141388928896077,0.215745876910226,-0.655270018906309,0.512293920256635,0.710600908384866
MAP7D1,8.73649443618899,-0.270620084526925,0.319356257500441,-0.84720847219627,0.39687893205837,0.612024580872527
THRAP3,13.3283724597413,-0.208100308704575,0.249416890862376,-0.83419871625076,0.404169014437058,0.618096311883272
STK40,3.96710572620349,0.455484441159577,0.441092513988485,1.03122604648571,0.302434829001029,0.523128041083802
LSM10,13.374486754169,-0.158829375188992,0.253478455411864,-0.626656969798116,0.530884115886437,0.723242603645051
MRPS15,4.45448905828039,-1.60688824338005,0.426273982584655,-3.74469904597599,0.000180610141978153,0.00153371019525281
CSF3R,4.41547731006357,0.90478807928109,0.394970673808507,2.28506108358615,0.0223092463036751,0.083730877291084
ZC3H12A,2.40398075029167,-0.0881793072926632,0.513609908220403,-0.1718338489509,0.863568153687199,0.931294386789569
MEAF6,7.55269289788379,-0.375165557953002,0.334752729012696,-1.12061738713445,0.262450760741958,0.47973673765751
GNL2,3.55004480293241,-0.585607721275008,0.433935031368538,-1.34893538487225,0.177357721362976,0.368715670276248
C1orf109,0.393226012872095,-0.760551208486082,0.89656909097823,-0.844307534492256,0.398497576894662,NA
YRDC,1.40291073143502,-0.993957575907369,0.643538446480927,-1.53902022647802,0.123799358418961,0.288450679799591
C1orf122,12.0643072299354,-1.38993828007127,0.339683127950226,-4.08549038572801,4.39838219074632e-05,0.000434891941524485
MTF1,5.34032669893611,0.0226453970779217,0.354755771510338,0.063821374390158,0.949112458650259,0.973121223750669
SF3A3,2.84053594893965,-0.887952320986775,0.509068764919249,-1.74112298457036,0.0816620232595955,0.216592245496609
FHL3,3.14080799161219,-0.512172085701491,0.555241531094652,-0.924645358251738,0.355150410916815,0.573195311603953
UTP11L,3.95332354079523,-1.4983905450298,0.439180379609565,-3.38619605579981,0.000708687331775314,0.00505005997642883
RRAGC,18.2146698610889,1.16850212932705,0.22733647209518,5.13495190663828,2.82216183256082e-07,4.08320376533799e-06
MYCBP,2.51496962303421,0.159427103631666,0.490218965835313,0.325443099301985,0.74484574072326,0.867545579307762
AKIRIN1,7.6975577617381,-0.363816541167544,0.341379899671569,-1.06557032184228,0.28661792106797,0.505250283437214
NDUFS5,19.3518679414689,-0.597875068193878,0.19752162210236,-3.02644695547308,0.00247446233177562,0.0145939651456116
MACF1,1.58908041460855,-0.343832427060506,0.608904424081531,-0.564345933847628,0.572518726387721,0.754537719057374
PABPC4,8.6754293299764,-1.19002909179591,0.312193376574822,-3.80583489615121,0.000141326639849189,0.00123687863206449
PPIE,3.04697085480791,-1.41172113931201,0.497705715750227,-2.81704603032581,0.00484675788517414,0.0255057286498805
TRIT1,0.339955740775193,-0.260509176382514,0.893949670659113,-0.298546055395632,0.765286430650311,NA
CAP1,51.2989989871604,-0.244018323146278,0.189441298439498,-1.28807410390088,0.197720168790336,0.395232866259801
PPT1,10.8699872859898,-1.31141884694795,0.315290759909105,-4.15525267210995,3.24928261480177e-05,0.000331600895421288
RLF,1.61517321138768,-0.209480239785561,0.594342938512905,-0.35294667208094,0.724128420304735,0.856173838063972
ZMPSTE24,2.35346369795054,-0.847703751235416,0.514135788139757,-1.64275933686406,0.100432736500093,0.248968990324635
SMAP2,12.5053725936983,0.95351491319821,0.268692917117483,3.54430688154021,0.000393646766698376,0.00305664574956687
NFYC,5.06341077614818,-0.242038269919745,0.352708678262931,-0.68624528998041,0.492558442457757,0.694691561567404
CTPS1,0,NA,NA,NA,NA,NA
PPCS,11.215748037777,-0.0498549886230988,0.347790828367719,-0.143201214082783,0.886131271005626,0.944370509468282
PPIH,1.62620309588783,-0.802054289805164,0.606078510525041,-1.32028887891032,0.186738587193534,0.380382460072085
YBX1,187.943272606083,-0.879613221145879,0.127943345273129,-6.87474246004068,6.21019496247776e-12,1.64311408382224e-10
C1orf50,3.77443211138514,-0.340861343881226,0.484972829934066,-0.70353273332929,0.481723814919328,0.685622372711218
CCDC23,17.6896147562739,0.0162218238105734,0.220325433852816,0.0736256866483597,0.94130823161498,0.969817296498939
EBNA1BP2,1.75106490334774,-1.46123760322599,0.619421703536164,-2.343658230881,0.0190956604767233,0.0743910699553333
ELOVL1,6.96358663806242,-0.279384970692566,0.342074441594105,-0.817147395549165,0.413844200357664,0.624536468192249
MED8,8.91692921026169,-0.206542604184349,0.292417621605129,-0.70632625611775,0.479985268913485,0.684410132694752
DPH2,0.174597492234213,-0.66775256201841,0.97333582070756,-0.712697402246507,0.476033024320107,NA
ATP6V0B,134.926714440517,-0.571120510502391,0.110276310611976,-5.17890120541355,2.23196624677059e-07,3.30458215033521e-06
DMAP1,2.27880585325779,-0.616773760799872,0.563977590890086,-1.09431336367176,0.273817566221824,0.491632859238995
ERI3,0.977670782536016,0.24592868069613,0.692865725817873,0.355681944214361,0.722078768368496,NA
C1orf228,0.436870134536023,-1.5955468174365,0.910450968780951,-1.76890340360644,0.0769099961054964,NA
RPS8,179.485690885459,-0.275755490544589,0.131532308900328,-2.09651197012598,0.036036799194186,0.12065044369934
PLK3,7.42686929124976,-0.311863284766296,0.3657578108922,-0.853200636718519,0.393548050359693,0.60885953107895
EIF2B3,0.300504003736578,-0.955999520893824,0.951903557498154,-0.991494047823777,0.321444397350771,NA
UROD,4.66654111640267,-0.718395101029888,0.392901353088819,-1.82837373953512,0.0674934797813463,0.189708472455989
MUTYH,0.574796208323063,-1.14868811235463,0.871800527485188,-1.35897316378266,0.174155092723358,NA
TOE1,1.05453449057161,-0.79100110170473,0.765200402312687,-1.03465356070768,0.300830730939773,0.521820411393787
PRDX1,87.3723501287996,-0.227097350226137,0.158585457201116,-1.43199744505958,0.152144552514037,0.332507119547885
AKR1A1,23.1180601150958,-0.140920029464294,0.192664483048757,-0.731316069438377,0.464586117354108,0.670482237545134
NASP,7.28872004322071,2.00496910459871,0.372781282069693,5.33266583916116,9.67813124402662e-08,1.52370578676617e-06
GPBP1L1,3.8506357402262,0.0123125389750616,0.401141014708971,0.0306560912667514,0.97554380878185,0.987116300847782
TMEM69,2.133277978667,-0.15745627158758,0.54198034941999,-0.29105699344824,0.771007730884056,0.880545857313076
LRRC41,2.25714644705867,-0.0981733863039557,0.523531171912883,-0.187539815571664,0.851237409121327,0.924519534992091
UQCRH,24.0885203287437,-0.363743502607158,0.195998664912824,-1.85561225959945,0.0635088449852182,0.181749148267663
MKNK1,2.73796233363457,-0.410172341405091,0.561461834180661,-0.733704005928275,0.463129156500203,0.669341514966
MOB3C,2.33703877545983,1.83264501046257,0.55793253275492,3.22983936623235,0.00123859786815561,0.00817388777887911
ATPAF1,0.799341509839316,0.829297966373093,0.742359909469804,1.10787904910302,0.267914054845446,NA
EFCAB14,3.24808341064208,-0.255387963845773,0.447693930954352,-0.570715143566501,0.568192751838805,0.75149770348502
CMPK1,7.62005723622702,-1.23872846150806,0.358611675977571,-3.44577926500602,0.000569415271756524,0.00419356736867079
FAF1,0.884743894438632,-1.20658898133397,0.740614345694329,-1.61612269270854,0.106067788812178,NA
RNF11,7.66379723085805,0.132869602938075,0.307098942790301,0.432704579865795,0.665229402187183,0.820765551273694
EPS15,2.40115601058338,0.0975062711770202,0.507345246946077,0.192183077448029,0.847598801063473,0.922320477547172
OSBPL9,1.92598503273581,2.06878850091263,0.596619203586849,3.3803239574376,0.000724004385666049,0.00515278339238041
NRD1,7.74623623849422,-0.443646088503461,0.314223431214811,-1.412203777571,0.157889968545421,0.340638473727628
TXNDC12,12.0868602846345,-0.402389414048375,0.248430063629872,-1.61951600699073,0.105336285252974,0.257593868301561
KTI12,2.80401670147472,-1.11810257544193,0.708028048272557,-1.5803990939664,0.114015498937891,0.272689418765961
BTF3L4,9.72408629242263,-0.105218197267732,0.275324952692976,-0.382213265536659,0.702303183001756,0.844397231969896
CC2D1B,0.824537066468783,0.129525799007976,0.793815683997572,0.167303506992786,0.86713124485117,NA
PRPF38A,7.30884661190212,-0.0127692412544061,0.295644665804992,-0.0431778625697277,0.965559751738301,0.980490818744594
ZCCHC11,1.92660460934514,-0.314681624775417,0.558662094645461,-0.563451656628782,0.57312737037699,0.75505369333898
GPX7,0.410376641032741,-0.763166737863982,0.868920553472019,-0.888076450140141,0.374499629385141,NA
FAM159A,0.897771879746776,-1.28723664274826,0.808626196695688,-1.59043769357706,0.111736179549772,NA
SCP2,5.96676744516473,0.032211512311513,0.397832728866281,0.0809587611219041,0.935474748660752,0.965986509889873
CPT2,1.92182483377704,-0.0158192818974175,0.543433977950423,-0.0291116373816123,0.976775554444128,0.987372759898179
C1orf123,3.42593155175111,-0.372602960762828,0.442971625803649,-0.841251329183919,0.400207150524811,0.614009091342093
MAGOH,16.823380424982,-0.116486928412101,0.221035967974129,-0.527011905413936,0.59818532095852,0.774672682988758
YIPF1,3.21013177845582,-0.211355653212218,0.542894460786421,-0.38903854574253,0.697247632639042,0.84155654076708
HSPB11,6.98425068668076,0.459279137351698,0.344371102341461,1.33342689263418,0.182391752030047,0.375222772804794
LRRC42,1.6353378019421,-0.725218662916144,0.655904883841737,-1.10594901885978,0.26874858618297,0.485642270823193
TMEM59,72.8104902941935,0.0420264755673459,0.119099379069934,0.35286488858129,0.724189734593393,0.856173838063972
MRPL37,2.50905296541555,-1.19380436978085,0.503961361565417,-2.35408981800243,0.0185681238790056,0.0727325757152275
SSBP3,1.91841052766967,-0.568692735742349,0.60748221335614,-0.939898945241467,0.347269398428652,0.566781826804869
OMA1,2.09133675462596,-0.17923433939581,0.572458621419188,-0.313956160162869,0.753554335537403,0.871068573542932
JUN,12.9297130462878,-0.708899647753257,0.363146118826859,-1.95533545051843,0.050543489527816,0.155132138910563
TM2D1,5.23474566989705,-0.49073838243046,0.36846211012093,-1.3299317365811,0.183540763713975,0.376637509739809
L1TD1,3.68730664096985,-0.135972305992646,0.502470132877985,-0.271055058428968,0.786348686187651,0.887787977392814
USP1,5.7667134583494,0.591451343319509,0.35169436239628,1.67929043111475,0.093095454978526,0.236891460103704
ATG4C,0.58450906819161,-0.407004840091799,0.862804390388134,-0.503215652293753,0.6148126612748,NA
PGM1,0.398944062650751,-0.0368620148774808,0.893136875083606,-0.0427644565759338,0.965889297598649,NA
JAK1,34.6435053319115,0.20178838765429,0.171103285369481,1.17941642445003,0.238232398139487,0.448457114677967
AK4,1.09557943225475,2.53545127184128,0.811799817230911,3.16434374331764,0.00155433099484299,0.00991406432536569
LEPROT,16.4814701896191,-0.100705910940783,0.236056195793787,-0.42662474895161,0.669652668531135,0.823378872774406
PDE4B,8.41417425702219,1.10629824138256,0.297049173981517,3.7170026300169,0.000201600345544377,0.00168196492669506
MIER1,9.01790656703313,0.447538521456311,0.400599083778309,1.11932305970651,0.263002341627732,0.480056972980674
SERBP1,10.2458312775011,-0.508633460410582,0.258475437537256,-1.96740954068372,0.0491360153208441,0.15220180355481
GADD45A,0.517844315712114,-0.355964452508904,0.892098764066285,-0.390929859566478,0.695849082039453,NA
SRSF11,13.4078761350394,-0.364138743154289,0.259173820603699,-1.40525594493001,0.159945183569976,0.343383442562891
ANKRD13C,0.728021533447786,-0.425638831828499,0.834579506349534,-0.499264886994657,0.617592788144357,NA
ZRANB2,8.0151493414325,0.601679217338472,0.301200697181798,1.99665979749115,0.0458621521824657,0.144323795420531
TYW3,0.833149950042917,0.269021950015131,0.876641611591303,0.299685683343505,0.764416920008227,NA
ACADM,2.53336182612259,-0.509846027687077,0.486226433045833,-1.0478698476141,0.294698576064426,0.513476329941522
RABGGTB,2.67673332362728,-0.747186205681773,0.468085370323144,-1.59208056294094,0.111366603840046,0.268209077516166
PIGK,0.85813800233519,-0.115021312106162,0.771025305225839,-0.151215132138883,0.879806013833915,NA
USP33,2.54602527599095,1.14610427954782,0.605418212705044,1.87329694479107,0.0610273915427653,0.176721764148697
NEXN,8.71111312506824,4.08577115094721,0.486885591383704,7.90500242234898,2.6792838949283e-15,1.07077674542065e-13
FUBP1,7.21801573320386,0.420723698858169,0.315341417659696,1.33320927147805,0.182463137605897,0.375234556105687
DNAJB4,4.6444150269741,1.93037693899264,0.444846570215154,4.2874331764866,1.8074960615134e-05,0.000194169924653178
IFI44L,51.9932002959762,3.7356474225899,0.350972587027836,10.5607400927216,4.53075419322124e-26,3.69903717346562e-24
IFI44,27.7041553751091,3.06360850005197,0.292232008901395,10.4074976782185,2.29166186737193e-25,1.79408870849734e-23
RP5-887A10.1,0.0628635903131331,0.0674168058199645,0.882413679742461,0.0835247909725053,0.933434265916411,NA
PRKACB,0.329221846243222,-0.61548543932658,0.966532042465396,-0.656136971969145,0.511735997831082,NA
RPF1,3.45582657126408,-1.03795784634429,0.449339870542175,-2.30381502657848,0.021233029245827,0.0805755392695228
GNG5,114.5848858371,0.828974922899181,0.105616446591376,7.84835404003916,4.21532831134439e-15,1.66142077926436e-13
CTBS,7.15739757168866,0.442399217755349,0.331401893496167,1.33462118340627,0.182000361281169,0.374957485480131
MCOLN2,1.09977404785439,2.04155387798069,0.782102690817027,2.61648921512546,0.00888391707782048,0.041143910939825
C1orf52,5.61745694374134,-0.0582359312173598,0.336034453911457,-0.173314231251275,0.862404438046437,0.930634698533873
BCL10,6.28139050551656,0.230083075055144,0.349161163732383,0.659124287482028,0.509815960601816,0.708387603899678
ZNHIT6,0.0754885811226386,-0.043924244665029,0.905614982227333,-0.0529209266509279,0.95779491070174,NA
ODF2L,4.29173935426241,1.98532051847509,0.474608360717623,4.12362753900129,3.72951798578218e-05,0.000376575888493731
SH3GLB1,36.0814072695016,0.912303737559665,0.163789340355231,5.56836641003271,2.57138659057087e-08,4.39829496775184e-07
SEP15,17.9917844030428,-0.397022206616939,0.204986165454499,-1.93663642229912,0.0527898024503381,0.160182600397037
LMO4,7.54650130370782,0.914767780541941,0.332118506895178,2.74842175031015,0.00598829266274182,0.0300202566382189
PKN2,5.78268455869536,0.580412924839051,0.350580672164703,1.65475348165964,0.0979745135865301,0.24545295965598
GTF2B,21.9938500457492,1.88343268664185,0.257556184101962,7.2965897059017,2.951530882299e-13,9.21748578816328e-12
CCBL2,1.45018467852268,-0.416536425953028,0.648581943329096,-0.641151006368066,0.521424577625686,0.717376010577038
RBMXL1,1.63595346521321,0.023801510660819,0.597957266256091,0.0396899628079313,0.968340303891914,0.982610944023844
GBP3,21.2716286789195,2.04766468743279,0.275392507151038,7.41386953167187,1.22666599672108e-13,4.05186631113721e-12
GBP1,258.269236850857,2.06413149506788,0.155726695521745,13.2517805145697,4.40623892027689e-40,5.85619893706569e-38
GBP2,89.5176994126579,0.358037075621289,0.165191036422084,2.16739062613146,0.030205081422501,0.105257341664386
GBP7,13.8864709752465,1.63318383977232,0.426611100350857,3.81755150995562,0.000134782652993338,0.00118687652058078
GBP4,79.2610322611498,2.06326269927438,0.190085666416491,10.8453422704421,2.09848923604953e-27,1.84505630523432e-25
GBP5,82.7256793662989,1.65406288135217,0.223004475254208,7.41311812800726,1.23363908685542e-13,4.05186631113721e-12
LRRC8C,2.08975059376575,-0.895900917598417,0.545280261296696,-1.63677218559127,0.101678079523043,0.250913218031721
LRRC8D,1.93123603736371,-1.10018565643817,0.710144565106783,-1.53833858509195,0.123965850077553,0.288670175562878
ZNF326,2.52114608233043,-0.882069326012113,0.534851786755448,-1.64125583182806,0.100744320419309,0.249244065452966
ZNF644,1.82771190381959,0.362220679513279,0.616726765694562,0.587157925625032,0.557097647032238,0.74284018963818
TGFBR3,0.022234463984498,0.0533755459353163,0.882373220600533,0.0617632295587708,0.950751386117848,NA
GLMN,0.370063231908866,1.08870853119879,0.87742479571299,1.21234898107551,0.225378821698432,NA
RPAP2,1.15246535224244,-0.143284160341554,0.643766269707884,-0.221740481971601,0.82451591442542,0.909201156551478
GFI1,0.126310826850225,-0.053318509533267,0.971912081109566,-0.0543997451460377,0.956616681899812,NA
EVI5,1.71428451828578,-0.8813536304935,0.609847039196416,-1.43681134708645,0.150771605313961,0.330463049176598
RPL5,67.9822436043937,-1.33773096810119,0.202436598207173,-6.60780057250384,3.90071656817787e-11,9.37802815258564e-10
MTF2,4.50470310013148,-0.102630468410988,0.390322417865058,-0.262773119875904,0.792725454872307,0.891186645301147
TMED5,10.2477371894657,0.0625836972453713,0.282749365869553,0.221308411537556,0.824852300898486,0.909201156551478
DR1,7.07566023300065,-0.227619623786209,0.347490914137274,-0.655584827830254,0.512091290195928,0.710600908384866
DNTTIP2,10.8157924663049,-0.642217362807126,0.298239920257993,-2.15292338475654,0.0313247003161558,0.108563166953808
GCLM,4.71058110417379,0.733498735659722,0.380397694730062,1.92381544476515,0.0543777207900214,0.163648591003145
CNN3,0.0657133220577737,-0.224825752553085,0.890564247536717,-0.260183996448004,0.794721848252124,NA
SLC35A3,1.03717494925885,-0.183866096075982,0.741989111984858,-0.250531471270334,0.802176369966555,0.896226010512773
HIAT1,7.71994741707807,0.746479183562674,0.307000236046043,2.42987042709376,0.0151042215412626,0.0623253618110584
SASS6,0.488164071488666,-0.146473807653018,0.835255134297758,-0.172494404871447,0.863048859700706,NA
TRMT13,0.538258941044251,0.115675294300815,0.848829046283282,0.137964249334971,0.890268672195743,NA
RTCA,2.63416641726845,-0.47756587133419,0.49695129753275,-0.958566307410542,0.337777272726713,0.558725647940134
SLC30A7,1.41646311796161,0.389114800511785,0.63799444849544,0.607300727079286,0.543651355920051,0.733467303843978
DPH5,0.563097644893881,-0.791537146197444,0.800816344004614,-0.98981199972505,0.322266018479362,NA
RP11-421L21.3,0.149457461244395,-0.0126972467734801,0.957193990508642,-0.0136067531555368,0.989143716731041,NA
RP4-575N6.4,0.102038434670313,-0.161333248583762,0.965408151658096,-0.172437635631021,0.863093486342058,NA
S1PR1,0.303556561800859,-0.0517093822141735,0.92265192291491,-0.0569026986611732,0.954622704577526,NA
RNPC3,1.00290624060123,0.528357116933925,0.687424212606841,0.76039899939269,0.447016121222365,NA
VAV3,1.60165179089855,0.732879411336658,0.656586572608221,1.11377145093648,0.2653772475658,0.482999627020639
SLC25A24,6.56096665490823,0.782882370374615,0.354529074444734,2.20723177130882,0.0272978711915351,0.0974436813614135
HENMT1,1.15803571342947,-0.67976748645132,0.774461706662916,-0.8868992431532,0.375133149181007,0.592070131888831
PRPF38B,4.89652048018344,-0.394057612334122,0.381727693340278,-1.03144896942302,0.30233032699591,0.523128041083802
STXBP3,4.53981317696852,0.597876676596374,0.407822766880595,1.46402920500759,0.143185968817283,0.31902838666307
TMEM167B,6.31612317264333,0.551058754989054,0.335840213637857,1.63976984922435,0.101053029433454,0.249844205485558
SARS,8.2329376997773,-0.502460522834443,0.297448635708287,-1.68934875158114,0.0911526158979164,0.233813823993084
PSMA5,35.541511750009,0.695212949789765,0.17939673924258,3.87434675575003,0.000106911093473528,0.000979161697437839
GNAI3,14.6237856376105,0.838365348019804,0.221852401764943,3.77620456627733,0.000159236227841893,0.00137053470198256
AMPD2,2.01904871312491,-1.50422867245493,0.603027655839095,-2.47537884478933,0.0133094910632288,0.0567468556649196
GSTM3,0.426173608576661,-0.814416040655061,0.842695792475118,-0.9577666511639,0.338180439008921,NA
AHCYL1,2.15538318525082,0.468978280927437,0.528665612179044,0.88651768871308,0.375338626618566,0.59223088103951
STRIP1,1.49878478397959,-0.200558555414187,0.723615688883036,-0.277270030403341,0.781572770015051,0.88547415602369
LAMTOR5,33.9140910498663,-0.418232842581867,0.160989220508828,-2.59772273608668,0.00938442351195262,0.0429055842966474
KCNA3,0.991975941879296,0.340105793264905,0.713600346597968,0.478533800862464,0.632270322583293,NA
CD53,89.9892958042606,0.83899733203199,0.113210685286013,7.41017269118564,1.2613505911847e-13,4.09580603898897e-12
LRIF1,2.32585622191344,1.08662814827174,0.512403600279662,2.10917004702175,0.0349299063619375,0.117842039467812
DRAM2,7.50979091238808,-0.266778715861945,0.309193899586948,-0.862570061459242,0.388373896884352,0.604733357262165
CEPT1,3.71832663115689,-0.40609024302431,0.425258341273066,-0.953452324623249,0.340360940891559,0.560976405044751
DENND2D,2.29663956396112,1.01580895581496,0.513799351270087,1.96688132234049,0.0491968942931909,0.152225365936971
CHI3L2,0.452887884445489,0.408555764158132,0.908933081699861,0.473671490204498,0.63573418679463,NA
WDR77,1.0016340968526,-1.16571741477661,0.746379363046732,-1.56483340664756,0.117621976474702,NA
ATP5F1,15.5291229769268,-1.00798390510032,0.244320138107805,-4.12259488766371,3.74628211425292e-05,0.000376936659911187
C1orf162,31.8584244253318,-0.638727269104768,0.214654662849265,-2.97522827354221,0.00292770596589492,0.0166817942124521
ADORA3,0.63632478313105,0.514414291745664,0.790761271872261,0.645997649597656,0.518280877582549,NA
RAP1A,30.661408994482,-0.086542559624028,0.167936068254113,-0.515300379520691,0.606343133793655,0.78134182855259
DDX20,0.971157079914702,-0.598288756514216,0.701584186464235,-0.850690117640119,0.394941514241291,NA
CTTNBP2NL,1.72781732622877,1.03854813867548,0.610728502706321,1.68030188591473,0.0928985943266808,0.236804400792587
ST7L,0.926421215038467,0.563281365723713,0.720185053054315,0.781569465860607,0.434467637378366,NA
CAPZA1,8.39760522369292,0.473710108362159,0.367779116668431,1.28808639147003,0.197715891920489,0.395232866259801
MOV10,3.24728932267458,2.05144278924613,0.495576675183125,4.05782931262342,4.95309462944431e-05,0.0004872105990925
RHOC,29.9891973584447,0.207369952413665,0.188438529674046,1.10055666220736,0.271089655999754,0.488268951792813
PHTF1,2.78357829792164,0.0885519143509482,0.483170762529616,0.183193178694816,0.854646446413337,0.925583559077549
RSBN1,1.80741902998227,0.240602104322586,0.573817605787328,0.418900351045501,0.675288960503269,0.825881214185685
PTPN22,0.495344372457458,-0.962397454375896,0.940347240917296,-1.09378799209843,0.27404797176275,NA
AP4B1,0.398294463158869,-0.569851928006279,0.926425245179344,-0.611429375386495,0.540915360337957,NA
HIPK1,1.62433115977595,0.108709735997613,0.601877526965616,0.180430503839149,0.856814608682225,0.926857263498154
TRIM33,2.39057843744668,-1.33873934458343,0.612622339455985,-2.1714245992401,0.0298990910871259,0.104254609861455
BCAS2,9.3988175777614,-0.347815571500989,0.310678961358806,-1.11985824591971,0.262774173722624,0.479905195966171
NRAS,3.99956194626435,0.514116723986618,0.425636961923102,1.20819295767429,0.226973049968781,0.43484779771089
CSDE1,18.2973324759022,0.0681653578477586,0.209000946012304,0.326145752033992,0.74431408272896,0.867545579307762
SIKE1,3.01074776866021,-0.0425472351433154,0.443415352941228,-0.0957651240809406,0.923707116964145,0.961477707288507
TSPAN2,0.244510698744935,0.565616597628263,0.957184328382787,0.587508483135812,0.556862254781992,NA
ATP1A1,21.4924627703513,-0.644385711110965,0.214139395976117,-3.00836937156773,0.00262653690003587,0.0153326439057252
CD58,25.4995601173393,-0.0498171658965511,0.200518817263843,-0.248469864713245,0.803770883588567,0.896842253464573
CD2,3.20754826084803,0.0330243393840211,0.598502769520454,0.0551148365252831,0.956046976272945,0.975897633553085
MAN1A2,1.20622763355568,-0.839916734630862,0.702880206220236,-1.19388290149921,0.232523776844504,0.441342085538969
FAM46C,0.32961250245861,-0.127185619329685,0.933930727253653,-0.134728778502169,0.892826318681379,NA
WDR3,0.452370677788849,-1.2047655260615,0.859620740207746,-1.39240023761482,0.163801232564661,NA
WARS2,0.430173173603912,-1.4769910641481,0.870243155514243,-1.68433656133838,0.0921166433562869,NA
PHGDH,0.0579766435615073,0.148317053070505,0.882634147784749,0.173399058107645,0.862337765412758,NA
REG4,0.0383630408079537,0.0674168058199646,0.882413679742461,0.0835247909725053,0.933434265916411,NA
NOTCH2,3.79040666993913,-0.189753435384443,0.41970412576064,-0.451998852485085,0.651269809114992,0.810415037866498
FAM72B_ENSG00000188610,2.47289209546452,2.94932014061051,0.647219180979383,4.40744626318255,1.04596539544455e-05,0.000116980278570755
FCGR1B_ENSG00000198019,3.95480387220186,1.47309782565414,0.526810581208915,2.7706746829783,0.00559402854512701,0.0285190661332746
RP11-343N15.5_ENSG00000269996,3.338856689985,2.59462980734834,0.56531931668229,4.44546330407084,8.77026510976616e-06,9.86654824848693e-05
PDE4DIP_ENSG00000178104,11.8837576537362,0.346844764687486,0.378786654662566,0.915098799768813,0.36013976502213,0.578891879026584
NOTCH2NL_ENSG00000213240,9.59658275197759,-0.203983778351869,0.317027046133867,-0.644131261326668,0.51949032024526,0.715566927018959
NBPF10_ENSG00000163386,3.98413678310041,0.118039855845518,0.425884317898151,0.277057173355191,0.781736205711561,0.88547415602369
TXNIP_ENSG00000117289,20.2654898110463,0.818738440412126,0.271552063873176,3.01332668027584,0.0025840059408818,0.0151307315083397
POLR3GL_ENSG00000121851,9.41191377227576,0.0572282921427568,0.282734397668216,0.202347445653829,0.839645110763256,0.916982955859356
LIX1L,1.68534943645327,-0.810231450307681,0.61269893004279,-1.32021435184416,0.186763461585699,0.380382460072085
RBM8A_ENSG00000131795,37.4553402868468,-0.240886463500485,0.154691018702399,-1.55716441768016,0.119431454023239,0.281708564697504
PEX11B_ENSG00000131779,2.18135924545694,-0.249268047833558,0.608663640799438,-0.409329983126695,0.682297514828548,0.829351766054614
RNF115_ENSG00000121848,6.29520789817848,0.133659286590936,0.329970996652015,0.405112475922111,0.685394836335312,0.832525290043849
CD160_ENSG00000117281,0.0353187359555121,0.0674168058199646,0.882413679742461,0.0835247909725053,0.933434265916411,NA
RP11-403I13.8_ENSG00000235999,0.670670619518526,0.495552573640243,0.797856299419349,0.627689719467481,0.53020722131996,NA
FCGR1A_ENSG00000150337,10.7299354084184,2.01515934961428,0.38746695973859,5.16809605921123,2.36490760344193e-07,3.4654992188899e-06
HIST2H2BE_ENSG00000184678,3.43844032089728,1.44366931006525,0.449162902201843,3.1858040224149,0.00144352345315565,0.00933228114794633
HIST2H2AC_ENSG00000184260,2.73362862501931,0.30529353554218,0.471281285806789,0.647071553036004,0.517585635234759,0.713803548592338
BOLA1_ENSG00000178096,0.739894427019138,-1.25377035934204,0.759943675409513,-1.6435397014072,0.100271318109607,NA
SF3B4_ENSG00000143368,10.1727380607935,0.255776574259206,0.288174087674499,0.887551067459493,0.374782284907956,0.592006843076
MTMR11_ENSG00000014914,14.7892467133305,0.729357475425389,0.279969577854238,2.602544197915,0.00925348869105141,0.0424427671503682
PLEKHO1_ENSG00000023902,12.0769383485153,0.721216133323902,0.242661543570772,2.97065162741471,0.00297168668060906,0.0168484021623817
ANP32E_ENSG00000143401,2.70732843659813,0.786193611259843,0.548918168720101,1.43104932715522,0.152416078527972,0.332973199077737
APH1A_ENSG00000117362,17.3960258268821,0.0889896902630612,0.216110189592452,0.411774345061015,0.680504827092951,0.829052459355408
MRPS21,6.54836465201202,-0.684669395404206,0.316425815461466,-2.1618436366278,0.0306302306953437,0.106608872365341
PRPF3_ENSG00000117360,2.8291624573311,0.453687818712392,0.463951198451264,0.977090327247341,0.328524436018441,0.550092895330548
MCL1,45.6013151452316,0.99796375537802,0.172781520466647,5.77483156138549,7.70301038960508e-09,1.42468298953375e-07
ENSA,13.0278421657423,-0.0492486553159537,0.232821202631984,-0.211504093103113,0.832493938621879,0.912486164024557
CTSS,206.334266128674,0.550870202388562,0.104799000610404,5.25628499185141,1.46994444998557e-07,2.24618516889507e-06
CERS2,2.69112943156181,-0.707055020841643,0.466860511502732,-1.5114553659835,0.130672472287899,0.30073955318689
CDC42SE1,14.6684042110487,0.249241236821753,0.217389507112626,1.14634977028895,0.251650457239437,0.466790770244526
MLLT11,0.655248145344255,-0.615035143832238,0.838458392095911,-0.749963632679333,0.453276608175564,NA
GABPB2,0.351648695870079,0.296317540540937,0.884120318393635,0.333921076365982,0.738439115115453,NA
TNFAIP8L2,5.34052502836707,-0.434161216658301,0.453753676512843,-0.957767987470521,0.338179765019535,0.558770833674445
SCNM1,7.92119877405046,-0.115990636010942,0.341573045965762,-0.339193619187427,0.734463875801493,0.862610162393246
VPS72,3.13670979101001,-0.193572878202517,0.490416077176161,-0.394730709328162,0.693041636566984,0.838214215220852
PSMD4,18.5411342420677,-0.209584156826352,0.202238226890611,-1.03627506716602,0.300073834537375,0.521094489328806
PI4KB,1.54470226979627,-0.85104179773609,0.604635088303082,-1.3959308884561,0.16273530800128,0.347415870462201
RFX5,1.15243481246632,0.744312106519185,0.672510389783548,1.10325577704572,0.269916105304335,0.487076268334156
PSMB4,12.5176241551692,-0.881250939838246,0.277601060852553,-3.17363934788694,0.00150540619434579,0.00966673752886088
POGZ,2.07783848485953,0.543076305163623,0.581701550272804,0.936817320161752,0.348852534426383,0.567970958208854
SNX27,3.7926176622856,-0.412187087776544,0.417241214048583,-0.987521817159652,0.32338689283092,0.544696755829268
MRPL9,3.47150069006544,-1.05269122810785,0.512662539160233,-2.05044302378491,0.0403212183890386,0.131602377551888
THEM4,0.352434285122282,-0.775534413563286,0.917250361084061,-0.865136065937437,0.386964111432081,NA
S100A10,289.092139612369,0.00437265151739013,0.122797855054304,0.0356090944430338,0.971594056605276,0.98410644577894
S100A11,818.792504060376,0.383177239483685,0.0785621790867574,4.87737313590244,1.07507948385355e-06,1.41243201154553e-05
S100A9,33.3441952093114,-0.875137165902252,0.331386369124092,-2.64143374703182,0.00825559520002021,0.0388080877942455
S100A12,3.91282563962535,-1.00121699325556,0.522974487735655,-1.91494635464203,0.0554993453531369,0.165159218080965
S100A8,34.4515390442579,-2.30494382395181,0.360521857372556,-6.37794795537807,1.7947647914178e-10,3.99108201671313e-09
S100A6,292.870919320175,-0.485176697932979,0.127660843447058,-3.80039589312552,0.000144465102084748,0.00125856411343648
S100A4,275.649882094419,-0.494887428968752,0.135395472661075,-3.6550022426776,0.000257179729760732,0.00210269264031843
S100A2,0.870011900913066,-2.11546369650549,0.746244523607764,-2.78956918031104,0.00527782195257443,NA
CHTOP,12.5723459123944,0.168585566524287,0.326342352337695,0.516638106488582,0.605408809466994,0.781018362551664
SNAPIN,8.40033162012417,-0.00405111883560077,0.301484458836888,-0.0134378221336111,0.989278491862584,0.994803916209183
ILF2,12.6600701167513,-0.173881502164691,0.237367635572843,-0.732412910537206,0.463916581037958,0.670023568519567
SLC27A3_ENSG00000143554,6.24373175266968,2.60245368443192,0.458231848687325,5.56790668943821,2.57817815257544e-08,4.39829496775184e-07
GATAD2B_ENSG00000143614,1.53935874684918,0.684694478613764,0.594218999076533,1.14818706204629,0.250891349149843,0.465684982264161
CRTC2,0.928816314369,0.39937313362551,0.769471109380596,0.516644320404682,0.605404470913984,NA
SLC39A1,5.90285355543953,0.0437867358584963,0.470640283217761,0.0932000205638298,0.925744658054075,0.961837574248073
JTB,41.1831568242148,-0.538136352632973,0.162118828710803,-3.31925559829176,0.000902577739229996,0.00622974852620704
RAB13,10.1978753626489,-0.125867136200388,0.349744697947177,-0.360037030747435,0.718819441370226,0.854420363442354
RPS27,213.028889524335,-0.270313697453409,0.104787415042113,-2.57965143853309,0.00989000842027596,0.0450004711795263
TPM3,55.7441928192981,0.839540634565412,0.145478497847133,5.7701839239008,7.91850583574608e-09,1.45981486617061e-07
C1orf43,18.8262490229342,-0.238419869277708,0.206985710674691,-1.15182660848278,0.249392331440271,0.463957413470427
UBAP2L,1.63007760819546,-0.690537917455045,0.602272748036188,-1.1427599929047,0.253138253590106,0.468637874722209
HAX1,16.5160488502127,0.0141178878609098,0.212973736516128,0.0662858128846349,0.94715027806053,0.971834321825099
IL6R,2.21110303071998,-0.773917739688083,0.526877112183983,-1.46568567220255,0.142733939274266,0.318440476399679
UBE2Q1,1.38163828811367,0.133246708469455,0.631581669175869,0.210325134928375,0.833413919172805,0.912794279048022
ADAR,17.6963367904228,1.48887649518228,0.256698963149249,5.7904720192094,7.01888908885828e-09,1.31517872599426e-07
PMVK,4.82240258744466,-1.37921295310746,0.410772017072078,-3.34314105002311,0.000828357836344934,0.00583731816857127
PBXIP1,1.61720647792042,-1.59178185669156,0.721033559627332,-2.18892011832361,0.0286026465423034,0.100966105614122
SHC1,2.95779579545067,0.430518178858144,0.451442652041303,0.952702413996451,0.340740869911036,0.561096802986751
CKS1B_ENSG00000173207,7.36325687065707,0.347386394411419,0.333340584116173,1.04192773808294,0.297445182837332,0.517946136476342
FLAD1,2.77169972182047,-0.0411099673604622,0.456959790248494,-0.089994006246124,0.928291977825377,0.962888084049821
SLC50A1,2.75263972930408,-0.155121656839134,0.452020669818579,-0.342991103973301,0.731605152674759,0.860490522234256
DPM3,1.79454556423788,0.302474572555364,0.643867386305504,0.469942146854535,0.638396351344447,0.800446500204808
KRTCAP2,5.81783172692638,-0.22078586369329,0.341152628411408,-0.647129150781774,0.517548360242777,0.713803548592338
SCAMP3_ENSG00000116521,1.67439227337084,-0.901089506858993,0.639460633945895,-1.40345841312908,0.160480184784107,0.344015099790387
FDPS,5.57185132448131,-0.902118316326087,0.376773910453795,-2.38833682056521,0.0169248224762948,0.067451436856363
RUSC1,1.50389216346523,0.320119105867543,0.671288412983812,0.476702312789408,0.633574115737006,0.797725505934564
ASH1L,6.28133262427104,-0.847033733616226,0.344174518644006,-2.45953203176868,0.0139118282534911,0.058546464262667
YY1AP1,3.43006660924326,0.369057373065988,0.431612620300554,0.85478796827116,0.392668540212863,0.60799260561271
DAP3,4.36365877082098,-1.46360734121775,0.432366033985491,-3.36434539576396,0.000767254574977494,0.00543353146963616
GON4L,2.34454802301434,-0.565541250559788,0.508202725317767,-1.11211411735766,0.266089087565303,0.483575412325023
RIT1,11.2347047366569,-0.0766243388745522,0.334602209252852,-0.228933973250288,0.818920234848972,0.906080574306323
KIAA0907,1.61262797478162,0.112368113257189,0.607982220474138,0.185154037814524,0.853108218209351,0.925106293918381
ARHGEF2,4.21729321391706,0.208809413586584,0.454156640390474,0.459577090299608,0.645819806391164,0.806216730783203
SSR2,34.8889544607951,-0.474755482869885,0.153931935364278,-3.08407592985672,0.00204185475735498,0.0124272629800679
LAMTOR2,16.9968404500701,-0.2680398682475,0.241138760612072,-1.11120197001751,0.26648142347553,0.483934329571863
LMNA,21.6884314139411,-0.0524032034970534,0.262259538555984,-0.199890584811705,0.841566154077903,0.918028358571334
SEMA4A,4.4914064780878,1.58453463112355,0.613576032311782,2.57345773076473,0.0100687945125476,0.045632958476772
PMF1,4.72399327478014,-0.830939719728973,0.429596046892184,-1.92830836541305,0.0538167819146617,0.162302326460312
C1orf85,1.43350645949983,-0.855055667527244,0.674872516955945,-1.26342292876895,0.206437228302973,0.407030895281363
CCT3,13.5361439174052,-0.771185762773088,0.245854997825412,-3.13495031766739,0.00171883218987573,0.0107984905142765
APOA1BP,2.21804700542953,-1.03236764958668,0.538522744880672,-1.908172864078,0.056368877649679,0.16674334149478
GPATCH4,0.63686546032997,-0.95680693571605,0.767412080421801,-1.23017726973336,0.218630729742959,NA
ISG20L2,1.56886040529886,-0.322694336885519,0.601081034118302,-0.536510941420327,0.591605476111685,0.76875313426574
RRNAD1,1.67522626282084,-0.746775848312093,0.603817984690882,-1.23044679144516,0.218529840455386,0.422882773175468
MRPL24,1.10040306155653,-0.92901640466423,0.685500255082337,-1.35416092561876,0.175685042142363,0.366666129483914
HDGF,1.2604255415315,-0.408604117261681,0.713658044772155,-0.576453885230348,0.564308431230259,0.747745511012948
PRCC,4.29796092972823,0.0592198301227196,0.392512396493559,0.150706505912789,0.88020724088101,0.940979152436419
SH2D2A,0.654616911957957,-0.80183158862313,0.804006652480091,-0.996173229683633,0.319165984086978,NA
ETV3,1.19635188346617,0.0307622511135305,0.721343426592676,0.0431716402669146,0.965564711792576,0.980490818744594
CD1D,1.04085948114758,2.36625301884993,0.8413439774762,2.80934904917505,0.00496417926341963,0.0259563444560322
MNDA,35.4873135391852,2.3074440339215,0.344529274785939,6.67888359273288,2.40769306332747e-11,5.93101976591229e-10
PYHIN1,0.287913436309401,1.09399455024183,0.889756476953864,1.21174443503162,0.225610224027296,NA
IFI16,43.1203616512692,2.66313427619846,0.196911363822604,13.4840497514424,1.94150765890019e-41,2.70627226112551e-39
AIM2,19.1779951874445,2.05581266603469,0.276195977560319,7.41792112508885,1.18972912569889e-13,3.95308253102859e-12
FCER1A,0.0814777690911523,-0.147465118504535,0.88240235086773,-0.1807592991308,0.856556511361202,NA
DUSP23,4.14542324509785,-1.35067807143041,0.428517875186204,-3.13549589211593,0.00171563831117541,0.0107983182250743
TAGLN2,16.7536678052766,0.401221534336155,0.237063985762097,1.69208330074273,0.0906300919862445,0.233041503057588
IGSF8,1.01795264122652,0.994196175290776,0.739395918005305,1.35093849781927,0.176715134736403,0.368049196435329
PEA15,22.3041610475681,-0.264473779961428,0.245328326908961,-1.07816582069431,0.280959762111102,0.499590865110438
DCAF8_ENSG00000132716,2.10700843902678,0.130901774446813,0.507474922112986,0.257371009469229,0.796892380346471,0.893062644437162
PEX19,1.73003204078818,-0.332762078492666,0.603334125312687,-0.552709050576878,0.580462654930344,0.760987770896779
COPA,3.00976501552007,-0.369526916006727,0.445781323067929,-0.828105785744867,0.407610593178477,0.619546420216754
NCSTN,3.10969138784051,-0.203282517451715,0.465918183375807,-0.435483366889975,0.66321160965577,0.819514453877346
CD84,5.82125701743784,0.372233075432804,0.39293989900967,0.946355117642724,0.34396748941119,0.563582053321374
SLAMF1,0.358947332764369,0.171082451121928,0.908570107838053,0.192428903627452,0.847406253627039,NA
CD48,93.6812024533101,1.27028750710423,0.15574632403414,8.15401406598135,3.52039899737097e-16,1.53580765419657e-14
SLAMF7,64.1128816274313,1.97841469170122,0.211572339306257,9.3436841493024,9.30391148462313e-21,5.90798379273569e-19
LY9,0.359143987993384,1.10021281111213,0.936873408452231,1.22884542937637,0.219129764924641,NA
TSTD1,5.47164414671027,-0.980564637602261,0.402075440016306,-2.43632296425668,0.0148374304004187,0.0615268656877429
ARHGAP30,9.22666231416153,-0.0157455933614245,0.294160715072215,-0.0535332065013701,0.957307073610141,0.976107150999303
PFDN2,11.7288546375721,-0.312043946402857,0.247931931568999,-1.25867652187247,0.208147194983914,0.408503165979762
NIT1,4.88126424569944,-0.476160518911639,0.362741119142099,-1.31208193887289,0.189492489233721,0.384376650229704
DEDD,1.5065606913537,0.421291918627045,0.598126429199021,0.701261886229826,0.483139594729029,0.68650989156549
UFC1,12.6328636913459,-0.987034681516015,0.247138317712688,-3.99040247013588,6.59612691479885e-05,0.000632497740236164
B4GALT3,2.64973253930499,-0.250501592232823,0.565437585374581,-0.443839250861049,0.657158808141056,0.81520785511746
NDUFS2,13.4964896846715,-0.337628201911169,0.267474844473694,-1.26216785496006,0.206888392906386,0.407312390916353
FCER1G,616.462431288577,0.114345404769295,0.102453959655487,1.11606742135606,0.2643932760984,0.482133877760802
SDHC,20.0930379781775,-0.0224236853779575,0.216234521657281,-0.103705861975925,0.91740277455835,0.960335778766667
FCGR2A,16.7697184780218,-0.0194139077041109,0.242976327256785,-0.0799052729957469,0.936312595998244,0.965986509889873
HSPA6,1.18851071923967,-0.660376923769697,0.689714188326161,-0.951779112271016,0.341209017443292,0.561153822931918
FCGR3A,395.918241021756,0.233846379573908,0.182915603507789,1.27841183274323,0.201104254046184,0.399927709034691
FCGR2B,2.00857203966074,0.694803473249295,0.605563334874542,1.14110910004765,0.253824524851052,0.469452155185683
FCGR3B,10.4819340544434,2.78876701831122,0.465933923767925,5.91644679379835,3.28970823273573e-09,6.41661520480707e-08
FCRLA,0.27923756832591,0.404740925485414,0.970971842412718,0.416742978290345,0.676866414542594,NA
DUSP12,1.82917113766124,-0.965456376989528,0.573731832200767,-1.67631882745005,0.0936757590159577,0.23783072535593
ATF6,3.59006537075099,0.215066611138467,0.438762170094112,0.489434681180169,0.624533987807944,0.793472947692137
SH2D1B,0.248590184648018,0.919049433488286,0.971400441305474,0.940949232082333,0.346730876349807,NA
UHMK1,1.74925165374603,0.857017774926909,0.637399088888381,1.32696979938988,0.184518673082171,0.377694920008813
UAP1,2.7292875699869,-1.51526710447389,0.532740513761784,-2.81729994153296,0.00484292751489399,0.0255057286498805
HSD17B7,2.24364008136401,0.796211180753973,0.534655652997661,1.48217828182193,0.138292863770441,0.311911589672917
MGST3,12.9704503837533,0.121398299961024,0.272782551292505,0.444984907009321,0.656330661399628,0.814410704941842
ALDH9A1,1.99851307200967,-0.932170795659014,0.5981316886149,-1.54508838516941,0.122324886014765,0.28658410283412
TMCO1,15.6970147284469,-0.448315241658054,0.256584165336791,-1.74685813345973,0.0806619496348568,0.214622080375555
POU2F1,1.21647904922491,0.186396565429383,0.687400265300529,0.268264993139073,0.788495350337016,0.889684289669506
CD247,1.26164685346131,0.218849072361836,0.683456670292669,0.319238801483528,0.749545435729845,0.869424023786496
CREG1,19.1703247916249,0.991573083911569,0.254932865811942,3.88803388348008,0.000101059521370746,0.000939114088835471
RCSD1,2.49385352832598,0.476410325235712,0.549538614697654,0.86460439867679,0.387255957421251,0.60370098108632
MPZL1,4.82194751239068,-0.452552790917804,0.431483626315044,-1.04911810348329,0.29412376500372,0.513100524113632
MPC2,8.6198090052905,-0.234808671226805,0.317365803428455,-0.73976806351641,0.459440740493584,0.666760749598992
DCAF6,1.50389052871326,-0.736626609659928,0.582008184926241,-1.25902725938483,0.208020486033837,0.408503165979762
TIPRL,11.2884779709042,0.761499458396402,0.281759287995697,2.70065567561929,0.00692029419033591,0.0336878034904342
SFT2D2,11.6236774976222,2.23008724430258,0.296221950014108,7.47531237816023,7.70206750290153e-14,2.57411203386446e-12
XCL2,0.149593801507601,0.274389147315947,0.972641943912206,0.286723393680094,0.774324123763054,NA
XCL1,0.416341604352844,0.0439335755224439,0.911214046535772,0.0520402178763758,0.958496647581643,NA
NME7,1.95338773056835,0.533821811910873,0.545351412655417,0.977730337072114,0.328207713297002,0.549840535242514
BLZF1,15.3863348447259,3.21060086620787,0.32409257757817,9.7512231461481,1.82258884188559e-22,1.28593768288594e-20
SELL,13.0880525211661,2.55415281303667,0.328403117643569,7.70959032161097,1.26222264602792e-14,4.68415741691531e-13
METTL18,1.43626093073587,-0.712401917981895,0.605130697664086,-1.17295434602744,0.240814114122477,0.451378373961941
KIFAP3,0.663255830017972,-0.565382679391036,0.782304981413321,-0.719290886637385,0.471961709882201,NA
PRRC2C,12.0632829251677,0.0285820225623053,0.249703473291748,0.114458126460723,0.908874638437303,0.954559324645032
VAMP4,2.99229754248943,-0.0569762432560458,0.460066370771801,-0.123881006646811,0.901409491594862,0.951959081842744
METTL13,1.65737580513334,-0.341773769230582,0.575608588089126,-0.592227960034125,0.55369794880931,0.740442727880695
PIGC,3.86803410546286,-0.347211221959468,0.446966952903827,-0.776906352594068,0.43721402303326,0.646559313888077
SUCO,1.5250095711408,-0.662192571366136,0.60585541531523,-1.09062700445865,0.275437042016331,0.493764960829151
FASLG,0.417069799215384,0.203436597546158,0.879707863611729,0.229768798216147,0.818271431495235,NA
PRDX6,20.4112588552933,0.499113520629069,0.191994978485965,2.59914812143645,0.00934554377271988,0.0427620357574813
KLHL20,0.820775950388779,0.000150490120979072,0.763653781711591,0.00019699231932076,0.999842822870834,NA
RABGAP1L,50.635726529925,3.65155450755028,0.262381017224447,13.8205153552801,1.91692548497975e-43,2.96087274234035e-41
CACYBP,19.8755641971883,-0.0649046754743272,0.213772191759001,-0.303563726733706,0.761460290050421,0.875873364523782
MRPS14,6.45219439354214,-0.385801784770638,0.342490246866242,-1.12679368967032,0.259829719148149,0.476702036896203
KIAA0040,7.88627228554967,4.12460934847816,0.563007763514847,6.90354523208873,5.07204961775459e-12,1.37378026376623e-10
RFWD2,4.9129924745641,0.297690021366504,0.402239524635905,0.740256090728949,0.459144618688476,0.666500252934885
RALGPS2,0.382440592933439,0.628457041723196,0.864690733801811,0.722096972533465,0.470234859411083,NA
TOR3A,6.89798161015031,1.13780584212816,0.325483628609592,3.4878111703627,0.000486991881119199,0.00366774336809023
ABL2,2.17123574324881,0.319042195817235,0.579059896047931,0.552251691514258,0.580775923270019,0.760987770896779
SOAT1,3.88101770846065,0.883675742808203,0.426446855204716,2.06676818761779,0.0387560024532197,0.127439904499511
TOR1AIP2,1.44195958897238,0.257114849067319,0.618634763649436,0.416165700766516,0.677288756222929,0.826897082207657
TOR1AIP1,4.6316685151749,0.314902505844194,0.397164220787176,0.792269293451851,0.428203672170539,0.63728749647256
CEP350,2.77811586995236,0.75364351592979,0.51680613249343,1.45255137006669,0.146348356471989,0.324053024888577
QSOX1,14.0594705175849,-1.9688487866991,0.280760810826738,-6.98735656608535,2.80113703019225e-12,7.88595966874321e-11
ACBD6,0.696307524955538,-0.509310618652794,0.782210881356286,-0.638065593174889,0.523430982717001,NA
STX6,4.46312320198998,-0.915279499993347,0.408558425382803,-2.23563246877123,0.0253758559319233,0.0924302209375027
MR1,8.58317820892655,0.384654563332662,0.29908779834868,1.28628140418475,0.198344869976935,0.39603059623012
IER5,5.16919178305369,-0.293372052560817,0.347997300553871,-0.842789597730264,0.399346126738388,0.613017221141522
GLUL,110.590888388653,0.641515961245762,0.185777587609267,3.45303663716884,0.000554313711916595,0.00409819257904701
RNASEL,1.90579903440998,-0.250344000843393,0.589646533669083,-0.423834652283383,0.671686404490772,0.823976097431849
RGS16,0.644784732969126,-0.759925521886793,0.964903886256924,-0.835406775494302,0.403488716233541,NA
NPL,16.0948725450065,-0.398466946610463,0.274923024269925,-1.44903297511006,0.147328373982679,0.325089442977223
DHX9,2.33202222953629,-0.549333360383816,0.538040025872159,-1.02036143425494,0.307557077121737,0.527821633457512
NCF2,33.2761272831612,-0.251318917462922,0.185683607810643,-1.35333517361414,0.175948577164898,0.366987634488099
ARPC5,166.07599737172,0.194276388708721,0.112839394346723,1.72171444405554,0.085121259492592,0.223560660845663
RGL1,7.18220785636207,2.58874557477559,0.414983322155192,6.12843831375789,8.87458231397328e-10,1.88543635406533e-08
TSEN15,1.84896354949323,-0.510592583917684,0.552196007278684,-0.921991942199491,0.356532778715934,0.574543255953641
C1orf21,1.31276477608816,0.0420841827121171,0.785443330238661,0.0535176893199194,0.957319436806841,0.976107150999303
FAM129A,1.94459841777122,0.984143311447296,0.56357089485444,1.73812278703252,0.0821891805281563,0.217358244663773
RNF2,2.93873128285065,-0.419587786964156,0.473212132903779,-0.884535213166623,0.376407362364565,0.593262017626445
TRMT1L,2.04564273745565,0.0121522011390002,0.532253566030999,0.0228327927112358,0.981783650037232,0.990264980056361
IVNS1ABP,10.1392374991859,-0.621850271796545,0.318948039514618,-1.94913946469922,0.0512787718310885,0.156954377296386
TPR,8.71542290586053,-0.610695245893375,0.288746476287538,-2.11403055998151,0.034512657268502,0.116779062338359
C1orf27,1.93635898452736,-0.340643693856857,0.564522733970734,-0.602501638312824,0.546840272975194,0.735685536735696
RGS18,1.77691040013355,0.420055081855146,0.562877572915019,0.745872575884434,0.455744393001071,0.663418035150565
RGS1,8.4543136478223,-0.352966803754841,0.454057767942107,-0.776395165788326,0.437515698110358,0.646767256777211
RGS2,39.6405097012434,-0.705300352180433,0.283106482044688,-2.49042930146412,0.0127588877071113,0.0548248445459706
UCHL5,0.963895779457515,-0.099432111813181,0.684945738402969,-0.144637642631714,0.884996975202348,NA
TROVE2,4.59907229113732,0.12637935826314,0.394527452036786,0.320387411483441,0.748674667207238,0.869321044620859
GLRX2,2.97237371920902,0.173359083262461,0.445091325056755,0.389288927017358,0.697062426532627,0.841510724046042
CDC73,9.54018904749354,1.14391727265767,0.303308036269402,3.76322206650355,0.000167738128408369,0.00143506497582908
DENND1B,8.33404179569338,3.2169691852974,0.472589759714826,6.60159302251038,4.06762903102763e-11,9.68604163013455e-10
NEK7,2.4614086202982,-0.170210324913044,0.514736176073563,-0.330634616225316,0.740920495479863,0.865922419563889
PTPRC_ENSG00000081237,77.0719326191879,0.232823585799633,0.132941362490383,1.75123173569431,0.0799060009811794,0.213209309870756
MIR181A1HG,2.41542864467187,0.380369366845203,0.531629996192381,0.716626185428522,0.473604782783396,0.679209870415836
ZNF281,1.47676717828132,0.389802284731529,0.623607588572917,0.623153427438164,0.533183703116197,0.725840713955639
DDX59,3.26473174089334,0.53912213247835,0.505822898983257,1.06764873884476,0.285678989542747,0.504217240653736
TMEM9,0.301327483510338,-0.505169570006479,0.969952348625602,-0.522095918498927,0.6016035481246,NA
IPO9,0.77166102839621,-0.82957881141286,0.764109111560854,-1.06915456105248,0.285000029714058,NA
TIMM17A,6.86230958339701,-0.534642990812298,0.318058890946813,-1.67971844067157,0.093012110145956,0.236891460103704
RNPEP,11.4463127680928,-0.176881395487941,0.320282968749533,-0.552486524187641,0.580615064614642,0.760987770896779
ARL8A,2.50697765003895,1.13219460767886,0.53921474084908,2.08481222242842,0.0370863488256536,0.12329754714288
PTPN7,0.708170909348696,-0.532787737420182,0.764065119228509,-0.694054547352952,0.487648001557751,NA
KDM5B,1.0325673279091,-0.74152613804546,0.737675451582112,-1.01229287225754,0.311398041866572,0.531394389151226
RABIF,9.33790392113782,0.173826802728843,0.294798095399685,0.589679780625814,0.555405353306473,0.741621867791236
ADIPOR1,12.1768534906037,-0.658742844545164,0.260523593490188,-2.52733419227025,0.0114932079474933,0.0503323244597119
CYB5R1,1.18014616049324,0.160007691607835,0.694327453441946,0.228780191715916,0.819039763231228,0.906080574306323
TMEM183A,2.80664938458481,-0.289405248559802,0.454163517000681,-0.636821200315725,0.524241315165455,0.718474608194383
BTG2,33.6597426239798,-0.620462393618712,0.243017315154529,-2.55345916909881,0.0106658783331501,0.0479030865948567
ATP2B4,0.182241743468636,-0.477618236440067,0.964561541739909,-0.541119155363493,0.588425455933266,NA
LAX1,0.0357421795770092,0.0674168058199646,0.882413679742461,0.0835247909725053,0.933434265916411,NA
ZC3H11A,1.79538393253083,-0.540855007116817,0.576385777551677,-0.935730944182538,0.349411734130676,0.568428141348367
ZBED6,0.466673715113705,-0.463773956520334,0.864064356984329,-0.536538825931729,0.591586209944544,NA
SNRPE,4.26598923138044,-0.499762556104024,0.422855423765823,-1.18092252158776,0.23763350355385,0.448061851801469
MDM4,2.08052094751737,-0.229282438178839,0.707395037934698,-0.322963074840028,0.746723206771516,0.868618588784696
RBBP5,0.494137686157186,-0.237102597213708,0.837083207265596,-0.280502922227789,0.77909168380854,NA
DSTYK,0.333755072985517,-0.182532128365853,0.92687725532268,-0.190665764586528,0.848787462483107,NA
NUAK2,0.726531736473047,-0.110107473361408,0.769532852415759,-0.141400992372874,0.887553170347478,NA
NUCKS1,2.15652159061128,-0.229404783214818,0.519560085990525,-0.440931367494521,0.659262684301766,0.817285518608371
RAB7L1,4.46033204031401,1.78730954732116,0.463148053395902,3.81936947917824,0.000133793231059311,0.00118180574266454
SRGAP2_ENSG00000163486,3.06950922440741,2.61109892012006,0.562243430403227,4.48637772373,7.24442618641438e-06,8.28037913107163e-05
IKBKE_ENSG00000143466,2.09277107780877,2.29103999396215,0.627148345601641,3.54331802532563,0.000395125897622894,0.00305981640232363
RASSF5_ENSG00000136653,20.2118211458826,-0.356912546265745,0.213643363136947,-1.67067643312173,0.0947856062493959,0.24000874599703
EIF2D_ENSG00000143486,0.593507265146245,-0.47342293731593,0.925210983055758,-0.569417597833538,0.569072777113148,NA
MAPKAPK2_ENSG00000162889,1.49656570264867,-0.633237707355374,0.608165913410954,-1.03779826657015,0.299363984024036,0.520336121866595
IL10,0.975248828953788,-0.916036926145184,0.761279854535368,-1.20585308450473,0.227874142968584,NA
FAIM3,0.900170778414943,0.389221440900428,0.78016608286944,0.502482167341418,0.61532839324867,NA
CD55,20.4557065945789,-0.32312370338155,0.238606609503184,-1.35429609342306,0.175641932003004,0.366666129483914
CD46,4.74023188011105,0.572650186344319,0.403875715074625,1.41589592287701,0.156805978848284,0.339320775887143
G0S2,18.5453287721982,-1.5995839062505,0.679161356502023,-2.36221701707304,0.018166004480962,0.071599114212895
TRAF3IP3,3.75165268987069,-0.677685890710773,0.451060198794522,-1.50037947120668,0.133516134113629,0.304852060111623
DIEXF,0.148101421651678,-0.285052883107837,0.972871026175719,-0.308530231310929,0.757678900199535,NA
SLC30A1,2.54367307209933,-0.880968026813103,0.493218976012349,-1.7784569748679,0.0753288323342003,0.204709594289089
LPGAT1,3.87985547462668,-0.441073049072547,0.432244738593248,-1.02018238443519,0.307641970436916,0.527821633457512
PPP2R5A,1.91582741844213,-0.674806778047171,0.639204070267212,-1.06183531642241,0.288310453943306,0.506204068905067
TMEM206,1.19853943469729,-1.24672530651031,0.690252986001942,-1.78052366920812,0.0749902992576889,0.203983607928459
NENF,10.2325663705684,-0.546277718693281,0.271613643595791,-2.01081267040502,0.0443452472983615,0.140874423741043
ATF3,16.3020500842944,1.98576686549965,0.286431274065877,6.9109022364619,4.81580870185543e-12,1.31058793957637e-10
BATF3,4.83705898636357,1.49492285205086,0.393824576487055,3.77072034110745,0.000162777007314543,0.00139680269790182
NSL1,6.84629485821699,-0.132130826821434,0.321991310315608,-0.410442124147006,0.681481650889587,0.829095167717165
TATDN3,4.58850487324778,0.48657483527181,0.392898405253671,1.23584067972121,0.216517790553483,0.420169498476453
ANGEL2,1.1818000317721,0.247576187964515,0.703472592297826,0.349793303661295,0.726493824870514,0.857301715699977
SMYD2,0.404451858727961,0.147030692791213,0.865794291343798,0.169468795816859,0.865427914664578,NA
CENPF,0.0827522293839815,-0.0456407297962935,0.914773732660885,-0.0543350319632237,0.956668239295907,NA
GPATCH2,1.35974071196989,-1.63552377761479,0.777438312841648,-2.1320313917406,0.033004265993884,0.11301340931998
RRP15,0.606884383742143,-0.866603163533977,0.900770794045068,-0.980267743633714,0.326953972654855,NA
LYPLAL1,5.37597038186523,-1.57520994256255,0.369053067944958,-4.24373110967238,2.19833746047777e-05,0.000231348495487607
EPRS,3.09096501375319,-1.32834351459743,0.542868215322738,-2.43802115850958,0.0147679095875231,0.0613361942534118
BPNT1,0.507124697462844,-0.435278501658648,0.885719614368264,-0.503639527474434,0.614514710585894,NA
IARS2,0.737881104185607,-0.615276514640558,0.74228771163859,-0.82709813265673,0.408181442542132,NA
RAB3GAP2,0.893897020150949,0.0128820075519048,0.728735786375904,0.0174511063771116,0.986076738357296,NA
HLX,2.14244857432587,0.113624248703085,0.521836243496243,0.217268126011366,0.827999395541786,0.909828214866623
DUSP10,5.10115681953103,-0.896043598631701,0.42354830126874,-2.11344578244468,0.0345626309084083,0.116809837753727
MIA3,9.5830688038112,1.71736035101056,0.313317951974068,5.45672069042295,4.85008366939453e-08,8.05762446819469e-07
AIDA,1.70877031148509,1.01563160744297,0.576032475738617,1.74976851248746,0.0801582660629871,0.213568527062924
BROX,3.52098213077233,-0.0942609007488463,0.442690062940154,-0.212910212944706,0.831396996240193,0.911851541414485
RP11-452F19.3,0.853130723249313,-0.421275245028799,0.737469975730665,-0.572712185339518,0.566839585543064,NA
CAPN2,21.9736915136125,0.649912592516179,0.204278764546431,3.18049943510504,0.00147021425873559,0.00947268826231557
TP53BP2,1.69074818823178,0.3940570680841,0.584631563255168,0.672945381249203,0.500982039538885,0.701094242649828
FBXO28,0.780659496576954,0.588520429567374,0.768201349839486,0.768237175725379,0.442346291027835,NA
DEGS1,5.79147585214327,-0.108074204079402,0.341494240806057,-0.316255090915203,0.751808895322595,0.870283134852872
NVL,0.20834841718098,-0.586807063319028,0.971499931082856,-0.612453829116598,0.540237536681097,NA
CNIH4,21.856248778286,0.795448815690794,0.205203174004234,3.87448644016532,0.000106849792381816,0.000979161697437839
LBR,2.61466782931365,-0.576434289579789,0.546341490633639,-1.05303358461945,0.292325599974422,0.5112119962833
SRP9,23.8098789193311,-0.194210732364815,0.228787288859811,-0.848900909997882,0.395936432463957,0.610735954529424
EPHX1,0.581327352926,1.78477303829176,0.808256669313458,2.22356161453536,0.0261779535805513,NA
TMEM63A,0.804387213471638,1.6201379627845,0.82099664588923,1.97492429047295,0.0482767403821614,NA
PYCR2,3.15101078064384,-0.157059202196599,0.510891941495357,-0.307968173130318,0.758106550248645,0.874738327209975
SDE2,0.978899138881273,-0.124512536156548,0.677352382912379,-0.183907528979285,0.854085998282616,NA
H3F3A,16.7814352082835,-0.829612254460833,0.277348553173145,-2.99094606106693,0.00278114613567993,0.0159741207692571
ACBD3,1.21276007621278,0.00713571148971177,0.648503250442374,0.0110127695354838,0.991213258827245,0.99574332469638
PARP1,5.39275311617813,-1.05606273616577,0.439477462241249,-2.40120903104058,0.0163409989867068,0.0657204850169101
ITPKB,0.460315037057383,-0.427528048900893,0.875716950388012,-0.479113313087158,0.631858019220848,NA
ADCK3,0.484891252772519,-0.178391436982628,0.791063585185169,-0.223931311658912,0.822810751159007,NA
SNAP47,0.792889963207166,-0.964864270812325,0.73870479436608,-1.30035049693017,0.193480868206641,NA
ARF1,53.5658028421827,0.0860392445044434,0.14250096052055,0.603796228364851,0.545979127331201,0.735046104286882
C1orf35,1.38534471654629,-1.56156564212368,0.666654629505531,-2.31517511755331,0.0206033504087084,0.0787304347975696
MRPL55,4.16160303212324,-1.2382042553671,0.460859183055451,-2.67695704853365,0.00742941584228307,0.0356799256627292
GUK1,48.1144766480541,-0.308371999165473,0.154346832187412,-1.99796957892934,0.0457199583078848,0.143961191035571
IBA57,0.265229211144594,-0.339497868490691,0.951631472542176,-0.356544601899806,0.721432756261843,NA
TRIM11,1.58863972662851,0.0789151601302316,0.582506128365736,0.135239829376776,0.892422257057905,0.948520215563684
RNF187,3.1652672868714,-0.343725661127274,0.470166031560687,-0.730128916222713,0.465311387647299,0.671189949622492
RAB4A,6.46262597120986,-0.815603224805241,0.365510728904463,-2.22776937502225,0.0258958980549237,0.0937630529786729
GALNT2,2.2205142367213,0.210795079712516,0.578823920344764,0.365091267198219,0.715043279428112,0.851303867523494
COG2,0.509776755421536,-0.802075664544496,0.822418693529061,-0.976260071995525,0.328935601024726,NA
ARV1,1.16045947120758,-0.262248460622849,0.710518195282162,-0.371939125986614,0.709938173243441,0.849162130616631
C1orf131,3.24648021591116,-0.7172842166129,0.443191025008694,-1.61654222602089,0.10597713152863,0.258713119794078
GNPAT,1.5513665193717,-1.50694018542504,0.633941620563172,-2.35100458943531,0.0187228029245701,0.0731879744965242
SPRTN,2.14247338872524,-0.673562819589111,0.547368835494385,-1.22774853269675,0.219541381472711,0.424164636618168
EGLN1,1.99416277386083,-0.992791854252303,0.577734204617689,-1.71017347499698,0.0872337991099283,0.226928554690626
RP11-295G20.2,1.73215407855363,-0.193074403089406,0.632653039890847,-0.304788971408673,0.760526881678616,0.875752495942107
TSNAX,1.31490101731552,-0.704415931144111,0.660301964439047,-1.05828834257603,0.289924005964741,0.508100488834252
NTPCR,2.41683980569568,-0.367085898693506,0.57373693822232,-0.642422544879204,0.520598865375517,0.71674837764902
RP5-827C21.4,0.410883407051814,-0.470316665176339,0.844395501983104,-0.569679603905204,0.56889502614438,NA
COA6,12.9643013895865,0.787203950106447,0.280817854729075,2.80127579930599,0.0050900996424755,0.0264694444556392
TARBP1,2.37941121250176,2.39781415703749,0.62796923561379,3.73994145218088,0.000184063122589257,0.00155609577751125
IRF2BP2,3.76325747592551,-0.887604729607525,0.459430613513716,-1.92882099701809,0.0537530882386038,0.162195828555238
TOMM20,4.85921740627078,-0.702134262645096,0.393780627516438,-1.78250081853098,0.0746675978651793,0.203447994304208
RBM34,0.948049326992968,-0.459868234089002,0.720065085275056,-0.638108559563755,0.52340301504576,NA
ARID4B,15.1036891416619,0.651959911350005,0.231568770736701,2.81397457750675,0.00489330980262598,0.0256797663195661
GGPS1,6.58464947005893,0.32624935211175,0.334754350798521,0.97422548022648,0.329944595833686,0.551382462758777
LYST,6.15927981937741,0.0279232978793587,0.34274192621515,0.081469885978527,0.935068272756321,0.965986509889873
GPR137B,16.249784200322,0.263450232718034,0.274034105195306,0.961910188080423,0.336094720413559,0.557232760998982
ERO1LB,1.15941457647084,0.740998730907028,0.651950480388862,1.12514267857938,0.260528578608278,0.477378684285109
LGALS8,2.19298662150478,0.986914102019858,0.556617934478765,1.76180514504062,0.0781022251662513,0.209851535883933
FH,3.16880150352949,-0.729503992278666,0.524782395475779,-1.39325049640976,0.163544054631578,0.348751594111741
KMO,14.3253892204915,0.454240491757282,0.252806898594801,1.79669585451024,0.0723839174431942,0.199404227038001
OPN3,2.17458807960277,-0.453930546324904,0.54594567325758,-0.831884197117276,0.405474312601284,0.618621994167462
CEP170,3.32905898080423,-1.19867849162333,0.654601910750601,-1.83362230907986,0.0667100782970456,0.188177738138014
SDCCAG8,3.02965902255503,-0.0705912497260328,0.440699317118512,-0.160176020436787,0.87274241840828,0.938070889825714
ADSS,6.99319482980282,-0.962779724148981,0.359075914057236,-2.67856694413876,0.00739379505878921,0.0356286161559699
DESI2,2.50938484419079,-0.494588673277728,0.574349873323271,-0.85811716383575,0.390827770644327,0.607173526772781
COX20,7.19700210544403,-0.488688940176431,0.308194216679396,-1.58552873460239,0.112846253604432,0.270632118904461
HNRNPU-AS1,0.424020133477985,-0.491327042299168,0.826179835314427,-0.592388781544279,0.553590276853231,NA
HNRNPU,26.247134665959,-0.0710798404226466,0.193689878139025,-0.367015332579791,0.713607581146336,0.851159153475357
TFB2M,0.436420243565508,-0.596044027395895,0.90037681305321,-0.672026482538856,0.501566837173013,NA
CNST,1.12447868140801,0.319288907548863,0.687332229981489,0.461848643129872,0.644189865144731,0.804490836077416
SCCPDH,1.31700085332795,-0.176394451173092,0.619614656685812,-0.283688430133418,0.776649162040097,0.883721119199046
AHCTF1,0.754610807415877,-2.31011329249144,0.792988887226805,-2.94252176150079,0.00325550904205857,NA
ZNF672,2.19186743523861,-0.202703956659865,0.544331477846433,-0.37316740910565,0.7090238508295,0.848423640596858
PGBD2,0.689524442515193,-0.0949589931206214,0.784134667548299,-0.118937366881146,0.905324977374165,NA
SH3YL1,0.290250830215402,0.527883326074594,0.893902640413275,0.585982551356942,0.557887240479399,NA
ACP1,7.71642714533363,-0.202196133272112,0.328442433914264,-0.615083271369924,0.538499729106947,0.730309907889464
TMEM18,3.80057283582661,0.234115729466335,0.394586885480967,0.592940379947683,0.553221052952185,0.740306696756712
TSSC1,1.28465049092759,-0.388786524637443,0.669586062660327,-0.584768474910654,0.558703404468261,0.743766586661102
ADI1,4.64437668958549,-0.779848220794418,0.429865987505937,-1.81127578440251,0.0700981722063652,0.195183115232408
RNASEH1,1.72229343229926,-0.518504378399433,0.578104985508161,-0.893161325674384,0.371770785661629,0.590022227174731
RPS7,155.023160942631,-0.732892228968534,0.14735828494133,-4.97348900704645,6.57585044580125e-07,8.90544675302231e-06
CMPK2,29.0789750926159,4.56153749679709,0.357434502421785,12.3644073849256,4.07203333953361e-35,4.56307265400678e-33
RSAD2,205.464307531702,5.51017705619959,0.549787133389094,9.90564129317108,3.93437762595179e-23,2.81062101653931e-21
AC092580.4,0.0686615807559399,-0.0645280112233623,0.895487821729116,-0.0738465049912119,0.941132522385271,NA
ID2,23.7723123515633,-1.10416666292903,0.335008692340855,-3.29661633513251,0.00097857077990666,0.00668963158751981
KIDINS220,2.58702056795411,-0.31296918144698,0.488347356897827,-0.641140640209404,0.521431311974981,0.717376010577038
ITGB1BP1,14.4672239115818,-0.245482533474462,0.285158105617096,-0.861133236855904,0.3891646654289,0.60568520232194
CPSF3,1.53013403638629,-0.293195235515592,0.576341314082274,-0.507512958182365,0.61179494657586,0.785361412445857
IAH1,7.58622346188916,-0.893577716757089,0.349004892828261,-2.56118453591892,0.010431593062024,0.0469791602438671
ADAM17,7.52721508935768,0.632393877187633,0.34683174375523,1.82162179864849,0.0685123910240868,0.191559840852572
YWHAQ,26.2181433090701,1.03952833468683,0.227424260164063,4.56958109059457,4.88700052302226e-06,5.80648814741626e-05
TAF1B,2.77852325882463,2.0626820548775,0.54363339256912,3.71754448039904,0.000201168575709492,0.00168081638915167
HPCAL1,4.64455153621671,0.703644605150445,0.412564720977886,1.70204880955325,0.0887462188410711,0.229287812240832
ODC1,2.5592722103182,0.0374982315347647,0.530792200720511,0.0708081397509541,0.943550453503731,0.97020346199601
NOL10,0.496875923492995,-1.09579631387573,0.867772723010106,-1.28728337570054,0.197995535772738,NA
PDIA6,26.2189197358767,0.553538877265515,0.183277569429081,3.0198913030175,0.00252865417252809,0.0148522698828346
PQLC3,10.4672922404393,-0.324154924455003,0.329129981476379,-0.984259061333771,0.324988152863161,0.547109550748293
ROCK2,1.27057789081072,1.17877100885275,0.697006296512068,1.6774427006804,0.0934559453017665,0.237617148568859
E2F6,0.316203209113851,-0.231417611853441,0.874091938405803,-0.269773612284994,0.787334424727336,NA
LPIN1,1.07418568846707,0.199835323396276,0.699423076071082,0.28552218572923,0.775244109734915,0.883277529333142
TRIB2,0.463764434675277,1.67474741507944,0.859579029648539,1.96438444678852,0.0494855251393941,NA
NBAS,0.605340557630994,-0.565741538006551,0.772599521517842,-0.718449848175993,0.472479960385466,NA
DDX1,2.13658675746568,0.00274695763419382,0.533695215025406,0.00512941731856121,0.995907335062578,0.997324536718085
FAM49A,32.4404775908394,0.599020716156154,0.196961315047745,3.04162894031274,0.0023530176202655,0.0139641699894261
SMC6,2.7793599760176,0.16220633113687,0.476655836551235,0.340351225370199,0.733592044917413,0.862221941292637
RDH14,5.74901710715266,0.790644243626802,0.341711286203722,2.31130036899927,0.0208162696598459,0.0793456048119313
TTC32,1.68354960908636,-0.81028648084179,0.61101965038156,-1.32239833451118,0.186035543174193,0.379576268918426
LAPTM4A,56.0522427515117,-0.0940294722327504,0.153843719196808,-0.611245588161024,0.541037006995561,0.731840590527723
PUM2,0.844798668096826,-0.248312249317283,0.741906671180322,-0.33372240014812,0.738589044831283,NA
RHOB,3.29561821193078,-0.192442284366508,0.439263769439437,-0.43819052738582,0.661248174756294,0.818326833852798
HS1BP3,1.18177964818274,-0.124352566199972,0.67172012541083,-0.184057938452634,0.85396800293219,0.925199457205207
UBXN2A,2.85501763142223,2.46035188090146,0.558162172475622,4.26681053929354,1.98287416133509e-05,0.000209079812399078
SF3B14,17.7881079973572,-0.211143961016154,0.200582760867415,-1.05257620231181,0.292535268781581,0.511422166132376
TP53I3,0.882228786928197,0.426994250917831,0.76381038321219,0.558354489878085,0.576602343077026,NA
ITSN2,8.83297193353281,-0.0575075087138246,0.28143491594476,-0.204334003802728,0.838092499293468,0.915903659243447
NCOA1,1.33506908587702,-0.331567076673535,0.625934600838031,-0.525796957992224,0.599029288360466,0.775238311363239
PTRHD1,4.49879094113168,-0.222344390359565,0.381245820985601,-0.583265213871511,0.559714776162414,0.743982449546694
POMC,1.6425837172241,-0.335959125940043,0.584913919903524,-0.573650372802884,0.566204417234414,0.749561789320055
ASXL2,1.12716737792826,-1.80099630914621,0.709190329301246,-2.50988751875828,0.0120769623632567,0.0525265143881368
RAB10,41.8634219705722,0.393554364871207,0.169880966423559,2.31665583160583,0.020522487396019,0.0785723505397755
HADHA,9.71429366136045,-0.639258202606098,0.28852470568034,-2.21528020611899,0.0267408376034617,0.0959346433796508
HADHB,6.00990236392789,-0.317714719461162,0.378931322472669,-0.83926128514671,0.401322703290139,0.614955215856899
OST4,48.245225030927,-0.122938420924316,0.137827930919506,-0.891923417610338,0.372433981865995,0.590582743164306
PREB,2.36792824612826,-0.167285603432793,0.563848848392098,-0.296599010759487,0.766772666203837,0.878390762394409
SLC5A6,0.409174566745743,0.460982316739427,0.83695026291073,0.543290965839578,0.586929483450953,NA
ATRAID,12.2144522482683,-0.453395062841313,0.242687255799431,-1.86801912364304,0.0617594053952151,0.178350177783554
MPV17,2.07454175295642,-0.458305613887209,0.607525700136279,-0.752915559613145,0.451500657429739,0.659424037109879
EIF2B4,1.19584823988859,-1.20683096839779,0.699403026344426,-1.71241698115156,0.0868198518634661,0.226257849863635
SNX17,7.2757870602086,-0.0831365299726972,0.326732363738148,-0.254358684520475,0.799218466453771,0.894017133643238
PPM1G,6.38157932746602,-0.910391127494087,0.356109183583826,-2.55331559741368,0.0106702763316277,0.0479030865948567
NRBP1,10.0733717227268,0.31486317055801,0.304454560101405,1.03440173265911,0.300948394742594,0.521820411393787
GPN1,1.60906540463716,-0.592646254068345,0.562333232354815,-1.05035442672591,0.293555190323781,0.512421476084425
SUPT7L,1.61453580075345,-0.625311074505728,0.590825608013086,-1.05387190564411,0.291941567000344,0.510696680565339
SLC4A1AP,1.96400827729659,-0.830065565152485,0.512807857569538,-1.61140958933053,0.10709047853076,0.260213471429971
MRPL33,7.75419276142584,-0.470559749732569,0.286350883688611,-1.6428990241374,0.100403826980088,0.248968990324635
BRE,3.46762000407207,-0.349732128893258,0.437071859175728,-0.7997675046551,0.423845513568514,0.633275061449427
FOSL2,4.06478171947836,0.177633377883073,0.40640015689179,0.437317089602594,0.661881403247945,0.818740776638928
PPP1CB,7.89301566718886,0.284521574876432,0.296475130191177,0.959772364354444,0.337169793895786,0.557948738105355
TRMT61B,0.37684151941217,0.00598225800578787,0.894269383297111,0.00651577437104693,0.994801201013801,NA
WDR43,0.926524134081521,-0.406084446878719,0.745014052340502,-0.548747833259447,0.583178514938293,NA
CLIP4,1.11711207981125,-1.46294133581133,0.715743882085925,-2.0152259632305,0.0438809783094582,0.139944079820622
YPEL5,22.9085116801795,0.210262695905941,0.190127937487658,1.10576179886992,0.268829633641983,0.485642270823193
LBH,1.6023787065115,0.719532164705695,0.667502789835769,1.07274774858213,0.283384310424227,0.502650941674257
DPY30,4.43427769211511,-0.323742064163594,0.400528164153324,-0.807471349825047,0.419394974372485,0.629257621039316
YIPF4,11.2192250996636,-0.413335890028228,0.294260654682461,-1.403760792615,0.160390092772718,0.344015099790387
BIRC6,2.22309580469796,-1.24646711098452,0.597745929599156,-2.07533653945535,0.0379553552229649,0.125384309305922
TTC27,0.126558484924479,-0.238329179624745,0.970966789477761,-0.271757850654553,0.785808216155588,NA
RASGRP3,1.47551559805933,3.01314968352294,0.706192247345398,4.2227250806559,2.41366162039384e-05,0.000252638757519245
FAM98A,0.263717877826728,-0.351286184140359,0.957267213282133,-0.354232647734906,0.723164538443717,NA
FEZ2,7.06633311837008,0.644679167113137,0.353659657883544,1.82177331058113,0.0684893890039428,0.191559840852572
EIF2AK2,35.0643692341463,3.02237800524625,0.240844284526748,12.4806127566531,9.5250784835613e-36,1.08871647067106e-33
CEBPZ-AS1,1.22866142071696,0.170549883474243,0.65435916729594,0.258691138993361,0.795873556960723,0.892795347854467
CEBPZ,3.95045908061434,-0.374631119985246,0.421654918122662,-0.888289330859865,0.374385137238652,0.591714756210049
PRKD3,1.17858109146944,-0.697792531056274,0.694893253369901,-1.00578533593555,0.31451884274919,0.534167960270912
QPCT,5.9125005390731,-1.52571259537139,0.420888102902405,-3.60945333587859,0.000306842963701429,0.00245947761227723
CDC42EP3,7.74975199554773,-0.0684434105016717,0.328790662273521,-0.208343464328355,0.834960796533289,0.91352050113324
CYP1B1,15.0039755116112,-1.6746892236591,0.399406979494522,-4.18702247110869,2.82637852445963e-05,0.000291040599410573
HNRNPLL,2.14297328677045,0.876766368563165,0.553940595887089,1.57749870034509,0.114680820914634,0.273882528845437
GALM,1.34846230492547,2.44125399248958,0.705910389968342,3.42363367465926,0.000617898536154411,0.00449845876958275
SRSF7,47.6071839152581,-0.128906067546188,0.156023540145869,-0.826218132889071,0.40868036388128,0.620151447123536
GEMIN6,2.27923922387865,-1.90466814731015,0.591585381927852,-3.17201155494523,0.00151386983423967,0.00971017519941609
MORN2,1.477583537839,-1.55672404239635,0.654964981458571,-2.35796878249274,0.0183752381411626,0.0721878148661903
SOS1,2.27636511739146,0.261768259223238,0.517246815588965,0.505249272223129,0.613383767226425,0.786207378373018
SLC8A1,6.74406168420143,0.683488988148941,0.325245929055311,2.09962640248314,0.0357617183446539,0.120010698966352
EML4,4.21700901192969,-0.0414221126012095,0.406779159463888,-0.101733846945772,0.918967935537397,0.960335778766667
COX7A2L,22.3096337825393,-1.08669091689007,0.248742857587462,-4.36801725038357,1.25379592501949e-05,0.000138865188207101
ZFP36L2,22.1428046196688,0.00966230191540432,0.290000055706509,0.0333033086718952,0.973432715286287,0.985503625838996
LRPPRC,0.216572684077244,-0.828646052733964,0.959470653284705,-0.8256429890228,0.409006641369095,NA
PPM1B,5.42464101157456,0.249921682819351,0.366655210491405,0.681054249289995,0.49583716455189,0.697442627470847
PREPL,0.147247210984393,-0.182467337478796,0.973261045923324,-0.192666306039861,0.847220312891103,NA
RHOQ,2.61725978514314,-0.154394813379942,0.516084563123326,-0.29973170795199,0.764381810491812,0.876984281618886
PIGF,3.12559721352228,-0.226837999900343,0.426804360689504,-0.531450581593126,0.595106578022662,0.772260239191533
CRIPT,3.54779095846169,0.111672352446553,0.419304407072492,0.266158736095051,0.790116960924008,0.890634799148068
MCFD2,2.34786140125221,0.14944864077824,0.524630788363396,0.284530188661711,0.776004102411485,0.883614952237823
CALM2,82.3593001945647,0.288073608096541,0.130688530059236,2.20427279730871,0.0275051648345342,0.0979584921232996
MSH2,0.474461932898436,0.476042178455679,0.841569771517421,0.57056974310738,0.568291333373623,NA
MSH6,0.794340365917103,0.911935536507031,0.780829830107803,1.18112609434388,0.237552635173023,NA
FBXO11,1.31374817617854,0.305622670309453,0.617704304096697,0.494262123799385,0.621121070862882,0.791544733134596
FOXN2,2.47384889740926,0.761909956983778,0.506734310698524,1.49731111991887,0.134312322785608,0.305814711043726
PPP1R21,2.27640049877331,0.411725109880706,0.53159623609389,0.77362815703193,0.439150716166295,0.647843661045529
CHAC2,0.436557785394206,-0.89400353302988,0.87265165558627,-1.03724452220118,0.299621913572286,NA
ERLEC1,4.18125686442836,-0.181988886121556,0.413803958881627,-0.439729057583423,0.660133354416655,0.818187404140357
PSME4,1.10410305087365,-0.204737841393472,0.773019031904097,-0.265139478530184,0.790902015820113,0.891154954729398
ACYP2,2.12622516173175,-0.561331038009525,0.533364594001547,-1.05131298201603,0.293114866614621,0.512148813403842
SPTBN1,0.376589090819048,-0.347131775961783,0.892867934987415,-0.38539778121455,0.699942726198119,NA
RTN4,55.7635079307913,-0.133241461559503,0.155209638412405,-0.858499524965402,0.390616692679595,0.607173526772781
RPS27A,323.406510665705,-0.357544978424923,0.10275707773605,-3.47952728248691,0.000502299222401599,0.00376230675756899
MTIF2,1.44961205260144,-0.328187127336195,0.608339257511584,-0.540058536276771,0.589156664345496,0.767851844181188
CCDC88A,4.90537270682225,-0.439591539029408,0.388616776299835,-1.13052277377966,0.258256007776859,0.474583480492564
CCDC104,1.86907075105958,-0.441928471685453,0.584468742587053,-0.757626856668119,0.44867439765124,0.656975194101162
SMEK2,3.48061942120639,-0.935938277697493,0.438663054212502,-2.12761231290203,0.0333692405015404,0.113853856397793
PNPT1,9.19524177339371,3.89374383896044,0.500635249163933,7.41146796124996,1.24908977024456e-13,4.07917030682724e-12
VRK2,18.7027262540281,-0.0120922664874821,0.255488668640282,-0.0473384562149136,0.96224347879688,0.97972946398079
FANCL,1.36263378374121,-0.182507366507824,0.642529095184095,-0.283601395799119,0.776715867320527,0.883721119199046
BCL11A,0.222066864995727,0.899807234982562,0.956810744765356,0.964925137505433,0.334582309696342,NA
REL,9.88477056038193,0.0508551382278788,0.307707561211863,0.165333215718534,0.868681716196067,0.935465612975414
PEX13,3.18852166445732,-0.826627044309478,0.476738241512814,-1.73100185808194,0.0834514330661592,0.219882406626602
USP34,2.7314344912808,-0.822612357257963,0.513906330488944,-1.60061776284385,0.109461605574284,0.264657090835774
XPO1,4.72531917117289,0.122833003041135,0.368884642063165,0.332849887725919,0.739247598278998,0.86485159143592
CCT4,15.3217697443587,0.0889635180087998,0.229858169834319,0.387006791254749,0.698751180273149,0.841860912637019
COMMD1,6.02724925010039,-0.160460525700064,0.329063575230157,-0.487653022523181,0.625795631967986,0.793878365526535
B3GNT2,2.59012390142458,0.840826836853995,0.507012673982685,1.65220813050591,0.0984921295710793,0.245824676663119
MDH1,11.8100156152372,-0.459703525224348,0.273013383660872,-1.6837514094841,0.0922297213730888,0.236034773768379
UGP2,12.1209247450403,-0.303197096868158,0.25176339293418,-1.2040492550211,0.22857054158613,0.43673709300058
PELI1,10.8175080426329,1.90972602919319,0.315740643422375,6.01917483726456,1.75308436397567e-09,3.59099539072436e-08
AFTPH,5.0672832048848,0.32106751887108,0.436274410321492,0.735142454560332,0.462252740959447,0.668931668139987
SLC1A4,0.980425566924869,-0.269761394230116,0.68510103061475,-0.3941931736323,0.693438425186465,NA
CEP68,0.372163807724761,0.176861574124373,0.857909138069321,0.206423660317885,0.836459990536317,NA
RAB1A,19.0155133515156,0.291618693728626,0.219718593955573,1.32736437149093,0.18438817946628,0.377694920008813
ACTR2,22.1317921143932,-0.353614112520449,0.222019457290263,-1.59296271338931,0.111168555977602,0.267957949140445
C1D,4.23928892027885,-0.828406240329586,0.443874825178281,-1.86221378114143,0.0625729626711963,0.179855278880555
PNO1,0.929568184235562,0.433708377146179,0.720895623661461,0.604008273944296,0.545838141283834,NA
PPP3R1,1.60570900917703,-0.174250578387467,0.57346770505345,-0.303053742504667,0.761848905520161,0.875873364523782
PLEK,89.2280876781161,1.50087640593187,0.211748371664509,7.0866435290259,1.37403703750806e-12,4.00643962722375e-11
FBXO48,1.1400107413342,0.313099819298198,0.685308496714346,0.45705091892735,0.64763444700437,0.807600014102111
ARHGAP25,8.28006362983835,1.2960352275356,0.312220379619717,4.13976278210717,3.47665143567861e-05,0.000353542045460912
GFPT1,1.37744319592205,-0.889120302200147,0.654447144827235,-1.35996395388124,0.173841330952937,0.363486138048315
NFU1,3.02953031798316,0.0744580262355945,0.449374743879723,0.165647834093189,0.868434101106631,0.935375214441085
RP11-427H3.3,0.303039570225218,-0.513843202722555,0.918050359611542,-0.578734178608321,0.562768550170742,NA
AAK1,0.904029853327585,0.302406848230912,0.735483467377871,0.411891532261192,0.680418927583363,NA
ANXA4,20.266318423969,0.252785914485576,0.314950419118687,0.802541169309406,0.42223998372537,0.631909608066661
GMCL1,1.2525043427106,-0.477166155177112,0.715817902714278,-0.672516748481141,0.50125478135909,0.701094242649828
SNRNP27,4.86708590892715,-0.0712170425484914,0.455503607109418,-0.156642917377057,0.875526276863434,0.938898387472284
MXD1,23.3136431715709,1.22789110919267,0.237537649758643,5.16590094273157,2.39283499027349e-07,3.49745574665295e-06
PCBP1-AS1,1.9845594738335,0.404734857407237,0.633744002513566,0.638722465255164,0.523003495466225,0.718474608194383
PCBP1,69.2625277495156,0.226548100156722,0.125476744475127,1.80546992464422,0.0710011776980939,0.197072234358721
C2orf42,0.947447140649438,0.111018093457883,0.744210802657344,0.150676109751739,0.880231219703184,NA
TIA1,4.66844012859379,1.9902749200051,0.465400143901876,4.22048444148475,2.43777882382892e-05,0.000254696635798579
PCYOX1,0.0847901575793955,-0.046098593323155,0.917097582702035,-0.0547131866300737,0.956366963688311,NA
SNRPG,14.7046161246195,0.00620364020770072,0.257699356407785,0.0240838275117731,0.980785743357878,0.989791722283291
FAM136A,2.0601677358075,-0.864215237430636,0.577211123604281,-1.49263799218641,0.135531972754614,0.308012562680858
TEX261_ENSG00000144043,2.95539346531577,-0.291361983378158,0.480513476454237,-0.606748026528302,0.544018144533895,0.733788929905879
NAGK,51.8787434279908,1.68355004300312,0.173325677213837,9.70574642168892,2.84982679671823e-22,1.98619026137131e-20
MCEE,0.535342905015831,1.23687156072656,0.824204927594605,1.4900027915407,0.136223501936031,NA
MPHOSPH10,3.22995387145528,-0.682368763334235,0.529552222407812,-1.28965791953963,0.197169456180244,0.395213667578937
ZNF638,4.51717568467769,-0.703455117429156,0.446655972738474,-1.57540682994053,0.115162568903645,0.274365852070402
PRADC1,1.35358990388184,-2.59429996467927,0.711924294115386,-3.53080964204168,0.000414289787369332,0.00319092470999425
CCT7,8.18615350317602,-0.86164599697938,0.307723923046547,-2.79763663272228,0.0051477989309102,0.0267208636604467
TPRKB,8.24667463292939,0.0561664487519514,0.300935764753856,0.186644775269857,0.851939157987028,0.924754470635492
DUSP11,6.40874596452014,-0.470670282000298,0.34366628738247,-1.36914841301542,0.170952887615699,0.359212299634368
STAMBP,1.3098933841425,-0.541390403145028,0.630466230521182,-0.854958344593919,0.392574208800603,0.60799260561271
DGUOK,18.2531628929423,-0.286813458419478,0.211740282063178,-1.35445469195046,0.175591358978567,0.366666129483914
BOLA3,0.634343017366581,-0.568874730970942,0.800729301096341,-0.709869180470434,0.477785263828526,NA
MOB1A,55.1659771599407,0.912950869449729,0.158491822034671,5.75917974972911,8.45236572947914e-09,1.55322412038499e-07
MTHFD2,12.6850135246679,0.771362002208941,0.263128217747777,2.92909227138689,0.00339953489295194,0.0187532257849617
DCTN1,1.62858235729402,-0.598507232899295,0.582088043332922,-1.02721212914675,0.304320587975378,0.524959903495105
WDR54,1.05415219629751,-0.765694873997819,0.712996636034785,-1.08054571280801,0.279899242054796,0.498635962700486
MOGS,0.647021839390711,0.511873214336465,0.796466507095638,0.632078400885733,0.527335648156237,NA
PCGF1,1.39615185342681,-0.776408573730954,0.644395770110381,-1.19404478535119,0.232460449771387,0.441342085538969
AUP1,16.8351733816004,-0.439077749158246,0.237050632589041,-1.85229136779997,0.0639839946050868,0.182615129267676
HTRA2,1.75283627452996,-1.45200654684433,0.582409063333111,-2.46351993887251,0.0137580243021125,0.0580702428999802
DOK1,7.89489968614154,-0.344681882701965,0.307896888552728,-1.11971503329894,0.262835216688384,0.479905195966171
HK2,3.61579570522103,1.48642869736844,0.496283089946237,2.97307233218346,0.002948349618399,0.0167659881285078
POLE4,13.2388620229762,-0.591226228254912,0.244462221737973,-2.41755510258296,0.0156251680302808,0.0637952171248983
MRPL19,1.06099158910272,-0.441338005021459,0.66344328808495,-0.665732862087656,0.505581864770122,0.705364010687437
GCFC2,0.836219629655208,-0.369809786499327,0.774869285892007,-0.479503637570096,0.631580381046197,NA
SUCLG1,5.80788316189244,-0.551488492656735,0.3347692184477,-1.64624461942807,0.0997134062780439,0.248175717839398
TRABD2A,0.126723505204792,-0.341368720256168,0.947189443969019,-0.38032732750888,0.70370245251723,NA
TMSB10,566.25796385779,1.67698239635387,0.111252473866419,15.0724840173189,2.45698736765345e-51,5.01488671647837e-49
KCMF1,2.9334202870884,-0.231983922148371,0.464992086645556,-0.498709929908907,0.617983748127016,0.789400339862739
TGOLN2,10.3293198071736,-0.557798217461129,0.276473414356016,-2.01789615276946,0.0436020778212012,0.139521766376352
ELMOD3,1.73667345678573,0.470907378043721,0.609369376676124,0.768271703077214,0.442325782249166,0.650680011725607
CAPG,23.215614282856,0.0629170123278027,0.2413218370571,0.2607248664163,0.794304688487853,0.892187754463066
MAT2A,1.07833025270352,-0.192999236027084,0.672535269249192,-0.286280796016536,0.774663065445156,0.88300645909359
GGCX,1.67132185805642,-1.41280262223839,0.630467582546802,-2.2169912175379,0.0266236916848297,0.0956344424756768
VAMP8,14.7280932159714,-0.694585787582586,0.236887854677591,-2.93139441364093,0.00337444054391878,0.0186508004917755
VAMP5,95.6610898519474,2.8765039827451,0.257010621139336,11.1713329052723,5.63291783843766e-29,5.45629244858835e-27
RNF181,23.9083698774524,-0.353258884396123,0.203580980762218,-1.73521458948669,0.0827028032848565,0.218413364497669
TMEM150A,0.649744922720638,-0.858638067925695,0.77917467970228,-1.09098452644378,0.275279691343973,NA
USP39,1.90266328341963,-0.432056745004915,0.558607076524193,-0.774645009562547,0.438549453260268,0.647123709109845
C2orf68,1.94098997766392,-1.26016137689813,0.546015594729733,-2.2863956165049,0.0222311245501924,0.0835311484578236
GNLY,16.6430363752373,-0.116748144140101,0.731791615375336,-0.159532457468087,0.873249388401765,0.938262879247243
ST3GAL5,6.19580557191206,1.74832978185622,0.36420677581094,4.76596900044381,1.87948157246087e-06,2.3503801283619e-05
PTCD3,1.0016651531639,-0.558498239485274,0.793168715989612,-0.713765739153808,0.475372048397607,NA
IMMT,4.10923808535876,-0.0929350420696153,0.422224103960083,-0.220359299198312,0.825591340852058,0.909201156551478
MRPL35,0.792158517029493,-0.838299703598546,0.745104171855984,-1.11479708226331,0.264937387090457,NA
KDM3A,0.771151145563192,-0.0429028980510735,0.758467303773337,-0.0566370668512974,0.954834306844023,NA
CHMP3,14.3516057179433,0.390896982237235,0.274405493913826,1.4249637571317,0.154167677917836,0.335517242688664
CD8A,0.836756131153024,0.823518814686632,0.813940415570012,1.02371369975477,0.305970522659633,NA
CD8B,1.02957130308319,-0.424087318416839,0.722025606202621,-0.590590651891983,0.554794729898916,0.741235441284598
LINC00152,11.0101049957349,0.349410396745786,0.343650529162537,1.0179071368446,0.30872208965382,0.528843435753898
RP11-1399P15.1,0.191164284868563,-0.138041423195524,0.973156452635235,-0.139201820917169,0.889290669630555,NA
KRCC1,7.93509519668071,-0.0811958485576851,0.286757958944736,-0.283148802900471,0.777062772317662,0.883939837538901
RPIA,3.8790907827377,-1.54621867160082,0.46311239493603,-3.31454510597647,0.000917923689734044,0.00631574902853646
MAL,0.0605975047924517,0.148317053070505,0.882634147784749,0.173399058107645,0.862337765412758,NA
MRPS5,4.72069554422277,-1.00274450025282,0.384002928241332,-2.60561431394567,0.00917096650598164,0.0421318919466922
ZNF514,0.505211959178073,-0.0465947135824769,0.812904165627233,-0.0578240920976379,0.953888747564476,NA
ANKRD36C,0.112677630957627,0.0670199812081042,0.966734039714903,0.0695274379745407,0.944569793148519,NA
DUSP2,16.940576337612,0.642261207722268,0.381891482096563,1.68342578139595,0.0922926958346608,0.236034773768379
STARD7,2.82900956034958,0.127133745752801,0.452983703949242,0.280518263080029,0.779079915797727,0.884825460807633
TMEM127,5.23558828236996,0.323262716830171,0.393760074726392,0.820736752897004,0.411796231327996,0.622466589673254
CIAO1,5.77812920297193,0.124918045318042,0.379843049341544,0.329352774751466,0.741889058587887,0.866522781489838
SNRNP200,1.82350049321728,-0.378985123730838,0.573491841942231,-0.662324564955945,0.507763236913286,0.707056062064248
ARID5A,20.4276071038202,0.853018961830089,0.295541991184322,2.88641507656444,0.00389657889059585,0.0210481553494852
ANKRD39,0.662447021835857,-1.16211627775635,0.784052294616706,-1.48701175474233,0.137011706386405,NA
FAHD2B,0,NA,NA,NA,NA,NA
COX5B,39.6451124112146,0.0408780978837827,0.143090458790233,0.285671676788983,0.775129599703131,0.883277529333142
ACTR1B,0.968462855793642,-1.66831002985626,0.719778626765269,-2.2875134236732,0.0221658728215284,NA
ZAP70,0.296848535171925,0.27214052158469,0.947925763774451,0.295264570179835,0.767791779498153,NA
INPP4A,1.83164571942008,-0.317683505651266,0.594438852062252,-0.534675642973045,0.592874166996911,0.77006269645167
COA5,4.49598331612428,-0.386168829446964,0.374836592027067,-1.02992052780838,0.303047313538014,0.523772579872873
UNC50,8.98694769835535,0.017094331987349,0.279134665151444,0.0612463196176401,0.951163041225675,0.974370516270366
MGAT4A,2.10629063453677,-0.93341507856612,0.56547812088179,-1.64263304860586,0.100458878685671,0.248968990324635
LIPT1,0.761045901988215,-1.23020994477563,0.806849952618536,-1.53377044545443,0.125086136215488,NA
MITD1,6.0818150309641,-0.240324351124472,0.425348052198502,-0.565274836708515,0.571886841392837,0.754114743553314
TXNDC9,7.44111529777192,0.0343200399029354,0.338138195313197,0.101514612489453,0.919141958391723,0.960335778766667
EIF5B,6.92751148329969,-0.684144465854373,0.374772728092663,-1.82306005206373,0.0682942961056722,0.191266609029072
REV1,0.908323290676644,-1.66835266202801,0.750803670790481,-2.19373080643072,0.0282547677632983,NA
PDCL3,5.23721922760818,-1.86450385718748,0.438594672271012,-4.21627389753721,2.48372069616816e-05,0.000259023061653304
RPL31,155.38227140431,-0.0971451162313903,0.115749202760358,-0.839260807685396,0.401322971162937,0.614955215856899
CNOT11,0.451913977238606,0.0186638046566107,0.81845307680005,0.0225639421291014,0.981998106512427,NA
RNF149,24.674317113858,0.516331972037019,0.2133716733473,2.4194391719802,0.0155444602926133,0.0636365261979121
MAP4K4,1.74662523773111,-1.57529396819699,0.595790652157382,-2.60794890937502,0.00910865483961027,0.0418792939729467
IL1R2,2.44018112200033,-0.764010591639397,0.6588415729312,-1.1624043636856,0.245071251602028,0.457557073801237
IL18R1,0.13949137245222,-0.129220365618544,0.970270265021554,-0.134534739039254,0.892979742990627,NA
IL18RAP,0.0802111075460053,0.236751279446469,0.907726236643646,0.262807937832333,0.792698617042307,NA
MRPS9,1.74588017519941,-0.979277843751308,0.622043426375405,-1.5698192020745,0.116457178990576,0.276392349639179
RP11-332H14.2,0.107226538731028,0.274020736665074,0.883072388529553,0.311993797221185,0.755045237325182,NA
C2orf49,2.13126754391434,0.310645636806266,0.512783777896434,0.605136001896193,0.545088634698106,0.734575748401284
NCK2,0.980766340028907,-0.594909827220505,0.816545709099872,-0.763822403497236,0.444973084091647,NA
UXS1,2.45674592909279,-1.03880546249616,0.517094456092197,-2.000214135663,0.04547714606442,0.143354599976923
GCC2,10.104943973564,-0.193049079859762,0.301416952403438,-0.6403316345668,0.521957018502322,0.717926440611498
LIMS1,57.7273385196794,-0.532782533404362,0.177976785459417,-2.99356718050587,0.00275736796755276,0.0159175332672364
RANBP2,1.10520797166692,-0.525498720810849,0.713980294416352,-0.744587128659586,0.456521351410692,0.664041619575491
LINC00116,1.15155322242371,-1.22527944117293,0.678813420133084,-1.78757514718401,0.0738445781110752,0.202117703019538
BCL2L11,0.593291740683479,-0.952441864361023,0.7920193383963,-1.1908681628608,0.233705344692772,NA
MIR4435-1HG,2.83750414654702,-0.253526151579649,0.542226349666446,-0.469180581179681,0.638940564556455,0.800777483868452
FBLN7,0.155372291201422,0.14217022491241,0.969207255883186,0.143103907562295,0.886208118919204,NA
ZC3H8,0.369118045189051,0.457747275771619,0.857504080261176,0.523812415094722,0.600409017436563,NA
ZC3H6,1.03108978372333,0.626371637923989,0.70715514251456,0.882878954043978,0.377301675802318,0.594016274713567
CHCHD5,4.8583812929819,-0.412943158553149,0.410272318515928,-1.00605378834145,0.314389696535277,0.534107347116263
SLC20A1,3.1129000179722,0.015647548953207,0.525383200936649,0.029743355237306,0.976271734724176,0.987372759898179
IL1B,29.5150314917465,-2.83672787927513,0.359613249004749,-7.85465367216473,4.00878292856501e-15,1.59098572477424e-13
IL1RN,106.113606502485,3.74176861397715,0.455115771883964,8.20249877971012,2.35441130609324e-16,1.05948508774196e-14
CBWD2,18.2829869691761,1.73462817326348,0.239260998906736,7.2335775037105,4.7043377244122e-13,1.4454457040331e-11
SLC35F5,2.54663338473314,0.474246095799796,0.547321698844208,0.866269566297989,0.386342351697652,0.602887642175256
ACTR3,62.3891616727633,-0.0501848456561337,0.13692979309236,-0.366501728608991,0.71399072296778,0.851159153475357
DDX18,7.52827625875266,-1.53368242128084,0.375038913491627,-4.07788915454737,4.54464226313925e-05,0.000448577384004159
CCDC93,2.40824762001803,-0.299008700865392,0.538158810383361,-0.557209779997991,0.577384108448281,0.758912184862448
INSIG2,3.82487260964574,0.596095577067832,0.39338841419407,1.51234207346438,0.130446862938025,0.300364150560359
MARCO,2.98372760497151,0.384666087236675,0.553261615759431,0.695779602085748,0.486566865393602,0.689152326077927
C2orf76,0.510610194685876,-0.470952558801898,0.848888875041427,-0.552056658166961,0.580909535538332,NA
DBI,30.665345697832,-0.479216796233234,0.183008131679597,-2.61843028482023,0.00883353395351961,0.0409930070740702
TMEM177,0.10371223307565,-0.0752458445997808,0.93437155457596,-0.0823433963586225,0.934373646264207,NA
PTPN4,0.515949839813262,0.137835754435448,0.801612568551187,0.17260460617601,0.862962231040011,NA
TMEM185B,0.80488398247964,0.157767729256862,0.749058731882119,0.208872689232716,0.834547624743297,NA
RALB,12.0086342963906,1.15903411664455,0.297806100926773,3.88541992034258,0.000102153162320488,0.000943906266262223
NIFK-AS1,1.23871061617608,0.408502141382539,0.629104159316114,0.647909384364862,0.51704356071688,0.71360194035161
NIFK,3.63542948560417,-0.340173214912095,0.43639946274716,-0.780276627887792,0.435228066781224,0.645054046072275
TSN,4.51633503583351,-0.942355491402475,0.429332041985382,-2.1929252130869,0.0283127678177975,0.100190382711277
GYPC,2.04339807614244,0.555684492910899,0.68041047769634,0.81384804066964,0.415732009909397,0.62655813202326
BIN1,8.01938401253046,-0.494150194523094,0.308881508762195,-1.59916277489794,0.109784439246433,0.265123602091671
MAP3K2,1.61837685106835,-0.65871065183537,0.603053925630869,-1.08757168933975,0.276784234468559,0.495558239344554
IWS1,2.14155421237525,-0.282314340048088,0.564137746163414,-0.501677835473342,0.615894158034188,0.787986809891774
WDR33,5.79541816105476,-0.415650328757325,0.348705369755897,-1.19240031677838,0.23310431615253,0.442294544094194
POLR2D,0.880626176534659,-0.167784798926725,0.715189759417478,-0.23441148461951,0.814665543564663,NA
MZT2B,5.22195515452937,-0.121026970804298,0.362109785731562,-0.334172706091804,0.738249238656006,0.864677955319533
CCDC115,4.73572117101493,-0.960744244794307,0.390514582704698,-2.45698158131734,0.0140109869955249,0.0588649933237336
IMP4,2.14652922690378,-0.764876851685909,0.536935105260929,-1.41924518651112,0.155827546378561,0.337843106052154
PTPN18,3.36309174739165,-0.533353295538998,0.525767746017925,-1.01088537587188,0.312071294176981,0.531907976803294
FAM168B,1.14587388520291,-0.796710323429331,0.70058853424996,-1.14141367516761,0.253697816546876,0.469369705913046
PLEKHB2,11.319437051212,0.371602575419221,0.253342314613742,1.46676749202678,0.14243931572629,0.317995409410564
MZT2A,1.43858255709041,-0.602983417030579,0.698348303376601,-0.858020731955177,0.390881015667882,0.607173526772781
CCNT2,2.07211392912062,-0.244397126809125,0.574473277553245,-0.425707228868185,0.670321193911912,0.823651814895829
RAB3GAP1,3.1346134405384,0.334702684123306,0.469099801813986,0.712627189226405,0.47607648248022,0.681216098491351
R3HDM1,0.429974794756201,-0.615038542458352,0.903456512298001,-0.71681133474329,0.473490516863519,NA
UBXN4,24.7169723770385,-0.0608403908773383,0.189681277735619,-0.320762493247202,0.748390384687655,0.869321044620859
MCM6,0.458187404809036,-0.232839657803725,0.847209377070859,-0.269233911617074,0.787749685696705,NA
DARS,1.99566415288411,-1.055863015435,0.59562447900543,-1.76144885083329,0.0781624630006431,0.209913187570126
CXCR4,70.1524835668908,-0.95546785403711,0.267161160668269,-3.57615671038879,0.000348682679047967,0.00276000209246417
HNMT,8.49978150549238,-1.58784542371546,0.329586210873318,-4.80204204307647,1.57055705814523e-06,2.00351196145088e-05
SPOPL,2.27928310811328,-0.562595661181346,0.63517331286554,-0.888279732590991,0.374390298942351,0.591714756210049
KYNU,130.008227370084,0.379431538643478,0.156394991448408,2.42613289165432,0.0152606810376426,0.0627896271635186
ARHGAP15,3.44528023321754,0.324549633076954,0.461640091752358,0.703382293880753,0.481817537868223,0.685622372711218
GTDC1,0.275821868860675,0.30746127586597,0.948133380340361,0.338686220803068,0.734846122025406,NA
ZEB2,21.171199372457,0.180355695139354,0.222346481192072,0.811062318347386,0.417329883963465,0.627972692693839
ZEB2-AS1,1.90190938658113,0.504487394575361,0.571688392888237,0.881142502558257,0.378240695156864,0.594511983724278
ORC4,1.37970877582731,0.674200298471285,0.624264451364953,1.07517229573993,0.282297596506618,0.501190047851917
EPC2,1.13480396402764,0.151420568199319,0.726478156385767,0.208052460952325,0.835188005537379,0.91352050113324
MMADHC,15.0225534724859,-0.207406911932796,0.237812285233693,-0.872177447952443,0.383111580491516,0.59903766963311
RBM43,1.16014578464736,1.23774267691441,0.68426905041827,1.79594096497986,0.0725039064593792,0.199514088157901
NMI,73.957099088204,2.12792973710257,0.185946607054418,11.4323830380058,2.88092231343424e-30,2.99354018568667e-28
TNFAIP6,71.8411461703989,2.3367973953979,0.256706584645588,9.09290102277473,9.64310244472435e-20,5.51103304715997e-18
RIF1,1.69336865857513,0.458340087514042,0.563771639371346,0.811479778146962,0.417090201125902,0.627842174501687
ARL5A,5.88384175367382,-0.606732737763922,0.366979878719586,-1.65266256551892,0.0983995570554364,0.245783858641529
STAM2,3.51349503462474,-0.138484030103862,0.474751269931166,-0.29182325891914,0.770421760863476,0.88041598946906
PRPF40A,10.7597694865699,-0.318127103456181,0.278880512855651,-1.14025906037188,0.254178388475335,0.469694520454958
ARL6IP6,8.90556506808293,1.2403821864192,0.34355680082333,3.60171776992829,0.000316121454511301,0.00252323200074314
NR4A2,1.00196528949879,-0.868217637157028,0.796469190608495,-1.09649265594555,0.272863235511414,NA
CYTIP,76.2433675447789,-0.608891016629145,0.167991900532219,-3.62417882684526,0.000289880992230282,0.00233992919575715
BAZ2B,2.79788955437606,0.203553003550648,0.452233987580432,0.449622021547373,0.652983006595915,0.811789837436514
MARCH7,7.68419854166979,-0.0226787003639655,0.346079010263793,-0.065622580083863,0.947678311551747,0.972174035275217
RBMS1,10.5189722794625,1.43474055793078,0.286512135201079,4.99439082285786,5.90217684873238e-07,8.03117635488228e-06
TANK,25.6434511910818,1.70610584499467,0.226179727032066,7.53268872160014,4.97060088176215e-14,1.70101700833956e-12
PSMD14,3.97577571137284,-1.52062695719047,0.466339130417463,-3.23697730402377,0.00120803019012018,0.0080371275163409
DPP4,0.101226631121087,0.2166804933356,0.932159308420405,0.262001815673673,0.793320042369937,NA
IFIH1,37.3111268795268,3.29293512795756,0.232683817409688,14.0548838676723,7.18997628558045e-45,1.28408482725288e-42
GCA,19.8481858386398,1.42815203305153,0.21583403662902,6.60762058175798,3.90546054298405e-11,9.37802815258564e-10
GALNT3,1.09688167108459,0.229329086033166,0.680334933902965,0.335392730693966,0.737328850802363,0.86432985983674
CERS6,0.464288442677623,1.56785480152187,0.83979420424247,1.86777155549007,0.0617939198447549,NA
DHRS9,3.63426509695743,0.990252911241805,0.443509931106042,2.22334151549716,0.0261927801060947,0.0942643188327023
PPIG,16.2612992058784,-0.846289024392063,0.2337738510072,-3.61912531858458,0.000295600470893003,0.00238273158131666
SSB,77.6871062897233,2.59516418900359,0.151576305501107,17.0953558458948,1.60712067671942e-65,8.34972242495588e-63
METTL5,3.75862748914148,-1.22155105545644,0.46107666983357,-2.63972187477776,0.00829740901240951,0.0389324240606899
GORASP2,3.53480042770295,0.36588777709075,0.473766553877834,0.772750243944125,0.439670205077129,0.648108130517357
TLK1,1.87799293581731,0.152745234672114,0.549472315087581,0.277816976972583,0.78115285827114,0.885420187429505
DYNC1I2,4.05982344595607,0.0868884775381251,0.404118531111198,0.215170180392417,0.829634639005356,0.910749512469384
HAT1,4.223131537266,-1.19374979676237,0.446031187027962,-2.66562112663207,0.0076846243011468,0.036602683719153
MLTK,1.43823822605488,-2.4832196331928,0.706422277245305,-3.43649521716016,0.000589292758019839,0.00430665998987645
SP3,4.10044437708806,-0.809352507692633,0.491639694041221,-1.64736174215161,0.0994837141036844,0.247749491452466
OLA1,2.42406759524288,-0.714029838247304,0.550205987998525,-1.29985834754964,0.193649523203445,0.390186919104504
CIR1,28.3650008037942,1.45725586620972,0.213149226195755,6.82975966799766,8.50570058792829e-12,2.20674929182975e-10
GPR155,2.30509362193307,1.1886345562093,0.541110354817671,2.17928577212805,0.0293104455122574,0.102829463537478
WIPF1,23.3843760080225,0.932239325600326,0.188959908704035,4.93144928986817,8.16217581258045e-07,1.08481011090459e-05
CHN1,0.115264936260426,0.0680423567244665,0.884729450753555,0.0840449367101698,0.933020703801134,NA
ATF2,2.35014259916979,0.38240258911514,0.553611243866934,0.691671481173753,0.489143660561901,0.691260143449867
ATP5G3,19.4021745204384,-0.918313298518995,0.281792205133597,-3.25834453399254,0.00112064260268676,0.00756136065449211
MTX2,2.4786646457192,0.882611040885401,0.532081850479754,1.65362953442712,0.098202807992281,0.245587423520928
HNRNPA3,18.4348614534824,-0.565304829920388,0.200371137621792,-2.82079136783632,0.00479053474572243,0.0253264626011135
NFE2L2,34.9323203246765,0.0473019698186335,0.215359198183431,0.219682139622114,0.826118715407038,0.909201156551478
AGPS,2.00500314028606,0.224003670179445,0.576284748232435,0.389754182510329,0.696718326701912,0.841273027065588
RBM45,0.478150933980398,1.52994709407045,0.870583548200609,1.75640860922896,0.0790186638813148,NA
PRKRA,3.55624147825996,-0.799016112040357,0.448429637604007,-1.77734740850866,0.0755110979785441,0.204795559627291
PLEKHA3,2.58291463316923,0.479377607786944,0.541281563708949,0.885649950259828,0.375806186168967,0.592641378023081
SESTD1,2.69520035665001,-0.38906326765977,0.463213309961427,-0.83899974868385,0.401469450632036,0.614955215856899
CWC22,2.69647324852823,0.454890641132046,0.517003336274648,0.882067645283874,0.377740227532637,0.594052118973313
UBE2E3,9.19799352390404,-0.155416703808764,0.292249383511843,-0.531688119798614,0.594942021496688,0.772222042437786
ITGA4,4.92375674926194,0.83233620980948,0.3613076819616,2.29851424590091,0.0215325380223343,0.081243164272621
SSFA2,2.15530928968321,0.327214329594282,0.564036372788678,0.57760384646088,0.563531609443958,0.747213108377259
DNAJC10,1.23821933712593,-1.34641151638997,0.719852228305593,-1.87890339034534,0.0602576858422191,0.175164127460978
NUP35,0.731413790407279,-1.27005762803382,0.78925659967109,-1.5895716346395,0.111931395082195,NA
ZC3H15,10.4561259804671,-0.486126836624976,0.291977243137779,-1.66431860210848,0.0960487768932001,0.242347088704933
CALCRL,0.546258729672234,1.55585032211544,0.924626176033678,1.73153879568601,0.0833557116466069,NA
TFPI,0.268835675975217,0.189401795116017,0.973189456072274,0.201289678648982,0.840472072645638,NA
SLC40A1,0.114388389162524,-0.0522462889544673,0.973002782947632,-0.0532302729113674,0.957548435504873,NA
ASNSD1,1.79966741820272,-0.711393468356017,0.55671672203225,-1.27391692478041,0.20269285957891,0.401939518561232
ORMDL1,11.8106159007297,0.0192315622273012,0.267274909755799,0.0719389569050527,0.942650487221687,0.969833604553319
C2orf88,0.054604941241844,-0.00744418067932987,0.882614067734749,-0.00871705621386015,0.993044883514575,NA
HIBCH,1.60343353698687,-0.926325647983457,0.624107860410016,-1.48088647116434,0.138636828720526,0.312424872294088
INPP1,2.7694907508916,-0.632181662918029,0.498435912634769,-1.2647099457726,0.205975323355249,0.40649396975426
TMEM194B,0.313605372455066,0.492312411562358,0.884696778920877,0.566924217416274,0.570765669891609,NA
NAB1,2.35904895859487,-0.146957596257743,0.574292361985632,-0.256898154827471,0.797257395026472,0.893062644437162
GLS,1.9126315906228,1.42725969375124,0.583329978069913,2.42032669792869,0.0155065686772939,0.0635269103876236
STAT1,30.8847949925636,1.26271575768774,0.178982341606304,7.0502916438632,1.78543175663276e-12,5.10187124457811e-11
STAT4,1.97125621830587,0.776594931504289,0.617661921474285,1.25890019970358,0.208066381701158,0.408503165979762
NABP1,7.02780295774614,1.12992068246083,0.428681942736049,2.63478241248918,0.00841912337659708,0.0394064619961116
SDPR,1.78114823753919,0.809518843131819,0.646809763964088,1.24734427388775,0.212271290117573,0.413896425459545
SLC39A10,0.781393231262689,-0.281674567651433,0.783103396440002,-0.362885148241363,0.716690681602413,NA
STK17B,6.49207163057968,0.423568853518042,0.329847924468524,1.28302734814281,0.199482494950085,0.397400714096824
RP11-347P5.1,4.22246599858122,0.256904484615353,0.418666727229961,0.613449711087813,0.539579024886002,0.730906406073359
GTF3C3,0.621609447642597,-0.539618947620079,0.86075203864503,-0.644114573235238,0.519501140900806,NA
PGAP1,0.950068986056771,2.20850211129117,0.80008390697839,2.77740210904265,0.00547953428930827,NA
ANKRD44,3.19862520905066,-0.658623421129495,0.441564693153041,-1.4873839082721,0.136913444478556,0.309772661580669
AC013264.2,0.0357421795770092,0.0674168058199646,0.882413679742461,0.0835247909725053,0.933434265916411,NA
SF3B1,10.9261216219206,-0.668326473013819,0.278099289623745,-2.40261176672876,0.0162784592633776,0.0656049896894235
COQ10B,5.80831921696714,0.0241372762022823,0.390180263981176,0.061756538595594,0.950756714562269,0.974282701044176
HSPD1,15.9270224585882,0.0987793291260516,0.236753394724992,0.417286233500987,0.676469056693764,0.826602663888146
HSPE1,14.0108914407975,-0.087182082851651,0.269624188096606,-0.323511119342725,0.746308187889249,0.86835798611554
MOB4,8.46956298222741,0.192388225027556,0.381433454484132,0.504229843503989,0.614099871130998,0.786887674165114
C2orf69,0.596899022643816,0.880854970117285,0.778185086194402,1.12361102117401,0.261178078534469,NA
TYW5,0.705406476031718,-0.167023607075908,0.73674763285947,-0.226665755956597,0.820683656858223,NA
C2orf47,2.82946643762466,-0.301129892326663,0.493156905660488,-0.610613469842153,0.541455503184012,0.732060137377958
SPATS2L,27.7927636571059,3.66595168197359,0.267498021153778,13.5122597246272,1.32394332856498e-41,1.94008618532022e-39
BZW1,10.610472879602,-0.280281349958625,0.272684728520397,-1.02809383449007,0.303905690581508,0.524560864292757
CLK1,4.6135491569517,-0.131905644553596,0.390038061328381,-0.338227289708227,0.735191912224662,0.863110472137211
PPIL3,0.631009520017814,-1.12653814807103,0.852492387707477,-1.35143440953441,0.176556317488527,NA
NIF3L1,1.39991635852728,0.201570074890954,0.676035077247274,0.298743001000443,0.765136144380354,0.877534229406727
FAM126B,1.30547658625291,1.37786235373025,0.700649521859174,1.96830973392277,0.0490324106495415,0.152104687938471
NDUFB3,16.0553169006931,-0.0658941548343874,0.245294589426279,-0.268577395993591,0.788254908737634,0.889588626270849
CFLAR,54.4886833109349,2.26118277392026,0.200384516539297,11.2693934378423,1.8584575028211e-29,1.83122148769355e-27
CASP10,5.95553913001219,1.32048298542385,0.34731677002175,3.78666385591692,0.000152683425846955,0.00131702640900472
CASP8,7.01560539250456,1.81759876739625,0.352005688723606,5.12775168664112,2.93222835865471e-07,4.22107936264778e-06
TRAK2,0.632976200526702,1.32884049688441,0.801980945479045,1.64263524305601,0.10045842437922,NA
STRADB,1.30454116400925,0.196266639958944,0.65686835753913,0.29749811523809,0.766086246717854,0.878271394181051
SUMO1,25.292407773835,-0.335629048984921,0.186858214140706,-1.79590693373872,0.0725093195282521,0.199514088157901
NOP58,2.64583892314668,-0.397462365085414,0.503826853408943,-0.790117543704717,0.429459125102496,0.638657012740246
BMPR2,1.87657587486941,0.312255948933366,0.602283305812354,0.5191839931938,0.60363244023835,0.779254437759695
NBEAL1,11.1981037423625,-0.492485541263703,0.259729034656533,-1.8956186297091,0.0580104920153623,0.169928222382263
CYP20A1,3.89767448879848,-0.184065080555253,0.401262432817884,-0.45840150532495,0.646664010387841,0.806741938303102
ABI2,1.38520559690358,-0.282884429539941,0.65449812128337,-0.431266495767191,0.666274608783235,0.821709414989592
CD28,0.185937649259568,0.276877399026325,0.962270998653919,0.29274997530213,0.769713267672474,NA
CTLA4,0.314459945985923,0.095164929429847,0.970021749218273,0.103054717341763,0.917919543925984,NA
ICOS,0.0960122869022393,0.125339657228738,0.924620498295833,0.149931033245207,0.88081902745949,NA
NRP2,1.30684037324358,0.401951569237875,0.755542084567053,0.539385624227326,0.589620798347893,0.768238461530408
INO80D,1.13233733223038,0.243058666592031,0.667501573679597,0.364308638259965,0.715627550058467,0.851689181296155
NDUFS1,1.10899711338433,-0.842028840855176,0.679826216993818,-1.23029479725316,0.218586731890902,0.422882773175468
EEF1B2,48.1395082499415,-0.541205583806618,0.184539818647214,-2.93300375333362,0.00335699833655033,0.0185723576896275
FASTKD2,0.570746901652978,-0.864556091197693,0.802250223631727,-1.09060992894294,0.275444558736801,NA
CREB1,4.51575240458866,0.028680189121382,0.399407702365803,0.0718224795068471,0.942743182957841,0.969833604553319
METTL21A,2.94766073927178,-0.880293083133365,0.544916340197129,-1.60661662864904,0.1081384924763,0.262202581460355
AC079767.4,0.219834363692512,0.36841967326996,0.912429834159357,0.410261748029404,0.681613949094612,NA
CCNYL1,0.737629772380165,0.0954234221622959,0.789589503555022,0.120503767394412,0.904084095445065,NA
BARD1,2.52976477775514,1.20072223561174,0.546639252849424,2.18387925323119,0.0289711219040669,0.101826544699719
ATIC,0.870871527920406,-1.0927205724902,0.755445117731876,-1.45210603462049,0.146472124260488,NA
XRCC5,19.568011235485,-0.649311441054978,0.245843644267447,-2.64136261406594,0.00825732891650088,0.0388080877942455
RPL37A,47.7250938140771,-0.201317680261946,0.153967123752004,-1.30753792701309,0.191030082721948,0.386330652147582
TNS1,1.91125810987916,-1.23347808755854,0.634102469305018,-1.94166972919492,0.0521770955283693,0.158951013296711
ARPC2,293.300738427832,-0.125116132504509,0.09573001301668,-1.30696775381777,0.191223663295906,0.386330652147582
GPBAR1,3.70965254852613,0.306526998481124,0.479878182013378,0.638936136353915,0.522864478620303,0.718474608194383
AAMP,7.71445462372176,-1.08753216705367,0.339364345787605,-3.20139822265871,0.00136762379854819,0.00891454238232086
PNKD,1.55479096374404,-1.29526456629217,0.625187852669656,-2.0534786984055,0.0400261736060871,0.130714046947879
TMBIM1,10.3506580216778,0.51355346016425,0.267341955410927,1.92054264001661,0.0547893925497216,0.164268978852975
SLC11A1,12.873181063573,-1.79562741975066,0.317992750491689,-5.62957231676003,1.8065701634216e-08,3.19645463899518e-07
CTDSP1,3.88729406604894,-0.364436606720592,0.437394386885301,-0.832740837747886,0.404990907475849,0.618360415769296
RQCD1,1.19614962352199,0.0640515876940302,0.660102898964307,0.0971657626469588,0.922594756805895,0.96101050387323
BCS1L,0.118603309405837,-0.33343504411691,0.942973970008458,-0.373573366054343,0.708721752356259,NA
RNF25,0.906086643156017,-0.402148669538552,0.725383567795473,-0.553944465423082,0.579616852792032,NA
CYP27A1,1.44235040243609,-2.09514610903322,0.683563087640866,-2.99217769090839,0.00276994985583469,0.0159418564210426
WNT10A,0.0371255403146849,-0.147465118504535,0.88240235086773,-0.1807592991308,0.856556511361202,NA
CNPPD1,9.66417376995607,0.837621649271314,0.302423265330424,2.76614696781649,0.00567229646432237,0.0288409023964434
FAM134A,2.24855205178687,-1.22540724938088,0.535554698681651,-2.26932189133952,0.0232487582327171,0.0863892414174109
ZFAND2B,7.43321340588239,-0.074073774854327,0.313549374876824,-0.236285757834135,0.813210937689509,0.902718831427226
ANKZF1,0.690140678698275,-0.086878893190868,0.763889254056469,-0.112788799328429,0.910197998517453,NA
STK16,2.39916203244247,-0.354993676538482,0.504059451256101,-0.702961607433551,0.482079675852516,0.685622372711218
TUBA4A,4.16846383839869,-1.48639115048295,0.42460377792246,-3.47907681868297,0.00050314433542002,0.00376370402738929
DNAJB2,2.19495178868467,-0.433475966047858,0.504465610687187,-0.856762533031568,0.391576136003801,0.607349693271356
DNPEP,10.31724854432,0.556786645747995,0.262723969125246,2.11852304374186,0.0341307954446862,0.11582986696341
GMPPA,2.64234580444367,-0.932577506547121,0.538045907321231,-1.72967212755882,0.0836888712536478,0.220304882180837
FARSB,0.131963836243959,-0.0131846222764654,0.968400519933205,-0.0136720003703126,0.989091661827925,NA
ACSL3,3.34659743990321,0.0653777312572309,0.478973022567064,0.136510390275537,0.891417811190092,0.94798153906799
WDFY1,5.3388087212859,1.54715660731726,0.412120308437194,3.73041359145568,0.00019116569883478,0.00160663524829525
MRPL44,5.94944494174197,0.616194377417669,0.339815984529409,1.81116283518015,0.0701156492689647,0.195183115232408
SERPINE2,0,NA,NA,NA,NA,NA
CUL3,1.0623120427672,-0.448536672951152,0.666009574496371,-0.672609517443843,0.501195745195788,0.701094242649828
DOCK10,4.25447917766194,0.462180486062126,0.41756118796406,1.10568768119737,0.268861723789329,0.485642270823193
MFF,3.15141809659626,0.760610602364263,0.493051480932117,1.53818076125434,0.124004423623249,0.288670175562878
AGFG1,1.53946595509167,-0.161975086860856,0.630478837712481,-0.256667020502618,0.797435832639093,0.893062644437162
CCL20,0.0464271167714418,-0.147465118504535,0.88240235086773,-0.1807592991308,0.856556511361202,NA
PID1,10.8239425728211,-2.87083155854847,0.422591450512319,-6.71164817342397,1.92438241681524e-11,4.80255262537080e-10
TRIP12,4.31526203999215,0.0790823692745831,0.420793167240593,0.188214987103832,0.85070812443295,0.924120306241077
SP110,41.9468117803624,2.21129766595237,0.184236885487237,11.9809343307335,4.47254327000747e-33,4.91549707463321e-31
SP140,10.9846069084423,2.55116446585061,0.401234955863754,6.29641268235302,3.04612739754741e-10,6.74752638642769e-09
SP140L,6.30250736161915,1.18950693595751,0.335699275634532,3.53251649662962,0.000411624543515547,0.00317467512306525
SP100,42.6141882840738,1.20592912904115,0.159876737554747,7.53941062976773,4.72100211507791e-14,1.6351834598588e-12
CAB39,1.44003201991278,-0.694547409479959,0.607435431028195,-1.13802083655865,0.255111781805896,0.470766494356053
ITM2C,0.819495399135944,-0.366814080475146,0.806160243392405,-0.465525730566365,0.641555015069774,NA
PSMD1,3.19852524624523,-0.485586196660602,0.443832171342213,-1.09268484940707,0.274532194062805,0.492606432988676
NCL,7.55216791344408,-0.164600163544933,0.312104612560914,-0.527532081573838,0.597824143907225,0.774672682988758
PTMA,197.49322236966,-0.473900695151612,0.145590952170538,-3.25502038740581,0.00113384226173618,0.00762342179508504
PDE6D,2.38293944630571,-0.749632165826722,0.500309270343867,-1.49258029038974,0.135547085764192,0.308012562680858
COPS7B,1.5748651884148,-0.646237363271478,0.740545526518968,-0.896862683897201,0.369792194357436,0.588676273144583
DIS3L2,0.544123197999971,-0.74083022741614,0.83275274989122,-0.902565136177514,0.366756736912983,NA
EIF4E2,29.4379650058464,-0.43280843816837,0.171870898289784,-2.51802274317018,0.0118015700368414,0.0514142731506573
GIGYF2,1.65812639115766,-0.502588733180751,0.595688033432921,-0.843499667535199,0.398949051616167,0.612859729352144
INPP5D,1.27261919417824,0.264531014554531,0.665540058975505,0.397705119840083,0.690847563003268,0.836488418754847
DGKD,0.796831173879138,-0.63506326196229,0.756493475238761,-0.845101858299857,0.398053970875617,NA
ARL4C,4.63119775890291,0.263047597045431,0.462872266937589,0.567858754649833,0.570130880331309,0.752667586300168
COPS8,4.65647345748006,-0.596298487242879,0.358077824937189,-1.66410861034985,0.0960907266851054,0.242347088704933
LRRFIP1,40.2786565358023,0.36732516749773,0.160090781905562,2.29443403529347,0.0217655800371205,0.0820516424222585
RAMP1,1.31157413336505,-0.0462495770877552,0.805401205657367,-0.0578888262153565,0.953837183585516,0.974928068211857
UBE2F,27.3096335043459,1.44857525296017,0.215298859485315,6.721339928431,1.8006097363678e-11,4.51337045760613e-10
ILKAP,3.89754894525616,-1.0565831084506,0.438172856670238,-2.40236776118915,0.0162893228992637,0.0656049896894235
ASB1,1.41056620357718,0.548330485642729,0.664874309909902,0.82900672339948,0.407100602747524,0.619265356588262
NDUFA10,5.34317588322232,-0.462266523069659,0.361438815241586,-1.27787304910006,0.201294192233927,0.399927709034691
MYEOV2,17.7829677266814,-0.393513474958483,0.216373679286946,-1.81879029528331,0.0689434295474275,0.192482510925036
RNPEPL1,3.67886835739345,-1.03549143944966,0.431492631847571,-2.39267652314121,0.0167259801129809,0.066892215777247
GPR35,8.78049412200549,-0.312098846324544,0.364927755433246,-0.856532319764868,0.391703403655946,0.607349693271356
MTERFD2,1.92643142768519,-0.766775377707216,0.5705803405351,-1.34357737261414,0.179085090566394,0.370823866931536
PASK,1.52019354059005,-0.402433724154302,0.684688640956055,-0.589680634362056,0.555404780831184,0.741621867791236
PPP1R7,10.6010095510153,-0.817783043267555,0.289228168921246,-2.82695942009968,0.00469922824643492,0.0249128844419068
HDLBP,3.86483656259489,-0.257154264634656,0.442073792344156,-0.581095773436448,0.561175907061645,0.744975681499954
SEPT2,12.3650681616976,0.241747763768586,0.250933627643678,0.963374555515,0.335359590588942,0.556498275323984
STK25,1.80575672765185,-0.297206242992393,0.613405859874855,-0.485504338044542,0.627318636240061,0.794445429283138
THAP4,1.80263057199616,-0.0347734634095747,0.640631068687325,-0.0546013949936015,0.956456027374332,0.975907626627642
ATG4B,2.71976610225196,-0.197320441825256,0.470117977840417,-0.419992877578336,0.674490656813827,0.825483869344621
DTYMK,1.68102919849265,-2.00422724574888,0.63224541270552,-3.1063358318007,0.00189421455002528,0.0116527838034386
ING5,1.34168460901036,-0.693901878138332,0.633432270886303,-1.09722224881056,0.272544249523803,0.490116546893812
NEU4,0.909413490854909,0.298096339965982,0.766200052054743,0.393751188284731,0.69376474513328,NA
TRNT1,2.39207216976648,-0.331346762608644,0.538627833784147,-0.613777339685386,0.539362473361489,0.730868309940344
CRBN,6.99554322887433,-0.157685236794983,0.368563631619831,-0.42824010188332,0.668476322811315,0.822412822197357
BHLHE40,2.31555247574549,-0.566462224713105,0.630831102575542,-0.904192241722677,0.365893473326084,0.585081477352705
ARL8B,5.81715575600786,0.970706366781665,0.400621973554199,2.4162734403889,0.0156802809840664,0.0639178358230668
EDEM1,2.78933427231242,1.14937773944775,0.572463596638954,2.00251650068845,0.0452292102528582,0.142888301047587
RAD18,0.604688753455585,-0.363475549684118,0.887860341309919,-0.41092276515515,0.681129168997552,NA
SETD5-AS1,7.55244549306758,-0.417972950603147,0.343099707133112,-1.21744572307706,0.223434675541414,0.430087292259745
THUMPD3,1.0951699834728,-1.55278733254597,0.755098794067747,-2.03061230406608,0.0422943385911874,0.136320129714408
SETD5,1.70354926316089,0.37739192076424,0.605921898419579,0.622055179066789,0.533905585597447,0.726066600044531
MTMR14,10.3668295079882,-0.134481014330687,0.28130904669511,-0.478176632341881,0.632524492880419,0.797338213911663
CAMK1,1.7919198893767,-2.21128561180859,0.665338989246885,-3.24988464614091,0.00115451828958737,0.00772607965455716
TADA3,6.26114319034145,-0.489673491695002,0.324420511323071,-1.50879030916231,0.131352378042005,0.301962526351592
ARPC4,17.005742981839,-0.161995930929046,0.224572738332935,-0.721399823214508,0.47066355534183,0.677030510641469
RPUSD3,3.0073242039032,-0.150472420200762,0.462651704167511,-0.325497706728227,0.74480441797966,0.867545579307762
JAGN1,7.37207044674139,-0.687829475619461,0.32357644760977,-2.12419732284101,0.0336536470069529,0.114482495621867
CRELD1,0.785919474501456,-0.270189797736977,0.728261606049192,-0.370078959243609,0.711323658991342,NA
EMC3,13.1781981280113,-0.971231992832275,0.24996083228098,-3.88199098325404,0.000103604719843784,0.00095500157081811
BRK1,46.3547427983868,-0.865704688854672,0.164093157784885,-5.27488826796494,1.32836994996361e-07,2.04626260486309e-06
VHL,3.40287809083014,-0.122427440546665,0.478322463615467,-0.256475292821776,0.797583856029269,0.893062644437162
IRAK2,1.64198733775875,0.541854706758219,0.640778277624077,0.843893544970017,0.39872889560305,0.612802215437178
SEC13,3.93541003677694,-0.116412466211372,0.396209471656345,-0.293805183710593,0.768906773795372,0.879836592286617
ATG7,5.43029899136567,0.350277604750562,0.373506206383175,0.937059481958269,0.348727961917534,0.567962468611771
VGLL4,0.591822332140201,-0.631742602992485,0.845925951280431,-0.765497756952553,0.443975201605787,NA
TAMM41_ENSG00000144559,0.501594183618707,-0.160150129049409,0.86734953541339,-0.190401849344094,0.848994248614807,NA
PPARG,1.12414978412636,-1.38474429279706,0.968785018506187,-1.40799177667464,0.159133505018143,0.34219081550586
MKRN2,0.693024184044949,-1.39630461686019,0.867125291599447,-1.56959256240747,0.116509929939352,NA
RAF1,3.19899357085059,-0.585063905266394,0.463486951926244,-1.26042742490357,0.207515213505738,0.408066594068095
TMEM40,0.250542441470106,0.132109104556833,0.969376788846558,0.144323579542867,0.885244959444754,NA
RPL32,369.04077393927,-0.0854653571521964,0.121453772492321,-0.70368671444864,0.481627895801056,0.685622372711218
IQSEC1,1.81704731659429,0.350049327409036,0.61902290273413,0.563030697185752,0.573413981070072,0.755257179491925
NUP210,0.0579766435615073,0.148317053070505,0.882634147784749,0.173399058107645,0.862337765412758,NA
CHCHD4,0.822004764724282,-0.468370680353739,0.781954908726255,-0.58919454039846,0.555730779159069,NA
TMEM43,2.9855277795864,0.586917489906567,0.452795315732906,1.29310403156452,0.195975080970084,0.393672262827427
XPC,1.36737534367461,-0.543493690664061,0.594286118888159,-0.908221044961621,0.363761447424829,0.582740180557969
LSM3,14.8228250496667,-0.00445476177767737,0.233688224929674,-0.0190493994617992,0.984801697474797,0.992092667207556
SLC6A6,7.88097460055417,0.958855195261487,0.363779888966372,2.63242587536636,0.00847775200560985,0.0395836214967813
CCDC174,3.99116126737002,0.944774565383748,0.407724426341883,2.31113103794884,0.0208256180608744,0.0793456048119313
FGD5-AS1,4.02533692241515,-0.688569879054663,0.403835992054546,-1.70307245146903,0.0885545106394432,0.229012150690571
MRPS25,2.12250935179248,0.0418832816312696,0.545240953412096,0.0768131793096014,0.938772166143706,0.967727801138399
CAPN7,0.758665425166802,-0.390664511998748,0.73781249570415,-0.525058163703578,0.599542758094839,NA
SH3BP5,3.48233668602676,-1.46795461177912,0.532377074819291,-2.74289842243999,0.00608995207560399,0.0304231434546126
HACL1,1.03123619842804,-1.46062049497033,0.782421519239218,-1.8409233238396,0.0656327959018517,0.185775084775882
BTD,1.21448871056882,-0.632676982358738,0.658909711832003,-0.954454588480351,0.339853585553371,0.560699550068567
ANKRD28,0.596555710681196,0.137725055500289,0.776288960622776,0.176183063183932,0.860150126275817,NA
DPH3,15.3456917961905,0.991995568277847,0.25514586682563,3.88546760774414,0.000102133111009239,0.000943906266262223
OXNAD1,0.40204307481058,-0.110008605332876,0.856531299545478,-0.129639940054411,0.896851302282075,NA
RFTN1,2.29158725788545,-0.635089749858928,0.568471509613444,-1.11346135848587,0.265510335275286,0.482999627020639
SATB1,2.87916338262751,0.069532929259457,0.530309039862413,0.131314255699281,0.895526715024007,0.949448688843091
RAB5A,19.1518409448593,0.0946228358693545,0.243988374132829,0.38792981239075,0.698067975309179,0.841835509367369
UBE2E2,5.10683306890091,0.437577285839623,0.352442262647085,1.24086889723764,0.214654184276533,0.417516268858567
UBE2E1,13.8463402866749,0.180744358246667,0.273698945383227,0.660163669429357,0.509148803824438,0.707804771067055
RPL15,394.212690182677,-0.59729086200142,0.101467777151732,-5.88649014112326,3.94483277496633e-09,7.59081458213218e-08
TOP2B,1.07289750453079,-0.718028718021578,0.697352822614379,-1.02984579161463,0.303082400986805,0.523772579872873
NGLY1,5.47933249227791,0.898875593474985,0.36697766746454,2.44421948304001,0.0145165921898004,0.0606006752116209
SLC4A7,0.726169089263389,-1.53127371778051,0.792168046907509,-1.94444813237646,0.051841434373874,NA
RP11-222K16.2,0,NA,NA,NA,NA,NA
EOMES,0,NA,NA,NA,NA,NA
CMC1,3.88174815866393,-0.0449018984422573,0.386084530477593,-0.116244506303553,0.907458764886701,0.954033635269959
AZI2,12.7661339146328,0.659548313426801,0.2524846915476,2.61150546586529,0.00901445468803541,0.0415799907523183
TGFBR2,3.90421623543209,-0.784859412833549,0.408766043920691,-1.91690227422118,0.0552503481115203,0.164971650709163
STT3B,2.14158370467682,-0.682733065292785,0.544317968190901,-1.25114438757011,0.210881803598098,0.411889783856161
CMTM8,0.596238011154227,-0.647749492949876,0.803371772145374,-0.817251108604529,0.413784940665869,NA
CMTM7,13.4686115084866,-0.344847278272558,0.25552324548777,-1.34953913009225,0.17716386056621,0.368620849878155
CMTM6,44.8288106032464,0.239271460116307,0.178888707972651,1.33767158775787,0.181003516766036,0.373307505708372
DYNC1LI1,8.32385625313674,-0.282808402307847,0.30530105437166,-0.926708311000416,0.354078001240332,0.571975135297888
CNOT10,1.23663039668963,-0.477538832252169,0.694810810344518,-0.682531450813675,0.494902962664915,0.696730274961978
CCR4,0.0192862052863319,-0.121452525639683,0.882329557226585,-0.139683352219049,0.888910180443706,NA
GLB1,3.01151504052438,-1.00827509999498,0.508986348003951,-1.97512608484674,0.0482538413273809,0.150201908053367
CRTAP,0.907501319676091,-0.0122140555452021,0.743308075437205,-0.0163429944517349,0.986960757501673,NA
PDCD6IP,5.64224686936363,-0.586656452082026,0.348722685543906,-1.68100635797528,0.0927616796110579,0.236637627439141
TRANK1,3.13704367098526,1.99222438826601,0.49459727115504,3.9532418039169,7.70994527184562e-05,0.000725903413980193
EPM2AIP1,2.6237281529581,-0.773521188426904,0.54385026592023,-1.42127407420504,0.155237097475152,0.336898180190104
MLH1,2.90211853536632,-0.404510710512575,0.484929093553824,-0.835251484923322,0.403576127071808,0.61735480894416
LRRFIP2,6.75412861635459,0.893261685729327,0.337881057401792,2.63980362834916,0.0082954078175089,0.0389324240606899
GOLGA4,8.19554384004889,2.62551664938036,0.364736986195668,7.08253449529572,1.41541512829048e-12,4.10614084171578e-11
ACAA1,8.48958081126381,-1.64327607219934,0.313896438552737,-5.21397277372662,1.84838608838909e-07,2.77987539345886e-06
MYD88,13.1921139943878,0.698936704560261,0.241614887265018,2.89133477999068,0.00383609237799012,0.0207606703979295
OXSR1,3.15895968560143,-0.351450647568445,0.460863535646912,-0.762347884714536,0.445852401652392,0.654351945414335
EXOG,2.54600542553718,0.206007898270847,0.489960913190386,0.420361716090723,0.674221231001169,0.825483869344621
WDR48,3.91869777288475,0.891560379310006,0.482421391683432,1.84187473724037,0.0654934746805102,0.185629092178606
CSRNP1,6.59995863466442,1.81819313637657,0.421711340464548,4.28824262249579,1.80092317912351e-05,0.000193828172668378
SLC25A38,0.228761939875106,-0.668137467301359,0.931805263503424,-0.735073141806699,0.462294950481395,NA
RPSA,59.2017381288354,-0.458763503067122,0.172642912230801,-2.6574479443943,0.00787347488741301,0.037310869802293
EIF1B,18.8319598647134,0.020511990604547,0.233368847255953,0.0879100438900649,0.929948173643891,0.963672495444214
ENTPD3-AS1,1.70347764579668,-0.0742663582480001,0.703604309091695,-0.106818931034524,0.914932628610428,0.958540783227974
RPL14,157.432572735636,-0.586251661348892,0.100994918305281,-5.80462134464593,6.45116264369122e-09,1.21277613515445e-07
CTNNB1,6.73719603603913,0.783714572368346,0.387798185269084,2.02231228813656,0.0431440999525012,0.138366179140597
SEC22C,1.48565035699363,0.113651554242159,0.612623116008853,0.185204691840132,0.853068489199199,0.925106293918381
SS18L2,9.52582150953083,-0.109017518714071,0.285421301902867,-0.38206679376154,0.70241182150582,0.844397231969896
NKTR,6.87026520647318,-0.12456086531935,0.315746054501328,-0.394545560933989,0.693178296643809,0.838214215220852
HIGD1A,8.22301695165311,0.0267287568048732,0.332641376674371,0.0803627444400588,0.935948756666103,0.965986509889873
SNRK,1.76328204355994,-0.0311961715229336,0.562370544696542,-0.055441574719894,0.955786674915989,0.975897633553085
ABHD5,2.5205169272802,-1.25507413510397,0.547967071599113,-2.2719243881414,0.0230910776008055,0.0859867504496834
TCAIM,0.961398189928611,-0.0457722010102635,0.697940346253068,-0.0652830819208231,0.947948612278571,NA
KIAA1143,3.42246987336301,-0.670792660114552,0.481986954309849,-1.390090551266,0.164501382143376,0.349757240468553
TMEM42,1.39992033344242,-0.0305644849068839,0.733721674442676,-0.0423094929986891,0.966251977745386,0.980840151476888
ZDHHC3,3.27287641738362,-0.121033495462047,0.457943758127601,-0.264551810738683,0.791354747138796,0.891154954729398
EXOSC7,1.37177789199067,-1.63456121134624,0.646174737234479,-2.49848064220114,0.0124726954372444,0.0537973240934729
SACM1L,1.64085312025788,-1.33590788989146,0.598875386184191,-2.21196221972266,0.02696927549639,0.0965723116929003
LZTFL1,0.24881152516346,-0.440713195062349,0.97103389505007,-0.456808958322062,0.64780836624999,NA
CXCR6,0.343107182166135,0.251147121769359,0.871608812564913,0.283073209578507,0.777120717687752,NA
CCR1,19.5479161723274,1.91545874319994,0.321807311486655,5.9366554328957,2.90895129694788e-09,5.69337556919766e-08
CCR5,10.5188832542269,1.45718077522911,0.367371242195899,3.95719555998967,7.58348448547686e-05,0.000716357253462814
CCRL2,24.5459531482704,1.44920743152775,0.309141570792624,4.68474570562429,2.80307726409178e-06,3.46744297928237e-05
CCDC12,8.96326952200384,-0.776562301963784,0.274599745278929,-2.82575393843675,0.00471694830973841,0.0249836511493559
SETD2,2.53308888987414,0.156166644597068,0.564637845525557,0.276635162639346,0.782060262070124,0.885570516689272
KLHL18,1.33679803809796,-1.25819852925091,0.652237954292652,-1.91391468501778,0.0556310577088113,0.165159218080965
ELP6,1.62647575533295,-0.362707063982515,0.652620071227961,-0.557760051054628,0.577008245375016,0.758767170344735
SMARCC1,2.06147267960119,-1.51072799723523,0.541608587593877,-2.75115369221879,0.00593857737983745,0.0298758536318407
DHX30,1.49146893191001,-0.457605468341543,0.648693024095056,-0.708149351751769,0.478852514867376,0.683306397619739
MAP4,2.84338801235236,0.104737941723313,0.468160552829496,0.223605075000179,0.823064614375952,0.908414765262973
NME6,1.53487885871864,-0.812200057326704,0.635860307952601,-1.26896729561805,0.204452728648526,0.404587030549281
CCDC51,0.16370318527507,0.119780141859863,0.97357625495724,0.131391560581418,0.895465564467317,NA
TMA7,41.6016460984615,-0.409128069197291,0.164515716108532,-2.48693127897318,0.0128850286135237,0.0552422644608312
TREX1,19.6310214150072,2.42873020933284,0.257797785036354,9.37350000455048,7.01663286748053e-21,4.50562436378104e-19
SHISA5,9.55814043608645,0.368253015425293,0.270343483547116,1.36168266685593,0.173298053729331,0.362916224647537
UQCRC1,24.5044174126705,-0.790103897002819,0.205806975870765,-3.8385860673741,0.00012374483937081,0.00111020683988097
IP6K2,4.99437134589661,0.561074232888207,0.380547308066088,1.47271340106898,0.140828331531463,0.315369075890705
PRKAR2A,2.41901424639855,-1.07402102259801,0.539519448968712,-1.98384514804207,0.0472731053197169,0.148036053097086
SLC25A20,0.493514921872107,-0.512242966296933,0.847916742873805,-0.595839109916195,0.551282713729465,NA
ARIH2,4.61511834349566,0.0515920843148845,0.396247272996602,0.130354190972808,0.896286207578036,0.949448688843091
P4HTM,0.73719544873616,-1.12271582729014,0.786464978295163,-1.41823030104746,0.156123538056671,NA
WDR6,0.644657461029578,-0.366465320811207,0.810953321863041,-0.456011089409864,0.648382003876893,NA
DALRD3,1.13839376398397,-0.312567357802543,0.699431473674154,-0.448876843334346,0.653520501621108,0.812281354233282
NDUFAF3,21.3763181103858,-0.395716911951663,0.209195709839868,-1.89150052576943,0.058557560866377,0.171179775115777
IMPDH2,3.14073580736967,-0.680751972510665,0.469818988315039,-1.44756526607946,0.147738671092764,0.325617626415406
QARS,3.70933257183859,-1.06540155239449,0.470598513999386,-2.25889884911001,0.0238896776109823,0.0881243059227957
CCDC71,1.66021519625726,-0.000391924608240839,0.585561477170632,-0.000667694663977964,0.999467256775866,0.999642172291577
USP4,3.65639885182889,0.0539202969325836,0.42170020539866,0.127675545620417,0.898405743450119,0.950636701317799
GPX1,78.4013980203276,-1.40992830606933,0.196262064949225,-7.18261139654143,6.83922942158113e-13,2.01475237857403e-11
RHOA,79.8437235721638,-0.221325341842666,0.122889968152507,-1.80100773281546,0.0717016611515236,0.198342204008208
APEH,2.46865791671367,-0.609949859163108,0.532862052312717,-1.14465728871099,0.252351150794013,0.467635157842991
IP6K1,2.03237768620924,-0.965288739842827,0.605104618913465,-1.59145930330058,0.111506247236798,0.268319243350863
UBA7,2.24886407149963,1.37841341714697,0.567869616107698,2.41280015103202,0.0158304970161159,0.0643008460889142
RBM6,2.85351144247742,-0.436235306626839,0.467968404094111,-0.930222850443158,0.352255713158163,0.570540106319704
RBM5,3.20681041491766,-0.187541986546226,0.43471158015848,-0.431256377842047,0.666281964840205,0.821709414989592
GNAI2_ENSG00000114353,13.0709855593403,4.15709480808592e-05,0.272743391349731,0.000160563216371516,0.999871889089175,0.999871889089175
IFRD2_ENSG00000214706,1.36437214598735,-1.10158289284854,0.713697783136671,-1.56349297083442,0.117936687736389,0.278875676904184
TUSC2_ENSG00000114383,5.80585515902854,-0.825406040728575,0.352219052565829,-2.34124820064405,0.0192193854038838,0.0745570049948783
RASSF1_ENSG00000068028,1.98344303076288,-1.26444824738748,0.572010265942469,-2.1876887948588,0.0286922788244482,0.101219983630692
NPRL2,0.378698434318142,-0.663201594127358,0.907459753043177,-0.7449465505972,0.456304032298963,NA
CYB561D2,5.35161554621312,-0.895957589632646,0.442775327794716,-2.0214871099473,0.0432293653647342,0.138484205750816
TMEM115,2.95160356812252,-0.284315753922519,0.458082922344869,-0.620422162511478,0.534979885061697,0.727089189804423
HEMK1,0.149457461244395,-0.0126972467734801,0.957193990508642,-0.0136067531555368,0.989143716731041,NA
CISH,1.04324327690971,0.472030341408666,0.751713533446045,0.629653733949139,0.528921159027421,0.72177278506249
MAPKAPK3,11.9078512793023,-0.364255776288203,0.321378841143514,-1.13364574859223,0.256943174789825,0.473381767867133
MANF_ENSG00000145050,14.9436092300873,0.216015870305091,0.29592553407772,0.729756213824814,0.46553921333544,0.671349130510229
RBM15B_ENSG00000179837,0.926665469241305,0.398895374744458,0.701369476202636,0.567498213926091,0.57037573972142,NA
TEX264,4.39471339541711,-1.62647171719185,0.459458556162727,-3.51266680672162,0.000443633431872027,0.00337472663446677
RRP9,0.283024862048394,-0.260867895814487,0.972536939969731,-0.290044514030522,0.771782183291515,NA
ABHD14B,1.40966326424981,-1.35835723433801,0.693298252479254,-1.93157479818681,0.0534120089302508,0.161422332647479
ABHD14A,0.335071922385773,-1.08072883257226,0.939777496110279,-1.19194909001828,0.233281207979092,NA
RPL29,159.145032957731,-0.238042023367196,0.122137206095377,-1.948945168219,0.0513019731915396,0.156954377296386
ALAS1,3.96402456248414,0.235416286664553,0.427853531264918,0.549550037178365,0.582628035727822,0.762297485253909
TWF2,15.8230931818097,-1.20260147814338,0.251636259727965,-4.77608124126464,1.7874420360358e-06,2.24018228858434e-05
PPM1M,1.97487525135646,-1.28929070104145,0.659804449189916,-1.94934433838585,0.05125431693895,0.156954377296386
WDR82,2.0902794807823,-0.461133047867061,0.518890533326245,-0.888378084469808,0.374337409900426,0.591714756210049
BAP1,0.604399006317979,0.0369976495203788,0.864095440831966,0.0426143675959692,0.966008942209387,NA
NISCH,0.653047675017563,-0.354309981542066,0.794169113312798,-0.443925595190693,0.657096378762194,NA
PBRM1,2.7674421842958,-0.515405263081068,0.480220310639249,-1.07121870011914,0.284071105216594,0.503203420639607
GNL3,2.46650348336907,-0.537592033967373,0.579904750266517,-0.930330122151304,0.352200186322958,0.570540106319704
GLT8D1,1.35533213165611,-1.16039577386647,0.688759772680008,-1.67738662607751,0.0934669028841286,0.237617148568859
SPCS1,23.2332952516157,-0.737950109026634,0.192736084075418,-3.82785826501924,0.000129263152515934,0.00114711011898845
TMEM110,4.12748344976126,3.65533754175654,0.585396163129758,5.90353187591518,3.55800839518291e-09,6.89288745032893e-08
SFMBT1,1.16498633768918,2.73086792747967,0.729904919453422,3.70601009080274,0.000210549913913472,0.00174390254784854
RFT1,1.05136433226294,-0.101058205880814,0.757554434363776,-0.136280584166297,0.891599472266022,0.94799832260471
PRKCD_ENSG00000163932,11.733193126128,-0.185166460628223,0.238979319239988,-0.77480786650855,0.438453200244667,0.647123709109845
TKT_ENSG00000163931,16.6167664701573,-1.38559387981413,0.263095738798903,-5.25990630809719,1.44128820225457e-07,2.20830082463402e-06
DCP1A,3.68019665246195,0.755011701224843,0.419006765525577,1.7993716530222,0.0719599105351784,0.198960275137177
SELK,50.0899338244521,0.489512400363424,0.15660390182874,3.12559510849746,0.00177445679830843,0.011034842875226
CCDC66,0.669608990313957,0.13855293640663,0.781982598380973,0.17512237602736,0.860983476424967,NA
FAM208A,0.780685266067569,-0.740279389821041,0.747131304392818,-0.98049250452411,0.326843067743335,NA
ARHGEF3,2.19733313306417,1.96567648001997,0.571570975819348,3.36725423475108,0.000759206625001552,0.0053832082653646
HESX1,15.2422002184893,5.75828587697712,0.551913538789886,9.37506521632341,6.91330176999402e-21,4.4897181381268e-19
APPL1,4.34681455303777,1.14342653688008,0.420022467837669,2.71088267726039,0.00671043652897683,0.0328903471381669
PDE12,1.01346893271126,-0.140222648158348,0.713004727792085,-0.195614799772651,0.844911675532269,0.920448003367694
ARF4,13.3435646227277,-0.21284009946658,0.256362362332342,-0.82989481617036,0.406598256028516,0.619209963749731
SLMAP,1.43492147461818,0.210378316519577,0.631991549641856,0.333357350376144,0.738864553177818,0.86485159143592
DNASE1L3,0.0628635903131331,0.0674168058199645,0.882413679742461,0.0835247909725053,0.933434265916411,NA
RPP14_ENSG00000163684,1.36073394951779,-0.786985350295753,0.694839583756296,-1.12986019563808,0.258535138651574,0.474936778332931
PXK,3.04802068122469,-1.18676709366056,0.464922663343307,-2.54111841433841,0.0110498488769771,0.0490294148539784
PDHB,5.83015532758987,-0.812491195409015,0.392421122859531,-2.07039723858193,0.0384151602316215,0.126464654794768
KCTD6,1.22305376610021,-1.19282756169876,0.718258380888855,-1.64755274520453,0.0994444841579513,0.247749491452466
FHIT_ENSG00000189283,0.345932136486081,-0.15702110480843,0.928037941310637,-0.175880673729798,0.860387688789444,NA
C3orf14,5.55546715500797,0.608809104184702,0.339682575118311,1.79100509300973,0.0732924777157221,0.201184683066932
THOC7,8.53784146123501,0.174389677921464,0.297632236688574,0.586122696459533,0.557793065160409,0.743073978412992
ATXN7,1.4920650202747,0.414086475736902,0.657104824460488,0.628561493774726,0.529636176153146,0.722403519502441
PSMD6,7.81481558929784,-0.345487695762985,0.313874467319598,-1.10080984477571,0.270979426155597,0.488224281361677
SLC25A26_ENSG00000144741,1.22829931777859,-0.765170977923665,0.646691187031476,-1.17587381885856,0.239645302382102,0.449925395241036
SUCLG2,1.07108591591092,-0.129529745273359,0.747636903726733,-0.174304424094632,0.861626222543433,0.930332043684787
TMF1,5.55795436980929,0.0377364788922792,0.343030616912486,0.110010564844325,0.912400996238734,0.956875148690883
UBA3,5.17971652824943,0.332471665302515,0.38025525775845,0.874418457550212,0.381890409267185,0.598110081929833
ARL6IP5,51.7956974633703,-0.59850127438649,0.182525311955412,-3.27882655036617,0.00104239683725472,0.00708358849573214
LMOD3,1.15650028684506,0.479073568177107,0.675510692661351,0.709212095921487,0.478192868343971,0.682876622335281
FRMD4B,0.315420953650709,-0.299481382564298,0.871221617618802,-0.33554268754233,0.73721574915713,NA
MITF,2.84123400249321,-1.88037179119176,0.972212382603512,-2.10401597257946,0.0353770537344276,0.119011286287923
FOXP1,6.29617095863716,-0.385886283087184,0.34330442307876,-1.12473884593544,0.260699715424991,0.477378684285109
EIF4E3,2.1140231912043,1.53348267440377,0.570263123133004,2.65869959525774,0.00784428712254599,0.0372034032409547
LINC00877,6.40460905539174,-1.17590766411826,0.360273246548976,-3.25431999293024,0.0011366416853195,0.00763326349189299
RYBP,2.11940555888693,-0.655431057890726,0.555430681596717,-1.17455434228628,0.240173058884799,0.450472278151174
PPP4R2,9.25813453516145,-0.166383591632555,0.306317916626635,-0.543475031744613,0.586802777383099,0.76618183064757
EBLN2,0.510490773276032,-0.897191533517276,0.861182851430265,-1.05238219530385,0.292624234107509,NA
GBE1,1.11644173397117,-0.0803171684978247,0.668726401171555,-0.120247200414782,0.904287328479956,0.9528394264931
CHMP2B,10.5818076359256,0.0867329882562809,0.267197239535592,0.324661428085324,0.745437330441203,0.867829363102766
CGGBP1,19.3264918177763,0.467199295723045,0.214929543762604,2.17337622639718,0.0297520126244695,0.103995567063513
C3orf38,9.94793498807264,1.60620500280124,0.306033307161379,5.23115272345337,1.68456259934981e-07,2.54017816762116e-06
ARL13B,1.76370854776161,0.0453507749321465,0.588580356844471,0.0771837311920099,0.938477383663527,0.967727801138399
NSUN3,1.34431915029543,0.293344408239113,0.658260147979208,0.445291011631123,0.656109462634364,0.814410704941842
MINA,0.340429348469398,-0.510298334372788,0.870317984904403,-0.585602529682122,0.558142648023932,NA
CLDND1,8.49323625474286,0.857658115856536,0.32116177832239,2.66705495638525,0.00765191582716933,0.0365641295587565
ST3GAL6,3.49131593058434,-0.726243944158203,0.435550917151349,-1.66452057821518,0.096008442208108,0.242347088704933
CMSS1,1.25774334934578,-0.136127705616526,0.688266788932269,-0.198177048211766,0.842906544219003,0.918964307556582
TBC1D23,3.45531577121552,0.694187154527605,0.453100566676747,1.52807697571992,0.126493427266317,0.29303199709242
NIT2,1.27283066912194,-0.48440578463105,0.678280133639098,-0.716942939857572,0.473409305262028,0.679209870415836
TOMM70A,0.532074634444726,-0.30864844343425,0.820611922177032,-0.379631547182375,0.704218939678651,NA
TFG,14.2554557670187,0.88247438040411,0.265229477485271,3.32633075951241,0.000879974395571235,0.00609582263113892
SENP7,0.750195905892799,0.448173948359444,0.760961953344796,0.586559719462413,0.557499442208449,NA
TRMT10C,2.59642927551818,-0.371077782562396,0.494175971216455,-0.751246238340217,0.452504477586043,0.660721279868226
PCNP,21.1677254112269,-0.0515740578983522,0.201917582041839,-0.255442379830012,0.798381441801091,0.893430573701437
RPL24,122.164062496194,-0.277320933383993,0.126638505524916,-2.18987345516563,0.0285334155975151,0.1008463018799
NXPE3,2.0432311999702,1.19701381171935,0.608997488058413,1.94998314074668,0.0511781285208002,0.156827348255428
NFKBIZ,7.18105304810688,-0.807237665043167,0.316392822509457,-2.54899667392791,0.0108033330606565,0.0481986915963796
ALCAM,2.61825546351608,-1.33616008988484,0.506333783259211,-2.61829690973023,0.00883698770170682,0.0409930070740702
CBLB,0.409108999004922,-0.74113363943412,0.909395853913485,-0.827868897377269,0.407744750900136,NA
BBX,19.7563239138886,1.42776291148974,0.254803177064352,5.59766849977221,2.17253661443605e-08,3.77387439255381e-07
CD47,82.8886728478283,0.930854537157468,0.116434822635264,7.99376720326835,1.30876782985097e-15,5.45956799094768e-14
IFT57,4.47825012416269,-1.26922099843184,0.416635255036731,-3.03227743930106,0.0024271600831811,0.0143445913912926
TRAT1,1.93507730934066,-0.854593713697158,0.601394870015378,-1.42025124317152,0.155534550112549,0.337335845879779
CD96,1.44015368820911,-0.909798600056628,0.637544924102752,-1.418398071134,0.156074578450567,0.337994018887833
GCSAM,0.274005554199418,0.168132176686267,0.922861380713383,0.186899605617121,0.851739348422,NA
CD200,0.273109779446463,0.923800795384297,0.957744315045729,0.927525429418641,0.353653794969376,NA
BTLA,0.105066432761448,0.333615522849241,0.929027040882042,0.361144144655055,0.717991694295885,NA
ATG3,62.8465846034507,0.994118454272723,0.144130840574859,6.89588820458953,5.35292808422879e-12,1.44301811327205e-10
SLC35A5,4.01308034491849,0.838353550169488,0.470374647990369,1.77717111700724,0.0755400900469593,0.204795559627291
GTPBP8,1.46162970888875,0.138956779784737,0.643817032742494,0.215920937890461,0.82904937597241,0.910290889517725
C3orf17,1.27534449829384,-0.352113297414338,0.736515800522286,-0.475357493743102,0.634532185981697,0.797877105145303
KIAA2018,1.08245379579679,-0.650822515521413,0.716192220109831,-0.913480887032411,0.360989681287879,0.579835870871341
NAA50,4.43882163438294,-0.222043326980175,0.397307699022251,-0.558990981716565,0.576167874936181,0.758010912813138
ATP6V1A,2.39605525572013,-0.198041325215591,0.497476717381205,-0.397588870743337,0.690933265533971,0.836488418754847
QTRTD1,1.98744059452769,0.0475291158793754,0.547421165227201,0.0868623509001317,0.930780925996058,0.964011053292402
ZNF80,0.0383630408079537,0.0674168058199646,0.882413679742461,0.0835247909725053,0.933434265916411,NA
TIGIT,1.41699039729669,0.528853461568366,0.713424338565226,0.74427188031745,0.456712009500444,0.664103523903294
ZBTB20,0.409570950016963,-0.644534836979394,0.924966090178651,-0.739564468061335,0.459564308358151,NA
B4GALT4,1.4825433308366,0.866677812817947,0.67461405296764,1.28857669216448,0.197545290759872,0.395232866259801
POGLUT1,0.469708285362491,0.60656362111153,0.843210775617061,0.719463469683361,0.471855402425446,NA
TIMMDC1,6.2694659251423,-1.32444521674389,0.397395934225448,-3.32123157514647,0.000896211431256268,0.00619328697657747
CD80,5.05833145926725,2.87074922019675,0.520759496458161,5.3505103553494,8.77065335688966e-08,1.40011966297833e-06
ADPRH,1.41572215274929,1.21902849810182,0.657761555654066,1.84173282999325,0.0655142395318021,0.185629092178606
COX17,25.1784556429705,0.610172763595233,0.199885045888104,3.05143913219334,0.00227747219380851,0.0136269767174387
GSK3B,3.04144138762298,0.421771201951935,0.435604458412579,0.966395609086585,0.333846260400282,0.555600284853702
NDUFB4,22.9352931444825,0.180314967211687,0.189716629949414,0.950338579395187,0.341940241962021,0.56187132915841
RABL3,1.67197763972423,0.354331563169878,0.579944246809612,0.609905222097949,0.54192459304589,0.732347848015432
HCLS1,33.260852604311,-0.541339753147515,0.186267192604251,-2.90626275409359,0.00365774157279061,0.019965609444602
GOLGB1,3.33084197967945,-0.459363449808452,0.460274961390896,-0.997309608483658,0.318614251263773,0.539360321674307
EAF2,6.45877706831943,-0.254826145962669,0.365766104473866,-0.696909397647171,0.48585949617319,0.688321026432767
CD86,92.1009675708239,0.907291544077916,0.17863876425396,5.07840218194037,3.80622311124368e-07,5.37100372364387e-06
CSTA,6.67314624151751,-0.589214167933078,0.318495030765948,-1.84930008618958,0.0644144933234915,0.183513873052719
CCDC58,0.231981248728322,-0.641404155244148,0.956888267676655,-0.690736083997494,0.489731408700441,NA
FAM162A,2.44939271907932,-0.497911077357977,0.489751804786684,-1.01637146349863,0.309452529366166,0.529497366864562
KPNA1,2.88277906917264,-0.333395462557378,0.563554500631864,-0.595439958152816,0.551549422447644,0.738777452645659
PARP9,22.225384958633,2.19373476879756,0.234022619526121,9.34143753351715,9.50349189140241e-21,5.96840177575437e-19
DTX3L,8.95947699063951,2.28477070204439,0.338693513704806,6.67947906234702,2.39793095109505e-11,5.93101976591229e-10
PARP14,36.6405363039912,2.14134880393713,0.202240075273557,10.569068773823,4.14590827964642e-26,3.43389359683758e-24
HSPBAP1,3.3591967534823,-0.386733161409423,0.49915960966289,-0.77282844953475,0.439623914052195,0.648108130517357
DIRC2,2.32184313971285,-0.52580480487048,0.555008035945112,-0.941865930191262,0.34626128505611,0.565395212598762
SEC22A,1.51787583293064,-0.00408692673383166,0.612752112395673,-0.00667891187641352,0.994671038949804,0.997113662094042
CCDC14,0.515978688736853,-0.939486724967429,0.816602037316446,-1.14769864212044,0.251092991945622,NA
UMPS,0.522545730768974,-0.144972586600822,0.916862960608626,-0.159873275044884,0.872980901129792,NA
ZNF148,4.20211748027994,-0.243212237535034,0.459143627317553,-0.530014663745267,0.596101763934944,0.772849723431989
SNX4,2.66335407859471,-0.700180121990157,0.478605505881375,-1.46082868472284,0.144062461703782,0.3204662176212
OSBPL11,3.44275620587898,-0.324980674165794,0.420070210776622,-0.773266719724934,0.439364547336019,0.647991842071057
TPRA1,10.0118624382385,-0.383193969431406,0.324941082820806,-1.17977242984053,0.238090737686827,0.448457114677967
ABTB1,7.26224390488353,-0.850635035816462,0.31766034503283,-2.67429900216411,0.00748856512594623,0.0358888043741201
MGLL,2.98541058201128,0.993759072889258,0.520733516724245,1.89449704618468,0.058159066068074,0.170188972134686
SEC61A1,2.88511487746481,-0.223984572618123,0.467714170974887,-0.478936653740918,0.631983694252274,0.79718088935343
RUVBL1,1.01051348373345,-1.3001807612262,0.728538664843732,-1.77039779367548,0.0766608970458942,0.206854120215904
RPN1,8.52038132868485,-0.498860368106063,0.306028741821063,-1.62891655083817,0.103330685865934,0.254212169489373
RAB7A,31.8645514729825,-0.0345236414948688,0.179461993529797,-0.192373811797144,0.84744940442633,0.922320477547172
ACAD9,0.645994952507618,-0.29606653703989,0.784907774880362,-0.377766223011765,0.7056042677087,NA
GP9,0.216872021525866,0.575005704172641,0.959284623657778,0.598009057379654,0.549833889578443,NA
ISY1,3.85967612819902,0.528161536819628,0.407397033993294,1.29556471886166,0.195125490817913,0.39224135772929
CNBP,34.2318526531758,-0.769011258161089,0.155848608512839,-4.93343415568768,8.07962873497897e-07,1.07768504227543e-05
COPG1,2.23213522669618,0.442749223822423,0.532890794900429,0.830578105619398,0.406212007541423,0.618902058944077
HMCES,3.9542594881033,-0.268635694809056,0.421704469492146,-0.636905057859022,0.524186688028637,0.718474608194383
H1FX,1.36770239543938,-0.702488232253148,0.610979225991666,-1.14560518944546,0.251958549072023,0.467210612571905
MBD4,6.76844103903037,-0.250205284533953,0.314864801831017,-0.79492113456586,0.426659379455676,0.635651291342333
TRH,1.14869373696185,0.277110306529822,0.85049768349374,0.320933722658576,0.748260617609564,0.869321044620859
ATP2C1,4.52828957404589,-0.984219476164524,0.47021084971467,-2.09143604760521,0.0364889936371914,0.121533722496271
ASTE1,0.581178525047071,-1.06136304957977,0.876711620962312,-1.242994558817,0.213869838546528,NA
NUDT16,2.88795869573599,-0.649107273932792,0.495399032870179,-1.30936948049966,0.190409224354028,0.386019410139508
MRPL3,1.26858209989384,-0.568852147591675,0.628332922941954,-0.902675245798203,0.366698278041001,0.5860404527417
DNAJC13,1.23816164281412,1.14021249685747,0.686608135529156,1.66331011849357,0.0962503743094279,0.24242877442855
UBA5,1.3222516605755,-1.25871307082037,0.716544171230499,-1.75010301402146,0.0801005397826627,0.213514265325521
CDV3,7.3241425601904,-0.12956434372354,0.315643200629238,-0.410444348356249,0.681480019587898,0.829095167717165
TOPBP1,0.624945455916834,0.1455605802123,0.796967132387079,0.183616249288004,0.854314514772148,NA
SRPRB,0.444467347611765,0.899525036458631,0.888569880229022,1.02311945192957,0.306251370871106,NA
ANAPC13,6.87065106049352,-0.582046258350812,0.360932974017943,-1.61377586326765,0.106576051773089,0.259625803871783
CEP63,1.81035753847273,0.04474142786627,0.634950449280823,0.0702205539037555,0.94401811505569,0.970335166824329
MSL2,1.00587408644356,-0.907324328118465,0.696382894789152,-1.29845213337228,0.194132014521222,0.390381584443626
PCCB,0.220796079205038,-0.923854907516493,0.97320859178843,-0.928531874809594,0.353131741487073,NA
STAG1,1.60594810499671,-0.185487801033428,0.597205026111589,-0.310537591019381,0.756152177891429,0.872835729478795
NCK1,7.45623928143911,0.658737510697502,0.370974224774044,1.77216148258169,0.0763677553751234,0.206355424098738
DBR1,1.03621531758481,-0.457956778533501,0.707931095379213,-0.649592473268743,0.515955496212664,0.713276647521861
ARMC8,3.2225914048768,0.281003389852078,0.510798406440391,0.551973797315916,0.58096630570476,0.760987770896779
MRAS,2.99358153483133,0.326026580997708,0.504073991192355,0.646260734491339,0.518110512453958,0.714010508481883
FAIM,0.190753517383065,0.123381887703915,0.97327553503693,0.142959478884758,0.886322183572124,NA
MRPS22,7.45675874589168,-0.9305231991318,0.316229406130125,-2.93962973411529,0.00328604671466221,0.0182888998282704
COPB2,7.71059833832607,-0.564302626208561,0.315704773181117,-1.78732152037302,0.0738855377358042,0.202133005342327
SLC25A36,0.983788625260009,-0.657801706399689,0.712087200210062,-0.917312570536804,0.358978872090961,NA
ZBTB38,1.65776078761576,-1.17300051581171,0.609435115277027,-1.91244956906052,0.0558185552308845,0.165629825100989
RASA2,0.604451547438865,0.0814812815567235,0.783041456891333,0.104067578404373,0.917115719805322,NA
RNF7,24.5698317674252,-0.871457365097552,0.181688455536445,-4.79496724525799,1.62701413208684e-06,2.06630794775028e-05
ATP1B3,145.624478090483,-0.694276537806146,0.13898171547868,-4.99540524728305,5.87123456922034e-07,8.00813975252845e-06
TFDP2,1.53868604109167,-1.4807426743404,0.638505533478434,-2.30043744348664,0.0214234495509638,0.0810827908501708
XRN1,26.8331251585495,2.13824982496684,0.230825115049751,9.2394519841283,2.47762914087709e-20,1.4749635979284e-18
ATR,0.19047863846012,-0.302263405134666,0.96383054961452,-0.304840170211993,0.760487885297688,NA
U2SURP,8.15215639413224,-0.509349121929669,0.303625034281651,-1.67669140190008,0.0936028428155778,0.237751220751568
CHST2,6.61853244907816,0.057957639976209,0.389297602679703,0.148916519767403,0.881619505674055,0.94176737849107
PLSCR1,185.647758833831,2.29893437865422,0.131186594012128,17.5168405749993,1.06582321724009e-68,7.61397460815892e-66
GYG1,8.6115902963201,-0.0583094293533442,0.304120696451456,-0.191835413428066,0.847871130206905,0.922323711061455
HLTF,0.0802111075460053,0.236751279446469,0.907726236643646,0.262807937832333,0.792698617042307,NA
HPS3,1.87912373174677,0.234006930763589,0.549251328858238,0.425937634500683,0.670153290707522,0.823640012127632
COMMD2,8.03623058174654,0.0609657109598675,0.346633216603604,0.175798895090656,0.860451937708944,0.929700759808957
RNF13,34.7585777486852,0.323107328743214,0.162897254206132,1.98334713890772,0.0473286673615029,0.148048067402015
TSC22D2,1.62522842162407,0.418126336890172,0.638767539368432,0.654906586564967,0.512527899276014,0.710600908384866
SERP1,115.440493940934,-0.113006833360512,0.129525457079721,-0.87243450842816,0.382971381727572,0.598982333490167
EIF2A,4.93082793718932,-0.903244549900461,0.427896052520539,-2.11115762912382,0.0347587653823558,0.117362511213856
SELT,39.563602542798,-0.249704240477889,0.150989948683688,-1.6536696455674,0.0981946533752613,0.245587423520928
SIAH2,3.4720282986333,-0.0892815573104465,0.562396449673448,-0.159056300496681,0.873624516986675,0.938313120574863
GPR171,0.493852890855902,1.65361226229001,0.8265133469492,1.98527585573673,0.0471137887547727,NA
P2RY14,0.606338512526019,1.94478207335664,0.86715437479707,2.26888195890826,0.0232755051187698,NA
MBNL1,4.28421083092355,0.00275595061409715,0.432633940804064,0.00636874964588881,0.994918507337664,0.997186823822299
RAP2B,3.87932244221522,-0.395525998315056,0.419154754473157,-0.942541395467704,0.345915527949007,0.565195683885797
DHX36,5.19862298473221,-0.232201066876196,0.381973629828435,-0.608123463930066,0.543105591160433,0.733467303843978
GMPS,2.22111736893311,-0.124022098914256,0.515914643520264,-0.240488851469868,0.809951304945968,0.901239482268713
SSR3,26.9370036222456,0.73523115611855,0.179030176415907,4.10565222827285,4.03175667676038e-05,0.000402120233991022
TIPARP,9.41629816638373,1.68961810509888,0.331161355171717,5.07917943045528,3.79068568429657e-07,5.36231898162249e-06
CCNL1,17.7734332681004,0.400732284522435,0.234783464370516,1.70691711059942,0.0878374600139407,0.228056061181207
PTX3,0.947225754907932,0.678103611349781,0.810853162231079,0.832403372152059,0.405181299276525,NA
RSRC1,3.48775217469774,-1.02406503433449,0.469960563042329,-2.17251989135897,0.0298164709453558,0.104157170814614
GFM1,0.956437961722465,-2.00847850821034,0.727006950458408,-2.70843253755671,0.00676018543047335,NA
LXN,0.800381757052627,0.910306779555157,0.756370245465738,1.21435364694604,0.224612707916908,NA
MFSD1,14.6978927696982,0.49906325027157,0.279893490213479,1.78238423066926,0.0746865952843796,0.203447994304208
SMC4,4.1766026867463,-0.202612358159923,0.405034753233812,-0.500630625919729,0.616631104439313,0.788553761886479
KPNA4,4.16025510494362,-0.552329544860435,0.415456534946552,-1.32916061300845,0.183794986447766,0.377023814626339
NMD3,1.29361976022559,-0.72125358056258,0.682148393188341,-1.06285873943013,0.287846016800483,0.506204068905067
PDCD10,17.6419044991821,-0.0442296158835815,0.228965346123464,-0.193178368654286,0.846819278962353,0.921823272241876
MYNN,1.31573706335012,-0.432873762126683,0.622498097652566,-0.693559274912466,0.487958640917101,0.690311473685878
SEC62,24.4939118712319,-0.818326953153172,0.206306061952707,-3.96592706954255,7.3111216764451e-05,0.000695225630297566
GPR160,0.209209064719693,0.07043608158027,0.97326325225307,0.072513984015533,0.942192877131306,NA
PHC3,0.707610155281176,0.709646770090788,0.793448225832316,0.893280179300399,0.371707149639644,NA
PRKCI,0.486771929643432,0.470914373562213,0.884367830926985,0.511900306854261,0.608720783402323,NA
SKIL,19.6544606517998,0.0485186349752018,0.202790159814126,0.239292232244007,0.810878988245971,0.901239482268713
RPL22L1,4.02863074842452,-1.06986017306678,0.416658605546325,-2.55970420020996,0.010476128963787,0.0471425803370417
EIF5A2,0.276095825883534,0.418376378274025,0.928752877423495,0.459077193975829,0.646178733257167,NA
TNIK,0.790450338435609,-1.01681883533987,0.787238721556352,-1.29691575936384,0.194660173471947,NA
FNDC3B,16.9229020884058,0.0946229165365704,0.267005798905872,0.354540759260162,0.722933663663051,0.855928296630275
TNFSF10,535.163892169472,3.80490927382328,0.24155331801992,15.7384300863014,8.24642978457916e-56,2.24420696280333e-53
TBL1XR1,1.05044729897369,-0.364678608806039,0.758094467153212,-0.481321066079476,0.630288327146323,0.796043710417952
MFN1,1.73632727595598,2.17569652246591,0.748649288950362,2.9023618718147,0.00370360446712034,0.0201581900281836
GNB4,12.0361993363188,1.47834244435632,0.26204668713987,5.6282060922041,1.82093446507255e-08,3.2119260703363e-07
ACTL6A,1.36043627072329,-0.603338425556758,0.631856860578772,-0.949093177819206,0.342573223859566,0.562576992649082
MRPL47,8.13312911790319,-0.316792205945072,0.308714388908184,-1.02595523663865,0.304912684288188,0.525659525078896
NDUFB5,17.1820171792454,-0.719911499230506,0.223906926404939,-3.21458384633149,0.00130633757289689,0.00857143424696408
TTC14,3.04083742813316,-0.815268932619249,0.479262196321505,-1.6961902349902,0.0898498591591028,0.231406915319636
FXR1,5.72451226020821,-0.0324764779755551,0.38767391917044,-0.0837355047958948,0.933266727517816,0.96535398380548
DNAJC19,2.95058829470305,-0.105110928356461,0.46811445992722,-0.224480974053262,0.822383069684765,0.908063341315483
ATP11B,1.35302907303496,-0.386483118940454,0.688983279836953,-0.56789446237494,0.570106632340007,0.752667586300168
DCUN1D1,1.95970725975548,-0.264944029284389,0.557825018691514,-0.475834832617546,0.634192052051617,0.797800479303322
LAMP3,3.7162453441675,3.43717914335846,0.602189743873602,5.4415714795156,5.28125937111275e-08,8.69809720631393e-07
B3GNT5,1.01266863942249,-0.222052405722167,0.681332984938461,-0.325448102262016,0.74484195483336,0.867545579307762
KLHL6,1.16797160903753,1.39245444994695,0.67435648001246,2.03944831294957,0.0414053047884339,0.133992818157361
KLHL24,2.10469791569468,1.59419827981414,0.622609271719949,2.53844545838558,0.011134615711609,0.0491559594491321
PARL,5.31711800717163,-0.961152807033324,0.350305842395737,-2.73767561843936,0.00618750736322336,0.0308565484998443
EIF2B5,2.1633409285926,-0.485932833240321,0.538738648126683,-0.901576254378956,0.367282009677161,0.586153199660018
AP2M1,27.3549682837563,-0.405505625636779,0.201653507404698,-2.01113355431695,0.0443113518193254,0.140845036511371
ABCF3,1.62384453264561,0.196656613285361,0.588613494686123,0.333087475268242,0.739068253385975,0.86485159143592
ALG3,1.89590652331503,-1.60584468500009,0.650403984045924,-2.43984284830339,0.0146936524069977,0.0612057022638426
ECE2,0.327394906422148,-1.11289304240625,0.966833215539654,-1.19933333327179,0.230398358781644,NA
PSMD2,9.80364081889508,-0.356172168847604,0.296682442321478,-1.20012786745488,0.230089684100058,0.438359747944223
EIF4G1,1.88918479113532,-0.599877187715558,0.584346961278743,-1.02170709776171,0.306919550746971,0.527483759381758
POLR2H,3.02192107053802,-1.13208781997738,0.508829935725341,-2.21463201300338,0.0267853328383362,0.0960339881876359
MAGEF1,0.22064174407615,-0.664557817591916,0.93373741565198,-0.729874196758123,0.465467085970686,NA
VPS8,0.782847326116445,-0.695952438441227,0.769259753401312,-0.909496832357528,0.363087929114196,NA
MAP3K13,3.14960969007953,0.407607278866241,0.483229788667315,0.844007783484938,0.398665056188391,0.612802215437178
TMEM41A,0.897267640415092,0.391709850380959,0.779384736210296,0.505045498416658,0.613526879906495,NA
SENP2,0.804448828408716,0.513236855206258,0.73665699325995,0.698632663544705,0.484781625338019,NA
TRA2B,11.5404525878802,-0.166180965136677,0.301147686708294,-0.551918713867678,0.58100404627271,0.760987770896779
DNAJB11,8.29220828786097,0.23983968602528,0.34565167526643,0.693562618101501,0.487956543680851,0.690311473685878
EIF4A2,29.3381215735666,-0.0777663862199303,0.212728092146973,-0.365597162098097,0.714665693041774,0.851303867523494
ST6GAL1,1.45219071166851,0.692842711491557,0.609947410481925,1.1344384687744,0.256610670353522,0.472921632076871
RTP4,17.1625836208606,2.77623309964519,0.271090003500315,10.1503443345663,3.30196317268077e-24,2.48298941208824e-22
LPP,0.476521495559341,-0.434596652431592,0.869232613977728,-0.485905977178715,0.627033830338404,NA
TPRG1,0.400515284890729,0.0445378159721198,0.953509179661984,0.04914976090376,0.960799947830553,NA
CCDC50,9.68605507213002,2.35673014280364,0.355057106333721,6.5744462782874,4.88345572364104e-11,1.15326237440531e-09
MB21D2,1.19636823474686,-0.35220507963129,0.736509352700709,-0.476203571733836,0.633929355152001,0.797800479303322
OPA1,0.783946678209863,-0.0668235832414462,0.777705110995926,-0.0854832465455461,0.931877214034863,NA
HES1,1.61188403385868,-1.86348682881246,0.735646295080878,-2.54614651697719,0.0108919461277463,0.0484980349711862
LSG1,0.955580361324934,-1.07588151384274,0.778277832266857,-1.37305068901135,0.169736589167417,NA
FAM43A,0.378227777309552,-0.810724380086971,0.874923487983868,-0.931599916816521,0.35154332613633,NA
ACAP2,6.24451719213888,0.271739617884098,0.329013516915871,0.825492596645029,0.409091984100832,0.620151447123536
PPP1R2,14.8602232530405,-0.1637248391695,0.282046456408216,-0.58021372976871,0.561770495948504,0.745457819315249
LINC00969,1.56048480326977,-1.38408888944632,0.69478534142652,-1.9833463783639,0.0473287522560773,0.148048067402015
PCYT1A,2.70904291099824,0.0260302247499057,0.498175103030668,0.0522566889681889,0.958324163331596,0.976608879001439
TCTEX1D2,0.620637510596074,-0.991141911011538,0.85960077307274,-1.17076357294692,0.241693823655484,NA
TM4SF19_ENSG00000145107,1.03243878948672,0.212688473681501,0.72138264027897,0.297836903722636,0.76582764693073,0.878151083910337
UBXN7,1.09987342685937,-0.614571259709636,0.764561727184674,-0.822573606959774,0.410750512686611,0.621405352794416
RNF168,1.84444085706572,-0.321100947955731,0.548014517188906,-0.584187932724568,0.559093879380981,0.743982449546694
NRROS,0.547102787848308,0.290077571162328,0.876296208827209,0.332922525428235,0.739192765611609,NA
PIGX,1.03161044775196,-0.45163100299234,0.734808916843901,-0.621983621644443,0.533952637665392,0.726066600044531
CEP19,0.510277249853646,-0.701300143678136,0.902520857780815,-0.781051628607795,0.434772129911927,NA
PAK2,9.67183100029032,0.0281848749286828,0.276324613461191,0.102024151711129,0.918737504814737,0.960335778766667
NCBP2,3.53023646965316,-0.174919081871879,0.426512267721017,-0.409997843634576,0.681807529375934,0.829095167717165
NCBP2-AS2,4.25692261947981,-0.729264382923257,0.403233986914711,-1.8076953428336,0.0706539298323516,0.196299080696106
KIAA0226,2.27916974760577,1.88900786272413,0.55384187747392,3.3466534351036,0.000817933994175143,0.00577097873668018
FYTTD1,9.32100354079379,0.686165530987785,0.294291186367202,2.33083596744987,0.0197620107624319,0.0762773757456597
LRCH3,1.72835501487248,-0.517174300468413,0.646397139577038,-0.804674986603146,0.421007257523422,0.63112209956465
RPL35A,173.535988313217,-0.4277463142582,0.122649908940882,-3.48752957012681,0.000487505011578489,0.00366774336809023
ZNF721_ENSG00000182903,0.431879955883698,0.0814645030428365,0.920216265948428,0.0874483838111168,0.930315111930193,NA
PIGG_ENSG00000174227,0.661641617883433,-0.853542236449426,0.783567483827854,-1.08025779844056,0.280027396709164,NA
ATP5I,5.01439589887229,-0.258970288431813,0.411221997213219,-0.629980483693595,0.528707353164682,0.72177278506249
MFSD7,3.36944459528149,-0.787426608410186,0.436987211310602,-1.79880137993757,0.0720501049831477,0.199017085538274
GAK,2.59156533235088,-0.0627942153179965,0.538092195719632,-0.117035138088958,0.906832208638587,0.954018866494766
SPON2,0.17760675518592,0.254419237859501,0.966405991979628,0.254052349429153,0.799455115445029,NA
MAEA,3.14396889804344,-0.690225791344373,0.460068855475322,-1.49843273844974,0.134020855843741,0.305516231011959
SLBP,8.81157301351403,-0.35643356122139,0.287035456172982,-1.24191396314297,0.21426830770317,0.417078807399051
TACC3,1.28787957706108,-0.35504976712184,0.723516947791165,-0.49449728044586,0.620955026520827,0.791544733134596
LETM1,0.570998323842987,-0.915550290137744,0.880684762975854,-1.08918353745443,0.276072957110379,NA
NELFA,0.852114051963659,-0.767631181755615,0.748170629864635,-1.03069390522752,0.302684383765805,NA
C4orf48,12.9441345373315,-0.363455740627288,0.254820181654108,-1.42560363701574,0.153982785832212,0.335370282405143
HAUS3,2.1707960875073,-0.477014790358574,0.538463474610227,-0.883954524163336,0.376720762099959,0.593592267824998
MXD4,0.322170815327478,-1.02746876512592,0.954023918061554,-1.0615791349536,0.288426790063263,NA
ZFYVE28,0.261532698887467,0.443368177789286,0.946856781388036,0.483074906228826,0.629042550864753,NA
RNF4,2.82430516435958,0.0111148708098793,0.51083165619896,0.0217905976351461,0.982614994407925,0.990296234210735
TNIP2,11.3462149178413,-0.122660264619369,0.294333972883058,-0.416712379629896,0.676888798262394,0.826762017967425
SH3BP2,10.3483546167448,0.200785576566125,0.315164815738142,0.637050453242105,0.524091980345552,0.718474608194383
ADD1,2.99164828583561,0.038780190994151,0.442585856645441,0.0876061563558056,0.930189708931609,0.963748039620041
MFSD10,10.271804869475,-0.667689055629287,0.324989345231175,-2.05485493323796,0.0398930184660483,0.130428261174752
NOP14,0.331443560250867,-1.13323878207448,0.934968138623945,-1.24604076371059,0.212749430133183,NA
RGS12,1.60049471633901,-0.926645728329491,0.627737756996765,-1.46849170466282,0.14197070788765,0.317310361978067
LRPAP1,21.840503788561,-0.588996297374154,0.196805690466957,-2.99250896611337,0.00276694539283183,0.0159406178629374
TMEM128,2.2733522991345,0.396879655700573,0.513662897354971,0.77052565839595,0.440988140749483,0.649380887498917
LYAR,3.21674626681913,-0.385132963840244,0.464851454746486,-0.827460612625785,0.407976037821385,0.619733307305675
NSG1,0.307454038608819,-0.589297932985302,0.93989120251085,-0.644248717100041,0.519414164529038,NA
STX18,3.30760351993302,0.658257552058697,0.502439947086237,1.30887002329978,0.190578382372881,0.386151567689296
MRFAP1,14.1709039623674,-0.0894010832860541,0.26136021494844,-0.341989848305399,0.732358532040392,0.861022219833541
AC093323.3,0.324755629641862,-0.810775026668945,0.924676846915122,-0.919291554412575,0.357943094125587,NA
MRFAP1L1,1.5486566135321,-0.574766405785654,0.644370022191626,-0.896449740990369,0.370012611489863,0.588676273144583
BLOC1S4,7.36077499082515,-0.658408198541045,0.319833085971175,-2.05797429341983,0.0395926011338359,0.129594338762813
KIAA0232,1.70964632101495,-1.24327315801867,0.684275348366602,-1.79659706942809,0.0723996099919252,0.199404227038001
GRPEL1,3.78359718660949,-0.428414013578261,0.398056441759323,-1.07540909886827,0.282191609901462,0.501170667187317
WDR1,21.0774482211768,-0.524170859771742,0.195977029643642,-2.67415647512693,0.00749174866462384,0.0358888043741201
HS3ST1,1.95393739800635,-1.39373489227016,0.767526786909339,-1.82978163206899,0.0672825984722328,0.189325480191438
RAB28,5.26001340424795,0.0308048069700079,0.38202757276567,0.0805348154186497,0.935811907450872,0.965986509889873
BOD1L1,2.96802660268961,-0.288145972181227,0.520639733873297,-0.554891323476176,0.578968996946209,0.760121253743989
FBXL5,6.31688929862484,-0.203945121046996,0.379983375665587,-0.536915839777288,0.591325749126157,0.768750376764329
FAM200B,3.52041131115608,-0.559223872001741,0.481010044538479,-1.16446510992896,0.244235574775876,0.456471961468779
BST1,1.39283495785458,-1.37768812774685,0.679155546709551,-2.01654476646126,0.0437430420172011,0.139682350199764
CD38,20.1571604964285,5.10101969108161,0.474042638555208,10.0396471610089,1.02038488766696e-23,7.57337614677488e-22
FGFBP2,0.749491265267666,-0.645867862896791,0.783491393616037,-0.823791067956982,0.410058283658464,NA
QDPR,1.86207474702317,0.527378752678457,0.621523893116291,0.852273303635457,0.394062419552394,0.60932541335009
LAP3,113.387918310568,2.3476674649944,0.24943770127289,9.40350257326009,5.27763106227362e-21,3.46685764607974e-19
MED28,22.690479284877,0.402908942889113,0.203254287748464,1.98223039852502,0.0474534598788933,0.148194821425069
FAM184B,0.806097370376855,-1.77898349378705,0.792521279409437,-2.23947879126374,0.0251247797786817,NA
LCORL,2.74130527400896,0.594583082935759,0.515714608784888,1.15337283865068,0.248757384957409,0.463077672648727
DHX15,3.19275018817566,-0.545922867371362,0.473765643117948,-1.15258002599565,0.249082805484217,0.463532475852263
PI4K2B,3.20578222896161,2.5494555249842,0.538488133455206,4.57988439742774,4.65233002207393e-06,5.56235691969718e-05
ANAPC4,1.42677353282762,0.246805571419206,0.660780564740943,0.375652507510377,0.707175249572324,0.846920903458891
SMIM20,3.55413216853212,-0.17066913283058,0.43135108207955,-0.396109794230233,0.692024033265978,0.837551323616066
RBPJ,9.06318452218452,-0.671368791731056,0.352529565976919,-1.90510373663961,0.0567665877925086,0.167572856009394
STIM2,1.16169678005007,0.0973547500255372,0.641145329484804,0.151510465241549,0.879573056067693,0.940979152436419
ARAP2,4.78592327134085,1.00865752061837,0.437042516575778,2.30426530197269,0.0212077554650063,0.0805755392695228
PGM2,0.949290527015429,-0.70811652723406,0.706226135561189,-1.00104207423714,0.316806467707077,NA
TBC1D1,4.24910136156641,-0.0380564981459194,0.402717180539307,-0.0946032571270945,0.924629962628698,0.961702003158515
KLF3,8.28506671141044,-0.241877139716951,0.384995825359348,-0.629446123907579,0.529057029715386,0.721785849802681
TLR1,8.58479873379188,0.403163191202176,0.328791690599115,1.22535125176055,0.220442905666822,0.425618650637123
TMEM156,0.134551141546758,-0.0119742194095152,0.951744336855525,-0.0129167987109461,0.989694172311386,NA
KLHL5,2.38062851170901,-0.225068128733811,0.490494800473383,-0.45876826361192,0.646400587255578,0.806685668009862
RFC1,1.64917292894485,0.628734854724162,0.594513966787159,1.05104177565378,0.293239403472859,0.5121831267871
RPL9,171.315625221769,-0.451497316710243,0.104010575003115,-4.34089357147715,1.41904448398781e-05,0.000155360904712459
LIAS,0.875190332412612,-0.113522795108045,0.743311128846874,-0.152996730879506,0.878400853319997,NA
UGDH,0.642367104098521,0.219821460076791,0.793400958643183,0.275998356854625,0.782549328277847,NA
SMIM14,25.6567661029365,1.76968551307902,0.215972432731626,8.17981844683619,2.84271853258371e-16,1.2593904196679e-14
UBE2K,6.23590137464178,0.20424400271476,0.32330340062865,0.631761402992802,0.527542797995081,0.720591237529239
PDS5A,0.974083544582871,-0.363867717676028,0.799888922063283,-0.462290849770676,0.643872760540383,NA
RHOH,3.35234061782043,1.16474639817554,0.477921389774811,2.42373312900565,0.0153618897537979,0.0631151689021963
RBM47,6.97467819313459,0.352318774213578,0.332253112327058,1.06041868644328,0.288954164691944,0.506867112097748
TMEM33,3.4130939334782,0.340268600148262,0.460647605646992,0.738820883827063,0.460015768813762,0.667087063884966
SLC30A9,1.37717761237054,-0.0342537882095093,0.649667314477068,-0.05262221446468,0.958032916907113,0.976486199415757
ATP8A1,0.190723814563044,-0.0607461874628512,0.966589360008896,-0.0672571448392743,0.946376993062318,NA
GNPDA2,0.268406480678149,-0.521216809893364,0.92158878039993,-0.572166697600539,0.567209046662592,NA
COMMD8,9.79542866681429,-0.709111299664042,0.271385455336778,-2.61190411015377,0.00900395046628577,0.0415650863609234
ATP10D,1.45413892361809,-0.231869506488579,0.717911613430319,-0.326360823845598,0.744151374267154,0.867545579307762
TXK,0.0593600042991829,-0.0615940393357492,0.882640363409571,-0.0715574470948853,0.942954105516771,NA
SLAIN2,2.3364771660604,-0.838273028594933,0.550287928327386,-1.51960559859694,0.128610129971483,0.297090852192276
FRYL,2.10376191929394,1.10132221550746,0.535102870650244,2.04328792677554,0.0410239440425095,0.133060068219604
OCIAD1,10.022305264895,-0.40595738025693,0.276723199847428,-1.46674977180735,0.142444137898695,0.317995409410564
OCIAD2,3.733494628159,-0.160286463387614,0.525764311425164,-0.305193840874053,0.760218523054481,0.875752495942107
SGCB,0.384272502754447,-0.159072932058177,0.898284855502341,-0.179496519132982,0.857547850275662,NA
FIP1L1,4.32402978744534,-0.299315282685224,0.389757846470915,-0.767193181238078,0.442966666452935,0.651119984253735
CHIC2,14.346411868632,0.212708066783543,0.267144408997716,0.795977189554831,0.426045293764014,0.635387248126836
SRD5A3,6.68999167720771,-1.1031400352067,0.339522984404451,-3.24259741553822,0.00118445448207479,0.00790789411805777
TMEM165,24.3425104914578,-0.20923848935444,0.183992319502325,-1.1372341470061,0.255440415651949,0.471220779680725
EXOC1,3.69521822933531,-0.0426294284379952,0.420374934346375,-0.101483659510257,0.919166528408341,0.960335778766667
CEP135,2.17005827849443,0.401024683119751,0.611399290490376,0.652078364006981,0.514350620735656,0.71198225235122
AASDH,0.485921474696143,0.044073432100726,0.854370734760916,0.051813234577583,0.958677510049066,NA
PAICS,0.607809855508467,0.590534643693607,0.90133989228576,0.665141279013895,0.505960134499629,NA
SRP72,3.69712399431931,-1.16917675908297,0.433290821733157,-2.6883119567688,0.00718142709486167,0.0347223822733794
HOPX,0.749277183137402,-0.2829312135682,0.817445066156264,-0.354831302756966,0.722715976097361,NA
REST,5.24379586546762,-0.527651190292423,0.391105217402477,-1.34816895277403,0.177604047963295,0.368888680487428
NOA1,1.42140144932212,-0.0482323825944415,0.658626209402932,-0.0732218056530854,0.941629614559525,0.969833604553319
POLR2B,1.71188057267218,-0.566062818186759,0.636505317587705,-0.887145167188602,0.375000749247718,0.592070131888831
IGFBP7,2.99962677782592,0.897509613840247,0.468407033696661,1.90756630819495,0.056447293209388,0.166888919136913
CENPC,1.27599063980075,0.261248578879653,0.619168385809305,0.421394692691276,0.673466894017405,0.825227980126387
STAP1,1.1533490830562,2.49588277637478,0.751166941138694,3.32676222363666,0.000878613099403673,0.00609377896006309
UBA6,3.10403740709599,0.481000096423781,0.440876927707871,1.08878314635917,0.276249525468,0.495066176873508
YTHDC1_ENSG00000083896,4.63660951905691,-0.00142287433120459,0.390821745353251,-0.00364572744073107,0.997091136805923,0.998128751772763
IGJ,0.138187751107513,2.13610423117268,0.963162211057908,0.483856901965409,0.628487428661135,NA
UTP3,2.66391351973082,0.671298864787683,0.48865585322987,1.37277099786706,0.169823549537317,0.357869316226314
GRSF1,4.48566177332946,0.798182333414756,0.383119961132521,2.07947343189656,0.0375738572866596,0.12441170011197
DCK,15.8596442199268,2.27603477424143,0.256710467906359,8.81713870885118,1.17421741832457e-18,6.15458291038595e-17
ANKRD17,1.77040163198553,0.215143322357128,0.570564925900354,0.376147796859478,0.706807022308681,0.846657332319034
IL8,103.522302243811,-3.39746792879162,0.465630498576905,-7.27428700228571,3.48254883592181e-13,1.08167209767898e-11
CXCL1,1.20401876294016,-1.69986706102689,0.875718091833737,-2.07359149909499,0.0381172653720971,0.125665874185158
PF4,1.82255364070942,-0.310194830862167,0.547667248539568,-0.565439870427532,0.571774612105311,0.754114743553314
PPBP,9.92804186671368,0.0610621531923532,0.367471431206374,0.166046546239766,0.868120319973366,0.935215862860406
CXCL5,0.385758028600056,-1.42898493192575,0.944569636013636,-1.51743135199825,0.129157813280575,NA
CXCL3,25.57290253195,-1.80229662169143,0.591146066904636,-3.04436134948296,0.00233174883600966,0.01388119228937
CXCL2,14.20142614254,-1.44460644082664,0.395051038223991,-3.6519988890255,0.000260207010961417,0.00212440438234928
MTHFD2L,2.2592427143892,-0.386179876521995,0.573349323748245,-0.674159810158812,0.500209717759218,0.701005036045593
EREG,3.99331536146217,0.064752890454421,0.47341170504824,0.136932664485667,0.891084019491307,0.947802935304824
RCHY1,3.66751314560042,-0.362868522194655,0.457484332252365,-0.794015818933055,0.427186222250982,0.636056852858456
G3BP2,11.1003420258224,0.16066024836278,0.268102146130356,0.599378519241436,0.548920498063501,0.736922867379118
USO1,2.55467148799449,0.27795405536959,0.46391227004514,0.59854382294242,0.549477127275942,0.737150653141317
NAAA,8.97745293044103,0.228708065178339,0.303649339395809,0.75306724992535,0.451409503315066,0.659424037109879
SDAD1,2.50817180230001,-0.219588745123788,0.517767533531115,-0.424513099163797,0.671191654245775,0.823853158078738
CXCL9,1.65011831492225,3.11013913349547,0.750706378702029,4.09184132080402,4.27961462492044e-05,0.000423882107130335
CXCL10,2141.71460477494,4.32870764022625,0.660239154368003,4.81146431439305,1.49828489127795e-06,1.92853562019222e-05
CXCL11,256.377509083933,7.49096575622511,0.362438659661173,19.7607390532057,6.48483235660674e-87,1.23536056393358e-83
NUP54,1.57313441216211,-0.410663035421013,0.631170914499975,-0.653171686896642,0.513645601020371,0.711484198453086
SCARB2,33.4317687969141,1.60082438925985,0.255793302637158,6.2534226556678,4.01553474492e-10,8.79263642422137e-09
SEPT11,0.559116247186307,-0.364438679627487,0.836270804991449,-0.44431464896841,0.656815111625818,NA
CCNI,52.7259583847185,-0.044572265332088,0.160157537842959,-0.278305647888502,0.780777740932231,0.885420187429505
CCNG2,2.6372240195523,-0.141495549509402,0.521456578373675,-0.272008557467944,0.785615439443132,0.887548749317039
CXCL13,0,0,0,0,1,NA
CNOT6L,2.43806282282633,-0.486499015705742,0.497607361364722,-0.977606967473825,0.328268749999555,0.549840535242514
MRPL1,0.815444516207198,-0.401618106528899,0.718956110784152,-0.556329264141941,0.577985785240116,NA
LINC01094,1.88806006441773,0.302833033770815,0.615302193589065,0.491829230302084,0.622840070868157,0.792757179778439
ANTXR2,2.12894971579349,-0.181765820619494,0.538282733968838,-0.336848573264327,0.736231054463827,0.863798085867537
RASGEF1B,10.8144517324863,1.35093645271102,0.328107016100545,4.11234234194278,3.91664931718299e-05,0.000393385779397202
HNRNPD,3.98803445816891,-0.146591712797873,0.424201937962136,-0.345311198446716,0.729860428724679,0.858791918913227
RP11-127B20.3,0.815246849546414,0.591427979150402,0.773033481270365,0.769946833917307,0.441331430893374,NA
HNRNPDL,15.8357700993833,-0.860774536388649,0.240057769423494,-3.58446613517695,0.000337768384323623,0.00268476539139014
ENOPH1,1.04292424030496,0.830754561978932,0.678139642103797,1.21950660775114,0.222651969442195,0.428869567024653
SEC31A,2.9487365600856,-0.0999031971711696,0.490313726529559,-0.204227077946651,0.83817605211605,0.915903659243447
THAP9-AS1,2.26029743018447,1.19830320501251,0.525444009852052,2.26246176113938,0.0236688888137632,0.0874952778594158
COPS4,4.97702460633152,-1.14994967012872,0.400099213673902,-2.86454841735292,0.00417604307818497,0.0223674659717217
PLAC8,143.620412364266,1.01181732038095,0.370449951951325,2.73112370510983,0.006311877472769,0.0313945863854437
COQ2,4.54733065409803,0.172470549893526,0.394834500784837,0.436879907616269,0.662198444102804,0.818740776638928
HPSE,29.0453075308091,2.67399430925115,0.308565228585674,8.63398358533326,5.92515062933233e-18,2.89420819202002e-16
HELQ,1.54346953300819,0.0707426821997462,0.576920808330297,0.122372388539152,0.902604104893388,0.952433984391749
MRPS18C,13.6029779532439,0.51004459717431,0.248892880411453,2.04830387756232,0.0405302332917596,0.132058314288715
FAM175A,0.818290038830322,0.485854143901423,0.73804797092982,0.652386986176505,0.514151557470367,NA
AGPAT9,1.16005975219918,-0.631597723876955,0.724433520732128,-0.865939681373884,0.386523240757679,0.602887642175256
ARHGAP24,1.09709386805338,-0.408478534421298,0.678187767087145,-0.598678228279678,0.549387478351209,0.737150653141317
HSD17B11,15.6398990360728,-0.029747446391666,0.23021381608112,-0.129198658336219,0.897200457805963,0.949587696044746
NUDT9,3.62102035977403,-0.0705531298758826,0.468497974994514,-0.150926996526558,0.88003330427054,0.940979152436419
SPP1,1.12111654748773,-1.24902020164942,0.954808629872047,-1.36732894805901,0.171522222028125,0.360121050290497
PPM1K,11.1381102358777,2.9725834995011,0.365631650770136,7.99470955444121,1.29879677419089e-15,5.45781144448597e-14
HERC6,8.8885449326697,3.90238284350101,0.47882387106225,7.73455052611778,1.03769062371981e-14,3.8760796827181e-13
HERC5,46.1425806510593,4.15822825697099,0.244502519013476,16.7759130809947,3.66186764217557e-63,1.39517157166889e-60
PYURF,13.2241894938925,-0.501947953606687,0.276659567815189,-1.81448182255743,0.0696035787708108,0.194041196426919
SNCA,4.13131818303643,-0.616919591291046,0.579364356094511,-1.07020683595804,0.284526218039418,0.503203420639607
PDLIM5,8.95224774705203,0.238072815345195,0.278012449549893,0.856138731056954,0.39192104747197,0.607349693271356
TSPAN5,0.426704525787558,-0.480503906797914,0.941329319114055,-0.553493639227069,0.579925434954737,NA
EIF4E,5.36544031983796,-1.01119947928799,0.397984820260846,-2.53832098992578,0.011138576988036,0.0491559594491321
METAP1,0.496985175612808,-0.949928354688848,0.866633557390604,-1.08721127253503,0.27694345013638,NA
ADH5,1.87277469193844,0.299007952506386,0.53228286472221,0.560939257516243,0.574838946610398,0.75661091199411
DAPP1,12.0790146112112,1.064065017975,0.279143102976096,3.80731721399637,0.000140482501178269,0.00123137652489848
LAMTOR3,8.4417774669067,-0.215736814353013,0.310147111755982,-0.695395498757485,0.486807480653155,0.689322287396625
DNAJB14,4.72381724836993,-0.0632390099663743,0.393076857084183,-0.160846108736527,0.872214608486344,0.937679926166188
H2AFZ,41.850877891738,-0.79828602350433,0.192532890516861,-4.14553053852248,3.39027810057317e-05,0.000345373250352507
PPP3CA,1.36764171579986,0.0610279002474377,0.732005915883785,0.0858535596753395,0.931582829148484,0.964317310013329
BANK1,0.468438556965387,0.406069948340292,0.905104507439217,0.542394040788583,0.587547084029447,NA
SLC39A8,7.73362407522304,-1.25181436582038,0.447787890286591,-2.79459383388715,0.00519649576984328,0.0268759939589632
NFKB1,12.0679275415357,-0.0777504738014982,0.264345597353937,-0.294222103398762,0.76858819168716,0.879836592286617
MANBA,2.33724441417818,-1.40248198185245,0.57708583244519,-2.39776583625016,0.0164954066181641,0.0661552623317948
UBE2D3,94.8888652987571,0.787698127515619,0.11453795475053,6.87655592917383,6.13168685970237e-12,1.62988792573019e-10
CISD2,12.1341354037666,-0.0264015729242379,0.268348004144113,-0.0983443497314924,0.921658862846741,0.960945079101256
BDH2,0.517462958103117,0.49069612873526,0.83638966250649,0.5911265165226,0.554435654180644,NA
TET2,4.01893527943036,1.04335150882184,0.476672564443573,2.18519502470809,0.0288745501680363,0.101615465605685
PPA2,2.72206802419015,-0.115268523675009,0.487226847055777,-0.236150734498353,0.813315706564967,0.902718831427226
INTS12,2.35540660497371,0.975953295549701,0.52542133449777,1.84352291310589,0.0652526994469121,0.185255428385048
AIMP1,6.07005140908717,-0.692402302590633,0.34995038813584,-1.97766616178589,0.0479663800220429,0.149469935564872
PAPSS1,5.07366446158828,-0.568197501683374,0.443716017865993,-1.28421103519042,0.199068125058376,0.396994210991033
HADH,0.334107132956943,-0.466824441445818,0.917548464821336,-0.513080783405688,0.607894813100891,NA
LEF1,1.18245759266959,-0.96675481342036,0.71675358277459,-1.34732705186109,0.177874923288199,0.36925360936871
RPL34,313.334986745726,-0.161566187550685,0.0919254553758608,-1.75756633859546,0.0788213250523526,0.211187938431409
OSTC,9.27085159607274,-0.472507990680066,0.313284394998104,-1.50806044921324,0.131539056521957,0.301965650541681
CCDC109B,56.4542355250167,0.63716608133566,0.17248832751831,3.69394056158505,0.000220805435697147,0.00181830412825532
CASP6,1.07498293335264,-0.0539447916594008,0.743789033721824,-0.0726941503926302,0.942049503545485,0.969833604553319
PLA2G12A,0.695450279696092,-0.90162195317964,0.776053833929593,-1.1515933489154,0.249488215770082,NA
GAR1,0.791901991780276,0.377899834571084,0.770750561827114,0.483166279119014,0.628977676359081,NA
C4orf32,4.6903727072276,2.15313455714088,0.438867312383242,4.82437896096679,1.40440171804291e-06,1.81587235715276e-05
TIFA,2.70512477830902,0.510050079510872,0.585622078416586,0.868870084254198,0.384918194047963,0.601040294804401
ALPK1,1.55911449592933,1.26698524845772,0.606335080769211,2.061176019011,0.0392862504992308,0.128886866591908
LARP7,13.3487700953704,0.683409202300483,0.236696028351962,2.88550603932155,0.00390784963968414,0.0210779062344857
SNHG8,5.64243288558577,-0.406211869273621,0.384994872373368,-1.05533235721085,0.291273347449351,0.509683766280783
SEC24D,2.09663131917475,0.371133989059347,0.5844207890028,0.634748232730221,0.525592630762998,0.71980874306507
C4orf3,62.9059476074723,0.87968931443662,0.14604000000132,6.0225269638067,1.7171475173184e-09,3.53003527391175e-08
MAD2L1,0.352683111311162,0.654113512085908,0.939697178301056,0.711622903902817,0.476698320121876,NA
TNIP3,0.245079733995657,-0.26520508201919,0.973432208497423,-0.278253443036952,0.780817812390887,NA
ANXA5,303.303220309788,0.426823400994414,0.137399319715711,3.10649738953286,0.00189317980077122,0.0116527838034386
EXOSC9,5.99620665725965,1.68024115592373,0.491252909924442,3.39714819715353,0.000680920797060872,0.00487461697303521
KIAA1109,3.20067333133522,1.50933114864134,0.553829058515286,2.70705441957426,0.00678831287693606,0.0331819925011308
MFSD8,0.726252209305843,-0.0787848132286859,0.812025926270093,-0.0980490143082725,0.921893373047705,NA
PGRMC2,3.0149000734441,-0.0985221672945659,0.46207099787061,-0.213047362998056,0.831290020265794,0.911851541414485
JADE1,0.342774260500047,-0.432968013440097,0.929637061594779,-0.445826816766331,0.655722349183015,NA
SCLT1,3.83647108079971,1.50868341648054,0.47768171797984,3.1361719033862,0.00171168840649804,0.0107853354389595
C4orf33,1.35409657739068,0.818758020323878,0.644319493589298,1.2661477961389,0.205460173385594,0.406158730853916
SLC7A11,9.96590201650518,-0.800479411895819,0.317755105596602,-2.51797285554732,0.0118032417101771,0.0514142731506573
ELF2,5.5074925564191,-0.240856457448754,0.350467341174481,-0.687462283854037,0.491791460244229,0.69397239390019
NDUFC1,10.3986365773116,-0.251736112476362,0.313888093972004,-0.801623405082752,0.422770834609546,0.63249615701402
NAA15,0.66491044362912,-1.70099655963548,0.834695814546617,-2.07140191772833,0.0383212518384399,NA
RP11-83A24.2,1.36379688097068,1.06630412587755,0.687695154836373,1.54689753668684,0.121887955158572,0.285839008506869
MGST2,0.463608124904017,-1.16139056643806,0.83538714454279,-1.39491142823287,0.163042550445678,NA
SCOC,2.78972164206582,-0.0112988061727039,0.476918771452749,-0.02370598709014,0.981087130341722,0.989921071663654
ZNF330,4.55578611616856,-0.427207693971621,0.397677553084262,-1.07411921577209,0.282769253190585,0.501871516144159
IL15,17.8320926752082,1.20031540268179,0.231622966386232,5.17665913630125,2.25894379857832e-07,3.32728448682347e-06
SMARCA5,10.4468703794685,0.77422731986606,0.273515655000127,2.82941802072589,0.00466327453538771,0.0247452311696757
ANAPC10,0.935183793607452,-0.51597932245407,0.723176148979818,-0.706383468699159,0.47994969851174,NA
ABCE1,1.24532812118845,-0.718284257648155,0.776342920033553,-0.960239221180184,0.336934831445999,0.557833380208325
OTUD4,1.35570111148579,0.840100598754726,0.651371514227957,1.27797157933811,0.201259447451548,0.399927709034691
LSM6,16.1038423074916,-0.925073267900307,0.225417082171405,-4.10204018224042,4.09523130467589e-05,0.000406323731010811
ARHGAP10,1.54649698331294,0.61019374593069,0.691807640940109,0.882537122918838,0.377486413826255,0.594026359813689
LRBA,0.271927246499394,0.493212550638475,0.930880486758825,0.522968297216527,0.600996315252847,NA
RPS3A,290.493960490196,-0.659914340308719,0.112794649287931,-5.85057708990274,4.89870347466925e-09,9.33203011924492e-08
RP11-18H21.1,0.210010019849376,-0.201991477341719,0.971389615111136,-0.212896803738227,0.831407455484573,NA
FBXW7,0.780562589606599,0.253219974458293,0.759558075605955,0.331872845541751,0.739985275531206,NA
TMEM154,1.00561246414754,-1.42335916341665,0.778418313760067,-1.83144998301665,0.0670334067014871,0.188717201625122
ARFIP1,1.75831121288826,-0.135105953375898,0.581699858982075,-0.232463270238418,0.816178211965764,0.904062354123894
TLR2,18.9706968117481,0.125051045182149,0.291720644767305,0.428852566692766,0.668030521152877,0.822412822197357
PLRG1,3.68995886838062,-0.0100081285828343,0.451659567143579,-0.0221222038560373,0.982350474693206,0.990296234210735
CTSO_ENSG00000256043,1.43985262210742,0.358453979491324,0.674022750718139,0.530621793755841,0.595680890197337,0.772624805563889
PPID,8.55417169426393,0.751200739860094,0.342766807080749,2.18923537413602,0.0285797367968498,0.100947587017303
FNIP2,2.73500078613375,0.840596829275919,0.567650369478109,1.48231624926658,0.138256166663604,0.311911589672917
RAPGEF2,1.40566309764134,1.30780480941472,0.675145267268825,1.91945900366595,0.0549262698432369,0.164347451389581
NAF1,1.16442680618537,-0.856598237545865,0.681416505382985,-1.24848374723696,0.211853956706655,0.413226106300379
TMA16,0.742345902119119,0.226327736709778,0.751109293542008,0.297323733279707,0.766219363935233,NA
MARCH1,1.65841601545842,-0.617321914700333,0.568453496650504,-1.07987523279265,0.28019774363135,0.498723479621687
TMEM192,0.407911057403516,-0.627265458625916,0.827659124279182,-0.746814961426632,0.455175263164562,NA
MSMO1,0.874853501437423,-0.803902164686025,0.785005249159822,-1.03119335780159,0.302450154850172,NA
DDX60,5.44399817325515,1.99453103779261,0.434120761323542,4.54603537742835,5.46658518406826e-06,6.44155346947424e-05
DDX60L,15.7438592113279,2.32633093609842,0.32003583441152,7.22727243525663,4.9279091634337e-13,1.50604282722051e-11
NEK1,0.792201970985139,-1.11481519599953,0.78993599458467,-1.41300928478751,0.157652994118999,NA
C4orf27,1.87477119906123,1.14131307913179,0.639181592038274,1.78414773792288,0.074399661920461,0.203344843555923
GALNT7,1.18110455711682,-0.881628825145292,0.66770233182353,-1.30692335649703,0.191238742769118,0.386330652147582
HMGB2,13.009469112892,-0.0170448072342291,0.257247494562312,-0.0662521125487568,0.947177108060508,0.971834321825099
FBXO8,1.78065676172235,-0.213028273728467,0.586450057420657,-0.363871177383946,0.715954208526722,0.851900541688574
CEP44,0.418413681265691,0.0959842447994239,0.838354266601497,0.112900188678526,0.910109686744363,NA
SPCS3,23.9440961797813,0.0257092178766959,0.233977559168712,0.109878656271378,0.912505609862697,0.956875148690883
AGA,2.03474759733753,0.0317620206902197,0.522353053896029,0.0607926004226793,0.951524383430431,0.974370516270366
DCTD,4.35047938616037,0.405446279770207,0.40719619305773,0.996349355224698,0.31908043097223,0.539669920984402
CDKN2AIP,2.27063289274383,-0.708289929875378,0.563943326787064,-1.25505204584749,0.209459867022187,0.410234112416654
ING2,3.54414030677176,-0.500591181124852,0.420419479997808,-1.19036006180389,0.233904903312886,0.443224974281546
RWDD4,2.9982529688831,-1.18234877351734,0.528996745162696,-2.22737466978371,0.0259222438681195,0.0937630529786729
IRF2,24.9463098173792,2.4657552902677,0.313447458206966,7.83427363239609,4.71560814623685e-15,1.82092571322592e-13
RP11-326I11.3,1.87774646633077,0.872096471107014,0.616896735706214,1.41218767373312,0.157894708928188,0.340638473727628
CASP3,4.57629454501023,1.27326700163809,0.443116830307772,2.85528120754376,0.00429987381300052,0.0229447048004649
ACSL1,16.2772721025606,0.987388086830958,0.324164411881455,3.0447875825171,0.00232844700193052,0.0138759902148414
RP11-701P16.5,13.2970390654384,2.09221111529217,0.465743884485386,4.47261904995862,7.7267357368042e-06,8.77898503694553e-05
SLC25A4,0.210039722669397,0.00809500593884988,0.960582209971807,0.00905134125683213,0.992778173166918,NA
KIAA1430,1.05688273556513,-0.0370688036639243,0.744852055725177,-0.0501063430533664,0.960037645063871,0.978006264089131
ANKRD37,1.42935182403659,0.332288406239599,0.618286251251511,0.537313643226592,0.591050982925335,0.768750376764329
UFSP2,1.98582391500713,-0.404165027775866,0.569391928478793,-0.711929041404298,0.476508717488265,0.681493323434794
FRG1_ENSG00000109536,13.5740281350205,0.4920706102919,0.229765304688119,2.14113953538332,0.0322627872857527,0.111274489642774
CCDC127,2.05595429046236,-0.412393777908307,0.543119132902198,-0.758594345157047,0.448095256451434,0.656800305365464
SDHA,7.08533233187637,0.457452050368154,0.32040768946529,1.42756342853294,0.15341755629861,0.334412588212605
PDCD6,20.8755552200868,-0.591785447069058,0.225420393917431,-2.6243152144427,0.00868233906838438,0.040439745538563
EXOC3,3.0176963488127,-1.39351082356255,0.481150749279249,-2.8753323658787,0.00403602397756218,0.0216988495124815
BRD9,1.95999725421727,-0.402070661292839,0.577793612465164,-0.697945885662821,0.485211036811842,0.687913935842143
LPCAT1,9.25072088606081,-0.312379132625517,0.290994620488641,-1.0734929598867,0.283049995708497,0.502213823493965
MRPL36,5.3185587228309,-0.019995493503096,0.369076396116104,-0.0541919580461113,0.956782227820591,0.975907626627642
NDUFS6,11.3986084454354,-0.25753340841064,0.280251173377458,-0.918651288168828,0.35827799631049,0.576452350482672
KIAA0947,1.81316848089758,0.323646385485214,0.600689526517103,0.538039994508288,0.590549437487157,0.768615357603986
MED10,16.8545582130336,0.147510645586735,0.242756037021243,0.607608717963568,0.543447017363138,0.733467303843978
NSUN2,1.60519504722336,0.264538611956273,0.638743545080557,0.415155412333215,0.678028136897579,0.82744625290832
SRD5A1,3.87510944536661,0.680000503324644,0.451350577223977,1.50640398315859,0.131963498810676,0.302290356240956
CCT5,26.6115247855478,-0.461692883475311,0.1901961609675,-2.42710709959882,0.0152197621680732,0.062703300939137
MARCH6,1.7612574658166,-0.839067367777712,0.592989406605382,-1.41010894563693,0.158507516235806,0.341478141056392
DAP,2.17528049730152,-0.772131673181896,0.553450115013295,-1.38771381653234,0.165224207104337,0.350894219101185
FAM105A,6.21550252349,0.319771399242287,0.371512147581559,0.860932918703375,0.389274989985011,0.605691959641802
FAM105B,1.49130744173504,-0.758985519697674,0.683899345929719,-1.10915172805819,0.267364732812374,0.484768225895533
ANKH,1.52002277710423,-0.190631533304697,0.586170514961051,-0.325227253545651,0.745009083549186,0.867545579307762
ZNF622,6.32185790114777,0.260764737382723,0.325598039474535,0.800279106578602,0.423549105584956,0.632997682640697
FAM134B,0.309922265530904,-0.866907583080857,0.941845902559992,-0.954140677018783,0.340012438297839,NA
MYO10,0.133041781062649,0.253961514881837,0.97081248818376,0.266533062260093,0.789828699990427,NA
BASP1,3.28186481287816,0.869891855359821,0.429676688572187,2.01701449865947,0.0436940002967472,0.139682350199764
GOLPH3,2.9602690178644,0.054357465310914,0.530561544466254,0.102354134875174,0.918475587472202,0.960335778766667
ZFR,8.0079205389826,0.38569007457198,0.336144442315369,1.14753269307052,0.251161529278373,0.466035110333085
SUB1,66.6497536254777,1.04649361493927,0.157251186266617,6.65374055416339,2.85736187063908e-11,6.94886088966057e-10
TARS,4.17080767990282,0.340433462474622,0.410186339196389,0.830645956904999,0.406173664663122,0.618902058944077
RAI14,0.248451591062267,-0.124950496940455,0.957076345596365,-0.133533646296457,0.893771356634276,NA
RAD1,1.87586381826849,0.140495153380746,0.52992754466731,0.264870321792304,0.791109361784689,0.891154954729398
BRIX1,2.34560119601071,0.384600772645592,0.656171173179865,0.592818210988952,0.553302818886971,0.740306696756712
DNAJC21,1.73583887098856,-0.809486846930605,0.670828708499152,-1.20508071111321,0.228172145368127,0.436559695607246
IL7R,8.07698547671513,0.852489657469702,0.40272441847289,2.11656020813901,0.0342971902617922,0.116325485071894
NIPBL,5.03391631718491,-0.0863244333469546,0.366521023083177,-0.235610335113447,0.813735052957293,0.903008898572996
WDR70,0.894926160808891,-0.67249160428093,0.726936931468397,-0.918599266436018,0.358305215821079,NA
RICTOR,3.24670555181802,1.0656993052211,0.471589724628846,2.25129163017668,0.0243670725742363,0.0895548680139939
FYB,25.6730694880414,0.443177021244988,0.236913898332944,1.86986857955726,0.0615020700146666,0.1776968301991
DAB2,1.26597841804216,-2.28147678327946,0.787243326161909,-2.83147893517068,0.00463332853826726,0.0246091752752764
PTGER4,10.2214576387258,-0.297704520501484,0.275168820674333,-1.0820906511924,0.279212249491882,0.497567198580015
TTC33,2.06075152261756,-0.507429197425415,0.634677523895998,-0.799449092846991,0.424030053794948,0.633385195357586
PRKAA1,1.35938269032904,-0.402635457346466,0.638708506795066,-0.629699764375093,0.528891036754727,0.72177278506249
RPL37,52.94507680578,-0.121404654712643,0.144681804232168,-0.839120920981637,0.401401457207274,0.614955215856899
CARD6,1.16286796612772,0.322697744127134,0.763150155289865,0.421801198507019,0.673170130832482,0.825041239053749
OXCT1,0.491924714923065,0.60864294063574,0.8636387864083,0.709601130559175,0.477951518345609,NA
ANXA2R,6.10821268702171,1.70429103197315,0.469541105694384,3.60790703105191,0.000308677050853248,0.00246725782605079
ZNF131,1.89721208007054,0.51615852796413,0.604704319540715,0.856465318419738,0.391740448390691,0.607349693271356
HMGCS1,1.2583512791156,0.408583764474217,0.683744766416146,0.599557899044843,0.548800912402343,0.736922867379118
C5orf28,0.450392972300507,-0.630345859990575,0.886192835870651,-0.699888073795217,0.48399720597968,NA
PAIP1,6.60825826472234,0.717336968299411,0.324854477778608,2.20589956438666,0.0273910327427726,0.0976542433717687
NNT-AS1,0.348972326882787,-0.114364939874483,0.949525556561988,-0.131021257830313,0.895758491047523,NA
MRPS30,2.91974442068542,-0.36559012576348,0.460751732649168,-0.793879668392958,0.427265486985759,0.636056852858456
EMB,0.970708770270558,-0.00363778569807353,0.702961387496211,-0.00518170593127269,0.995865615340249,NA
PARP8,1.01768075834369,0.502929289638943,0.710263804900319,0.70704122318892,0.479540860419894,0.683947096905339
PELO,1.87044044350459,-0.515374379350776,0.613492293552938,-0.837379538560664,0.402379263374633,0.616183679042344
MOCS2,1.48975966425137,-0.486791695782546,0.638722963164016,-0.761379569304272,0.446430386892933,0.655032005415433
FST,0.155037016240145,-0.0691772467928729,0.973044812708572,-0.0709125441182597,0.943467359747796,NA
NDUFS4,9.58943259641422,0.484444908704298,0.299769447970965,1.61586096198678,0.106124377553826,0.25885651631247
SNX18,3.20552229768331,-0.997366839858167,0.486240064394097,-2.04612060606245,0.0407445061022511,0.132529796456668
GZMK,0.435895905446005,-0.400059307453936,0.915571675727911,-0.435624727926269,0.663109026664546,NA
GZMA,1.08921082589441,0.495954621200696,0.765938286615439,0.637921187904508,0.523524984578751,0.718474608194383
DHX29,2.94294818354777,-0.420298327786622,0.467232181487011,-0.897928773664349,0.369223523447222,0.587976661080044
SKIV2L2,0.81182575577361,-0.870197874255809,0.76590014952,-1.1250494081706,0.260568097980573,NA
IL6ST,1.39072418735404,0.52670850930719,0.707793395225975,0.754845812553389,0.450341502086661,0.658639793727944
GPBP1,28.355236750609,0.776410540688869,0.185484698582125,4.18515111440748,2.84976455553606e-05,0.000292920943073536
PLK2,0.427339648531217,0.0743377090079369,0.931166596022919,0.0822735909490569,0.934429154578177,NA
GAPT,25.7623678287511,-1.71462151734616,0.299787392757164,-5.71067302201855,1.12530266067119e-08,2.04162054150345e-07
PDE4D,1.06700739755021,-0.885617050371744,0.71775558571605,-1.2382834031006,0.215610995587676,0.418836451320044
NDUFAF2,1.17153900428917,-1.08681846691502,0.662845360916736,-1.62804227037407,0.103515923095559,0.254448817415535
SMIM15,4.00193525205033,-0.466830077311047,0.458943417940381,-1.01400395421335,0.310580865478302,0.530792358315938
KIF2A,2.27726163634241,0.388077230994415,0.539574631904062,0.718149464583367,0.472665133612134,0.67854339075442
DIMT1,1.67207207711795,-1.94227306469594,0.651104670802102,-2.93365109880976,0.00335000551588107,0.0185696232039382
SREK1IP1,3.95535910298232,0.21656347611301,0.419923743769203,0.51585484916908,0.605955790808091,0.78134182855259
CWC27,1.37789794937097,-0.00969486947098671,0.625277010148974,-0.0154694902415166,0.987657624840378,0.993743543303303
CENPK,0.329877210512317,-0.393455681557149,0.921858394518985,-0.42528234643574,0.670630861131336,NA
PPWD1,1.87946445605452,-0.112722372264788,0.612396829805707,-0.184564073705803,0.853570966797512,0.92512005978528
TRAPPC13,0.923687385627121,0.0661464321241669,0.700961354462555,0.093960953543425,0.925140174021896,NA
SGTB,10.9187005778461,1.332864919422,0.328081866827196,4.05673762457562,4.97629307962353e-05,0.000488651459622826
NLN,1.77398038591729,0.221563585718777,0.635481068909094,0.350319075744209,0.726099250837466,0.857190088522231
ERBB2IP,5.60637741941239,0.920030392760699,0.385632198499112,2.38151182000978,0.0172417374260216,0.0684756979775631
SREK1,4.13362777739691,-0.185487305483422,0.391039297144271,-0.47437103549879,0.635235343954192,0.798585567685484
CD180,1.66833633767814,-2.46112482744386,0.710281551339665,-3.41295853464763,0.000642617190740432,0.00464292951337746
PIK3R1,3.43110010616815,-0.250897098802066,0.429217906092032,-0.584929622193212,0.558595039681901,0.743766586661102
SLC30A5,0.859826912429713,-1.67614914429144,0.764962404171558,-2.14730162154365,0.0317692768246638,NA
CENPH,0.319389544329752,-0.14519493435046,0.952357435222149,-0.161407334084942,0.871772590647852,NA
MRPS36_ENSG00000134056,9.25264562083093,0.14514442146065,0.275099367463163,0.527439588557095,0.597888357899876,0.774672682988758
CDK7_ENSG00000134058,2.31649915384933,-0.0534450964261506,0.498494771789957,-0.107167223830534,0.914656317241833,0.95842699909004
TAF9_ENSG00000085231,18.4138008251789,-0.127665902675568,0.208050296664435,-0.613685737267675,0.539423015105577,0.730868309940344
RAD17_ENSG00000152942,1.39678122427245,-0.590259062267248,0.756945500619779,-0.778945476849244,0.436011833333742,0.645713300726181
GTF2H2_ENSG00000145736,0.355846124570664,-0.466037601927946,0.895977947973386,-0.515889076366634,0.605931883904163,NA
BDP1_ENSG00000145734,2.66032638135052,-0.0863028182692629,0.461623225104193,-0.186892410561358,0.851744989852562,0.924754470635492
MRPS27,0.0961256105126739,0.0133929560792801,0.96086272491509,0.0132692075026223,0.989413014878854,NA
TNPO1,2.33306654162709,-0.343934554617278,0.53119148982898,-0.648716966837659,0.516521335560917,0.71360194035161
BTF3,97.7785139621956,-0.602315238997127,0.121717486919793,-4.94847814290794,7.4795987499346e-07,1.00342504356517e-05
ANKRA2,0.989251746808073,-0.939469891557933,0.688538795533759,-1.35088148451521,0.176733400242901,NA
HEXB,14.5416728666721,-0.256786385442286,0.236003366136034,-1.08793222086228,0.276625030550429,0.49547810476526
GFM2,0.817066902732022,0.235340135999676,0.776202659415048,0.301859425375613,0.76275922759172,NA
NSA2,2.39102727082438,-1.18382971327795,0.537859441122503,-2.18630375759779,0.028793389419181,0.101451430660061
COL4A3BP,8.35305061769644,-0.0862594299457603,0.327026199756188,-0.26356736592695,0.792113307758461,0.891186645301147
POLK,3.53423297847728,-0.112214837626642,0.495363737630045,-0.226857022219905,0.820534922068072,0.907032317141012
IQGAP2,5.8489935415593,2.72501874880417,0.446127376884644,5.95662135738496,2.57505912249171e-09,5.0922016903253e-08
F2R,0.447263069577391,0.627769759193135,0.863110811091177,0.745716079679598,0.455838943664962,NA
AGGF1,2.47860430625855,-0.366191820186599,0.50953810681605,-0.719599428472098,0.471771664020753,0.677771508265108
WDR41,5.12127474673316,0.836771917020707,0.380580068111671,2.1956994033721,0.0281134659075049,0.0996843415287342
TBCA,15.2824254028279,-0.546635617766068,0.239465338218268,-2.28162378369547,0.0225115613087329,0.0843629986094484
AP3B1,2.58547134796244,-0.0237207098894338,0.491811208418882,-0.0482913311807591,0.961484063210607,0.979305190028269
CTD-2037K23.2,1.45431371842147,1.15835542431333,0.660550111862869,1.74159737770131,0.0815789205428075,0.216592245496609
SCAMP1,2.27651416695476,0.0824299677123829,0.580364997221709,0.142387631443374,0.886773831523299,0.944624873654362
LHFPL2,6.15257577930834,0.542430712387692,0.39551996729101,1.36929375974765,0.17090746783987,0.359212299634368
PAPD4,3.12196675935492,0.670470796547309,0.490724064681356,1.36405850004691,0.172549154669694,0.36174556820884
SERINC5,0.492647432017771,-0.814852333801227,0.812360804543107,-0.990379735156417,0.321988546693878,NA
ZFYVE16,3.22230442828023,-0.862826423567592,0.482480851055637,-1.78168274788762,0.074800981819005,0.203585255628533
ZCCHC9,2.94303255069189,-0.702966225596456,0.470881766613891,-1.49117653758488,0.135915151904493,0.30848097423915
SSBP2,1.893551637032,0.065946875471354,0.625031759322826,0.105519869420696,0.915963304484396,0.959444700353431
RPS23,194.942757519248,-0.181519041108302,0.110380350523286,-1.64449956276345,0.100073054542831,0.248767945503384
TMEM167A,15.1082515920393,-0.421917453839273,0.293782172100346,-1.43616372722574,0.150955757835059,0.330541055949181
VCAN,11.6271373482583,-3.47043968907076,0.41392753382754,-8.16867107251276,3.1180501307665e-16,1.37074280748696e-14
COX7C,52.9607719392839,-0.0794185273583166,0.138122498868565,-0.575006918137992,0.565286618198384,0.748693632214082
CCNH,8.46225725445786,-0.737474910916722,0.303731224443468,-2.42689343649543,0.0152287282070905,0.062703300939137
MEF2C,7.51037138536558,-0.100803701887256,0.36227063076915,-0.278283764695872,0.78079453798697,0.885420187429505
CETN3,0.385463679675778,-0.233188808157901,0.953767704195709,-0.239689147374261,0.810571248875168,NA
LYSMD3,1.55063143829126,0.0739176549114992,0.683438704025029,0.108875427373301,0.913301296878777,0.957182635551478
LUCAT1,2.78777446862439,-1.57078599682819,0.499472893523328,-3.10967178990414,0.00187295334560766,0.0115468482957366
ARRDC3,1.28164671199274,-0.486510783958449,0.628005183668267,-0.770048365999984,0.441271203015711,0.649630325923439
FAM172A,3.53421514982792,-1.7885447540578,0.700539482120228,-2.53856818516153,0.0111307110904685,0.0491559594491321
ANKRD32,0.523068847738611,-0.207121853958425,0.794849406462252,-0.258190298390477,0.796260044925139,NA
TTC37,0.506276865507668,1.13021052066904,0.831879250798763,1.35129953159531,0.176599502026682,NA
GLRX,106.928271127464,1.48012587226849,0.184410692843446,8.02391772116171,1.0242492024111e-15,4.335988290207e-14
ELL2,2.04321679957838,1.03470555185972,0.57567264932735,1.78479938214357,0.0742938636172085,0.203152837594424
CAST,32.0656831030843,1.25691924146427,0.188723839586336,6.65633511650321,2.80739748997284e-11,6.88595564600635e-10
ERAP1,1.35825665989615,-0.298721557601269,0.646958522106141,-0.462246155734616,0.643904807510227,0.804490836077416
ERAP2,2.85646180097742,0.713101817172768,0.565054060885398,1.25520261282108,0.209405217288918,0.410234112416654
LNPEP,3.45870249318336,0.704833298221948,0.424996162556225,1.65601099784694,0.0977195916526415,0.245156921112751
RIOK2,2.08447265240504,1.11120499087599,0.608886465338927,1.8112585877021,0.0701008328864643,0.195183115232408
CHD1,11.1925409805791,-0.458967354879104,0.279592207002624,-1.64196451332179,0.100597358588903,0.249096145725988
FAM174A,1.69925693128594,-1.108388055734,0.660058746298144,-1.67462683765883,0.0940074702333302,0.238461026357515
ST8SIA4,11.4020967580483,1.30898974227128,0.301424864343151,4.33638420496811,1.44845676158673e-05,0.000158277827771858
PPIP5K2_ENSG00000145725,1.23211937121913,-1.7089563083727,0.749165035192232,-2.26538726747987,0.0234889249870873,0.0869988375250834
PJA2,5.60024644381439,0.373683529581294,0.346901843222586,1.07651757057349,0.281695847089807,0.500588235733285
SLC25A46,1.15375987084489,-0.347338374129682,0.635814590780828,-0.546021124555235,0.585051416424966,0.76494368448151
WDR36,0.0371255403146849,-0.147465118504535,0.88240235086773,-0.1807592991308,0.856556511361202,NA
CAMK4,0.914169760798994,-0.227761241804988,0.785416801855418,-0.289653762114111,0.772081132968204,NA
STARD4,3.29924832517406,1.00021732320188,0.443808410588203,2.24329869236585,0.0248775596473798,0.0911379829389586
EPB41L4A-AS1,5.52544322313007,-1.71337865122772,0.544252996900795,-3.13156628167911,0.00173876532490416,0.0108958813945475
APC,1.60129024446604,0.846003340747976,0.650864156440517,1.2889569827895,0.197413042034356,0.395232866259801
SRP19,11.0272621362295,0.534082300338498,0.283493984352092,1.88306338960759,0.0596917779124493,0.173784264273891
REEP5,35.1903436976283,-0.0245401180395335,0.17136877139378,-0.143201685892312,0.886130898396226,0.944370509468282
DCP2,6.85011374209914,-0.0298575046966941,0.310008255166749,-0.0963111026228772,0.923273493462472,0.961407896332768
TRIM36,2.69669047552303,-0.170058563372817,0.562244574282634,-0.303312173665245,0.761651969669036,0.875873364523782
PGGT1B,3.50423486266041,-0.0304174850999119,0.449355922403245,-0.0676277115630738,0.94608199525578,0.971454923243951
FEM1C,2.22348778934263,1.03083775261381,0.541176082619291,1.89564280900478,0.058007292506069,0.169928222382263
TMED7,4.0078773303133,0.251133953025325,0.415692651581079,0.603874342211624,0.545927188460798,0.735046104286882
ATG12,11.608380098685,0.26889173632982,0.285311020140853,0.942491042113966,0.345941295228787,0.565195683885797
AP3S1,21.426638043628,0.597707111669494,0.23161322509658,2.5797357808963,0.00988759345874672,0.0450004711795263
COMMD10,2.3387590018022,0.749614907700534,0.533890409397751,1.40158259661818,0.161039926928886,0.344956215291823
DMXL1,2.00045971183407,0.414369101592192,0.555231426796207,0.746475821246155,0.455380032163365,0.663225505559029
TNFAIP8,37.1888478437069,-0.00635381343629906,0.280841331872697,-0.0226270157716909,0.981947793872161,0.990264980056361
SRFBP1,0.69836136744088,-0.656600153317252,0.760017032413251,-0.853896821799475,0.393162160700664,NA
SNX2,42.1433645233272,1.35403440611408,0.157542654746462,8.58980591765265,8.71163553221161e-18,4.18378126609994e-16
CSNK1G3,1.01138782821562,0.0123893584004067,0.738372298650599,0.0167078597896563,0.986669676831674,0.99331775562777
PHAX,3.85469622946054,-0.750079417668311,0.434695263647877,-1.72364539245846,0.0847718786857841,0.223053078586214
LMNB1,6.88751899708119,2.42593042663705,0.385075397197036,6.20860305550024,5.34576614137575e-10,1.15723687492282e-08
MARCH3,1.46519120734531,-0.488403382486821,0.648000201235201,-0.749800360441257,0.453374951643129,0.660979043020532
PRRC1,0.818400183167065,-0.781745063846501,0.746996021988013,-1.04389320558169,0.296534802064028,NA
ISOC1,3.30644451681581,0.831792209190034,0.45542257846186,1.82254933851162,0.0683716746133647,0.191353633895876
HINT1,45.9576454517661,-0.96964250919237,0.178571629792186,-5.42835829325054,5.68747763841486e-08,9.34021112170716e-07
LYRM7,1.26727250380084,-1.24183162191628,0.686710742374411,-1.79852419058712,0.0720939787069944,0.199042071647572
CDC42SE2,8.63462572879173,0.212822406293837,0.328902277200392,0.646563158256622,0.51791470854909,0.714010508481883
CSF2,0.115264936260426,0.0680423567244665,0.884729450753555,0.0840449367101698,0.933020703801134,NA
C5orf56,16.4509408398497,2.5391724229526,0.307903639700177,8.1879020281332,2.65819065145242e-16,1.18684059164458e-14
IRF1,35.2223802312211,0.874884619104731,0.182906347771987,4.78133192398302,1.74137562390163e-06,2.18741924102153e-05
RAD50,1.27874988979956,-0.609293208213323,0.67523578007977,-0.896281836344929,0.370102257533259,0.588676273144583
KIF3A,0.827300537038605,0.195279948947164,0.763657666129421,0.257099138675526,0.79710224244327,NA
UQCRQ,13.0195928781987,-0.38303852262333,0.242717324766407,-1.57778341571121,0.114615375072416,0.273840664104874
AFF4,2.50928214012936,0.203845547151759,0.555102997045259,0.36839119953329,0.712581558542767,0.850899207495176
ZCCHC10,7.7016818732168,0.474246668062859,0.317932942274697,1.49172901923879,0.135770198376411,0.308274407517358
HSPA4,4.45502026822578,0.509943700773334,0.387173737592895,1.3168820815327,0.187878153588526,0.382244089625642
C5orf15,6.45262443469469,0.616172929995745,0.333660074933485,1.84586564604816,0.0649117159243401,0.18440190057022
VDAC1,10.7830601334547,-0.565062308110905,0.282802591397742,-1.99822632908426,0.0456921283130236,0.14395287392995
TCF7,0.888709895244439,-0.686821468000875,0.728275150926358,-0.938164875014345,0.348159686267624,NA
SKP1,75.0205383186147,0.0426107867012508,0.113015031208444,0.377042068113585,0.706142342195208,0.8463933484995
PPP2CA,15.02295477489,0.0901945865397633,0.246022459839615,0.366626654812627,0.713897523017751,0.851159153475357
UBE2B,47.7079281545566,0.524547106126391,0.162457149247895,3.22877949998182,0.00124319709118087,0.00819477667370087
CDKN2AIPNL,1.24215213889343,-0.735876579573381,0.663408752187217,-1.11205488376968,0.26611455323923,0.483575412325023
JADE2,2.06436163291763,0.977781456851894,0.570094087950884,1.70612509443115,0.0879847912512303,0.228249242851013
SAR1B,6.91254398303639,0.0841087612011633,0.34202835324411,0.245908065269881,0.805753400326908,0.898864080200718
CAMLG,7.802034347644,-0.39973002932518,0.348902534089188,-1.14483207327137,0.252278726442664,0.467635157842991
DDX46,6.28083670415395,-1.40832476440351,0.374947628506864,-3.74422847926123,0.000180948937707041,0.00153430738723404
C5orf24,2.42769908973691,-0.282229827019706,0.495425023699457,-0.569688785414817,0.568888797677327,0.751898214596354
TXNDC15,3.25763906161276,-0.725980993918638,0.521355002423909,-1.38696403357598,0.165452730317764,0.351249017000751
H2AFY,25.627339550027,-0.596136542070922,0.18777410152678,-3.17425724040793,0.0015022049184979,0.00965703161891506
TGFBI,10.6088330992707,-0.203227674350229,0.419797513210398,-0.485384226224283,0.627403819396146,0.794445429283138
HNRNPA0,24.3696935262927,-0.484819997408511,0.195551541094162,-2.47922095457285,0.0131669712075613,0.0562400900233281
CDC23,0.532642339112866,-0.386097478970922,0.854881375997879,-0.46108692361204,0.644736242996101,NA
FAM53C,1.17075506135647,0.382861449761401,0.692873544093654,0.555327505641658,0.578670668401676,0.760034707079585
ETF1,8.1509243285826,-0.465126901012736,0.295936756582317,-1.57172695552194,0.116013887981131,0.275913179280967
HSPA9,3.81593488746001,-0.889281207143467,0.492899000074467,-1.80360362768841,0.0712934669777446,0.197595712577454
CTNNA1,9.37306746676147,0.265380404429565,0.322734935939803,0.822502788745257,0.410790800150009,0.621405352794416
SIL1,4.08356327993527,-0.030539299231906,0.425565337592221,-0.0718259117547614,0.942740451474786,0.969833604553319
MATR3,8.97266571518433,-0.499791803902635,0.278656901829098,-1.79311323680493,0.0729548195117524,0.200450381495031
PAIP2,36.24861804871,-0.11983542330449,0.178099230006779,-0.672826446706541,0.501057710478699,0.701094242649828
MZB1,0.104384259583963,1.76243962027619,0.971053160642635,0.112357215522803,0.910540177523509,NA
TMEM173,0.981268331262792,-0.190679402695198,0.763906275790626,-0.253315218827526,0.800024636628375,NA
UBE2D2,30.981267012814,-0.142850006324001,0.174870811715396,-0.816878359334511,0.413997946009094,0.624603553706961
CXXC5,1.06496551064759,-2.75874566914757,0.763148406751402,-3.58806759014913,0.000333137938034252,0.00265534632617259
PURA,0.836026931500052,-1.39712475073441,0.776211382045931,-1.78629055647905,0.0740522251518019,NA
CYSTM1,47.2545665072468,0.824493810337661,0.161755258492463,5.09618207554147,3.4657181694471e-07,4.9270097856692e-06
PFDN1,6.29506989440064,-0.660634807865479,0.353850892871417,-1.86447237105588,0.062255398018213,0.179239093034805
HBEGF,1.62369445719056,-1.74765638757526,0.66504980162412,-2.59479348830453,0.0094647768428808,0.0432383690304267
ANKHD1,1.57378251899172,-1.28447502253819,0.657967504384325,-1.93229294801882,0.0533233583402403,0.161352703122132
SRA1,17.2757908148599,-0.156604073693987,0.238973573162005,-0.655406373819909,0.512206148855831,0.710600908384866
SLC35A4,1.92400899324079,0.529423763882296,0.542496232233672,0.972218116163905,0.330942049834261,0.552375530024183
CD14,81.5148307144396,-2.35257590756261,0.44483571461321,-5.28293610888659,1.27129737505306e-07,1.96896056867974e-06
NDUFA2,16.2011903386243,-0.80370490467921,0.226142338480013,-3.5517490917362,0.000382679585927358,0.00297958287952977
TMCO6,0.918861576321312,-1.04186003615447,0.723492326294504,-1.43028525835324,0.152635164027317,NA
IK,8.83629891831218,-0.0919828864786051,0.299878237889143,-0.306734008619532,0.759045841641874,0.875468614527408
WDR55,1.38746483716796,0.381694346120946,0.651513425870494,0.586613155033019,0.557463545576859,0.743040414222204
HARS,1.69399114379388,-0.281164519204782,0.576633056987775,-0.488300213590808,0.625337210219665,0.793472947692137
ZMAT2,7.89960992293026,-0.148573294050029,0.304046310745982,-0.488710511783656,0.62504666068054,0.793472947692137
TAF7,15.5686613936255,-0.105106648100046,0.214769254560346,-0.489357446914862,0.624588656850692,0.793472947692137
DIAPH1,7.20640711314241,-0.501955922975551,0.3479864265969,-1.44294943181982,0.149034716760157,0.328094532466986
HDAC3,2.52097662765427,-0.696014668694188,0.46799398798528,-1.48215180531081,0.138299906952086,0.311911589672917
RNF14,1.89286085851149,-0.594111055137356,0.546430078472245,-1.08361026047846,0.278537639562623,0.49714010309194
GNPDA1,3.54026185433776,-0.211675354844695,0.531363028506323,-0.398273392403124,0.69042867144309,0.836328922699716
NDFIP1,36.9395236358446,0.645026418638413,0.171662412435609,3.75695191122247,0.000171995531989083,0.00146928918582602
ARHGAP26,1.36489525532015,0.0584686684319286,0.746807232841871,0.0802908089536549,0.936005968007036,0.965986509889873
NR3C1,13.8229585294447,0.7758827261831,0.258332934080011,3.00228313065421,0.00267962825035741,0.0155630848077161
YIPF5,9.77622602979499,-0.562365348863464,0.391092856232365,-1.43873594519688,0.150225350950497,0.329953067133777
LARS,1.60342545692265,-0.410457538124824,0.604886953377034,-0.678533982808896,0.497433184706732,0.699131919457629
RBM27,3.58234100193062,-0.706663141021573,0.411801989358678,-1.71333966577438,0.0866500690369153,0.226098517323094
TCERG1,0.539235158415869,0.0381867578814973,0.886945683119151,0.0451438167540797,0.963992676284124,NA
JAKMIP2,0.869487685112915,-1.61739659180842,0.793954312046301,-2.01857075353926,0.0435318533646931,NA
SPINK1,2.0129956899129,0.67766743892716,0.911046618268561,0.753304813035191,0.451266767230712,0.659424037109879
ADRB2,1.93732075581229,2.14820954577682,0.632011743241729,3.33860038075475,0.000842016014908004,0.00591169720540448
CSNK1A1,14.4121330997532,-0.0380625584992813,0.239009595739681,-0.159280003838562,0.873448274254934,0.938300166798298
HMGXB3,0.306807044186087,-0.317632997439511,0.925587660970567,-0.367854866363541,0.712981455499846,NA
CSF1R,10.8908236888395,-0.190157990964717,0.276285586675763,-0.688492815671596,0.491142492934473,0.693570384759208
TCOF1,1.32235870642462,-0.406385829031761,0.624158822953714,-0.648316989434013,0.516779947740311,0.71360194035161
CD74,495.228679113108,0.657009413945031,0.0969318712693725,6.77800570979291,1.21846035902529e-11,3.09488931192423e-10
RPS14,454.226136889591,-0.0806975770384972,0.0919094583757598,-0.878014978586161,0.379935590175392,0.596084201760176
RBM22,8.28420767979057,-0.273339508346417,0.292511377131007,-0.934236292566723,0.350182018592912,0.569033334165053
TNIP1,18.9958397071084,-0.263025889686869,0.221006698684363,-1.19036677986385,0.233902263981753,0.443224974281546
ANXA6,0.447191242221131,0.340353576256383,0.871092523520717,0.387588315702484,0.698320717024373,NA
CCDC69,1.58783069106436,-1.92632040449952,0.670512429960162,-2.80989130442029,0.00495582340595531,0.0259363834844639
GM2A,0.858484854582892,1.06263272492068,0.733820383194529,1.44658240251416,0.148013917759823,NA
SPARC,0.311680392152302,-0.156999683222866,0.874592495229206,-0.176106999353697,0.860209882178189,NA
ATOX1,25.8636398649094,0.660020795410524,0.194230566979817,3.39717515824246,0.000680853709082373,0.00487461697303521
G3BP1,5.09510857138585,-0.270671070655291,0.344623867211649,-0.785030255430058,0.432435829695538,0.64191448485974
LARP1,2.39654842334789,0.608450364223391,0.48839511334218,1.24147942072311,0.21442869586414,0.417248892360763
CNOT8,3.33804586583238,1.00911479554846,0.458759281420153,2.19301834366504,0.0283060574845588,0.100190382711277
MRPL22,7.85410391333531,0.266212700541314,0.285595803531643,0.932016047638721,0.351328232107525,0.569923601048681
HAVCR2,45.1675509351218,1.54260261902109,0.173184828599413,8.90152739768495,5.50833606387893e-19,3.02693659664116e-17
MED7,3.25311583063288,0.549757122334675,0.430309879555202,1.27610753590237,0.201917508048838,0.400680055034414
ITK,0.15824081050662,-0.0520322140673933,0.973232399269621,-0.0575478961848374,0.95410875365939,NA
CYFIP2,1.14034841950068,-0.934536180186064,0.690501560982781,-1.35480083150264,0.175481021628792,0.366666129483914
ADAM19,0.825494656754717,1.05714530995071,0.788678013015506,1.37268509071528,0.169850266123781,NA
THG1L,2.29173495118624,-1.2888406384862,0.549261798763518,-2.33074673981368,0.019766718019129,0.0762773757456597
CLINT1,2.44310130360213,-0.711381490112805,0.492539775260904,-1.44225824566569,0.149229534594043,0.328144205542499
RNF145,11.302076953063,-0.65774802756641,0.271219510743973,-2.42415485513377,0.0153440609995163,0.0630872723829035
UBLCP1,1.13581509288179,0.68722202330671,0.650877137911732,1.05048784637135,0.293493875860655,0.512421476084425
TTC1,9.15328574189893,-0.179016545943282,0.275383966274823,-0.650244679036575,0.515534185049207,0.713211781059361
PWWP2A,1.36831047603079,0.694668708585195,0.64196223570194,1.08002073205975,0.280132948149615,0.498723479621687
SLU7,13.3211970499289,0.15787995193684,0.232962838972862,0.677698758504137,0.497962713765307,0.699399584460243
PTTG1,1.47049292188675,0.392217568807267,0.631677689013831,0.620168249300118,0.535147022773727,0.727143422527782
CCNG1,3.30051437738647,-0.80795257256643,0.490726898783792,-1.64354219462048,0.100270802720144,0.248934681818255
NUDCD2,2.29669982046174,-1.30605066342873,0.531692902972761,-2.43584909834892,0.0148568809534707,0.0615268656877429
MAT2B,14.7324611662276,0.581851617366969,0.272943166439006,2.13267682968483,0.0329512459116496,0.112899502628943
RARS,2.91849465316572,-0.39588958761721,0.481150003005053,-0.822823230259502,0.410608524298139,0.621405352794416
DOCK2,2.09262715687537,-0.499051599499052,0.527313330231473,-0.945060684637872,0.344627895523195,0.564040897427077
LCP2,8.08598965645335,1.00583987482275,0.305301538366281,3.28937530215598,0.0010041003801703,0.00684794685833667
NPM1,24.0368956388646,-0.650032021056073,0.236394202431612,-2.75013760942607,0.00595702422377073,0.0298897220709831
STK10,2.90784137744034,-0.160387087586179,0.438985172378907,-0.365202279092458,0.714960417151239,0.851303867523494
DUSP1,84.5900268825407,-0.325681431884993,0.176048604430059,-1.85010231693004,0.0642988040734484,0.183275643531051
ERGIC1,4.74107614087273,-0.539624609619397,0.38288630119712,-1.40887102228923,0.158873309469316,0.341852772446212
RPL26L1,5.14765849752041,-1.24042214314649,0.384945180763098,-3.21064492418887,0.00132437468602666,0.0086698755219271
ATP6V0E1,113.811496546213,0.124220789118662,0.10239480908385,1.21313812330658,0.225077016500286,0.431939271087688
CREBRF,3.78164202158325,0.871262016915553,0.443134160148424,1.95899226052409,0.0501136931704649,0.154144110048012
BNIP1,0.565516692043582,0.333121655235784,0.845803312448316,0.392162189792391,0.694938379249815,NA
BOD1,1.12720535439331,-0.765448803323747,0.687567895645311,-1.10347981243006,0.26981885360971,0.487054563606915
SFXN1,0.555440054307816,-0.934832135666398,0.848545888995033,-1.10216811111372,0.270388592749105,NA
THOC3,0.975459854711051,-0.258181798288322,0.714494753992443,-0.362941095805966,0.716648886858585,NA
KIAA1191,0.898154150586583,-0.115494835788824,0.73875644636376,-0.155647145765323,0.876311160833015,NA
NOP16,1.26032639929498,-0.980483080556143,0.650809135932127,-1.49886718604186,0.133908090605111,0.305502889344596
HIGD2A,37.4387190381043,-0.281390963766269,0.166760872156044,-1.68717011121552,0.0915706467903501,0.234675446819216
CLTB,16.5965982592308,-0.603720022125819,0.230137103864647,-2.62245144602162,0.00872997061091325,0.0405954288375665
FAF2,2.01857313780039,-0.701692020530786,0.551485155216779,-1.2695899971704,0.204230714331491,0.40428768008468
TSPAN17,1.46298364703189,-0.0797801689326162,0.657053567548471,-0.120835986954445,0.903820945472134,0.952838351480031
UIMC1,1.01510995138696,-0.717946595188752,0.762781826878117,-0.932345821108531,0.351157834604074,0.569841061969721
NSD1,6.44744242327224,0.00391796622299189,0.379931120752947,0.0102971978373844,0.99178417001681,0.996141745456251
RAB24,4.55168887717756,0.360390219635144,0.37454051616439,0.961651677395911,0.33622460345856,0.557286429456401
PRELID1,70.1475789798995,-0.238603107606178,0.120318921738149,-1.98304728016834,0.0473621485775776,0.148071487484057
LMAN2,30.7501052005724,-0.191610964726177,0.165868825479885,-1.15520835067937,0.248005115890402,0.461827708476262
RGS14,0.164902024983446,0.0102612334285482,0.96644750236723,0.0114872095768591,0.990834734400967,NA
GRK6,1.58201841722155,-0.87551576060063,0.596991852603139,-1.45455414358596,0.14579273387387,0.323198399569111
PRR7,0.022234463984498,0.0533755459353163,0.882373220600533,0.0617632295587708,0.950751386117848,NA
PDLIM7,18.7814303297845,-0.760135609431405,0.245411112647139,-3.09721788308926,0.00195346235957458,0.0119657421060758
DDX41,0.9417907396153,0.159563156653356,0.707845947771078,0.226027740497452,0.821179844775144,NA
TMED9,27.701208474462,-0.433846790232493,0.182904107225737,-2.37212233408682,0.0176862337747153,0.0699978019546383
B4GALT7,1.35384692525172,-0.5913221229029,0.624995016067279,-0.942754734284773,0.345806369820369,0.565195683885797
RMND5B,1.54521606807048,-0.315616351925837,0.667973603598916,-0.470550374187537,0.637961853241938,0.800077241886696
NHP2,3.39810396841236,-0.779885173148357,0.471016583802706,-1.65216005804345,0.0985019264319408,0.245824676663119
HNRNPAB,2.72609453391186,-0.738368700511302,0.489552856574054,-1.50666190245386,0.131897341551412,0.302290356240956
PHYKPL,6.24281945987871,-0.0401750317467909,0.341838351871379,-0.117533542090074,0.906437265491035,0.953837041480623
CLK4,2.57870671256683,0.155484919982616,0.51026022135453,0.304599620175335,0.760671109336242,0.875752495942107
ZNF354A,0.855069211984722,-0.853550470529343,0.764350309876911,-1.11637467416183,0.264261789515545,NA
RUFY1,2.35348363754011,-0.355389557028532,0.590797761417026,-0.600451814186628,0.548205165114756,0.736654718699936
HNRNPH1,1.27868839545576,-1.07606292318616,0.67848429177126,-1.56481288351089,0.117626789980993,0.278551268396276
CANX,10.386837069746,-0.322162147387431,0.293304255665629,-1.0987837543809,0.271862399916408,0.489300657131338
SQSTM1,61.8725514716986,0.282933037053192,0.185807501136312,1.5228984317321,0.127784118218039,0.29542323447253
C5orf45,0.625981934325452,-1.47320708116957,0.907723479869713,-1.66360090470209,0.0961922109930886,NA
RNF130,23.8462715966004,-1.18838401552734,0.194086299969449,-6.1193327442954,9.39680021915936e-10,1.98898937972206e-08
MGAT1,28.6236910167352,0.597211064076164,0.163341093775443,3.65578537347788,0.000256395805798752,0.00209928657613162
LINC00847,1.63976375192921,-0.559416062393945,0.638759953491307,-0.879352337289161,0.379210266520645,0.595544565310658
ZFP62,1.04848236051043,-0.828534775635512,0.761915318973897,-1.1070322087921,0.268280003051922,0.485503552071481
GNB2L1,166.088592889516,-0.619847827687923,0.114883976867183,-5.39535295768816,6.83889800266298e-08,1.10720402507702e-06
DUSP22,5.19474352317097,0.337796414954044,0.354060374998905,0.9536211574241,0.340275442174546,0.560976405044751
IRF4,0.425315262634427,0.729923802192157,0.908925278656199,0.77342288651774,0.439272149627808,NA
EXOC2,1.41366005783163,0.222509970324279,0.676336201746425,0.331718830522674,0.740101580354501,0.86531925771808
GMDS,1.5398506812805,2.21821662706738,0.696329758275408,3.13376725273953,0.00172577683176687,0.010826360695442
SERPINB1,69.0462757734584,1.57901285901535,0.198203149083486,7.9643048895736,1.66155120631969e-15,6.78268938865502e-14
RP11-420G6.4,3.26918701535593,2.44515680033703,0.526827765431254,4.51664456605145,6.28272300243242e-06,7.31278247635464e-05
SERPINB9,16.6036853235708,1.5574540361237,0.298887427526515,5.20282678352627,1.96279800299926e-07,2.94419700449889e-06
SERPINB6,8.82936652438657,-0.00834419490823276,0.298580695112449,-0.0279528602529987,0.977699748507988,0.988073220640698
NQO2,7.02304918733508,0.273978282613245,0.444247761446267,0.617457465774034,0.536933028161666,0.728703931594377
RIPK1,2.18740500231569,1.26153130042233,0.536662997804275,2.32962243849962,0.0198261151449549,0.076403403947011
TUBB2A,2.65416084797193,0.771186744669546,0.678671210816116,1.14413980403406,0.252565662551266,0.467880959961259
PSMG4,1.75427492818871,-0.108471469876927,0.580261343764313,-0.186774681741588,0.851837298617828,0.924754470635492
PRPF4B,5.07205678046666,0.0980279960220196,0.339990350859869,0.288309666405788,0.773109708446194,0.881548679922187
ECI2,2.61143560089108,-1.16594008286607,0.578831402334617,-2.00997119937017,0.0444342371612707,0.141027196564541
RPP40,0.33737703744676,-0.722126074578587,0.916095283482782,-0.77646883360797,0.437472215922218,NA
LYRM4,3.4472191774577,-0.488945178947695,0.440158800270076,-1.10941860377973,0.267249640451277,0.484768225895533
FARS2,0.381592327692082,-0.181886502634655,0.860601548967792,-0.20923891184973,0.834261737388227,NA
F13A1,0.15943214519629,0.121842661567916,0.968750773787855,0.126749616889338,0.899138573895545,NA
LY86,3.55255114436673,0.17257909960242,0.402354525380002,0.428712607586135,0.668132384448729,0.822412822197357
SSR1,8.08278110220826,-0.0974722314340682,0.279524769324866,-0.34870111625898,0.727313706152986,0.857880483538846
RIOK1,1.17702540931345,-0.00379811217580608,0.708078008790911,-0.00534458539781568,0.995735658128732,0.997324536718085
SNRNP48,0.930547837379473,-1.35173855883935,0.709211799874965,-1.88283157729944,0.059723196229487,NA
BLOC1S5,1.04073687602428,-0.688962861161738,0.689163296376208,-0.993956264219146,0.320244160462706,0.540837877377176
EEF1E1,1.97727105360963,-0.856405926417186,0.579871448149325,-1.47510723426868,0.140183715832026,0.314547378696813
SLC35B3,2.08420721300317,0.159086421640811,0.572027767521935,0.277611458374227,0.781310635261911,0.88542341473762
GCNT2,2.78258712508982,2.13399448339969,0.543434031840293,3.83690709076525,0.000124593581887198,0.00111592391147301
PAK1IP1,0.698562351716769,-0.955814649742746,0.79601608595044,-1.18608296325356,0.235589537854086,NA
TMEM14C,5.83589281019278,-2.5778760440704,0.474380912059897,-5.33721262987424,9.43863293065197e-08,1.4942323323733e-06
TMEM14B,8.51029457672839,-1.11358743029298,0.334602256395671,-3.3225570368618,0.000891964338744608,0.00617139975293636
NEDD9,1.99612139539152,-1.72208913457487,0.634633286621407,-2.69620573847917,0.00701343337084064,0.0339964136678153
ADTRP,0.694848107919694,-0.776134054141737,0.809541657781318,-0.953579521092956,0.340296525974582,NA
HIVEP1,1.81751429415951,-0.362514151841349,0.561560805899596,-0.642117514478569,0.520796884714077,0.716848313136067
EDN1,14.5852584480302,1.89231189209687,0.591680641803864,3.19150453397334,0.00141533889615018,0.00918122791316488
PHACTR1,7.59406181538514,-0.855694743656729,0.487479859935161,-1.75883586104076,0.078605391805947,0.210708167997649
TBC1D7,2.40327217678164,-1.80954706375599,0.586236280047187,-3.03673796192859,0.00239153257010019,0.0141486631864623
GFOD1,0.274021489755458,0.00457978943416159,0.950359486304779,0.0051270696532324,0.995909208203867,NA
SIRT5,1.17736130631091,-0.22778767202928,0.679152578795075,-0.33544294298221,0.737290978657907,0.86432985983674
NOL7,13.7672652235172,0.0311452351376453,0.240431434844734,0.129564969111646,0.896910620166785,0.949587696044746
MCUR1,2.45181002339767,0.4961622004216,0.550534054580018,0.901805121522168,0.367160398695748,0.586153199660018
CD83,49.0401231211975,0.681195116729247,0.296305880745984,2.29931337873028,0.0214871506656283,0.0812198135218579
JARID2,2.19758010903464,-0.48617859012617,0.555672440200706,-0.877053284987687,0.380457696606179,0.5963564827494
DTNBP1,8.6828476742747,-0.0959625783220821,0.425885615451813,-0.225651192035057,0.821472722050732,0.907893368114471
MYLIP,2.32061889886754,0.324310126146887,0.524772274176785,0.615590080267564,0.538165099913613,0.730029324948089
GMPR,20.6065253768869,5.07738468353742,0.430571845897803,11.0036875814278,3.66818004720506e-28,3.32756332853602e-26
ATXN1,2.41879875942909,-1.323289934247,0.570064808225566,-2.30267774037096,0.0212969815214368,0.0807176691972133
FAM8A1,4.63717628006046,3.05878927071388,0.510643633537506,5.75114022907595,8.86435495550734e-09,1.6237111721386e-07
TPMT,14.2714508165176,1.46365543405232,0.242436732641105,6.02463651822672,1.69490091524252e-09,3.49688040816282e-08
DEK,39.0482585766324,1.50855415038758,0.168914510627264,8.92412625127235,4.49231219178454e-19,2.49257904621832e-17
RNF144B,3.01524652334619,-0.0744553444381389,0.511056870474104,-0.14581685259344,0.884065971659044,0.943189814973897
E2F3,0.987418228257003,-1.09477583325192,0.724891872611231,-1.50094821857919,0.133368955188107,NA
SOX4,0.638530894794152,-0.607387166461901,0.808072059754547,-0.752233620004248,0.45191057885116,NA
MRS2,0.0981823262686452,0.214129597271145,0.929750266267648,0.249449267145724,0.80301327960497,NA
TDP2,5.09660567508379,-0.14678068360866,0.398236065984425,-0.368963277249893,0.71215509706851,0.850745480716249
ACOT13,2.73920652612832,-0.34144000697282,0.591215800863111,-0.579976584051612,0.561930408680681,0.745457819315249
C6orf62,6.25884099298913,0.649331231982682,0.374053931736592,1.73498731179525,0.0827430526236957,0.218418727826522
GMNN,0.842971077983096,0.688567809449762,0.72062907532866,0.953466391632585,0.340353816683531,NA
FAM65B,8.09902042135871,0.76529432866908,0.412824049449381,1.85388612958792,0.0637554526956016,0.182272342248806
RP11-367G6.3,0.344986359133704,0.715801055386301,0.907667858400831,0.803471444361872,0.421702295240585,NA
TRIM38,17.8660403401687,1.28004478769092,0.2211987170465,5.77965743079448,7.48528821433827e-09,1.39343394608936e-07
HIST1H1C,3.46571650403569,-0.0471819600713837,0.46660306317651,-0.101073794183063,0.919491880705226,0.960500109345708
HIST1H4C,3.28372708131633,0.0789028111050275,0.4744201261559,0.166043761608359,0.868122511369109,0.935215862860406
HIST1H2BC,3.40278759502809,1.21812230315063,0.540644214761001,2.23762374150353,0.0252456019898592,0.092063289602642
HIST1H2AC,39.4721607555149,1.14878550364136,0.233620536473963,4.91556116187386,8.85285057780053e-07,1.1711583576882e-05
HIST1H1E,1.60055843198293,0.196617427172635,0.598881282546286,0.328577846544971,0.742474795026837,0.866675541989047
HIST1H2BD,4.23228550926401,1.04317463549472,0.430195030966835,2.41576427850815,0.0157022229517994,0.0639616565712997
HIST1H3D,1.54144566619617,1.82602352082537,0.661808175974963,2.7127084726277,0.00667357888992154,0.0327377711209456
HIST1H1D,0.499709400897459,-0.123110016512735,0.854957690010471,-0.145724401345841,0.88413895750722,NA
HIST1H4H,2.68416217338671,1.29247186668602,0.507102568969138,2.52959587436234,0.0114193970643782,0.0501243119991717
BTN3A2,5.44167707509459,0.307850857482103,0.416586507606085,0.738196841345699,0.460394842047426,0.66729812891226
BTN2A2,1.03734236856648,0.858972828714671,0.822412399296665,1.03199198301659,0.302075873159181,0.523128041083802
BTN3A1,2.3421237436254,1.84319183950855,0.59117944296198,3.06369362333621,0.00218622679370734,0.0132074906194899
BTN3A3,2.49956218024662,1.39452329006647,0.561342321243957,2.45048148368584,0.0142665300089532,0.0597312959715514
BTN2A1,2.19618933259686,-0.00449803653025165,0.530065288743806,-0.00852086996457263,0.993201411679597,0.996689388542388
ABT1_ENSG00000146109,8.64766952262114,-0.635775996639239,0.308433082670017,-2.06048590155382,0.0393521122855309,0.129028870746879
HIST1H2BJ,0.487055336115869,1.42007203520485,0.858311128284062,1.66067004406182,0.0967797328822124,NA
HIST1H2BK,21.8756462553602,-0.729916805503792,0.205030756480508,-3.55881435299056,0.000372532728262856,0.00290850347270795
ZNF184,0.509855674939344,-0.44274669666038,0.851548374606877,-0.532074066414315,0.594674698152422,NA
RP1-313I6.12,0.126723505204792,-0.341368720256168,0.947189443969019,-0.38032732750888,0.70370245251723,NA
ZSCAN16,5.207580436219,1.80653438268203,0.452030719695468,3.96010096766398,7.49180808870795e-05,0.000710044497959634
TRIM27_ENSG00000204713,3.93043783195657,-0.53989291173728,0.451660832344811,-1.19666250442655,0.231438127313742,0.440302562449412
HLA-F_ENSG00000204642,28.524594694076,0.714418698683998,0.189266287520061,3.77362524023017,0.000160892392494082,0.00138270680165967
HLA-A_ENSG00000206503,585.153903644605,0.730102533689439,0.127633093496062,5.72031294957859,1.06328026373048e-08,1.93523780484704e-07
ZNRD1_ENSG00000066379,10.124017826922,-0.630988820501445,0.296701956784017,-2.1260557567838,0.0334986172321361,0.11409094009634
PPP1R11_ENSG00000204619,23.2176633397991,-0.151116096245289,0.188081227501955,-0.803452124896519,0.421713457589185,0.631511607986956
TRIM26_ENSG00000234127,3.09481332874953,0.73263623684241,0.469401196671143,1.55656315971764,0.119574236210798,0.281916980175211
HCG18,0.787032564533056,-0.597389640144145,0.743109990912677,-0.794653281526395,0.426815215391925,NA
RPP21_ENSG00000241370,0.5429372682795,-0.709742852800919,0.811685371714206,-0.869768627703458,0.384426859316134,NA
HLA-E_ENSG00000204592,366.24618211253,0.883387170087444,0.116666851344191,7.57174127711339,3.68254329296286e-14,1.2991194394619e-12
GNL1_ENSG00000204590,2.56932057442806,-0.525571074015715,0.526660299477641,-0.999529963583947,0.317538031426814,0.538015411339942
ABCF1_ENSG00000204574,3.657241501104,-0.0822898620643669,0.452773351876633,-0.182164981909498,0.85545325353629,0.926106335283178
PPP1R10_ENSG00000204569,5.72663090750776,0.198564420780141,0.347013753137977,0.572379982160076,0.567064574406076,0.750179176558038
MRPS18B_ENSG00000204568,3.47252487800878,-0.840912617904989,0.442370818482749,-1.89515010637146,0.0580725180142301,0.170022766624654
C6orf136_ENSG00000204564,1.15677536075135,0.234704156228829,0.745214367672392,0.312273654974415,0.754832559946619,0.872016996178477
DHX16_ENSG00000204560,1.12617415579449,-0.319979314345632,0.678539254068107,-0.473424059581408,0.635910668131345,0.79873175129025
PPP1R18_ENSG00000146112,13.7694156594815,-0.169630310249453,0.240304030186402,-0.706035115123114,0.480166300356174,0.684497482298712
TUBB_ENSG00000196230,10.7988039172374,-0.488692671516179,0.277394815151078,-1.7619007014598,0.0780860760934497,0.209851535883933
FLOT1_ENSG00000137312,31.9491815413945,0.505762123388324,0.212960256029874,2.37459147196765,0.0175683825923374,0.0696278131173429
IER3_ENSG00000137331,19.1270184099108,-1.48245881837217,0.346549032922942,-4.27737911758469,1.89106587395329e-05,0.000201255893289443
XXbac-BPG299F13.17,1.02595049404701,0.122035821489816,0.768073816628258,0.159885829139367,0.872971011618028,0.938140152575598
HLA-C_ENSG00000204525,714.558051214519,0.777497585347704,0.137726985629825,5.64511604973013,1.65069864947389e-08,2.92973378315008e-07
HLA-B_ENSG00000234745,1397.92004142612,0.695525858029982,0.222171073187404,3.13055077469345,0.00174478834332339,0.0109096995427715
MICA_ENSG00000204520,2.44405828787189,0.280805467257647,0.635350288202663,0.441899360025712,0.658562033776168,0.816594060106487
MICB_ENSG00000204516,2.9025357084526,1.5435716368221,0.577139521355829,2.64692540356675,0.00812272687650866,0.0383647802473116
DDX39B_ENSG00000198563,1.07414679368221,-0.339228614008011,0.676846721765785,-0.499784106424354,0.617227102940489,0.788962847976939
NFKBIL1_ENSG00000204498,2.04718759356502,-1.60015923215866,0.673315043809423,-2.36438638901088,0.0180599656823543,0.0712794916261427
LTA_ENSG00000226979,0.214682138494528,0.582956135497984,0.970927653472821,0.622581103827338,0.533559831829829,NA
TNF_ENSG00000232810,5.6657897465148,0.354201983730331,0.401856800065971,0.881237302451588,0.378189393189111,0.594511983724278
LTB_ENSG00000227507,9.80840297495832,-0.744485642341981,0.300589484077502,-2.4752202304623,0.013315403927674,0.0567468556649196
LST1_ENSG00000204482,155.90031792904,-0.327969406492872,0.134224751243162,-2.44330627128209,0.0145533807933223,0.0607099060101001
AIF1_ENSG00000204472,153.709206663609,-0.357265893959916,0.123524810466779,-2.89225667184374,0.00382485331397296,0.0207194660562611
BAG6_ENSG00000204463,8.35083627301304,-0.216097408669332,0.32631424347543,-0.662557706204246,0.50761386503816,0.707046853203287
C6orf47_ENSG00000204439,4.67064290944261,-0.388313921627361,0.377438572264934,-1.02824803088318,0.303833170175544,0.524560864292757
GPANK1_ENSG00000204438,3.01250837459358,-0.310631717546204,0.477173789304246,-0.649658529156747,0.515912817375825,0.713276647521861
CSNK2B_ENSG00000204435,18.0293081363148,-0.547862807559777,0.227325115539941,-2.40996790672316,0.0159539238457141,0.0647561610641024
DDAH2_ENSG00000213722,22.3029160902338,0.0725858327951554,0.279926424246151,0.259314563615805,0.795392543498679,0.892783527457278
CLIC1_ENSG00000213719,294.414433311428,0.808076148254156,0.100668060992048,8.02695491139678,9.99217873341356e-16,4.26158966130287e-14
LSM2_ENSG00000204392,3.89821262020089,-0.267179608022165,0.446392195574514,-0.599461609987377,0.548865103039215,0.736922867379118
HSPA1A_ENSG00000204389,110.608522093245,2.68772546887703,0.185626896054057,14.4649925945342,2.01626687799391e-47,3.97343627852937e-45
HSPA1B_ENSG00000204388,5.13952291069208,1.55831296458637,0.489488797752769,3.17140533014297,0.00151703306039467,0.00971955598672145
C6orf48_ENSG00000204387,13.5184331393573,-0.51773100637001,0.279291178371955,-1.85304447541441,0.0638759841938508,0.182525624833929
NEU1_ENSG00000204386,8.55984521754576,-0.635386947644492,0.315198257695773,-2.01637540807286,0.0437607350355853,0.139682350199764
EHMT2_ENSG00000204371,0.599570747866668,0.415921486472847,0.832530136970091,0.513407688817254,0.607666168305179,NA
C2_ENSG00000166278,3.15886230652457,2.82031019802779,0.624957901620603,4.36588832231727,1.26607157720568e-05,0.000139683379608696
NELFE_ENSG00000204356,9.98943338420883,-0.318857785494882,0.261494844902081,-1.21913052358086,0.222794656345633,0.428999818401379
DXO_ENSG00000204348,0.607309165903389,-0.514931368151421,0.832639817176523,-0.620924677725329,0.534649183345534,NA
ATF6B_ENSG00000213676,6.96740503603869,-0.685547030633077,0.326080790023608,-2.10156253679149,0.0355916144735413,0.119522548662549
AGPAT1_ENSG00000204310,1.87623072391069,-1.10691433468902,0.595902513633437,-1.84326269989436,0.0652906643250919,0.185271175083367
RNF5_ENSG00000204308,9.72055715336511,-0.836503054901105,0.27849758771218,-3.00060439460605,0.00269444374686925,0.0156173894658801
PBX2_ENSG00000204304,1.0655990269909,0.299475774775535,0.732926253589377,0.409262806495387,0.682346807347121,0.829351766054614
GPSM3_ENSG00000213654,55.0342509510108,0.00830833494223892,0.140157590534955,0.0592778869021245,0.952730773832745,0.974894709693221
HLA-DRA_ENSG00000204287,644.498364638441,0.0949823326462638,0.116587317539923,0.814695617090579,0.415246562801122,0.625991587024114
HLA-DRB5,14.0564213086241,0.358686519665248,0.914907576667295,-0.34725709528067,0.728398180514585,0.857954575770992
HLA-DRB1_ENSG00000196126,319.996142280962,0.42639199929684,0.142395682358011,2.99435274412784,0.00275027777730051,0.0159087424061462
HLA-DQA1_ENSG00000196735,27.6606786990428,0.0749463742942026,0.341974443310853,0.219040884029009,0.826618200130145,0.909201156551478
HLA-DQB1_ENSG00000179344,36.9218291775173,-0.255552220899453,0.234244901417712,-1.09075996710571,0.275378516036982,0.493764960829151
HLA-DQA2_ENSG00000237541,0.727473322192584,-0.555035020845047,0.888746816380232,-0.685558465384327,0.492991580674796,NA
HLA-DOB_ENSG00000241106,0.153469440687974,0.628531072917613,0.973226950185702,0.638959408335677,0.522849338750371,NA
TAP2_ENSG00000204267,19.8946503826486,1.62517420150272,0.247847534429665,6.54636484373871,5.89544535909498e-11,1.36406762053554e-09
PSMB8_ENSG00000204264,102.308056068497,0.884622613808173,0.12753325667586,6.93590230474601,4.03636480300832e-12,1.10903004082657e-10
TAPSAR1,12.0615896672924,-0.0979705973490185,0.265607409510399,-0.368700141567615,0.712351243215891,0.850801955063494
PSMB9_ENSG00000240065,251.632430452054,1.34604539645015,0.14179649475713,9.49160623468319,2.27501289915782e-21,1.54782127603416e-19
TAP1_ENSG00000168394,75.2777828108635,1.55973347886623,0.161771092416607,9.63758058509533,5.54801417176286e-22,3.8201085532078e-20
HLA-DMB_ENSG00000242574,5.32330973483396,-0.736320491351601,0.477519903868878,-1.54001738346463,0.123556116172633,0.288095962434353
HLA-DMA_ENSG00000204257,23.6070513765867,-0.230705109833529,0.216679739843203,-1.06467014652797,0.287025224171056,0.505812259061852
BRD2_ENSG00000204256,6.53101842945822,0.00538758721024794,0.325553668323158,0.0165558594969053,0.986790938745561,0.99331775562777
HLA-DPA1_ENSG00000231389,263.512263757685,0.70307222370889,0.161757910371324,4.34627706643767,1.38467645437834e-05,0.000151974307819665
HLA-DPB1_ENSG00000223865,188.193653632915,0.535614506983518,0.180670262128258,2.96449329593919,0.00303181849030638,0.0171044843752231
RXRB_ENSG00000204231,1.94488748530335,-0.434706359401105,0.581013178947925,-0.750075696872401,0.453209115724343,0.660979043020532
SLC39A7_ENSG00000112473,2.86320033751253,0.459210294968872,0.513568617415869,0.894503901976452,0.371052342983758,0.58920926372664
RING1_ENSG00000204227,2.21135582681475,-0.542014102675848,0.528529687527488,-1.02326270243957,0.306183653443357,0.526425866254147
RPS18_ENSG00000231500,471.841952023894,-0.042246687809983,0.107189093653431,-0.394136589670116,0.693480198230906,0.838248589866673
B3GALT4_ENSG00000235863,5.36942462774978,-0.632527523915628,0.423735280762624,-1.4961174888573,0.134623041211484,0.306278137151127
WDR46_ENSG00000227057,2.44196307001059,-0.211647982351702,0.526197740037144,-0.402830265032162,0.6870730949104,0.833726370585562
PFDN6_ENSG00000204220,3.58169519382983,-0.812938001133562,0.455293695316986,-1.78327441501736,0.0745416440898858,0.20341538390505
TAPBP_ENSG00000231925,22.9521564692361,1.43639295715536,0.20849496085228,6.88163102273408,5.91711152020209e-12,1.58020057653995e-10
DAXX_ENSG00000204209,3.39728082275271,-0.572135944599081,0.421890713719035,-1.3540191249668,0.175730276230348,0.366666129483914
PHF1_ENSG00000112511,3.2991637791843,-0.219472833072278,0.451576946250925,-0.486648948681285,0.626507129123168,0.794428276667163
CUTA_ENSG00000112514,8.32370888301687,0.0233218700889281,0.303310330433467,0.0768966413924605,0.938705769418262,0.967727801138399
BAK1,2.82738499139627,1.20568637859093,0.488686730122718,2.45225073426647,0.014196570072928,0.0595256037907434
UQCC2,1.91831823264708,-0.48822848727834,0.605381169069282,-0.804550071191196,0.421079364066494,0.63112209956465
LEMD2,1.57061285228439,-0.565055667651502,0.616584183147228,-0.912944109285149,0.361271937226285,0.580126193101495
HMGA1,26.6797202894985,-0.0211307877759312,0.265019284001388,-0.079786740211164,0.936406870479422,0.965986509889873
C6orf1,8.06488970023078,0.603387623882727,0.39295692125204,1.53622762430698,0.1244825631318,0.289547353804737
NUDT3,11.9871476465842,0.607515237868915,0.253565522636291,2.39503774957555,0.0166186541925424,0.0665561378488995
RPS10,67.0893572667212,-0.330973208743244,0.186829847578728,-1.77169671676925,0.0764449149708831,0.206466299177031
C6orf106,2.35863045868686,-0.597345546143814,0.556836755718297,-1.07022068314193,0.28451998657238,0.503203420639607
SNRPC,7.25935350146125,-0.7361674890993,0.344928472042779,-2.13317450032974,0.032910414109575,0.112899502628943
TAF11,3.76508036202092,-0.382253473922109,0.475210786342641,-0.806231644109633,0.420109295957472,0.629998589975585
DEF6,0.56213851868385,-1.33310461963599,0.79081284022443,-1.66038431272786,0.0968371639481766,NA
RPL10A,106.829311721031,-0.844749791456864,0.176182497995941,-4.79421882701525,1.63309936631362e-06,2.06943744533976e-05
FKBP5,2.9877509706217,1.98461018175799,0.519716107425476,3.74765553216309,0.000178495156393057,0.00152026798626874
SRPK1,1.32746958499692,-0.241104891188027,0.687463408986339,-0.347540674933976,0.728185166342422,0.857880483538846
MAPK14,1.33444596899259,0.229691417965438,0.640373845839402,0.358159941325129,0.720223623551163,0.855108274049107
MAPK13,0.0814777690911523,-0.147465118504535,0.88240235086773,-0.1807592991308,0.856556511361202,NA
ETV7,10.7108568039809,2.77627060029568,0.416871931907096,6.56579609855223,5.17555975609079e-11,1.21222639369094e-09
KCTD20,1.25786706502329,-0.77042155861116,0.678268373056882,-1.12401863622004,0.261005119982992,0.47778483686829
STK38,3.29916398275804,-0.63212672944269,0.435826303977741,-1.44956000439857,0.147181256035709,0.324983792476347
SRSF3,23.3243071371488,-0.265413608560146,0.20956685129119,-1.26680806740266,0.205223926770466,0.405972565418211
CDKN1A,19.8630784242548,0.0984141575618808,0.216107279163363,0.455417115926061,0.648809183950477,0.808535648991926
PPIL1,0.0850980542976311,0.171577878798156,0.917377149257607,0.192534714754108,0.847323378108593,NA
C6orf89,3.60114773797836,0.0522597004188446,0.420625794417958,0.124272945567807,0.901099167534675,0.951959081842744
MTCH1,17.2632979251821,0.183801330459111,0.222132748612739,0.827314426746608,0.408058868834865,0.619733307305675
FGD2,5.91198383825635,2.19616568171744,0.389332774587701,5.56440753664822,2.63044556371355e-08,4.47410607042349e-07
COX6A1P2,5.28958115753693,0.125722868517126,0.346385379571385,0.362866530754864,0.716704589689605,0.852615888858471
PIM1,12.0603460189594,-0.90159326250436,0.367099784648113,-2.45967726781574,0.0139062003248229,0.058546464262667
RNF8,1.05878593657828,0.583884903681559,0.721897420831899,0.810706883750664,0.417534019258361,0.628114482774818
CMTR1,1.23844134099934,2.17655301379464,0.699596496282344,3.05468856869385,0.00225294334942891,0.0135389813270097
CCDC167,3.05876449008859,-0.550082317101407,0.456134489746025,-1.20425347684029,0.228491622338787,0.436732314938517
ZFAND3,5.35997119736835,-0.329955581821561,0.33948404928064,-0.971515572312009,0.331291602376785,0.552636166836931
GLO1,3.23091355294336,-0.456774896481762,0.442703309455428,-1.03182696126364,0.302153186565229,0.523128041083802
SAYSD1,3.36145568495844,0.410383301463334,0.473090706157774,0.865987844425069,0.386496827813966,0.602887642175256
OARD1,3.1858484203489,-0.0367142603721455,0.436945642855633,-0.0840521970521463,0.933014931311316,0.965275223107199
TREML1,0.618353726878427,-0.494724946476229,0.842349877313584,-0.589219135621931,0.555714282158931,NA
TREM1,7.19814739660927,0.624928795945723,0.502948948367917,1.24201758030069,0.214230075732668,0.417078807399051
BYSL,0.322456342127366,0.154053905438599,0.922414323890009,0.171734506402722,0.863646256627617,NA
CCND3,5.28761111097725,-0.0381894307195019,0.409981700756421,-0.0931035979140807,0.925821259131872,0.961837574248073
TAF8,1.23987669523643,0.529783801961187,0.730955528311219,0.735406312965174,0.462092078273264,0.668909885342377
MRPS10,3.78094421544207,-0.460373630075378,0.444733668893636,-1.03450262882626,0.30090124847101,0.521820411393787
UBR2,2.76252069793492,0.0482308593820275,0.490985550773346,0.0979342123985176,0.921984532991508,0.960945079101256
TBCC,9.11176357945425,-0.095452099511962,0.268286484324649,-0.35574909835524,0.722028472020585,0.855928296630275
RPL7L1,4.01858262519546,-1.03899509107564,0.403261752408465,-2.56827227883652,0.0102206840870051,0.0462113999661662
C6orf226,1.51818926337052,-0.203247294395682,0.572250648279952,-0.354072000351865,0.72328492507703,0.856166807542508
PTCRA,0.230897003601322,0.544083298525105,0.96212731440061,0.550737437412288,0.581813676924351,NA
CNPY3,15.3023915167259,-1.55522117963992,0.259568178849728,-5.98128464787019,2.2138460884941e-09,4.42382181669363e-08
MEA1,8.24827525768698,-0.402754593954359,0.285579075959697,-1.40970022289132,0.158628218903346,0.341582619077853
KLHDC3,3.5238418328535,-1.40057231693157,0.465222371787423,-2.99144576840266,0.00277659851200001,0.0159640447646681
MRPL2,2.2896679566957,-0.955074170698652,0.523926262307713,-1.81491542773139,0.0695369072759687,0.194015006501624
DNPH1,3.34300022366404,-1.28064392278271,0.531464801828159,-2.40633631250658,0.016113423220448,0.065126035151952
TJAP1,0.606942733672433,-0.393327382141513,0.796196518037073,-0.494419076793336,0.621010244055275,NA
POLR1C,0.461542175737292,-0.238087715259205,0.856180936953097,-0.280284641611362,0.779259132967298,NA
YIPF3,10.7952713907208,0.0601519806670482,0.283523262402345,0.212089998115742,0.832036822560913,0.912160069237602
MAD2L1BP,5.68524706944894,0.653138417820363,0.381249248881052,1.71016631212976,0.0872351232701525,0.226928554690626
MRPS18A,5.35011137567363,0.364567227183748,0.380140943204021,0.957755179024181,0.338186225216749,0.558770833674445
VEGFA,0.903901499708506,-0.127995278316311,0.737899627842991,-0.172063709234219,0.863387443040616,NA
MRPL14,13.3922913321353,-0.23951903270235,0.27292571295766,-0.877546183495257,0.380190045438638,0.596100441613667
HSP90AB1,90.3876113332726,1.1039736875369,0.141474953200345,7.8021861867241,6.08437886966691e-15,2.31814834934309e-13
SLC35B2,0.36509277699664,-0.955470468502928,0.914716069983248,-1.06050537867317,0.288914744307852,NA
NFKBIE,11.7948533088564,-0.0293210564084179,0.297587098536886,-0.0985199458149531,0.921519434534361,0.960945079101256
CDC5L,2.88280815847069,-0.42896499729141,0.451502090474496,-0.948606360751822,0.342820854708507,0.562622994197652
SUPT3H,1.00870011609258,0.569561732239074,0.73404981347131,0.785114571989573,0.43238639672699,0.64191448485974
RUNX2,0.659667733176903,1.14806937803862,0.796113474764422,1.4357803759938,0.151064845563976,NA
PLA2G7,30.4904491360925,0.0498447561282528,0.318605123966496,0.156488459817694,0.875648014912909,0.938898387472284
CD2AP,2.92587150915691,1.53484352145704,0.515123370840539,2.94380345303101,0.00324205819479173,0.0181117913814611
MCM3,1.05806648546794,0.075010799984516,0.729087637608887,0.102843162828809,0.918087447879913,0.960335778766667
PAQR8,0.757312977735659,0.800827700587793,0.769007902350468,1.04318259806008,0.296863731498004,NA
EFHC1,0.385820160613677,-0.144175693242204,0.941007009301265,-0.15928242760423,0.87344636474661,NA
TMEM14A,0.0741052203849629,0.190439611985039,0.903704890799453,0.230994932616544,0.817318738771,NA
FBXO9,2.21851906092514,-0.0171670754421907,0.538075075205364,-0.0318652483169229,0.974579512383209,0.986315196258197
ELOVL5,3.19699122298724,0.469456556865011,0.435038540151278,1.07863563070723,0.280750191029931,0.499529060316331
GCLC,1.50158267786668,1.24558950812322,0.653909237991076,1.8868235921576,0.0591840568159784,0.172657929914914
KIAA1586,0.640223118600016,-0.815036044061298,0.840490457186275,-0.997621512738287,0.318462925310758,NA
ZNF451,0.779969809217657,1.09352854381293,0.74176971783937,1.46010182638956,0.144262090751847,NA
BAG2,0.13608608591509,0.225846280140336,0.971556119365278,0.23723068614467,0.812477831583555,NA
PTP4A1,5.83724364007847,1.62180385163523,0.375029399583704,4.29662761656402,1.73416150211694e-05,0.000186994961973553
PHF3,3.64717390126022,0.16747277020992,0.429987010158069,0.388782823887022,0.697436807775998,0.841607127626653
LMBRD1,4.62461213195381,-0.661399861200219,0.368990605363805,-1.79041615565965,0.0733870350365856,0.201290190923158
SMAP1,9.4304449300244,0.31996345867818,0.270973954708013,1.18052918496928,0.237789809872092,0.448208695059039
OGFRL1,4.22450949169182,-0.255030294369948,0.509638346806038,-0.501312724456506,0.616151051468992,0.788116217355705
MB21D1,15.9983712941181,1.69256154372725,0.233815316650122,7.21974312739256,5.2085867214986e-13,1.56668805859813e-11
MTO1,0.767384338455101,-0.421124313839475,0.752284729050255,-0.557405642203978,0.577250311400219,NA
EEF1A1,147.183608397366,-0.721916959855476,0.124924303087926,-5.77872815111375,7.52674267381836e-09,1.39660176561272e-07
SLC17A5,1.69436436207189,0.887126068547229,0.601405886942891,1.46445356289913,0.143070062248653,0.318894464021471
COX7A2,54.2068843686991,-0.0227697155632237,0.156638999922644,-0.145347600860298,0.884436433673686,0.943189814973897
TMEM30A,6.33968427462621,0.761333207642921,0.366188611200481,2.07568939505208,0.0379226874020109,0.125352388363356
SENP6,3.08710971967487,-0.757972979431477,0.559769904441191,-1.35228507438145,0.176284137244672,0.367462302059544
PHIP,4.74089552482833,0.0576072009466315,0.382377356871107,0.150640754137645,0.880259111060299,0.940979152436419
HMGN3,5.07268160178523,0.0477653853523583,0.358135204029328,0.133400623546658,0.893876552297285,0.949183295499625
FAM46A,15.3633183692654,2.37253943607513,0.284118414494298,8.29966455969253,1.04405760177249e-16,4.81192676945952e-15
IBTK,1.14053590159762,0.160768559342258,0.667332461270687,0.240668747347292,0.809811863078816,0.901239482268713
CYB5R4,13.5297020880594,0.11951421643708,0.24293280339956,0.491893469898413,0.622794654860286,0.792757179778439
SNX14,3.48024225671804,-0.183898125449024,0.480370161611529,-0.382792249823179,0.701873808374949,0.84428726896713
SYNCRIP,5.33102976794443,-0.318906796648827,0.356210117234648,-0.895528438376887,0.37050467065756,0.588784319037589
ZNF292,2.7961571193311,-1.28161819219771,0.848639812326222,-1.50575909689144,0.132129027054528,0.302409847663848
SLC35A1,2.69483662886644,-0.770437329483007,0.477946401467551,-1.60827343792706,0.107775305433486,0.261655000234653
RARS2,2.75301263813802,-0.649088373549703,0.487652227771917,-1.3264834506012,0.184679613291405,0.377889004640308
AKIRIN2,25.1599824470615,0.668141086879016,0.213333507806904,3.131113608055,0.00174144778732556,0.0109007383401595
RNGTT,0.639143421697427,-0.0904032570645334,0.886520699373018,-0.107395574706033,0.91447516507668,NA
PNRC1,45.3268387999852,-0.258714045912227,0.28058529446997,-0.922430038997013,0.356304307101844,0.574543255953641
UBE2J1,8.35293265625186,-0.327169572948655,0.324155351134393,-1.00907857825602,0.312936950641249,0.532479865811351
RRAGD,0.51750585078404,-0.0719268881818205,0.880726312384215,-0.0801082427134621,0.936151167081932,NA
LYRM2,3.08934902914071,-0.161459512149582,0.456762133438472,-0.353261767109704,0.723892205490522,0.856173838063972
BACH2,0.410699965316951,-0.668116789449763,0.881139794194861,-0.779789842401392,0.435514586186452,NA
MAP3K7,2.41455325647339,0.138980688554921,0.596387917083828,0.233036339199314,0.815733187856557,0.903822250601051
UFL1,2.52465996166968,0.442680101226969,0.488338081565034,0.906264939625956,0.36479563805232,0.583816037935874
NDUFAF4,1.36245215691207,-0.288803820602987,0.604660375826885,-0.476864401042722,0.633458682950883,0.797725505934564
PNISR,14.4592790231903,-0.531793408313355,0.227844841406266,-2.33352949643758,0.0196203720770437,0.0758150280056149
CCNC,3.45020448247996,-0.120165496590558,0.416048940565751,-0.288784786585581,0.772746074881604,0.881309881849604
ASCC3,1.45579761523875,-0.475367226844112,0.678661746509597,-0.698065565224157,0.485136191722686,0.687913935842143
PREP,0.924924744630592,-0.668887698239674,0.723683075811054,-0.923652130010178,0.355667463035293,NA
PRDM1,2.49015670302547,0.36359920428513,0.519393391011493,0.698606725662206,0.484797839392932,0.68773525575857
ATG5,7.78138027973678,-0.0851992740618363,0.304254028409468,-0.280164228383898,0.779351509703045,0.884898871654356
AIM1,1.95930725209976,0.245124569623178,0.565921562125994,0.433368153772917,0.66474733252917,0.820702312681833
QRSL1,1.16686500600989,-0.260359981043661,0.688088050592484,-0.378941578953132,0.704731247180275,0.845766290977588
C6orf203_ENSG00000130349,1.34471343954905,-0.641049019699589,0.629948795562261,-1.01100599441212,0.312013560765327,0.531907976803294
SOBP,0,NA,NA,NA,NA,NA
SCML4,0.473354557519955,1.16374066326602,0.873844231476154,1.37018899472831,0.170627912802078,NA
SEC63,3.68157298578338,-1.63861611838584,0.475358130562395,-3.41908579861234,0.000628319111495102,0.00456240613704186
OSTM1,4.93844359927607,-0.592083306912094,0.37217653154076,-1.58905762776735,0.112047382857584,0.269281241812908
SNX3,78.1880397350531,0.611188101340447,0.131640819541523,4.64262162564318,3.44016005863684e-06,4.20096468698922e-05
FOXO3,1.951070843879,-0.600256151512109,0.567401383033978,-1.05645132812246,0.290762066330007,0.509256882953107
SESN1,0.321141108040517,-0.370892585669516,0.925164159874969,-0.399123481394349,0.689802221144205,NA
CD164,47.7631612604934,1.46195335232436,0.198011738962494,7.37981390190647,1.58510936752267e-13,5.08926968280452e-12
MICAL1,3.07743675224256,0.789776532875428,0.442541272410538,1.77774556364766,0.0754456526816129,0.204773079302866
ZBTB24,1.16183949245325,0.138469685172157,0.689775499565061,0.201948948915296,0.839956634646811,0.917147911159061
FIG4,2.10863274772535,0.529467582328005,0.625414090011408,0.844030086602587,0.398652593351845,0.612802215437178
CDC40,4.65578178465963,-0.297529751246234,0.379281643292306,-0.784626520679913,0.432672575958851,0.642099135706267
CDK19,1.98559996482262,-0.456568618640323,0.561140338989567,-0.811404723880239,0.417133287241103,0.627842174501687
AMD1,6.61579004458765,0.533012227360905,0.355016887030898,1.50062323560778,0.133453038031091,0.304829781114184
GTF3C6,14.6244089573331,-0.662728153778603,0.235435130816113,-2.81400126399309,0.00489290359792381,0.0256797663195661
RPF2,1.03657808048818,-1.15183239455533,0.74546628568284,-1.54495926234977,0.122356117395495,0.28658410283412
REV3L,0.696330374724278,-0.525361757210111,0.822242293883216,-0.644061467702857,0.519535575610865,NA
FYN,3.99061225828289,-0.456881909466192,0.464151069776104,-0.98421291808695,0.325010835483894,0.547109550748293
TUBE1_ENSG00000074935,0.501838057227077,0.178376739168254,0.841137603261919,0.212609950891592,0.831631209208234,NA
MARCKS,15.3389758832232,1.89319910508464,0.254833440091653,7.40256510619477,1.3357866409005e-13,4.31300601850078e-12
HDAC2,4.83658308823444,-0.578179765476731,0.359496228430259,-1.60756034196388,0.107931503728278,0.26192294853805
NT5DC1,0.679476326658088,-0.303173789510903,0.815155086868013,-0.365568532986494,0.714687059179649,NA
DSE,7.98868482147945,0.0482050499211926,0.320938891828653,0.15026908865011,0.880552319725279,0.940979152436419
TSPYL1,1.20335339325091,0.792837117477605,0.677513143113026,1.16620531616191,0.243531443702205,0.455575188464191
FAM26F,276.836747899074,2.25784465743141,0.298035128056136,7.57383069584025,3.62376619394046e-14,1.28632445952607e-12
RWDD1,10.5925300869273,-0.440237468397446,0.286934055083675,-1.53356190368508,0.125137466557321,0.29059757065221
ZUFSP,1.47875430952923,0.634982551096773,0.699309827457016,0.901383953514928,0.367384210180609,0.586153199660018
GOPC,3.39075053556056,0.103609532261868,0.469344712523353,0.220532071083726,0.825456798015049,0.909201156551478
NUS1,1.46537171568429,-0.299794679246235,0.639475550470008,-0.468283115999418,0.639582140891425,0.801230148004054
CEP85L,0.945216331087247,0.725852582358949,0.710530850096029,1.02233750512171,0.306621187984652,NA
ASF1A,2.49604680765611,-0.121252332786114,0.51677045117306,-0.234438407319037,0.814644644573271,0.90331667515255
SERINC1,7.93648624608727,0.0765513420084456,0.300812448150834,0.254471644713592,0.799131207463842,0.894017133643238
PKIB,2.09333117652985,0.599188208145808,0.66185145503297,0.908224443748336,0.363759652087574,0.582740180557969
SMPDL3A,15.5741145226636,-1.75979266515985,0.26580309432153,-6.605249333922,3.96848857404278e-11,9.48950301282615e-10
HDDC2,3.4673452874051,-1.07123069639836,0.487113929145098,-2.19324887427725,0.0282894529669427,0.100190382711277
NCOA7,9.3784738118761,3.93703890492692,0.487397166783395,7.67024460156355,1.71668663241702e-14,6.24895802819316e-13
HINT3,3.10193720429475,1.10147273534119,0.465557220049369,2.35419864802193,0.0185626881245482,0.0727325757152275
TRMT11,0.429197282432425,-0.134798624769119,0.884703666590031,-0.154522578184921,0.877197710195578,NA
RNF146,7.42305468935793,0.339698051965295,0.326301584860999,1.04083654871968,0.297951414201661,0.518669610771397
ECHDC1,3.98122082626034,-1.34008456688699,0.43126107569714,-3.09173582896867,0.00198989849555609,0.0121498610065203
THEMIS,0.147961644610764,0.350547421705243,0.955612621503655,0.42631188699631,0.669880597282653,NA
ARHGAP18,4.04340481926768,-1.87095796134836,0.521465862373201,-3.55534019545063,0.000377490331642066,0.00294318860209333
L3MBTL3,2.37349171510324,0.0632242926861301,0.562361300383691,0.112775367974901,0.910208647246402,0.955693995776812
SAMD3,0.384504092759891,0.805726637610566,0.915324362209962,0.870661095798018,0.383939226619747,NA
AKAP7,1.40282498064199,1.42193168674681,0.680825797877894,2.05406109391817,0.0399697790240007,0.13060450950381
STX7,14.244973286232,0.540444136566325,0.23773182278484,2.27236605910585,0.0230644099325971,0.0859837591420696
VNN2,8.36264221713627,-1.59147002935367,0.475074960722919,-3.33482214709141,0.000853539712092662,0.00597791599829603
SLC18B1,0.686943136623075,1.56930986752403,0.811675898353529,1.93052865241774,0.0535413685637908,NA
RPS12,254.911237570359,0.178565837542715,0.110320827579338,1.61862644112805,0.105527662469402,0.257858147567714
TBPL1,7.15310127669801,0.0124318410228061,0.350200246333796,0.0354658784063291,0.971708254336056,0.98410644577894
SGK1,11.4011398373177,0.478809861116277,0.324762398996278,1.47510577774438,0.140184107356218,0.314547378696813
HBS1L,1.53598555187895,-0.93652431985922,0.682538559389683,-1.3698419379086,0.170736247552551,0.359130531749294
MYB,0,NA,NA,NA,NA,NA
AHI1,0.819427405447574,-0.423496437705899,0.778615039252368,-0.542911384745616,0.587190816974662,NA
BCLAF1,4.68775637942618,0.210097224697912,0.381759155454924,0.550349954064607,0.582079367487895,0.761754885549192
RP3-325F22.5,0.214556509953361,-0.122418153442058,0.942225143703123,-0.128495692575191,0.897756706795176,NA
IFNGR1,28.5043098938041,-0.696186299353966,0.21436368271548,-3.2471345291956,0.00116573273933137,0.00779200304710968
RP11-356I2.4,0.336640772106284,-0.597612837283656,0.900342234200774,-0.660674025542319,0.508821384771823,NA
TNFAIP3,7.57077858840109,0.872402791749205,0.319805076477238,2.72494762782436,0.00643116874792348,0.0317667496926385
PERP,0.436441429944782,-0.0321690186740849,0.856704722768837,-0.0384628585919134,0.969318644107762,NA
HEBP2,4.61676391539582,0.332823074495152,0.447753314587389,0.743005244507403,0.457478505253792,0.664588118333864
CCDC28A,7.03091291025595,-0.200692407429776,0.327745707976868,-0.61226735018653,0.540360887706731,0.731544436456508
ABRACL,21.9654436523514,0.140252006825661,0.208504078970333,0.672694985101853,0.501141358685138,0.701094242649828
HECA,1.81938207741834,-0.336783240018016,0.531109632077389,-0.631936350537761,0.527428469215272,0.720591237529239
CITED2,13.1045458270142,1.03028574967861,0.258170269323318,3.98578103903457,6.72585153194289e-05,0.000643856641625689
VTA1,2.05777150408103,0.00424424643480012,0.51180250690937,0.00826962710765696,0.993401867411411,0.996715532348352
PEX3,1.00986050999417,-0.0185225491677576,0.72450528266883,-0.0257760762053058,0.979435943930318,0.98895343101798
FUCA2,2.51218316522222,-0.893976758597391,0.503086906248107,-1.76868287208368,0.0769468121857983,0.207322761397514
PHACTR2,3.732401674378,2.13548027974938,0.489630270868444,4.27395331739152,1.92037259387922e-05,0.000203994969777319
LTV1,1.0014404165016,-0.538735338162924,0.731094274611658,-0.734313770463672,0.462757527148443,NA
SF3B5,18.1632955183655,-0.580363397200547,0.246288521035001,-2.35662169987334,0.0184420235799951,0.0723377932461717
STX11,59.3864484345998,1.04843489944416,0.172125433010763,6.08965922101294,1.13151281837822e-09,2.37742491067336e-08
UTRN,5.44336211623803,0.754864156212521,0.374473114440135,2.01361959993239,0.0440494870273353,0.140246695465861
SHPRH,0.280616389514263,0.396876817295964,0.900982437719656,0.438066338390843,0.661338195033145,NA
RAB32,26.0537209499072,0.209391167301293,0.186328540192719,1.12366051693417,0.261157072347974,0.477829042288047
TAB2,1.18586689666142,1.81586455261495,0.727585333108943,2.47231752460302,0.0134240225480149,0.0570635212789405
ZC3H12D,0.800588094957137,1.25468708589866,0.768802864146278,1.64984751500948,0.0989741277230307,NA
PPIL4,4.20097135548866,0.267855808307113,0.486134855184575,0.55218628579045,0.580820729424919,0.760987770896779
GINM1,5.22278609194524,-0.247738879218906,0.389969971559004,-0.63565078212653,0.525004062543213,0.719175028148242
KATNA1,4.07988496298286,0.529635200558292,0.384127370332034,1.37688436806107,0.168548000903593,0.356271730250315
PCMT1,34.86374309206,0.899640259816574,0.197932653336695,4.54308143475982,5.54378225949757e-06,6.5190772866314e-05
MTHFD1L,1.50803950077504,-0.465339677036089,0.683205368913501,-0.683208685669207,0.494474985007845,0.696555222903582
ZBTB2,1.39244476494392,0.319922499292348,0.621271762007983,0.51610475868144,0.605781244519918,0.781322458233205
C6orf211,4.2274401704046,-0.214065481865097,0.4060306427692,-0.526662020847518,0.598428314129664,0.774811466980297
SYNE1,0.793718013744045,-0.574429038415166,0.758961852636227,-0.758558465168891,0.448116726723274,NA
MTRF1L,1.41419546381736,0.337107931503111,0.61846427274982,0.544573413555619,0.586046944173715,0.765472041296508
IPCEF1,0.388468592789073,0.690523874789015,0.856563252982639,0.815062134033761,0.415036744986554,NA
TFB1M,1.5313168881492,-0.652651707830176,0.730929205611646,-0.894665912598744,0.370965705767539,0.58920926372664
TMEM242_ENSG00000215712,1.75111679526083,-0.691311140645128,0.557969136158523,-1.23406058002246,0.217180331154029,0.421026320402061
SNX9,8.9382238945658,-0.355740789359575,0.327819624556248,-1.08627053979742,0.277359316860895,0.495966362909893
GTF2H5,2.16537755103837,-0.463916598656251,0.565107923272266,-0.818713773403405,0.412949736473502,0.623680693431835
DYNLT1,190.343329651348,2.36932621110732,0.138002734751166,17.160591901457,5.23771116474131e-66,2.99335193064966e-63
SYTL3,2.04859761004142,1.42629827852852,0.591694014975564,2.38525936324249,0.0170670839780227,0.067923666388858
EZR,12.5504564387676,0.749843544062623,0.27946718192221,2.68158064721827,0.00732752500799599,0.0353390763043857
TAGAP,10.1142755014804,1.93387680630678,0.334873772203509,5.74263030213417,9.32170970672962e-09,1.70203102153226e-07
SOD2,970.758850144337,0.469837534824048,0.190170663006087,2.47065081510879,0.0134867437058746,0.0571813039909771
WTAP,31.6751538442833,0.259062319992108,0.263410204165628,0.983768004831983,0.325229594198683,0.547316587410328
ACAT2,2.49931138074903,-1.12601408204371,0.538245159717309,-2.08424333601589,0.0371380386762595,0.123397611066758
TCP1,14.9264164139471,-0.71196918772827,0.316363629279434,-2.25099988516661,0.0243855446508244,0.0895651591770316
MRPL18,22.0538356000355,0.578046452173049,0.225312442296444,2.56458550552397,0.0103299123769741,0.046557925263728
IGF2R,2.43921984836899,0.649433795883952,0.561517752121265,1.15544394257065,0.247908675950565,0.461798592913129
MAP3K4,1.59090417669471,-1.68833084805434,0.66501095745485,-2.50229404306788,0.0123391395416359,0.0533420442363456
AGPAT4,0.280006171540922,-0.23565448932315,0.90096586142883,-0.25479015895118,0.798885176506386,NA
QKI,3.36318822135142,0.440030737633882,0.457595267330376,0.960218959146467,0.336945026855492,0.557833380208325
SFT2D1,43.6626251544647,0.465731489939847,0.152224754582796,3.0592114484094,0.00221920455794627,0.0133784325407837
MPC1,11.5195355116502,0.0248135957159643,0.306465950794939,0.0809246415171852,0.935501883134279,0.965986509889873
RNASET2,37.2682895863979,0.654267052779808,0.199220692316611,3.28337413885915,0.00102572435324465,0.00697858890332519
CCR6,0.188946713023892,0.502998396540625,0.973320938793611,0.544360359941032,0.586193518170194,NA
C6orf120,1.4872372223557,-0.502971875059433,0.60027203327022,-0.833376073185273,0.404632664612797,0.618244386744129
PHF10,0.470419999862699,-0.690853711561423,0.896928235418305,-0.789594753614462,0.429764473161102,NA
PSMB1,53.5436638943642,-0.224597206675208,0.142210857744652,-1.57934563199528,0.114256800515318,0.273098124192825
TBP,1.3298121277547,-0.615600294196088,0.688360757041463,-0.898678052165992,0.368824170790595,0.587794237609663
PDCD2,6.87062511020311,-0.786530586591533,0.347080079288308,-2.26427844240976,0.0235569946181031,0.0871944457528881
AC147651.3,0.192107175300719,-0.391233337959029,0.966432132089042,-0.424188050050872,0.67142867512287,NA
PRKAR1B,0.505550786251844,1.14061546891707,0.89167791947845,1.33259921016275,0.18266336451537,NA
AC147651.4,1.70317516345098,0.829812582171137,0.698375865235455,1.17978589371217,0.238085381356311,0.448457114677967
SUN1,0.7769303584581,0.784620334397337,0.756498779196797,1.04241607140672,0.297218818520687,NA
COX19,5.81136672772264,-0.614151470419672,0.329569806822205,-1.86255085346532,0.0625254843966038,0.179835502429084
C7orf50,3.67516604486073,-0.0414515316323411,0.424602518065352,-0.097572359319366,0.92227187381809,0.960945079101256
GPR146,0.449858528805922,0.142240570998624,0.898888314611651,0.200133829494511,0.841375916430701,NA
ZFAND2A,5.15546529896923,-0.240685970035866,0.383469262289909,-0.628332361151435,0.529786236399023,0.722435776907759
PSMG3,2.4165157920098,-1.65820835773117,0.53017787516614,-3.08277223523488,0.00205082053407783,0.0124685525023987
MAD1L1,4.67824360215559,-0.0994881559475205,0.398516841712816,-0.249718060689747,0.802805390199782,0.896450333136333
FTSJ2,1.919827155908,-1.11996770988585,0.576624398165915,-1.93246803696055,0.0533017634753412,0.161352703122132
NUDT1,2.78727891698767,-0.433541176679759,0.480248024931769,-0.902356192867286,0.366867684066529,0.586147278289128
SNX8,5.1408359410276,0.204926225431487,0.412004549096248,0.497791632044257,0.618630914566755,0.790050430558437
EIF3B,0.626215693037477,-1.05526006016107,0.820368457527524,-1.30687032814963,0.191256754902298,NA
CHST12,4.9687696744991,2.99798699908077,0.499416004689334,5.80537164193258,6.4223389617481e-09,1.21134215070595e-07
BRAT1,1.55001190422374,-0.60479383516634,0.639679088835602,-0.948371029818903,0.342940602284432,0.562622994197652
GNA12,1.43500486893716,-1.33103056030765,0.700448604282065,-1.88366453288567,0.059610366775108,0.173635701386209
AP5Z1,2.62131523386206,0.003967128601711,0.522220487959977,0.00762176987299505,0.993918766370273,0.997059110023892
RBAK-RBAKDN,0.548138656641089,-0.0264529542176564,0.835431825152617,-0.0319291665856092,0.974528538921088,NA
WIPI2,6.54866286691261,-0.657048329619345,0.317667314808331,-2.06652668032957,0.0387787758375186,0.12744146285878
ACTB,1214.52219063159,-0.954094103148167,0.157499005460781,-6.05779637972321,1.37998923670291e-09,2.86786854100259e-08
FSCN1,0.367848193927313,1.06876751364882,0.964595600062402,1.13243833588823,0.257450195381718,NA
RNF216,1.07827915490216,-0.587714637178073,0.693273790262686,-0.845634314079535,0.397756776943831,0.612551867484234
CCZ1,5.12796889289595,-0.190903600864174,0.388638578012415,-0.491762112668548,0.622887523119012,0.792757179778439
AIMP2,1.56259635622058,-1.5273675419439,0.654364375201928,-2.31697609784855,0.0205050338433867,0.0785723505397755
EIF2AK1,3.12630103009485,-0.455102188086396,0.486322873214984,-0.936662989918837,0.348931939505037,0.567970958208854
USP42,0.886789999818929,0.218783102523065,0.722439188616094,0.304214014751966,0.760964848305669,NA
RAC1,140.676421819979,-0.371082627158746,0.132222470819891,-2.80645623176943,0.00500897166939917,0.0261188623089564
KDELR2,21.6862329565318,-0.634942200192638,0.219791098510265,-2.88864124173115,0.00386910224327472,0.0209195073985951
ZDHHC4,3.92924775306495,-0.373053479732662,0.452872544058941,-0.82510706964782,0.409310806395447,0.620151447123536
C7orf26,0.992040371490494,-0.1727784735292,0.751107039631553,-0.232281624800494,0.816319283459913,NA
CCZ1B,1.70495988039172,-0.156054231889526,0.584062482035615,-0.26697859464783,0.789485642086964,0.890274357641476
C1GALT1,8.42399085588049,1.06377314128321,0.320445561771426,3.3144143773814,0.000918353008348872,0.00631574902853646
MIOS,1.08458371065608,-0.0884241933099526,0.66217982909103,-0.132960195427506,0.894224860379066,0.949202637591464
RPA3,7.78994008848616,0.331948570020095,0.301166220608055,1.10186451648308,0.270520576924226,0.487785185600657
RPA3-AS1,0.722625328495809,-0.0684029565958299,0.778458393347227,-0.0861148852950305,0.931375090827384,NA
NDUFA4,39.7214866756334,-0.874544494086191,0.17290648988526,-5.05658355240797,4.26833911972163e-07,5.95699675192418e-06
PHF14,3.79218446936632,-1.30205230183186,0.470408240926907,-2.75658396511944,0.00584086144519357,0.0294620681017487
TMEM106B,1.77822064573373,0.0253605836157404,0.576187263141343,0.0440630604754228,0.964854137640268,0.980490818744594
SCIN,1.5250562055432,3.37093259071612,0.739805867168688,4.52320868072875,6.0909133683865e-06,7.10399385720996e-05
ARL4A,6.93897987828269,0.028484371882866,0.319142925820378,0.0892074174988547,0.928917070571399,0.963295049531734
BZW2,1.34308760321398,-1.42051199153065,0.778908020518052,-1.83564086763703,0.0664107887568672,0.187611298934995
TSPAN13,0.941960218978348,1.89439243918822,0.897796556274982,2.15694210630499,0.0310101756072665,NA
AHR,1.61134635235245,-0.503506034762471,0.608356694270476,-0.824383982013596,0.409721413362809,0.620555725156215
SNX13,2.20719163596519,-0.748318706241549,0.542815810646291,-1.3765800595692,0.168642119421725,0.356271730250315
TWISTNB,1.02629875361733,-1.18365074182922,0.778142704901013,-1.55300691853425,0.120421481757227,0.283213484873477
CDCA7L,0.199591225096486,-0.419878518313346,0.973361720591784,-0.451501894605872,0.651627859856208,NA
IL6,2.33320436965372,2.64889096823681,0.643443877752817,4.02564692699888,5.68188894651095e-05,0.000551307221210698
TOMM7,36.4459273848679,-0.00576729522831275,0.180311298019591,-0.0319838607253864,0.974484921588505,0.986315196258197
KLHL7,1.70015886630617,-0.516684056054214,0.574163741875795,-0.897884206420212,0.369247285497162,0.587976661080044
NUPL2,2.04753713909542,-0.0812906139722713,0.528613946499421,-0.153330158922811,0.878137918491185,0.940220982681598
GPNMB,1.04953195356065,0.886851099589807,0.6945559275668,1.26978428876924,0.204161478671673,0.40428768008468
MALSU1,1.51762085320476,-0.581974508278068,0.619266136826493,-0.936393398605271,0.34907067556467,0.568034997395242
TRA2A,5.00663035319657,-0.102941392105673,0.403048213218733,-0.255575301269679,0.798278791863306,0.893430573701437
CCDC126,1.76099927687167,0.721078947024022,0.568838467058701,1.26213832975125,0.206899015018403,0.407312390916353
CYCS,15.8809541585479,-0.020267316907594,0.214721262580983,-0.0943896887221026,0.924799606443708,0.961702003158515
NFE2L3,2.54162495263241,0.453635482824221,0.479254454259351,0.944450112401981,0.344939683649018,0.564204433902158
HNRNPA2B1,116.286563211109,0.101815637857963,0.116559667449676,0.873510886523,0.382384675025704,0.598392228305557
CBX3,22.2659101675373,0.285418132345694,0.19285993583254,1.47980531810467,0.138925209027667,0.312715745948446
SNX10,63.7001636387768,1.19395191771758,0.200334309983964,5.95915907399678,2.53539208572249e-09,5.03116867010556e-08
SKAP2,9.08870486505692,-0.782902127561471,0.324780623151932,-2.40964299729339,0.0159681370864465,0.0647678519865451
HOTAIRM1,5.20991343429507,-0.857230441475308,0.370667484727413,-2.30867461317067,0.020961644114102,0.0797044551643997
TAX1BP1,37.1888584614032,0.26339518458535,0.153253003743662,1.71862366255815,0.085682920170072,0.224622884757781
JAZF1,2.95554939719914,0.125069007979089,0.438808478506984,0.284566121878916,0.775976569365401,0.883614952237823
CPVL,11.248460050608,1.1825521593422,0.331756989785633,3.56164761714427,0.000368534805343556,0.00288628843972044
AC007036.6,0.721326192379027,1.76224225960692,0.854250763767359,2.03583867161416,0.0417665577910236,NA
GGCT,1.05036388321596,-1.48072525303504,0.747977837408151,-1.95742642314508,0.0502973544244757,0.154625809863302
GARS,2.66718419261031,-0.261071401933488,0.507272175105525,-0.514059739945708,0.607210224099348,0.782106475259809
PPP1R17,3.74138407609362,-1.30013094889876,0.530982623421903,-2.43278665374248,0.014983126346729,0.0619150882657675
LSM5,5.96953682479467,-0.546078315191312,0.373995569444304,-1.46011100545795,0.144259568432154,0.320550062698556
AVL9,0.771322994337707,0.692360427520248,0.796377183334464,0.852772632760522,0.393785403242077,NA
KBTBD2,2.37734788640097,-0.36586093688842,0.524308903631163,-0.697647687796234,0.485397550702243,0.688007689053403
NT5C3A,56.7436192528194,4.35945070257545,0.234494260834304,18.3418545028015,3.83489122167377e-75,5.47910083296639e-72
RP9,0.465706686279277,-0.151674425386655,0.925200928597048,-0.157235012194259,0.875059635735292,NA
HERPUD2,6.88796702607863,0.960371208551866,0.328359323897398,2.91996661253197,0.00350068888257827,0.0192369586191681
SEPT7,27.0556082530755,0.00891059525810796,0.174538448898578,0.0510494119746442,0.959286146786633,0.977414927595937
EEPD1,1.78302109874047,-2.2749647702007,0.661382296620856,-3.37836627334483,0.000729178877174703,0.0051767171218055
AOAH,6.3311930112953,0.103485446237819,0.378526833075455,0.273637289611055,0.784363374356958,0.887299422891927
ELMO1,2.13630775856616,0.770160312382857,0.533784738708815,1.4378340769363,0.15048113799832,0.33026102291106
GPR141,1.98883468968684,3.09998726530986,0.690201418369885,4.3663444411973,1.26343192719207e-05,0.000139661769127712
STARD3NL,9.63097506739069,0.182247850233606,0.288366840864233,0.631706554274339,0.527578644409987,0.720591237529239
VPS41,2.0569783744112,-0.382760139581341,0.525379564117411,-0.727997775326716,0.466614948119996,0.672391434318149
RALA,34.318463339808,0.194926879569515,0.188806540177005,1.03242362942504,0.301873707203199,0.523128041083802
CDK13,0.331124210746875,0.433527834394744,0.919603530916538,0.470488678705267,0.638005920851792,NA
MPLKIP,10.6640873000455,-0.316620170343951,0.257317785410801,-1.23010998332853,0.218655922088103,0.422882773175468
AC004988.1,0.537968351322022,1.25933244857181,0.880898045990755,1.47505788444259,0.14019698188827,NA
INHBA,1.13647972486778,0.119177699965944,0.813696022607962,0.14822865568215,0.882162317648961,0.942040425579174
PSMA2_ENSG00000106588,74.0018602079569,1.46794468214536,0.132123559139526,11.1065826522016,1.16534321920326e-28,1.09179286848305e-26
MRPL32,9.91276279138196,0.57919981125587,0.330401342593479,1.75309300425837,0.079586044170933,0.212837736283052
STK17A,10.2882435365698,0.685918327457557,0.261903730481232,2.61716956396085,0.0088662285480668,0.0410952929052731
COA1,1.35227041886157,0.296148156317555,0.634954511631357,0.467255662399914,0.640316973918219,0.801861493422035
BLVRA,34.5040619483298,2.0667696912898,0.244410750606001,8.44084022344036,3.15064576797259e-17,1.47589676753798e-15
UBE2D4,0.344826865448582,0.0472422922792956,0.897410838926432,0.0508794640854972,0.959421569597271,NA
DBNL,31.9207935643743,-0.121845321778718,0.168361582108655,-0.72372327577269,0.469235640547168,0.675656761332091
POLD2,1.58946549262414,-1.1850175836135,0.610339152997357,-1.93253967045381,0.0532929305538193,0.161352703122132
YKT6,5.16157311820979,0.0735947106495023,0.349428437897124,0.210439441919298,0.833324711591779,0.912794279048022
NUDCD3,0.532856355041989,-0.140945446198199,0.814737720008989,-0.16917359460888,0.865660098858282,NA
DDX56,1.07900722543931,-0.416678352320232,0.702995739194625,-0.595372289753677,0.55159464399633,0.738777452645659
TMED4,5.4252992694139,-0.687290186612858,0.415421514296737,-1.6563662578566,0.0976476699392123,0.245156921112751
OGDH,2.31232786728953,0.461366436473221,0.519688553485996,0.885422081711032,0.375929027133981,0.592671555881573
PPIA,28.4012668666945,-0.140271130893483,0.17626974827771,-0.79575154107458,0.426176462819859,0.635387248126836
H2AFV,33.0222506663633,-1.07568048010905,0.178847339704229,-6.01248073437654,1.82705551648995e-09,3.7158798137865e-08
MYO1G,20.9994735616934,0.254147221012378,0.201410996251308,1.26180850665258,0.207017700459599,0.407405701834231
SNHG15,3.37075208652338,0.0949720219082119,0.473701033082797,0.200571621797358,0.841033549644772,0.917622515505894
CCM2,7.90159885580739,-0.0652415568941765,0.315324617496253,-0.207025122617695,0.835990238486272,0.914039451492069
TBRG4,1.96859500992581,-0.990021741624536,0.550786158836823,-1.78848095113014,0.0736984462374842,0.201997921391984
IGFBP3,0.0628635903131331,0.0674168058199645,0.882413679742461,0.0835247909725053,0.933434265916411,NA
TNS3,0.781419907240796,0.386127458145921,0.821566587221811,0.468348947837718,0.639535070118295,NA
HUS1,4.35770671893213,0.108850416055795,0.391090183843653,0.278148196046215,0.780898599763963,0.885420187429505
UPP1,39.7313995054741,-0.0360637934299501,0.171371273954837,-0.210437146143917,0.833326503242083,0.912794279048022
IKZF1,4.79418723003181,0.804401530896396,0.403769558354663,1.99009226151886,0.0465807731069962,0.146188423012896
SEC61G,13.4642737964892,-0.121177791620153,0.240826726635925,-0.503215999959346,0.614812416867367,0.787089211844455
VOPP1,6.04141617730021,0.483429930371616,0.371141368144654,1.30192780316486,0.192941067002368,0.389219272120909
GBAS,3.96882757545902,-0.236525875582768,0.389833627208318,-0.606427710923575,0.54423077186156,0.733902515617937
MRPS17_ENSG00000239789,1.27451765484104,-1.1861383463009,0.68567921520204,-1.71724185229413,0.0859349914809401,0.225077211876064
CCT6A,11.5345322020361,-0.169910918548777,0.266859407135972,-0.636894389230351,0.524193637708207,0.718474608194383
SUMF2,2.09801940074142,-0.15806404013486,0.544553075043917,-0.290230258681859,0.771640088883369,0.880575700472934
CHCHD2,79.7597156458878,-0.28443996707336,0.122942097986612,-2.31357936676184,0.0206908065757876,0.0789899529596701
ZNF138,0.12491670084562,-0.0533685628649955,0.947556629019288,-0.0608034170730953,0.951515768928101,NA
ERV3-1,5.99968070192431,-0.361922006635819,0.325505119420775,-1.11155565983965,0.266329245986007,0.483811710365554
ZNF92,0.747955192878493,0.829319192366102,0.819556554792175,1.00913666257793,0.312909097233123,NA
GUSB,6.85158956659439,0.636061702885381,0.332320647264739,1.91184058649537,0.055896644209484,0.165775465312507
ASL,2.07004149692467,-1.10763916053473,0.594623583769947,-1.86075723242696,0.0627784675431338,0.180146833518926
CRCP,0.900340931413985,-0.904373450973537,0.73213723558052,-1.23839717523754,0.215568827531948,NA
TPST1,1.78856577606569,-2.36694531679277,0.699920753924171,-3.31147278809912,0.000928062655463911,0.00636720057140007
RP11-792A8.4,2.07323572846548,-0.673768732394447,0.535199036698854,-1.25733739158658,0.208631489672013,0.409313066761261
TMEM248,9.41496341347196,0.409735423984344,0.311744755935723,1.31445774029925,0.188692210499924,0.383218188701871
SBDS,3.87935783225181,-0.47452013629913,0.407597419540014,-1.16284480760862,0.244892473779337,0.457372708381998
AUTS2,0.0714843591540184,0.174846780426074,0.882701939111677,0.212813195099446,0.831472671291113,NA
NSUN5_ENSG00000130305,1.82433513582486,-0.190973112830549,0.573913042805822,-0.33287554700102,0.739228228482686,0.86485159143592
BAZ1B_ENSG00000009954,2.97723190025704,-0.194792382427872,0.432710625461831,-0.450236996374551,0.652539562523472,0.8115916430515
BCL7B_ENSG00000106635,8.36831344484619,-0.310723584554591,0.286764929717854,-1.08369836316389,0.278498561614245,0.49714010309194
TBL2_ENSG00000106638,0.619785354867189,-0.117317096565968,0.796038502755217,-0.147177871994288,0.882991625973492,NA
DNAJC30_ENSG00000176410,0.857933638730868,-0.745958882611394,0.827499219453451,-0.914847093841224,0.360271907715925,NA
WBSCR22_ENSG00000071462,5.22833189752328,-0.595390870734551,0.347176376723343,-1.71317152326373,0.0866809888809972,0.226098517323094
ABHD11_ENSG00000106077,2.04875524137448,-0.675856244402585,0.538969835898191,-1.25055579018418,0.211096588716212,0.412168433383378
EIF4H_ENSG00000106682,9.37916504804626,-0.417776112210912,0.283154035406163,-1.47551712015901,0.140073568984813,0.314546344498312
LAT2_ENSG00000086730,17.7814204263825,0.133192545262115,0.258453963626638,0.515427983323681,0.60625398215709,0.78134182855259
RFC2_ENSG00000049541,2.83755265922185,-0.156262218851889,0.447134896149113,-0.349582282267827,0.726652209650471,0.857311597471602
GTF2I_ENSG00000077809,1.67651379053938,-0.159679872070147,0.56056852240965,-0.284009911653891,0.776402784880622,0.883721119199046
NCF1_ENSG00000158517,48.2708962360248,1.50032010980534,0.214982720570471,6.97354094960881,3.09061420491931e-12,8.65826479466365e-11
HIP1_ENSG00000127946,1.04012199538297,-1.14750503857195,0.733534103534672,-1.56613906856013,0.117316063527807,0.278199710813867
RHBDD2_ENSG00000005486,6.19257547800745,-0.837329004430993,0.348717691659855,-2.3991133467527,0.0164348264933013,0.065958590877259
POR_ENSG00000127948,8.30918555599525,-0.466054449522873,0.383837782584152,-1.21643226199741,0.223820300379733,0.430249921517045
STYXL1_ENSG00000127952,4.06028751087038,-0.208278431237021,0.439801226955974,-0.473590545415988,0.635791918861775,0.79873175129025
MDH2_ENSG00000146701,8.39588497416384,-0.759302779124655,0.284185963470726,-2.66976463873785,0.00759044321224473,0.0363311415058447
HSPB1,119.47390738995,1.27048298853565,0.247824418711276,5.12529288208842,2.9707557934024e-07,4.26579632143084e-06
YWHAG,2.25024940268455,-1.3435420988271,0.534495892913772,-2.49045151035727,0.012758090344122,0.0548248445459706
DTX2,2.34875168791296,-0.151029953250092,0.508475622863897,-0.2971313279408,0.766366247593097,0.878335020164196
FGL2,112.439066874908,0.958126075787464,0.177017625759672,5.41156325792282,6.24769160314127e-08,1.02015878605578e-06
GSAP,3.68349890393104,-0.190282556098662,0.426954488833204,-0.445670127904708,0.655835545639503,0.814273331160061
RP5-899E9.1,2.33010378082694,-0.587795027774801,0.536319464604999,-1.0944291614325,0.273766800079385,0.491632859238995
PTPN12,3.04839901660386,-0.415333993945767,0.44840675296336,-0.925789820741493,0.354555218221941,0.572558087634471
RSBN1L,6.81747676448059,0.864468964622291,0.355048803759344,2.43107793985868,0.0150539758637271,0.0621629133390174
TMEM60,15.2438752480548,1.55067363583408,0.249135449019282,6.21053344691366,5.28050353276438e-10,1.14745542546572e-08
CD36,4.04305290814222,-1.0138207880912,0.437787429180834,-2.31125796149802,0.0208186105428741,0.0793456048119313
DMTF1,1.34291125425499,1.11732753178711,0.691707264653589,1.59801739945935,0.110039104857427,0.265571572745015
TMEM243,5.74327791089476,-0.437963277579068,0.390704325035852,-1.12052260589614,0.262491124874022,0.47973673765751
TP53TG1,1.02482345225133,-0.414342449798637,0.727496525848277,-0.566150661828517,0.571291366274814,0.753851341089947
ABCB1,0.120532337156405,0.109518933390302,0.970200714367174,0.121423397032829,0.903355685835423,NA
DBF4,1.41643871288288,-0.648985072707687,0.640923831935878,-1.01535789380057,0.309935256647494,0.529847439946284
SRI,29.8508969725793,0.137488727755903,0.243598815818302,0.564221070400314,0.572603689860338,0.754537719057374
GTPBP10,0.427249821259549,0.408436196163868,0.849533470741133,0.474927133457962,0.634838910884129,NA
MTERF,1.00487536197506,-0.0690509503972119,0.766214055408384,-0.091600619197846,0.927015359471374,0.962378343211427
AKAP9,4.50571332369123,-0.127086453724395,0.40597200359092,-0.31297356930982,0.754300742748856,0.871755054562125
KRIT1,1.08184789214489,-0.131960347268964,0.654751788735242,-0.200798303542606,0.840856289491032,0.917604295291436
ANKIB1,1.52121776262063,0.228559075016564,0.624400357067044,0.366720889411819,0.713827223057835,0.851159153475357
PEX1,0.374715530530763,-1.65845280730878,0.867287252344654,-1.92242246912942,0.0545526205635842,NA
RBM48,1.29732043188803,-1.53818626553137,0.651042154284206,-2.32610179999438,0.0200131205559233,0.0770201912303716
FAM133B,4.85507899812517,-0.802082207197365,0.385159723339518,-2.07986930830998,0.0375375218224261,0.12441170011197
SAMD9,51.2978321929446,2.93615520290403,0.186273549082221,15.7079506014484,1.334228381607e-55,3.46596145494728e-53
SAMD9L,73.7187537991493,2.95715722398575,0.189655188596081,15.5551019101615,1.46921204229593e-54,3.65067253118314e-52
GNG11,3.61350985396391,0.106517481580892,0.490764113992324,0.217402058169701,0.827895027369461,0.909828214866623
BET1,4.15681347770772,1.33728257450571,0.458734165118081,2.89977489497097,0.00373430736562432,0.0202866602609724
SHFM1,28.1918961166468,0.113851086356092,0.160763259663681,0.708193574686859,0.478825055735531,0.683306397619739
ACN9,0.801102816144764,0.213857970317739,0.805848560570182,0.273587224894461,0.784401852613398,NA
ASNS,0.206394469936772,-0.267243741146521,0.972839293509188,-0.299662154206141,0.764434869215655,NA
BRI3,28.6891368608626,0.603964072892564,0.204597747292397,2.95092004519685,0.00316828920210996,0.017751738029469
ARPC1A,12.0856128106697,0.196932865792115,0.273295292798706,0.720747784675986,0.471064706613327,0.677124398109929
ARPC1B,217.505447687307,-0.522083640304314,0.101425519691745,-5.14742033633398,2.64093100934534e-07,3.84043784183426e-06
PDAP1,6.18515795880035,-0.272149969480728,0.341473095074327,-0.796843703761503,0.425541809559331,0.634979488676653
BUD31,28.7010284144817,0.150056279631036,0.187347894143789,0.800971435049804,0.423148182844955,0.632729425682605
CPSF4,0.815699658414072,-0.807404286890911,0.750738215994431,-1.0701054398644,0.284571850811013,NA
ATP5J2,21.1021795411969,-0.713309610402867,0.236935595832315,-3.00967398021781,0.00261528246940109,0.0152825555343837
ZNF394,4.34334264716079,-0.118667461152126,0.406488282563147,-0.291613667030475,0.770582024641024,0.880423084930718
FAM200A,0.470816781732499,-0.21935558456069,0.827235663126995,-0.264199190652329,0.791626434683855,NA
ZNF655,8.04274337519626,-0.380968253711892,0.336455708646837,-1.13104693469117,0.258035337378639,0.474583480492564
TRIM4,1.79852540669833,-1.06219378854588,0.617909993145882,-1.71411869682466,0.086506928668353,0.226098517323094
ZKSCAN1,1.82340132831153,-0.649067330429523,0.585108359901606,-1.10751402685785,0.26807175116192,0.485503552071481
ZNF3,0.689916580821464,0.404067892626963,0.864171124495777,0.462693346860062,0.643584187843336,NA
COPS6,11.2287994604387,-0.617684301530372,0.276569178319741,-2.23346442638719,0.0255183336979054,0.092794148064601
MCM7,1.17338455388538,-1.56509857381339,0.786434990276679,-2.0020351919037,0.0452809467473638,0.14289759941518
AP4M1,2.35279306459439,-0.695385868758149,0.538555397253768,-1.29169203883072,0.196463815585967,0.394376784711557
TAF6,1.5729311792091,0.282407501007958,0.596554930653289,0.474152204437659,0.635391373693472,0.798606048088452
CNPY4,0.450363193285943,-1.52976615751317,0.896914667993854,-1.74747979427234,0.0805541468369319,NA
LAMTOR4,34.5101382937454,-0.646166677688728,0.201823095961867,-3.20132142488429,0.0013679883935775,0.00891454238232086
STAG3,0.283799233026443,0.553984804637468,0.970111890134762,0.629138214744441,0.529258574002093,NA
PILRB,1.64329447643156,-0.567042577427094,0.694102132435787,-0.82560996423145,0.409025380944892,0.620151447123536
PILRA,111.55914288117,0.479443138988117,0.140274862317555,3.41796241375047,0.000630918190833585,0.00456995875869954
MEPCE,0.557126070509143,-0.429394221990438,0.87743134951242,-0.48457232149457,0.627979751436724,NA
PPP1R35,1.16649352219106,-0.141619944033725,0.662815449325796,-0.212859840206497,0.831436287368483,0.911851541414485
TSC22D4,15.8382946969382,0.524562629080095,0.223349195846323,2.3480941585439,0.0188697504472148,0.0736113473077357
LRCH4,4.83816795899597,-0.290009919675308,0.415047272129236,-0.699424948338422,0.484286501002737,0.687289215100286
GNB2,32.6378384303274,0.204474777631686,0.160018422242402,1.27777594824693,0.201328437251585,0.399927709034691
POP7,4.25285797565834,-1.2396911833643,0.487122870809102,-2.53514950354613,0.0112399344722697,0.049488617495394
SLC12A9,0.979668228278324,-0.295692847089347,0.732324100572558,-0.399181317383646,0.689759608178664,NA
TRIP6,2.6436555112848,0.806663924906411,0.521242212247612,1.54142184251096,0.123214151380574,0.287750380543598
SRRT,2.78751537927006,-1.08796544422409,0.494028113749959,-2.19564394748225,0.0281174380654977,0.0996843415287342
TRIM56,3.24519842909313,1.27774230654377,0.464594731088912,2.72964949312391,0.00634016957296723,0.0315002831271691
AP1S1,2.56896833588658,-0.505959737765081,0.559689692777093,-0.906319598826647,0.364766714871856,0.583816037935874
ZNHIT1,13.7067476228326,-0.671699987916455,0.261699501469048,-2.56529849470718,0.0103087079223575,0.0464990258691976
FIS1,7.14214833651222,-1.4203677945106,0.370321724459991,-3.82077555868368,0.000133032675900166,0.00117690672255333
RABL5,0.561402102914619,-0.737706502426054,0.862076279764131,-0.86623038068097,0.386363836029232,NA
CUX1_ENSG00000257923,7.88703851585866,0.357296848779639,0.335175264983259,1.06565676896645,0.286578826814775,0.505250283437214
SH2B2_ENSG00000160999,5.81947477598074,1.15747315914383,0.378974373326931,3.04404775875166,0.00233418081841588,0.0138812105902672
PRKRIP1_ENSG00000128563,3.50758675513678,0.372791299410602,0.450137471165345,0.82770615516308,0.407836932449349,0.619725623224682
ORAI2,15.7510041987101,-0.374078350018148,0.26903283920448,-1.39034721476768,0.164423467004325,0.349757240468553
ALKBH4,0.349392151611852,-0.620013562641544,0.92120114551528,-0.69928117614728,0.484376328518052,NA
LRWD1,0.950176844473885,-1.04063053680888,0.729131706817777,-1.43213466685167,0.152105284881067,NA
POLR2J,20.4343199757899,-0.29855254746088,0.201067280683163,-1.48483938917269,0.13758637494756,0.310915829507831
POLR2J3,1.39730386601053,-0.0355480933481375,0.654632824344027,-0.0545554324765394,0.956492645577222,0.975907626627642
ARMC10,2.83504905982959,-0.875540392943587,0.505176431021926,-1.73106150082997,0.0834407959875887,0.219882406626602
NAPEPLD,0.276470556641637,-0.951005492538691,0.917334911424783,-1.04650138034178,0.295329607962589,NA
PMPCB,5.02475738512582,-0.112018897875201,0.367237985336329,-0.304791532741659,0.760524930784245,0.875752495942107
DNAJC2,4.99053789538693,-0.00364094202720622,0.411983587372923,-0.00881624184609844,0.992965747871,0.996627897626056
PSMC2,15.2312377820495,-0.0810195227051267,0.226228130509086,-0.358184762862214,0.720205049293275,0.855108274049107
ORC5,0.328373589450594,0.322178685194669,0.920286714824815,0.365863061632647,0.714467260751459,NA
KMT2E,16.5376890604534,-0.0757627797551821,0.21797141612614,-0.347595502307369,0.728143984541118,0.857880483538846
SRPK2,2.66422141885563,0.112619623488743,0.514457454596802,0.218923119648051,0.826709936410694,0.909201156551478
RINT1,0.490830901103435,-0.541673707507747,0.844617937088215,-0.632176463941474,0.527271574916535,NA
ATXN7L1,0.823931891753329,0.821581331306,0.742847033910413,1.10676653666035,0.26839487965074,NA
SYPL1,9.85244214813284,-0.266595386089202,0.325232859229538,-0.820339166543798,0.412022784466571,0.622609786680713
NAMPT,42.8962825765605,0.343634485932091,0.182575086389342,1.88231420221601,0.0597933673224051,0.173991392183068
PIK3CG,1.98389758178833,-0.883577658743996,0.690560571643863,-1.28904835114479,0.197381277706136,0.395232866259801
HBP1,18.4811749467505,1.18343670006174,0.264675232294608,4.46606788804954,7.96703378961343e-06,9.01615804111698e-05
BCAP29,6.94361408664637,0.0379764684764528,0.343543005148845,0.110584687280684,0.911945690781647,0.956814691172592
CBLL1,0.888858693165289,0.472051770631243,0.698986323067387,0.674240703159081,0.500158295920951,NA
DLD,7.18126094376846,-0.52266469212994,0.332968847295223,-1.5700786023134,0.116396825965818,0.276392349639179
PNPLA8,7.20412683524539,-0.177008571856707,0.306414182958529,-0.577642481230607,0.563505519837142,0.747213108377259
THAP5,1.05004850180407,-0.239653696686289,0.745448453852679,-0.318906651950244,0.749797299969228,0.869512655032943
DNAJB9,6.00354996776929,-0.165716184240278,0.386487602458181,-0.429184064526152,0.667789278916261,0.822412822197357
LRRN3,0.0628635903131331,0.0674168058199645,0.882413679742461,0.0835247909725053,0.933434265916411,NA
DOCK4,2.16620992350024,0.589711544857298,0.582598316919273,1.01349645137697,0.310823090275893,0.53088881079699
ZNF277,7.77648775963697,1.49713305046801,0.333491066376624,4.47078513951677,7.79329632248652e-06,8.83704136567668e-05
IFRD1,4.51629607738841,0.576814666608413,0.412669909064316,1.3949695230904,0.163025030213608,0.347903762231016
LINC00998,3.06304855072425,0.572816083495489,0.486996569573903,1.17229822834576,0.241077342659004,0.451575553358312
MDFIC,1.32780428806285,-0.804890214142335,0.701000961490497,-1.13832809081517,0.254983508435139,0.470681767024166
TFEC,11.1112854871246,2.35532511324479,0.350822054536445,6.65547281945469,2.82390741525834e-11,6.89685080265018e-10
TES,7.88541390707117,0.975138990889579,0.334703856435092,2.90914901445075,0.00362414072060471,0.0198200614528765
CAPZA2,27.2135840597323,0.6307456449822,0.188909135822454,3.33822539303073,0.000843153251974282,0.00591241820249451
NAA38,8.44034387561884,-0.338611183678306,0.274173995532073,-1.23481327805197,0.216900004507497,0.420625560149422
ING3,4.38683424661935,-0.507238024173187,0.420213398832901,-1.20739210988934,0.227281172691815,0.435292192337039
FAM3C,1.53635781799666,-1.20345934268491,0.586759894312522,-2.03263532057984,0.0420893802953684,0.135768333951315
NDUFA5,9.32421768965253,-0.29188661385031,0.287930601804759,-1.01363513120347,0.310756887743859,0.53088881079699
WASL,1.04142026210023,0.949246847782258,0.780953481639126,1.24385301733251,0.213553663608151,0.415971093224466
ZNF800,6.46563767849146,-0.813280979210946,0.510835018169256,-1.59995195133981,0.109609243003838,0.264869692924709
ARF5,13.1559061039104,-0.518530592163333,0.240577894373888,-2.15494194520191,0.0311663774842857,0.108080004443381
SND1,1.89178145668355,0.0247005803558722,0.552738847090621,0.0446730829372657,0.964367888975879,0.980490818744594
RBM28,1.10648559861872,-1.04833320441545,0.668357813257735,-1.56062907665221,0.118611294128761,0.280224698613421
METTL2B,0.792283679008995,0.130580428507096,0.736456042443789,0.176991198664292,0.859515302887378,NA
CALU,0.907678198073703,-1.31709296454199,0.729253472883859,-1.7889182019019,0.0736279899517982,NA
ATP6V1F,109.693466365079,0.150947633493085,0.145489072827194,1.03752076952884,0.299493221328135,0.520402480963908
IRF5,1.58349942553323,0.911957232035027,0.62107709476477,1.45674514401177,0.145186743281167,0.321979913795835
TNPO3,1.0914804610883,-0.0882676753477327,0.763552599815506,-0.11788187798447,0.90616125239392,0.953722202105203
SMKR1,0,NA,NA,NA,NA,NA
ZC3HC1,1.625147605339,-1.46335779101281,0.615988238747373,-2.34577447687539,0.0189875924250011,0.074020525722293
MIR29A,1.05454768135225,1.34961860866083,0.688365099725297,1.94476453020737,0.0518033249290345,0.158116885391829
RP11-138A9.1_ENSG00000271204,2.97193484462762,-0.145890571869513,0.515351599746637,-0.283664254146779,0.776667690952906,0.883721119199046
LINC-PINT_ENSG00000231721,4.42362248175831,-0.205977812118043,0.443022593302911,-0.465716994787252,0.641418086028192,0.802650396682969
CHCHD3,3.29426919468309,-0.697587845153179,0.458929894825608,-1.51850518886843,0.12888709242181,0.297401987023956
EXOC4,0.954505220417331,-0.909827585099118,0.716260459219939,-1.26685887579266,0.205205755594083,NA
AKR1B1,2.12332533337193,-0.359481405387602,0.531284757682872,-0.677098007789103,0.498343772841726,0.699762816164733
BPGM,2.71220184326645,0.300855463429648,0.506693635948979,0.592696755045493,0.553384113481133,0.740306696756712
C7orf49,1.76189720328016,-1.61803166788888,0.640877739311734,-2.50721334537095,0.0121687238969467,0.0528050547236524
TMEM140,13.9092266050926,2.21188843163243,0.277092520565704,7.93710122417061,2.06961142772207e-15,8.32945726016314e-14
CNOT4,4.85138444120434,0.521256852227654,0.365739343475193,1.42316705641103,0.154687733124856,0.336245054413759
C7orf73,18.6472964025495,-0.46109316780954,0.235119638057211,-1.96073363435294,0.0499101033557574,0.15409845525562
MTPN,14.1123357587132,0.280106008244901,0.24884204841502,1.12548736052136,0.260382570261971,0.477378684285109
ZC3HAV1,8.85893045299519,1.67756098852088,0.31284348713288,5.33870561524935,9.3612500271975e-08,1.4860984418176e-06
C7orf55,1.66124724616876,-0.747750045051772,0.670877076814204,-1.12482852389993,0.260661704844326,0.477378684285109
C7orf55-LUC7L2,4.12214668093842,-0.258980431510907,0.406045691985892,-0.637377029297885,0.523879287128291,0.718474608194383
HIPK2,0.995313392222392,-1.35428888250001,0.785934513419636,-1.72533696818973,0.0844667633894114,NA
TBXAS1,4.16975657641227,-2.87119477497005,0.545944485249914,-5.10562332508022,3.29705875581405e-07,4.69892538390955e-06
PARP12,16.3987725325697,2.56418328651836,0.299298843393545,8.50501346060858,1.81574525535601e-17,8.64748677863301e-16
KDM7A,2.35487498618592,0.522878805443979,0.506234304223261,1.03127422577846,0.302412241435811,0.523128041083802
JHDM1D-AS1,0.539702156995181,-0.612127331837959,0.846621811805704,-0.720024617346506,0.471509838730525,NA
MKRN1,18.3851210358055,0.808240271083163,0.248169157961653,3.25613321922729,0.00112940746307256,0.00760254847050613
ADCK2,0.684261192257053,-0.0700177075191798,0.774563695234364,-0.0901864056409784,0.92813908702918,NA
NDUFB2,36.9210018948843,-0.266784804236396,0.161901881725277,-1.64769282948896,0.0994157202185893,0.247749491452466
BRAF,2.51280449620705,-0.143389746933381,0.513922911016622,-0.279626719819047,0.779763905100846,0.884898871654356
MRPS33,3.07787667724238,-0.176213849146973,0.476099257048767,-0.370024809735697,0.711364004833079,0.850155852702017
SSBP1_ENSG00000106028,24.1803803177548,-0.559972550028675,0.178925286247018,-3.12925683468805,0.00175249055453519,0.0109436449217925
CLEC5A_ENSG00000258227,12.0459830476091,-4.39250984375874,0.685071047552082,-6.1779987829753,6.49192150549285e-10,1.40005024165629e-08
EPHB6_ENSG00000106123,0.354065124542662,-0.509114476793424,0.922486919832848,-0.595432110456064,0.551554666825893,NA
GSTK1,22.6687288280375,0.191980797040461,0.203740276552255,0.942198825470867,0.34609085514882,0.565278433031011
AC093673.5,5.62189480731498,-1.40479193812691,0.36520670079061,-3.82987766002623,0.000128206982391217,0.00114091817716234
ZYX,13.1630615277104,-0.533059974479023,0.297680815438493,-1.79032700453772,0.0734013574599931,0.201290190923158
CUL1,10.2041874745934,1.07373635092475,0.286673001169048,3.74073441946595,0.000183483323123111,0.00155349213577567
PDIA4,2.41332157873984,-0.0769051329307455,0.48578314682961,-0.158143869573135,0.874343432613164,0.938599976247307
ZNF467,2.16819106725725,-0.822033042757321,0.530900001442365,-1.54381915848706,0.122632148719107,0.286995384901595
ATP6V0E2,0.109290707084575,-0.0509411328523264,0.938705950133764,-0.0587480624712592,0.953152777101241,NA
REPIN1,0.421782984766638,0.16838746074042,0.889334624050106,0.189350418200702,0.849818181963139,NA
ZNF775,0.446524597397569,0.198396231249754,0.943499959578441,0.221854180862745,0.824427400023975,NA
LINC00996,0.350815005833601,-0.0747488174846965,0.882334019810684,-0.0835750799305948,0.933394280936422,NA
GIMAP8,2.47225044371059,1.57672912650254,0.525375724149482,2.95702217217885,0.00310625780551459,0.0174555195265643
GIMAP7,43.4795012127959,1.88135529171471,0.285643448312222,6.57578805910834,4.83961502188049e-11,1.14765144606004e-09
GIMAP4,39.100313624733,2.03798949119999,0.24278254247566,8.37987495137629,5.29839648159332e-17,2.46181592620373e-15
GIMAP6,2.09723355465718,0.643850328483949,0.574633163635951,1.11481374238067,0.264930246247899,0.482804960875875
GIMAP2,12.0998363728624,1.12562788252188,0.340243327493553,3.30146617769064,0.000961809302379123,0.0065908155432814
GIMAP1,10.0687249251875,0.721973933898353,0.344419013280295,2.09492388075975,0.0361777596094959,0.120980629706418
GIMAP5,11.3578063200952,1.61457561068372,0.292089156301647,5.51029190595639,3.58239102900725e-08,6.00391927588752e-07
TMEM176B,19.8781600371962,-0.588740313702629,0.746540589697442,-0.788265995247292,0.430541133630378,0.639634381457376
TMEM176A,4.38577064642952,-0.987063045072117,0.769454837411375,-1.28025513076847,0.20045542237936,0.398886747527173
ABCB8,0.428362807978973,-0.208913551990223,0.836825456179767,-0.253885905713356,0.799583703728122,NA
SLC4A2,1.71455673806085,0.672554117315149,0.574454001223542,1.16494914518102,0.244039578620569,0.45637637166772
FASTK,3.94858456847916,-0.823348600025342,0.404533627864053,-2.03256492363548,0.0420964982960158,0.135768333951315
TMUB1,4.50694458662576,0.0567334523567326,0.368651049017336,0.153870606245613,0.877711760874988,0.940220982681598
ABCF2,1.04960083009695,-0.293713678640417,0.733258029167869,-0.404724539507994,0.685680002084758,0.832694690164554
CHPF2,1.08141318204316,-0.565971401396452,0.725608536772731,-0.783912071193225,0.433091706226259,0.642549626363102
NUB1,27.6104071117795,1.57247615802121,0.208459531176607,7.5342167324133,4.91274719707045e-14,1.69134639947335e-12
RHEB,30.4714213308756,0.343814193910318,0.183803041531106,1.87048526294121,0.061416461601181,0.177539240288695
PRKAG2,7.13762759896718,0.667359480212232,0.347422527013008,1.92112801036782,0.054715571107204,0.164146713321612
GALNT11,1.47668868450717,-1.57043056525163,0.644962623810216,-2.4040503205248,0.0162145411627519,0.0654421629555981
KMT2C,2.65132131518946,-0.307289416884572,0.463736589024741,-0.661685099753309,0.508173055932175,0.707079930515024
LINC01003,1.81492948629662,-0.888316862285304,0.639538253445818,-1.38835886550942,0.165027795502083,0.350607379663347
PAXIP1-AS1,0.531473123664119,-0.770194759983181,0.803671999859429,-0.950623888063615,0.341795337737954,NA
INSIG1,35.2797919054713,-1.79778440834756,0.292339743369317,-6.14626466280086,7.93288770863532e-10,1.70437794191169e-08
RBM33,3.1555023199153,-0.0879669233316803,0.534207037629011,-0.164429762518712,0.869392835328176,0.935878706705693
NOM1,0.606745388254037,0.0853582991555832,0.876140933688583,0.0949717059321983,0.92433730070974,NA
DNAJB6,32.4393398247765,0.321799754526098,0.197185220241058,1.6321344533498,0.102651165171259,0.252783836104952
IL3RA,11.8184783200576,-0.35676778442104,0.402602332354271,-0.886965903162671,0.375097258087693,0.592070131888831
SLC25A6,4.49513451283009,-0.697258272266737,0.400559084041436,-1.73998109791767,0.0818623370693068,0.216794836121913
CD99,0.602287926118401,-1.62327577822882,0.844160302272094,-1.9566290035694,0.0503911024844415,NA
PRKX,4.15976209349136,0.608461659386619,0.408616866610646,1.4875162216627,0.136878522091718,0.309772661580669
PNPLA4,0.394933820391378,-0.606696395447941,0.852009662814528,-0.720183185913653,0.471412214967993,NA
TBL1X,1.43074749615501,0.174841647666519,0.659131885155548,0.266341370155979,0.789976314573897,0.890634799148068
HCCS,7.60542498484148,-0.181598219232005,0.360689491122278,-0.503041683395153,0.614934966034206,0.787089211844455
MSL3,10.5403625967715,1.14486829563832,0.331417801944348,3.44997350624768,0.000560641572081717,0.00413962091013826
PRPS2,0.765545218646538,0.937877340722987,0.755584514877995,1.23176144529088,0.218038209332961,NA
TLR7,2.11568257859941,2.77764034007346,0.655718426495056,4.10802018788771,3.99065229773188e-05,0.000399414673932359
TMSB4X,5221.01931956425,-0.492797006457152,0.115449430365224,-4.26850361286669,1.96788641032539e-05,0.000208267978426104
RAB9A,10.7390070483522,1.02680132526044,0.292505244653295,3.50577112894341,0.000455286532206267,0.00345546152929458
TRAPPC2,0.192679368738922,0.784224191824885,0.972920819177268,0.794860772875817,0.426694494774397,NA
OFD1,3.17411628875033,0.505288905199266,0.471948904841507,1.07009559283385,0.284576282678427,0.503203420639607
GPM6B,0.0192862052863319,-0.121452525639683,0.882329557226585,-0.139683352219049,0.888910180443706,NA
GEMIN8,0.628086422140493,-0.168790646540945,0.767808966472883,-0.218654561732397,0.826919146918101,NA
MOSPD2,2.52081773500559,0.0828163183229028,0.526631026248144,0.157185330899516,0.875098788836281,0.938837915937553
ZRSR2,5.44432363073002,0.690577052107246,0.401971082654879,1.71652773966686,0.0860654953244579,0.22524639490144
AP1S2,37.4309243068355,-0.32109808070109,0.175050376581122,-1.83423452017774,0.0666191892841649,0.188063037186125
SYAP1,4.97611752193661,-0.128003203400434,0.369076168873592,-0.346761043722667,0.728770845875072,0.858039840168116
TXLNG,0.706396940224219,-0.948269167812399,0.821716764140809,-1.16991117276957,0.242036717183035,NA
RBBP7,6.18251804121321,-1.21746748800379,0.364402119096587,-3.33277495162108,0.000859844630963679,0.00600734971388438
SCML1,2.44953533365728,1.41938447611762,0.520111148519044,2.70035690166171,0.006926512691181,0.0336893787490208
PDHA1,5.83942719594296,-0.633709129786122,0.368475497481536,-1.71905825353663,0.0856037652573751,0.224518365509821
SH3KBP1,8.39025360901111,-0.572827809059705,0.327012606289055,-1.75182068918914,0.0798046455089126,0.213123153777306
EIF1AX,6.60997509003193,-0.122664092945736,0.341094232145018,-0.359745133819367,0.71903773664169,0.854502113725776
RPS6KA3,1.39039117655266,-2.34720039332495,0.690104868720565,-3.32804268265614,0.000874584657429122,0.00607320937692276
SMS,9.63954322202502,-1.43124491707097,0.342864596307743,-4.16842244274962,3.06715088250193e-05,0.000314135614578826
PRDX4,8.2558670166084,1.23285101827369,0.330619780888291,3.72274159226149,0.000197071189211886,0.00165141033188552
ACOT9,30.5550559478945,1.27072536222564,0.197374404629228,6.43423324503932,1.24098171223603e-10,2.81436924024957e-09
SAT1,1066.81573841169,1.33743576300578,0.13348795702432,10.0190155693481,1.2574917803124e-23,9.21354554421198e-22
APOO,1.3590195401644,0.297110633135621,0.600197345107211,0.494170142550103,0.621186024165995,0.791544733134596
EIF2S3,3.77967833519774,-0.112318012005405,0.413391412341275,-0.271770625651031,0.785798392723048,0.887548749317039
ZFX,1.36962838535965,-0.12489059015719,0.661448726839662,-0.189102904376344,0.850012165194038,0.923891122876365
PDK3,4.03018958007284,0.662345521262301,0.496420167172899,1.33463422314934,0.181996091361788,0.374957485480131
CXorf21,8.66253944895723,1.9356514779129,0.413044059505868,4.65643107031135,3.21737929815691e-06,3.94577740106582e-05
GK,19.946234410771,-0.349497605132255,0.26907095724093,-1.29972908276746,0.193693838932542,0.390186919104504
CYBB_ENSG00000165168,48.4863205186404,-0.110938755572691,0.137321245314126,-0.807884143732938,0.419157280064086,0.629153894517538
DYNLT3,6.90686930657407,0.0124399208971719,0.334093236150737,0.0372039739569339,0.970322370048207,0.983655535813021
MID1IP1,5.80559573135972,-0.398753235267969,0.426997794942307,-0.93538278884577,0.349591063482889,0.568511428789328
ATP6AP2,34.0847853480959,-0.865651329983883,0.190007513509361,-4.55494149860468,5.2400159345629e-06,6.18733286488161e-05
CXorf38,3.13453009219935,0.472998462231003,0.424731266560021,1.11221250835326,0.266046791066079,0.483575412325023
USP9X,2.12967458446125,-0.0440324212509557,0.516767707664672,-0.0852273967262738,0.932080610378666,0.964657857354958
DDX3X,16.2641176957045,-0.0313334278569113,0.215997352663559,-0.145082793606269,0.884645503257988,0.943236763268545
GPR82,0.30688502905954,0.570142385502624,0.940760043415505,0.618879927083561,0.535995462969868,NA
FUNDC1,1.98617709142843,-0.773216140410097,0.566528258793044,-1.36088075813081,0.173551375249379,0.363180560069646
KDM6A,0.969130652218284,0.815030799645089,0.708016489671997,1.14410199894339,0.252581338789789,NA
KRBOX4,0.521114273010094,-1.03880146226573,0.83471872594144,-1.23403205256181,0.217190960733669,NA
CHST7,8.52470033182283,0.285008314343668,0.308577646729364,0.923647205804992,0.355670027647218,0.573709909117656
RP2_ENSG00000102218,3.62442270330282,0.679410251549102,0.468011825448619,1.44940816858729,0.147223628822618,0.324983792476347
NDUFB11_ENSG00000147123,20.5833192425966,-0.550614923284157,0.215976820627136,-2.54898833970036,0.0108035912397134,0.0481986915963796
RBM10_ENSG00000182872,2.88791048573023,0.21319379875552,0.477693827579808,0.446362311335614,0.655335552492999,0.814006233970331
UBA1_ENSG00000130985,4.39910775950451,-0.186253039447291,0.399744419695615,-0.465805244953375,0.641354910468354,0.802650396682969
USP11,1.41073867722975,0.664106027158446,0.603990161223829,1.09146847310085,0.275066797064863,0.49341078004573
ARAF,4.54619475577447,0.288526281087439,0.383959773673572,0.750457801921773,0.452979029502506,0.660979043020532
TIMP1,2709.03761347342,-0.596863691100283,0.201778871067261,-2.9580247594664,0.00309617253825626,0.0174263351226975
CFP,61.0908444945803,-0.366045174579037,0.14741040793628,-2.48312148096527,0.0130236664684621,0.0557529991515061
UXT,19.4629731742361,-0.121501467751057,0.207196489055329,-0.58635369568681,0.557637854173059,0.743040414222204
SLC38A5_ENSG00000017483,2.52691594387726,4.06844896032725,0.685027007838948,5.84082800762028,5.19420082203805e-09,9.82942307879054e-08
FTSJ1_ENSG00000068438,0.920859591222351,-0.837986050667691,0.764608768117018,-1.1084370219626,0.267673123539111,NA
EBP_ENSG00000147155,1.84171008567321,-0.363449251385954,0.599236119153719,-0.605180006569109,0.545059398828307,0.734575748401284
RBM3_ENSG00000102317,14.0216186430032,-0.692510548542115,0.256463026205496,-2.69914608359412,0.00695176535049652,0.0337834515119793
WDR13_ENSG00000101940,4.843439608702,-0.310782352273029,0.368497147745262,-0.84287122555456,0.39930046789619,0.613017221141522
WAS_ENSG00000015285,31.9755122982816,-0.103558466763497,0.172780515093173,-0.599396391733432,0.548908582579185,0.736922867379118
HDAC6_ENSG00000094631,1.63140613363567,0.973325086848874,0.611089939013519,1.58852947494804,0.112166661449198,0.269454590240507
PCSK1N_ENSG00000102109,0.646696795026237,-1.18494220257848,0.919559366833228,-1.41177625795087,0.158015851297183,NA
TIMM17B_ENSG00000126768,8.47284267760384,-0.542114695363037,0.332622392178079,-1.6285225823314,0.103414124873682,0.254307970590831
PQBP1_ENSG00000102103,6.31827903836435,-0.570727057952284,0.332819107272061,-1.71240936907553,0.0868212536747071,0.226257849863635
SLC35A2_ENSG00000102100,1.14047901708885,0.105678315649994,0.754074896608221,0.142611813211591,0.886596767257918,0.944612327531507
PIM2_ENSG00000102096,1.78249769364128,0.789141497341155,0.611470156320983,1.29009472689501,0.197017770505328,0.395213667578937
OTUD5_ENSG00000068308,1.0473734339136,0.896477656878347,0.683916933858903,1.29331921169316,0.19590067873488,0.393661174040027
GRIPAP1,4.83652270769558,0.251998455211656,0.416936127422528,0.604657567009605,0.54540654799834,0.734621357956755
TFE3_ENSG00000068323,1.9197559690466,0.377082958928547,0.579245114029928,0.647941476562978,0.517022803003291,0.71360194035161
PRAF2,1.0592927432949,0.252604241199213,0.740828740960824,0.342380704784771,0.732064407380071,0.860853516085824
WDR45_ENSG00000196998,9.05928902375911,0.162691547926873,0.348704987325615,0.465995964995869,0.641218388769768,0.802650396682969
GPKOW_ENSG00000068394,2.34158793715464,0.453646405402722,0.486948674659339,0.928714758651905,0.353036930127878,0.571074456745208
PLP2_ENSG00000102007,31.9809090581095,-0.227844212169203,0.17352620384519,-1.31311294086835,0.189144893861676,0.383864726001235
CCDC22_ENSG00000101997,1.07413940497002,-1.43023742965108,0.741086505633417,-1.91581061103939,0.0553892066129881,0.165127446944824
GSPT2_ENSG00000189369,0.201095997119846,0.619867798568655,0.973567549091059,0.602808028877633,0.54663640494691,NA
TSPYL2_ENSG00000184205,1.31912393167061,0.434368067781716,0.655080677534464,0.664199389619975,0.506562704084057,0.706271250022051
IQSEC2_ENSG00000124313,0.72003206497753,0.560312280016044,0.746703824905236,0.741195380367387,0.458574984027945,NA
SMC1A_ENSG00000072501,4.01862707944311,0.106425842154514,0.411599520963387,0.258563744443247,0.795971859861328,0.892795347854467
HSD17B10_ENSG00000072506,7.3229732732512,-0.795069921448237,0.328572859250159,-2.41789148316743,0.0156107315418483,0.0637952171248983
TSR2,6.43209780388934,-0.15080136860312,0.310317153663822,-0.486003304153875,0.626964823274248,0.794445429283138
MAGED2,13.4848918964942,-0.199477306138579,0.236382944956181,-0.843807194194332,0.398777154717562,0.612802215437178
APEX2,1.89830857525233,-0.309069992236396,0.570684189312963,-0.542328571692448,0.587592176215378,0.766548398575949
ALAS2,3.08178741611898,0.414449912530961,0.971623814207687,0.428230877725375,0.668483037797254,0.822412822197357
FAM104B,1.06053559968892,-1.05215954095529,0.723497335641712,-1.45098232503696,0.146784781988671,0.324642039111942
MAGEH1,0.907935602120714,-1.5311750069643,0.803675368687285,-1.9311029826188,0.0534703182466367,NA
UBQLN2,4.55000036245796,0.188322223751803,0.394211305667433,0.477530718065797,0.632984252304665,0.797509921058457
FAAH2,0.137197681211792,0.00381535686288808,0.971494705516164,0.00385891757875864,0.996921036884099,NA
ARHGEF9_ENSG00000131089,0.282122525518506,-0.671951333728506,0.923701620305639,-0.730993036284495,0.464783406444464,NA
LAS1L,1.12110008868532,-0.874272182168193,0.681917349623156,-1.28160947825847,0.199979673584951,0.398217363950521
MSN,37.2847107602299,0.396564143257188,0.172908710887993,2.29346564220533,0.021821211224617,0.0822071339147569
YIPF6,6.57655073430287,0.46966241333244,0.342057314044796,1.37221629808261,0.169996113210852,0.35796897089168
PJA1,1.44923760043388,-0.103074487777744,0.678743195900661,-0.152849338853456,0.878517088063842,0.940239587155217
IGBP1,12.4819958561316,-0.611250769838915,0.259223580078852,-2.35790238446196,0.0183785250446731,0.0721878148661903
PDZD11,4.77054679290594,0.192629429539283,0.383937738668853,0.501652475386959,0.615911999962652,0.787986809891774
SNX12,2.13853835332539,-0.885066555582283,0.543001748176818,-1.62387516662577,0.104402453558632,0.255747973462315
IL2RG,38.1980210730188,-0.043472904665484,0.181514211022449,-0.239511897530487,0.810708672007743,0.901239482268713
NONO,3.99672894349962,0.251440222027243,0.394129497005278,0.637343253752501,0.523901282492285,0.718474608194383
OGT,1.06492411072783,-0.490299142013448,0.686737269558925,-0.715498302932146,0.47430118912179,0.679526521892963
CXCR3,1.19945785866066,0.59089214168539,0.733866006130583,0.800772455926812,0.423263387553459,0.632736139123207
PIN4,8.04008236128895,-0.288908883206842,0.311280909852906,-0.927704628715976,0.353560806787776,0.571436654635786
RPS4X,472.604710246315,-0.438619677709225,0.0977847648325515,-4.48555748383471,7.27235359642055e-06,8.29570874322225e-05
HDAC8_ENSG00000147099,2.30597342017188,-0.82812743390303,0.586577039733864,-1.41186285145584,0.157990347783543,0.340638473727628
XIST,6.31198371014015,-0.192057690324279,0.344866681473713,-0.557238582168626,0.577364432243886,0.758912184862448
JPX,2.10039565762989,0.277610308313196,0.559320066730841,0.495024232187508,0.620583015489423,0.791544733134596
RLIM,0.752554455997581,-0.650801499892849,0.82469707716377,-0.784795068451471,0.432573732008082,NA
ABCB7,1.14638503985511,-0.0678425849757842,0.674691053120281,-0.100547964241603,0.919909305783321,0.960596996322055
UPRT,1.12694877974027,-0.07020700871669,0.698936151225287,-0.100111851223235,0.920255526686738,0.960596996322055
PBDC1_ENSG00000102390,7.92451462414285,0.0557417891114268,0.326896714870426,0.170475116106952,0.864636502378533,0.932163292037977
ATRX_ENSG00000085224,5.12131204518257,0.183877595036727,0.373940417125144,0.491645721844012,0.622969815290458,0.792757179778439
MAGT1_ENSG00000102158,4.22943168566879,1.08631212698659,0.396767629963872,2.72820484965406,0.0063680048810859,0.0315912742147621
COX7B_ENSG00000131174,18.8179833980657,-0.244095704161805,0.228445052885588,-1.06839886604764,0.285340628321972,0.504129417972698
PGK1_ENSG00000102144,69.1614858057944,-0.598804117410455,0.180593755511027,-3.31569887665729,0.00091414271061107,0.00630196090608235
TAF9B_ENSG00000187325,0.521473698177635,0.192162441455033,0.866407289786549,0.222041407282695,0.824281649427071,NA
CYSLTR1,2.0245784421107,0.513381327841687,0.530516555705572,0.965994691366794,0.334046837424056,0.555772249164041
P2RY10,4.43166818440683,0.3087338155944,0.483004810514837,0.639102345857091,0.522756353950504,0.718474608194383
ITM2A,3.13614375846295,-0.974300702686852,0.549844937497547,-1.77245342110558,0.0763193207453766,0.206355424098738
SH3BGRL,24.5381848640877,0.395670389921437,0.212637079857868,1.86066614758492,0.0627913372475416,0.180146833518926
CHM,0.813290102633752,-0.235364187783284,0.728978285924657,-0.320695487112022,0.748441167567642,NA
CSTF2,0.783205132989822,0.28785096302135,0.7518254014549,0.382950011254785,0.701756829020612,NA
TRMT2B,1.04572820624111,-1.07566722249516,0.719561603305261,-1.48985386656825,0.136262663982449,0.30902425581734
TIMM8A_ENSG00000126953,0.488091215358622,-1.13120957219923,0.834457734690332,-1.36100559991211,0.173511919780507,NA
BTK_ENSG00000010671,7.47430951745078,0.10458404527132,0.346040912786778,0.302254623974245,0.762457966338781,0.87592292526841
RPL36A_ENSG00000241343,49.1854810452864,-0.38851249638487,0.175463946137123,-2.21413247537618,0.0268196672206268,0.0960968013579198
GLA_ENSG00000102393,10.4632958361158,-0.866088326531125,0.286473026782115,-3.02208607768311,0.0025103915112711,0.0147745807860239
HNRNPH2_ENSG00000126945,17.1324490293526,0.182583193974063,0.218274157656601,0.836408818206487,0.402924953419818,0.616854033965781
ARMCX1_ENSG00000126947,0.897461327774698,1.44575558125117,0.764180646962088,1.87845155999194,0.0603194177490666,NA
ARMCX3_ENSG00000102401,8.69380505289498,-0.117330248782227,0.297654247658738,-0.394373790741207,0.693305091049688,0.838214215220852
BEX5_ENSG00000184515,0.101942388516038,0.0563839641163593,0.965397478325299,0.060006485462411,0.952150469348457,NA
BEX4,3.35841012518614,-1.20929836406227,0.449609101597586,-2.67570243225456,0.00745728229804346,0.0357836845787728
TCEAL8,1.56678416472146,0.29132170098983,0.591037686295926,0.49289816014522,0.622084547367389,0.792512971066569
BEX2,0.258012236652343,0.631454742496694,0.930285929857901,0.699171968646853,0.484444566374689,NA
WBP5,0.592886468137179,-1.01888707277501,0.80093552895404,-1.27878196789127,0.200973845545307,NA
NGFRAP1,0.812066555752954,-0.343390067841417,0.755040698213171,-0.450303273885473,0.652491778674834,NA
TCEAL4,1.3659501808613,-0.804342466864404,0.621677867857073,-1.28885561821562,0.197448285938494,0.395232866259801
TCEAL3,0.919363048363132,-0.0933979950014163,0.76056716151009,-0.123766905687536,0.901499835732049,NA
MORF4L2,10.7318398656695,0.059888356987905,0.287946539543184,0.208042339059674,0.835195908735114,0.91352050113324
RBM41,0.430310185018337,-0.174444127500937,0.86439701784982,-0.20277396336894,0.83931170937886,NA
PRPS1,1.24366335246446,0.105871065155973,0.690853705388944,0.153513408519194,0.877993417168312,0.940220982681598
TSC22D3,21.0318127786869,-0.0806023835319485,0.229640609535226,-0.351072037368649,0.725534305373301,0.857190088522231
PSMD10,1.35760906637124,0.142548056453704,0.603165141647722,0.235256756911186,0.814009456237205,0.903093924387065
ATG4A,1.89550764995597,0.415041326077124,0.592702806301472,0.698532356641166,0.484844329912734,0.68773525575857
NXT2,0.967923183174395,0.55494121487501,0.754559708390475,0.729150250996338,0.465909758847255,NA
ACSL4,4.73699527548781,-0.54027300328825,0.423725594714634,-1.27440012064502,0.202521649596381,0.401739405568662
TMEM164,1.88547396752259,0.160771455739872,0.549320144801509,0.292046460014751,0.770251101626256,0.88039700915881
ALG13,5.50180531178837,-0.197929278738617,0.38648412294808,-0.512285847448895,0.608450968689596,0.782569685093187
DOCK11,1.60760792360798,0.868545425820542,0.599675663597866,1.44232028227364,0.149212041010681,0.328144205542499
IL13RA1,10.2058799778046,-0.432388363060675,0.304742746460531,-1.41845574210496,0.156057751275438,0.337994018887833
PGRMC1,2.34400353876597,-0.135048869377906,0.490239747362955,-0.274964481673932,0.783343526382972,0.886496683817561
SLC25A5,35.3961882225969,-0.952074381996102,0.169259517281086,-5.62341621784205,1.87217583933221e-08,3.28205058950416e-07
UBE2A,26.2138213452124,0.0629728069650538,0.198304337017247,0.317531105307341,0.750840641069003,0.869690770917988
NKRF,0.171222876866295,-0.329490869466299,0.964652317908961,-0.348781770433416,0.727253150131408,NA
SEPT6,9.40448198138412,0.692190458103132,0.311147670881646,2.22422470275753,0.0261333298239893,0.0942354061603951
RPL39,4.4531566837609,-0.166317462800762,0.398010152659941,-0.417558267007888,0.676270114714017,0.826536292897906
UPF3B,3.9010441565276,-0.072194904964056,0.399466626987042,-0.180686288711225,0.856613821666053,0.926836045214217
RNF113A,2.56787162107978,-0.449285839880004,0.544087850954585,-0.825257902880823,0.40922518626806,0.620151447123536
NDUFA1,21.4987400758153,-0.2829469270406,0.200264056526571,-1.41276738569128,0.157724130764172,0.340638473727628
NKAP,6.131988716418,-0.343027424305178,0.333666576808065,-1.02766877901115,0.304105658782015,0.524747536213531
LAMP2,27.7121958949432,0.87296234427515,0.204432136686837,4.2695878391517,1.95834514717996e-05,0.000207642718295611
MCTS1,5.55224842395318,-0.364404399232484,0.343030727107187,-1.06156519310878,0.288433122186817,0.506263910717955
C1GALT1C1,8.69870299160674,1.26588538414886,0.301784608866031,4.18442006429759,2.85895023777856e-05,0.00029333753337351
THOC2,4.76974219241685,0.374359811419908,0.360768294889172,1.03698013766168,0.299745113971011,0.520681862110739
XIAP,4.99984727048229,1.09831787132716,0.3928958380694,2.7838716836508,0.00537142796253717,0.0276058550412769
STAG2,7.51047926052864,0.155473912005624,0.30659250612839,0.507206711581707,0.612009786305225,0.785456081009288
SH2D1A,0.550936670484382,-0.23629938124294,0.820365053300902,-0.286818545222188,0.774251262243064,NA
SASH3,2.49527909364099,0.411444587118486,0.493440039075057,0.833684918072584,0.404458559141819,0.618208255013506
UTP14A,0.745802237341567,-0.769811156550197,0.782546778235253,-0.980802702837742,0.326690045146803,NA
ELF4,1.94597872327611,0.221337112147265,0.573681947232195,0.385472300459238,0.699887524927483,0.842784914656672
RAB33A,0.292027136182149,0.492323376287276,0.922234374292537,0.543301207263689,0.586922433194364,NA
RBMX2,3.44595548410923,-1.09398360301952,0.450613983254798,-2.41747739738094,0.015628504583969,0.0637952171248983
RAP2C,4.72322334798664,0.583993734298705,0.389577043927282,1.49749902693022,0.134263458591951,0.305814711043726
PHF6,1.07949320175416,-0.370144832472802,0.713056194039958,-0.522541053441603,0.601293670388772,0.777288696284061
HPRT1,11.2794895297983,-0.141818769016768,0.255387535678796,-0.555322289085768,0.57867423585922,0.760034707079585
FAM122B,1.42542887636886,-0.291660958279782,0.699426606308604,-0.420667858031913,0.673997634933299,0.825483869344621
FAM127A,3.30875109411545,-0.830123471778966,0.5083004160146,-1.63208471177787,0.102661641924688,0.252783836104952
FAM127B,2.74878619138209,-0.74273188277068,0.540609847288352,-1.37134975969513,0.170265950932048,0.358273162583452
MAP7D3,0.799993120884836,-0.675144535865633,0.802736699507346,-0.860782979866894,0.389357580752194,NA
HTATSF1,4.13272072308943,-0.220728606088056,0.423786457924629,-0.521293943758566,0.602162019262244,0.778059222266273
CD40LG,0.310581556085186,-0.25274775098889,0.952639697921812,-0.284568432146829,0.775974799182496,NA
ARHGEF6,1.17062003070767,-0.518816098563094,0.704357179714208,-0.732770726952188,0.463698278190775,0.669877568215439
RBMX,13.8729108091227,-0.593709082346479,0.23557133455381,-2.51984650626645,0.0117406019325425,0.0512882111753778
FMR1_ENSG00000102081,1.87156946434399,1.42642501178045,0.592829454715825,2.37554447054095,0.0175230807230831,0.0695447266197359
IDS_ENSG00000010404,13.9459904556846,-0.567677587956262,0.250159177834737,-2.26870029062886,0.0232865579260977,0.0864734753396026
CXorf40B_ENSG00000197021,1.0551117021525,-0.352082933712491,0.681311607011368,-0.515481649980632,0.606216489177349,0.78134182855259
HMGB3_ENSG00000029993,0.759337501118871,-0.795491450418027,0.750079487776665,-1.04590044498928,0.295606998899596,NA
VMA21,7.14582060309645,-0.800818967461139,0.327044212782785,-2.4459146686549,0.0144485192168181,0.0604047456650441
CETN2_ENSG00000147400,2.20775692449194,-0.373644192466543,0.544975939889673,-0.684432247512505,0.493702258772871,0.695660574292606
NSDHL_ENSG00000147383,0.623597662963777,0.856415800072683,0.808440230166133,1.06838077004963,0.285348787725384,NA
FAM58A_ENSG00000147382,2.68121491203838,-0.437002889810323,0.465079925417229,-0.937819024303705,0.348337422641666,0.567501972999194
BCAP31_ENSG00000185825,25.5519389693062,0.0949339353308175,0.231410730128299,0.410288106915871,0.681594615362373,0.829095167717165
ABCD1_ENSG00000101986,2.23949730174912,1.65881808841181,0.592718603802949,2.75238430463329,0.00591630471857217,0.0297900277239118
IDH3G_ENSG00000067829,8.17843031816226,-0.446543952155762,0.294842336282266,-1.51465414618805,0.129860012290002,0.299474302856588
SSR4_ENSG00000180879,32.144516867592,0.32925409515361,0.256278037112696,1.28488929634529,0.19883097182333,0.39675942876059
ARHGAP4_ENSG00000089820,2.22954662234389,-0.326471703084945,0.512808997162766,-0.637363703846838,0.523887964893008,0.718474608194383
NAA10_ENSG00000102030,3.93603644975134,-0.99077350820457,0.422110056728009,-2.34068756031814,0.0192482675310579,0.0745788806372853
RENBP_ENSG00000102032,4.1075660646475,-0.310163374869747,0.413454952390722,-0.749468310465951,0.453574991836361,0.661102034772966
HCFC1_ENSG00000172534,0.952684748839486,-0.42857956461938,0.769130429517781,-0.554386994470734,0.579314024812407,NA
TMEM187_ENSG00000177854,1.72968431451842,0.859414378596836,0.625508093572044,1.37311035181486,0.169718043385764,0.357778907395663
IRAK1_ENSG00000184216,2.12088871637806,0.319135527139715,0.622307806333915,0.513339751543262,0.60771368196273,0.78240227357896
MECP2_ENSG00000169057,5.96208378693103,0.811418209405084,0.364220003394216,2.22596309469877,0.0260166535152224,0.0939855719592262
FLNA_ENSG00000196924,14.8946553086619,-0.709514041953833,0.264290487555432,-2.68310164347743,0.00729428171383866,0.0352084628332669
EMD_ENSG00000102119,3.94741236961577,-1.0952668342558,0.493381546706382,-2.20825472176189,0.0272265217136124,0.097310551340397
RPL10_ENSG00000147403,676.89268445923,-0.587651797270482,0.0813893259708234,-7.2202506075871,5.1891854146472e-13,1.56668805859813e-11
TAZ_ENSG00000102125,1.00613287492056,-1.02969167101655,0.756388255629841,-1.37601796643602,0.168816070956755,0.356271730250315
ATP6AP1_ENSG00000071553,7.34982746691805,-0.792225932442716,0.341843310278937,-2.31507091036931,0.0206090516985414,0.0787304347975696
GDI1_ENSG00000203879,4.59041397026338,-0.286504414776405,0.383758894004803,-0.746092052766914,0.455611809751365,0.663394010886383
FAM50A_ENSG00000071859,7.93821479801565,-0.827691956818685,0.309030559614479,-2.67707923053733,0.00742670703787959,0.0356799256627292
LAGE3_ENSG00000196976,5.81816333843897,-1.87300785384271,0.386419402341716,-4.80788675673675,1.52534124805058e-06,1.95018461579621e-05
UBL4A_ENSG00000102178,1.00745663316149,-1.24295514902507,0.760425079976448,-1.62453487055913,0.104261704461204,0.255522334849655
SLC10A3_ENSG00000126903,1.53019186407807,-0.64839974051988,0.613721347193895,-1.0555383128419,0.291179196669636,0.509675071659102
FAM3A_ENSG00000071889,1.16714414968937,0.348225216483725,0.666545467225583,0.521409134041826,0.602081789838162,0.778059222266273
G6PD_ENSG00000160211,6.73643408909289,-0.991371719984893,0.33082137762793,-2.99257063868224,0.00276638638921888,0.0159406178629374
DKC1_ENSG00000130826,2.63781048449292,-0.45369554742085,0.492566175945536,-0.920961893159833,0.357070322640714,0.575039484543688
MPP1_ENSG00000130830,18.1621012402031,0.033962377856845,0.259189876390402,0.13105124333397,0.895734770599753,0.949448688843091
F8A1_ENSG00000197932,2.74736684754509,-0.807665875399071,0.483797912989481,-1.66762647478839,0.0953898992978369,0.241325044040344
FUNDC2_ENSG00000165775,7.13010714600172,0.117614196769155,0.314035523950818,0.374586003027453,0.707968384313248,0.847693131437296
BRCC3_ENSG00000185515,0.800503470387726,0.0979170227068411,0.759791285862579,0.127917495559453,0.898214265336884,NA
VBP1_ENSG00000155959,5.31177719469672,-0.625756869605064,0.359562493697095,-1.74018468304592,0.0818265942762475,0.216794836121913
RAB39B_ENSG00000155961,0.0564117456010167,-0.217873740065406,0.882588786802799,-0.254573541291275,0.799052496998332,NA
CLIC2_ENSG00000155962,7.66360249910083,1.58821337279653,0.342568324771204,4.61555586276231,3.9204456510378e-06,4.74689552874598e-05
FBXO25,1.00782403549256,-0.305735458723458,0.699397015670013,-0.438541032138451,0.660994132496393,0.818248422117895
ERICH1,10.0042489797145,0.614247080661952,0.290260166097218,2.11411524257395,0.0345054256230809,0.116779062338359
CLN8,6.34833601508292,-0.344914297962842,0.324747999858779,-1.06232480934422,0.288088255333545,0.506204068905067
CTD-2336O2.1,7.00429996361532,-1.58956729880455,0.427552091563081,-3.70215349999001,0.000213777209219484,0.00176551553567826
MYOM2_ENSG00000036448,0.318410678331485,-0.232899338967635,0.921008300152697,-0.267363416248448,0.789189364052099,NA
AGPAT5,3.1978305398491,0.627696438294602,0.457830591156644,1.36911386749086,0.170963684165439,0.359212299634368
DEFB1,32.3001482827046,6.0261168342519,0.497686138246315,10.9954378202207,4.01958031683015e-28,3.58935961104442e-26
SGK223,0.0636753938623596,-0.221663054719887,0.886989366990095,-0.257629889531902,0.796692559683335,NA
CLDN23,3.67120348545357,1.04710179089244,0.439258886970498,2.37291841636285,0.0176481615560789,0.0698955254975683
MFHAS1,0.278151452275914,-0.00984853083446749,0.955561609683763,-0.0107549808288297,0.991418932273395,NA
TNKS,0.625097495417276,0.627184093349004,0.766889404032285,0.8103718491991,0.417726492141877,NA
MSRA,5.55088117305113,0.167213106316269,0.346888520962221,0.481503939144413,0.630158380763521,0.796043710417952
PINX1,0.663760599563008,0.136928468484143,0.793696685392048,0.172753394634985,0.862845271836436,NA
MTMR9,2.22069737989984,-0.185140524483351,0.558044784347966,-0.332335431987025,0.739635987981326,0.865079536805097
BLK,0.0576492460942856,-0.0074441806793299,0.882614067734749,-0.00871705621386015,0.993044883514575,NA
FDFT1,3.46873803402193,-0.554183093426143,0.500765623286718,-1.10558698012234,0.268905327757934,0.485642270823193
CTSB,123.009783986214,0.723165751566438,0.136658619366103,5.29177193706611,1.21136897349937e-07,1.88636885110324e-06
MSR1,14.0495320510684,2.20036097895356,0.316471317187083,6.91328829523398,4.73546181609154e-12,1.29488824301259e-10
CNOT7,4.07681055488278,-0.49231923549042,0.435010791249121,-1.130653811939,0.258200828786187,0.474583480492564
VPS37A,2.78341212914941,-0.525414007026115,0.49116395455697,-1.06587845000796,0.286478591762788,0.505250283437214
PDGFRL,1.47145125034787,3.44403336275714,0.733949494689865,4.64737092594424,3.36192321802487e-06,4.11421652912465e-05
PCM1,3.0605068350468,-1.4747424315167,0.490821441685709,-2.97953842240779,0.00288683022900932,0.0164817530057825
ASAH1,46.211303234438,-0.190206464462748,0.232386485969019,-0.818405097862698,0.413125911781308,0.623781924922106
CSGALNACT1,0.341523767097889,-0.531807242164481,0.946782503338225,-0.604312101703948,0.545636162060084,NA
INTS10,2.77582162990658,-0.246401479365714,0.491516941918694,-0.500027590300622,0.617055650409568,0.788920143644447
ATP6V1B2,46.288568032292,0.506890646739429,0.162799094587716,3.11374490528365,0.0018472912848964,0.0114125269600413
DOK2,12.6189813874178,-0.715157958800033,0.358405985882678,-1.99615097785271,0.0459174915780498,0.144344589861691
REEP4,3.64194649059055,-0.425229988797375,0.415978264173069,-1.02157192901381,0.306983549204501,0.527483759381758
POLR3D,0.846797131889777,-0.277865541262368,0.777237266928293,-0.36314723748463,0.716494899300846,NA
PPP3CC,2.90333895082541,1.15433562416224,0.508762650348309,2.25872124008058,0.0239007303902596,0.0881243059227957
PDLIM2,2.01845431938649,-0.402415458973547,0.525982387437152,-0.763284919074185,0.445293494059293,0.653699542396316
CCAR2,1.77554140212307,0.0258997924009116,0.599106542597498,0.0432292062808482,0.965518823598853,0.980490818744594
BIN3,4.00266240820856,-0.272688070371778,0.453203314857472,-0.60208495256996,0.547117590281115,0.73588059240283
TNFRSF10B,1.73620644320063,-0.292955372938944,0.593240268062061,-0.494769580525343,0.620762779286721,0.791544733134596
CHMP7,1.60659234484488,-0.555128077502144,0.60751516658294,-0.909568763759367,0.36304997808571,0.582310978192162
R3HCC1,1.78864281731099,-1.0639613611472,0.573879580125486,-1.84184120619155,0.0654983806861416,0.185629092178606
ENTPD4,1.81449700086907,-0.485807347536005,0.60790367750276,-0.802492361312957,0.422268205285491,0.631909608066661
SLC25A37,27.812483676745,-0.0990784420844335,0.239311654481937,-0.413945091265177,0.678914319999047,0.827644056910102
ADAM28,0.739251433193969,0.373998872326029,0.725436777708929,0.510516277507739,0.609689813788312,NA
ADAMDEC1,2.04504422626368,2.08698036163922,0.662237506543811,3.07957692124383,0.00207294832901246,0.0125896914987313
PPP2R2A,11.7419134105823,1.76290714866736,0.290618368607925,6.0433735302795,1.50924688330846e-09,3.12512533989415e-08
BNIP3L,17.998925899667,0.467205738742989,0.218319374616251,2.14004996241763,0.0323507292420131,0.111480362108938
PTK2B,3.27788726357722,0.641007780068744,0.440809878039922,1.45039720973017,0.146947784758902,0.32487682394473
EPHX2,0.0821497955994649,-0.00893585014610215,0.913985001881676,-0.0100799402732765,0.99195750747554,NA
CLU,0.831900787571262,0.707004684113419,0.745410436735678,0.94617263787322,0.344060539719726,NA
CCDC25,1.8973001071086,-0.764334675531912,0.553697050734517,-1.37234910193764,0.169954786790676,0.35796897089168
HMBOX1,0.845943943515357,0.533360272389105,0.765179774376847,0.712286079536145,0.476287642348235,NA
KIF13B,1.60045884033419,-0.238226822799162,0.681480940604701,-0.350619000530369,0.725874200049474,0.857190088522231
DUSP4,3.48908192160113,-0.652451985732027,0.506187984468039,-1.28810201224389,0.197710454977254,0.395232866259801
TMEM66,153.205707624095,0.488445125700178,0.151025342556386,3.23404429201964,0.00122050525872423,0.00809186491137934
RP11-489E7.4,0.455900607459629,-1.63454352132109,0.892754393028228,-1.85706924546341,0.0633013030383254,NA
LEPROTL1,24.5176466903173,1.03746343315291,0.22631260453496,4.58060137569936,4.6364080915062e-06,5.55494177001214e-05
RP11-51J9.5,0.589256553091844,0.287690341210134,0.889259092949934,0.324597221738615,0.745485930202151,NA
DCTN6,5.78587832040176,-0.185821424995524,0.346426436753253,-0.536328676269499,0.591731415159229,0.76875313426574
GTF2E2,6.50053102423118,0.723710654655426,0.350123761120318,2.06405831890208,0.0390121872794884,0.128061258071382
GSR,0.699996948047699,-1.03256163565416,0.782059425581644,-1.32180942986923,0.186231617459253,NA
PPP2CB,1.94242041693073,0.231487424081842,0.562327188984177,0.412529314434054,0.679951498931882,0.828731673362275
NRG1,0.421149608373399,-0.635517634672005,0.908711408292239,-0.735161397056558,0.462241205884997,NA
TTI2,0.97661298540247,-1.13432958023889,0.716736086761014,-1.58074584595011,0.113936161210677,NA
PROSC,4.63624950022723,-0.638508060775145,0.382669544655013,-1.66659427971248,0.0955951071085742,0.241630268520788
BRF2,0.830768743368631,-0.519561014241683,0.772979587503027,-0.674976652668389,0.499690598422643,NA
RAB11FIP1,1.50518050309291,0.368693655960965,0.599691971255374,0.614304218203478,0.539014315637461,0.73079140003326
EIF4EBP1,2.86473929166756,-2.12298127388051,0.529736757064033,-3.92836677066932,8.55247090508131e-05,0.000801268380697372
ASH2L,3.83991550355953,0.0980280352378275,0.469775596922698,0.209110648480664,0.834361862179749,0.913318602530974
LSM1,12.3444095981962,-0.2475276659795,0.260411533667463,-0.950376806292696,0.341920824783476,0.56187132915841
BAG4,0.939356092208993,-1.43544553487433,0.75570598869873,-1.8926546970369,0.0584038047334506,NA
PPAPDC1B,8.6859909643584,-0.58967940972346,0.311851389001894,-1.89045471560525,0.0586971715509588,0.171449760450417
WHSC1L1,8.77512106505863,-0.0929916961028266,0.29530651749781,-0.31487305576706,0.752858040159549,0.870615884158604
TACC1,7.82193376812378,-0.0826275266776709,0.319453368538,-0.258822781826908,0.795771979312492,0.892795347854467
PLEKHA2,2.31739278602551,-0.187127915427892,0.490774615197149,-0.380654840436293,0.703459382524363,0.845034720772003
TM2D2,10.8326207383868,0.292874366738365,0.298173484536361,0.982936879543786,0.325638505467195,0.547646626238333
ADAM9,1.38501580311513,0.167606636806892,0.67059977128819,0.252885369916678,0.800356795218999,0.895049430634358
IDO1,167.263912315546,5.70724071497269,0.440133710499992,12.7898718702593,1.86781594119808e-37,2.37212624532156e-35
GOLGA7,9.62596713632568,-0.0730006627240144,0.333010466541098,-0.219301600300606,0.826415115383724,0.909201156551478
AGPAT6,1.20625616320487,0.0499681596695618,0.676147256710948,0.0738884197738995,0.941099170342607,0.96977673251136
KAT6A,2.92809384375494,-1.59170544878248,0.577296669978803,-2.73215653865044,0.00629212376179213,0.0313235952078763
AP3M2,0.720646167443025,0.430487584193972,0.819063678082642,0.534131050000844,0.593250868779121,NA
IKBKB,1.13499221316293,-0.853490252495854,0.676399144800543,-1.25367314441053,0.209960833071882,0.410629130242907
POLB,0.855220524285835,-1.38838548084372,0.798654830515657,-1.70298837993794,0.0885702430090235,NA
VDAC3,7.9962831620538,-0.844613733462675,0.323174970440836,-2.6120447314541,0.00900024772316652,0.0415650863609234
SLC20A2,0.559893684971598,-0.487469060558275,0.834679134489071,-0.589927843533801,0.55523902613643,NA
SMIM19,3.43679339155162,0.286204045167087,0.426573492744803,0.670017400750766,0.502846697724269,0.702804812299876
THAP1,3.87450787210921,-0.241073232714746,0.47503543470303,-0.507507747657778,0.611798601611366,0.785361412445857
RNF170,1.21798053103768,-0.0756482310459508,0.661789026422843,-0.114349237311612,0.908960952706608,0.954559324645032
HOOK3,4.85105429250805,-0.622636374560761,0.401915794035472,-1.54782742590571,0.12166385147163,0.285547807458055
FNTA,6.28779810631243,0.716529540848929,0.338765529426828,2.11352823463376,0.0345555810073692,0.116809837753727
HGSNAT,2.30294485190554,-0.957066609123973,0.553801033954478,-1.72251770162501,0.0849757789663295,0.223342995031822
CEBPD,16.7082388871637,0.582643161127452,0.377537830453916,1.54120941235829,0.123265827458199,0.287750380543598
PRKDC,1.4611712860407,-1.0131899058724,0.722585154048415,-1.40793551995939,0.159150164062043,0.34219081550586
UBE2V2,7.08820463235121,-0.372894966496871,0.335006832820646,-1.11338258329724,0.265544151898311,0.482999627020639
PCMTD1,9.49980347312224,0.503640449028921,0.334980911906763,1.50337341282714,0.132742778676004,0.303692946410474
RB1CC1,5.45508204669637,-0.866392081524542,0.361864895196137,-2.39075300782646,0.0168138598539021,0.0671027996264319
ATP6V1H,8.67034719309688,0.895246225268654,0.289508504597449,3.08888911091862,0.00200906411465088,0.0122537901976839
TCEA1,6.50251830575043,-0.643723126557214,0.331880671928543,-1.93900752694721,0.0525004216375931,0.159573164896964
LYPLA1,6.01402053350099,-0.818140806772998,0.353817554697356,-2.31006967828203,0.0208842968262571,0.0795161601346165
MRPL15,3.1141638012457,-0.816326405365102,0.458879728951557,-1.77695603188186,0.0755754742351631,0.204795559627291
TMEM68,1.57743876177951,-0.442501394304017,0.706359234483239,-0.626779710166368,0.530803645277985,0.723242603645051
TGS1,2.79323362508088,0.386666394529437,0.442995134454104,0.871583210027724,0.383435793513697,0.599216724071857
LYN,50.4587205633241,0.999631073474097,0.183522945459852,5.44553062007827,5.16511766527283e-08,8.53140099914283e-07
RPS20,133.868372551889,-0.0390645729988372,0.122644448815085,-0.318529266961693,0.750083497983648,0.869512655032943
CHCHD7,3.34054097995958,-0.0598247844435889,0.483368686040408,-0.123967247518546,0.901341207677537,0.951959081842744
UBXN2B,3.54784994790342,-0.931536937095949,0.4833029479004,-1.92288840318786,0.0544940664803271,0.1639124157553
SDCBP,172.833267477683,0.529372629930277,0.126254169227358,4.19290102830595,2.75409620349871e-05,0.000284109382725543
NSMAF,9.48551440288942,0.0184526173603954,0.395382525196925,0.0467338536863955,0.962725348473335,0.979977684880438
RP11-25K19.1,0.0742510806293697,-0.255080521923194,0.882681328865217,-0.299556385968009,0.764515556101514,NA
RAB2A,22.5091561761239,-0.176432920885579,0.189590077836126,-0.930621919039937,0.352049172132674,0.570540106319704
CHD7,0.236932909240333,0.00692024760012821,0.957222634783387,0.00773837788711786,0.993825729380057,NA
ASPH,1.317261694287,0.027764425445487,0.633199160943746,0.0438742051939637,0.965004676768812,0.980490818744594
YTHDF3,1.94346086757207,-0.660329834840219,0.542127103439815,-1.21603952655718,0.223969865215113,0.430392662980622
ARMC1,1.25750463464931,-1.23398448985104,0.655155831828395,-1.87087216544588,0.0613628019163012,0.177473893194161
PDE7A,1.93281157921611,0.855088777991221,0.626250428518982,1.36380615197286,0.172628583573943,0.36177937481668
RRS1,0.325319902297273,0.638925532164386,0.923855682574161,0.711197520151392,0.476961845086207,NA
VCPIP1,3.26989387192359,0.901752593451447,0.469924267873252,1.91419522890441,0.0555952151622831,0.165159218080965
C8orf44,0.27181269202784,-0.316338053218973,0.933100214938132,-0.337872653318083,0.735459156402054,NA
SGK3,3.14403986777269,-0.377412762914505,0.555957790760587,-0.679698379270574,0.496695462458495,0.698477994082258
COPS5,8.28328330741102,-0.177489551972889,0.294418985054344,-0.602725762530497,0.546691140135342,0.73565808002672
CSPP1,0.583368157909396,-0.0059324637333977,0.886548068018739,-0.00900673669650596,0.992813761006288,NA
TRAM1,33.7526542737538,0.738506265002194,0.17059029314189,4.32850514263606,1.50124828066846e-05,0.000163110911103046
LACTB2,2.82262185980648,-0.0308826240443994,0.553696476094757,-0.0558769772454086,0.955439811665588,0.975897633553085
RP11-383H13.1,0.665297345687061,-1.05877027068587,0.864964498529477,-1.1883426611125,0.234698436658458,NA
MSC,4.65036002554573,-0.464071771436955,0.520775122391011,-0.889332734828216,0.373824283696563,0.591529490903306
TERF1,3.69799858497188,0.394245638434278,0.407243602082775,0.967427567425518,0.333330334469237,0.555312647816507
RPL7,331.037200639535,-0.891084101522168,0.11574822283394,-7.6984225081655,1.377562334209e-14,5.07920563871252e-13
STAU2,1.23582682872895,-0.597899917870801,0.659277500039012,-0.90775556082288,0.364007381936855,0.582880971636068
UBE2W,1.97831801578823,0.496058970137516,0.531942142777467,0.929956121841763,0.352393803357234,0.570540106319704
TCEB1,13.912215818998,-0.412927046293999,0.231747387690691,-1.78163832493723,0.0748082304146841,0.203585255628533
TMEM70,7.27428417625734,-1.33741751849111,0.414286956722032,-3.2246426801211,0.00126129987540689,0.00830452625339907
PEX2,4.58402287805006,0.568573704709072,0.424762960411009,1.33871722987798,0.180662744984738,0.373229685489086
PKIA,0.0383630408079537,0.0674168058199646,0.882413679742461,0.0835247909725053,0.933434265916411,NA
ZC2HC1A,2.46772327386118,-1.05734579414517,0.568688432359791,-1.84618608230006,0.0648651910888497,0.18440190057022
MRPS28,2.56734792600503,-0.531373732637251,0.488818117468466,-1.08669785613228,0.277170361790783,0.495783604893372
TPD52,0.325244500682489,0.430899508151475,0.888159700620816,0.479388537015641,0.631662246779335,NA
PAG1,1.82322449020469,1.43718074502972,0.595700683625287,2.38805146257825,0.0169379697908447,0.0674567925816567
FABP5,8.05706205465457,0.552559926950045,0.517413892661547,1.06834571092331,0.285364596175272,0.504129417972698
IMPA1,2.38324899011211,0.828676489372416,0.580348325580967,1.4261168213969,0.15383462399661,0.33517532449128
ZFAND1,0.704612147358425,0.830617849363791,0.828171016800925,1.00058778100171,0.317026139870843,NA
SNX16,2.4906218065857,0.774112566730098,0.616569872156262,1.26459063188744,0.206018113002303,0.40649396975426
LRRCC1,0.601552538643446,0.534728224442372,0.809551641969856,0.660901538015157,0.50867545967386,NA
C8orf59,2.00174468118826,-0.334371446370594,0.560002634626568,-0.593785594334476,0.55265552534232,0.739995522894811
CA1,0.364171444184305,0.549755947571931,0.964067336679385,0.60679219814686,0.543988826402855,NA
CA2,13.9013289407138,0.173580675871304,0.402373798323811,0.430757673849743,0.666644578448974,0.821919338653521
RMDN1,2.20770387593722,-0.178457505358019,0.487549142347334,-0.365651383072936,0.714625228101939,0.851303867523494
CPNE3,6.01989372740144,0.102500542795624,0.375072181562457,0.273372271412009,0.78456706547343,0.887354201302325
RIPK2,27.4039841188711,0.955625162735904,0.248245476582195,3.84916177146388,0.000118522716128301,0.00106838694427956
NBN,8.03104800243126,1.49418764806534,0.357270568106781,4.16735340610188,3.08156557401325e-05,0.000315047356985434
DECR1,31.36438205835,1.1996752589423,0.231428857950394,5.18057139456284,2.2120724071925e-07,3.28363475509224e-06
TMEM55A,0.823090727470487,-1.29060034902622,0.817288905242855,-1.57110910376316,0.116157308343482,NA
GS1-251I9.4,3.60836939352576,-1.26514037668982,0.478828092071444,-2.6315675562887,0.00849919678839487,0.0396513548127973
PDP1,2.90616653349188,-0.59874929929535,0.555571481502084,-1.07539261590053,0.282198986353243,0.501170667187317
GEM,0.16738762693801,-0.460054119627194,0.965138195957956,-0.481338229108003,0.630276130913749,NA
KIAA1429,1.03097149583034,0.763080324570078,0.71714519535913,1.06785670465097,0.285585154874693,0.504207340163382
INTS8,0.524009264105803,-0.406899121557198,0.806218565945157,-0.501307712301585,0.616154578366623,NA
NDUFAF6,0.450413481418111,-1.93562268913414,0.848218871519262,-2.28069303612925,0.0225666175400992,NA
PLEKHF2,11.2461633091155,1.10376519815519,0.267328165035677,4.12278061887932,3.74326167505056e-05,0.000376936659911187
UQCRB,34.4737648339274,-0.960699762669672,0.172057092560526,-5.58196232823104,2.37819897492226e-08,4.09379733183154e-07
MTERFD1,0.774227008360729,-0.551277275112571,0.750344425678585,-0.735462406150471,0.462057927298486,NA
PTDSS1,1.90519922320705,-1.29857570691205,0.600033049364428,-2.14627859221292,0.0318507585169151,0.110119228629262
SDC2,2.10501511233195,-2.75410280683926,0.766402641544372,-3.51241230835901,0.000444058517781105,0.00337472663446677
CPQ,4.76836974508168,0.183453335744096,0.380058129451937,0.482480203569596,0.629464858102449,0.795531106602277
MTDH,19.9061373785889,-0.285897045636711,0.20291052465862,-1.40906936135394,0.158814659434871,0.341852772446212
RPL30,193.635490377171,0.103369427335992,0.106735263654904,0.968477690936395,0.332805855377441,0.554676425629067
HRSP12,0.89128527812468,0.0559131536966221,0.703411490817703,0.0791266324518124,0.936931900288539,NA
COX6C,21.3544881519232,-0.324048356138908,0.214415771381596,-1.51108118713376,0.130767767221246,0.30073955318689
POLR2K,4.63254268355415,-0.454603876655992,0.383938494621147,-1.1838217918992,0.23648361397794,0.446925877607119
RNF19A,3.83180674614038,0.86894770341427,0.465008983951096,1.8651964905142,0.0621538673045035,0.179036971595382
PABPC1,229.142197374521,-0.287472667385237,0.140816164896569,-2.04150391998796,0.0412007646376593,0.133406441872081
YWHAZ,15.5192763558688,0.0792443787019852,0.229766715127195,0.344909982643826,0.730162045551361,0.858969965073287
ZNF706,69.8681912895618,0.0295285955671973,0.125798123576442,0.234732077947316,0.814416688635869,0.903239156909371
UBR5,1.06549620750657,-0.0595515414896134,0.653145063138258,-0.0911689319978607,0.9273583607939,0.962384788802821
KLF10,5.94559138121747,0.0113359244379114,0.467778799023916,0.0242966997660145,0.980615945560576,0.989791722283291
AZIN1,6.42650055885293,0.393309182141664,0.411863534208975,0.955583694008649,0.339282602863927,0.559919167013383
ATP6V1C1,11.1456080416487,-0.0253008629934939,0.316159853928716,-0.0799898706624916,0.9362453121961,0.965986509889873
SLC25A32,0.663558744906285,0.404556040777158,0.827093106398956,0.491149255449677,0.623320886363304,NA
DCAF13,3.42524369241797,-0.50997008787575,0.42460098193934,-1.20025091459926,0.230041906881341,0.438359747944223
OXR1,2.15435593770971,0.115729427424171,0.515030519665479,0.224717798905414,0.822198817193811,0.908063341315483
EIF3E,17.2836713481779,-1.19015365232801,0.275856287203126,-4.311617403721,1.62064684064623e-05,0.000175085003672839
EMC2,4.54123401400037,0.559725041791068,0.375752771221648,1.48803889335944,0.136740636931425,0.309739492692468
NUDCD1,1.24177876124392,0.630108763510158,0.652622191602492,0.964119836267928,0.334985848740652,0.55627240289213
ENY2,43.1282370137554,0.26733924746316,0.19053726813486,1.40297060855617,0.160625603610328,0.344197722022131
EBAG9,4.13417502438202,0.438319651461771,0.447916864177165,0.978964157791934,0.327597689549651,0.54936056214092
TRPS1,1.60862705241186,-0.273215382283223,0.66157611780998,-0.414758392454416,0.678318781254467,0.827624217521195
EIF3H,32.8828239253614,-0.429055598484621,0.162972071313156,-2.63251725160727,0.008475471856405,0.0395836214967813
UTP23,1.71335495751929,0.270201294404337,0.58368135226148,0.461773297575801,0.644243901598069,0.804490836077416
RAD21,7.61972148339198,-0.150897961335092,0.314983754796655,-0.479137946159243,0.631840496157891,0.79718088935343
MED30,4.28928514695272,0.11822588986578,0.393086569874025,0.300872701520824,0.763511567386216,0.876550543915674
EXT1,1.43211336745584,2.50177641662036,0.712416716418398,3.41361175469811,0.0006410786026774,0.00463767622063461
TAF2,0.52363733949053,0.440732830146331,0.842949440359613,0.50473128488759,0.613747584534775,NA
MRPL13,6.57737400174619,-0.924400583528704,0.333690333268323,-2.76646873529983,0.00566670182824971,0.0288381130440313
DERL1,14.9627177493894,0.637266987832909,0.22174778311588,2.87270621375491,0.00406972379019593,0.0218594656588061
C8orf76,5.48109157179647,0.261957273492022,0.347072690902672,0.754632003584117,0.450469815547915,0.658639793727944
FBXO32,0.111376620944055,-0.353982637094185,0.882955671800139,-0.386605360456146,0.699048388898024,NA
FAM91A1,2.34340588374916,0.887254198089527,0.565141006066771,1.56239179306729,0.11819571928381,0.279358368778732
RNF139,3.41636688166484,-0.589403262283768,0.481726192015567,-1.2213515064493,0.221952959599052,0.427811522464952
TATDN1,0.666366906045549,-0.170102956456276,0.752972939569501,-0.22509818973111,0.821902889232268,NA
NDUFB9,11.9247636429274,-0.403478397277961,0.28345200919962,-1.42299555395996,0.154737444113419,0.336245054413759
MTSS1,12.6201945257589,-0.775567740370214,0.278277377355505,-2.78729438768594,0.00531501710250685,0.0273898311459212
SQLE,1.41122065171309,-0.246003245705167,0.671383317267546,-0.365739516624919,0.714559456026274,0.851303867523494
KIAA0196,1.08967831837774,-0.419624185844834,0.755134578916679,-0.555182135818106,0.578770086650981,0.760034707079585
NSMCE2,3.72850254857481,-0.178229257805313,0.411519930886722,-0.432936015867746,0.665061254055642,0.820735276814509
TRIB1,1.90184284212964,-0.880424465007658,0.581620656466684,-1.50613569613156,0.132032342711858,0.302309630848665
LINC00861,0.173631694269178,-0.40502830153408,0.963943350247063,-0.429896585994382,0.66727086902401,NA
MYC,2.28377949218583,-0.599624303155854,0.535247641613776,-1.12017478330576,0.262639287515892,0.479854069102724
FAM49B,48.1439221272474,0.235069662090271,0.149241046449024,1.57516113558902,0.115219255462636,0.274365852070402
ASAP1,2.04038532393066,-0.70830108172039,0.600687545693924,-1.17594553027932,0.239616643113956,0.449925395241036
EFR3A,5.61572323818685,0.446397525684736,0.336977755884636,1.32385178153344,0.185552274855431,0.378996158255465
TMEM71,0.565729961119839,-0.063115202062919,0.818878664118624,-0.0775938127454186,0.938151164257357,NA
PHF20L1,7.48810876279493,-0.354413365006514,0.294758094671397,-1.20224061067745,0.229270319281011,0.437781448276304
SLA,1.12436788536822,-0.594094184182543,0.739601443352734,-0.803857076816711,0.421479521809785,0.631390686013872
NDRG1,0.664226802199297,-0.593304399751678,0.778921191158794,-0.763446717596935,0.445197027459231,NA
ST3GAL1,3.88936071257858,-1.16425787449359,0.462164104539896,-2.5128784140809,0.0119750598622167,0.052122975714066
CHRAC1,3.74735364923092,0.172161416586566,0.41964659513833,0.409946021331576,0.681845544754274,0.829095167717165
CASC7,1.71092755710787,-1.11298387335164,0.676261932428548,-1.62726413439595,0.103681011729211,0.254635574573459
AGO2,1.23471237380004,-0.0880712284569568,0.694824922269335,-0.126565537543057,0.899284274588536,0.951047166228201
DENND3,2.11454670955793,-0.956399382008291,0.546808015613383,-1.74149202612028,0.0815973697762435,0.216592245496609
LYPD2,8.03339797536604,3.15947025096239,0.447656094107347,6.8525921597208,7.25236331851554e-12,1.8925687838044e-10
LY6E,347.907411665454,3.82372830723961,0.236942230780111,16.1175664063602,1.92023532016434e-58,6.45537932631719e-56
GLI4,0.783970948343785,-0.369876425822078,0.74014490927873,-0.496937043772978,0.619233447774861,NA
ZC3H3,1.61269576129104,-0.0925948119992323,0.652363114423431,-0.143108417929253,0.886204556829115,0.944370509468282
RP11-661A12.5,0.92903056429074,-0.303595298597311,0.813810532664747,-0.362764213363767,0.716781026990553,NA
GSDMD,25.0126460157574,1.13358392608312,0.21583702246181,5.24831219630987,1.5349901202147e-07,2.33310333431569e-06
NAPRT1,6.87243504493036,-0.564876191740962,0.401646775035199,-1.40637825047396,0.1596118351623,0.343054395619611
EEF1D,150.031699540167,-0.239547722157574,0.124359640647749,-1.92625271198038,0.0540728268701282,0.162902585958241
TSTA3,4.49706501313891,-0.0116422565713854,0.425840250315753,-0.0273684073372228,0.97816589609801,0.988194819904565
PUF60_ENSG00000179950,11.6261011951319,-0.156898184711911,0.275596123639676,-0.569599083901199,0.568949649951012,0.751898214596354
PLEC_ENSG00000178209,3.30211744415532,-0.551152242060484,0.443832568686349,-1.24069731571978,0.214717586299306,0.417516268858567
PARP10_ENSG00000178685,8.07572708804369,2.04322963810535,0.359100259151106,5.64586739491523,1.64350490643953e-08,2.92605312781991e-07
GRINA_ENSG00000178719,29.0308158804968,0.250806078006526,0.244720004389882,1.02519347650733,0.305271905714957,0.52569973083816
EXOSC4_ENSG00000178896,2.27870694360732,-0.917041686872154,0.52515898466377,-1.74010287010895,0.0818409563914518,0.216794836121913
GPAA1_ENSG00000197858,4.86179786522128,-0.747581399419534,0.41426814964359,-1.80301877891912,0.0713852655120433,0.197754140766518
CYC1,13.3001607966277,-0.703746241796981,0.276107775693268,-2.54796238311674,0.0108354154160525,0.048302963418674
SHARPIN,4.45082326080985,-0.362084237281738,0.403881949383009,-0.895902811875469,0.370304672258053,0.588676273144583
MAF1,11.0592688151847,-0.907112318678973,0.300984673438208,-3.01234521413828,0.00259237604447848,0.0151642058282441
MROH1_ENSG00000179832,0.438345183486003,-1.13266899386847,0.862758433846747,-1.30232711062289,0.192804587779906,NA
HSF1_ENSG00000185122,5.36482180773546,-0.783671410603616,0.371422843309389,-2.10783675797673,0.0350451121209054,0.118160953257212
SLC52A2_ENSG00000185803,5.70913700663498,-0.166584235666768,0.343446110068998,-0.485257455894551,0.627493730145947,0.794445429283138
SLC39A4_ENSG00000147804,0.570048691172831,-0.609380032076613,0.841063273680523,-0.732353701475015,0.463952709847725,NA
VPS28_ENSG00000160948,20.8045517796315,-0.377009654515438,0.202087675075823,-1.86569399640476,0.0620841901084368,0.179036971595382
CYHR1,0.813483970379069,0.926774275418642,0.735400806729328,1.26239461349556,0.206806826505567,NA
C8orf82,1.31459336436586,-0.669513028633366,0.622147369326635,-1.07205919157517,0.283693446687918,0.50288711160715
RPL8,389.450722377701,-0.579089093612367,0.0967583057401939,-5.98492052342196,2.16495547988186e-09,4.34130546228942e-08
ZNF7,1.04347847990147,0.817374279539012,0.679529902871408,1.19755778929101,0.2310892172256,0.439785173641128
COMMD5,12.1550774409537,0.12217875532532,0.269699674716848,0.453053104432089,0.650510502650924,0.809949351339876
C8orf33,1.67340965312689,-1.80942610738041,0.672559058664844,-2.65151047122016,0.00801326282274956,0.037887978556064
CBWD1,12.6998228086802,1.12753296073953,0.412166187025124,2.72944248244701,0.00634415150995128,0.0315002831271691
DOCK8,18.8318247553142,1.5706917673083,0.257947488954504,6.07687984172185,1.22543515779779e-09,2.55597150613662e-08
SMARCA2,0.856263624602855,0.244383231867412,0.731126751023151,0.335362434144827,0.737351701997103,NA
KIAA0020,1.21359470272322,-0.926693351997392,0.696755509949062,-1.32753105454872,0.18433307426634,0.377694920008813
CDC37L1,2.61261631805615,-0.00281838550277135,0.478949160214797,-0.00588237541340258,0.995306570544089,0.997324536718085
AK3,0.600633142517374,0.0637321761537964,0.801679135632423,0.0793783301452048,0.936731704284904,NA
JAK2,6.69339318350412,1.08437330954228,0.333948551277727,3.24029134841197,0.00119407625672741,0.00795354989183819
PLGRKT,4.3638260821979,1.42846634441478,0.436571330341581,3.2534428834144,0.001140156436054,0.00764788031930588
CD274,3.9415415462763,2.63666823565552,0.526909405645599,4.86747989624634,1.13030325661936e-06,1.47818835505255e-05
PDCD1LG2,0.952169167583255,0.878956255433587,0.790153823128766,1.10499222176543,0.269162959523421,NA
KIAA2026,0.94511171903573,0.0683039045828541,0.699605873323717,0.0968053602476553,0.922880967068739,NA
RANBP6,0.851115139590302,-2.08057649160155,0.789211644385754,-2.66455833269708,0.007708949524455,NA
UHRF2,0.556342674645228,-0.506177694578843,0.844166303919661,-0.590011066048363,0.555183230560194,NA
TMEM261,1.73321187725239,-0.495705859532319,0.611116825203492,-0.808067969217915,0.419051455480731,0.629153894517538
TTC39B,2.54786438568822,2.25239766792428,0.574808307604152,3.81316754438584,0.000137197037321243,0.00120627856660139
SNAPC3,1.36889268689833,-0.471704169253284,0.62150132265418,-0.757041915606858,0.44902475094189,0.65715146008525
PSIP1,3.26597002773099,-0.323273673467328,0.440615273432715,-0.733571239637603,0.463210094783995,0.669341514966
RRAGA,9.53051021005246,-0.273858083609802,0.283702949847277,-0.964852312890383,0.33461878945459,0.556238040061949
PLIN2,13.2245278722207,-0.947471384898528,0.281731810742974,-3.36196899326193,0.000773888130811907,0.00547372607375006
RPS6,452.428633367528,-0.617066820280549,0.0984817765421932,-6.2657835390907,3.70955341048238e-10,8.18536592313004e-09
MLLT3,0.313625548217121,-0.00759215601351733,0.954252373650936,-0.00829729085686649,0.993379795690269,NA
PTPLAD2,6.59859801525802,1.24217099067182,0.338187375006431,3.66114330866239,0.000251092254002153,0.0020617704477332
KLHL9,0.96510132198527,-1.10114550774367,0.713152525828277,-1.52837320542858,0.126419903560332,NA
CDKN2A,0.442679828920579,0.0225209470262009,0.92232923559161,0.0243978163167654,0.980535290135291,NA
PLAA,1.88239218028587,0.165507927234659,0.531750691443716,0.310733472095109,0.756003248971037,0.872835729478795
IFT74,0.78579411247378,0.606877905935701,0.810680309860884,0.774592555771577,0.43858045750519,NA
C9orf72,7.33453386023784,0.954956446573707,0.317501992964029,3.00234482030327,0.00267908523615328,0.0155630848077161
DDX58,56.3556165977973,4.01266710899401,0.23160036466562,17.1643233615145,4.91173681336167e-66,2.99335193064966e-63
TOPORS,1.87482662289852,0.366379007046025,0.57676283953375,0.633245632762476,0.52657325047814,0.720350425034608
TOPORS-AS1,0.934289358417386,-0.354552488259052,0.753948525317083,-0.475836968438437,0.634190530318627,NA
NDUFB6,4.72444855797159,-0.227110361994206,0.407273969067251,-0.55659377621019,0.577805007050047,0.759290783005523
APTX,1.99698053036189,-0.0459222200832583,0.57497236221127,-0.0800511801431422,0.936196550675193,0.965986509889873
DNAJA1,148.823373493173,1.35074156832361,0.146001282853804,9.25027871000288,2.23908053927668e-20,1.34698371389118e-18
SMU1,4.64859002251613,0.813643347716478,0.414566112623738,1.95994469819325,0.0500022544263794,0.154138307358781
B4GALT1,2.33207293176127,1.10767481257963,0.515777659938144,2.13412763704061,0.0328323341295007,0.11276249372001
BAG1,22.7478678902165,1.89194174729727,0.240639376668662,7.8449222879973,4.332216807442e-15,1.68425979962796e-13
CHMP5,47.2363654187554,1.38883336026027,0.163961183303613,8.46621136328968,2.53503959954044e-17,1.19733481912179e-15
NFX1,0.995741673589559,0.0726568845539624,0.703017367783448,0.102853592553964,0.918079170059734,NA
AQP3,0.143806762015397,-0.347254909046767,0.972393834889788,-0.367882102031277,0.712961146330732,NA
UBE2R2,5.63976878505919,-0.719343805619843,0.375120511471779,-1.91411066653951,0.0556060169019656,0.165159218080965
DCAF12,2.61243252532661,-0.510650948037756,0.53431743399881,-0.956343136828838,0.338898902996188,0.559447495847261
UBAP1,3.58323720767686,0.613121726613499,0.428345292301854,1.42977787303557,0.152780781659629,0.333260369154495
NUDT2,1.21991327061766,0.074053577760922,0.665538030174587,0.111707194926344,0.911055574314379,0.956231883784514
RPP25L,7.64048006312762,-0.308371701135774,0.325175902808911,-0.948123822955015,0.343066421684759,0.562622994197652
DCTN3,8.9666961598746,-0.652053590028569,0.287118736548218,-2.26986408284186,0.0232158309426568,0.0863230148583499
SIGMAR1,0.807984948106386,-0.553438065762129,0.818031807461574,-0.67502223370846,0.499661639210409,NA
GALT_ENSG00000213930,0.642083699081053,-0.51208940905802,0.841323145910987,-0.620653449638431,0.534827663823952,NA
CCL19,0,NA,NA,NA,NA,NA
VCP,15.9600189686474,-0.1845906025755,0.25855376356876,-0.713945307966032,0.475260999315813,0.680463199023341
STOML2,3.91517706913287,-0.2976403012799,0.430725736766322,-0.691134347470466,0.489481117088367,0.691412972874307
FAM214B,5.01604499919532,-0.501234147954167,0.381624198170869,-1.31401761281609,0.188840277183559,0.383382658651523
CD72,0.906608925716226,1.66532753640116,0.830428827423037,2.02939655884604,0.0424179153338635,NA
SIT1,0.18658300155908,-0.193222695836004,0.973255932687994,-0.203604017300045,0.838662953554117,NA
CCDC107,6.80987504312282,0.338890100559277,0.355336157016969,0.952651695544884,0.34076657532533,0.561096802986751
TLN1,11.2005584540724,-0.246674867112354,0.262735508892916,-0.938700269491934,0.347884655048289,0.567235607304129
CREB3,6.54791119300455,0.363020333964298,0.372952821258111,0.97262812577021,0.330738158765755,0.552196487685156
GBA2,0.519147261068882,-0.0907141653542516,0.910693183052739,-0.0978411370805075,0.922058441406024,NA
RGP1,0.755898056795408,-0.928992523980839,0.792036010445158,-1.18191948215773,0.237237650885495,NA
HINT2,1.31127106633572,-0.914602120788131,0.711866498036775,-1.29915640095567,0.193890260498711,0.390307445843654
GLIPR2,23.3255387291973,0.748251582134155,0.234495062814328,3.18968283919612,0.00142429010350623,0.00922881852782099
CLTA,32.4617098122193,-0.0743433228039372,0.173646636620938,-0.428098824340569,0.668579172690975,0.822412822197357
RNF38,1.23550692016948,0.844581419330754,0.709076537084233,1.18335381328941,0.236668953833545,0.44712828798635
RP11-220I1.1,1.69603339618189,0.403306928096818,0.662006085879616,0.609912048639958,0.541920070692018,0.732347848015432
ZCCHC7,0.658278962297504,-0.434535331637194,0.806618914600144,-0.533193270019784,0.593899799738055,NA
GRHPR,1.88725100121268,-1.3943655294955,0.594686298904524,-2.32412017761943,0.0201190538910762,0.0772717694808471
TOMM5,1.02901059925609,-1.60500295182542,0.715320876565043,-2.2269000179931,0.0259539566487179,0.0938183821931833
TRMT10B,0.587164141243938,-0.331498458874754,0.835507523945083,-0.39073333676591,0.695994354705915,NA
EXOSC3,7.69571911361721,-0.699974832819336,0.401283385907347,-1.74538976988476,0.0809170452023686,0.215188884751762
DCAF10,1.52507544425108,0.0718753010479316,0.606004745107925,0.118128026333362,0.905966217115154,0.953722202105203
SLC25A51,0.347837386896173,0.0459953965825354,0.927859845010741,0.0490832869226736,0.960852922456328,NA
CBWD5,6.31742526783463,1.57680810910263,0.379799826574154,4.12837207382305,3.65340603201396e-05,0.000369543636689553
FAM122A,2.14602164139842,-0.491619926212951,0.590962751812377,-0.830672501788338,0.406158664691926,0.618902058944077
FXN,0.688684552328783,-0.598609900422203,0.826355036392756,-0.743452789535759,0.457207594048232,NA
PTAR1,1.10803602099652,-0.675499104592872,0.683288059806416,-0.983274496265232,0.325472358699206,0.547563888715326
SMC5,3.03002131807114,0.101801948324351,0.463475676100741,0.219931073849555,0.825924835314658,0.909201156551478
TMEM2,2.12205476288881,-0.19037402470297,0.565622886025546,-0.337689963892716,0.735596838600813,0.863408488930714
ABHD17B,1.38402957445619,0.0922623940397498,0.690603798805288,0.134588107001663,0.892937545284178,0.948891422703436
C9orf85,1.26605958775752,-0.172028872421025,0.685629031549092,-0.251439584150527,0.801474266742615,0.895882477043223
ZFAND5,19.3359141022502,-0.531760092397478,0.215546533920957,-2.46650120704659,0.013644026859422,0.0577169604008856
ALDH1A1,0.676235692828005,0.195272136100928,0.770010935784128,0.250683058445131,0.80205915992919,NA
ANXA1,343.746092237919,0.756917463800888,0.15733043501771,4.8108817336819,1.50265915862252e-06,1.92981957112982e-05
C9orf41,0.734200132566137,-1.44084721210423,0.805968257613676,-1.80183468647497,0.0715714186403678,NA
NMRK1,2.42200748486033,0.789660125616891,0.547722058228863,1.43453336326721,0.151420115273866,0.331249760235418
OSTF1,31.7496047800671,-0.230452646122984,0.169440503739827,-1.35998400870148,0.173834984388909,0.363486138048315
RFK,5.72585101364202,0.010242990049743,0.351980350615832,0.0290815303200852,0.976799566237213,0.987372759898179
GCNT1,1.6141672743546,1.56412994114516,0.651926428472513,2.35315495273544,0.0186148751791367,0.0728657614032647
VPS13A,0.134702725177415,0.539628648306655,0.971613977902305,0.554193089951772,0.579446706878828,NA
CEP78,0.269223941421336,-0.252443086191249,0.954547021710081,-0.271568116280857,0.785954117886405,NA
PSAT1,0.0464271167714418,-0.147465118504535,0.88240235086773,-0.1807592991308,0.856556511361202,NA
TLE4,5.94632470754432,0.164156604301459,0.341041383433957,0.481437714252634,0.63020543768526,0.796043710417952
FRMD3,2.09301082758894,2.53559056509759,0.65159003651676,3.78975204787108,0.000150797733060012,0.00130379583122234
IDNK,1.97620196250092,1.11588575797009,0.584634560743089,1.89849422949977,0.0576310072133906,0.169424488798625
UBQLN1,5.53143390189049,-0.0416111903957765,0.335987413682348,-0.123782156191354,0.901487760443208,0.951959081842744
HNRNPK,47.5527925703493,-0.00851454959398971,0.141431559262339,-0.0601990375095822,0.95199711228248,0.974505372863044
NAA35,0.711738157337433,0.162567698711931,0.854863082159461,0.194139564876081,0.846066602639141,NA
GOLM1,1.38967994947731,0.911588272204836,0.678434629476536,1.3412825898066,0.179828720252285,0.372093097842799
ISCA1,1.67250868211573,-0.029030876765609,0.648205564510267,-0.0448248427794193,0.964246923316676,0.980490818744594
ZCCHC6,5.42878579705597,0.0454979512795724,0.352230692668281,0.129138299964955,0.897248216735194,0.949587696044746
DAPK1,2.92828503961447,-1.2649780104338,0.515609638519112,-2.43891727327786,0.0147313402085997,0.0612733692082587
CTSL,139.007094750545,1.60241862631322,0.208884137913339,7.67032126401952,1.71566086949843e-14,6.24895802819316e-13
SPIN1,1.33057824841707,-0.94562970758179,0.724820290919768,-1.3074435408602,0.191062117976937,0.386330652147582
CKS2,5.50341342607215,-0.177531702174835,0.4181098448928,-0.424973127198183,0.670856264687759,0.823651814895829
SECISBP2,4.28163641837447,-0.363298545810412,0.425824067690396,-0.852637301816458,0.393860470087028,0.609177966589273
SEMA4D,3.95023322443129,0.193204429771024,0.482624463185478,0.401239410000136,0.688243867871682,0.834212874843407
GADD45G,1.63632374481161,0.119914117400991,0.766306320863149,0.158092005815051,0.874384299832137,0.938599976247307
SYK,4.98777497463622,-0.701444299277644,0.357483053315489,-1.95946918706795,0.0500578649970075,0.154138307358781
IARS,0.39377861697897,-0.349328303090138,0.896082831496907,-0.407120075542505,0.683919799323658,NA
NOL8,0.838079453999871,-0.501478536265798,0.761070435276399,-0.647960526213763,0.517010481608476,NA
FGD3,2.54497137433075,-0.00255218739118419,0.484753276647807,-0.00525889842714802,0.995804025478811,0.997324536718085
SUSD3,0.928603493413383,0.37721962437688,0.800266297470033,0.481703387847984,0.630016669068062,NA
C9orf89,16.8188233535726,0.248668224303617,0.25424128086415,0.977989967854601,0.328079285871494,0.549840535242514
NINJ1,104.603566379715,1.23795443714256,0.201782827720405,6.13462209567456,8.53618638292909e-10,1.82712753477302e-08
FAM120AOS,10.4333601680527,0.109005988796312,0.261794683507917,0.416436938872906,0.677090303220828,0.826831427971588
FAM120A,3.13374765550888,0.251736847655908,0.455374113144854,0.551787833471898,0.58109372391838,0.760987770896779
AAED1,11.2100605285055,1.19553334083346,0.276558676930608,4.31605669562744,1.58841198277953e-05,0.000171927546999716
TDRD7,4.03166478313628,2.25246147957398,0.502241363218507,4.39515295953581,1.10694779876073e-05,0.000123558724021828
XPA,1.37604125902492,-0.616258748637964,0.615407669310012,-0.995905931826984,0.319295852902385,0.539702441812227
C9orf156,3.35943659603575,-0.763414437772944,0.490733730139036,-1.55455558723825,0.120051948169043,0.28280992736442
ANP32B,13.0818607467749,-0.753976606328246,0.273991779601875,-2.75050524314051,0.0059503439310191,0.0298860821483013
NANS,21.121031730646,0.0322645398671919,0.211177441309571,0.152815116909145,0.878544076187027,0.940239587155217
TRIM14,6.96252963218883,1.99433492101957,0.374636001860821,5.27604087113177,1.32004659363157e-07,2.03893683313633e-06
TBC1D2,1.37848438876504,-0.691414926768547,0.644994370202166,-1.06428653203845,0.287198917227063,0.505962334140773
ALG2,4.1822435582813,-0.9451358712156,0.49788327241129,-1.90402344120105,0.0569071313389636,0.167814373375736
SEC61B,41.6228351768077,-0.0612561712459839,0.142470944181109,-0.429955270519656,0.667228178944491,0.8222447892451
NR4A3,4.32148391823451,1.72749099811826,0.502140799864821,3.41875770081201,0.000629077171651616,0.00456240613704186
STX17,3.41313619135392,1.40292083145699,0.538624949892549,2.59077632017598,0.00957597104075924,0.0436765159600471
ERP44,26.5563244773149,0.512198180954885,0.170639499627193,3.0011221803907,0.00268986612273646,0.0156066851689735
MRPL50,3.50842802019298,-0.645418744513414,0.44557427893794,-1.44699807357027,0.147897463115772,0.325841943603176
RNF20,1.65214405397843,-0.888838069015545,0.650510998869119,-1.36328541676509,0.172792576251559,0.361990312785066
SMC2,1.90413596769328,-0.84537234274988,0.630590672799022,-1.34437113896978,0.178828401774682,0.370559940588218
NIPSNAP3A,9.68748100958284,-0.031164449984785,0.28357649193834,-0.109896617482804,0.912491365154076,0.956875148690883
SLC44A1,2.87495665369651,0.710025221414664,0.497856350821845,1.42526477357863,0.154080678778943,0.3354556492273
TMEM38B,3.41792571839379,0.417221213034221,0.432597170037468,0.96352143541818,0.335285912320176,0.556498275323984
RAD23B,8.24222822448876,-0.585589818045867,0.331196356039526,-1.76890280996159,0.0769100951907661,0.207322761397514
KLF4,2.9704945489895,-0.820736905077778,0.44179083541171,-1.8526174976293,0.0639372026870228,0.182609252052141
CTNNAL1,1.28548482744682,0.23886441491019,0.758728052243932,0.318335539094352,0.750230429040672,0.869512655032943
TMEM245,0.709113342392947,-1.40176455548791,0.858697472787679,-1.65795173741732,0.0973272081454457,NA
TXN,185.725050044963,2.32313621822573,0.296604275698834,7.82890950284128,4.92119698641852e-15,1.8875597837169e-13
PTGR1,0.359386914030147,0.0673162840064124,0.882954325893436,0.0932088265302666,0.925737662361515,NA
UGCG,0.682247364778795,0.0431404071070144,0.891032586683808,0.0474920627145466,0.9621210562355,NA
PTBP3,4.28441667853581,0.532812622906953,0.404969382571653,1.31482600966246,0.188568383967094,0.38310284904797
HSDL2,1.09400756972447,0.43618675464844,0.68792975935789,0.627020643910358,0.530645703147309,0.723242603645051
INIP,4.79732731761273,0.0521405571238091,0.399407965786287,0.130618411909978,0.896077176917269,0.949448688843091
SLC31A2,75.4218053829916,1.98275611170959,0.215502006749071,9.19232697252739,3.8443348316227e-20,2.26498696522925e-18
FKBP15,3.45775002341887,0.499682962651092,0.460615693040835,1.08331760765007,0.27866747251211,0.497216548675214
SLC31A1,4.00234875464826,0.668334768550062,0.413381244043011,1.61389804510143,0.106549542776562,0.259625803871783
PRPF4,1.52704647441881,-0.107774018873387,0.603554290920736,-0.17846882863567,0.858354799327924,0.928016965221167
HDHD3,0.3817054068874,0.235341959034538,0.886248751409423,0.267232516556399,0.789290141627599,NA
POLE3,2.7062987791139,0.0680049137637184,0.509387623223099,0.133817584491637,0.893546821846728,0.949103259462332
AKNA,2.10925158276318,0.340482725064891,0.548520164788423,0.621758870016358,0.534100435098374,0.726066600044531
ATP6V1G1,97.0694931719531,0.231988875733056,0.125256274181599,1.85215779161198,0.0640031677905784,0.182615129267676
TNFSF8,0.362222460467174,-1.05961560869118,0.879815837927928,-1.1885395974426,0.234620888978832,NA
TLR4,3.36841385977049,1.66797942871508,0.473283642221891,3.47992401569731,0.000501556009353946,0.0037616700701546
CDK5RAP2,1.03936904267615,-0.0764668284381981,0.677865619994705,-0.112536340045739,0.910398157546628,0.955717389856536
FBXW2,2.04906300240615,-0.502506686002576,0.53519372847008,-0.937802496335806,0.348345917984457,0.567501972999194
PSMD5,0.861513015750963,0.582177630715239,0.753524494597103,0.778093948901091,0.436513629746726,NA
PSMD5-AS1,1.87407526558435,-0.707867272677677,0.665997084552145,-1.05955545895736,0.289346886152718,0.507400262154889
PHF19,2.29637183592363,-1.45063932185262,0.599431712205303,-2.4007371512799,0.016362084727245,0.065759011403801
TRAF1,5.28298509166884,1.24593048373772,0.453335627554988,2.73947336073753,0.00615377015658318,0.0307151060653911
CNTRL,6.36984348885273,1.23972065531448,0.37815394335435,3.2659039295986,0.00109115261304664,0.00737980731782434
RAB14,9.85680246821095,0.278169416976011,0.336826971591174,0.826300253724533,0.408633789609274,0.620151447123536
GSN,3.91094844087202,-0.0134822803518707,0.464160373024366,-0.0290385149511355,0.976833873047122,0.987372759898179
STOM,19.7233849939015,2.80092147824858,0.272473311292871,10.1991737385432,1.99966410887865e-24,1.52374405096553e-22
NDUFA8,6.35018737847561,-0.6347615470385,0.343750164438951,-1.8462605849291,0.0648543778331297,0.18440190057022
RBM18,4.86204545591605,-0.422761149280586,0.415968166274815,-1.01590101429874,0.309676525815909,0.529650384685379
MRRF,1.30320204597646,-0.569511103763608,0.654782968755275,-0.874217113745704,0.382000027834379,0.598117851800952
PTGS1,1.1789896846274,-0.425421178498501,0.656741927893773,-0.645183834406941,0.51880806084252,0.714799437732642
PDCL,2.50536946704398,-0.377783857293553,0.509394174726344,-0.741796050836541,0.458210913658215,0.665313864724771
RC3H2,1.81000734996475,0.0743250929075601,0.558420710631106,0.132957557308171,0.894226946770331,0.949202637591464
STRBP,0.274512615362348,0.132422554264602,0.969153193757374,0.151920094041547,0.879249959496282,NA
NEK6,2.15351556748059,-1.17936183332588,0.628777126302512,-1.86525282101172,0.0621459748022699,0.179036971595382
PSMB7,25.3078262290279,-0.45149615094154,0.178149237812821,-2.53421024649115,0.0112701089665734,0.0495832738598667
RPL35,97.9202403435085,0.0290799730030906,0.14705483126828,0.197737757808883,0.843250246485172,0.919060451023645
ARPC5L,6.84028861408631,-0.200928550288966,0.336448277364479,-0.597292156183338,0.550312340452603,0.737944740244985
PPP6C,5.19563433045223,-1.12412116434582,0.367429306748673,-3.05117084846729,0.0022795082662942,0.0136269767174387
RABEPK,0.380839857432937,-0.209216473776162,0.890236390399403,-0.232150842130529,0.816420857033087,NA
HSPA5,31.8806248612116,-0.0142648929098387,0.22894318327048,-0.0623162216566393,0.950311010569107,0.974000614311773
GAPVD1,2.02577267791408,-1.09505822554611,0.566113508845889,-1.9225985744732,0.0545304831819148,0.163935671428008
MAPKAP1,4.83967736554478,-0.0364804169812213,0.384371030037505,-0.0948839315536946,0.924407019693402,0.961702003158515
ZBTB43,3.64658772429341,0.803019349724149,0.475379725428511,1.68291936047934,0.0923907031272088,0.236034773768379
RPL12,298.613386939069,-0.176961586536175,0.115384860513591,-1.53367182596717,0.125110408308833,0.29059757065221
PTRH1,1.57184959339038,-1.75317493003903,0.651258276292059,-2.65143106940428,0.00801514716960304,0.037887978556064
TOR2A,4.39005212796512,-0.925821510923916,0.410334458647815,-2.25261470065251,0.0242834534002991,0.0893049782385518
CDK9,4.36503841242542,-0.0226158895271191,0.390634937555067,-0.0579291236429155,0.953805084756275,0.974928068211857
ENG,13.5788870048615,-1.84662256151322,0.26171345745197,-7.03305687582753,2.02056951517897e-12,5.74505212897901e-11
ST6GALNAC6,0.453354851525601,-0.994349787188885,0.867601639755876,-1.14789284895602,0.251012800658866,NA
ST6GALNAC4,0.701309613976292,-0.927267712828896,0.836444821898523,-1.12706918278902,0.259713231636863,NA
DPM2,3.88382136861922,-0.849931709498799,0.423005824654862,-2.0072365778467,0.0447244786002595,0.141606867147082
FAM102A,0.353042963431822,-0.539669445005251,0.895140811218891,-0.601057485992479,0.547801698466713,NA
SLC25A25,1.64390854070095,-0.481962198610405,0.580131487455199,-0.828415169262696,0.407435418681601,0.619546420216754
PTGES2,1.1876236258362,-1.11024834127132,0.777900997595583,-1.45939167731422,0.144457335383696,0.320611134647697
C9orf16,10.8083077476527,-0.454788169538389,0.294802293755163,-1.54252027240313,0.122947215518133,0.287554370055621
GOLGA2,1.85351208944439,-0.90438328631407,0.586762255900213,-1.5389799570331,0.123809189422292,0.288450679799591
SWI5,1.34745674633709,0.546481735100689,0.616276328001933,0.880351054824991,0.378669162721274,0.595021794047864
TRUB2,0.671544551576501,-0.14692142723794,0.791814094781971,-0.186583946652515,0.851986854416705,NA
COQ4,1.21983471944197,-0.93613928222194,0.674159677873998,-1.37777061121855,0.168274122417417,0.35605130818818
URM1,4.19094465635003,-0.876124051995213,0.420662011082158,-2.08119461137398,0.0374160965887343,0.124135851089956
ODF2,1.14890459974376,-0.644345396927855,0.693734879929368,-0.926677230010416,0.354094143251781,0.571975135297888
GLE1,1.96413890436408,-0.264641239313791,0.59025923036099,-0.449731119505963,0.65290432963875,0.811789837436514
SPTAN1,0.861991349468424,-0.218893187719691,0.735336529392191,-0.297209649269389,0.766306455498242,NA
WDR34,0.235157664751755,-0.534426958849182,0.957080439506624,-0.582544454452337,0.560200007137675,NA
SET,5.108558113721,-1.28806067406458,0.369954174448379,-3.46867409578031,0.000523033519569074,0.00389717935376435
ZDHHC12,7.26377162651862,-0.471829294908121,0.331091331828395,-1.4241436700838,0.15440488713518,0.335777751133011
C9orf114,1.73388987979777,-0.671021011864945,0.649541106263622,-1.03227780131963,0.301941997194495,0.523128041083802
PPP2R4,1.29389895020651,0.46229062751941,0.614289733640508,0.749889231353597,0.453321420696307,0.660979043020532
NTMT1,6.40180700192628,-0.519214812859369,0.331428093209241,-1.56570579238875,0.117417509611628,0.278209397773821
TOR1B,7.7854773248282,1.94338141923793,0.341288528383167,5.65028215962596,1.60184685424231e-08,2.86079836624838e-07
TOR1A,8.77238897168212,0.267078677989468,0.311208572878698,0.857665633290375,0.39107712196861,0.607173526772781
C9orf78,16.1057082837946,-0.616236408208763,0.220272347710828,-2.79688891009159,0.00515972708379648,0.0267584757567122
FNBP1,9.80545579957524,0.414183195489729,0.309493880597638,1.33858885478334,0.180704556386404,0.373229685489086
GPR107_ENSG00000148358,1.57601503991026,0.474612659775593,0.567960074878574,0.833259208477821,0.404698556572141,0.618244386744129
EXOSC2,0.115411815799006,-0.0678714980306338,0.964238493541819,-0.0669359450643357,0.946632697171192,NA
NUP214,11.4253429840703,-1.24710550927498,0.342054939835672,-3.6395701705194,0.000273093513172437,0.00222009875928944
PRRC2B,0.969160310189192,-0.243834864426751,0.710695027699228,-0.342308912433417,0.732118429122682,NA
UCK1,1.46548737904253,-1.14278175305794,0.626993209249469,-1.79754919993394,0.0722484747742737,0.199372300016888
RAPGEF1,3.15866881678358,-0.323502966230434,0.460818718894858,-0.700261443803453,0.483764045675544,0.686920380047282
MED27,1.00683344547462,0.242697339523505,0.744255249244644,0.32518406542511,0.745041767846456,0.867545579307762
SETX,3.70149177840473,0.669558617615558,0.442871895929358,1.50787203333247,0.131587281601502,0.301965650541681
TTF1,3.34226020685753,-0.156338469211102,0.473837523637092,-0.329642420975534,0.741670165249465,0.866444193458849
GTF3C5,1.02810276144414,0.119893853788653,0.709136671168837,0.169636591071108,0.865295944073917,0.932698287510833
RALGDS,0.959011316088893,-0.175958421952924,0.794146933312515,-0.229626184800742,0.818382257977845,NA
RPL7A_ENSG00000148303,91.7901807337849,-0.510458137451895,0.144127865747338,-3.54177811607632,0.000397439637330554,0.00307356904918013
SURF1_ENSG00000148290,6.85070759827022,-0.37746356296649,0.367802174010805,-1.02560909685693,0.30507587781991,0.525659525078896
SURF2_ENSG00000148291,2.10962319092725,-0.884525511402673,0.543934739173954,-1.61801355529499,0.105659676411637,0.258053440466882
SURF4_ENSG00000148248,5.03900285285682,0.0611805114098896,0.372538982521543,0.164071498463578,0.869674858660438,0.936005991948099
REXO4_ENSG00000148300,1.34102334142529,-0.274171228927701,0.626281011971238,-0.437884490409564,0.661470019136654,0.818424152276678
SLC2A6_ENSG00000160326,12.118974294188,-0.18270531496322,0.281854113577584,-0.648148171254694,0.516889120129088,0.71360194035161
BRD3,1.26944541009141,-1.93018580361692,0.719268091609966,-2.644660592258,0.00817728935082588,0.0385587530032755
RXRA_ENSG00000186350,7.75316800437555,0.00119185305840134,0.301788268649884,0.00394867882073228,0.996849418320716,0.998071903591957
FCN1,90.0688469786087,1.34916969131954,0.236528199974817,5.70267178847474,1.17943946975638e-08,2.1330685347018e-07
MRPS2,1.1709983576867,-0.424302864097161,0.662169015825516,-0.638435141527626,0.52319046146056,0.718474608194383
UBAC1,2.55778208805342,-1.68352814024614,0.52340667140343,-3.17016459865215,0.00152352607536731,0.00975022566710432
PMPCA,1.16860685978752,-1.26476535158856,0.651704928434867,-1.92199165286334,0.0546068080702706,0.163970401042753
SEC16A,1.10309150659727,-0.75900444501654,0.679619535406125,-1.10983092822221,0.267071889110887,0.48469858566806
NOTCH1,1.45976703154783,-1.49612092500715,0.644183433875073,-2.29109016561264,0.0219581993190702,0.0826687148277247
AGPAT2,6.53574674092517,-1.03727918657733,0.346343662124173,-2.98994362284399,0.00279028941709328,0.0159989971047165
SNHG7,2.36181186729725,-2.30545796404954,0.62322550178663,-3.61437604007692,0.000301071820174014,0.00242341612999224
TMEM141,4.69068451116058,-1.55109895530772,0.524471026910974,-2.94208173302186,0.00326013867863968,0.0181950122543221
RABL6,0.474357700021359,0.0516595623144003,0.819822248744696,0.0625360222455479,0.950135976461375,NA
PHPT1,5.72024161018248,-0.234566194381406,0.362237203432654,-0.647683439037303,0.517189717749146,0.71360194035161
EDF1,42.9397420238182,-0.404875563694395,0.146443300195531,-2.76453919701377,0.00570032581180097,0.0289319378458637
TRAF2,1.15759584314288,0.456279506171401,0.702636910415365,0.647864453486856,0.517072623405748,0.71360194035161
FBXW5,8.57211624456837,-0.540786310982861,0.284265024232343,-1.90200645577024,0.0571703106153896,0.168329894470351
PTGDS,0,NA,NA,NA,NA,NA
C9orf142,3.14572287656158,-0.484101910508511,0.485372663142364,-0.996766742000505,0.318877744971514,0.539534441964188
CLIC3,0.877934440615067,0.911643069448225,0.754108099406188,1.19293004051117,0.232896773027434,NA
MAN1B1,1.59814363358347,-0.99832389109109,0.694558948149992,-1.43629520478993,0.150918357961219,0.330541055949181
DPP7,8.82139986548317,-0.0997386915402937,0.280122610329577,-0.356036328184855,0.721813359438644,0.855928296630275
SSNA1,11.0338652491349,-0.58694353320516,0.25633641912903,-2.28851066537566,0.0221077997288793,0.0831224180595692
TMEM203,1.40962445625185,-0.386146498253944,0.623931778573533,-0.618456383805277,0.536274540380351,0.728156093673962
TUBB4B,7.49210400355887,0.177115680863964,0.304548487904421,0.581594370931744,0.560839935425009,0.744702655890783
TOR4A,1.94424690416714,-0.963948074890556,0.563208898789911,-1.70559183239095,0.0880841011307143,0.22840319326771
MRPL41,13.8870189887762,-0.669712447029857,0.245605647327213,-2.72598999886702,0.00641089408330878,0.0316974126525926
DPH7,0.5851302302377,-0.15072198851597,0.82301569503126,-0.183871680980215,0.854114121309573,NA
ARRDC1,5.06301344421643,0.218197734798972,0.352905394323134,0.617693458544956,0.536777424819138,0.728665791648782
EHMT1,1.94497798648589,0.195464308126097,0.531657092478643,0.367143296786959,0.713512132761501,0.851159153475357
GTPBP4,2.57996440856807,-1.64695795070717,0.521339711928398,-3.12047147938044,0.00180561782044158,0.0111920887677046
IDI1,6.30794469118394,-0.00343691550966951,0.347653301540423,-0.0098875234354095,0.9921110262483,0.99619736771276
PFKP,0.883121696499681,1.93323098798295,0.796636930358285,2.46460132956054,0.0137165773372102,NA
KLF6,78.4137168653493,1.12549843096202,0.157371792053818,7.15073721435268,8.63130858159323e-13,2.52963736122078e-11
AKR1C1_ENSG00000187134,0.29891492248879,0.0504888413037367,0.883028842692867,0.0652470559967566,0.947977295653236,NA
AKR1C3_ENSG00000196139,0.359064832004298,-0.929267813803258,0.876990255919746,-1.05933007897927,0.289449480919621,NA
GDI2,24.4303826734731,0.0270415506372742,0.173443278768582,0.15591134873716,0.876102899708629,0.939043604954121
FBXO18,1.36384256511979,-0.423384844614502,0.622028572643344,-0.679020247036014,0.497125033186894,0.698910102008143
IL15RA,5.677174868368,2.44293081231258,0.437688003245057,5.47416211711985,4.39586503503974e-08,7.32430573622511e-07
IL2RA,0.0579766435615073,0.148317053070505,0.882634147784749,0.173399058107645,0.862337765412758,NA
RBM17,7.17419653888358,-0.621420366708626,0.309012479088319,-2.00989133225942,0.0444426913408117,0.141027196564541
PFKFB3,8.62403850878112,1.1403999646893,0.31792278579103,3.58102823178671,0.000342244666680234,0.00271279926501739
PRKCQ,0.364533419700806,-0.0911522744475825,0.894134183053519,-0.103890249111348,0.917256445315334,NA
PRKCQ-AS1,0.8533608759775,0.175908894895132,0.738099297462931,0.237427663997768,0.812325030437241,NA
KIN,5.03653507985215,-0.0695394337623047,0.365641250921579,-0.190190729533277,0.84915967529932,0.92331574283402
ATP5C1,14.470547224099,-0.00312605924232475,0.25451231211005,-0.0122861225227353,0.990197339144257,0.995422654918106
TAF3,2.30253637078868,-1.22225473739815,0.610724287319553,-1.99376098885099,0.0461781807308074,0.14500456202009
GATA3,0.325736690953319,0.407734207489018,0.889908861569168,0.457817316798757,0.647083693641761,NA
CELF2,8.82773618294619,0.307008985739278,0.304561850266915,1.00800641842314,0.313451380949631,0.532988587363028
USP6NL,2.81182735785611,0.350089759478686,0.500891353111282,0.700221368061251,0.483789069062172,0.686920380047282
UPF2,7.06977266331519,-0.285382480352391,0.330033906166225,-0.86410986259559,0.387527541597717,0.603959612825457
NUDT5,4.04800275295728,-1.43109191387799,0.463784893649413,-3.0700941166121,0.00213991325498531,0.01296691837883
CDC123,5.14749664295003,-1.09734117058566,0.357174905239992,-3.0637810450694,0.00218558807470113,0.0132074906194899
CAMK1D,2.96121212826554,-0.368790945990805,0.46290334547271,-0.797050652436462,0.425421614362701,0.634965924806173
OPTN,15.9175224207882,2.7991701114565,0.412123299572428,6.73777675490296,1.60828413975792e-11,4.0669663091666e-10
PHYH,1.66141195381764,-0.255375067432612,0.670374930885552,-0.382430077645993,0.702142384049924,0.844397231969896
SEPHS1,1.5856818730373,0.325656648373082,0.618794925270032,0.527068047665518,0.598146334601867,0.774672682988758
PRPF18,2.84537984996636,-1.47267038660336,0.52891944230878,-2.7600519009621,0.00577921793923081,0.0292257166634515
FAM107B,6.59419979435301,-0.464658886937039,0.325431541826016,-1.42753398035654,0.153426037846623,0.334412588212605
HSPA14,1.4820407123715,-0.402516537609244,0.593346232275342,-0.677804266468253,0.497895805565343,0.699399584460243
DCLRE1C,2.12708129269601,0.952103478243533,0.531769901079641,1.77799322984708,0.0754049668169553,0.204773079302866
RPP38,2.10656705215355,-0.175322155826263,0.534827359434133,-0.327746248704604,0.743103531631146,0.867055264040832
NMT2,0.281130348423756,0.253937458023133,0.933830164475081,0.265417318683142,0.790687996072582,NA
RSU1,3.80555629798456,-0.587808173705692,0.419871003982622,-1.39827579707588,0.162030262950722,0.346505687883882
VIM-AS1,4.31183228216651,0.214664758751929,0.401826536627311,0.534206476477427,0.593198688800236,0.770309135763087
VIM,227.968302580228,-0.310458820605488,0.179300054947552,-1.73159988444223,0.0833448268143431,0.219852786549683
ARL5B,4.93671443302853,2.4842979798576,0.51940815658563,4.6751438531146,2.93747639727052e-06,3.61803396775884e-05
PLXDC2,7.29552678829272,-2.51462465285682,0.382581870644285,-6.47337156116178,9.58398845617114e-11,2.20856830754105e-09
MLLT10,1.28797003132332,-0.373144751595955,0.650039089756142,-0.572401560245345,0.56704995907168,0.750179176558038
DNAJC1,17.0897662302448,0.688745423625307,0.276956357112799,2.48631057763693,0.0129075264002412,0.0552972364148264
COMMD3,8.30622662854585,-0.945468968469804,0.299149946400854,-3.15756784400181,0.00159091212218841,0.0101149040570144
BMI1,0.610139081521777,-0.52252656176965,0.809599203330636,-0.648411676683432,0.516718720031693,NA
PIP4K2A,0.686293951790538,0.237738478474011,0.810036872170732,0.294802106042587,0.768145057510299,NA
MSRB2,9.36921968060661,0.788458499881718,0.3128047228456,2.51900638061985,0.0117686524046458,0.0513418690782831
APBB1IP,13.7306519213111,0.0271425693893519,0.232882263955972,0.116545919260902,0.907219895716591,0.954033635269959
ABI1,10.6591406298699,0.949762077660382,0.276411425652196,3.4317911562339,0.000599609111235277,0.00437645730614254
ANKRD26,0.682929700316996,0.491378903223232,0.829728313112025,0.596814999751438,0.550630902268417,NA
YME1L1,5.43777913931464,0.133760488094606,0.384520386433913,0.347940063958565,0.727885196213302,0.857880483538846
MASTL,3.94702440641976,3.1631533996701,0.58430544135809,5.19013802236315,2.10138256667215e-07,3.14382234778307e-06
ACBD5,1.77066360460352,-0.477425306791177,0.610248512201005,-0.781122934040219,0.434730194421625,0.644483284337117
RAB18,17.4878522850982,0.459302667886124,0.240577013686479,1.90872534555756,0.0562975317696038,0.166627766745665
WAC-AS1,1.58705267931801,-0.862652852186393,0.655544131940918,-1.32085546831334,0.186549560524914,0.380217809700386
WAC,4.90170534126771,0.0517314986145243,0.428378591463356,0.12105309110283,0.903648983727091,0.952838351480031
SVIL,0.727802760603097,-0.913416025213133,0.814423530205113,-1.09735677688805,0.272485460248712,NA
MAP3K8,7.83385086835542,-0.97584299813969,0.371408312810003,-2.62321367311232,0.00871046254527544,0.0405376982461312
ZNF438,1.43027278143395,0.978516683671447,0.65798595531019,1.46823660864713,0.142039963349169,0.317341043995504
ZEB1,0.203562910431134,-0.272457973111351,0.939531368226945,-0.28963580516772,0.772094871969835,NA
KIF5B,16.7469267621861,-0.0196496979377461,0.227333524883412,-0.0864288472535638,0.931125515931706,0.964018536874946
EPC1,7.79036610813759,0.202403442873215,0.305805897041822,0.66155535126758,0.508256230018498,0.707079930515024
ITGB1,6.43896496920579,-1.12427969982725,0.33991501921878,-3.30002343885749,0.000966767537794653,0.00661685805807957
CUL2,2.41008910672046,-0.122821124281825,0.588530409837151,-0.209850558966881,0.833784311163577,0.913024973807213
CREM,38.3762970302224,1.6346939008672,0.287130296239927,5.68888304032815,1.27873009834088e-08,2.30534464101517e-07
CCNY,1.20728102859292,-1.14357288092549,0.650770123273416,-1.74106525081967,0.0816721415652128,0.216592245496609
ZNF33A,3.94991793045258,-0.0742847749135615,0.403489449110162,-0.1842198135281,0.853841016533712,0.925199457205207
ZNF37A,1.07314941699385,-1.45892937024729,0.693086356691197,-2.07729453098608,0.0377743835396996,0.125003243734443
ZNF33B,0.100800934177044,-0.478025468139639,0.965326947087658,-0.497915268534601,0.618543765039394,NA
BMS1,0.979777134277531,-0.293147895765666,0.691597645256712,-0.421623675768885,0.673299722263018,NA
CSGALNACT2,3.9381410620148,-0.365370013888351,0.45301130433919,-0.806795084304414,0.419784551711993,0.629676827567989
HNRNPF,23.8498216843245,0.252846728939408,0.1979987611303,1.27701562269759,0.201596731779589,0.400321515677675
ZNF32,2.49746833117806,-0.930641074569744,0.544993122458904,-1.70012133333622,0.089108105294096,0.23011876265511
RASSF4,2.16349853433242,1.9583059721054,0.596103034822383,3.22287462393652,0.00126911089862247,0.00834633922396709
ZNF22,2.88166425974759,1.11149053082484,0.506707139835965,2.18518198467274,0.0288755058868997,0.101615465605685
ALOX5_ENSG00000012779,7.09378983009876,-0.645985414052712,0.336750547607873,-1.91752116298334,0.0551717550158765,0.164823094571738
MAPK8,2.54587185434151,0.317077873236952,0.510091896651668,0.621902496696815,0.534005983323651,0.726066600044531
C10orf128,3.62834384524957,-0.746565697417679,0.426978292919752,-1.74683273371762,0.0806663567185815,0.214622080375555
NCOA4_ENSG00000138293,20.4335583868442,-0.167346448545354,0.199368124952087,-0.83933254797132,0.401282723511682,0.614955215856899
TIMM23,1.8587010497319,-0.466412032796086,0.572159632816168,-0.815043724765601,0.415047282138056,0.625856257894192
CSTF2T,2.5396266778507,-0.0483136851080667,0.473214744869163,-0.101997301905602,0.918758816683386,0.960335778766667
IPMK,2.99950310378205,0.561186550181404,0.507060310154599,1.10745808093262,0.268095926464822,0.485503552071481
CISD1,0.559623755677409,-0.0579363530036347,0.772349311396931,-0.0738193356831188,0.941154141350613,NA
UBE2D1,22.0896724079401,1.05546858638673,0.23077634925487,4.57070948434355,4.86075746634647e-06,5.79942148646557e-05
TFAM,0.866823494494962,0.621630400012994,0.800642896257249,0.772076132222687,0.440069337572011,NA
ARID5B,15.4012561571101,0.197736919104123,0.269263238577461,0.734023761151049,0.462934256556072,0.669341514966
EGR2,4.50174668950146,-0.209398168238513,0.751475852644313,-0.280709025611078,0.778933585555736,0.884825460807633
NRBF2,11.5624573219396,0.564102832928055,0.280390007644743,2.01144589288209,0.0442783800002976,0.140818554091097
JMJD1C,6.49756542720837,1.15763927801081,0.357384014560824,3.23321068504108,0.00122407251801905,0.00809672967648016
REEP3,5.20266123606841,-0.115547395062813,0.361342336887583,-0.319851012063029,0.749081275197584,0.869321044620859
HERC4,2.96148547831745,0.6009376274799,0.46395243422745,1.28984792344417,0.197103464942534,0.395213667578937
HNRNPH3,11.8597343210751,-0.415894820980838,0.279724676024483,-1.4870778676755,0.136994246223149,0.309822761046812
RUFY2,0.662532180412142,-0.42118356784225,0.767189442890936,-0.547606335755496,0.583962238086513,NA
CCAR1,2.53042317125667,-0.118342610341358,0.482790093333406,-0.24509779978594,0.806380706495507,0.899212826853038
DDX50,3.83642914740064,-0.776224768633226,0.46114656692575,-1.68220889079857,0.0925283406992664,0.23617662666204
DDX21,3.77386585252794,-0.413899593316382,0.417073644805924,-0.992531834714429,0.320938158019681,0.541689773503389
KIAA1279,2.12087446540852,-0.306047721942656,0.600425706271267,-0.512401248564106,0.608370217337253,0.782569685093187
SRGN,564.935956506253,-0.0419846353080789,0.131303606818041,-0.319757152048219,0.749152431278693,0.869321044620859
VPS26A,9.92287453107047,0.455898993068875,0.309585195172852,1.47224182635202,0.140955586290365,0.315411580128987
SUPV3L1,0.292486962143925,0.0160894057746614,0.933972344055763,0.0171563443783238,0.986311889197449,NA
HK1,6.73318064745632,0.0857181632361968,0.330569923924764,0.259227169959761,0.795459968821078,0.892783527457278
AIFM2,0.930840865040174,0.622439454721102,0.759258309292506,0.830322626063514,0.406356398864012,NA
TYSND1,0.328926359078485,0.16414768052204,0.871728852159514,0.188939355540923,0.850140347790959,NA
SAR1A,12.0572541199304,0.643407045146367,0.260368725527374,2.47063384397518,0.0134873836885104,0.0571813039909771
PPA1,12.7789333515471,2.02844729877026,0.365286608580759,5.52924250591819,3.21616493891212e-08,5.42194177754653e-07
EIF4EBP2,3.66986988087536,-0.271942981188751,0.408108310598649,-0.665679976228083,0.505615674956436,0.705364010687437
PRF1,1.79225347376733,1.53193699943243,0.722605361875226,2.08901065721078,0.0367067638461394,0.122106609651156
SGPL1,3.22471808551185,-0.892140491049575,0.505179528961504,-1.76320299718955,0.0778662584701822,0.209513025968499
PCBD1,7.63977213298238,0.12345862802144,0.302425715306823,0.408069304206525,0.683222794993971,0.830239905037325
C10orf54,7.71134993019399,-1.55999370696993,0.342632964657574,-4.53615890220689,5.72880234667703e-06,6.70903799411049e-05
PSAP,281.725081541349,0.0353582690995566,0.142105808759565,0.248815488082707,0.803503510048529,0.896842253464573
SPOCK2,2.4638834143065,0.461673385075186,0.526601281762202,0.876573768857852,0.380718192004767,0.596601170086987
ASCC1,0.89572369228149,-0.4369571254832,0.738366487399495,-0.586648059217826,0.557440098457553,NA
ANAPC16,19.2844146781016,-0.965811271975788,0.214643113876196,-4.49730789310016,6.88192942081119e-06,7.92948117740645e-05
DDIT4,17.6510510911628,-1.09843356112991,0.372762463293086,-2.94883883128422,0.00318970271789863,0.0178542125688449
DNAJB12,7.27394378969255,-0.259347398535272,0.415547088799476,-0.624262802857651,0.532455008191072,0.725037019731232
MICU1,4.54604017987266,1.03074343757122,0.446753218638618,2.30386474929499,0.0212302370413066,0.0805755392695228
MCU,0.675628028682063,-0.336129865210829,0.780837847128027,-0.428667130358274,0.668165484434732,NA
P4HA1,3.44739200436625,-0.678224531623529,0.467098713886241,-1.45100826875784,0.146777557730293,0.324642039111942
ECD,1.53982144101917,-0.360987900431172,0.588494787950381,-0.612156751399673,0.540434052619314,0.731544436456508
DNAJC9,1.30612769276886,0.499806442984456,0.661638523802076,0.758121156878401,0.448378455149765,0.656878459672112
MRPS16,6.9771354571646,-0.12547913162801,0.324091313560026,-0.387142538530763,0.69865068706536,0.841860912637019
ANXA7,19.4811585429473,-0.269966748693234,0.206894851583644,-1.30488675153224,0.191931413140688,0.387592942084464
CHCHD1,4.51945269550762,-0.13378804096236,0.370349759631649,-0.361273724166386,0.71789483422397,0.853724296979857
PLAU,0.70562866301457,-1.82963395731808,0.872183163572364,-2.19815253013874,0.0279382381715451,NA
VCL,0.939841882002037,-0.586794149389475,0.778483748891406,-0.752434973442256,0.451789521191096,NA
AP3M1,0.914616781071906,-0.221287900223489,0.747206557355762,-0.299389040724986,0.764643223150504,NA
ADK,2.48057054035605,-1.76148264786595,0.543003965161278,-3.19227000343197,0.00141159313058019,0.00916733493325656
KAT6B,0.819144915930222,-0.733127839798087,0.725905813529463,-1.00878887477559,0.313075897692427,NA
SAMD8,2.91221270354571,-0.165858715662703,0.51882617274773,-0.320047485017068,0.748932334284852,0.869321044620859
VDAC2,17.1954506454299,-0.597940011863516,0.238866613202596,-2.50277591404996,0.0123223535544044,0.0533098036059208
COMTD1,1.39248766254052,0.579256160027144,0.626657203866891,0.922165474477907,0.356442268955064,0.574543255953641
KCNMA1,2.10198575898373,2.10971962559946,0.727030213375024,2.8185072337358,0.00482475238743561,0.0254602584433929
RPS24,175.403715414116,-0.16342940571589,0.107384876227245,-1.52189773915745,0.128034705765659,0.295882872402242
PPIF,22.146740073045,-1.23167795269784,0.345721867878551,-3.563318722824,0.000366195608574117,0.00288265551377559
EIF5AL1,2.50839368011605,0.21670562828269,0.629605688267899,0.345370448415224,0.72981589068031,0.858791918913227
ANXA11,15.0790391979107,-0.669453333005356,0.247296227092783,-2.70658270789069,0.00679796466603075,0.0331819925011308
TSPAN14,5.344225209817,-0.00507547060178356,0.36279203122357,-0.0139935203169104,0.988835150569929,0.994578121349375
GHITM,41.7710295406372,-0.34716211502975,0.18136136153311,-1.91416499779627,0.0555990765914272,0.165159218080965
CCSER2,5.92115585589968,1.21053887514804,0.372835200038361,3.23559899666566,0.00121387784306328,0.00805727279106462
WAPAL,6.71396646202467,0.469165969033851,0.335150141819258,1.39869826562152,0.161903484553083,0.346487302488518
GLUD1,4.11417869996725,1.22891361243417,0.410199749659566,2.98124807211495,0.00287076139802129,0.0164228242139056
NUTM2A-AS1,1.78766930553538,-0.68743344381491,0.644168170359159,-1.07019250348017,0.284532667994212,0.503203420639607
ATAD1,0.849053675305905,-0.5378638000703,0.78651120184469,-0.672997014541166,0.500949190247016,NA
LIPN,2.22019242063228,-1.79699881821464,0.61809304189872,-2.8685651270488,0.00412338298109417,0.0221061292091493
ANKRD22,24.0373175497042,2.44149230602403,0.313425668966527,7.75780269235265,8.6413449909392e-15,3.27054878299454e-13
ACTA2,3.39083216253187,2.44483776598735,0.526750506040531,4.51284015192821,6.39652312677916e-06,7.41503644412635e-05
FAS,5.18709984179108,2.25171915311082,0.421977020605952,5.24914002256088,1.52810893998619e-07,2.32883802453895e-06
CH25H,15.2064904464536,6.00293788479593,0.581602994697031,9.40479446969915,5.21319920297482e-21,3.46435272616292e-19
LIPA,3.07951779541783,0.737760685167883,0.548863922823839,1.33806245957253,0.180876076948689,0.373235102367246
IFIT2,249.996519855342,5.16516831678708,0.313095284155703,16.4011451714056,1.8766683056179e-60,6.70322460412894e-58
IFIT3,386.343684519019,4.86957674034855,0.185290103124045,26.2074317416556,2.18654946457276e-151,1.24961301900333e-147
IFIT1,397.255513625454,6.11451899648147,0.484932225754378,12.4857914400527,8.9251391474172e-36,1.04096265770386e-33
IFIT5,8.35512743765447,2.73905102737238,0.366711058849094,7.33532117078156,2.21190406365587e-13,6.98399542751011e-12
KIF20B,0.833570385229917,0.109216487582117,0.793040740592581,0.13987628137325,0.888757741752234,NA
RPP30,3.85259813287912,-0.125497580677966,0.414970611224593,-0.302192811698886,0.76250508367635,0.87592292526841
PCGF5,22.2620119044579,1.15885245158719,0.215359205976084,5.37707795509765,7.57044014245096e-08,1.21531082623897e-06
TNKS2,2.56995160080039,0.849424724846498,0.546866132020672,1.55349555841974,0.120304789551957,0.283213484873477
FGFBP3,0.151936671579964,-0.167217870494565,0.913181818874538,-0.196920706116041,0.8438895897956,NA
BTAF1,0.947504003711327,0.175339363482802,0.743946444007874,0.237813403738591,0.812025822199603,NA
MARCH5,6.09061350920939,0.523932193613151,0.364112449273934,1.43713030320567,0.150680972202792,0.330463049176598
HHEX,7.57026823257108,-0.340801305188557,0.425238840995685,-0.801330718805643,0.422940211645924,0.632583959580334
EXOC6,0.676678197103993,1.35004562370907,0.785814876159881,1.70902365158903,0.0874465684738834,NA
MYOF,9.84849124566177,1.13362460546552,0.35977830423695,3.14800490110575,0.00164388937079332,0.0104155518337958
FRA10AC1,1.9121334665765,-0.248266056735112,0.533493278314443,-0.464102238094158,0.642574498339523,0.803397096790512
NOC3L,0.916625232787422,0.205326348457104,0.805813721882138,0.259574347733267,0.795192125756204,NA
TBC1D12,1.00178554660027,-0.563336045203632,0.744065528313711,-0.752532977503018,0.451730605851302,NA
PDLIM1,0.680473937033838,-0.144056207744105,0.747943832642885,-0.191373383877245,0.848233071262185,NA
TCTN3,1.38982268309108,-0.623249705509622,0.623334311770477,-0.994974095777635,0.319748863320372,0.540161026862527
ENTPD1,2.59669437498329,-0.67570061327989,0.563255587431348,-1.20107922856573,0.229720469542557,0.438348074602909
BLNK_ENSG00000095585,0.997408331639417,2.70343918924626,0.806523310729908,3.35882579780873,0.000782743932284946,NA
TM9SF3,1.52934161180537,-0.311028922346254,0.606160157779735,-0.511870562385103,0.608741601829205,0.782667773780406
PIK3AP1,5.45376489688934,1.28332403419374,0.371412170141572,3.44262752298931,0.000576092181276753,0.00423183395372319
LCOR,1.32500135260529,0.974278829270599,0.663487942164173,1.46004513364019,0.14427767012319,0.320550062698556
PGAM1,4.12249493367938,-1.58903353415919,0.506237328921191,-3.12212843987307,0.00179548587747675,0.0111485736629084
EXOSC1,5.92689949288977,-0.82955642328698,0.405725628308814,-2.04282466673079,0.0410697978257184,0.133133235719785
ZDHHC16,1.74577651567293,-1.52487338555814,0.66549531472249,-2.2718544322377,0.0230953039265554,0.0859867504496834
AVPI1,1.970638422036,-0.22283304101256,0.555912907785742,-0.400673081149981,0.688660832167891,0.834541275623303
ZFYVE27,0.742043669202275,-0.3734932791083,0.824631761308273,-0.442730097691121,0.657960969712406,NA
R3HCC1L,1.5040422169603,-0.451278014720898,0.674925729933749,-0.670925676853756,0.502267878043538,0.70216754476977
HPS1,6.21675334841328,-0.470349254635836,0.353089041923393,-1.33090311019772,0.183220893738437,0.376227456613965
GOT1,0.987244573757577,0.012963945952777,0.678707010004275,0.0190653085237997,0.984789006184688,NA
SLC25A28,2.52287445677459,2.52724543117663,0.657679128126233,3.79723421296281,0.000146319528058773,0.00127084514111837
CUTC,1.89769406249742,-0.752047079851284,0.536131377865886,-1.39697656219984,0.162420619308064,0.347003304428255
COX15,1.38536963423145,0.137832286592128,0.637840493284485,0.215910410876431,0.829057581791733,0.910290889517725
ERLIN1,0.0192862052863319,-0.121452525639683,0.882329557226585,-0.139683352219049,0.888910180443706,NA
CHUK,0.727249769453742,-0.959986412154965,0.744287935400815,-1.27302271717416,0.203009980750488,NA
BLOC1S2,31.9603250630649,0.537925109048384,0.185118514663355,2.90562125288632,0.00366524808078741,0.0199874931123092
PKD2L1,1.51001359968355,3.08380126946631,0.709389905534757,4.28661598984568,1.81415497908123e-05,0.000194372998502574
NDUFB8_ENSG00000166136,23.2878820129777,-1.11561381352857,0.19967881810805,-5.58415482506212,2.3483943106924e-08,4.05470498054594e-07
HIF1AN,1.92136402981026,-0.658235764034816,0.543985819426648,-1.20594543458986,0.227838530395075,0.436213467741325
FAM178A,2.14913833841667,-0.817428710308578,0.56428973300418,-1.44941534830501,0.147221624970289,0.324983792476347
MRPL43,3.99717104843366,-0.232211414882765,0.394177655505664,-0.588354323889332,0.556294489516963,0.742288818022284
SFXN3,2.8238803004019,-0.902960976721589,0.573826825079589,-1.57102555023653,0.116176714101726,0.276185491302564
NPM3,1.52699288815418,-0.338332359425145,0.605266722362806,-0.559676297297808,0.575700252594241,0.757570099833315
MGEA5,4.70086847626802,0.429979020874873,0.373660285655994,1.1500739209657,0.250113426552674,0.464996172006679
HPS6,2.74730671257562,0.353300856126875,0.516819119166208,0.686075064684033,0.492665774108957,0.694691561567404
NOLC1,1.62744139687326,-0.339745956135964,0.701551387123274,-0.489875561352684,0.624221957384786,0.793472947692137
NFKB2,7.64576387437969,0.027570693406668,0.300371087520875,0.0917960864186375,0.926860053520405,0.962378343211427
FBXL15,5.03002133699941,-0.413468791966267,0.365590306666881,-1.13051382390705,0.25825977678598,0.474583480492564
CUEDC2,4.24679448296539,-0.729317643584252,0.402666138193428,-1.80953733670801,0.0703675650881998,0.195598557626003
ACTR1A,9.23803293199883,-0.591816207669946,0.300492379478771,-1.96969160444662,0.0488737257660234,0.151750750888448
TRIM8,2.1722940990507,-0.688660520144675,0.562435213281369,-1.22186415125299,0.221759004046184,0.427581885331963
ARL3,3.09142563863417,-1.13880096037795,0.501756960735061,-2.26007671885335,0.0238164897813442,0.0879271570415905
WBP1L,3.51059301374537,-1.48763646958245,0.464267483285117,-3.1805454770823,0.00146998064806944,0.00947268826231557
C10orf32,5.56607179225822,-0.652660343951789,0.367424167345558,-1.77634855081625,0.0756754855177358,0.204969383760123
NT5C2,7.34958432224024,1.72097234233408,0.338332153293631,5.05634804199085,4.27361096813458e-07,5.95699675192418e-06
PCGF6,0.349196476365994,-0.829439420772626,0.944181662781332,-0.89376755157934,0.371446273832208,NA
TAF5,0.448529092459857,0.320136885663054,0.829494053072672,0.385249262762355,0.700052748242151,NA
USMG5,15.6649953975162,-0.36316754362039,0.217172901821032,-1.67228338541302,0.0944684543065342,0.23931170938025
CALHM2,2.86613720946839,-0.0942360375049425,0.520641963179544,-0.181067836553797,0.856314329986832,0.926741277469616
OBFC1,0.508164448453601,-0.43616524256102,0.833461073337186,-0.516502881548781,0.60550322689943,NA
SFR1,3.07140094937438,-0.39472076997069,0.466563916275432,-0.846664175778425,0.397182332056158,0.612133045086972
GSTO1,165.053932131886,0.443274023256685,0.116566797092972,3.80277298441389,0.000143085462129075,0.00125035690530224
ITPRIP,1.30949817215274,-0.175625728491437,0.6669202426182,-0.264115365058136,0.791691024547837,0.891186645301147
XPNPEP1,1.41533384656025,-0.309267078399635,0.65021105272172,-0.475941999897488,0.634115699249476,0.797800479303322
ADD3,1.44246296800352,-0.779797588243865,0.689408403221896,-1.13975041798361,0.2543902956748,0.469738461964938
MXI1,0.679450234888146,-0.771425039159226,0.743838386858812,-1.03247595844325,0.301849204500699,NA
SMNDC1,2.95515010040198,0.366469667503687,0.541861987165558,0.674346197066266,0.500091240059962,0.701005036045593
DUSP5,9.71834820135224,1.91881838823619,0.340042967848821,5.61204037314857,1.99954769179138e-08,3.48396800566699e-07
SMC3,6.44516126450468,-0.0770443063280053,0.345579467199023,-0.22310197741833,0.823456139383443,0.908504215555285
PDCD4-AS1,1.30022823813933,-0.273134534418312,0.668079574969945,-0.410769457042633,0.681241591159316,0.829095167717165
PDCD4,6.05775135442286,0.289570312574564,0.337488581038891,0.857857867694631,0.3909709514445,0.607173526772781
BBIP1,5.28755266369655,0.266135533638986,0.389385388299995,0.68440705726226,0.493718160862784,0.695660574292606
SHOC2,7.82255275066751,0.674189680536999,0.306057727190268,2.20022535571503,0.0277909101854907,0.0988332617984315
ACSL5,5.44467321785034,-0.32608698223989,0.421063929896692,-0.774973196003572,0.438355498306052,0.647123709109845
ZDHHC6,3.67649968007868,0.362607614772002,0.469547377009863,0.772375552786429,0.439892029024234,0.648267907651752
VTI1A,1.82857198674026,0.922023597105034,0.58769226242643,1.55854427524034,0.119104280973921,0.281156945793457
TCF7L2,5.89043399352136,0.510146399060679,0.392218342929757,1.30055812076569,0.193409749820189,0.38988949566927
CASP7,7.45884405164924,1.84472796963781,0.344455671587801,5.3212051302433,1.03082088221816e-07,1.61844542359252e-06
C10orf118,3.3667013072352,0.68770072420849,0.443630787164847,1.54815007455923,0.121586168347652,0.285482724776841
ABLIM1,1.04442321635068,-0.671799221292697,0.703483458632693,-0.957736432721573,0.338195680433929,0.558770833674445
KIAA1598,1.42924092476391,0.339711177311733,0.665703422452916,0.514785606611239,0.606702844403913,0.781629115367079
FAM204A,6.93878579399143,-0.699493083613601,0.31359186871803,-2.22932852795465,0.0257920538449273,0.0935289262206598
CACUL1,3.71029699159949,-0.551705117934933,0.454417351767848,-1.21183921730455,0.225573932970926,0.432747575336974
EIF3A,5.58552262466903,-0.685262737142267,0.388391063434584,-1.76496804880479,0.0775691357454666,0.208811875075526
FAM45A,2.23726317615237,-1.0791238311783,0.573333956245668,-1.87334245919002,0.0610211102611975,0.176721764148697
PRDX3,8.39389387027508,-0.852774440923441,0.307442342782455,-2.77017113299524,0.0056026846959996,0.0285377388927252
GRK5,1.52845676858066,-0.631396938825162,0.740405518711088,-0.854841502208175,0.392638898863601,0.60799260561271
RGS10,39.7811429533159,0.14252318768178,0.160261065323534,0.889268011535438,0.373859058817628,0.591529490903306
TIAL1,5.26697321931689,-0.723563458015224,0.372296180460515,-1.94019941356132,0.0523554597707356,0.159239729957293
BAG3,1.87077283407651,0.93353750349665,0.623127649674129,1.49859585782827,0.133978507961478,0.305516231011959
INPP5F,1.52888905533583,-0.531059702824676,0.66987821276486,-0.79560821256627,0.426259791656743,0.635387248126836
MCMBP,7.8595814829066,0.648547052921957,0.29742069527535,2.17881339171884,0.0293455337074523,0.102889401925209
SEC23IP,3.24534883668127,0.836100610728071,0.486856130617543,1.71632218872358,0.0861030893530709,0.22524639490144
WDR11,3.16852581858738,-0.751546947390537,0.5141838118089,-1.46178931292658,0.143798953593823,0.320144534393728
ATE1,0.403880058237448,-0.824503878868805,0.841809436171015,-0.968834102285967,0.332627968635929,NA
NSMCE4A,4.2090401049729,0.259845374675509,0.415045600847963,0.624781570998353,0.532114427627788,0.724745937534035
PLEKHA1,1.16381638924679,-0.0729378811024476,0.713294692814146,-0.102697293324239,0.918203221901842,0.960335778766667
BUB3,14.8372603974658,-0.0454912310810694,0.228341688006299,-0.199204598879195,0.842102702132602,0.918438347841187
OAT,1.63936201412987,-0.898262015951105,0.606686056575495,-1.4742715311979,0.140408497072628,0.314680219909831
METTL10,1.66120583478637,-0.590228640945725,0.576837293323386,-1.02070284628824,0.307395245604085,0.52771517832002
FAM175B,1.83929639500454,-0.42693489777393,0.63915858807102,-0.671328406231114,0.502011342376719,0.701980626788097
CTBP2,2.16021507734001,-0.447302097907534,0.592107045551867,-0.757198593930002,0.448930892480921,0.65715146008525
EDRF1,0.830933223417155,-0.502143471182873,0.769934382273808,-0.652192054264911,0.514277285133448,NA
UROS,0.720997896649165,-0.313227519099581,0.827083679706478,-0.388660295493291,0.697527457166182,NA
BCCIP,2.45249100447091,-2.61897741007,0.628149749033271,-4.04025424040318,5.3393289087715e-05,0.000519834151850581
PTPRE,14.5020730264045,0.580256984809932,0.287551028948003,2.01693255795075,0.0437025518545259,0.139682350199764
MGMT,1.02987946546171,-0.259613238421825,0.744892569639775,-0.347974070606579,0.727859656678849,0.857880483538846
GLRX3,9.41434916210192,-0.331621071625843,0.267247364473724,-1.24051418135852,0.214785272168711,0.417516268858567
PPP2R2D_ENSG00000175470,1.41613803282366,0.595196633733206,0.612413077939682,0.967324331714599,0.333381923824748,0.555312647816507
BNIP3,0.196850743779268,-0.266578245239986,0.972935798636659,-0.29899164758621,0.764946418487707,NA
ADAM8,7.8216608629278,-0.831484596695403,0.37847897365762,-2.19786179951891,0.0279589558640563,0.0993690502257973
TUBGCP2,2.15815253843149,-1.05007515486015,0.546560462450593,-1.91117165121386,0.0559825256882577,0.165944053064519
ZNF511,2.63342713538523,-1.20891183908356,0.575199454863423,-2.09140230920013,0.0364920153637098,0.121533722496271
FUOM,2.37296234162822,0.0479645755753531,0.540457982060973,0.0887924908429255,0.929246825558783,0.963295049531734
ECHS1,5.65165018089388,-0.133031036076716,0.392611048436335,-0.338773533850621,0.734780340463139,0.862804529637731
PAOX,0.816087500462642,-0.137186699372033,0.761426147726167,-0.179964864373424,0.857180151964638,NA
BET1L,1.81106066516442,0.074940861301679,0.573281882394207,0.130938506448107,0.895823953157383,0.949448688843091
RIC8A,4.54953471435242,-0.0278994938146345,0.420493722983543,-0.0663227397183315,0.947120879403149,0.971834321825099
SIRT3,0.249593883086021,-0.665820668886694,0.909306692210927,-0.719778471419893,0.471661402140794,NA
PSMD13,10.9110163193467,-0.429720060834243,0.261382305947695,-1.64332491121146,0.100315726814033,0.248938071533738
IFITM2,210.668321434441,2.37300134766859,0.147358601641819,16.096368096118,2.70525010996026e-58,8.58916909912383e-56
IFITM1,11.7199751247572,3.36977092016565,0.373387849641548,8.80757144045869,1.27886301941446e-18,6.52562692495858e-17
IFITM3,600.962631342572,3.61881660138806,0.255366429199038,14.1619703426213,1.57514964770246e-45,2.90386459245792e-43
SIGIRR,4.24124531359463,-1.26976772701268,0.437292129543208,-2.89344166571131,0.00381045064117473,0.0206610298048516
RNH1,38.665709351843,0.0667828431317867,0.165510517605354,0.403491199483565,0.686586907575092,0.833618903078744
HRAS,1.63768090297286,-1.9076835719804,0.692010823040561,-2.7211620139618,0.00650528701600928,0.0319795313469352
RASSF7,1.84250911913034,0.0998689590716528,0.574519490910157,0.173838330796612,0.861992519382643,0.930541603375861
IRF7,202.995853139228,3.16374366465068,0.187686433145765,16.8394255122895,1.25448467478316e-63,5.51490762798904e-61
DEAF1,0.394522021232144,-0.62258481448623,0.851352728373769,-0.733311758424671,0.463368305016271,NA
TMEM80,2.12287699444821,-0.529272707530836,0.560427687569111,-0.945032444944412,0.344642312128671,0.564040897427077
TALDO1,62.1025878157528,-0.877071694428215,0.20464598730416,-4.2850041619953,1.8273576722247e-05,0.000195202786855405
RPLP2,235.463531912402,0.126776673383578,0.0914530406349327,1.38625164839786,0.16567007549324,0.351579829722935
PNPLA2,2.43326603709524,-0.782823790123194,0.582462401274818,-1.34651452068135,0.178136640651655,0.369394376387593
CD151,9.86316972848386,-0.837040640778527,0.346579538066975,-2.41373159373652,0.0157900894351262,0.0642280150332714
POLR2L,13.7310466441411,-0.860373549880966,0.248304294419884,-3.46377585726111,0.000532650139057235,0.00395851176165422
CHID1,1.05946947812354,-0.929964324603815,0.695024425123909,-1.33344026663701,0.182387365673989,0.375222772804794
AP2A2,1.58728938642911,-0.871788206539307,0.609388717136726,-1.42471940818494,0.154238326581594,0.335543219038374
TOLLIP,6.40064106199606,-0.0454060384061566,0.339173789584924,-0.133877512164052,0.893499432879655,0.949103259462332
MOB2,4.3762053158943,0.0356419865214128,0.370401706037556,0.0961657070006815,0.923388966399049,0.961407896332768
CTSD,49.3912182431197,0.787670446483647,0.264198444131041,2.98127435879624,0.00287051497070052,0.0164228242139056
LSP1_ENSG00000130592,40.9123163005938,-0.456342568839223,0.262303440246515,-1.73967909871558,0.0819153814346221,0.216834833209294
MRPL23,8.74982029854979,-1.27845794009948,0.293247915552775,-4.35066340073471,1.35726267868902e-05,0.000149455803635987
ASCL2,18.9548333552893,1.18496964108542,0.218611270044547,5.41521116946336,6.121641515889e-08,1.00244072387695e-06
C11orf21,3.33032298983482,0.452609983678618,0.448240398396372,1.00901830303006,0.312965856388509,0.532479865811351
TSPAN32,1.67834517963196,0.527014217077823,0.614623155773267,0.853591764507827,0.393331223220723,0.608842522694288
CD81,2.59151463880192,-0.418959019476286,0.539343523154391,-0.777370071660432,0.436940464489788,0.646559313888077
TSSC4,8.63541261746382,-0.529828837027882,0.278983240731816,-1.8985383818008,0.0576251966844273,0.169424488798625
KCNQ1OT1,3.15072733425762,1.10249331144169,0.480363842739306,2.28498712226363,0.0223135828721471,0.083730877291084
CDKN1C,14.9522435478133,1.30948017296178,0.324965384201768,4.02328359054837,5.73923199993103e-05,0.000555927303044167
PHLDA2,7.61582092012234,-0.327151188516391,0.466218872919757,-0.703336609821591,0.481846000749022,0.685622372711218
NAP1L4,4.42186954488381,0.588158802716865,0.409295065910353,1.43669567269903,0.150804485083564,0.330463049176598
CARS,4.58779456796703,0.133054743720252,0.372994860304585,0.356670468223052,0.721338516273435,0.855812667739813
ZNF195,0.64720005338569,-0.153603363777737,0.891610067565755,-0.176318777629236,0.860043510716106,NA
NUP98,1.4254052216382,-0.709153036025901,0.659453773935984,-1.06681715388088,0.286054410911563,0.504723976029509
RHOG,59.416686613075,-0.0548192677908961,0.13644001128472,-0.40177469433976,0.687849847440984,0.834089089353963
RRM1,1.39973850874377,0.165646076783524,0.648409937366037,0.256656541150652,0.797443923036509,0.893062644437162
TRIM21,7.62508630104785,1.45733823229498,0.339295401834049,4.28075231404814,1.8626257370307e-05,0.000198598994162882
HBB,117.402137840762,0.0860466188203683,0.837065452445148,-1.67689917584285,0.0935621993487554,0.237751220751568
HBD,1.23005681672428,0.212407053346565,0.930973806615628,0.216034214972933,0.828961077539096,0.910290889517725
HBG2,0.23705454563921,-2.26434207214938,0.973550142833742,-0.759665360577167,0.447454639288642,NA
TRIM5,6.06495051724868,2.40400517090548,0.396368645432326,5.96133730281899,2.50181935487266e-09,4.98184585822204e-08
TRIM22,20.9807342632755,2.34070442638541,0.263471981454592,8.84560199231449,9.10361889493332e-19,4.90822471552301e-17
FAM160A2,1.63729410997249,-0.747539277029035,0.643478045208898,-1.16104894168409,0.245621996868745,0.45843556894346
PRKCDBP,0.185862028675115,-0.0573773601175529,0.962108473383311,-0.0592076040754203,0.952786753093519,NA
SMPD1,1.13068368873436,0.306572833216239,0.693772646650218,0.442242857978797,0.658313475740217,0.816463002138746
APBB1,0.125983656859709,-0.161656829718371,0.969659746052872,-0.161253887933788,0.871893439977728,NA
ARFIP2,1.11056535695504,-0.832448364029482,0.771012220162887,-1.09865330978784,0.271919315319183,0.489300657131338
TIMM10B_ENSG00000132286,2.12630982870166,-0.569167809072772,0.524149048109757,-1.08500111739369,0.277921160370789,0.496660234996578
RRP8,1.57246360049688,-0.875224822316658,0.643970013599474,-1.35981584576209,0.173888206723376,0.363486138048315
ILK,28.0571431715388,0.514325933454663,0.192822530632098,2.66715552561001,0.00764962633562333,0.0365641295587565
TPP1,5.95627550916996,-0.395360685273148,0.347714034237482,-1.13680530604893,0.255619684718322,0.471399321769994
MRPL17,3.86352336843956,1.89553398573877,0.474405130020564,3.94388007205827,8.01737635896642e-05,0.000752369554868524
EIF3F,29.3228628251926,-0.77647850286757,0.193624753203135,-4.00942067622674,6.08678955628476e-05,0.000586610494336719
RIC3,0.164805978829171,0.27671632632998,0.965369456922634,0.302214590034211,0.762488482711915,NA
RPL27A,224.292152997749,-0.156780284723235,0.092763600008302,-1.6901223043886,0.0910045585692193,0.233643779075961
AKIP1,1.71485988903323,0.35992421134141,0.661293470295269,0.544876410823781,0.585838521142304,0.765472041296508
TMEM9B,22.3452064804111,0.205524352053759,0.189270043200123,1.08589023954909,0.277527555662783,0.49611197391705
NRIP3,1.28456654473413,0.834391040457004,0.793757155263277,1.05794492997854,0.29008054976933,0.508218988942894
DENND5A,8.317225713134,0.43866672383999,0.289626340851305,1.51415909658515,0.129985493110043,0.299543182711249
TMEM41B,1.97197519182516,0.339239825122622,0.627892454638682,0.539043872489858,0.589856582536383,0.768238461530408
IPO7,1.44723296101966,-0.591592278042906,0.676536059506569,-0.88291874649814,0.377280174129066,0.594016274713567
ZNF143,3.88803224211168,-0.202844649507941,0.431207302142724,-0.470901161110109,0.637711318838509,0.799938583661563
SWAP70,8.90757137194354,-0.852696161996148,0.279110907078545,-3.05205602165867,0.00227279678314274,0.0136269767174387
SBF2-AS1,0.327913542679526,-0.119565559534663,0.912442873937765,-0.135198988587053,0.892454546743025,NA
ADM,12.4647507261143,1.53547321732699,0.330120757445063,4.63944383270677,3.49348063802622e-06,4.25698120390615e-05
AMPD3,1.59707956582343,-0.46043215665807,0.616507952006431,-0.745265197577099,0.456111415810113,0.66378322927293
RNF141,0.959785923666501,-0.808001347365176,0.754850398721577,-1.06580251657446,0.286512923072623,NA
CTR9,2.45758883884004,0.339704081100395,0.59663604891891,0.569298773265824,0.569153399185272,0.751898214596354
EIF4G2,30.8372197826277,-0.620993078147812,0.175926984376028,-3.52947066692792,0.000416391861436293,0.00320279877268966
ZBED5,0.979072974652005,-0.516924667380776,0.686139501660338,-0.747292238896305,0.454887176278717,NA
ZBED5-AS1,2.28689594511347,-1.46105078209876,0.569947680728504,-2.53861449251444,0.0111292381121565,0.0491559594491321
USP47,3.4726249348444,-0.259028921795543,0.476020891007847,-0.544528189025116,0.586078055766546,0.765472041296508
DKK3,0,NA,NA,NA,NA,NA
ARNTL,1.79834131433068,0.622326093947757,0.583002509338514,1.06099461175219,0.288692349905549,0.506563334267797
BTBD10,4.39788806323169,0.118718337881646,0.421418944548566,0.28217646314507,0.77780820498776,0.884259775513238
FAR1,2.85590844765755,0.259754145973542,0.543996094238873,0.476487762524426,0.633726923591231,0.79774215161319
RRAS2_ENSG00000133818,0.250080985048275,0.717018538950142,0.923147961415496,0.773048575224473,0.439493633479703,NA
COPB1,8.05490383421247,-0.859131391474822,0.360562130228932,-2.38378442349184,0.0171356371147399,0.068115131657516
PSMA1_ENSG00000129084,29.5111779199585,-0.138233688638771,0.170926374158617,-0.808638499297679,0.418723113049924,0.629153894517538
PDE3B_ENSG00000152270,2.33975953030516,-1.68445045135807,0.628161859373444,-2.66501282238954,0.00769853873363342,0.036633762583443
C11orf58,40.4690008483215,0.256855639978814,0.144008707141005,1.78353351414346,0.0744994974687781,0.20341538390505
RPS13,241.122421577641,-0.251054890861099,0.106700025787282,-2.35289893877807,0.018627696028727,0.0728660388803389
NUCB2,2.24147763594823,0.161421588145195,0.527600453862975,0.305566236825479,0.759934930701038,0.875752495942107
SERGEF,0.707139650436178,-0.0556363092207413,0.792157807913019,-0.0695719992986988,0.944534324244231,NA
SAAL1,0.375205077708188,-0.891658803241844,0.909695400479402,-0.968357772864067,0.332865720913081,NA
HPS5,2.86657240318635,0.5934537964994,0.485409999685789,1.22026162275906,0.222365713114897,0.428462592869735
GTF2H1,4.09904618762178,0.181869344600179,0.514299302082144,0.354662414875475,0.722842511363247,0.855928296630275
LDHA,54.8185931677061,-0.888536629626361,0.1807892405264,-4.91408254165909,8.91991668824863e-07,1.17730540123189e-05
TSG101,24.2074411133338,-0.111545456457344,0.218936916894367,-0.509503325535757,0.610399467916793,0.784201792367186
SPTY2D1,2.03040959882614,-0.678340530558932,0.560802734210972,-1.20447427206114,0.228406320317816,0.436715329747848
ZDHHC13,1.26059979550969,-0.0572767222771058,0.680456998499599,-0.0835315504343858,0.933428891427661,0.96535398380548
HTATIP2,30.0380092330218,0.111799467900472,0.162488389726492,0.688025836594632,0.491436511421427,0.693642791497519
FANCF,0.817958424854968,-0.000339854635572296,0.707859971215487,-0.000477925818722641,0.999618670382549,NA
SVIP,1.83964833741045,-0.170875951174264,0.535773518019353,-0.317948260154449,0.750524184225544,0.869676746319745
LIN7C,0.765813311251845,0.464496510735521,0.829077448794846,0.575765861160922,0.564773451577963,NA
ARL14EP,4.42815233828535,0.0395784649838963,0.402974272945376,0.0980911503701021,0.921859914619259,0.960945079101256
IMMP1L,0.44231795285649,-0.086997777205996,0.919474081743265,-0.103746468019471,0.917370549447136,NA
RCN1,1.05230559470459,0.146044517281264,0.754116812804959,0.195344962075424,0.845122900361884,0.920502644476495
EIF3M,14.8449991705862,-0.794427568638913,0.261155170871862,-3.04105199698394,0.00235753113821844,0.0139764423806207
PRRG4,4.13217679228115,1.28503695321097,0.462924162206777,2.75979427845465,0.00578377699848883,0.0292257166634515
CSTF3,2.00839061221135,0.920490520341914,0.546135248363942,1.67537869277361,0.0938599544468523,0.238192557577158
HIPK3,1.74010342242797,-0.135499768202439,0.627834002761999,-0.216661795994622,0.828471923140654,0.910172441512656
CD59,4.73895391866295,1.19143099197423,0.467627230445456,2.53973049494218,0.0110937918158165,0.0491158944742199
FBXO3,1.43484954868856,0.639169950308758,0.621812114470833,1.02445098578173,0.30562231039863,0.525777093295656
LMO2,6.55081779037283,1.34100896274493,0.337599849373314,3.95811518068481,7.55435291063661e-05,0.000714786868945169
CAPRIN1,3.48992986439703,-0.253158317080495,0.807325624494936,-0.316701634484323,0.751470008451662,0.870207913828514
CAT,7.58245136552846,-1.99132880388135,0.438428890395262,-4.51577147738655,6.30866684261289e-06,7.32805508242533e-05
APIP,2.9606872213892,-0.360780791670952,0.441854491308,-0.816280382299404,0.414339791911701,0.62495431796658
PDHX,0.657696867417655,0.216651158502144,0.804221830311133,0.268131181874209,0.788598344660566,NA
CD44,65.3978109933385,-1.13729543891646,0.154342363579755,-7.36745413455709,1.73917240513621e-13,5.52187238630748e-12
TRIM44,2.83452553763864,0.577940810068166,0.458951743829807,1.25680423435643,0.208824532391977,0.409551201997306
COMMD9,3.67565247330071,-0.514363211730804,0.453915807505031,-1.1331710780666,0.257142417208458,0.473443593539414
PRR5L,1.03958349468861,-1.44240307054153,0.757642148806609,-1.87228052661796,0.0611678034169745,0.176999491912916
TRAF6,2.73248944644494,0.415354967367536,0.490320115086508,0.846993718858035,0.396998622483557,0.612044005258573
API5,2.87134852716201,-0.665197207748819,0.503508973414215,-1.32105882235299,0.186481751638367,0.380215201788537
TTC17,2.13555722320514,0.015850104893613,0.577828456393647,0.0274859441527448,0.978072150554306,0.988194819904565
HSD17B12,1.73023447616604,-0.0504701475331368,0.61667773253757,-0.0822257896196571,0.934467165730251,0.965986509889873
ALKBH3,0.748226405992077,-0.491864771634923,0.829270872511381,-0.599900104595659,0.548572812708128,NA
EXT2,0.962626070306489,0.367037853780641,0.700323353672808,0.523662276338439,0.600513458001333,NA
CD82,2.2310579680986,-1.2250743802843,0.586217016667916,-2.07347018080705,0.0381285434535546,0.125665874185158
PEX16,4.56553935591689,0.10724993788218,0.393065375761059,0.272692509925145,0.785089592792822,0.887548749317039
DGKZ,1.04344476599041,0.666995905211437,0.725846772505896,0.919018022413194,0.358086145596067,0.576305920045486
MDK,5.5938204247258,3.72140943861054,0.524701540680829,6.68037122068625,2.38337740739806e-11,5.92217473186084e-10
ATG13,1.48701490261264,-0.00385048344955801,0.568938095172845,-0.00675801209404928,0.994607927531782,0.997113662094042
ARHGAP1,0.479055314733248,-0.572623095921455,0.834137223280584,-0.674264970527355,0.50014287025439,NA
C11orf49,0.246536373960433,-0.480090291661399,0.959500488079401,-0.488465760855509,0.625219972177451,NA
ARFGAP2,4.53573366973851,-0.0403805554578641,0.412774986238475,-0.0977642095816797,0.922119527813038,0.960945079101256
DDB2,1.69060805225259,-0.268589799227994,0.58908666663643,-0.45663982309664,0.647929950642143,0.807792248673614
ACP2,6.25719107713417,0.0980950533988243,0.405919801101571,0.242039703654924,0.808749398616935,0.90091534830129
SPI1,132.143059780369,-0.26459273124224,0.109438335047683,-2.41776026177813,0.0156163617902792,0.0637952171248983
SLC39A13,2.63956588609836,-0.786958287706446,0.532757997816413,-1.47561483335795,0.140047320774229,0.314546344498312
PSMC3,16.0012699675127,-0.255013889989463,0.214561146756416,-1.18853159137966,0.234624041174792,0.444293040196798
CELF1,7.49468632466479,-0.086604634743643,0.31791657052251,-0.272516243351528,0.785225103349324,0.887548749317039
NDUFS3,4.40119201259208,-0.462376975120597,0.402188077134428,-1.14881054920144,0.25063410849087,0.465509889510992
PTPMT1,6.10200055612804,-0.603534143526692,0.336101081226265,-1.79473810743744,0.0726954359982317,0.199929940678486
KBTBD4_ENSG00000123444,1.24075293793296,-0.334948246577791,0.621100135965657,-0.538503076435101,0.590229781779103,0.768549374086939
MTCH2,10.0269575127233,-0.559767764450799,0.291354480371732,-1.92182239714127,0.0546281091138059,0.163970401042753
FNBP4,3.14176121583557,-0.488050233895853,0.592201207695572,-0.825333484959831,0.409182286288005,0.620151447123536
NUP160,0.942799298632723,0.631065728426502,0.716382839670806,0.879232416325162,0.379275271508144,NA
SSRP1,1.08008742327728,0.636471691728193,0.677086737763604,0.931687956495985,0.35149781231475,0.570036889154029
SLC43A3,7.77397462159166,-0.466556111743403,0.391384055873967,-1.19160706697955,0.23341535270413,0.442737716795256
TIMM10,2.38674109902854,-1.91334753918507,0.586873574018323,-3.21163814748255,0.00131980497689737,0.00864986862725745
UBE2L6,165.932718691977,1.99371298765689,0.118511838028619,16.8172000278334,1.82586496374205e-63,7.453441619847e-61
SERPING1,26.2940843369312,3.62717664300706,0.323516077277366,11.0593161490753,1.97598289451013e-28,1.82141003905249e-26
YPEL4,0.399435917497862,-0.140144274782639,0.880137822019926,-0.155543505415298,0.876392858906992,NA
CLP1,1.97861680611396,-0.345153126474223,0.526755089769129,-0.655025254793249,0.512451494128466,0.710600908384866
MED19,5.89162604649226,-0.10339209360953,0.327924811069872,-0.315305963159704,0.752529357813061,0.870461596432318
TMX2,5.12991274954893,-1.3359068730204,0.399655127057947,-3.32963854199225,0.000869587908709494,0.00605322155697291
C11orf31,24.7332176062658,-0.645951741005245,0.21992324135504,-2.93748579817215,0.00330885326708473,0.0183795731635985
LPXN,7.25046326094049,0.260249103501784,0.340680967030815,0.76406507010122,0.444828466619827,0.65318465743379
FAM111A,2.83888586114853,1.25916512731765,0.500531269624254,2.49604788315608,0.0125585647774936,0.0541268459301478
MPEG1,9.16729316149285,0.181528091792611,0.304650628523683,0.595781540154871,0.551321177282881,0.738757450919499
PATL1,3.37752143321512,1.25257279432861,0.491649483600955,2.53247112590585,0.0113261697582534,0.0497533129657326
STX3,4.62683546638101,1.02068475219642,0.423307499746018,2.40476532663707,0.0161828540091548,0.0653604315634768
MRPL16,8.72188005178042,0.504081986720861,0.302783872726483,1.66420344006061,0.0960717808566175,0.242347088704933
MS4A6A,25.9705807944205,1.89727672131898,0.288348470144173,6.56505236829611,5.2014578944837e-11,1.21331966803977e-09
MS4A4A,101.818754121212,1.67814803854294,0.232513776177534,7.21445642336931,5.41498439426525e-13,1.61180394860552e-11
MS4A7,377.106674315923,0.793590734796349,0.141025962368052,5.62715809455693,1.83202807503649e-08,3.2215509073334e-07
MS4A1,1.67900843016936,-0.0683214387602742,0.729539960765858,-0.094151044472129,0.924989172802811,0.961702003158515
MS4A12,0.0706374719110242,0.174846780426074,0.882701939111677,0.210589441611398,0.833207651931379,NA
PRPF19,1.15668423516471,-1.88975489487282,0.73922668325768,-2.54563818976887,0.0109078180256808,0.0484980349711862
TMEM109,0.84499675766766,-0.502222934553694,0.70938432831144,-0.700602994834672,0.483550808915403,NA
SLC15A3,2.5258724043856,-0.042628479282712,0.472110564854411,-0.0901087847478747,0.928200768401907,0.962888084049821
CD6,0.685725445139434,-0.198947487187215,0.805178728618401,-0.245132334426292,0.806353967290581,NA
CD5,0.181339211713567,0.0119716586193672,0.947971255109449,0.012519201665592,0.99001138319813,NA
VPS37C,1.08403885588059,-0.746485091229663,0.690780892172451,-1.07037802254531,0.284449187664712,0.503203420639607
DDB1,2.10716519762678,-0.775634874304888,0.549660592448804,-1.41006683517773,0.158519948945338,0.341478141056392
CYB561A3,7.0824167105922,-0.280547803365207,0.351693606306866,-0.798337319220831,0.424674766843533,0.634182464727146
TMEM138,4.2835430765289,-0.441359125194936,0.414656050130461,-1.06315070833098,0.287713611666512,0.506204068905067
TMEM216,1.93438918278492,-0.356911844245622,0.539550588456503,-0.661968149196774,0.50799163444196,0.707056062064248
CPSF7,1.54477179338098,-0.78983213067673,0.620267624564334,-1.26462180553321,0.206006932546303,0.40649396975426
SDHAF2,8.9411831769734,-0.624626883183048,0.319367019600735,-1.95603215681801,0.0504613661208829,0.155046616871423
TMEM258,20.5180128041028,-0.322706344349177,0.203935757145594,-1.58226769427363,0.113588472406899,0.272069622718117
FEN1,0.98599203108373,-0.358620418094737,0.75250892694581,-0.483596411071355,0.62867232231411,NA
FADS3,0.610361675882514,-0.394929646512339,0.85914197233585,-0.473371628339419,0.635948067675753,NA
BEST1,5.75943810296326,-0.52737760130342,0.353207133191877,-1.49216235877791,0.135656587497905,0.308138870250607
FTH1,21108.9613464376,-0.739905636175923,0.0839261435391588,-8.81615174117967,1.18460913410753e-18,6.15458291038595e-17
AHNAK,4.12593421025337,0.532510259106237,0.397131508938393,1.34010604699781,0.180210870427321,0.372748868799182
EML3,1.36925684557685,-1.19206240754438,0.759752805821928,-1.57318055442945,0.115677016621021,0.275341170341165
B3GAT3,2.74206978443615,-1.17878496343757,0.509401215039909,-2.29843749012974,0.0215369018150518,0.081243164272621
GANAB,0.653997306835267,-0.413733371036249,0.786792379026382,-0.516844389368785,0.605264790310913,NA
C11orf48,14.9517618184823,-0.231269596176621,0.21118433876858,-1.09501302137175,0.273510931835358,0.491545589760715
METTL12,0.740731896320854,1.12930319464589,0.78602915251454,1.44166594763741,0.149396634396497,NA
C11orf83,2.05623536527275,-0.412642551898151,0.563086871581619,-0.731733648679126,0.464331154297466,0.670283543018444
UBXN1,42.6288091003997,-0.399520195324225,0.163137733050188,-2.44882060691455,0.0143324812051978,0.0599634920114976
HNRNPUL2,1.76279774451123,-0.0730514834548007,0.587237066060631,-0.124608909545803,0.900833174581564,0.951959081842744
TTC9C,3.64979597218434,-0.641737944107097,0.443771330783895,-1.44235379817098,0.149202590578705,0.328144205542499
POLR2G,13.2110778692108,-0.638685597878605,0.240774641800603,-2.65201484879311,0.00800130230247181,0.0378852051852746
TMEM223,1.37842358392191,-0.670475799111005,0.720355687554305,-0.93896641512987,0.347747987913723,0.56717949287534
TMEM179B,21.9398187921901,0.0317493591703589,0.205882066605532,0.154193713011452,0.877456999199298,0.940220982681598
NXF1,3.94101193291586,-0.210867412472035,0.42217750238633,-0.498835392148323,0.617895352155694,0.789400339862739
STX5,9.957189882626,0.152653161080785,0.289622847304216,0.527011542383081,0.598185573058511,0.774672682988758
WDR74,1.07282223807034,-0.459566654842049,0.700778346941841,-0.653039755418671,0.513730649189104,0.711484198453086
SLC3A2,40.2056658013727,0.0454483649349082,0.244933972576311,0.185577177518858,0.852776352356127,0.925106293918381
RARRES3,22.9857035782449,1.36082207177255,0.269578023113883,5.04282733571775,4.58703132716917e-07,6.33209759294005e-06
HRASLS2,2.18274403276873,3.77988026018628,0.731943255452259,5.11341779707939,3.16381470220715e-07,4.53162932910122e-06
PLA2G16,1.68105378882557,2.03123117921598,0.719915227894835,2.79506333973879,0.00518895476035683,0.0268675292290326
ATL3,3.21690263377288,1.29349819668943,0.458681477872788,2.80059639224471,0.00510082711226594,0.0265011154059999
RTN3,13.9584124183403,-0.205356645995315,0.249137297439975,-0.824254784360585,0.409794804328881,0.620555725156215
MARK2,0.655087255345036,0.303558569937076,0.808063164807062,0.379294196364599,0.704469408888691,NA
COX8A,30.8055874106507,-0.350466669803511,0.180803415200476,-1.93850382139985,0.0525617850495062,0.159612434409101
OTUB1,13.2381393301731,-0.0816052847820241,0.27079887036839,-0.301357235944095,0.763142100172808,0.876302411590837
STIP1,7.93961087124937,-0.0558962345625019,0.323498820591883,-0.172787117626464,0.862818763382168,0.930906028455558
FERMT3,18.5237520345514,-1.4175906620613,0.257656395530785,-5.49462490579967,3.91541722037129e-08,6.54286824983097e-07
TRPT1,1.23734668557694,-0.421645306952559,0.66445962876467,-0.633551800795847,0.52637336476724,0.720350425034608
NUDT22,5.19185000511745,-0.34908919922232,0.382731562080339,-0.911995248649633,0.361771218752446,0.580764751452311
DNAJC4,3.33408456783942,-0.423796438076184,0.462600561358886,-0.914396492608505,0.360508544142312,0.579225844749315
FKBP2,18.9936493647199,-0.479282942469737,0.215509074796735,-2.22382554325541,0.0261601841222242,0.0942354061603951
PPP1R14B,0.655605709495319,-0.489301582541721,0.798450969917945,-0.607824229599468,0.543304057502951,NA
BAD,2.52844534688065,-1.19460085248135,0.494025488387631,-2.40189160826509,0.0163105405677334,0.0656441826370397
GPR137,2.52741891617945,-0.465321451563704,0.487736702904739,-0.952498039754687,0.340844459608825,0.561096802986751
TRMT112,24.8433028827082,-0.143472609419448,0.173682788198615,-0.82602225747183,0.408791466046926,0.620151447123536
PRDX5,17.0756432352323,-1.52619457381331,0.237334040443113,-6.41914387576185,1.37042844181918e-10,3.09565159881289e-09
RASGRP2,1.71683618021107,-0.19278342352205,0.611346213523415,-0.315632833867531,0.752281212906433,0.870461596432318
SF1,9.3760303358165,-0.37712912382238,0.287378838840046,-1.31196586090257,0.189531653604078,0.384376650229704
EHD1,6.72801955015696,-1.68181540384829,0.368355278437353,-4.54227482860332,5.56504247840792e-06,6.53064019796741e-05
BATF2,3.25401440594618,3.37073542817446,0.595554234783415,5.39289410176222,6.93318170183287e-08,1.11929755440607e-06
ARL2,4.25502282143348,-0.0393331368952895,0.412306137283222,-0.0954434740008997,0.923962586405399,0.961479639713557
SAC3D1,0.434127105602743,-0.993901953407403,0.870741507833594,-1.11654793468715,0.264187663829395,NA
NAALADL1,0.282590072972306,-0.0822028546289251,0.896920396340735,-0.091342279825103,0.92722062394242,NA
ZFPL1,3.3965853449434,-0.317011141216758,0.460980346060354,-0.688157171029282,0.491353811331087,0.693642791497519
VPS51,1.94035276305717,-0.919634225293071,0.584251899712252,-1.56997270891259,0.11642146054968,0.276392349639179
ZNHIT2,0.865159270617475,0.119496345533813,0.784089759587337,0.15454794850941,0.877177707876168,NA
FAU,225.038415240483,-0.174318800851851,0.0943208641490767,-1.84814511869498,0.0645813522377761,0.183897572515641
MRPL49,2.61025779708839,0.641832255373138,0.489717989113794,1.30833637068973,0.190759244059444,0.386151567689296
CAPN1,3.3902775383656,-0.466823626828718,0.435250110520385,-1.07221294694303,0.283624396500715,0.50288711160715
CDC42EP2,6.71811769523474,1.42157923155863,0.352428285919965,4.01687302582742,5.89754793689398e-05,0.00056933254154306
DPF2,2.68770033038613,-0.0224442224428872,0.470832249910766,-0.0477310796081582,0.961930564378523,0.979585384073994
SLC25A45,0.492583430971087,0.671737379844791,0.855320477341406,0.785553829998663,0.432128922223119,NA
FRMD8,0.998719403299545,-0.812716130929582,0.743426327237055,-1.09167100203135,0.274977735386529,NA
NEAT1,104.56274484411,-0.00244697283946671,0.148893412478714,-0.0164356650072027,0.986886827026155,0.99331775562777
MALAT1,8793.0427975756,0.121687769814794,0.0971725786211965,1.25228605007057,0.210465650175574,0.411358136372574
SCYL1,1.24153893421923,-0.931767175110586,0.665102496650486,-1.39715963035019,0.162365573401291,0.347003304428255
LTBP3,0.238335218860097,0.100308828127854,0.957862987239916,0.109323097445184,0.912946227277928,NA
SSSCA1,2.39644354137893,-0.682054613889237,0.498101675618562,-1.36499771771249,0.172253767345906,0.361391439200387
FAM89B,5.58430661417104,-1.25707320674432,0.387305733306882,-3.23664400263698,0.00120944187541408,0.00803716316045517
EHBP1L1,2.97285806410472,0.0812883754821354,0.502898675850817,0.161532443312665,0.871674060796491,0.937275118993781
MAP3K11,4.3204786095336,0.0689701506363113,0.426841812291158,0.161623504695839,0.871602346598625,0.937275118993781
SIPA1,2.17788994220122,0.416164888875124,0.526046097728141,0.790813940807502,0.429052573590171,0.638384654534712
RELA,3.340605648179,0.774609873717284,0.498524668482443,1.54623859319231,0.122046956091449,0.286094484849314
KAT5,4.46045280361193,0.263973149263796,0.378079694075467,0.697416997083492,0.485541867500256,0.688041599991065
RNASEH2C,14.3797122718975,0.0706584482433524,0.218970217374559,0.322639434373812,0.746968325217309,0.868726898375441
AP5B1,6.36815694038076,1.10870825310469,0.363766363864715,3.04203088826911,0.00234987779639033,0.0139600328548552
CFL1,175.98425166666,-0.280990964318259,0.108027474630709,-2.6010927393222,0.00929273289400439,0.0425885874011508
MUS81,1.86024302519508,-0.545877459684066,0.549629458240538,-0.989972763518014,0.322187431867924,0.543316958726818
CTSW,0.512989507102576,0.0300385854716568,0.878260197922847,0.032846428795516,0.973797053344861,NA
FIBP,12.2644290507161,-0.0578510422790195,0.256971577698895,-0.225099866521187,0.821901584816624,0.908042521181259
CCDC85B,3.41172757323789,0.59676217040144,0.472191927061366,1.26117984716946,0.207244057737287,0.407710771073526
DRAP1,97.1726748198668,1.45486283760993,0.125410767440691,11.5973465642293,4.25053513809147e-31,4.49848302114681e-29
SART1,1.48997310637849,0.335704577961609,0.591461946283807,0.566820397196509,0.570836211116408,0.75342469896773
EIF1AD,2.07049159275199,-0.610159695099146,0.614409704664447,-0.987703465363084,0.323297896855289,0.544696755829268
BANF1,12.037610020394,-0.667385129913906,0.265907783940212,-2.50815847546932,0.0121362223684212,0.0527040355893062
CST6,0.393672083855248,-1.45801003752487,0.893237397230073,-1.65381527682936,0.0981650510057582,NA
CATSPER1,1.14237479386899,-2.16922459705949,0.735002949028825,-2.89593269576707,0.00378033468312534,0.020517201057988
SF3B2,12.2374008728771,-0.0287323239687357,0.24871386859487,-0.115544558951458,0.908013504022016,0.954441268251945
PACS1,0.597604484666475,-1.76399012786233,0.836361454091123,-2.10848648606891,0.0349889304843799,NA
RAB1B,3.08770572738881,0.0282514407272303,0.445262261028981,0.0634320309967426,0.949422481553463,0.973264481090232
YIF1A,7.74525689147045,-1.41172873115375,0.366202517574577,-3.84458378532309,0.000120757221924516,0.00108510616870851
BRMS1,5.75115302075117,-0.339586892332131,0.346547064441697,-0.979379147757724,0.327392676337745,0.549177911731792
MRPL11,2.93770547306378,-0.782963178068401,0.449380420999523,-1.73649271083124,0.0824767521088327,0.217917077347193
DPP3,1.20624533342383,-0.768990719345525,0.718568462910667,-1.06191830235264,0.288272775484509,0.506204068905067
ZDHHC24,2.04156608567399,-1.61476697665332,0.59589683432485,-2.67786334422726,0.00740934412338957,0.035673463913371
CCS,2.89188049658422,-0.91768487896101,0.520028229100134,-1.76110492867271,0.0782206449914713,0.209913187570126
RBM14,4.0746019701978,-0.84154469072285,0.472205517344601,-1.7831134087845,0.0745678441436711,0.20341538390505
RBM4,1.67185983868593,0.157249427391968,0.570698506005417,0.27528354679897,0.783098404083502,0.886394806761183
RBM4B,2.36291094117152,-0.851991274117252,0.572551267195735,-1.48445589138674,0.137688016577461,0.311022535470431
RCE1,2.17521516622457,-0.614173812280634,0.503077015767068,-1.21717830037597,0.223536384454334,0.430138194328795
KDM2A,2.96254002578725,-0.942982869626243,0.49625943893508,-1.89643907926329,0.0579020084773078,0.169871652180603
ADRBK1,2.2441718945859,-0.475423984307988,0.545115851549491,-0.871209288473162,0.383639889205761,0.599371778789208
ANKRD13D,1.84136866067699,-1.32722698395438,0.700390209497029,-1.9177269467008,0.0551456430585058,0.164823094571738
POLD4,43.9455418273544,-0.789291886326737,0.164709789183751,-4.79124555074625,1.65749125988858e-06,2.09107341065414e-05
RAD9A,2.93007651068925,1.48910163726653,0.487535365176029,3.0219671342843,0.00251137813552046,0.0147745807860239
PPP1CA,60.8199825846315,-0.561541722582136,0.14515864176719,-3.86810525085128,0.000109684323089326,0.000999754236771129
TBC1D10C,3.2585073361538,-1.31220833182932,0.588178622235304,-2.23124420570469,0.0256649572520153,0.0931862965027113
RPS6KB2,6.59087177619596,-1.19706168392143,0.339431030161783,-3.51966456861265,0.000432092882011505,0.00329694368584212
PTPRCAP,2.7679162353534,-0.501390508800171,0.509980784533273,-0.982785153535439,0.325713190303428,0.547646626238333
CORO1B,6.82300205100604,-1.34048376663785,0.350724119078829,-3.8124223852603,0.000137611448764479,0.00120806364007527
TMEM134,6.71770510094644,-1.86889361761784,0.424226457367884,-4.37826439775532,1.196281692696e-05,0.000132752424733158
AIP,6.09563036171726,-0.73011475274159,0.375863346584782,-1.94129798145957,0.0522221442396175,0.159003491917642
PITPNM1,2.35330777448095,-0.527127609434335,0.569018668386905,-0.929389933711944,0.352687042682113,0.570831619634176
CDK2AP2,7.72308803684185,-0.380788567819911,0.318842100265944,-1.19413787300746,0.23242404050963,0.441342085538969
GSTP1,80.5441490952201,-0.64573355649322,0.174419597662213,-3.70154589047375,0.000214289888759354,0.00176719583587259
NDUFV1,1.95566806358515,-0.317252599756985,0.556655088525402,-0.568994697281001,0.56935973855969,0.751996973854547
UNC93B1,15.1296336425125,2.13907538296604,0.263994879784802,8.06408420933492,7.37868864475424e-16,3.19463678824019e-14
NDUFS8,4.23314576083839,-1.24937197647124,0.425572059610179,-2.92364801192597,0.00345955705779353,0.0190292286672666
TCIRG1,21.6762063313221,-0.588754966086676,0.198374227480282,-2.96794962193778,0.00299793461958827,0.0169635607435118
CHKA,0.271463989803737,-0.64548461769653,0.899073945457681,-0.725265388576215,0.468289234892959,NA
SUV420H1,2.93732949809458,-0.330922114284541,0.471998922912943,-0.701315036452002,0.483106431948481,0.68650989156549
PPP6R3,1.57234739154943,0.232582588987864,0.559913066600874,0.414131449404848,0.678777841770244,0.827644056910102
MRPL21,6.13928873123176,-0.524570377178407,0.33382250308373,-1.57065993506651,0.11626166016681,0.27627251054192
ORAOV1,0.633596179992272,0.0870431063116723,0.811846695114464,0.106280548892167,0.915359763909062,NA
FADD,2.20273063743815,0.127723625455149,0.560125108213882,0.227319611657667,0.820175224350881,0.906810100051322
PPFIA1,2.61169780414498,0.541381892694087,0.530813160034596,1.01775848375114,0.308792746301095,0.528843435753898
RP11-660L16.2,0.108609899468703,0.0847894311579033,0.934821723917381,0.093848908010267,0.925229180122506,NA
NADSYN1,1.02015722725567,-1.10409193899359,0.758117937529116,-1.46560861386859,0.142754943225893,0.318440476399679
RNF121,1.16286280874091,-0.290019014562685,0.671127598220491,-0.429452898807315,0.66759366427651,0.822412822197357
NUMA1,0.879782245474795,-0.809909009212184,0.758100818747455,-1.07206063560701,0.283692798132935,NA
LAMTOR1,27.4693290673656,-0.617024572177309,0.176574595109925,-3.49374606468634,0.000476293826791391,0.00360532347034808
ANAPC15,2.13544404427052,-0.888749314525839,0.524852659136632,-1.68758160095245,0.0914915735829176,0.234577991487831
ARAP1,4.44229562184226,-0.210883624731408,0.440265839428044,-0.480018795406394,0.631214028336014,0.796860652074292
STARD10,0.523671134620387,-0.752409280630671,0.855301363121777,-0.875416481325981,0.381347335344667,NA
ATG16L2,4.28791867255766,-0.461061882084455,0.449418550343486,-1.02461438813421,0.305545172816105,0.525777093295656
P2RY6,2.91594570173377,0.860091698227179,0.519608922421096,1.65192343428462,0.0985501601851523,0.24583769771198
RELT,5.00363197076306,0.237567187187782,0.41095088924908,0.577434767157444,0.563645793563318,0.747213108377259
RAB6A,5.79162751897175,-0.165160640536182,0.350659366150514,-0.470974946679076,0.637658625950613,0.799938583661563
MRPL48,1.34109285391062,-0.440215622943622,0.71993276659323,-0.608733690259966,0.542700972157093,0.733223653871817
COA4,3.02085403005552,-0.464401637236945,0.476934826389516,-0.97399778566878,0.330057638687275,0.551382462758777
PAAF1,0.4829774842127,-0.523867201114422,0.9097529044339,-0.562535949788554,0.573750917214307,NA
UCP2,20.2590718975162,-1.27062737003814,0.362512370303868,-3.50514972457675,0.000456350563126901,0.00345894359187035
PPME1,0.940519762588317,-0.496050404668443,0.825246451671008,-0.60984396724067,0.541965173165644,NA
PGM2L1,0.23376552290652,0.363107321228462,0.962242868350574,0.386933454114946,0.698805473683974,NA
KCNE3,1.8549752133782,-0.570317701632077,0.59740194110946,-0.953347507202147,0.340414028468101,0.560976405044751
POLD3,1.94421175752465,-0.0291252244253315,0.527809421446393,-0.0551013977608727,0.95605768258621,0.975897633553085
XRRA1,0.282767041368058,-0.184269658177062,0.929827483761701,-0.199808621683342,0.841630258170385,NA
SPCS2,36.073617595171,-0.107472133153674,0.165057811866793,-0.651180801352409,0.514929782022348,0.71254811241107
ARRB1,3.07837048774218,-1.46897067771308,0.490824106325032,-2.96890128055308,0.00298866594412232,0.0169278749956978
RPS3,344.34765182683,-0.467300243346056,0.101945253845786,-4.58386208357017,4.56465373561108e-06,5.48046136533978e-05
DGAT2,1.15807114937118,-1.38958182225775,0.807345130063118,-1.70439914655939,0.0883065432645288,0.228668733464786
UVRAG,2.70250780969944,0.638551712721383,0.476054074764319,1.33813221435972,0.180853341110422,0.373235102367246
AP001189.4,0.608654962265595,-0.863881088665677,0.921454065702241,-0.990807072864853,0.321779794977036,NA
ACER3_ENSG00000078124,2.29510926525622,-0.0651329178409757,0.510780377903406,-0.12741393048566,0.898612791167807,0.950679767035176
PAK1,10.0159409656456,0.145943548737651,0.279072830917185,0.522592213370464,0.601258060360534,0.777288696284061
CLNS1A,6.46310017864762,-0.736322397761468,0.33171580118481,-2.21737266648844,0.0265976359518913,0.0956009367704774
RSF1,9.72260485228382,0.37531455590955,0.32168649057499,1.16633520139387,0.243478946140815,0.455575188464191
AAMDC,2.76439573052675,0.556491536840133,0.471241011228559,1.17940866706825,0.238235485592705,0.448457114677967
INTS4,1.39902394529506,0.190519517921787,0.706867416049009,0.271532520842808,0.785981490865011,0.887548749317039
NDUFC2,28.6359855961123,-0.401206642215934,0.178424516831358,-2.24866742915067,0.024533662894885,0.0899935067036377
ALG8,0.770518808447658,-1.47032938947384,0.755163237450825,-1.92765295575373,0.0538983073006611,NA
NARS2,0.381649526830259,-1.35581499765805,0.905784566801795,-1.52646191267643,0.12689486887332,NA
PRCP,5.99162646510627,-0.104444629709588,0.343695814336965,-0.304055750223588,0.761085417943864,0.875873364523782
RAB30,0.328675170675192,-0.0981356142785947,0.961953324769853,-0.107103213125326,0.91470709812702,NA
RAB30-AS1,3.5120442314999,-0.883421850380877,0.449528916720727,-1.9610693345626,0.0498709353641204,0.154060754381593
PCF11,2.94185044685847,-0.0309887094640183,0.438933627235261,-0.0705590578593287,0.943748696252498,0.970232739536432
CCDC90B,13.5426863000004,0.43211877509507,0.229291813822953,1.88406908803622,0.0595556308831323,0.173564727433504
TMEM126B,5.99558089340678,0.751160049333089,0.331158478704309,2.26576125426479,0.0234660048524045,0.0869703098128998
TMEM126A,4.04540746853334,-0.931515091247771,0.420569353959467,-2.21006203663721,0.0271008571288494,0.0969827166508292
CREBZF,0.704133746516091,0.194064175484091,0.871870820353758,0.22806681962417,0.819594294463538,NA
SYTL2,0.259968328354514,-0.143154569284583,0.955054715543789,-0.156956200540147,0.875279367073124,NA
PICALM,5.57276329016494,-0.808140102379654,0.375771788252682,-2.14660933285066,0.0318243962865418,0.110094688122026
EED,2.33290322814511,-0.312446268119932,0.531920108667151,-0.585912271653695,0.557934470253623,0.743089139477851
C11orf73,9.25342456301087,0.187454268994119,0.29545393559168,0.634136596178628,0.525991681386812,0.720182668693252
PRSS23,0.11204481757142,0.35452819347651,0.936527474665873,0.381719979240928,0.702669078992763,NA
CTSC,188.606106227143,1.85847909712942,0.533451837921695,3.48298499133607,0.000495856162885667,0.00372380810892455
CHORDC1,8.53064668167499,0.844482693330567,0.394977433347789,2.13758284583243,0.0325506152255979,0.111929462102462
SLC36A4,3.90484150014929,-0.420537764442249,0.432741728338368,-0.97176067518508,0.33116962368915,0.552593985221458
SMCO4,42.2077512401537,0.0854704645344837,0.176891958145764,0.483192832866546,0.628958823807005,0.79541926931999
TAF1D,3.42380539204106,-0.403219815239091,0.468611460663222,-0.859850496830211,0.389871459404681,0.60628990217626
MED17,3.77119803713597,-0.220592253703854,0.475944416645073,-0.464993448510352,0.641936148271402,0.803122829984909
PANX1,1.34563749871566,1.64590496857864,0.739825095669752,2.18709609425025,0.0287355097126761,0.101309955587874
MRE11A,0.539564748339822,0.251718047560144,0.814615138624679,0.302447448476372,0.762310988615761,NA
ANKRD49,1.90990512496019,-0.222772155476953,0.53295837022612,-0.417008992353269,0.676671830332359,0.826673687547976
FUT4,2.34952860941719,2.61676886648438,0.686244791160749,3.70839292357593,0.000208578826347364,0.00173008416919476
CWC15_ENSG00000150316,13.2848508192446,-0.509720499181643,0.287398157416288,-1.77273549584493,0.076272546386463,0.206355424098738
ENDOD1_ENSG00000149218,2.27325222686451,2.67698643412662,0.673214694516926,3.87503879939242,0.000106607711950197,0.000979161697437839
SESN3,0.848557670449418,-0.519080157294121,0.724680998816013,-0.707268110951071,0.479399878699406,NA
FAM76B,1.37828671605479,0.540575526564984,0.681295208849068,0.78928788069088,0.429943768356078,0.639211403786417
CEP57,3.03117736506299,0.199207177239299,0.513815562263783,0.386906300682307,0.698825576474194,0.841860912637019
MAML2,1.81749201183914,0.0231848307322325,0.576609337593191,0.0401834167926409,0.967946898434055,0.982386170227424
CCDC82,5.78535470442961,0.678421736830912,0.351220301890821,1.93041847274842,0.0535550078858883,0.161683502413023
BIRC3,26.5864988360801,1.10584919967867,0.29118376639954,3.79571805343657,0.000147216734054327,0.00127669747362743
BIRC2,4.86522705057225,0.159255762732484,0.362612017106874,0.439069727473021,0.660611013400516,0.818248422117895
TMEM123,49.7237558952158,2.2332762624148,0.175324858277334,12.7173431136372,4.73694381080366e-37,5.75992210186019e-35
MMP7,0.217983923045646,-0.388104200069337,0.972072295750287,-0.434648606989368,0.66381750759613,NA
DCUN1D5,3.04510554471783,0.259511092633674,0.478825852161771,0.542181375536605,0.587693564191887,0.766548398575949
CASP4,103.795359820287,1.28451559243602,0.145466151427378,8.82865840605321,1.05938726984368e-18,5.65831611883795e-17
CASP5,12.1737629423929,0.0927347373730754,0.392080714762311,0.236636971814849,0.812938435316228,0.902650700958275
CASP1,101.929083296785,0.612758820707677,0.11870703730575,5.16162678075074,2.44813003398409e-07,3.56914876128038e-06
CARD16,207.464804650928,0.490166053233323,0.127757024500839,3.83655434577366,0.000124772594826116,0.00111592391147301
KBTBD3,0.843868278476169,0.388975749393634,0.807249726183169,0.49272461104588,0.622207185458343,NA
AASDHPPT,2.58717130005871,-0.381846541962361,0.503021735615071,-0.759075696481638,0.447807276531027,0.656546584241873
CWF19L2,2.65008383557768,-0.123482420966624,0.468738517017973,-0.263391405367454,0.792248914328911,0.891186645301147
CUL5,2.43863642509453,-0.073494223809651,0.500936876532768,-0.146782237306924,0.883303905389627,0.94303788890374
ACAT1,2.3986822802436,-0.00693870680283775,0.578321318727727,-0.0119574924554407,0.990459528736444,0.99551111620274
NPAT,0.98276229896747,0.169190000976931,0.736602814409396,0.228369972988742,0.819358630794662,NA
ATM,2.62668227683384,-0.751630141552279,0.517493131818405,-1.45005404623435,0.147043448415699,0.324962609317757
DDX10,0.380077221889422,0.0117749391409488,0.895932954403257,0.0132558968035155,0.989423634346166,NA
RDX,7.98490968798374,-0.0659957988548711,0.318071446797885,-0.207502069080932,0.835617776945071,0.913807040803881
FDX1,8.63910939675329,-0.728477989448838,0.283493692935687,-2.56834853288311,0.0102184357969261,0.0462113999661662
LAYN,0,NA,NA,NA,NA,NA
C11orf1_ENSG00000137720,0.513029606245217,-0.244844536589941,0.887148247461879,-0.275405256849867,0.783004905810922,NA
DLAT_ENSG00000150768,0.718004765556614,1.08060278750591,0.855257039849351,1.25376079736958,0.209928962250636,NA
C11orf57_ENSG00000150776,0.87337390750739,-0.778345999885774,0.769308700561096,-1.02249833191322,0.306545101746915,NA
TIMM8B,8.94369302568454,0.0773067300619364,0.278080818394434,0.277938504148756,0.781059565881352,0.885420187429505
SDHD_ENSG00000204370,19.6209036413211,0.350377118628747,0.196806024924292,1.78011754999818,0.075056724999739,0.204067166210042
IL18,4.81600032180554,-0.118523664082652,0.527244829879563,-0.225069185144967,0.821925452680779,0.908042521181259
PTS,3.11867714825126,0.175129027140237,0.454260688606965,0.384889551244533,0.700319247588128,0.843127132918928
USP28,1.2206041348176,0.776567248883978,0.756514421996977,1.02512942631379,0.305302122503946,0.52569973083816
RBM7,7.43813345958077,0.820306220922799,0.326809437566463,2.50599211007486,0.0122108344561462,0.0529074442129457
REXO2,1.81858957519021,-1.04321143406533,0.569369853060818,-1.81895321886069,0.0689185674946553,0.192482510925036
CADM1,0,NA,NA,NA,NA,NA
BUD13,1.24277289771156,-0.775076223866441,0.649307811839942,-1.18506470470939,0.235991864835457,0.446144064682315
ZNF259,4.25889318401221,-0.86723219752137,0.428936397836498,-2.01978843447922,0.0434053373142714,0.138970029552415
SIK3,0.771520040981441,0.414759241194866,0.756884169109692,0.543374497580256,0.586871980854299,NA
PAFAH1B2,2.24591345913866,-0.4674247984642,0.496303270278256,-0.93982208409425,0.347308828953745,0.566781826804869
SIDT2,2.96894140098624,0.978403552239057,0.479193465131648,2.03322833699356,0.0420294594252321,0.135768333951315
PCSK7,2.69891365517541,-0.127757757452875,0.467858617475373,-0.272757118322956,0.785039924655145,0.887548749317039
CEP164,1.57201260609676,0.145530105339232,0.624177046193743,0.234013746258554,0.8149743069595,0.903331684304411
FXYD6,1.08625500709437,1.85480955451349,0.72572508770544,2.52895681766234,0.0114402101624767,0.0501771305284378
IL10RA,27.2725056085739,0.460819548440305,0.205866144285905,2.23835592963688,0.025197853522055,0.0919576838304882
AMICA1,1.86489536193043,-1.97952778292082,0.629442777456059,-3.08812005067016,0.0020142708231907,0.0122724496317003
CD3E,1.16615146841455,-0.925393905995831,0.659234077970739,-1.3981552891727,0.162066439844902,0.346505687883882
CD3D,3.38958084095571,-1.233721790381,0.591961111317251,-2.08109311061408,0.0374253843268581,0.124135851089956
CD3G,0.903726466018306,-0.14948399430839,0.806055310289978,-0.184674996672775,0.853483958592071,NA
UBE4A_ENSG00000110344,1.32372580256287,-0.505360188860262,0.622775668152743,-0.808183708704086,0.418984834682272,0.629153894517538
ATP5L_ENSG00000167283,70.6302910207147,-0.386928161499376,0.126786294570379,-3.05172403836403,0.00227531179359173,0.0136269767174387
KMT2A_ENSG00000118058,2.03556754178263,-1.60018592744054,0.605223141516119,-2.62155363187926,0.00875299889644346,0.0406694217017678
ARCN1_ENSG00000095139,3.48692443966527,-0.796012284723397,0.453240410261533,-1.7537607860222,0.079471504965844,0.212630922696535
DDX6_ENSG00000110367,4.09834222479265,-0.583719013664318,0.414737896032182,-1.40529793794378,0.159932701287063,0.343383442562891
CCDC84_ENSG00000186166,1.06600220765952,-0.665294424672742,0.728146412131166,-0.919842645279446,0.357654994446542,0.575774167116053
RPS25_ENSG00000118181,101.462175976577,-0.302840637291697,0.127735888435778,-2.3708014450385,0.0177495634198445,0.0701512828107961
TRAPPC4_ENSG00000196655,16.0604593096847,-0.0779037354817052,0.219630983466508,-0.354662094953093,0.722842751064747,0.855928296630275
H2AFX,0.363871387644328,-0.932599595057743,0.897454518543285,-1.03626577981633,0.300078166123035,NA
DPAGT1,0.656549827598828,-1.07688779353724,0.811996595766597,-1.34891004199323,0.177365862339902,NA
CBL,2.08560269204224,-0.482901612149327,0.519148472116243,-0.9283545702133,0.353223675803945,0.571214857730489
RNF26,0.806554954002528,-0.110875141428722,0.733527364862045,-0.150188471773494,0.88061592092405,NA
SC5D,1.25937286908982,-0.511318973689789,0.753304954406211,-0.676161626396663,0.498938033199984,0.700188412663911
SORL1,4.91757859700928,-1.92615185180144,0.454346135924194,-4.19707776653575,2.70381110559378e-05,0.000279426409918055
CRTAM,2.40727967885403,1.25047079078601,0.54941632371918,2.2499688687053,0.0244509215722121,0.0897476023026281
HSPA8,165.764012657077,0.924174921347295,0.173987937564208,5.31162395314344,1.08652629088153e-07,1.7012322609282e-06
AP000783.1,1.06684285641716,1.53909188087444,0.743779917620576,2.09369506998064,0.0362871523910308,0.121204603106219
TBRG1,9.34216982181568,-0.0802751594831421,0.338756721617794,-0.237038191495548,0.812627161883614,0.902480417832268
NRGN,1.00184571433044,-0.0765011441641265,0.708274048240501,-0.108167630943769,0.913862721033585,NA
ESAM,0,NA,NA,NA,NA,NA
TMEM218,1.23044087853423,-0.887922733430689,0.696937921168425,-1.28043791123418,0.200391167938933,0.398886747527173
FEZ1,0.336545955129918,-0.481744121508881,0.926551896606718,-0.51835628361103,0.604209710036876,NA
EI24,5.5106215319537,0.178988787366653,0.370340614902088,0.483536840455749,0.628714608173308,0.795286406753088
STT3A,1.17439243432397,-0.69326654026804,0.688326770211756,-1.01161972621802,0.311719910398399,0.531626167689302
HYLS1,1.13063214685744,1.01367776189519,0.667566215121933,1.50808209250702,0.131533517794249,0.301965650541681
PUS3,1.00116639596443,-0.384138812902197,0.677019414944095,-0.564760870152273,0.572236425523593,NA
RPUSD4,0.392364529933231,-0.282827790598208,0.852269824610713,-0.323389199561024,0.746400507994739,NA
FAM118B,0.864365652278644,0.00221322538661542,0.738366003819178,0.00295656193207066,0.997641008318103,NA
SRPR,4.26794834319455,-0.595319732332423,0.41412204127018,-1.43676369494308,0.150785149495765,0.330463049176598
DCPS,1.06190696344749,0.419733891089386,0.828111357753798,0.513433273061502,0.607648275743906,0.78240227357896
ETS1,0.152214662738546,0.232190049825236,0.95172183096983,0.247577265137326,0.804461502969805,NA
FLI1,1.08523983313379,0.0161450935156061,0.757207025442134,0.0217192523399608,0.982671906248308,0.990296234210735
NFRKB,0.508826669171125,0.51962822857847,0.79819208027082,0.6517020955312,0.514593370497975,NA
APLP2,21.5298710014932,-0.672798693626438,0.200643622422157,-3.35238835436267,0.000801175479123546,0.00565972541803593
ZBTB44,0.773382132573889,1.18321773190059,0.768262154518473,1.51536968426064,0.129678810199215,NA
VPS26B,1.49242406839185,-1.64112885749047,0.66401989289165,-2.44523640708512,0.0144757220708866,0.0604742336514012
THYN1,3.8045022045938,-1.12277477200213,0.452941422355639,-2.47382954362474,0.0133673458067672,0.0568833814487523
ACAD8,1.77727336366552,-2.15176815561803,0.726240947140929,-2.94767689886238,0.00320171508414322,0.0179039155634819
KDM5A,5.86378706634448,-0.0565849139378931,0.329068794343285,-0.171938354951101,0.863485992688684,0.931294386789569
WNK1,3.34952032654643,-0.628291257943245,0.442974531556571,-1.41638619889189,0.156662462431197,0.339138626058443
ERC1,1.86238139426646,-1.51709632098028,0.601272557650217,-2.49300606997155,0.0126666680828812,0.0545105482633028
ADIPOR2,1.87830979366574,0.0905729078854592,0.553407990286665,0.16381322121551,0.869878183258828,0.936048544026399
CACNA2D4,0.383088268822045,-1.35102843012969,0.877137305823701,-1.5475820826285,0.121722947989833,NA
DCP1B,0.5444810391597,-0.745421099913879,0.883337732131576,-0.889921859417387,0.373507845494512,NA
FKBP4,11.9444947101049,0.570405586630937,0.30966675985467,1.84111466991992,0.0656047563268591,0.185775084775882
ITFG2,0.601016253618365,-0.987093312903793,0.821965278624587,-1.18199722424908,0.23720680224442,NA
RHNO1,1.40463338646201,-0.288906581010784,0.63176034003057,-0.456414037485168,0.648092273313685,0.807818395199064
TULP3,0.488030632765517,0.18017550424565,0.87527525929156,0.209059083944561,0.834402115180665,NA
PARP11,4.76072328443047,2.10652782960864,0.465432547034211,4.46114961378177,8.15211495268021e-06,9.1892183342342e-05
RP11-664D1.1,0,NA,NA,NA,NA,NA
CCND2,0.513717763474782,0.0487394556996124,0.885158702327044,0.0572050896398533,0.954381823855506,NA
C12orf5,3.79794105879958,-0.212664062951401,0.40988082205159,-0.518824452472136,0.603883164404588,0.779402051619743
C12orf4,0.51988638818619,1.12774769159971,0.867561223082471,1.2736287518188,0.202795017604891,NA
DYRK4,0.448655389922333,-0.308530341190232,0.852742583323404,-0.367223434883252,0.713452360112295,NA
NDUFA9,10.4178212360371,0.744918664273796,0.289739046199947,2.56874333322283,0.0102068024611949,0.0462113999661662
CD9,14.576451119801,-2.37910593045194,0.728235585824461,-3.26977955650877,0.00107631326079469,0.00729671445485366
TNFRSF1A,22.8047722574146,0.552795451842525,0.228723488875906,2.4172321918762,0.0156390374789121,0.0637952171248983
LTBR,1.35117250677659,-1.00047430347338,0.60371676716881,-1.64607671523427,0.0997479656827818,0.248175717839398
CD27,0.614113710679814,-1.4388978103148,0.842654709509144,-1.76040654331864,0.0783389007049007,NA
TAPBPL,2.53006515648616,0.0702921574082275,0.500343293813409,0.140106793234647,0.888575613312599,0.946191471973449
MRPL51,16.5999356645673,-0.720613894204943,0.223671686104435,-3.22100144563694,0.00127743503724211,0.00839142671015937
GAPDH,278.142505009333,-0.59078332350805,0.113950729196502,-5.18461435413738,2.16462298009648e-07,3.22156779459672e-06
IFFO1,2.85067491441279,-0.145848213926366,0.45803408731403,-0.318659387128471,0.749984814671321,0.869512655032943
NOP2,0.429476079273185,-0.124082900375811,0.918214472153893,-0.144139589792329,0.885390242990875,NA
CHD4,3.48887856457501,0.154893889961249,0.422235263557195,0.366839120525535,0.713739024892591,0.851159153475357
LPAR5,0.173648274124419,-0.00875203805416026,0.967018299070748,-0.00951687366877224,0.992406748054006,NA
ACRBP,1.25216738530851,-0.211049023428197,0.645931506690179,-0.326153120637688,0.744308507964036,0.867545579307762
ING4,5.61821515007547,-0.15217814408002,0.385728115900213,-0.395011139517969,0.692834666963915,0.838214215220852
COPS7A,2.96693859208532,-0.201817573798276,0.450783558215295,-0.447146143488263,0.654769544124498,0.813656869900306
MLF2,15.9717663990671,-0.415942110087343,0.217121575732486,-1.91582399047141,0.0553875030034026,0.165127446944824
PTMS,1.19211460383939,0.579298279985248,0.697509845230859,0.829173466515886,0.407006256843601,0.619265356588262
LAG3,1.82924089301345,3.57643780343831,0.706973537442769,5.00642849341843,5.54492471308407e-07,7.61760690751814e-06
CD4_ENSG00000010610,2.16937400223204,0.521062782252852,0.519607032229735,1.00139301470233,0.316636839850945,0.536967222477196
USP5_ENSG00000111667,0.500706949086523,-0.795575164831617,0.875241907790539,-0.934723629523455,0.34993074608626,NA
TPI1_ENSG00000111669,58.0079287042029,-1.01074219407691,0.168693236050614,-5.99028066568255,2.09479211679468e-09,4.23029574115957e-08
SPSB2_ENSG00000111671,2.23093882808498,0.424947661797733,0.633788395777416,0.672620405783093,0.501188816333504,0.701094242649828
C12orf57_ENSG00000111678,2.63335708041145,-0.362927517371203,0.491037661690226,-0.739318675208243,0.45971351181368,0.666817949242432
PTPN6_ENSG00000111679,38.6129504039713,-0.344776692523439,0.175980743653582,-1.95917960343715,0.0500917569207988,0.154144110048012
EMG1_ENSG00000126749,5.57417104206709,-0.918751001017473,0.383798538835872,-2.39075924164076,0.0168135743959059,0.0671027996264319
PHB2_ENSG00000215021,3.67195824883765,-0.912213518936594,0.450648331635915,-2.02179844456464,0.0431971785408007,0.138458707437283
LPCAT3_ENSG00000111684,2.3117273458252,-0.363042254752793,0.516247606100068,-0.701468233638643,0.483010852346664,0.68650989156549
CD163,1.12430133767893,2.59983899532884,0.776138511905073,3.34247151038422,0.000830358786797564,0.0058442123972267
SLC2A3,2.96698749239669,-1.07948515374102,0.482008613161423,-2.2333711422634,0.0255244795726251,0.092794148064601
C3AR1,156.242705845894,0.842430221057038,0.155930104511236,5.40256028336182,6.56963678339971e-08,1.06967163011764e-06
NECAP1,2.38583106973721,0.869438727741836,0.53145339238573,1.62451645388318,0.104265631648188,0.255522334849655
CLEC4A,1.87235822316408,-0.691865851558572,0.645133712806656,-1.06383793414729,0.287402123452386,0.506164294462369
CLEC4D,1.88029810989671,0.179815464460835,0.696905075403826,0.258201242633684,0.796251598952619,0.892795347854467
CLEC4E,7.40055897622695,0.404011976087767,0.516747519701057,0.779841933618263,0.435483920369186,0.645265907417656
M6PR,21.4057999449812,-0.591269561969462,0.21253887838109,-2.78153143638503,0.00541030905478637,0.0277308665902279
KLRG1,0.517923023415204,0.545398805033683,0.848783040412157,0.658567624652267,0.510173458458637,NA
KLRB1,0.444060599549811,0.33451080664422,0.842143423503685,0.399466169993486,0.689549746045492,NA
CLEC2D,6.3007155295879,2.94104430616341,0.503862869272517,5.67035476135967,1.42502130317673e-08,2.55297703688245e-07
CD69,32.2247932394225,2.94263513673475,0.226873737013909,12.8975307899794,4.64751320493593e-38,6.0364859014111e-36
KLRF1,0.324516532007026,0.191989936239945,0.953438219090283,0.208024849472959,0.835209564685033,NA
CLEC2B,62.3175161919383,1.25474327283229,0.173856026610631,7.21515746643467,5.38716007822832e-13,1.61180394860552e-11
CLEC12A,12.0526079593505,-0.0771160471517796,0.379134086657499,-0.203613885502496,0.838655241396005,0.916220605306367
CLEC1B,0.151007115837435,0.250242271336216,0.957209623076045,0.282314437135672,0.777702416405754,NA
CLEC7A,10.7163533059123,0.805365268612143,0.319241030332412,2.51964338013856,0.0117473785526806,0.0512882111753778
OLR1,37.8434039479312,-0.690637674869885,0.3655125761656,-1.89013491968325,0.0587399179285942,0.171449760450417
GABARAPL1,10.9465364177271,-0.160515679446319,0.306751550012492,-0.523085007581701,0.60091509817351,0.777288696284061
KLRD1,0.940707831760593,1.38755395578769,0.761161611063163,1.80135478384246,0.0716469781164207,NA
KLRC2,0,NA,NA,NA,NA,NA
KLRC1,0.30870637755203,0.402989856567659,0.952002321293333,0.412563108413176,0.679926734854432,NA
RP11-291B21.2,0.10371223307565,-0.0752458445997808,0.93437155457596,-0.0823433963586225,0.934373646264207,NA
MAGOHB,1.47862699706332,0.22760047935972,0.613602427777897,0.369310272514889,0.711896469569668,0.850614326487697
YBX3,8.32971697139378,-0.506258553118486,0.318658602683953,-1.58946013175433,0.111956548121673,0.269176134840286
ETV6,7.57701475777892,0.0503194934565459,0.319121216607798,0.157669415185778,0.874717302137069,0.938604840727253
BCL2L14,5.71577692146965,4.57653131156141,0.607009077487053,7.07298668965659,1.51634037231114e-12,4.37670971098897e-11
LOH12CR1,1.0999154572232,-0.961681167432238,0.675032061794784,-1.41566965518678,0.156872246837612,0.339335689128293
DUSP16,0.301394132824358,-0.220552170323277,0.962273086402834,-0.233840872464055,0.815108517460432,NA
CREBL2,2.92552468952866,0.126477624660964,0.477524900076625,0.264547492113767,0.791358074409746,0.891154954729398
CDKN1B,2.93931799612908,-0.0831539318048047,0.476873082314905,-0.174609520301546,0.861386467395554,0.930332043684787
HEBP1,8.91563013883218,-0.161285117657256,0.300697888751808,-0.536651400884245,0.591508431779759,0.76875313426574
EMP1,7.35658162562884,1.47042738318153,0.520940011605428,2.81500159804764,0.00487769913404328,0.0256449407093444
ATF7IP,1.03235004552193,0.379290806875336,0.716189103026489,0.522548285195666,0.601288636646,0.777288696284061
PLBD1,5.34684779226421,0.7557603859877,0.430362172545031,1.75098306111254,0.0799488278308014,0.213209309870756
H2AFJ,5.26177349303178,-0.893216272883354,0.370511823348608,-2.40679981438195,0.0160929885252882,0.0650894758825352
WBP11,5.73922266742444,-0.0933379727300893,0.363092678411343,-0.256993219200304,0.797184007617951,0.893062644437162
ARHGDIB,70.1708750559717,-1.87660168269988,0.147322575854917,-12.7302922867042,4.01333968629236e-37,4.98613832764366e-35
STRAP,8.97485816328903,-0.601494015080988,0.282310974300699,-2.12995176077312,0.0331755961570874,0.113328471032728
DERA,7.84046554077176,-0.0701280916716387,0.347790324849334,-0.201647183973376,0.840192555360634,0.917230268173071
MGST1,5.12870504939483,-1.11474377701187,0.400088661487446,-2.77762427056809,0.00547578965632338,0.028041342191656
PYROXD1,2.25542143769156,-0.166720259533457,0.567331472064787,-0.294369863243034,0.768475292884522,0.879836592286617
RECQL,3.15373653812556,-0.820833502019624,0.488681609327426,-1.67334939037958,0.0942585346934765,0.238885820742004
GOLT1B,5.50592562158697,0.455667293971526,0.342774642409708,1.32858140218492,0.183986111150438,0.377280453973719
LDHB,7.56160392393972,-0.618345674215582,0.3361236063194,-1.83997069743271,0.0657725394504343,0.185992114279679
CMAS,5.814504269142,-0.442832247256206,0.331838798942206,-1.33392847109553,0.182227299719206,0.375154545351319
ETNK1,8.26040163134919,1.41377211826512,0.313512679388529,4.49383284481514,6.99525453154222e-06,8.04383896333275e-05
BCAT1,3.32557727338658,-0.663098609925822,0.466417282558893,-1.42150465041565,0.155170102593081,0.336898180190104
LRMP,0.669932189673709,-0.621268706173481,0.859975624946299,-0.715207266725735,0.474480979484823,NA
LYRM5,1.05091257663851,0.350743771740662,0.769160175703716,0.453736861747719,0.650018232240846,0.809512790859977
KRAS,13.8966571736654,-0.232926749016861,0.230782583055795,-1.00909197144666,0.312930528005941,0.532479865811351
ITPR2,1.60173419021061,-0.332276422784831,0.588231850279628,-0.565028556915074,0.572054340611533,0.754161604750845
ASUN,0.638854993756334,0.559363673595598,0.781142276885783,0.710056017658647,0.477669399168394,NA
FGFR1OP2,10.9969500896469,-0.389131017581974,0.282794986699307,-1.37618675016479,0.168763823146439,0.356271730250315
TM7SF3,1.19402893746518,0.371475286224136,0.670525264391591,0.550804972317669,0.581767375220153,0.761572406340001
MED21,2.0154812043971,0.557232541453567,0.535389672951515,1.03934232408828,0.298645557448799,0.519561449260239
STK38L,7.55020734391254,-1.16800727441204,0.3945823118561,-2.95511702179505,0.00312550474985568,0.0175464240131878
MRPS35,2.7738260288087,-1.11015972910197,0.516979492256745,-2.13878718029486,0.0324529081802819,0.11172793388573
CCDC91,2.77373895456471,-0.407692268916906,0.513247862583252,-0.795371340802011,0.426397525833164,0.63542682141761
ERGIC2,4.30925329562424,0.397834424668487,0.388178140033347,1.02493603669953,0.30539336944579,0.52569973083816
FAM60A,2.38212184667268,0.0671220004879512,0.557999479699609,0.120239700413906,0.904293269510086,0.9528394264931
AMN1,0.659213208773354,-0.22854299979706,0.805161377174372,-0.281532611282353,0.778301918944325,NA
KIAA1551,5.37323124041442,0.696217680994667,0.385126160159857,1.80418086084234,0.0712029586986088,0.197536363574053
DNM1L,1.47508717381999,0.0280375553677711,0.659534568956382,0.0424994944497761,0.966100514758405,0.980840151476888
YARS2,1.89317974612916,0.179162785602883,0.611491702059599,0.293694918841138,0.76899103735287,0.879836592286617
KIF21A,0.0353187359555121,0.0674168058199646,0.882413679742461,0.0835247909725053,0.933434265916411,NA
LRRK2,5.40359965207147,-0.744374684687506,0.385593594503687,-1.92802647471383,0.0538518332342268,0.162322377074687
GXYLT1,2.66571482730111,-0.00458588116203219,0.478802027365927,-0.00957234894072929,0.992362487207129,0.99619736771276
YAF2,4.10608295964126,-0.0463161668298584,0.402571985541301,-0.114952914929496,0.908482442994362,0.954447573998201
PPHLN1,3.74653337887287,-0.90937361119305,0.424741404828084,-2.13704024339181,0.032594718554724,0.112013720108387
ZCRB1,5.12466492860825,-0.103563252933864,0.367617009076878,-0.281734310473885,0.77814724375285,0.884396509655171
PUS7L,0.506971020822466,-0.313057747956328,0.820104358697454,-0.380867422093985,0.703301627190615,NA
IRAK4,3.58368325414994,0.641864865695666,0.482317647513031,1.32707271730087,0.1844846292925,0.377694920008813
NELL2,0.238424312332879,0.403993834495047,0.936766920902404,0.439957611990178,0.659967807961377,NA
LINC00938,0.411865465282004,-0.486267200994493,0.881972823366454,-0.540589104517984,0.588790829383192,NA
ARID2,1.32663390497683,-0.310862280047225,0.6683131937441,-0.467186112065052,0.64036672895506,0.801861493422035
SCAF11,15.2742226893769,0.410653213982048,0.21984104821348,1.86764682998746,0.0618113143641287,0.178409930096462
SLC38A1,1.60512459950286,-0.0608504521037373,0.65739865656489,-0.0932110530949681,0.925735893520558,0.961837574248073
SLC38A2,3.68074747912705,0.510596637748069,0.424889894913707,1.19979946902008,0.230217230453921,0.438359747944223
PCED1B,0.506795228282489,-0.0412610830994626,0.837853714721313,-0.0488898969603683,0.961007040293023,NA
RPAP3,2.22320746756008,0.440070351080932,0.576038455873123,0.766137053067366,0.443594757891041,0.651875557044818
RP1-197B17.3,2.38599751191259,1.68460717670507,0.533429413820042,3.11344513906716,0.00184916884776873,0.0114125269600413
TMEM106C,0.481414264744769,-0.627051870286088,0.817277421954933,-0.761398084477505,0.446419331230377,NA
ASB8,2.83810352382715,0.229907413142324,0.484400300350279,0.475585324419572,0.634369832682274,0.797848502152112
KANSL2,1.09160921918134,0.0580425438018651,0.662953413824071,0.0870458147565673,0.93063509537476,0.964011053292402
DDX23,1.67075333357955,0.102704200244774,0.700908886827323,0.146332487950608,0.883658920215088,0.94306456191022
FKBP11,3.2880498210276,2.71339219486813,0.661931013497742,3.97498266012512,7.03843840238734e-05,0.000670411257827394
ARF3,8.09566510832006,-0.208856347061979,0.289435953846419,-0.721601880881017,0.47053928243097,0.677022154857249
PRKAG1,4.31747096213677,0.0944479595455788,0.377222023597338,0.250383406316284,0.802290860854479,0.896226010512773
LMBR1L,3.60131867908686,0.296145858469297,0.449713621058132,0.658701639893275,0.510087379724567,0.708592458708289
TUBA1B,51.9691825340405,0.197302395227319,0.19816836719085,0.995726671559926,0.319382967315652,0.539702441812227
TUBA1A,29.3877728792063,0.557810850532873,0.239544849486264,2.3284896002631,0.0198861208348668,0.0765830057757842
TUBA1C,1.80550578346491,-0.568787491112654,0.557649886955008,-1.01865840067395,0.308365168234435,0.528744955433483
SPATS2,0.771419751792699,0.561069014248394,0.804380617258821,0.712978327945094,0.475859167871395,NA
MCRS1,5.02278101699205,0.243455785945523,0.360130606258104,0.675810431866414,0.499161010589932,0.700222183485877
TMBIM6,208.626719632083,0.160120440435085,0.105092170575989,1.52361894018734,0.12760392903527,0.29524552811197
BCDIN3D,1.12921293060425,-0.673401300393635,0.687471461534397,-0.976477151379501,0.328828065212859,0.550293526410393
SMARCD1,1.17072700066427,0.236361689895857,0.663646161006608,0.354641424899581,0.722858238137725,0.855928296630275
COX14,8.97073627405426,-1.2083175119829,0.298091840000885,-4.04554619770519,5.22012695978415e-05,0.000509095999576219
CERS5,4.32391868796702,0.108463423695905,0.395169400240413,0.27468549079679,0.78355787920119,0.886563706124491
LARP4,0.718639566224222,-0.221536705629628,0.748268330258435,-0.295443827650378,0.767654857042287,NA
ATF1,3.3842832518305,0.0993746816834081,0.415847682516265,0.238799882214189,0.811260761568268,0.901488479946073
SLC11A2,2.91413473952743,1.27614325135793,0.505401967262142,2.50613992758321,0.0122057305627063,0.0529074442129457
LETMD1,1.34696435122127,-0.0455884480537766,0.633357774397952,-0.0720227880785001,0.942583772678992,0.969833604553319
DAZAP2,29.3184014394839,-0.0567752752977255,0.195861926394415,-0.289829150836939,0.771946945428137,0.880750008608865
SMAGP,0.314495401594569,-0.446423922016723,0.873359135728866,-0.511591547435219,0.608936902382881,NA
BIN2,14.1240820999185,0.0682309020897611,0.264101206212821,0.258340060554922,0.796144471428699,0.892795347854467
GALNT6,1.5946218122037,0.790439696954576,0.66026529666346,1.20008132505281,0.230107757602211,0.438359747944223
NR4A1,3.27725422472721,0.0628372094353839,0.642448128498576,0.0990847718619347,0.9210709628778,0.960945079101256
C12orf44,5.5287984105244,-0.114417127926989,0.347948110992664,-0.328995776282558,0.742158880534316,0.866660809614551
KRT86,0,NA,NA,NA,NA,NA
KRT81,0,NA,NA,NA,NA,NA
KRT1,0.536927680388529,-0.43713794546619,0.887470966028753,-0.486478642311816,0.626627844494473,NA
EIF4B,4.95367119324907,-1.28703542356031,0.448955762287138,-2.86046821274143,0.0042301595780021,0.0226149317009186
SPRYD3,0.888170881790036,-0.0155445941908581,0.76526981098566,-0.0201799062660553,0.983899857099102,NA
CSAD,1.33133192394751,-0.26425598580418,0.65493554819876,-0.403108465410733,0.686868433259888,0.833726370585562
ITGB7,1.37285386244059,1.34149552180694,0.723548057024107,1.86205525763356,0.0625953017836263,0.179855278880555
MFSD5,1.61527641484461,-0.607524663861777,0.602155064503592,-1.00620822377752,0.314315417038178,0.534107347116263
PFDN5,223.868384586874,-0.446523225070407,0.0952159480565378,-4.68955159489456,2.73804391198917e-06,3.39434294078484e-05
C12orf10,2.68501845629959,-1.02057550627292,0.507113602538996,-2.00200974418304,0.0452836835432287,0.14289759941518
AAAS,0.518109264209016,-1.48511747416913,0.826736815102611,-1.77461550732105,0.0759613949489358,NA
PRR13,84.3282082300115,0.147796805943624,0.113060222056439,1.30720809456047,0.19114204716656,0.386330652147582
PCBP2,25.8154548207378,-0.231683779950144,0.184509025552937,-1.25563697061931,0.209247620809334,0.410099503746689
TARBP2,0.0754885811226386,-0.043924244665029,0.905614982227333,-0.0529209266509279,0.95779491070174,NA
ATF7,1.72765036980663,0.425691108565449,0.570002958344274,0.743454797988273,0.457206378480293,0.664361671247107
ATP5G2,49.9484520290776,-0.762135095829566,0.158362990825588,-4.81201862109571,1.49413428513462e-06,1.92753441073236e-05
CALCOCO1,1.66902704049646,-0.873999018857467,0.595761555387331,-1.46193470732515,0.143759102955625,0.320144534393728
SMUG1,3.81249255183622,-0.77583445728716,0.40897779153881,-1.89417771557322,0.0582014249687187,0.170225764430004
CBX5,0.697799872950755,-0.168784419410996,0.796487326817917,-0.208426845049619,0.834895697247155,NA
HNRNPA1,46.4600464916909,-1.10902294858441,0.171432471466073,-6.46754936113943,9.96050097677761e-11,2.28611498322426e-09
COPZ1,15.6909825264907,-0.593724562799816,0.230312299376569,-2.57759856481548,0.00994895031324598,0.0451614384751396
GPR84,5.55510618073864,-0.016425356900273,0.463503333834088,-0.0355863250345272,0.971612212457616,0.98410644577894
ZNF385A,5.45926201721453,0.58991507371048,0.365280387132269,1.61239541877348,0.106875921145771,0.260023792825918
ITGA5,2.71016043344198,-0.31509541302308,0.519567384701179,-0.607780413951778,0.543333121140467,0.733467303843978
NCKAP1L,7.77299621380757,-1.21273999229974,0.315758898825092,-3.83262444290778,0.000126783428788913,0.00113037019583251
TESPA1,0.152231940194705,0.302885051396867,0.972728897149587,0.313787257737598,0.753682622814876,NA
BLOC1S1,49.4936516662709,0.16003158995219,0.150673056694013,1.06207630231137,0.28820104726238,0.506204068905067
CD63,292.559359848535,0.273661005426159,0.162636951698227,1.68270886263728,0.0924314652132338,0.236034773768379
SARNP,2.96707804062266,-0.0975303530416461,0.503578101997202,-0.193678926625864,0.846427293506841,0.921572105618517
ORMDL2,18.5214599332035,-0.0797462366274771,0.214158869701808,-0.372359088721543,0.709625509865192,0.848965833971023
MMP19,1.06469721495967,-0.99624640549668,0.715994346182158,-1.39199983920911,0.163922446645548,0.349037549396165
WIBG,2.84132643809023,-0.858457977049145,0.516940523153917,-1.65754723106423,0.097408888165993,0.24491500038216
RAB5B,3.08634931202474,-0.301236091209111,0.451700470746821,-0.667050820787381,0.504739671990077,0.704761110535864
RPS26,35.2069676228813,-0.413656207554461,0.336711111693329,-1.22897663472574,0.219080566523112,0.423417462860868
PA2G4,5.09348606700385,-1.10745469092326,0.380643452938055,-2.90195051197403,0.00370847119478992,0.020165473718577
RPL41,10.5656054409509,-0.417665275960648,0.270789710830376,-1.54167889716434,0.123151642502169,0.287739835200285
ESYT1,0.693361748797447,-0.869449758517456,0.81402395199526,-1.0528135707977,0.292426443996558,NA
MYL6,453.118723865914,-0.309233510904978,0.100733207018963,-3.06982153080605,0.00214186718278487,0.01296691837883
SMARCC2,2.25307520539024,-0.102838075043358,0.575762595712939,-0.178236391130725,0.858537331275227,0.928038745647422
RNF41,3.0699643460119,-0.331267251907391,0.459922413894584,-0.720209509735713,0.471396009615822,0.677402110876144
NABP2,0.340368949438333,-0.816594054079155,0.914950460361744,-0.886264136406257,0.375475209874483,NA
COQ10A,0.273268503780461,-1.00617633802587,0.97094310421555,-1.04308465882771,0.296909085207602,NA
CNPY2,7.20930337568857,-1.58235237235096,0.340688879258965,-4.62550354215866,3.73689419563381e-06,4.5342569698614e-05
IL23A,0.305765382326261,-0.201496177596246,0.954938234617365,-0.22275515767815,0.823726070076508,NA
STAT2,12.0795874155224,2.41013479027274,0.340987187159454,7.00799000508709,2.41766073526276e-12,6.84006490199342e-11
SPRYD4,0.997396607788671,-0.60121526624028,0.690089648143488,-0.869261015157155,0.384704381004065,NA
RBMS2,1.73590978453183,2.09490622776173,0.664187486045312,3.10256748887701,0.00191849798290707,0.0117894795401225
BAZ2A,3.48600719803107,0.0962220936359302,0.435214771994447,0.22100308499096,0.825090030894614,0.909201156551478
ATP5B,26.6633974735664,-0.480403590529222,0.176215357567408,-2.72595442156504,0.00641158513147805,0.0316974126525926
PTGES3,28.0049169734926,0.0793738502789568,0.178401507683938,0.444925350364018,0.656373702005621,0.814410704941842
NACA,158.206065925279,-0.658989622183886,0.110998836853951,-5.93668108221735,2.90849644289263e-09,5.69337556919766e-08
PRIM1,0.395001087717426,0.248594171716134,0.86138698446964,0.288288398985257,0.773125986646863,NA
NAB2,2.50778231685081,-0.805178654551512,0.513450213966627,-1.56405071160659,0.117805659641001,0.278782337411314
STAT6,4.32112188302359,-0.12512279799531,0.413886645359597,-0.302306144354921,0.762418694825521,0.87592292526841
LRP1,0.86531292328897,-1.63502510807096,0.716093527531106,-2.25497912061833,0.0241346393780188,NA
SHMT2,0.657715091096819,-1.05876764409953,0.811022938979828,-1.2849391231751,0.198813558075934,NA
STAC3,2.05269822186593,1.69175340509522,0.567359776607495,2.93958117327853,0.00328656170142321,0.0182888998282704
ARHGAP9,2.05519979615552,-1.34655051832919,0.655568183354088,-2.06743165943757,0.0386934976102504,0.127307621671031
MARS,1.60851006119628,-0.0214687837872109,0.624081622050924,-0.0343981735871757,0.972559639877753,0.984794178224904
DDIT3,10.1343066780918,0.879766879167414,0.318793403114542,2.75693390928458,0.00583461431383538,0.0294565554801848
DCTN2,8.56519022210629,-0.469823170979696,0.281714427845556,-1.66728398776562,0.0954579490406134,0.241390344587215
OS9,12.474082844018,0.00163620742314614,0.238730877392025,0.00685456078716228,0.994530894604528,0.997113662094042
TSPAN31,2.60499437048819,-0.818478444842341,0.515803458869976,-1.58429758024333,0.113126016207151,0.271075548269965
CDK4,0.746783204200686,-0.368529549591935,0.736097148873114,-0.499979028748292,0.617089844030562,NA
METTL1,0.287476094911369,-0.675628637130423,0.970552807446184,-0.745752205709935,0.455817116340316,NA
TSFM,1.08500041650848,-1.15884415449098,0.680230711198811,-1.69453046907107,0.0901645269215109,0.232008226635045
CTDSP2,5.14461939801024,-0.457064167195558,0.361281789494808,-1.26509197617324,0.205838358875713,0.40649396975426
RP11-620J15.3,0.42051105246581,-0.529717705944882,0.843194981996468,-0.627912702702113,0.530061129101823,NA
USP15,19.923206203456,1.332916996162,0.227848828713707,5.84371502687948,5.10493288982336e-09,9.69258852669119e-08
TMEM5,1.44879580257963,-0.455334535629914,0.585386874210903,-0.777246168559193,0.437013548127604,0.646559313888077
XPOT,0.822271621133348,-0.0860227048043949,0.798978291374059,-0.108064891270024,0.913944217725829,NA
TBK1,4.99427679121713,0.196348815774061,0.373170479908888,0.526232733237993,0.598726513512942,0.775021976155484
RASSF3,1.92879558052876,0.190840122053262,0.577559197618661,0.330717645976071,0.740857772098811,0.865922419563889
GNS,5.99072525855751,0.542514899991017,0.353624340582282,1.53308330789899,0.125255329909884,0.290753131777006
LLPH,9.33062591838891,0.172406219037843,0.267843095906044,0.643494179447627,0.519903490362303,0.71596348130616
TMBIM4_ENSG00000155957,67.3578474759433,-0.12801836907744,0.133650732463541,-0.957877792362495,0.338124385968356,0.558770833674445
IRAK3,9.43397024962812,-0.208052222291485,0.318812016099527,-0.652951646366927,0.513787451796305,0.711484198453086
HELB,2.01048919276525,2.61127057761526,0.628428057456065,4.01934749756107,5.83595421974699e-05,0.000564339735462843
CAND1,2.5483532929173,-0.402702583202063,0.484289568096785,-0.829103401478405,0.40704589916594,0.619265356588262
IFNG,0.022234463984498,0.0533755459353163,0.882373220600533,0.0617632295587708,0.950751386117848,NA
MDM1,0.826223081493498,-1.35596395075011,0.777173493132696,-1.73155470773506,0.0833528763169963,NA
RP11-81H14.2,1.77787289398936,-0.228256332111159,0.60739641261207,-0.374359639997762,0.708136766065278,0.847717138262058
RAP1B,28.5371871237314,-0.542214583448901,0.186046921805132,-2.91444333153613,0.00356323493442923,0.0195618517293593
NUP107,1.87798382554571,0.36701623757489,0.738005173590875,0.505196832333076,0.613420594954556,0.786207378373018
SLC35E3,5.11882561367829,-2.10108930747576,0.477807954325109,-4.34615409374941,1.38545256997455e-05,0.000151974307819665
MDM2,2.57301663675366,0.283026092271515,0.588097058625245,0.482783623376412,0.629249380017567,0.795531106602277
CPM,2.68469094101045,0.85420907366562,0.53235135829492,1.60361280924454,0.108799425495541,0.263358202756044
CPSF6,4.99472538517661,-0.292342904242357,0.369787315424306,-0.790551875463318,0.429205539149499,0.638446032337165
LYZ,208.032262727308,-0.0673768755629825,0.519967186216482,-0.129601515540353,0.896881704133952,0.949587696044746
RP11-1143G9.4,1.00469663141961,0.0284253639966952,0.751119310292437,0.0372775188083739,0.970263730423693,NA
YEATS4,2.08078760639782,-0.194033490723369,0.528586394519576,-0.367119497517454,0.713529884275414,0.851159153475357
CCT2,4.38466887611028,-1.1560950835244,0.389583683317486,-2.95784136304207,0.00309801513292399,0.0174263351226975
RP11-611E13.2,2.29593294750579,-0.630557254302577,0.537702453612904,-1.17262580473677,0.240945896629969,0.45147731122632
CNOT2,3.86636174481351,0.733557903330613,0.442878939150989,1.65343113975347,0.0982431496937705,0.245587423520928
ZFC3H1,3.1240917086934,-1.04123254119473,0.546246374868873,-1.90269999789754,0.0570797022280864,0.168149741357481
THAP2,2.60261238992838,-0.947344836402713,0.561662291703518,-1.68968573240315,0.0910880942740481,0.233753236989755
TMEM19,3.45405056130467,0.910375028736137,0.444139715023218,2.04340468580388,0.041012394003556,0.133060068219604
RAB21,2.58241309121264,0.0233694133172649,0.528920509803985,0.0443269103698207,0.964643821378612,0.980490818744594
TBC1D15,2.44731686980789,0.39566600389361,0.509651625378914,0.77682521484014,0.437261898193774,0.646559313888077
ATXN7L3B,2.60447240981829,0.131982588616791,0.545914948878089,0.241905604331923,0.808853307460003,0.90091534830129
GLIPR1,22.4527709190617,-2.00726225676421,0.214654510345168,-9.32870587222916,1.07171416105703e-20,6.6574417722184e-19
KRR1,2.76816233890634,0.557488285043435,0.488785568424761,1.14008281152039,0.254251802184493,0.469694520454958
PHLDA1,13.2660385692068,-2.53558383391302,0.423488295364796,-5.95064782785542,2.67083216288979e-09,5.26338131410868e-08
NAP1L1,45.9226842679361,-0.591571436430037,0.152246586135635,-3.88522332019101,0.000102235866809504,0.000943906266262223
OSBPL8,18.6186897061726,-0.629827065196465,0.23042797658055,-2.73311379600377,0.0062738652077021,0.031259929958167
PPP1R12A,12.8526909846443,-0.163651579348868,0.266493120724011,-0.614158632926479,0.539110506131273,0.73079140003326
CCDC59,6.64329046310372,-0.5008729187934,0.334727645371905,-1.49648921170183,0.134526217169459,0.306179741586404
C12orf29,0.3418758687448,-0.841655794714408,0.885092961265361,-0.958475984222762,0.337822795898544,NA
CEP290,0.270217006684167,-0.577244406158612,0.945485669552931,-0.628308154357106,0.529802090826943,NA
DUSP6,14.7753008849375,1.01212674352953,0.320174282393907,3.15752821318302,0.00159112838972108,0.0101149040570144
POC1B,0.90662118302856,0.900430663376268,0.717116301420045,1.2484779984086,0.211856060732277,NA
ATP2B1,24.935510698343,-1.15561254158405,0.263456766757367,-4.38617100854441,1.15363435934734e-05,0.000128518915471151
LINC00936,9.45755097292115,-0.335075757372211,0.310227575108403,-1.07984734299094,0.280210165015789,0.498723479621687
BTG1,133.3892026482,-0.642268992418326,0.171474279369884,-3.74560575825619,0.000179959013945626,0.00153045500699294
RP11-796E2.4,1.81474032032046,-0.828447895190391,0.649592252686079,-1.28297730857922,0.199500026026909,0.397400714096824
EEA1,2.49302176733218,-0.749988925355044,0.520204752102626,-1.43483002775726,0.151335538921506,0.331245731496134
UBE2N,12.1388054302007,-0.16857678568244,0.237660110416092,-0.709241094407653,0.478174875914345,0.682876622335281
MRPL42,2.84996710109648,0.700561543516524,0.47982951191214,1.45913630557575,0.144527595424921,0.32064254963254
SOCS2,0.0443891885760278,-0.147465118504535,0.88240235086773,-0.1807592991308,0.856556511361202,NA
CRADD,1.22846771375722,0.798658788332442,0.687289311823201,1.15565076474987,0.247824034577435,0.461791443628968
NDUFA12,42.2798233647042,-0.274711111144214,0.352732653440536,-0.778282158098336,0.436402691421427,0.646124710226284
VEZT,1.09288630035432,-0.0470237562906267,0.720901853789345,-0.0663193375486021,0.947123587978487,0.971834321825099
METAP2,3.48956044457808,-0.926008973151468,0.519547586261838,-1.77766016472261,0.0754596859163317,0.204773079302866
SNRPF,3.47690742362121,-1.15194460395665,0.451492331591784,-2.54037967720628,0.0110732187581687,0.0490949923994834
LTA4H,25.9511082911333,-2.69806991310139,0.311932990310581,-8.60920176297242,7.35710624504555e-18,3.56320866020638e-16
ELK3,2.26259961696379,-0.0814983450966495,0.529630192196885,-0.15384890291775,0.87772887386529,0.940220982681598
CDK17,1.08914903327824,1.54825730188448,0.730177773032717,2.11948543198315,0.0340494636313081,0.115622510191875
NEDD1,1.6597667105021,0.460340418877221,0.593936062286385,0.775404746419078,0.438100531334051,0.647123709109845
TMPO,1.94451365392049,-0.182304015265453,0.612073961594927,-0.299857359705028,0.764285960490695,0.876984281618886
SLC25A3,32.8922726798938,-0.914022327368881,0.174312032555054,-5.24276196305511,1.58190564594417e-07,2.39803468609308e-06
IKBIP,0.951565620113086,-0.100903321415908,0.72320918879243,-0.139030575752549,0.88942598772051,NA
APAF1,2.00773578977888,-0.465904051229672,0.607208206733595,-0.767980203995178,0.442498945840501,0.650767235069084
UHRF1BP1L,2.93533473935365,-0.427729332327578,0.51471725679705,-0.832748117717977,0.404986800841834,0.618360415769296
ACTR6,1.78225023980586,0.507766933863063,0.656579261417655,0.77515487330421,0.438248150020044,0.647123709109845
ARL1,1.81814972897791,-0.408677712172591,0.626774951350666,-0.652007589396384,0.514396276458126,0.71198225235122
CHPT1,4.147183320888,-0.774757828836072,0.456484593095123,-1.69683588464488,0.0897276923467265,0.231263755498246
GNPTAB,4.06350220477666,-0.587906298749897,0.426205823101652,-1.37959193389718,0.167712322364522,0.355122609230545
DRAM1,31.3358428627871,1.23564105385163,0.304817182274731,4.0526854193171,5.06330656879942e-05,0.000494646103259636
CCDC53,10.7723189663041,0.237954097022117,0.267375766725855,0.88986585127371,0.373537922177302,0.591529490903306
NUP37,1.71384514566971,-0.629077130291088,0.734360561933382,-0.850568035877951,0.395009351713929,0.609964454213754
HSP90B1,14.7809613609724,-0.0689043650895594,0.237035762368685,-0.290735743846815,0.771253432213482,0.880545857313076
C12orf73,0.240542590501412,0.345130900626982,0.907699585555661,0.379639120287875,0.704213317325002,NA
TDG,3.26986440967687,-0.330401170980244,0.462121485839611,-0.714397705297351,0.474981290528113,0.680330344703801
NFYB,2.71701601962253,0.00618798773925474,0.465691244427248,0.0132757696789358,0.989407779480839,0.994803916209183
TXNRD1,10.4140397970178,-0.565371835527153,0.3016485941458,-1.873199051159,0.0610409033122532,0.176721764148697
EID3,0.44574287023552,1.12381370805642,0.867572094678688,1.28161372183167,0.19997818421951,NA
CHST11,4.10219338505831,-0.39320673607448,0.400989973785254,-0.981152961154841,0.326517316676642,0.548511750576526
SLC41A2,1.33548976605997,1.20837808224249,0.664456112840731,1.7967429626872,0.0723764350332489,0.199404227038001
C12orf45,1.95430747315672,-0.293020158844107,0.612770492892255,-0.478647587490803,0.632189358217125,0.797211425907076
KIAA1033,4.40850764181934,0.681159130168943,0.434830636613618,1.56641413576289,0.117251695767193,0.278162491203614
C12orf75,0.946916849186764,0.758394610235804,0.748115081483268,1.01966100867763,0.307889259888623,NA
CKAP4,8.57668869505648,0.879254526060129,0.295282155850492,2.97316814529273,0.00294742937199189,0.0167659881285078
TCP11L2,0.863145568294616,0.537772082346339,0.788910225303776,0.690852939408847,0.489657962917386,NA
C12orf23,1.36066866091727,1.72572784084613,0.797587700220172,2.20788029132849,0.027252619060057,0.0973429487051412
CRY1,0.99476211754513,0.490734259320306,0.722283757369603,0.680554593027024,0.496153366694155,NA
PWP1,2.68626077708769,-0.483913469567989,0.585188385257038,-0.832393028746947,0.405187135677846,0.618494786431327
PRDM4,0.592149831165837,0.251298263451834,0.807674938451461,0.307681867164442,0.758324418727448,NA
CMKLR1,2.15231242857389,3.34639560573381,0.669451616300942,4.83037148529883,1.36278551647044e-06,1.7700725515065e-05
SART3,2.67980281125639,-0.592776925509337,0.501949455043037,-1.17912611290266,0.238347961959756,0.448521107211066
ISCU,34.9782674456618,-0.748997230024243,0.21717617588513,-3.44871881048679,0.000563252911567562,0.00415353598659177
SELPLG,1.81560075348546,-0.283359419711448,0.61031918833735,-0.462897948642343,0.64343751796955,0.804121017974192
CORO1C,4.77989438649268,-0.751309302163774,0.393146921903568,-1.90903763453521,0.0562572369322201,0.166627766745665
SSH1,1.15938619451524,-1.42641200197919,0.773887478762754,-1.83153735114135,0.0670203780012836,0.188717201625122
USP30-AS1,10.6016257768043,2.36584658426718,0.37487371017461,6.25458437848286,3.9857592477278e-10,8.76100542337091e-09
ALKBH2,0.318989431338189,-1.04653202070068,0.923809943391438,-1.14049485353998,0.254080195580329,NA
UBE3B,1.40587586512685,0.352939098071767,0.628097067017183,0.560975273589556,0.57481439352707,0.75661091199411
GLTP,4.49923601128758,-0.937682627962206,0.440832077962115,-2.12540767471127,0.0335526104470395,0.114206771116635
TCHP,0.559519113964094,-0.487106411934308,0.84524809198117,-0.584773486461353,0.558700034256817,NA
GIT2,2.98974772010958,-0.0785624547443509,0.45721420584318,-0.171707377826561,0.863667585299163,0.931294386789569
ANKRD13A,3.97724503512288,0.62484507091996,0.41978888622154,1.48736706582353,0.136917890315445,0.309772661580669
C12orf76,0.655050905230011,-0.239472526584831,0.884224383685679,-0.264397965176024,0.791473279311414,NA
ATP2A2,1.22314044447448,0.820317284788395,0.649281710554226,1.25590599049551,0.209150056386239,0.410048909861872
ANAPC7,0.729697283760971,-0.432568413919535,0.730246843541538,-0.589452005816841,0.555558098653412,NA
ARPC3,200.577036036186,-0.297145383225175,0.0843500839213694,-3.52274768408139,0.000427097755444533,0.00326755511695516
GPN3,3.81243309420365,-0.47821509179143,0.458178445383272,-1.04024690088042,0.298225206719159,0.518988141412909
VPS29,60.8161325482638,0.452039833067247,0.16472394504037,2.74404906247024,0.00606864671880056,0.0303432335940028
PPTC7,1.56689209332792,-0.256162156322521,0.631816122678477,-0.406064307945661,0.684695350029118,0.831852450131039
HVCN1,2.23070482147326,-0.513250670076708,0.529185059918331,-0.9645080687858,0.334791265045378,0.55627240289213
PPP1CC,6.9022922942011,-0.566173547757606,0.305742148506631,-1.8509059807129,0.0641830802047154,0.183037077529914
SH2B3,3.23922757976396,-0.178233388368127,0.488796483798852,-0.365253155625028,0.714922442655409,0.851303867523494
ATXN2,1.55902231953935,0.109015498971151,0.604069061819815,0.180248108400409,0.856957791832764,0.926857263498154
ALDH2,8.14312411806392,-0.134794425535802,0.373286530468417,-0.360993713687202,0.718104146418502,0.853747700599488
MAPKAPK5-AS1,1.44144591817553,-1.07536222292715,0.622812681296031,-1.71331664752689,0.0866543013523688,0.226098517323094
MAPKAPK5,1.56739727322629,-0.153242811443156,0.601474962752441,-0.255478369185148,0.798353648310278,0.893430573701437
ERP29,21.8532564103592,0.403344166765953,0.267688809352585,1.50647098598019,0.131946309865891,0.302290356240956
NAA25,1.87330013659214,1.93644400917751,0.622158680801164,3.05640522102299,0.00224008288785205,0.0134758670569205
TRAFD1,10.413542664564,2.00404751701875,0.296245239983093,6.72390408809881,1.76918911985289e-11,4.45414793830804e-10
RPL6,162.672028816105,-1.19496717814468,0.136262698924749,-8.76898852435569,1.80278412290122e-18,8.95905327163519e-17
PTPN11,0.861720208031961,-1.6142560613283,0.763541318829208,-2.10871309641331,0.0349693537054975,NA
OAS1,172.876919012009,2.61608668575663,0.144880821963484,18.0448047812956,8.66701929763027e-73,8.25533588099284e-70
OAS3,19.1706369255407,3.58483602943339,0.311775216289663,11.2794566102086,1.65766720628809e-29,1.66202948840991e-27
OAS2,24.700954400054,3.65589786325038,0.283475028108782,12.6904814283236,6.67740655652855e-37,7.95028718136681e-35
DDX54,1.64702848129522,-1.41869927076498,0.673350929337945,-2.10152002871907,0.0355953417014276,0.119522548662549
SLC8B1,1.26931600007654,0.555604323279075,0.677267506827753,0.818132908963783,0.413281299417241,0.623851723763743
SDS,27.65121584613,3.77739803595384,0.405638286774595,9.174102545089,4.55351501534737e-20,2.65544268497043e-18
SDSL,15.193248575209,1.03087079506582,0.327543826951662,3.14528111685648,0.001659273059089,0.010501379327457
MAP1LC3B2,4.17650679528427,-0.137240496829763,0.458462398569294,-0.30002201631069,0.764160362172278,0.876984281618886
C12orf49,2.50242910447266,-0.486101909818437,0.477119821935962,-1.01727812575045,0.309021139467549,0.529076037165082
TESC,7.37678016442508,-1.11801617074152,0.659960578258816,-1.69198230517499,0.090649347506326,0.233041503057588
FBXO21,0.810671431310412,-0.862938322444357,0.717228448415666,-1.19127317970955,0.233546359249497,NA
RFC5,0.840898859973929,-0.411860191722674,0.799644137167458,-0.526939705623478,0.598235459702444,NA
PEBP1,3.26774294911449,0.166857408041236,0.440904218391995,0.378436727028961,0.705106189075455,0.845834315274568
TAOK3,17.9536521338089,-0.241465399216339,0.218100937641687,-1.10728253516527,0.268171792867931,0.485503552071481
SUDS3,3.42097432898647,0.204095906730141,0.449244858889617,0.454061850518139,0.649784310420069,0.809397849618721
CCDC64,0,NA,NA,NA,NA,NA
RAB35,3.85792562451869,0.185367467995434,0.450227812980682,0.411552611818325,0.680667371345125,0.829073748345565
RPLP0,71.2802724744899,-0.52017835964947,0.13690800869142,-3.79959525603258,0.000144932597190087,0.00126071505774938
PXN,0.520721344332402,-0.913491393174195,0.839970860581945,-1.06520108898437,0.286784940939033,NA
COX6A1,67.1254841605863,0.177490999890648,0.119214445611827,1.48879417139147,0.136541577640415,0.309533961211809
TRIAP1,1.5006809032134,-1.69917748299106,0.67085538495145,-2.48281732451719,0.0130347913295407,0.0557588566229978
SRSF9,17.0523216659908,-0.812138399198223,0.21723884135709,-3.73683498254188,0.000186351133469612,0.00157311185787124
DYNLL1,106.102321804705,-0.589306220013871,0.147448462129282,-3.99653793382141,6.42755860174108e-05,0.000617369704352105
COQ5,1.11473247233009,-0.659480658897441,0.695517899462171,-0.944588588244982,0.344868955323439,0.564204433902158
RNF10,6.05982069854291,0.177355598620944,0.347297542802245,0.5107245078583,0.609543977165274,0.783523128542407
POP5,1.6926457512309,-1.21574489983153,0.62638590208023,-1.93883911617982,0.0525209314385282,0.159573164896964
MLEC,4.09532679501444,0.319138398426662,0.467927049638493,0.681881167526832,0.495314094532054,0.696986486636128
ACADS,1.00697655131486,-0.624123174513158,0.686814479455033,-0.903551286982493,0.366233381466994,0.585461195827657
C12orf43,0.514021296745764,-0.544028051501314,0.825332060364552,-0.645038368710999,0.518902321582535,NA
OASL,132.48313516045,4.32743814523377,0.255155228412963,16.8751528112189,6.85473611337415e-64,3.26456807399444e-61
P2RX7,3.59292352297537,1.10672153037782,0.431338350969384,2.55264315795981,0.0106908964862222,0.0479459702005897
P2RX4,12.9741667923807,0.637190440723835,0.313850028788806,2.02837987410245,0.0425214925563478,0.136676226073975
CAMKK2,3.8564644189937,-0.0463590803829913,0.455302478937695,-0.102070866941873,0.91870042502568,0.960335778766667
ANAPC5_ENSG00000089053,4.01836418535148,-0.728723874083602,0.405613387225663,-1.7944120824547,0.0727474198321513,0.199976673564572
RNF34_ENSG00000170633,5.63074593687839,0.390363927158984,0.329950809082773,1.18240664034382,0.237044389657362,0.447393886027683
KDM2B_ENSG00000089094,2.14373598820053,-0.282128033524842,0.522604177375116,-0.538139360452733,0.590480840553126,0.768615357603986
ORAI1_ENSG00000182500,2.11116529061042,-1.2180413184761,0.575753230892565,-2.10383966131009,0.0353924358195919,0.119011286287923
MORN3_ENSG00000139714,0.151936671579964,-0.167217870494565,0.913181818874538,-0.196920706116041,0.8438895897956,NA
RHOF,2.78322452931831,-0.90479285130696,0.536126630308866,-1.67927453732804,0.0930985510748767,0.236891460103704
AC084018.1,0.419839078378627,-0.248912526283669,0.889686995439903,-0.282304187458894,0.777710274982737,NA
PSMD9,8.14198788717968,-0.524574307251558,0.355339417324923,-1.47604107565512,0.139932865682063,0.314518741036915
MLXIP,0.499753814986985,-0.716082920515983,0.818777199512753,-0.858404284456893,0.390669262603732,NA
VPS33A,1.77946434064678,-1.10384089112309,0.619852513133926,-1.76972108405127,0.0767736157921523,0.207060506961845
CLIP1,4.46633294593923,-0.18386757393696,0.38261575516657,-0.480247345038831,0.631051525060324,0.796831521369808
ZCCHC8,1.67284816687632,-0.109056048419459,0.593795058195395,-0.183277148679946,0.854580563409519,0.925583559077549
RSRC2,8.80900441465215,-0.431313678080051,0.276973599374324,-1.55714297159884,0.119436544577787,0.281708564697504
HCAR2,2.27545520564392,0.125658399587697,0.613530405954812,0.204724441818912,0.837787423036838,0.915829212443674
HCAR3,10.4282761612098,0.50187413766494,0.3483350982024,1.44116999388031,0.149536663245531,0.328693088633927
DENR,3.44099661486601,-0.45398944893053,0.458442020657621,-0.989369200877301,0.322482537731459,0.543654189715424
VPS37B,3.57104307309508,0.663508473883114,0.438312350442105,1.51127521651799,0.13071834557639,0.30073955318689
OGFOD2,1.0917044578443,-0.216439744938202,0.670550436765727,-0.323459557032621,0.746347231460986,0.86835798611554
ARL6IP4,17.7014917126999,-0.894243020293635,0.204126287037617,-4.37874032512562,1.19367259930961e-05,0.00013272060126565
C12orf65,1.27254938650033,0.290097786835776,0.68772040871916,0.419992965855786,0.67449059232472,0.825483869344621
SBNO1,5.12812135427556,-0.590174638142621,0.381365498190206,-1.54715446503672,0.121826003078799,0.285811004759989
RILPL2,9.21483057574406,-0.530426392150727,0.272986631417459,-1.9426467214221,0.0520588576908948,0.158675398241847
SNRNP35,8.06691217304022,-0.14659779092283,0.289347832277272,-0.506541838988205,0.612476326090736,0.785878357343637
TMED2,16.950214923017,0.16444177392177,0.224943761081008,0.730987334349523,0.464786889259579,0.670602643806739
DDX55,1.51340449034049,-2.41378355393078,0.737069229290356,-3.23226681573354,0.00122812324673663,0.00811413220242755
EIF2B1,3.09480683107275,-0.749870801246237,0.474046960516996,-1.58030037238527,0.114038094637033,0.272689418765961
GTF2H3,0.408837505057805,0.794134697387551,0.88503021954137,0.892332929891016,0.372214508870186,NA
ATP6V0A2,0.652875264103432,-0.418823385417058,0.856002884321095,-0.490528215319684,0.623760168990874,NA
NCOR2,3.1518388247072,-0.670804728000661,0.495060936494669,-1.35222062523804,0.176304747549828,0.367462302059544
UBC,171.619360812309,0.511419005547819,0.12558961357418,4.07200011196342,4.66111569743209e-05,0.000459280624324558
SLC15A4,1.71365693402345,2.05532625050307,0.64475036144623,3.11683193725478,0.00182805753561197,0.0113189044593959
GLT1D1,1.86416814809673,1.57801365845875,0.69683149771707,2.23046710683903,0.0257164488089056,0.0933139713923147
RAN,39.4633825340704,-0.164128660714087,0.157995596896618,-1.03881989655157,0.298888506112334,0.519669395898893
SFSWAP,0.989694028956319,-0.336630865822355,0.685309285074064,-0.485559969498132,0.62727918416426,NA
PUS1,0.262889778144291,-0.122218398406103,0.930092115906482,-0.132510040355394,0.894580881999796,NA
NOC4L,0.989331340724415,-0.693798834003454,0.754419671229535,-0.926981009460118,0.353936394359103,NA
ANKLE2,3.94954592818191,-0.128729298152979,0.4199553506643,-0.306936530905628,0.758891682626089,0.875467494188151
CHFR,1.52301543554818,-0.262679910066203,0.602951442576165,-0.434433177061637,0.663973909882649,0.820221534652777
ZNF140,1.07562283847854,-0.0363743145833816,0.654224053107236,-0.0556000432705098,0.955660430034964,0.975897633553085
MPHOSPH8,10.8732324874286,-0.784387074462994,0.265369981846328,-2.95361226751151,0.00314078343985134,0.0176148943658002
PSPC1,2.49756169819759,0.128917816314949,0.479458845026866,0.268672752504641,0.78818152138985,0.889588626270849
ZMYM5,2.83564400737042,0.676352238823558,0.475409725982709,1.42114776334495,0.155273806932762,0.336898180190104
ZMYM2,2.1835760195845,-0.145574938709001,0.544011652567863,-0.267367691331624,0.789186072793527,0.890162022024878
GJB2,1.49886975051835,1.06422729459854,0.971808784636052,1.32433176083323,0.185392886753162,0.378805987770582
CRYL1,1.35128816109133,0.621769784604228,0.669204831111926,0.928109514465366,0.35335076472561,0.571258732788362
IFT88,0.513113150206015,0.0553228615682711,0.833537929130086,0.0659986379022995,0.947378909888461,NA
SAP18,97.93433675233,0.944672166096257,0.128172960443426,7.36938875560261,1.71412131521662e-13,5.47273928294022e-12
MRP63,7.19069113566283,-0.601993578149012,0.343614973657989,-1.75108779006737,0.0799307890893548,0.213209309870756
MICU2,2.9764852048669,-0.388840891033501,0.460208930918803,-0.843356566110862,0.399029055628928,0.612859729352144
SPATA13,1.48245933291595,-0.428883112509355,0.609314780276817,-0.702840610297349,0.48215508590138,0.685622372711218
PARP4,2.59483017935693,1.90477737624266,0.5381017558208,3.47325489266269,0.000514186777175334,0.00383626296547916
MTMR6,3.01315875162448,0.279426478334835,0.457611107175145,0.610732023949226,0.541377001702198,0.732060137377958
NUPL1,1.33079145105414,-0.641771392009894,0.722735978241521,-0.879966572443602,0.378877418461155,0.595185389363798
RNF6,1.85406470130308,-0.141839083647243,0.56990056119015,-0.248452805853516,0.80378408088286,0.896842253464573
CDK8,0.382538124992048,-0.0990455902353053,0.870047934527873,-0.115740481990682,0.907858221842531,NA
USP12,1.40683239071357,-0.414976217294841,0.657056414879533,-0.63241941497647,0.527112850697513,0.720509433565245
RPL21,461.12839919491,-0.479568598328657,0.0965049514796788,-4.96933856309485,6.71816775172212e-07,9.07667345179478e-06
GTF3A,8.26817401615153,-1.01403462035367,0.427464211713687,-2.37170000379899,0.0177064607083704,0.0700293584417558
MTIF3,7.716580204241,-0.365026673927653,0.33126202978691,-1.1011623458423,0.270826006485922,0.48810174300443
POLR1D,8.85940691995107,-0.557206153322706,0.300315897055346,-1.854777277311,0.0636280381507716,0.181999118133964
ATP5EP2,4.17484305567767,-0.632875650003133,0.395544141699095,-1.5990607797558,0.109807098189149,0.265123602091671
POMP,66.7202971726344,0.814606008695728,0.167605655001799,4.85931029777127,1.17795389495054e-06,1.53348667645611e-05
UBL3,4.91720872430085,0.0384233878268301,0.414303258944865,0.0927882518621748,0.926071784399467,0.961922982159752
HMGB1,44.8335252373102,-0.309815942512403,0.178415503591471,-1.73665552199511,0.0824479929914305,0.217917077347193
ALOX5AP,8.37177426384794,-0.918030782734634,0.483522588236422,-1.89789307324897,0.0577101690247664,0.169482844797811
HSPH1,10.0583008770571,0.435509077446413,0.262841444122954,1.65633577005248,0.097653840477307,0.245156921112751
BRCA2,1.04179980005719,1.78862173213836,0.714124579244981,2.46555762522756,0.0136800168685209,0.0578264026653823
N4BP2L1,6.38045831768183,1.30808611324229,0.344293241024699,3.78649219889479,0.00015278889049346,0.00131702640900472
N4BP2L2,16.5178695709169,0.380406396290678,0.210883978118893,1.8036034095693,0.0712935011959249,0.197595712577454
PDS5B,1.52782815228097,0.0364652493668358,0.615755916466091,0.0592591580449028,0.952745691075411,0.974894709693221
SPG20,13.5176222572385,0.597329449696629,0.249323624825779,2.39429647032778,0.0166522825902173,0.0666441141478233
CCNA1,2.68867959596013,3.79079460347544,0.748690797055426,5.04586182887292,4.5148160256757e-07,6.24749965780548e-06
RFXAP,0.463116204649118,-0.588575990967668,0.908938337553666,-0.673479015905118,0.500642594261341,NA
ALG5,2.78368564361794,-1.10346289469716,0.476970774573437,-2.30215093471768,0.0213266618505631,0.0807699618793691
EXOSC8,3.56957148465065,-0.00387798491082001,0.397108241912909,-0.00975447125700629,0.99221718140759,0.99619736771276
SUPT20H,2.01486420404546,0.116307200543312,0.626090638226993,0.185856877646018,0.852556999578203,0.925106293918381
UFM1,4.85088508929423,-0.723469326261142,0.395658855042671,-1.82578108820428,0.0678832430982046,0.190359535969695
NHLRC3,3.05596323173434,1.91701927899355,0.674729627011898,2.78218275249072,0.00539946258769474,0.0277001155194573
MRPS31,3.14604202177904,-0.565518192963656,0.481569297662688,-1.17501157115795,0.239990086501272,0.450276869453306
ELF1,23.3634675872482,1.54572463287056,0.222105683845959,6.95016799813031,3.64851465601283e-12,1.01219714850065e-10
WBP4,5.66234422628302,0.798356518998319,0.406409515322477,1.96201277302937,0.0497609971800609,0.153804271976229
KBTBD7,0.145615819697115,0.115769618393573,0.973007284742019,0.135740523086774,0.892026411393073,NA
NAA16,0.312394336354201,-0.511649089844214,0.897147800909671,-0.567634769521163,0.570282992790867,NA
RGCC,30.2910711561443,-2.47550879834263,0.281523111479886,-8.77172542938443,1.75949025544285e-18,8.82060246478586e-17
AKAP11,0.70955113076228,-1.07371853976848,0.77790177274671,-1.37374448057255,0.16952102259696,NA
EPSTI1,94.6153654117747,2.69194461717137,0.186215118232848,14.4352449898428,3.10540307707302e-47,5.91579286182411e-45
DNAJC15,19.9617199380685,1.02396893510001,0.401737358672661,2.550164769674,0.0107672018097842,0.0481986915963796
LACC1,5.69199428085525,0.403570781996201,0.432319929494479,0.934750762693677,0.349916759499143,0.568764016080092
TSC22D1,5.05461026697199,0.531399268566466,0.524223391180532,1.01820017341803,0.308582837067712,0.528843435753898
NUFIP1,0.168743666530727,-0.104668280777416,0.960380183867483,-0.108591834374611,0.913526237677295,NA
GTF2F2,3.17101020639713,0.0607479421958642,0.468488764434381,0.12953843310906,0.896931615899747,0.949587696044746
TPT1,294.570197838277,0.250173925821463,0.095850399042897,2.61008235300542,0.00905204282993164,0.0416525159203376
TPT1-AS1,0.821789491488753,-0.0524992124050071,0.719067755336487,-0.0728022374517712,0.941963490454746,NA
ZC3H13,5.56425104116942,-0.452437412557728,0.374313748793556,-1.20872028514899,0.226770325715089,0.434605101093807
LCP1,26.6741714398971,-0.511563151666849,0.202366886478876,-2.52808336793659,0.0114687115411876,0.0502635632345762
KIAA0226L,0.432060187890971,0.0906945584991443,0.951108526277514,0.0933423421964095,0.925631594690138,NA
ESD,7.55785738129188,0.0774283884183121,0.352934728035338,0.21948817988654,0.826269786480856,0.909201156551478
SUCLA2,1.87085551269168,-0.197674331219484,0.557386287420064,-0.354774037320176,0.722758880027108,0.855928296630275
NUDT15,0.858397705034802,-0.894389991291538,0.780174535263207,-1.16071232126463,0.245758909455938,NA
MED4,12.3405729075653,-0.124588014707767,0.243284585739808,-0.512175228752479,0.608528378049715,0.782569685093187
ITM2B,169.514255113189,0.892562825806736,0.130967186453522,6.81473096720988,9.44403321105e-12,2.42029819736102e-10
RB1,3.9031995299438,0.612937760752017,0.421041614425343,1.45382748991341,0.145994139958453,0.323393996070759
LPAR6,18.3457894056884,0.735989351638459,0.303647383436522,2.42140791156627,0.015460517696625,0.0633836862526626
RCBTB2,7.00644388810911,0.621111755677431,0.408512930834305,1.5184531014455,0.128900213798484,0.297401987023956
FNDC3A,3.32256356505826,0.193051416038667,0.456827268102705,0.422505235191231,0.672656280303154,0.824589104598919
CDADC1,0.305508611616527,0.98999896062354,0.916549916096862,1.07922312398621,0.280488273638285,NA
SETDB2,1.52043489607144,0.483917356368063,0.675789109222606,0.718800701339639,0.472263725488909,0.678307914342577
PHF11,17.6059004932255,1.84114619223639,0.266647222525879,6.88484175340422,5.78518084037807e-12,1.55222105646764e-10
EBPL,0.659195784237537,-1.59265614753339,0.806952875861759,-1.96955405896329,0.0488895012367861,NA
KPNA3,1.8441758310963,-0.477123622927657,0.534539387366706,-0.891243829878993,0.372798375356351,0.59083269971202
TRIM13,3.40160208558383,-0.130446386129202,0.411838555318442,-0.316541346845796,0.751591647009194,0.870207913828514
RNASEH2B,6.93168243858473,0.797089613739705,0.329792663153309,2.41324980532027,0.0158109789021736,0.0642672435461751
INTS6,0.825011511465225,-0.324381795285153,0.708552563166042,-0.456471342789406,0.648051073576736,NA
WDFY2,1.94491637640217,0.387238768087435,0.583855686246656,0.665602585423154,0.505665153418448,0.705364010687437
DHRS12,1.19359763901059,0.160344799156067,0.66472013977211,0.240247733708956,0.810138210912137,0.901239482268713
VPS36,3.68573909789834,-0.0970177014650597,0.444624917801986,-0.21816530152698,0.827300319275367,0.909584710399908
CKAP2,0.887797236239852,0.416651979505613,0.75566011939169,0.549154311889369,0.582899555508256,NA
SUGT1,9.42808062236735,0.135466843290828,0.308684802299441,0.438475483301,0.661041638655874,0.818248422117895
TDRD3,0.826087537106733,-0.629093549112765,0.756506332809253,-0.835159876235962,0.403627697607216,NA
MZT1,3.57260065173528,-0.120073166953517,0.455637491345516,-0.263843316399929,0.791900655169833,0.891186645301147
DIS3,1.10454813022982,-1.07575354571359,0.664811453767025,-1.60055753478003,0.109474954109496,0.264657090835774
KLF5,0.219992528867651,0.46787522197218,0.972110963759814,0.536979054862411,0.591282082010008,NA
TBC1D4,0.490148790354026,0.355805590849047,0.934708420661934,0.363315037178731,0.716369561664359,NA
COMMD6,32.3944106875415,-0.3370574917315,0.17683871141338,-1.9057937657071,0.0566769681113757,0.167394766282435
UCHL3,6.13655974445877,-0.868149428988231,0.353603452831675,-2.45105057409521,0.0142439938527028,0.0596806633931057
LMO7,0.23267277598562,-0.3880950862262,0.960878738010654,-0.402262290058049,0.687491004134367,NA
KCTD12,3.82003297436713,0.0692779166461513,0.420151588835839,0.16485512403157,0.86905801485112,0.935694528047127
IRG1,15.3309930444331,3.80237490525506,0.418941775066251,8.8185189930729,1.15983533774478e-18,6.13746199556611e-17
CLN5,5.45291155584252,-0.368879095286572,0.388780968149599,-0.94808376457739,0.343086812734701,0.562622994197652
FBXL3,2.31964330399598,-0.197291719456051,0.569641363011562,-0.34823795883219,0.727661482690927,0.857880483538846
MYCBP2,6.15443764190394,0.0949701657313451,0.360031674907309,0.263839932958828,0.791903262419022,0.891186645301147
RNF219,2.1002682094873,1.39699528447732,0.568637696205313,2.43360922287523,0.0149491244872505,0.0618192810742668
RBM26,1.02560700731796,-0.0949798199865401,0.683424351348098,-0.138057181114877,0.890195226166328,0.94756299451305
NDFIP2,0.111376620944055,-0.353982637094185,0.882955671800139,-0.386605360456146,0.699048388898024,NA
TGDS,0.602055022873768,-1.33640791755954,0.824678179344119,-1.62878310383156,0.103358942752875,NA
GPR180,0.934190942545119,1.894872890012,0.794514223737418,2.39368548298064,0.0166800451564055,NA
DNAJC3,6.4719614249151,-0.0819138628773249,0.327595779016159,-0.250103651040894,0.802507192567259,0.896292477139317
IPO5,0.170800134763541,-0.312868390087015,0.96763494966041,-0.316262488512953,0.751803280813508,NA
STK24,4.72914241397934,-0.200325883898077,0.393009324513597,-0.509383271003421,0.610483600042277,0.784201792367186
UBAC2,5.27887137078388,-0.575296740849468,0.38337987728138,-1.49946794277796,0.133752279086866,0.305269279145942
GPR18,1.73313730359004,-0.224150860360822,0.596306443396092,-0.37626561325652,0.706719440758637,0.846657332319034
GPR183,16.2780039972566,0.370765705499332,0.324720478183191,1.14148191882593,0.253669432092276,0.469369705913046
TM9SF2,16.3863041364826,-0.000833750997900577,0.246661313829129,-0.00338704526541174,0.997297534043137,0.998128751772763
TPP2,3.04685748853502,-0.778411875951806,0.482244018345,-1.6120505705513,0.106950935654725,0.260095573305002
TEX30,2.9929088687142,0.205348265336997,0.481359861647468,0.427524150512074,0.66899759863845,0.822750436027274
ERCC5,0.797275172208245,-1.0127398460251,0.765437584107241,-1.32664753460045,0.184625303793208,NA
ARGLU1,7.48538882860304,-0.200207618415094,0.305057703913616,-0.656456802077508,0.511530253191447,0.710251554176171
ABHD13,3.67621702646868,-0.541579168780001,0.455670487752297,-1.18892474718753,0.234469280899173,0.444147146283981
TNFSF13B,152.846637570417,2.47532826424411,0.222402918045664,11.1216250834673,9.84619635652187e-29,9.37850202958708e-27
IRS2,0.750351206888303,-1.39893522010381,0.768495550087237,-1.79811780729884,0.0721583408892877,NA
RAB20,7.57842340504514,0.60801872192954,0.369131913800443,1.64733137043718,0.099489953260439,0.247749491452466
CARKD,0.470604961198257,0.203600281467253,0.887285902827993,0.227949902339149,0.819685187324391,NA
ING1,0.650184255501721,-0.242521872238998,0.790428183142397,-0.305126695855164,0.760269659731715,NA
ANKRD10,3.6458401924076,-0.469876862510717,0.448183923088639,-1.04835646759195,0.294474402288099,0.513398782512657
ARHGEF7,0.580249461171178,-0.0444487438550467,0.785230322455579,-0.0560021066240391,0.955340128953601,NA
TUBGCP3,1.3297512884279,-1.27931247454404,0.726654710075902,-1.76848603382754,0.0769796849843436,0.207322761397514
PCID2,10.4362830990775,-0.722919870981012,0.362306585840454,-1.99644392992934,0.0458856231459502,0.144323795420531
CUL4A,4.19234980334895,0.130138104689706,0.414152577187283,0.314497790416539,0.753142994386859,0.870769211596379
LAMP1,9.76171387711056,-0.373242649235787,0.282216823140754,-1.3227764225354,0.185909740198048,0.37955684143729
TMCO3,2.42835844246053,0.606855651396512,0.622412581249407,0.980961690219761,0.32661163380786,0.548511750576526
TFDP1,1.88569617998999,-0.114774210009139,0.667702670285137,-0.173580938986641,0.862194813082764,0.930584203355618
RASA3,1.17655649978429,-0.484335056168609,0.713133482179372,-0.684761053733569,0.493494715275942,0.695660574292606
CDC16,2.04506454625202,-1.72899772322221,0.597165575075071,-2.86072878079467,0.00422668469484095,0.0226149317009186
UPF3A,1.41468587072535,-1.11326061846226,0.653450605813037,-1.70278862193242,0.088607632911802,0.229033298096313
TTC5,0.733373554587774,-1.05866402768108,0.777861399064628,-1.34503568062713,0.178613712317668,NA
CCNB1IP1,0.103749192875211,-0.261450656652304,0.965875255175402,-0.270233027942538,0.786980984948107,NA
OSGEP,2.22245655154644,-1.22139150582104,0.540106798713937,-2.24511112738781,0.0247609994451104,0.090769154476463
APEX1,0.623415271273016,-0.26389478425011,0.802671267048049,-0.320984789445692,0.748221917766202,NA
TMEM55B,5.15506984483662,-0.320045193289696,0.376307747826806,-0.850683759179485,0.394945047288827,0.609964454213754
PNP,5.13642972135157,-0.273815225836784,0.379683549280019,-0.721813752019698,0.470408993332765,0.677005136463548
RNASE6,3.05952202979183,-0.0367577191350981,0.531449834804933,-0.0694138279636633,0.94466022234532,0.970820566571391
RNASE1,0.713132497784947,0.797030716497702,0.869232216578825,0.895899691476984,0.370306338965071,NA
RNASE2,0.488338917093589,1.56741257523893,0.89346857708265,1.80119558641814,0.0716720577874247,NA
METTL17,0.488720897361158,0.490568776556069,0.878566536895021,0.551321238671276,0.581413481660858,NA
HNRNPC,17.5314772828366,-0.393586348762936,0.231159371603892,-1.7030464324523,0.0885593793571586,0.229012150690571
SUPT16H,3.57729511910618,-0.262607236574645,0.447204879010899,-0.588114739887005,0.556455280102809,0.742330048036311
CHD8,1.63958743121756,0.58816530271574,0.583455203767387,1.00551139966108,0.314650663075619,0.534233077681867
TOX4,11.1566417908897,0.67903079400581,0.283296876544087,2.39601532860308,0.0165743971606579,0.0664254416361569
METTL3,1.41784360938934,0.0105616718405483,0.625746759864752,0.0168675502309914,0.986542280247326,0.99331775562777
DAD1,26.0556288648335,-0.44004872027927,0.179117113186695,-2.4565272153987,0.0140287175690158,0.0588649933237336
OXA1L,3.37285119180251,-1.50868176044983,0.509366224540771,-2.94164262138173,0.00326476464762944,0.0182030536206851
SLC7A7,18.7483220055864,0.335698255708754,0.229701506770575,1.46106606497832,0.14399731196182,0.320461307578583
MRPL52,4.77319159860482,-0.832874197194777,0.407827405033141,-2.04196512158082,0.0411549911985455,0.133333772505492
MMP14,0.967882704819189,-0.408371835444178,0.905529206030529,-0.526888060995753,0.598271325197908,NA
LRP10,14.8836101665939,0.647900163054878,0.245415666171913,2.63867561722015,0.00832305786287092,0.038988750562547
RBM23,6.78461948892799,0.0559939924703533,0.301610045975013,0.185588353555353,0.852767587412793,0.925106293918381
PRMT5,0.976870650347047,-0.476626076189789,0.729912838630145,-0.654423997394298,0.512838677960351,NA
PSMB5,11.7629737466117,-0.363733991344415,0.284400787477954,-1.27798018496208,0.201256413052466,0.399927709034691
ACIN1,2.91077829139083,0.29190294222169,0.449053585133507,0.649071309746634,0.516292285186113,0.713569627530505
C14orf119,17.4446394727785,0.144023791974174,0.232590456621689,0.619300463551542,0.535718439146126,0.727573878260482
PPP1R3E,1.6043357606508,-1.08028117175335,0.629841298951369,-1.71015371872678,0.0872374513832555,0.226928554690626
PABPN1,2.80348646593735,-0.359171804594611,0.479455820424221,-0.748756505699366,0.454003979262027,0.661558577634494
CMTM5,0,NA,NA,NA,NA,NA
NGDN,5.58123260957833,-0.472534477536536,0.346053658476905,-1.36541954859404,0.172121223192016,0.361245975226725
RP11-66N24.4,0.922089153044921,-0.238989383989427,0.689044573381753,-0.346214462391099,0.729181546636143,NA
AP1G2,2.09528334185914,0.382258909833726,0.526478665340904,0.726113261981943,0.467769339578108,0.673715165244175
DHRS4L2,3.55713518963725,-0.709690734957626,0.46442800174559,-1.52814974874094,0.126475362043118,0.29303199709242
PCK2,1.90759866544189,0.479191933428084,0.633696940615902,0.754577206952812,0.450502704056436,0.658639793727944
DCAF11,2.34076501320141,-0.492128231028999,0.508030034829685,-0.966658764208244,0.333714647515813,0.555543026668474
PSME1,68.5275359694669,0.453859754210608,0.168451018542753,2.694035229384,0.00705927028215928,0.0341896014089324
EMC9,0.587188138577133,-0.888370398335604,0.811796820640341,-1.10230411523891,0.270329480885595,NA
PSME2,223.679568025546,1.0078520982451,0.133318360776478,7.55929208877983,4.05268915987734e-14,1.42092751832509e-12
RP11-468E2.4,1.89668981903818,1.4107708995803,0.655720778907684,2.13841775621474,0.0324828526201993,0.111763698208573
IRF9,9.43008842407924,1.22725157792226,0.297890629470384,4.11099341775443,3.93960432959469e-05,0.000394997170940942
CHMP4A,30.4727194147675,0.167518215845367,0.166001660152895,1.00917426872603,0.312891064676581,0.532479865811351
NEDD8,37.2794983732566,-0.0510377702462604,0.160669849403036,-0.317639782606872,0.750758193602062,0.869690770917988
GMPR2,3.52739800443268,0.0246139495100433,0.408897616937727,0.0602101377444915,0.951988271612864,0.974505372863044
TINF2,7.91139554687523,0.725417413431552,0.312773304134269,2.31633153984733,0.0205401735269334,0.0785723505397755
TGM1,7.20620395688,4.92715130902908,0.599383533813121,7.6512133138805,1.99091757573509e-14,7.15603392787801e-13
RABGGTA,2.58889556873797,0.490127930487786,0.487387533106306,1.00285528898425,0.315930687880493,0.535928726992288
DHRS1,1.0641182926038,0.648548414239295,0.724427967352458,0.889720777961049,0.37361583431835,0.591529490903306
KHNYN,2.56251346597997,0.0388381431190318,0.497119422472289,0.0779587634802254,0.937860855093413,0.967311818599324
SDR39U1,1.38216454039792,-1.91874744820831,0.694928662930858,-2.70794586251458,0.00677010650241412,0.0331543776017967
GZMH,1.80043683753607,1.22891339877165,0.694616561584423,1.75486990161882,0.0792815635270111,0.212321525565543
GZMB,4.43811858929333,0.643991664315963,0.75911435341084,0.844943639905479,0.398142307363213,0.612650319488627
G2E3,2.15749048986905,-0.388302352404503,0.527494243399605,-0.735673599125242,0.46192936021853,0.668843753141348
SCFD1,8.29358623082856,0.458679660120136,0.344079159171539,1.33430710158169,0.182103231164045,0.375034222018926
AP4S1,0.601946033152847,0.0418479837174119,0.847974328527414,0.0512139406627109,0.959155043380369,NA
HECTD1,3.68202619368317,-0.443912636922194,0.465512677783628,-0.953582030371598,0.34029525530268,0.560976405044751
ARHGAP5,0.650519024425738,0.394185952636509,0.749404204373175,0.523025963957842,0.600956185170019,NA
SPTSSA,6.53434689194723,0.135914434192548,0.354686197440029,0.383364968412034,0.701449174000832,0.843954111455738
EAPP,9.78026172952805,0.203435433242765,0.297969143607862,0.682587506725166,0.49486753069426,0.696730274961978
SNX6,24.2729392633245,1.11464874866153,0.198197646389473,5.62014266607746,1.90799835307649e-08,3.33462097487222e-07
CFL2,0.340783918752805,-0.190667298919802,0.921109645534328,-0.214379824159852,0.830250873918195,NA
BAZ1A,57.1049359665997,1.24645009036747,0.141394620735387,8.81257655490739,1.2230180945772e-18,6.29689045991774e-17
RP11-73E17.2,0.492733113187762,0.206684015834289,0.860288215078622,0.244264644399166,0.807025863905458,NA
SRP54,9.08203338108704,0.837026937167885,0.285075619247543,2.93301276945431,0.00335690085049369,0.0185723576896275
FAM177A1,27.0935081219574,1.06095760276468,0.226106419832689,4.69001973217388,2.73178703662191e-06,3.39394845962918e-05
PPP2R3C,12.9357002428146,0.364941011494475,0.235206149318005,1.5512055003811,0.120852444434932,0.2839933058987
PSMA6,5.0655456799655,0.940151511168304,0.3799067067621,2.47114007069167,0.0134683053773375,0.0571813039909771
NFKBIA,203.845394685303,0.355408186464331,0.181381544926567,1.95952167914719,0.0500517235538392,0.154138307358781
RALGAPA1,0.802955735647981,0.780531377026784,0.787315069613923,1.00519530537934,0.31480281529982,NA
MBIP,1.34905634002086,-0.0143570023829955,0.657665559029873,-0.0219394909703445,0.982496223109168,0.990296234210735
SEC23A,1.56293751899971,0.221417295399669,0.581539636605235,0.38077380235749,0.703371100156647,0.845034720772003
GEMIN2,1.07921059435841,0.532596784404478,0.80256589075099,0.668992653283491,0.503500164453716,0.703202209152733
TRAPPC6B,2.89916681797046,0.370908937618581,0.523290666334234,0.710608982749336,0.477326575104264,0.68231136148099
PNN,2.96279679798723,-0.113896708628189,0.473058468566398,-0.240555633054159,0.809899540138237,0.901239482268713
KLHL28,1.27592356732229,0.546231764933037,0.676598995199786,0.809514404533687,0.418219320694081,0.628871520205842
PRPF39,0.395109988162273,-0.304483141544445,0.906805867576482,-0.34156193370298,0.732680588512504,NA
FKBP3,4.93312112278205,-0.749878032996222,0.391068759807808,-1.91659223159586,0.0552897557012849,0.165003109051093
MIS18BP1,6.71436929813994,-0.248416755189892,0.408049209747839,-0.607826043471248,0.543302854348744,0.733467303843978
RPS29,27.1292401350761,-0.0854859983787388,0.201170826429856,-0.424935768261821,0.670883499272106,0.823651814895829
LRR1,1.5738851627089,-1.04856247678514,0.644142165714603,-1.61159624094783,0.107049829227451,0.260213471429971
RPL36AL,105.636560092421,0.101289990108394,0.132251150278312,0.765899604623748,0.443736041195601,0.651915546383768
MGAT2,4.53017493545115,0.0955558060782158,0.406536709152425,0.235104383812312,0.814127716262845,0.903093924387065
DNAAF2,1.145264815447,0.165285404601542,0.682578899542116,0.242280058902616,0.808563164240527,0.90091534830129
KLHDC2,2.37871758749152,-1.63125770271531,0.578853670691311,-2.79006964559597,0.00526967046222676,0.0271806558588682
NEMF,3.34102338534185,-0.565312627230348,0.533892252956407,-1.0626844183688,0.287925089344677,0.506204068905067
ARF6,32.1757110686363,0.146647792732974,0.218954498805798,0.669816936870587,0.502974495382961,0.702811550394529
C14orf182,0.33983105195871,-0.117739125519371,0.923453364164594,-0.129438110020703,0.897010993871996,NA
VCPKMT,0.335436568580122,0.106716436899722,0.955312543388119,0.115540985247787,0.90801633645508,NA
SOS2,0.809972809945149,-0.305297896305701,0.748905961555641,-0.40901638473345,0.682527637026114,NA
ATP5S,2.6729805767658,0.171705255741289,0.486666873734399,0.353171042550434,0.723960215563617,0.856173838063972
MAP4K5,1.09171198349223,-0.976833668785035,0.768291400197189,-1.28408367035066,0.199112681073212,0.396994210991033
NIN,1.49383780157164,-1.60669706930515,0.64524123474206,-2.45757743987243,0.0139877649807716,0.0588227202833771
TMX1,12.5870401258585,0.82882170313201,0.248880101117018,3.32819229968873,0.00087411506749584,0.00607320937692276
GNG2,3.43157630065644,0.806204640654083,0.490400720990466,1.64155782406781,0.100681674296857,0.249196954788452
C14orf166,17.9201764038972,0.0263991306336031,0.223819043328292,0.117963158814645,0.906096849022405,0.953722202105203
PTGER2,13.7911671801417,0.503803448123901,0.299588160046158,1.68085149955737,0.0927917625706239,0.236637627439141
ERO1L,6.26215005524163,1.96290677201703,0.384298312124463,5.06111356174843,4.16814846029554e-07,5.83847265945809e-06
PSMC6,10.1601034738628,-0.311971498890963,0.338405349133167,-0.921884568968114,0.356588788953205,0.574543255953641
STYX,3.15847068483884,-0.992078391683605,0.482685627965152,-2.04850825133728,0.0405102244253054,0.132058314288715
GNPNAT1,0.588714089674451,-0.455170944480643,0.863725224371785,-0.52654742267101,0.598507911756026,NA
DDHD1,3.04913358891961,1.40437893027426,0.526298586205511,2.64307871881064,0.00821559322498133,0.0387074322182756
CNIH1,12.7102999591026,-0.333824119623611,0.265018530656234,-1.25919601501363,0.207959540579335,0.408503165979762
GMFB,6.3319357753057,0.543897278765709,0.326648035633364,1.66339920577413,0.0962325520028464,0.24242877442855
CGRRF1,3.7654080821451,-0.0416430733206465,0.415441206598732,-0.100300150441421,0.920106038060944,0.960596996322055
SAMD4A,11.4146507787118,4.26500637173752,0.459873333835539,8.78406253347803,1.57673963075908e-18,7.97439556618418e-17
GCH1,34.3048521992824,2.03370346163201,0.218531823937674,9.29042536472766,1.53672941984099e-20,9.34298790892687e-19
SOCS4,0.985361690805056,-0.70367688846803,0.702129617175813,-0.998904150277021,0.317841125545127,NA
MAPK1IP1L,13.1540809702994,0.0579711346288657,0.242294970974042,0.239304495649343,0.810869479647935,0.901239482268713
LGALS3,229.894008142975,-0.0894788266172492,0.186861602469269,-0.478877675660305,0.632025653483883,0.79718088935343
FBXO34,2.14493863590819,-0.0427244474929356,0.506074954550541,-0.0843713431818361,0.932761190855595,0.965187435404622
KTN1,21.1551724199424,-0.0743541612807942,0.221883974308369,-0.335204677035358,0.737470694166012,0.86432985983674
EXOC5,3.66821781500275,-0.338630581277926,0.474838038470989,-0.712433357054995,0.476196465669105,0.681217221852049
AP5M1,2.0302340257333,0.172625631314368,0.540059950018187,0.319268014131573,0.749523285474025,0.869424023786496
NAA30,0.52235002490713,0.545353197157148,0.819081089541817,0.645528852713527,0.518584526800092,NA
ACTR10,18.1651100277033,0.269694409074794,0.244655096953825,1.1026122337997,0.270195595208276,0.487426712946747
PSMA3,35.8907955276028,0.404809372237361,0.185339573229865,2.18428795691368,0.0289410951592808,0.101783605437101
RP11-349A22.5,5.6825698900443,-0.851312040323217,0.373910984112997,-2.27398135661685,0.0229671074811715,0.085676905518861
ARID4A,5.49528936349301,-0.268445744423286,0.382254004197357,-0.702867028697147,0.482138620395647,0.685622372711218
TIMM9,1.18594429009951,-0.192941485326061,0.658149214470259,-0.29340611101459,0.769211754984282,0.87991296632009
DAAM1,0.326190561152336,-0.723999821010653,0.911332827395882,-0.80258820024318,0.422212790736952,NA
L3HYPDH,0.639011468979666,1.00026240088924,0.843800665698966,1.20398306073518,0.228596125795435,NA
JKAMP,3.89637477013563,0.180983475346757,0.432361021762224,0.418448927970953,0.675618919829918,0.826041217634199
DHRS7,23.0528042369576,-0.741001888484995,0.215349209304839,-3.4399254082527,0.000581874530676697,0.00426882277640221
PPM1A,4.63070940541581,-0.453009012298124,0.385832224097627,-1.17350180045537,0.240594635284509,0.451114941158454
MNAT1,0.934209031373911,-0.749478492943208,0.857367858678348,-0.930004313674401,0.352368851042221,NA
TRMT5,0.53587957603967,-0.0751770766691148,0.877515806414233,-0.0864387838217777,0.931117617257242,NA
SLC38A6,1.01236606692493,-0.816050294771693,0.706849829403183,-1.14883214766947,0.250625200615223,0.465509889510992
PRKCH,0.964213075990128,-0.373295231958752,0.696675408265467,-0.535199027720573,0.592512238557404,NA
HIF1A,15.5037811047609,0.0434154360270338,0.247254863015679,0.175657650319526,0.860562908029638,0.929700759808957
SNAPC1,1.04848168285238,-0.24320214681146,0.77452322311136,-0.312633982655602,0.754558756968168,0.871876930059256
PPP2R5E,3.15960106548733,-0.214213407672993,0.441772666164017,-0.484188226615055,0.628252291635549,0.79487753967172
SYNE2,1.411157308957,0.552459084623566,0.720042199054296,0.770588484629819,0.44095088887482,0.649380887498917
ZBTB25,0.671347419512786,-0.583540191311548,0.830545826689842,-0.70450798493963,0.481116479153759,NA
ZBTB1,2.58172321373277,-0.464200137254152,0.481217781070136,-0.964118193027955,0.334986672493939,0.55627240289213
CHURC1,13.5810326251621,0.229812089611078,0.26973078880238,0.851921422140525,0.394257706137098,0.609462480544634
MAX,14.9651384578271,1.00384370062838,0.238389445230913,4.20823339858999,2.57374952638214e-05,0.000266950608770851
ATP6V1D,7.23420218148685,-0.470747998767518,0.316292604957213,-1.48803907092197,0.136740590107163,0.309739492692468
EIF2S1,6.3629189769145,-0.510457408687897,0.34607464392178,-1.47369011296051,0.140565046108263,0.314907580756064
PLEK2,1.02787613646487,0.1378529873478,0.739006211047827,0.188433267690104,0.850537022926536,0.924120306241077
PIGH,3.45505366388264,0.0586281414942497,0.427572617269991,0.137137304687348,0.890922266136232,0.947802935304824
VTI1B,17.1170826574105,-0.356676507001673,0.231423353225618,-1.54083250578962,0.123357555963572,0.287750380543598
RDH11,5.44910976410328,-0.744711407330584,0.368825160526831,-2.01624398767788,0.0437744688027607,0.139682350199764
ZFP36L1,22.2145179068606,-0.40077539922718,0.229701311942956,-1.74495985596164,0.0809918570384725,0.215287657197614
ACTN1,2.42813618167607,-0.83809802183244,0.580288017847074,-1.44665850003927,0.147992592995845,0.325925883996629
DCAF5,1.3934120333266,-0.570243056007896,0.673757041056668,-0.850191845243515,0.395218434785673,0.610122462128613
ERH,20.5204425780283,-0.362949057639519,0.215218965402262,-1.68641399543442,0.0917160876425365,0.234942824238949
KIAA0247,2.55766832944968,0.0207854629110366,0.471453305162518,0.04406268837908,0.964854434242123,0.980490818744594
SRSF5,38.1741415172645,-0.105231411736645,0.180287277773866,-0.583678535916591,0.559436610738288,0.743982449546694
COX16,9.73677150713271,-0.0926575423088481,0.264426581645159,-0.350361390179326,0.726067498454028,0.857190088522231
SYNJ2BP,1.40065063618421,0.558734596180575,0.645526566017918,0.864924366091552,0.387080302905092,0.603591795662375
MED6,5.23566524579683,0.191192209651555,0.396294056704228,0.482648760007232,0.629345151347646,0.795531106602277
PCNX,1.07757169950317,0.0181068910873691,0.689690193761002,0.026101638975164,0.979176269796056,0.988865944846167
SIPA1L1,6.61661126085709,-0.353939432502413,0.330174949679555,-1.07133768335606,0.284017621738672,0.503203420639607
RBM25,5.30822831942128,-0.403038839062423,0.361323198426355,-1.11426851336314,0.265164010610263,0.482999627020639
PSEN1,10.2589667900742,0.354960888282959,0.272557891112353,1.30227837957914,0.192821239752826,0.389114895899506
NUMB,9.63223051727501,-1.08566843709524,0.281555446277713,-3.85089693199145,0.000117686022584507,0.00106252072522979
PNMA1,2.69158805633393,-0.516529065821535,0.48229762910159,-1.06808337149115,0.28548290598649,0.504182573458835
COQ6,0.746811525404455,-0.86364327260571,0.781912898674241,-1.11025431864352,0.266889451898639,NA
ALDH6A1,0.817115270264623,-0.823845326225342,0.869059475764694,-0.999429684736964,0.317586585760989,NA
ABCD4,1.70232887889601,-0.535720292089749,0.58539065816193,-0.915261647156116,0.36005428824603,0.578891879026584
NPC2,213.042009253465,0.559532439093059,0.0819864590958911,6.82452596259329,8.82161199769368e-12,2.27096903454141e-10
ISCA2,9.73912209189479,0.23401586836258,0.279984566218083,0.836005421386149,0.403151853152816,0.616943297385774
YLPM1,0.609275882662277,-0.28434004796675,0.898524605498992,-0.311034154065566,0.755774657280589,NA
DLST,1.51853721817083,-1.37470820003803,0.690235732477965,-1.97982220442474,0.0477235104279141,0.148794251006835
EIF2B2,2.78225719447653,-0.205200866412099,0.494840336691724,-0.415306921167544,0.677917235208898,0.82744625290832
MLH3,0.437922601764328,0.104505881570056,0.919901392791135,0.111066900994571,0.911563295491303,NA
ACYP1,0.995720833069454,-1.50635839388825,0.754336645276755,-2.01130809236688,0.0442929242694594,NA
TMED10,10.6265389391271,-0.415693757528815,0.263775732224774,-1.57547309678258,0.115147283585633,0.274365852070402
FOS,15.0298301176392,-1.90378560736844,0.272695018192311,-6.95887352941113,3.43004253737028e-12,9.56228931759569e-11
BATF,1.58835263043492,0.22641197649351,0.600562033779944,0.376421854498028,0.706603301198084,0.846657332319034
C14orf1,1.5915874269811,-0.0358158625872573,0.622141356895359,-0.0577530148575496,0.953945364381575,0.974928068211857
IFT43,3.37644583461973,-0.418349503683904,0.476436241862825,-0.878294842619297,0.379783733900684,0.596084201760176
GPATCH2L,4.48312158688372,0.00498425389629147,0.431453888775627,0.0115684746966783,0.99076989852475,0.99560523586869
VASH1,1.30069398689214,-1.40961873990542,0.689397202807679,-2.02653983921,0.0427094944743099,0.137203350714267
GSTZ1,0.803268070701452,0.875214828748245,0.763063143258075,1.1408084284454,0.253949652429496,NA
AHSA1,16.6994210812135,0.994091872119763,0.242009262821269,4.10440355267842,4.05359336750031e-05,0.000403593834412269
SPTLC2,17.0077072325501,2.64986738843597,0.319355759894156,8.23728926455117,1.7615622317616e-16,8.05386252361403e-15
ALKBH1,0.705084609430776,-0.527376059369099,0.798095717174593,-0.662745069852048,0.507493839254367,NA
SLIRP,6.84903521566307,-0.102577634751152,0.312077675007233,-0.328687604509635,0.742391824409838,0.866675541989047
SNW1,12.9551415042933,0.378720674732864,0.241774329292953,1.56590185181566,0.117371596273914,0.278209397773821
GTF2A1,1.43847616123614,0.47727846109602,0.631083382594244,0.754670450740226,0.45044674067807,0.658639793727944
SEL1L,2.63672571147792,0.0582637800246268,0.476084055653809,0.122510365049333,0.902494837704628,0.952433984391749
GPR65,3.6431067663731,0.135306058469777,0.433951070954381,0.311133952844256,0.755698790573341,0.872772882657807
ZC3H14,1.23375943010436,0.0449033530364758,0.662559663292256,0.0679742816947115,0.945806107154584,0.971454923243951
FOXN3,1.83113234337056,-0.440173868024997,0.576592306337955,-0.759441751982909,0.447588345510695,0.656393993993745
TDP1,0.928181951299096,-1.23843363510672,0.747534402722712,-1.66111817922958,0.0966897140461808,NA
PSMC1,1.28283894384308,-0.20960492045446,0.616831544375475,-0.339574381663345,0.734177073351825,0.862508710131827
NRDE2,0.490523776778398,0.980079957288268,0.883129864034145,1.11785090669865,0.263630675387565,NA
CALM1,117.114292285486,0.91003697523384,0.188593193256766,4.82484642998286,1.40111183054423e-06,1.81572655590936e-05
RPS6KA5,1.34856632839148,1.08682199553721,0.68138621131884,1.58770830063783,0.112352315182665,0.269787177003751
C14orf159,1.36465831318233,1.14519494816948,0.665255389673224,1.71138633083246,0.0870098188596288,0.226645904641194
CCDC88C,1.28567914275702,-0.21610211165163,0.723305949307869,-0.303396194567559,0.761587945389989,0.875873364523782
SMEK1,3.35754630153078,-0.601429511433269,0.437294738491884,-1.37463799687582,0.169243702485062,0.35704236238543
TC2N,0.348194144602657,-0.07962145757429,0.858157118274653,-0.0916869004087317,0.926946805508557,NA
FBLN5,0.148356301014333,-0.0519825121391675,0.972669464472775,-0.0537513273127813,0.957133288595187,NA
TRIP11,2.84689857842357,-0.216976884362934,0.458263985013587,-0.472811728707287,0.636347505575587,0.799104810890899
ATXN3,7.8517966814858,-0.0169075798500145,0.291103470881202,-0.058079632924634,0.953685197574666,0.974928068211857
NDUFB1,6.54612780728247,-0.751575147978391,0.368603352267609,-2.03736359935895,0.0416136187882428,0.134514610506113
CPSF2,2.94776565270679,0.397358695958841,0.548017188065637,0.728390696562399,0.466374456704291,0.672214380848682
RIN3,6.16609516234067,-2.06389356394746,0.388301150600897,-5.26363573836647,1.41234144770521e-07,2.16976649828905e-06
LGMN,21.1847395248533,-0.69480255131717,0.40549850372894,-1.71336541270707,0.0866453352017714,0.226098517323094
GOLGA5,1.68459069088011,-0.126981254388453,0.572450551914705,-0.221605387635037,0.824621088047206,0.909201156551478
MOAP1,1.18971999387993,-0.90477256484703,0.675085398145529,-1.33583897131873,0.181601911957918,0.374406539263889
TMEM251,4.35525449570674,-0.320049851300295,0.396154710054464,-0.808012519347459,0.419083375184966,0.629153894517538
C14orf142,2.63815798590194,-0.211135336304302,0.515120635080966,-0.410736140372783,0.681266023497356,0.829095167717165
UBR7,1.24647830420444,0.914817460212114,0.685438961916118,1.32744666842538,0.184360970684008,0.377694920008813
BTBD7,1.63555145400349,-0.698272841040588,0.619179821770612,-1.12200640075922,0.261859718412643,0.478889053033042
DDX24,9.96805116452905,-0.286296454218338,0.332676578181215,-0.860645172430019,0.389433498585328,0.605773664783655
IFI27,144.862574223892,2.8261541159201,0.840907829354952,3.38662593809005,0.000707577919453389,0.0050484492005944
IFI27L2,5.98381731336295,-0.444327347234259,0.345049777393603,-1.28755886663851,0.197899565660435,0.395314931055361
SERPINA1,86.0599662565298,0.0353716763262957,0.137140283978009,0.257919849992601,0.796468764947556,0.892863670395309
DICER1,2.19040987554348,-0.808277426993327,0.542711202664884,-1.48356159693475,0.137925263815686,0.31143535468457
SNHG10,0.203209545907988,0.190837356302256,0.964474202253766,0.197590365624278,0.843365573311134,NA
GLRX5,2.26577160748421,-0.615237715309563,0.582034502720503,-1.06193817184856,0.288263754544487,0.506204068905067
TCL1A,0.201408751757476,-0.39332175214791,0.96697136342592,-0.442182770547249,0.658356952792044,NA
GSKIP,2.19527923086739,0.0785869294163222,0.522294028298287,0.150566528281833,0.880317666879244,0.940979152436419
PAPOLA,29.3662349517008,0.0687264991678846,0.171286311446044,0.401270324749893,0.688221109357584,0.834212874843407
VRK1,0.859555932270689,-0.878688379061732,0.710034504039486,-1.22623289014363,0.22011104754341,NA
C14orf64,0.246392767038571,1.03667428070632,0.952105259710291,1.08778179354769,0.276691448823896,NA
BCL11B,0.31990657534785,-0.139446763639694,0.949544365438149,-0.149358543718482,0.881270722062301,NA
SETD3,1.80537917212616,0.341631186669434,0.57873994818951,0.591165682861956,0.55440941379975,0.740984518209909
CCNK,3.00701720304157,0.418212771164332,0.45925449022567,0.908979577721781,0.363360905929937,0.582498619183616
EVL,19.3393804863541,1.17190957872086,0.22154762611795,5.28593924426022,1.25061399451914e-07,1.94218993985784e-06
YY1,8.41320477595674,-0.182162540652826,0.300974346723187,-0.605095390819649,0.545115616617645,0.734575748401284
WARS,129.372758858802,2.12332051998467,0.200027517925718,10.6092800889619,2.69819964866608e-26,2.30152402867562e-24
WDR25,0.65984776155868,0.191656177594208,0.84070426016207,0.229234147231925,0.81868693345925,NA
MEG3,3.5042231777588,-0.995574622127199,0.676597484026588,-1.46868867902938,0.141917249493351,0.317310361978067
RP11-796G6.2,0.200828725589755,-0.0725160271203284,0.96117081106071,-0.0782867661539497,0.937599944232568,NA
PPP2R5C,9.36599156466093,0.27783970774091,0.298648217535834,0.929930442560059,0.352407099791523,0.570540106319704
DYNC1H1,4.30676268812392,0.084552113477267,0.401655144524969,0.210501622174441,0.833276185713293,0.912794279048022
HSP90AA1,172.301168035049,1.33951278316104,0.112371910432414,11.9188547552077,9.43971941559405e-33,1.01788672566264e-30
WDR20,3.14211442916391,0.453373362082734,0.482582446033659,0.938074249240152,0.348206254246058,0.567501972999194
CINP,3.36250712743639,0.217346269772292,0.443403429538041,0.489850222252745,0.624239889163319,0.793472947692137
RCOR1,3.874544004924,-0.700631603051428,0.430614179866208,-1.62646524211885,0.103850721619019,0.25494281531473
TRAF3,4.77161044791174,-0.704698895057848,0.418196195541795,-1.68318774094787,0.092338753234203,0.236034773768379
TNFAIP2,8.23354580321128,0.350079723105753,0.419427679449966,0.83368754697741,0.404457077338769,0.618208255013506
EIF5,46.5275159180496,-0.194251875298541,0.159934212295393,-1.21458561404651,0.224524178405377,0.431167903086939
MARK3,4.06066387921382,-0.158095028607209,0.44933780451267,-0.352113497187072,0.72475314650145,0.856485573253885
CKB,9.64699899408308,2.44613307601404,0.427168559925713,5.67622713332395,1.37697920127813e-08,2.47466545135362e-07
BAG5,2.50320507168311,0.415814695955565,0.511557066941522,0.812542251944685,0.416480552403375,0.62733675650923
KLC1,1.54943692620792,-1.09506226852251,0.608293032403828,-1.78828446491675,0.0737301249385266,0.201997921391984
APOPT1,5.2782492743207,-0.497688294256608,0.364721530956503,-1.36445356487976,0.172424859234077,0.361617640558808
ZFYVE21,3.69954999756201,-1.0781402546105,0.434880119123801,-2.47027556340858,0.0135009007383301,0.0571961806668321
C14orf2,13.4575811311282,-0.0417503348832073,0.237442170808035,-0.175822363123323,0.860433500088959,0.929700759808957
SIVA1,12.9257407620013,-1.23709181096425,0.244661560263466,-5.04994236638513,4.41943380335397e-07,6.13035538499221e-06
PLD4,2.09116333059977,2.0143289872208,0.579060325337097,3.39666448048344,0.000682125486438353,0.00487461697303521
CDCA4,1.65600423154963,-0.710678053760297,0.642106206523868,-1.10709592395606,0.268252457644808,0.485503552071481
GPR132,3.55120716399185,0.204520229773326,0.478372050367901,0.428262687676489,0.668459880958144,0.822412822197357
NUDT14,3.02195531508258,-0.599087004248857,0.499183226035685,-1.20083191007756,0.229816411024313,0.438359747944223
BRF1,0.31248691902582,-0.764294098383824,0.945475116420636,-0.805352912060697,0.420616056228381,NA
CRIP2_ENSG00000182809,0.385139187757964,0.899970032410387,0.895028526190738,1.03298302230154,0.30161184390235,NA
CRIP1_ENSG00000213145,1.8537368985905,0.44745503398281,0.626275060586075,0.710235260879511,0.477558258254412,0.68231136148099
AL928768.3_ENSG00000253701,0.26720160784039,-0.0667034175893513,0.973213617670924,-0.0728039611561116,0.94196211877763,NA
KIAA0125,0.303873343159927,-0.255080522649794,0.882681328915191,-0.32298119990252,0.746709479989789,NA
CYFIP1,2.01969021107294,-0.274841719638635,0.577514577318218,-0.476916833093473,0.633421344846262,0.797725505934564
NIPA2,6.93314880428069,-0.0183274025897884,0.313422334846331,-0.0584694327130428,0.953374709987171,0.974928068211857
UBE3A,6.22827421956834,0.42580475224782,0.391178994294855,1.087869371712,0.276652779056158,0.49547810476526
NDNL2,5.28404127205822,-0.265486133480881,0.362518662485953,-0.732167859394084,0.46406611910335,0.670070204819517
KLF13,3.0575467243737,-0.0506889894536659,0.454386219283665,-0.111476081057415,0.911238831916793,0.956248608961526
EMC7,20.8963871627565,-0.302457729040754,0.19747876986766,-1.53141505534396,0.125666845542894,0.291353355893566
KATNBL1,2.35431145761177,-0.0908014198680681,0.496171300279389,-0.182975308658717,0.854817392366921,0.925593292417005
EMC4,9.70670855437165,-0.15004470729498,0.279384525034647,-0.536960450213181,0.591294933398995,0.768750376764329
NOP10,59.4239041608189,-0.204133473235367,0.122929178342455,-1.66062593770516,0.0967885963375973,0.243677016770647
AQR,0.850228026183038,-1.15089825821814,0.760963710671772,-1.50059371007404,0.133460679204602,NA
ZNF770,0.884345995802562,-1.01579616874515,0.726821012277228,-1.38891954015102,0.164857217954563,NA
RASGRP1,0.326107807144425,-0.176164298781071,0.882878520294773,-0.213755371266373,0.830737829085342,NA
THBS1,6.42988812057054,-2.35706733563279,0.509061789560788,-4.57021402817104,4.87226362809237e-06,5.80103888219748e-05
SRP14,103.103347550196,-0.113960148732058,0.122660665799945,-0.92903487336435,0.352871013761763,0.570967679402174
IVD,0.423199647632963,-0.696142265956596,0.887740210535623,-0.807218159593973,0.419540805162578,NA
C15orf57,6.18628152372272,0.831175379305378,0.339809001763428,2.44201858666369,0.0146053946488077,0.0608824437767584
RMDN3,1.28546210484161,-0.660640240126115,0.659440030524307,-0.997386744474601,0.318576822970051,0.539360321674307
GCHFR,1.40717490344931,-0.544919461663368,0.644117359339939,-0.846505875745308,0.39727059741515,0.612133045086972
DNAJC17,1.29725215056004,-0.243244355796122,0.641490029731415,-0.377574149572396,0.70574697120951,0.846112768061361
VPS18,0.896485013533441,0.604857560650364,0.683832962230059,0.879098414912288,0.379347917126528,NA
INO80,1.59714374745824,-0.855265507317494,0.586487787321309,-1.45198844021264,0.146504819501751,0.32427383557417
CHP1,1.44212604906238,-0.760714242712741,0.582259867883372,-1.29873884462603,0.194033568424939,0.390381584443626
NDUFAF1,4.21020690373572,-0.0564538409653411,0.388097752589506,-0.145525686076304,0.884295837057128,0.943189814973897
RTF1,7.96252718442777,0.330586391865923,0.300336747900992,1.09993771302869,0.271359261527086,0.488600560689129
EHD4,7.22846106245087,2.14552921550059,0.463188187237836,4.59154021093368,4.39986846691874e-06,5.30490470220266e-05
TMEM87A,5.27102466736736,0.33684070935903,0.368105806758503,0.91498521604117,0.360199391394319,0.578891879026584
ZNF106,6.12911247331052,-0.991342524209041,0.363490765352675,-2.72287189277862,0.00647171479193765,0.0318843534792445
SNAP23,34.3314156136202,0.127795370185499,0.173584656408907,0.736254433363521,0.46157587115885,0.668670748713011
HAUS2,1.30789796469086,-0.375739745456306,0.623040991957118,-0.601372569606654,0.547591864426136,0.736003646565232
CCNDBP1,24.1583479914083,-0.317508597056726,0.235253754434797,-1.34947915860485,0.177183110168905,0.368620849878155
ADAL,0.361298772783951,-0.448039257983138,0.876962321217259,-0.515639660459348,0.60610610480116,NA
MAP1A,0.0628635903131331,0.0674168058199645,0.882413679742461,0.0835247909725053,0.933434265916411,NA
PDIA3,43.7996329765853,0.258119273291214,0.139071321949235,1.85602488759351,0.0634500107555984,0.181749148267663
SERF2,272.812014640567,0.120843660126558,0.0868857142259789,1.39083779280147,0.164274619955975,0.349657151973332
MFAP1,4.89971016801825,-0.686879396465336,0.419719492253051,-1.63675143507785,0.101682416966136,0.250913218031721
CASC4,1.84090976729892,-0.247052361504906,0.598598815814413,-0.411225735984219,0.68090701870382,0.829095167717165
CTDSPL2,1.03142864980051,0.278427706680306,0.737279123108622,0.378267433319719,0.705231935657623,0.845834315274568
EIF3J-AS1,1.38872574600638,-0.537299475095563,0.695851613483775,-0.770705222004848,0.440881675984972,0.649380887498917
EIF3J,4.88409206922914,-0.254506478155407,0.405952690598379,-0.627189294261706,0.530535159994231,0.723242603645051
SPG11,2.05890904846507,-0.274215956447383,0.564465592394891,-0.484370718972299,0.628122795163689,0.79487753967172
PATL2,0.66946892745518,1.59315722424133,0.776554928378804,2.04225426559841,0.0411263161443556,NA
B2M,6201.86901435125,0.470864324469718,0.0439264367326042,10.7193770953923,8.25574485795218e-27,7.14872452472677e-25
TRIM69,11.633061386676,1.19676029028481,0.26664408001045,4.47997519192014,7.46517153265309e-06,8.49869627671562e-05
SPATA5L1,0.6476172826268,-0.580400968708702,0.776594891017491,-0.734245169122282,0.462799328871733,NA
C15orf48,713.057175892622,0.869934465494876,0.244164584741763,3.56293973862353,0.000366724886437586,0.00288285106738762
BLOC1S6,3.832580784315,0.133977279196466,0.425649299430397,0.315249388343579,0.752572309356445,0.870461596432318
SQRDL,67.8113283283873,0.753484351876945,0.147535817309719,5.10664184765715,3.27934461014833e-07,4.68536361174942e-06
DUT,9.28248998842298,-0.281106514022134,0.276159732505592,-1.01789762157079,0.308726612060474,0.528843435753898
EID1,17.3279348728341,-0.737771848061157,0.254023715483476,-2.90262370253706,0.00370050981754821,0.0201581900281836
SECISBP2L,2.32590367259911,-0.0608022555065227,0.507262920573303,-0.11995461885558,0.904519097203292,0.952871270141348
COPS2,2.0919141382135,0.307977109692218,0.501511851456437,0.612528642154892,0.540188053735893,0.731544436456508
DTWD1,0.97613674814716,-0.244555380829876,0.718694142217805,-0.337756840506635,0.735546436672361,NA
SLC27A2,0,NA,NA,NA,NA,NA
GABPB1,2.25740930992455,-0.0388531326815813,0.522966321617717,-0.0743116802422238,0.940762383240871,0.969604512213089
USP8,4.87217015045844,-0.286625123683149,0.364147753567408,-0.786376716623588,0.431646819907767,0.641076293080273
TRPM7,0.624012737091676,-0.138349493097463,0.761456025632841,-0.179553547949291,0.857503075241193,NA
SPPL2A,28.7836170800588,0.814300644889059,0.177402150735128,4.58897700563821,4.45423486050446e-06,5.35914783742799e-05
DMXL2,5.92262394446962,-0.446737432080616,0.342585105936008,-1.30324613629578,0.192490743720514,0.388585164381045
LYSMD2,54.4009426692294,0.759320005247092,0.149718900182781,5.07065075088568,3.9645773136116e-07,5.58067964218973e-06
TMOD3,14.9327129463407,0.465231152180181,0.24222265030808,1.92034913985746,0.054813813241054,0.164268978852975
LEO1,1.27771121664599,-0.961567717535235,0.642171912912326,-1.4906149196108,0.136062624959914,0.308693093150421
MAPK6,1.36381870771011,-0.0682928916259709,0.623240515175693,-0.109405419325903,0.912880935552351,0.957093110746961
GNB5,0.708061461614151,0.20217511364269,0.811131534406689,0.255504618494647,0.798333376923376,NA
ARPP19,6.88563194132546,0.123820385285714,0.327016309798988,0.378283985408085,0.705219640878997,0.845834315274568
RSL24D1,13.3520510204399,-0.733128442957436,0.269361201922603,-2.72103329541929,0.00650782063980502,0.0319795313469352
RAB27A,3.63577165465197,-0.555291802725027,0.400626455340986,-1.38441327286338,0.166231947097996,0.352510418428588
RP11-139H15.1,6.4664434198307,0.0878380401908473,0.312592746475492,0.280967699093421,0.778735174655839,0.884785591085113
CCPG1,9.70071870548056,-0.655197776783993,0.292980228368455,-2.23498265730929,0.0254184873301443,0.092526531905589
TEX9,0,NA,NA,NA,NA,NA
ZNF280D,0.93872973303769,-0.447484088733912,0.700476956375398,-0.638334543261548,0.523255930415855,NA
LINC00926,0.450954251223378,-1.51354052358475,0.887355164545071,-1.7565553757478,0.0789936248171707,NA
AQP9,22.9539203718808,1.3687740898161,0.236382602319918,5.78426232121164,7.28312163507158e-09,1.36023007007955e-07
ADAM10,5.79316606205869,0.00950295374422124,0.356338122161194,0.0266781655950121,0.978716428264451,0.988576243819607
FAM63B,0.744547987882066,-0.313176982206853,0.817785688273915,-0.378790845106514,0.704843186229482,NA
RNF111,1.24586597032811,0.0796556075887208,0.643928262841541,0.122744089808696,0.902309749201187,0.952433984391749
SLTM,8.53959158782555,-0.331390987828562,0.343374961979458,-0.965152418730505,0.33446847505814,0.556238040061949
GTF2A2,14.432355522778,-0.728414168473181,0.238610687788278,-3.05173081792343,0.00227526040809881,0.0136269767174387
BNIP2,8.82839694325715,0.0049482225552481,0.341566537643914,0.0145029612082138,0.988428716810145,0.994344326099274
ANXA2,239.441783419623,0.456535629646586,0.120104441553813,3.80114504627215,0.000144028954976867,0.00125668011861495
NARG2,1.40595423710148,-0.0434072977179659,0.644237347138251,-0.0675706723970012,0.946127402060513,0.971454923243951
RORA,0.873431537744713,1.48321618962282,0.780764408042816,1.8996972396075,0.0574728628009961,NA
VPS13C,3.0777745846716,-0.517778510860571,0.442488918393505,-1.16965785704544,0.242138683993718,0.453414999680241
TPM1,2.35096306703934,-0.884687142010054,0.533722556558644,-1.65373914322217,0.0981805257440031,0.245587423520928
LACTB,48.1805261700222,0.711377026223673,0.152132965719637,4.67527789902364,2.93555827270441e-06,3.61803396775884e-05
RPS27L,28.0597201340395,-0.255928718850144,0.237426067802061,-1.07791803370601,0.28107033676661,0.499632029431158
RAB8B,12.725381521961,1.49444396798766,0.270225978470848,5.51680445406079,3.45219185673183e-08,5.80272837094777e-07
APH1B,5.57121993682741,-1.5691700492329,0.368045393440645,-4.23992818204509,2.23591310837804e-05,0.000234463181915238
USP3,8.18440429022456,-0.096988286905834,0.331722088650301,-0.292353220299261,0.770016571305098,0.880305002002128
HERC1,0.723832033779337,-0.828620451923148,0.75036789292664,-1.10080676525467,0.270980766723407,NA
FAM96A,6.7830000950897,-0.857855840882062,0.33762675926625,-2.53607398554119,0.011210304721312,0.0493962154836532
SNX1,7.17082661421849,0.609589765830269,0.315264912475639,1.93163347786537,0.0534047607180161,0.161422332647479
PPIB,20.7023636733243,-0.0812017030742473,0.209062558864604,-0.38840640562712,0.697715304605061,0.841650976545467
TRIP4,5.33940866903456,0.486150127022426,0.36005813503332,1.34913758814379,0.177292776904869,0.36871478166351
OAZ2,11.1703119744513,-0.779329693317063,0.260499939717956,-2.98985750996946,0.0027910761353285,0.0159989971047165
PLEKHO2,10.5889075108058,0.524788167025451,0.310259789413313,1.69177743828328,0.0906884169378959,0.233041503057588
SPG21,21.8789478907011,-0.836739697328707,0.222138339306155,-3.76625342008062,0.000165715590572833,0.00141988695670725
MTFMT,0.572771308927558,-1.59795551261444,0.8484638449861,-1.89579715633418,0.0579868720535699,NA
PDCD7,1.45465757220589,-0.931173636115372,0.63986986232758,-1.44875487018115,0.147406051070664,0.325135307552623
CLPX,1.46075420753009,0.244626470875819,0.638544604398567,0.383823991978697,0.701108904542075,0.843722339325744
DPP8,1.04716816566966,0.375908014928703,0.67208278115546,0.558356696729131,0.576600836417754,0.758405933285953
PTPLAD1,1.13166382191603,-0.891123600310319,0.780078123031605,-1.15961287705049,0.246206455805938,0.459226467014013
VWA9,1.1500594541119,-0.709613465105352,0.698662386986925,-1.01579438263551,0.309727311569298,0.529650384685379
RAB11A,17.3905056457374,0.4298835225825,0.204888673550307,2.09772707976597,0.0359292612993207,0.120431512214439
MAP2K1,11.0228820828119,-0.663635223999802,0.307107564621402,-2.15961309706839,0.0308026336782512,0.107143671011081
SNAPC5,4.60975797814347,-0.519346145929461,0.416991348227301,-1.24581535959904,0.212832189327996,0.414707112856972
RPL4,83.6916748844417,-0.915556944228688,0.165132547156177,-5.54413322030437,2.9541386264233e-08,5.00976327893446e-07
SMAD3,1.5714161954525,-0.992987552032118,0.596652223054038,-1.65790749285216,0.097336139569813,0.244839805299948
AAGAB,0.735512733254352,-0.618777895899446,0.726356522224897,-0.844046154746953,0.398643614723062,NA
C15orf61,0.729978252179532,-0.497758324386928,0.767183494149795,-0.647650517730467,0.517211015308082,NA
PIAS1,4.46776499019476,-0.205038311052803,0.399834464836467,-0.512608728697828,0.608225046162987,0.782569685093187
ANP32A,8.36036083614964,-0.410986556078543,0.342637009653251,-1.19968034164793,0.230263510643667,0.438359747944223
RPLP1,504.354383308786,0.210965285577621,0.116549925595363,1.8100892546623,0.0702819470493377,0.195455633764946
TLE3,1.13490877909991,0.0657522901591004,0.659976638540511,0.099008266713141,0.921131706469102,0.960945079101256
PKM,85.027239421175,-0.759793713291075,0.17904330281599,-4.24334118055015,2.20216240674118e-05,0.000231348495487607
HEXA,2.00623319629121,0.252686713106523,0.582989734797401,0.434299628912886,0.664070873287559,0.820221534652777
ADPGK,15.0262325841717,0.308973671475534,0.225216340449927,1.37191241938571,0.170090703701272,0.358036232652953
STOML1,0.843806673005767,1.19862879923437,0.784774964607733,1.53711801009879,0.124264413358256,NA
PML,10.2728526358976,3.2733475051031,0.388049348434599,8.21834391258701,2.06332558270957e-16,9.35865532157556e-15
UBL7,4.58784451773767,-0.827893227156312,0.388651597215401,-2.12688533486066,0.0334296116440809,0.11397948619369
UBL7-AS1,0.480146112150082,0.633496285974364,0.844238070894198,0.757079869554808,0.449002013532051,NA
CLK3,7.33580537496383,0.163629652524973,0.337304354271222,0.485375587450645,0.627409946195302,0.794445429283138
EDC3,0.79336986807281,1.04287404871026,0.770573311066154,1.35224271338595,0.176297683739768,NA
CSK,7.60345884525099,-0.122197281184102,0.306000899927728,-0.399288593307101,0.689680570979961,0.835599843788526
SCAMP2,11.6332474047128,-0.286554810804816,0.276722543314397,-1.03524311268859,0.300555389338668,0.521613741290764
MPI,0.0977230451071366,0.0553943892453481,0.96387006399183,0.0590666937737396,0.952898986823877,NA
FAM219B,0.866565273392598,-0.0163491739444624,0.820700539357867,-0.0198272455856582,0.984181183318739,NA
COX5A,27.0641124264569,-0.113323580533628,0.208081776796703,-0.544599358951742,0.586029095741705,0.765472041296508
PPCDC,5.21280692197536,-0.56580875401578,0.407960042454784,-1.38514403342753,0.166008429853169,0.352167103419027
C15orf39,3.09904033971234,-0.245034504548984,0.460031817838064,-0.532650223683621,0.594275728812707,0.771532437565792
COMMD4,2.78295447149746,0.136907031297424,0.516589228992625,0.264982714898923,0.791022777509146,0.891154954729398
PTPN9,2.41288327095465,-0.086469462539914,0.495502417364851,-0.174292479455988,0.861635609312962,0.930332043684787
SNUPN,2.41564369285562,-0.644695528897552,0.543856495893715,-1.18633372436538,0.235490533456309,0.445491029031051
IMP3,6.0907267595203,-1.40459220804902,0.354685664742048,-3.94561877184259,7.95941656695433e-05,0.000748158975002369
UBE2Q2,4.95685154857728,0.105527646682466,0.374725521505187,0.281615989382354,0.778237978487464,0.884396509655171
FBXO22,2.08242235196101,-0.497569688807957,0.561473287102343,-0.886167156931041,0.375527458778845,0.592365284825034
ETFA,5.42107267585705,-0.092022510504444,0.350321678224447,-0.262463926222321,0.792963793433901,0.891186645301147
SCAPER,1.72220873809794,-0.238022595440185,0.560862463638004,-0.42378263133497,0.671724346095361,0.823976097431849
RCN2,2.95730493519633,-1.7406714691904,0.508595490125496,-3.37948548216866,0.000726216427689994,0.00516209811473671
PSTPIP1,0.304930666502753,-1.01934870436765,0.962190410907511,-1.06474930351379,0.286989392280623,NA
TSPAN3,1.84533754516966,-1.68354656325751,0.59002471061074,-2.81810381974681,0.00483081868811506,0.0254687535079129
IDH3A,2.27718874447278,-0.553244545717136,0.60935194737519,-0.908114952042042,0.363817491553951,0.582740180557969
DNAJA4,1.12995363661041,1.50891053873901,0.68359652478737,2.18116366491866,0.0291713132707831,0.102467151409051
WDR61,3.60194128570714,-0.318510430328519,0.451558425946044,-0.705420965872802,0.480548300346464,0.684871206104748
IREB2,2.17793196620295,-0.0863753467111176,0.528312833842172,-0.163163546113697,0.870389667511833,0.936346277682048
PSMA4,133.904500833183,1.783271396874,0.131984114809782,13.5074035111954,1.41421824546396e-41,2.02056431820664e-39
MORF4L1,22.7763187991666,-0.568326877017801,0.222901224412862,-2.54941716351472,0.0107903141828132,0.0481986915963796
CTSH,23.3046863141755,-0.842964510180655,0.283850036379003,-2.97066042475431,0.00297160156463979,0.0168484021623817
TMED3,1.70977425317488,-1.2041896625386,0.629021474637644,-1.90708354545035,0.0565097696668834,0.16698724593911
MTHFS,11.5045264071556,-0.779945404964321,0.292794260343922,-2.66205352563295,0.00776655271711638,0.0368959673967748
ST20,0.771317106225534,-0.621563571735199,0.734825682823797,-0.833942629430256,0.404313313537592,NA
BCL2A1,26.6186864860924,0.12359230453294,0.342329383881553,0.361219885141232,0.717935078090147,0.853724296979857
ZFAND6,21.9879535586256,-0.116047556464576,0.229691987367996,-0.505235524301711,0.613393422085792,0.786207378373018
FAH,0.999718537808917,-0.273321677692788,0.771833804514907,-0.358842425977909,0.719712972173879,NA
MESDC2,11.4697517582936,0.803330437196489,0.26356868266462,3.04550206806936,0.00232292180938745,0.0138575137167529
MESDC1,6.20931506335271,0.268830611363995,0.343750262803668,0.78196791499607,0.434233429907022,0.643913869205665
IL16,2.78607838089475,-1.23923231585749,0.521394481264331,-2.36290341802274,0.0181323944259571,0.0715159655930605
RP11-752G15.6,0.563627106592935,0.0666495522633604,0.837180216851169,0.0803128905901707,0.935988406124471,NA
WHAMM,2.86478189836889,-0.407134132788135,0.47047601099822,-0.863911924098382,0.387636275930944,0.603964372122504
C15orf40,3.14589915366344,0.428000422790619,0.470025824606648,0.909394423477257,0.363141964352907,0.582310978192162
BTBD1,2.25564455388849,-0.626099565708566,0.529594800250943,-1.18190378309725,0.237243880733668,0.447622574576729
TM6SF1,2.02190139396995,-1.17939685530618,0.527475050749687,-2.21671918463214,0.026642286972623,0.0956411244023495
WDR73,1.03931225483563,0.155592336816187,0.712440324300176,0.217530702949699,0.827794782308671,0.909828214866623
NMB,1.93336369953399,-2.30269373677101,0.727532751838339,-3.09622923498955,0.00195998773867164,0.0119928585936921
SEC11A,34.5627636288147,-0.711713096446524,0.160255603984313,-4.44059111190078,8.97121113268196e-06,0.000100727842088954
AKAP13,18.5573348201837,-0.0346860532818171,0.248425772572288,-0.139660617925709,0.888928143711952,0.946390525580069
MRPL46,2.28646650686692,-0.538161966553366,0.490147536653249,-1.09503084755579,0.273503122338659,0.491545589760715
MRPS11,5.07684865218026,-0.37055783597145,0.389100908698579,-0.952041043727252,0.341076166854938,0.561096802986751
AEN,0.523832438894452,0.246001687982938,0.843211705024063,0.29612954312941,0.767131153096371,NA
ISG20,703.653839871408,4.29027124964071,0.198834862555929,21.5576548282717,4.48779321072931e-103,1.2823869099659e-99
HAPLN3,3.8474899071691,4.00636486664601,0.63520038755841,6.00348635964707,1.93124997877262e-09,3.91386298889557e-08
POLG,1.16328660959813,-0.585593259975022,0.664577908270006,-0.878444690471668,0.379702440699601,0.596084201760176
ANPEP,10.2990037538663,-0.509152867420994,0.31572222617646,-1.61294332865827,0.10675682057812,0.259946690092254
IDH2,35.857312114806,0.941593272992835,0.246569264984063,3.81847692805889,0.00013427813991568,0.00118425859508968
CIB1,48.7226399212623,-0.555550097028177,0.166666143897029,-3.3332125021617,0.000858493452217524,0.00600525101520581
IQGAP1,9.7223924685013,0.0976347817552265,0.272877005518944,0.357793332633738,0.720497980515869,0.855170500238462
CRTC3,2.23716068152806,-1.0823245727146,0.550101569942805,-1.95964158072634,0.0500376977354852,0.154138307358781
FURIN,1.52116168806356,-2.02063776942131,0.655337107940193,-3.01368315774807,0.0025809719654355,0.0151284664435527
FES,1.13820656923523,-0.648118374591119,0.725999083419721,-0.901639700359673,0.367248294468829,0.586153199660018
UNC45A,1.70531758505718,-0.138407560069275,0.601391891781202,-0.230427659473639,0.817759470208575,0.905014595709141
HDDC3,1.49210185878993,-1.1528793385662,0.678855370391901,-1.6966978071858,0.0897538074707103,0.231263755498246
SLCO3A1,3.07336304813948,-0.450734119131352,0.469534833521277,-0.960851008606435,0.336627086892615,0.557730704270389
CHD2,11.2406408023885,-0.0235842909922949,0.294993951700689,-0.0799919262140337,0.936243677341979,0.965986509889873
LRRC28,1.17963384370055,-0.712913787642695,0.705021848684631,-1.0193728346486,0.308025997772361,0.52832190194149
MEF2A,6.26829978242122,1.50078247906919,0.393638693657806,3.79361564172635,0.000148469436621663,0.00128561034892849
LINS,1.72849324793833,-0.174484038787265,0.594744921035547,-0.293701518903305,0.768985993559794,0.879836592286617
VIMP,23.8130023750958,-0.0935843993835833,0.226024214476422,-0.414170794009447,0.678749029339305,0.827644056910102
SNRPA1,3.10061176171531,-1.12575487125632,0.459525816527626,-2.43804597535748,0.014766895765283,0.0613361942534118
TM2D3,12.4731519577773,0.423547596562922,0.24798454071175,1.70761364299632,0.0877080552161433,0.227841607072845
TARSL2,1.11613476000117,0.167823549521963,0.729627767130098,0.231503316066447,0.816923809556954,0.904264879259732
POLR3K,3.6153627327642,-0.453851887571933,0.466554661269995,-0.974060656312697,0.330026422976141,0.551382462758777
SNRNP25,1.44281113721642,-1.64823798781935,0.65961349346318,-2.46831583963106,0.0135750483341409,0.0574677046145297
MPG,4.23688698009463,0.152332180887989,0.378655702469734,0.402349696716509,0.687426685135849,0.833929846221902
NPRL3,0.868615732031276,-0.67802605693042,0.796800218371349,-0.864643072708316,0.387234723713654,NA
HBM,0.126063396252677,0.154784082731975,0.934456788118128,0.168981744863201,0.865811000388711,NA
HBA2,65.789441787213,0.0191406640156583,0.953311051794763,0.181004460854328,0.856364074596158,0.926741277469616
HBA1,19.4680622357081,-0.123290763124947,0.956594421354953,-1.42983825622456,0.152763446377833,0.333260369154495
LUC7L,2.72565893362782,-0.0291668711856256,0.496241539475752,-0.0588647967152587,0.95305979756011,0.974894709693221
MRPL28,12.0116574222599,-0.236571200496162,0.253683368907305,-0.93254123786477,0.351056885378963,0.569841061969721
NME4,0.236887020092135,-0.218791792254776,0.93757359979243,-0.229036231130845,0.818840756120311,NA
C16orf13,3.94842743082167,-1.399300457348,0.496234083056352,-2.80778981667073,0.00498827722391361,0.0260347071549464
FAM195A,1.90359441364042,-1.40272347219292,0.611173691713396,-2.28411918564152,0.0223645273270252,0.0838669774763447
RHOT2,1.62313799789787,-0.162283228468105,0.557726481315984,-0.290578771550562,0.771373497681217,0.880545857313076
STUB1,10.7864124535905,-0.482892694388335,0.263975590124529,-1.82913189074914,0.0673798525567634,0.189505835315897
JMJD8,0.076839405226342,0.100408323358008,0.952635453735967,0.103181521306397,0.917818905487017,NA
FAM173A,1.92391112411343,-0.537628612717607,0.548793637472342,-0.977934503248733,0.328106718926282,0.549840535242514
RPUSD1,0.908271488594671,-1.01315878911866,0.701702006465973,-1.43527757238376,0.151208016116879,NA
UBE2I,25.0436373832418,-0.522229501650392,0.176439014260303,-2.95938675136261,0.00308251976172417,0.0173733732132679
TSR3,2.0393987975556,-0.955339483103575,0.572082269675677,-1.66385826633276,0.0961407567564094,0.24236631004097
GNPTG,3.33225933952139,-0.477824191761226,0.428015903921618,-1.11561051261457,0.264588890235377,0.482336685070232
UNKL,1.25336518206321,0.901412021558394,0.791062965134193,1.12892753137016,0.258928405624832,0.475506374725552
C16orf91,2.3298607487282,-0.712953501213403,0.504190545242897,-1.41179289010246,0.15801095255502,0.340638473727628
CLCN7,1.45051427339203,-0.908139904174617,0.618243258218415,-1.46064945284081,0.144111667416708,0.3204662176212
TMEM204,0.386834942308619,-0.964737667648122,0.959096890886572,-1.05297553315159,0.292352205777183,NA
HN1L,1.1930538703916,-1.48878486498636,0.742799495862526,-2.00342897176267,0.0451312643566922,0.142657729977044
NME3,2.12958200735928,-1.16624427034487,0.540283837820643,-2.14161635890929,0.0322243662398062,0.111209090012375
MRPS34,4.74402487038574,-1.40289201135542,0.409650347424848,-3.41014102116089,0.000649292972102223,0.00468523906005581
SPSB3,6.26986780939777,-0.716199350882466,0.356766624101516,-2.00436861741294,0.0450305884608341,0.14241826953717
NUBP2,2.3452647382526,-0.719796891566482,0.507041697705909,-1.4151842637735,0.157014477130031,0.339514845553585
HAGH,6.3244264856146,-1.26192830464118,0.369200234042103,-3.4085278977129,0.000653144063851755,0.00470708489900728
FAHD1,1.09868628618934,-0.706355765804823,0.704334430660804,-0.996137356230376,0.319183411484217,0.539684377701864
MSRB1,10.5839402779766,0.306959374667634,0.283344295682953,1.08282212798926,0.278887381723341,0.497453616276183
NDUFB10,12.981678112316,-1.01254489712159,0.272779707236691,-3.70948058255891,0.000207684883736444,0.00172517312580491
RPS2,698.079156161812,-0.395257220781731,0.118670955059294,-3.33070230475381,0.000866271908583314,0.00603749263116298
SNHG9,0.839564141907945,-0.493386977281497,0.774337027624976,-0.632781820583371,0.526876130008468,NA
TBL3,1.26271157921299,-1.18531203054301,0.667401529277592,-1.77216872654029,0.0763665532488378,0.206355424098738
GFER,3.12582418043993,-1.18542074389881,0.442803929433658,-2.66361212739722,0.00773066430984099,0.0367560287277381
SLC9A3R2,0.27279672521622,-0.614154651340794,0.968300467353576,-0.677415269255685,0.498142513040372,NA
NTHL1,0.102838862372459,-0.481145463893431,0.966027858262806,-0.505996441207194,0.612859147971942,NA
MLST8,0.406709939250526,-1.37965477853248,0.902916895911558,-1.52498209571095,0.127263563465772,NA
PGP,1.56144574093335,-1.99235670236772,0.646879177855008,-3.01369514587466,0.00258086999127181,0.0151284664435527
RNPS1,16.4083155840407,-0.165007113832966,0.246524630511364,-0.669546430250038,0.503146973167042,0.702880701943203
AMDHD2,1.22900199518769,-0.312772285983971,0.672642736947616,-0.464737733479149,0.642119283036198,0.803176122248167
PDPK1,1.53144919163827,-0.205980653667945,0.582259673922869,-0.353497813981739,0.7237152673111,0.856173838063972
KCTD5,2.98476486960596,-0.158110030745103,0.473730077605447,-0.334087376780102,0.738313625236309,0.864677955319533
SRRM2,8.73699411453611,-0.789702534951895,0.285979675213482,-2.75986848334476,0.00578246348700123,0.0292257166634515
TCEB2,37.3997229272697,-0.531342624476147,0.16948258781961,-3.13484579875536,0.00171944468381305,0.0107984905142765
FLYWCH2,2.27703698063562,-1.39057641937546,0.529090587612267,-2.60284273858721,0.00924543517958906,0.0424398891978727
TNFRSF12A,1.08335926310416,-1.52917313629668,0.767290796724861,-2.012899450577,0.0441252083946621,0.140409557892814
HCFC1R1,1.31280840111778,-0.875708214689314,0.692174291153063,-1.26448354476976,0.20605652325076,0.40649396975426
THOC6,1.72452611185388,-1.06330014408927,0.618903468300052,-1.70673983628164,0.0878704193737565,0.228056061181207
IL32,2.6088071024553,0.592420890115265,0.694857959662044,0.851176610507773,0.394671253529975,0.60977188805726
ZNF200,0.833316974397218,0.238055527311893,0.720472548526076,0.327860940728383,0.743016807555844,NA
MEFV,3.00380136234774,1.9709604258784,0.549204032905902,3.52839905824964,0.000418081365106005,0.00320716107594741
ZNF263,1.1117618211771,0.00526221173770733,0.720462891265494,0.00736697304147793,0.994122059118622,0.997088025247969
ZNF75A,2.2154169744103,-0.0924645050564721,0.49115098796847,-0.188303919299023,0.850638413158341,0.924120306241077
CLUAP1,0.685725534761474,-1.40055585406557,0.847467536749688,-1.63576806371068,0.101888138313336,NA
TRAP1,0.439054925331604,-1.0314791435588,0.890368761512783,-1.17122780950227,0.241507219895879,NA
CREBBP,2.70688120944956,0.256920786001778,0.46271458309792,0.554337752527012,0.579347717997755,0.760443777757732
CORO7,1.66288382671176,-0.430271623904122,0.594304668612746,-0.720715992739953,0.471084270671055,0.677124398109929
DNAJA3,0.0835526570861267,-0.291802724702031,0.915341762304559,-0.338828085020908,0.734739242653832,NA
NMRAL1,0.561821173286856,-0.0396424085267577,0.797898850372197,-0.048739158404127,0.961127169049466,NA
HMOX2,2.22825831863615,-1.45570637257778,0.559764928076343,-2.57938148709756,0.00989774143003754,0.0450004711795263
CDIP1,2.83748438682576,0.341826370229071,0.51484934406598,0.663669262884993,0.506902016188732,0.706480254331698
UBALD1,3.76766914750999,-0.77652551076909,0.431167977053253,-1.79891243590897,0.0720325331034123,0.199017085538274
NUDT16L1,3.03347267552458,-1.50960535395623,0.51399041293096,-2.91250277894692,0.00358545010138487,0.0196272483998223
ANKS3,0.321235417903317,-0.851368246315132,0.939913982274282,-0.911595827510566,0.361981519669047,NA
ROGDI,2.36325194157355,0.200707611462327,0.52974769163933,0.37899891533974,0.704688669300486,0.845766290977588
GLYR1,2.23825006221832,0.474197639557952,0.487754595288942,0.970586201910326,0.331754379749543,0.553246653127703
UBN1,2.40639733183507,-0.838372053123052,0.508114575206182,-1.64395500817738,0.100185496277395,0.248888139974193
NAGPA,0.499222291027431,-0.357467947210267,0.879985840718622,-0.394547138434264,0.693177132231241,NA
FAM86A,0.55929312323289,-0.371368217261321,0.791360412321272,-0.468618368169371,0.639342445577955,NA
TMEM186,0.954405427374555,-1.53039426841918,0.720772143987546,-2.0912463206586,0.0365059890010658,NA
CARHSP1,5.21171981162442,-1.15695496576079,0.376833274083524,-3.06241240797346,0.00219560723437015,0.0132501534788019
ATF7IP2,0.66719952053789,-0.570481861263744,0.772131053583989,-0.735094205485185,0.462282123064796,NA
NUBP1,5.16995940209614,0.0183621898998831,0.344826471831619,0.0532576374537579,0.957526632685511,0.976144257188315
TVP23A,0.277316667775188,0.843919826115858,0.96920539495772,0.853178386987815,0.393560386983469,NA
DEXI,0.212204104841842,-0.62691078794713,0.956548480872992,-0.670250965925411,0.50269781932016,NA
RMI2,1.81045333350368,1.60564235330963,0.606737914741772,2.60008710700595,0.00932000997181919,0.042679372587297
SOCS1,41.9350918407078,4.19970776703149,0.268439310625193,15.4070793382224,1.46693529437578e-53,3.49313966973232e-51
LITAF,27.2120483826602,0.190425112181099,0.245080789286779,0.777111233340829,0.437093147012169,0.646559313888077
SNN,11.9130263284136,1.53987283965666,0.319375907618974,4.8097813310204,1.51095497855618e-06,1.93612280323959e-05
TXNDC11,3.29502077592219,0.57500679275341,0.504513092482211,1.1400047731526,0.254284312561267,0.469694520454958
ZC3H7A,3.49188181909985,-0.275946674316392,0.40991108668054,-0.672844805383713,0.50104602955462,0.701094242649828
RSL1D1,11.1099460791996,-0.898590668011523,0.31286994904494,-2.87081764960146,0.00409411623732242,0.0219698350199978
GSPT1,4.79263761700687,-0.522118193599107,0.417128594615785,-1.25351455358316,0.210018505969512,0.410629130242907
SNX29,0.803470924957496,-1.17365113720802,0.772243039726771,-1.51462013806653,0.129868629360484,NA
CPPED1,2.86937536809502,-0.109325369469817,0.459354103975286,-0.237779087535127,0.812052439270339,0.902192785853419
ERCC4,0.76651886156885,-0.637576760987413,0.729416646985347,-0.861979874722917,0.388698592628633,NA
BFAR,3.60830182398663,-0.13316022892244,0.448097937325721,-0.297022771180413,0.766449124332256,0.878335020164196
PDXDC1,0.607503557303414,-0.893362815514184,0.831481352926858,-1.07764657699922,0.28119150791144,NA
NTAN1,8.27808279119612,0.29095138939556,0.324654540520622,0.896006133881858,0.370249487222265,0.588676273144583
RRN3,0.9787487034799,0.412527528879946,0.724661422417088,0.568558741362341,0.569655631084941,NA
KIAA0430,1.39085308238614,-0.815920498407423,0.620382444029329,-1.3081800318253,0.190812253220398,0.386151567689296
NDE1,0.590837448669471,-0.127089731139185,0.833592217728816,-0.153058512933694,0.878352132188011,NA
FOPNL,1.0042881986625,-0.494382183108498,0.664436758333668,-0.73986688839847,0.45938076757436,NA
RPS15A,186.538364084282,-0.172297338998287,0.0995082164216006,-1.73149647766523,0.0833632525727321,0.219852786549683
ARL6IP1,22.921845010286,0.380250218527613,0.211064772619466,1.8015520833255,0.0716159058953411,0.198296948736373
SMG1,1.7208260800252,-0.398691891800716,0.553594508680835,-0.717567156705272,0.473024214497828,0.678888344011825
COQ7,0.827080948886222,0.194582120988883,0.756764363550511,0.253712218853042,0.799717893591595,NA
GDE1,1.91756055932574,-0.998384343701362,0.672461519038653,-1.47251667036061,0.140881408704982,0.315369075890705
CCP110,1.08807064550763,1.0362907588306,0.681277039456286,1.50775234108405,0.131617923971886,0.301965650541681
C16orf62,2.47979349104175,1.1873250833081,0.530582519083109,2.22422083498415,0.0261335899222413,0.0942354061603951
KNOP1,0.738403313249328,-0.962512950689411,0.79249768384092,-1.20438185054683,0.228442023683477,NA
THUMPD1,3.19672361474605,0.0932307202671739,0.434056822936928,0.214923581795088,0.829826898879318,0.910785620721203
LYRM1,4.90961594655065,-0.114085200970553,0.384558807624136,-0.296556449265719,0.76680516423197,0.878390762394409
METTL9,26.4657487193668,-0.103745406551762,0.17785850926256,-0.583248365003829,0.559726116860554,0.743982449546694
IGSF6,108.977353643654,1.39452785658833,0.182836772496233,7.62535354518922,2.43366467926099e-14,8.69274602623535e-13
UQCRC2,11.72301016452,-0.30148491544166,0.244763589631284,-1.23187000563643,0.217997647406472,0.422181143655705
POLR3E,0.307557279409268,-0.318835422476132,0.925414964640724,-0.35014942948222,0.726226556640214,NA
GGA2,4.31641425019506,-0.405396865119398,0.375695599328219,-1.07824403539033,0.280924865027106,0.499590865110438
UBFD1,1.78388349177704,0.696214402379948,0.634022965712318,1.08735384193858,0.276880462031859,0.495575271065478
NDUFAB1,9.79125356406924,-1.38339098658098,0.296003864701448,-4.66350592800106,3.10867226111447e-06,3.82065848866005e-05
DCTN5,1.66905629052338,0.0347340305664315,0.587407037624727,0.0589412883559813,0.952998871845659,0.974894709693221
RBBP6,4.98419468473249,0.731662609823753,0.38939481406767,1.87680502058138,0.0605448221151702,0.175819948367987
TNRC6A,1.33044389220053,0.097874534580624,0.657445680096573,0.14910207707142,0.881473086946864,0.94176737849107
ARHGAP17,2.23031527553131,0.475930742878398,0.591659431078254,0.803949046544485,0.421426402630337,0.631390686013872
LCMT1,2.72224124735899,-0.184433045784601,0.468763845071612,-0.392747244609003,0.694506172600305,0.839311223601341
NSMCE1,5.2702552913239,-1.22557108573596,0.420059300018604,-2.91355812087816,0.00357335312068511,0.0195985730179611
IL4R,2.96437666853785,-2.53215909161579,0.632891022338237,-3.89765543846623,9.71284789510034e-05,0.000904054164828965
IL21R,1.18537997650334,-0.803280951010345,0.712872666752989,-1.13057545663994,0.258233822515466,0.474583480492564
GTF3C1,0.564997486380556,-0.415415124154053,0.86205979797848,-0.502339339257513,0.615428841437524,NA
XPO6,0.942120269482055,0.0961145777123807,0.694955692915631,0.137747624538213,0.890439879191438,NA
CLN3_ENSG00000188603,4.486395810837,0.175265638763483,0.371285726044055,0.471813266704131,0.637060080572584,0.799648223253309
APOBR,4.28211012876882,0.894609304697958,0.416411601460518,2.1438436713486,0.0320454148176701,0.110658335760112
IL27,14.754838539831,5.90011219119003,0.577242810223416,9.31632398923489,1.2044088962891e-20,7.40128692719594e-19
NUPR1,4.69370494797123,4.59162471414446,0.738568689443343,6.13148995775058,8.70598315178857e-10,1.85651842210715e-08
CCDC101,1.57733684931933,0.222370385324386,0.570873335076035,0.388335612391013,0.697767686241893,0.841650976545467
ATXN2L,2.23297560352163,-0.178035476443082,0.584093432885756,-0.305041455415392,0.760334579129537,0.875752495942107
TUFM,13.6178754302717,-1.09289772136724,0.246334123704807,-4.43266035463632,9.30774296576964e-06,0.00010430147264583
RABEP2,0.697447177311257,-0.186313311343329,0.802266782744744,-0.233135976159875,0.815655819547407,NA
CD19,0.41098052147726,-0.104724272750143,0.940137703442437,-0.119142139780319,0.905162745769875,NA
NFATC2IP,3.14982434703694,0.381042703619054,0.45507392225932,0.835921328312786,0.403199162858419,0.616943297385774
SPNS1,7.75150518194924,-0.754578296413807,0.302943952785446,-2.48934832589188,0.0127977511861827,0.054950524439545
LAT,2.62805354202267,-0.251680038886641,0.602351314499787,-0.418309963185693,0.675720506113715,0.826041217634199
RP11-426C22.5,0.953688422108609,-0.348525357313019,0.757726994617371,-0.463065161863035,0.643317660599273,NA
SPN,8.30953288308515,0.344682158537962,0.291776460098305,1.1812400532543,0.237507373985886,0.447971829151598
KIF22,3.58110390220699,-1.79290270858497,0.488554165688454,-3.62822530189068,0.000285376173502019,0.00230682437279213
MAZ,1.46384130091484,-1.61658972416993,0.717753824579577,-2.24219980461378,0.0249484617838798,0.0913391794329745
MVP,22.1555304829654,0.645119281043751,0.213022846820856,3.0278054580048,0.00246336615036777,0.0145435305261899
CDIPT,3.81203963831325,-0.797915560427232,0.414055214135903,-1.9248002144287,0.0542543571749096,0.163363356825399
TMEM219,26.2037534483631,0.65522893336939,0.185836904059157,3.52521348002368,0.000423141642749026,0.00324162800041647
HIRIP3,0.308373207672219,0.195330410069095,0.895939232891272,0.217767863730174,0.82760998467587,NA
INO80E,1.42875738335572,-1.36695086827307,0.655609445375556,-2.071248544998,0.0383355751107446,0.126275395825882
ALDOA,56.5650898754524,-0.755124915559913,0.153385321763337,-4.92285279794043,8.52916099407339e-07,1.13095487427214e-05
PPP4C,64.8484578760439,-0.14301001466364,0.148203142437826,-0.964987649798153,0.33455099769519,0.556238040061949
YPEL3,3.72071633262339,-2.01326143139456,0.458715533949493,-4.32230749358431,1.54405788943619e-05,0.000167443848920832
CORO1A,39.6100983295122,-1.40984383328232,0.206804392549727,-6.81379626380597,9.50563008312963e-12,2.42520874665562e-10
CD2BP2,14.7945066758775,0.0188478127301087,0.228937092032126,0.0823129947282624,0.934397821188717,0.965986509889873
SEPT1_ENSG00000180096,0.911850684762029,0.0335214660520671,0.750675398456807,0.0445314893272286,0.964480752012464,NA
DCTPP1,2.44856135686936,-1.539911108816,0.630373892932857,-2.43647012789625,0.0148313944112351,0.0615268656877429
SEPHS2,4.39891334877266,-0.850640092438769,0.375640478793349,-2.26081860911872,0.0237704917654561,0.0878140662182171
ITGAL,1.94936816123551,-0.689469111271311,0.594529429516615,-1.1506308872757,0.249884120387129,0.464721037426762
AC002310.12,0.262564065837042,-0.701647393000875,0.926092449494809,-0.776490392103448,0.437459491561622,NA
ZNF688,5.17817649327156,-0.246705813594252,0.386924844044785,-0.636823901239172,0.524239555663307,0.718474608194383
ZNF689,0.876282565058354,-1.29541252182311,0.797316083251192,-1.65640420814862,0.0976399894762568,NA
PRR14,3.65769898093725,0.290663885597946,0.428448755771566,0.678385225318507,0.497527474441675,0.699131919457629
FBRS,1.82248114999032,0.0161387159467831,0.550877968876863,0.0292827018459825,0.976639122913881,0.987372759898179
SRCAP,0.929414526146864,-0.557328077706029,0.684704204896999,-0.809224625284279,0.41838595282345,NA
PHKG2,2.94534378728306,-1.32323627577733,0.542839181577098,-2.42276193082862,0.015403017175202,0.0632386804283618
BCL7C,0.93990195045844,-0.926664539190034,0.711007581104621,-1.2887265706132,0.197493161742022,NA
ORAI3,4.74180822750776,-1.66765699549655,0.415848435627352,-3.98235465478929,6.82358544690676e-05,0.000652120247977795
STX4,9.69956843229698,0.503223932793149,0.285804531471593,1.75974478118593,0.078451089339543,0.210393231147578
ZNF668_ENSG00000167394,0.634134666896044,0.0737244353992418,0.78008362785948,0.093196810661881,0.925747208086478,NA
VKORC1,5.60972498835821,-0.818509570147766,0.362107264933149,-2.25835265034737,0.0239236822345721,0.0881520592976013
BCKDK,8.04171647242747,-0.903239619541568,0.320983123757601,-2.8109226474478,0.00493996606713897,0.0258770908099901
KAT8,1.93956744931662,-0.27728600063997,0.547194945755146,-0.506135595250868,0.612761463873504,0.786067736484192
FUS,11.6516858546404,-0.127749188907825,0.262724104836291,-0.486101212510647,0.626895407290504,0.794445429283138
PYCARD,23.7992818084378,-0.191634390530297,0.270721631766233,-0.707873548932334,0.479023787174104,0.683380165676487
ITGAX,3.01678085068746,-0.0654836908181784,0.518948752101196,-0.126554648492428,0.899292893490323,0.951047166228201
AHSP,0.363503413449409,-0.0199441292752498,0.886785044522235,-0.0201810427515549,0.983898950499494,NA
ZNF720,1.49239655968374,0.138870272970929,0.628590574132108,0.222354735060968,0.824037745962605,0.908970414625804
ZNF267,8.42013018878384,0.493201394515142,0.303240588253825,1.62612680021762,0.103922683872377,0.255009934877902
VPS35,15.3361856721837,-0.661993311922126,0.275376540530444,-2.40342111003276,0.0162424711766612,0.0655086258113047
C16orf87,2.52855022358324,-0.0872855923818682,0.517695157722963,-0.168789302681751,0.865962372820871,0.933240611101504
DNAJA2,6.92978663458555,0.0512645309053973,0.352304853223368,0.145502469068288,0.884314166461896,0.943189814973897
ITFG1,4.95605468251671,-0.443178370504068,0.40927304172968,-1.08372408550713,0.278487153171884,0.49714010309194
PHKB,2.52413502821553,-0.223858839221276,0.473748682651564,-0.471609392072623,0.637205621612827,0.799655276134675
LONP2,1.50837676925288,-0.316400152127868,0.646481908892671,-0.48695501051789,0.626290213656602,0.794329465390031
SIAH1,1.25343736200754,-0.239457024274512,0.641433868588554,-0.373627179910032,0.708681709469851,0.848191826098471
N4BP1,5.65671731222269,1.14227136020929,0.38268740470261,2.97844461022394,0.00289715388647261,0.0165241860890129
PAPD5,0.315635027507496,0.0879284715889315,0.898939558865764,0.0954657672998016,0.923944879778144,NA
ADCY7,3.37279926347623,0.691722855841243,0.433531973495879,1.59161013733484,0.111472330880411,0.268319243350863
BRD7,3.87647717213052,0.303804766880922,0.427787184149657,0.710517118025491,0.477383519531124,0.68231136148099
SNX20,16.570229668725,0.440406810444426,0.216949377269475,2.02958546276074,0.0423986938180197,0.136358207749005
RP11-327F22.2,2.08205640065251,0.664342995368003,0.547696652829805,1.20927210220594,0.226558325067819,0.43435685359166
CYLD,13.1904517689947,0.621534188123682,0.286277164168907,2.17153148068865,0.0298910201429565,0.104254609861455
CHD9,3.35017226088228,0.270026033565175,0.463760363849091,0.582349173650294,0.560331509528671,0.744200459436755
RBL2,2.37874136343726,-1.48687921258888,0.628031416336452,-2.35053708789994,0.0187463393573938,0.0732298902443646
AKTIP,0.411947272058597,-0.244775317283799,0.847953571789353,-0.289473123805513,0.772219344021606,NA
LPCAT2,7.39514502416304,0.704304155174717,0.424775502267572,1.65528320962723,0.0978670631794573,0.245311520206403
NUDT21,4.01944025177292,-0.77974448545025,0.39499783583685,-1.96960038373185,0.0488841876440301,0.151750750888448
OGFOD1,0.667827425038511,0.00920431467776122,0.778551748465244,0.0118629624308384,0.990534947434185,NA
MT2A,187.745767195854,3.15550198971341,0.277341010811722,11.3644278502293,6.28750716187106e-30,6.41662561251663e-28
MT1F,0.447401226017767,0.599527677345756,0.85096012345027,0.716092962192344,0.473933949147252,NA
MT1X,0.430316378359208,-0.472080134818602,0.943579338261123,-0.496420194561787,0.619597980010108,NA
NUP93,2.6786666915957,-0.684562958118009,0.491945275794336,-1.39007783622558,0.164505242761062,0.349757240468553
HERPUD1,40.8339590082888,0.194659019118143,0.18518105846967,1.05127970963758,0.293130143244789,0.512148813403842
NLRC5,2.31873917430285,0.480832852183741,0.519860274923322,0.920908863552069,0.357098010611644,0.575039484543688
CPNE2,0.135205493923497,-0.493432888812638,0.94807854475107,-0.537017040310846,0.591255843495618,NA
FAM192A,8.03917100712128,0.0735193588692286,0.313753909134331,0.23419365458929,0.814834640964485,0.903331684304411
RSPRY1,2.75891159231839,-0.099232770400201,0.487408035566484,-0.203445630008765,0.838786737876275,0.916220605306367
ARL2BP,3.34328294488411,-0.954519806073945,0.450823386210188,-2.11105910275487,0.0347672321058718,0.117362511213856
CCL22,1.87484448478742,1.9582647493986,0.960520205076607,2.04546270986987,0.0408092619563793,0.132664921547615
CIAPIN1,2.97048540635559,-0.55094630776198,0.490511396139721,-1.12356764652734,0.261196487857893,0.477829042288047
COQ9,1.40257460909953,-1.05987543847789,0.661614358019879,-1.5908128090268,0.111651709404983,0.268556194970318
POLR2C,4.1026067610023,-0.403625349871068,0.389288670911472,-1.03545773138203,0.300455196538246,0.521598252799538
GPR97,0.938745054782902,-1.90864392078464,0.859540587900157,-2.29269445502212,0.0218656020060312,NA
KATNB1_ENSG00000140854,0.476219925346663,0.0343618414339457,0.835601360340256,0.039944840858682,0.968137101775652,NA
KIFC3_ENSG00000140859,1.11626856222538,-2.40801576841084,0.736261199012006,-3.20374851320346,0.00135650911668286,0.00887007963597542
USB1,7.55821399461948,-0.695497959740114,0.311774939850292,-2.22890479781,0.0258202398316578,0.0935717632453548
C16orf80,1.6601618171068,-1.11188200982146,0.6245152451487,-1.76247688777132,0.0779887579862541,0.209743883243032
CNOT1,2.27848101528756,0.0992399434536501,0.506692463359124,0.195790521555751,0.844774129196621,0.920448003367694
GOT2,0.256009744761955,0.333218238402871,0.970690914879665,0.362094659576924,0.717281294304597,NA
CKLF,12.7160284750574,-0.783919516982319,0.282489036284875,-2.7741190903432,0.00553514116284457,0.0282692866359756
CMTM3,6.60673837914798,-1.08174514631717,0.341113351706841,-3.16652412240913,0.00154272550233335,0.00985103491154759
DYNC1LI2,3.9570552808799,0.572339463556995,0.415552751508175,1.37640631674844,0.168695873420725,0.356271730250315
NAE1,1.85528985091646,-0.723612242322064,0.571161826869805,-1.26562200654092,0.205648443458776,0.406390336918018
FAM96B,28.8491194520604,-0.0696765653582379,0.178641124824922,-0.390011410186783,0.696528109622939,0.841221079140976
CES2,0.734172895122648,-0.446777442073086,0.778822854679057,-0.57438403602887,0.565707953290677,NA
CBFB,2.24622772959582,0.0193304435193256,0.504582506900552,0.0383249024586987,0.969428636077517,0.983191598080392
TRADD,17.8798196301786,1.31917491564781,0.224223302760684,5.87598419465393,4.20338431817222e-09,8.06118838199807e-08
EXOC3L1,5.53324639835373,2.710905505304,0.440978350395408,5.98940217700085,2.10613763988042e-09,4.23823120137909e-08
E2F4,3.25952321723351,-0.558499121004593,0.471206096840649,-1.18309476777908,0.23677159125004,0.447174370123588
TMEM208,17.2741751576014,-0.514186976959787,0.218885656686111,-2.34927917233498,0.0188097978575906,0.0734275920465369
FHOD1,2.23143969893162,-0.925914976113498,0.608673237256618,-1.51940178605135,0.128661392681694,0.297090852192276
ATP6V0D1,24.8733918077222,-0.158716047175858,0.187552961066272,-0.846164581300051,0.397460937533226,0.61226125552625
CTCF,1.76244527096897,0.269884263374996,0.590757830505408,0.457519468847815,0.64729771195561,0.807356268840312
ACD,2.93953590988331,0.546150873497372,0.488126964225928,1.11811101312563,0.263519583373162,0.480847515637811
PARD6A,0.344331709695431,-0.621790124880806,0.842445797477957,-0.733741937503111,0.463106033730763,NA
CENPT,1.22475715740898,-1.27651757551688,0.693755694181089,-1.83251343606268,0.0668749618251312,0.188456808101886
THAP11,0.73819278337107,-1.35529797287227,0.77707847004384,-1.72128615803078,0.0851989100147166,NA
NUTF2,7.22453168856314,-0.876478346031998,0.312096886859977,-2.80605740163701,0.00501517574000051,0.0261273740693737
PSMB10,15.7604439024276,-0.200640047173514,0.252169261929939,-0.795924922990889,0.426075674127422,0.635387248126836
DPEP2,6.74395943992303,-1.93189465418738,0.369761358346009,-5.18677364531347,2.13968534261881e-07,3.19276807651866e-06
DDX28,1.3780164574097,-1.19793220775369,0.660467979687179,-1.8056285016089,0.0709763875895084,0.197072234358721
NFATC3,0.677459121593943,-0.902747316567115,0.753106555984291,-1.17925473542444,0.238296756531536,NA
SLC7A6,0.268299408659368,0.128567805267983,0.903106014318014,0.143081459601974,0.886225847368339,NA
SLC7A6OS,2.28297984177685,0.306224629541552,0.503288371126303,0.607402346887742,0.543583931370815,0.733467303843978
PRMT7,0.289084408350263,0.106689165422733,0.89611507012847,0.121391413843917,0.90338101734824,NA
ZFP90,0.422566747104679,0.408072379288572,0.884419746041717,0.463274501358281,0.643167620466112,NA
CHTF8_ENSG00000168802,5.63818259940593,-0.102668954933577,0.355329483123976,-0.288930772515832,0.772634354463103,0.881309881849604
VPS4A,2.8039075971471,-0.41146918266876,0.460695057724008,-0.892350180944037,0.372205265143661,0.590383871855682
NIP7,1.60886849575762,-0.0852025437941053,0.649103243500836,-0.131273062589267,0.895559300303742,0.949448688843091
CYB5B,4.03767128256398,-0.102459224418725,0.424759260427222,-0.241341881658584,0.809290153156257,0.901226271490259
NFAT5,2.03042641333145,-0.000677777331529369,0.572721244846496,-0.00118525595545448,0.999054302793967,0.999404050493178
NQO1,1.85182076493745,-1.39223344016779,0.732655423731284,-1.88547917171697,0.0593651738867805,0.173097943246403
NOB1,1.18145726779316,-0.223091505363347,0.654396015922386,-0.340233466210458,0.733680717498879,0.862221941292637
AARS,0.252314863654253,-0.677242961101025,0.932162303311895,-0.707748375618531,0.479101530270539,NA
DDX19B,1.12024647723101,-0.189948419945587,0.650982226085753,-0.290465865060969,0.771459861341483,0.880545857313076
DDX19A,0.321243830682925,0.575571835602798,0.930361910791299,0.598900362495746,0.54923932970856,NA
ST3GAL2,2.57476920893988,1.07178588125137,0.570242952160993,1.87685429277285,0.0605380668398949,0.175819948367987
SF3B3,0.70308228783927,0.0289716636596491,0.798514653182622,0.0363367658986751,0.971013834338562,NA
CMTR2,2.42053335061248,-0.123667097489959,0.55593349465923,-0.223646588810763,0.823032309100358,0.908414765262973
IST1,3.19061689404406,0.518068532126846,0.502426018665883,1.02632354235534,0.30473910387485,0.525523228317673
TXNL4B,2.8643224128986,0.393133450911453,0.461659655880252,0.849710711091341,0.395485941907843,0.610205766199601
PSMD7,20.5999644288149,-0.264674000860188,0.19262010777947,-1.37405541658687,0.169424478944243,0.357291843972822
GLG1,2.6758183230371,-1.37523715708117,0.511843053394131,-2.66610702226817,0.00767352605672052,0.036602683719153
MLKL,5.16799229402044,2.47368946655405,0.456966647538719,5.30143562690819,1.14895561687937e-07,1.79406594275017e-06
WDR59,0.697927824829937,-1.0714059058942,0.812881438136917,-1.29165396779616,0.196477005504879,NA
CFDP1,5.26698001582102,-0.501067362343614,0.380789575509035,-1.31606605365292,0.188151873456337,0.382528622128412
TMEM170A,10.1040461342549,0.823495697579712,0.270795829782033,3.03791751802554,0.00238219148258439,0.0141080044797614
GABARAPL2,39.1978289423293,-0.177801792083668,0.156894773293543,-1.13327156102678,0.257100230655051,0.473443593539414
KARS,13.8124694645922,1.10041100446155,0.253878868048214,4.32967144022212,1.49331975836823e-05,0.000162558522268084
TERF2IP,16.4698804852552,0.299937467523305,0.227297692294717,1.31936935208969,0.187045662629994,0.380821504072111
MON1B,1.40637725160908,-0.890989508697853,0.702060849019552,-1.26028177504548,0.207567732100779,0.408066594068095
CMC2,11.4323978752928,1.12695979827918,0.278872402413648,4.03531324182683,5.4529499102456e-05,0.000529993345868258
CENPN,1.09589240978922,0.224002818148049,0.667894960260466,0.334048870966028,0.738342681007755,0.864677955319533
CMIP,2.2043453208785,-1.21524259601821,0.588574919777057,-2.04478300993676,0.0408762555085511,0.132731704676915
MPHOSPH6,4.94764000551275,-1.63917163204096,0.406438428224888,-4.00653098469139,6.1617045449333e-05,0.000592830664550401
HSBP1,61.2644329907216,0.379134601851044,0.136109739021859,2.78529068557141,0.00534797558076581,0.0275100634060096
MLYCD,0.644388882935253,-0.63695471431869,0.798564815862902,-0.789071052679199,0.430070479621522,NA
OSGIN1,1.93753088568174,-0.879317475704404,0.611497429318519,-1.43287013229369,0.151894954263529,0.332088624183653
MBTPS1,1.4352490515416,-1.29353297714445,0.640988761333981,-2.00764613399556,0.0446809084504124,0.141547813486554
DNAAF1,6.05775661669419,3.87162838510132,0.600330434114679,6.116110261211,9.58869924994063e-10,2.02211867946165e-08
COTL1,162.522578165769,-0.865360155728517,0.134150910545896,-6.45035703199029,1.11586955613465e-10,2.54071494554165e-09
KLHL36,1.46048645481239,-0.655608526912512,0.624935426730137,-1.04972379467312,0.293845120510024,0.512770950752607
USP10,3.17890516457338,-0.841271463396482,0.442490908257728,-1.8965916871229,0.0578818485875928,0.169871652180603
ZDHHC7,1.48776642189697,-0.81129124718075,0.626762650153927,-1.28395692993144,0.199157025881241,0.396994210991033
C16orf74,0.022234463984498,0.0533755459353163,0.882373220600533,0.0617632295587708,0.950751386117848,NA
EMC8,3.97422567593675,-0.424355033874322,0.429867810120873,-0.988311540528325,0.323000095183088,0.544366129156988
COX4I1,133.778250601154,-0.438358655137905,0.110612156076823,-3.96295208823012,7.4028642654211e-05,0.000702780220546206
IRF8,17.5245450961716,1.62276356408388,0.319793739631695,5.06365042631692,4.11303554576403e-07,5.7754295194205e-06
MAP1LC3B,46.4063043238987,0.011504108458484,0.160481070927251,0.0716865536185383,0.942851357287531,0.969833604553319
KLHDC4,0.568034999020278,-0.293880968098162,0.856262948071443,-0.340943469392062,0.733146139404178,NA
SLC7A5,1.36253954175674,-1.50809102431034,0.763747701939837,-1.98002847137606,0.0477003295504686,0.148794251006835
BANP,1.19193280290946,-0.801147225861604,0.648303451973757,-1.22749926818894,0.219634996698712,0.424202097375174
ZC3H18,2.15733909001171,-1.04622499790802,0.572265260585068,-1.82297542718972,0.0683071126908726,0.191266609029072
CYBA,318.99675883006,0.158176236555267,0.100070816706562,1.58062184393272,0.113964528190154,0.272689418765961
MVD,1.21727965417274,-0.794447815605099,0.686925895768635,-1.15880942900073,0.246533873247383,0.459537209918067
SNAI3,0.0949841561736804,-0.381427848332745,0.920828516854348,-0.39822118380302,0.690467152089732,NA
RNF166,2.37442240355266,-1.07647198434776,0.508055584295218,-2.10696388141492,0.0351207105008242,0.118346026245407
CTU2,0.15395900516091,-0.393575395985225,0.972685723894871,-0.406895979471621,0.684084389026262,NA
APRT,9.21961318213246,-0.913658554379398,0.303632073010305,-3.00646889214263,0.00264301094982837,0.0154130689574175
TRAPPC2L,3.73214060295718,-0.91780921384754,0.483213903223695,-1.89813292719816,0.0576785736048042,0.169477145579155
ACSF3,1.18368930129381,-0.423190284129523,0.657527423183473,-0.646331232353459,0.51806486527614,0.714010508481883
ANKRD11,2.52783462721061,-0.126234499757168,0.506356881546391,-0.24878738764392,0.803525247632898,0.896842253464573
SPG7,0.95439535128309,-0.42937262852614,0.71838435132529,-0.597797627125058,0.549974974165882,NA
RPL13,513.901124695076,-0.271021878605701,0.115721493576641,-2.34205182424487,0.0191780517356647,0.0745088821681333
CPNE7,0.0192862052863319,-0.121452525639683,0.882329557226585,-0.139683352219049,0.888910180443706,NA
CHMP1A,4.87321810771139,0.0669970151113854,0.362074993328046,0.184993009118991,0.853234518852806,0.925106293918381
CDK10,0.446917657100213,-1.49593949992455,0.851088643836232,-1.7649123089318,0.0775785046621432,NA
SPATA2L,1.93164194330045,-0.470061130930099,0.52274121965331,-0.897968753596925,0.369202208036931,0.587976661080044
ZNF276,0.930225240294592,-0.16814460466076,0.708262712136265,-0.237195237419506,0.812505330894381,NA
FANCA,0.597307868475421,0.922342685344467,0.800093018939779,1.14397468758146,0.252634134637034,NA
TCF25,11.0179188313448,-0.312108975883217,0.271719195141134,-1.14837912877251,0.25081208591038,0.465684982264161
DEF8,2.55276293830147,-0.977121421444483,0.530940589000775,-1.83767626003839,0.0661101240772748,0.18685428244393
GLOD4,3.14459971857024,-2.07675862869766,0.527054934019478,-3.86700727390334,0.000110179142828717,0.00100266528864031
RNMTL1,0.519202056747146,0.0542166489546051,0.786136496472679,0.0678901886517236,0.945873049055536,NA
TIMM22,1.93132789404142,0.211297948958844,0.557036063614774,0.37755633957015,0.7057602039105,0.846112768061361
ABR,2.35761269374382,-0.968521719465778,0.551005812304072,-1.75281762394589,0.0796333169948897,0.21286454940402
YWHAE,13.2827755066192,-0.590008697462579,0.25184868706019,-2.34240326582127,0.0191600000833909,0.0745088821681333
CRK,3.61284685267113,0.170920365678832,0.41409144421288,0.412178477948227,0.680208610739099,0.828868275133039
INPP5K,2.44817360024639,-0.192337822511621,0.489578218925666,-0.392466421279666,0.694713617203676,0.839384423323258
PITPNA-AS1,0.268097730449792,-0.5937350977896,0.951521743497839,-0.626133013205698,0.531227700063883,NA
PITPNA,2.26542414097094,-0.248185319947406,0.506731568038079,-0.489067367384316,0.624794003471331,0.793472947692137
SLC43A2,35.2864119347038,-0.445289996160763,0.22637914731113,-1.96744327914194,0.0491321289969821,0.15220180355481
RILP,3.09936714513528,1.66970864160453,0.606303692319281,2.71388134955727,0.00664999793719006,0.0326501187380079
PRPF8,2.06151125088352,-0.828746908604946,0.550270784547696,-1.50160481558921,0.133199198947236,0.304371620145323
MIR22HG,6.6679350777674,-0.55918171707735,0.338084471512202,-1.65326008926409,0.0982779418359339,0.245587423520928
SERPINF1,0.873428715954381,-0.710565993759084,0.909718996880049,-0.864772045449465,0.387163917260773,NA
RPA1,1.22491389973977,0.0808677133353423,0.639167857798238,0.126175404490423,0.899593080121211,0.951188612931123
TSR1,0.945839135595078,-0.401873671151607,0.700649321825793,-0.574273809871551,0.565782529088003,NA
METTL16,0.806547037104826,-1.16808971533372,0.789604861266206,-1.47611221235195,0.139913770981263,NA
PAFAH1B1,15.5836492075372,0.354554841063937,0.231296763516139,1.53242235404416,0.125418244663127,0.291013101197633
TAX1BP3,5.68996654910391,-1.5551853538569,0.41654318688146,-3.71447681154969,0.000203624539652376,0.00169390719667152
EMC6,11.5179300622338,-0.0685225041589263,0.260770553166268,-0.262699274158482,0.792782376280319,0.891186645301147
P2RX5,0.118603309405837,-0.33343504411691,0.942973970008458,-0.373573366054343,0.708721752356259,NA
ITGAE,4.64647003068789,-0.848929221218221,0.372531784256345,-2.27482511099883,0.0229164232331815,0.0855995809004133
C17orf85,2.56253285113821,-0.918878529859216,0.550611594879256,-1.66766274097222,0.0953826957395486,0.241325044040344
CYB5D2,0.440047705011874,0.422083813605845,0.859136607937266,0.484523283422498,0.62801454430177,NA
ANKFY1,2.78501118669273,1.23201731691307,0.556083821599413,2.20638580792265,0.0273569978753737,0.0975937845554061
UBE2G1,2.94613719688063,0.0647046429063443,0.441142208975546,0.146561788596947,0.883477916189531,0.943047495521697
ARRB2,48.0898364737644,-0.385596933973112,0.192223005333747,-2.00566503510944,0.0448919980714455,0.142058565325754
MED11,3.75117336227462,0.0109067828183118,0.476169902980692,0.0229011462913999,0.981729126028073,0.990264980056361
CXCL16,190.204536999584,0.0302850790482273,0.120470036713835,0.251389410270496,0.801513054264567,0.895882477043223
VMO1,381.030323809046,-0.478255049974962,0.388313924978431,-1.23157577342423,0.218107595381972,0.42225098496205
PSMB6,31.5082890680395,-0.129430174847988,0.1945967790477,-0.66495737127007,0.506077759027465,0.705767299375784
SLC25A11,8.13169420708917,-1.51148300867857,0.357790457180261,-4.2133934427822,2.51562294990153e-05,0.0002618722251127
RNF167,6.23292702981159,-0.566809519121528,0.321552476505814,-1.76101797175979,0.0782353612466086,0.209913187570126
PFN1,499.773183923988,-0.9468090507959,0.118820745016156,-7.96830119067346,1.60870405810082e-15,6.61420409499724e-14
SPAG7,10.854025978432,-0.335182500996615,0.26767096957266,-1.25183181200415,0.210631155655372,0.41154087335742
SCIMP,12.1512647936458,2.60676197502212,0.356674709700749,7.23592200043519,4.62377022058706e-13,1.42837009787325e-11
RABEP1,3.31871947962881,-0.323518876251351,0.451712672908728,-0.715753217776792,0.474143743824615,0.679471287852977
NUP88,0.848453921845422,-1.10386543089582,0.716622065529493,-1.53177535414433,0.125577879886928,NA
RPAIN,2.94986270717542,-0.922838672051766,0.48017079504019,-1.91546189479484,0.0554336242256687,0.165159218080965
CTC-524C5.2,0.374289173861011,-1.01091959394649,0.917616022661469,-1.11554234373815,0.264618083597739,NA
C1QBP,5.85152679860687,-1.12762961407341,0.369228525369979,-3.04886363740463,0.00229708722466502,0.0137177152444729
DERL2,17.3173704767592,-0.0481609193181537,0.218212891317648,-0.220692868479284,0.825331584690983,0.909201156551478
MIS12,1.46690027092954,1.14949026806223,0.708042425931704,1.62227812994394,0.104743809256234,0.256364398243844
TXNDC17,15.8448865448517,-0.367544448028943,0.241165957781732,-1.52393467319527,0.127525030890067,0.295182483408965
MED31,3.17261787205179,-0.509483494190634,0.470725316060471,-1.08229011501546,0.279123636939989,0.497567198580015
XAF1,34.2752990576757,2.51051879486389,0.279775817234731,8.94565091803789,3.697640309857e-19,2.07176611478753e-17
AC027763.2,1.13973272746607,-0.438919612832997,0.663514056340292,-0.65567673081777,0.512032143760524,0.710600908384866
C17orf49,1.99448183224814,-0.441428635304781,0.588786007369324,-0.750254887564499,0.453101207054289,0.660979043020532
CLEC10A,0.0576492460942856,-0.0074441806793299,0.882614067734749,-0.00871705621386015,0.993044883514575,NA
ASGR2,0.212923485342044,0.126417375416167,0.972428311172956,0.145915975185267,0.883987720195948,NA
ASGR1,6.28308823321338,-1.18887693143769,0.430185817276536,-2.75564913063797,0.0058575794983565,0.0295203411226697
ACADVL,8.34157410547104,-0.794200896141386,0.341315814277092,-2.32570241905328,0.0200344313576212,0.077050319790582
DVL2,0.938029910617508,-1.73944145683298,0.777180847100033,-2.21231925837547,0.0269446133535223,NA
PHF23,5.82198076468931,0.078267824826468,0.337101478515497,0.232131180918807,0.816436127362162,0.904062354123894
GABARAP,38.2946846015828,-0.378379293225909,0.186386596198286,-2.02993643504627,0.0423630009401205,0.136320129714408
CTDNEP1,1.50524853935229,-0.525035838034142,0.585788592483051,-0.891505503729422,0.372658040256764,0.590774119297477
ELP5,3.92487791235708,-0.542525044369956,0.486521000370043,-1.11770026230481,0.263695030705453,0.481014076119267
EIF5A,21.2701835945449,0.38780215383744,0.52105740348208,0.744944485776507,0.456305280595842,0.66389630310724
GPS2,1.86668265662926,-0.0405449098064805,0.562487536468792,-0.0718584836936496,0.942714529808789,0.969833604553319
ACAP1,0.794336446468574,1.0228833452724,0.76675113845952,1.33499720464823,0.181877261347284,NA
TMEM256,1.85549071576325,-0.828759784115542,0.561559890793504,-1.46886124918934,0.141870427053154,0.317310361978067
TMEM102,1.32579956381127,-0.414028971006746,0.65224910405363,-0.632983479270272,0.526744431534493,0.720350425034608
CHRNB1,2.9956777662671,1.42266052972266,0.470725860882826,2.99364719192334,0.00275664505282088,0.0159175332672364
POLR2A,2.04570482868757,0.0547570080096709,0.537865976940386,0.101870076298981,0.918859802022474,0.960335778766667
EIF4A1,120.115998778861,-0.186088121847017,0.119814874844175,-1.55318100310634,0.120379898423677,0.283213484873477
CD68,111.409579635854,0.215925738749334,0.113126978996474,1.9087011828775,0.0563006504962166,0.166627766745665
MPDU1,3.27243237642445,-0.718156215000074,0.46078587366618,-1.55620949241626,0.119658284886309,0.281998803350621
SAT2,34.2032489758156,1.42423648093526,0.197289770245924,7.21310738857558,5.46892499216259e-13,1.61942519845644e-11
KDM6B,3.58766118265076,-0.619139037490854,0.470295297833957,-1.31692253323015,0.187864592542629,0.382244089625642
LSMD1,4.501388776331,-0.0534500166144972,0.38851616806631,-0.13759114888659,0.890563551158521,0.947778527908929
CHD3,0.532559674613334,-0.852913760903349,0.81349814466917,-1.03947092264795,0.298585774457459,NA
TRAPPC1,31.3355404854997,-0.272143712438296,0.170877626845308,-1.59257311990862,0.111255987656626,0.268055636364932
VAMP2,15.1547513460511,-0.261354418871779,0.236317632193338,-1.10589349548522,0.268772620479426,0.485642270823193
TMEM107,2.27082545908446,-1.84324046751209,0.578626931388771,-3.14055208213882,0.00168629720956671,0.0106445762101465
C17orf59,1.9414040575225,-0.855490645525298,0.636965526017185,-1.33862693134587,0.180692154209203,0.373229685489086
LINC00324,1.42624095033798,-0.821850382728753,0.610229519788541,-1.34159915373788,0.179726000743256,0.372015246015106
RANGRF,2.86967630725331,-2.2765973016252,0.597064217413835,-3.7308992296742,0.000190797534512371,0.00160590266529926
RPL26,287.977234537236,-0.346182764188726,0.101723478703764,-3.40317074926148,0.000666086397576778,0.00478828146182552
NDEL1,2.66124772281814,-0.114624413068584,0.470137935309249,-0.243726355100598,0.807442760359523,0.900221493455847
PIK3R5,4.43558005603555,-0.905366811342923,0.398659268846753,-2.26683360995943,0.0234003921106316,0.0868267622059717
STX8,2.56513317709315,-0.184297129151633,0.482628805962751,-0.381872111690703,0.702556227124559,0.844397231969896
GAS7,0.64203434909628,-0.407044394871021,0.859620450119652,-0.462777181618019,0.643524088772628,NA
SCO1,2.23379273769511,0.190937819904193,0.544130273744874,0.350070201445703,0.726286013466367,0.857233491730749
ADPRM,2.27749542698875,0.902077160100722,0.55741138389283,1.61634232973182,0.106020319607652,0.258713119794078
MAP2K4,0.897030466729776,0.271812316939054,0.701019954477811,0.387364092591241,0.698486682755768,NA
ELAC2,0.79279844705038,-0.144513679263659,0.773588114290356,-0.189788104967074,0.84947517735,NA
PMP22,0.895467933226426,-1.89683313917316,0.81329560266497,-2.38052233584138,0.0172881129324178,NA
TRIM16,0.298781140021892,-0.231732251867876,0.922520493779616,-0.265775534131221,0.790412086679141,NA
ZSWIM7,3.01918233725002,-1.12036757580407,0.483128817879238,-2.30931201299225,0.020926273520603,0.0796229381959028
TTC19,2.22892608819568,-0.563431755579471,0.585382245888713,-0.959692570602007,0.337209963502344,0.557948738105355
NCOR1,14.9194040363111,-0.189110233825787,0.273481373119985,-0.691114213587198,0.489493768722563,0.691412972874307
PIGL,0.125073326356957,-0.418708522542694,0.971816217896178,-0.424089098977891,0.671500835232679,NA
CENPV,0.130171255958063,0.0719081990494542,0.898256099575127,0.0872627078876159,0.93046269570178,NA
UBB,161.204071299593,0.292561032863827,0.0999986021284727,2.92565285542394,0.00343734264921065,0.0189435036067877
TRPV2,2.76524174423591,0.215791547337474,0.494006803725486,0.435847631355697,0.662947282757724,0.819364991557179
TNFRSF13B,0.0932953795170194,0.359126813899323,0.962192551117849,0.377172144079287,0.706045679998398,NA
MPRIP,0.422261735876463,0.245805534305528,0.861191366618433,0.291441951125858,0.77071333396721,NA
FLCN,3.00562141786518,0.536969725518374,0.51589031521809,1.03881783070231,0.298889467072557,0.519669395898893
COPS3,5.41547823409921,-0.234237313840879,0.40947191073048,-0.572384643948241,0.567061416854239,0.750179176558038
ATPAF2,0.811112404711333,-1.11568317569238,0.767741032574262,-1.45221229455715,0.146442585188738,NA
GID4,1.18355453626518,0.205053010205133,0.661367961215168,0.309884514308576,0.756648779334765,0.873232587620796
DRG2,1.76564996412157,-1.57777665219103,0.63464785037525,-2.46504820415587,0.0136994819934479,0.0578658829213263
ALKBH5,3.68227836861611,-1.0060648871822,0.40764755137319,-2.45998623862224,0.0138942343243385,0.058546464262667
FLII,6.64876696075249,-0.502272907114487,0.362898455836139,-1.38416946538504,0.166306570655603,0.352537852854884
TVP23B,2.00226479459111,0.556577616551446,0.544000869131626,1.02114098326011,0.307187648447971,0.527632932765886
PRPSAP2,1.92340856388381,-1.90136163278301,0.598080417995413,-3.12193815269326,0.00179664677927186,0.0111485736629084
GRAP,0.151936671579964,-0.167217870494565,0.913181818874538,-0.196920706116041,0.8438895897956,NA
AKAP10,0.985110364868132,0.0362771183449409,0.714181631996969,0.050148743855145,0.960003856596781,NA
USP22,1.67298839860846,0.0550905623315567,0.597806979097081,0.0923576803107107,0.92641386188532,0.962103438247248
DHRS7B,5.3481799445064,0.025672542764481,0.375157506776801,0.068488647829398,0.945396656577078,0.971290340309832
TMEM11,7.63283867911186,-0.254243295623662,0.338967491004417,-0.750220376538619,0.453121988473052,0.660979043020532
MAP2K3,6.95289864289902,-0.0632932673062942,0.342987577021285,-0.184674702651355,0.853484189220728,0.92512005978528
WSB1,16.5395116082154,0.586972862938537,0.210226458035182,2.79127709496547,0.00525005053814845,0.0271039194449127
LGALS9,34.8125374757822,2.54806151395552,0.247061592840184,10.2791033264757,8.7538197686087e-25,6.76055134832415e-23
IFT20_ENSG00000109083,6.82780021303699,-0.428230704637625,0.346642526883324,-1.2361237860365,0.2164125545891,0.420107931208121
TNFAIP1_ENSG00000109079,1.52583002033951,-0.919104582560431,0.608181191289389,-1.5080162275256,0.131550373840557,0.301965650541681
POLDIP2,4.31588623605142,-0.21955688307199,0.41420020055671,-0.530459918977219,0.595793091534569,0.772624805563889
TMEM199_ENSG00000244045,5.32140377331374,-0.0420248667557736,0.342229058887997,-0.122720855894514,0.902328148085853,0.952433984391749
UNC119,9.60897355066188,-0.390745292069531,0.311763750463411,-1.25350820961479,0.210020813245847,0.410629130242907
PIGS,0.911976297053819,0.714993523480069,0.738804235177366,0.953597644672443,0.340287348455834,NA
SDF2,17.2776251073404,0.802414924082148,0.215383540358386,3.72366543226451,0.000196351095696093,0.00164779223480642
SUPT6H,1.85142631238012,-0.420519435873438,0.722287797273433,-0.58910979428829,0.555787623595792,0.741785676985043
RAB34,3.3146028347128,-1.50120580114709,0.500323876300775,-2.97994349099329,0.00288301562440727,0.0164764342934876
RPL23A,214.811079983807,-0.0288937714813993,0.114313919456412,-0.252758899275854,0.800454530178863,0.895049430634358
TRAF4,0.519302851108179,0.92714070235705,0.856355285288007,1.10784968257921,0.267926739364786,NA
ERAL1,0.637734992509515,-1.25867656752346,0.794030355405295,-1.57450274251805,0.115371267997129,NA
NUFIP2,1.43272548714817,0.618897501977981,0.654000841730891,0.946901309696987,0.343689070509479,0.563287363912151
TAOK1,2.66113779302608,-0.138099752590284,0.498540562193278,-0.276947751108558,0.781820225948476,0.88547415602369
TP53I13,2.60963592739742,-1.0036873997572,0.477727988393911,-2.09206388452049,0.0364328013119392,0.121478097723298
SSH2,2.86558032540515,-0.69437209901765,0.49311912148818,-1.40556084476938,0.159854569853268,0.343383442562891
NSRP1,8.41540246727212,0.613046276858854,0.30249211709579,2.02553529618389,0.0428124279262495,0.137456755954222
BLMH,1.44159263466018,0.398923560027948,0.813494711341003,0.492060524012459,0.622676557926519,0.792757179778439
CPD,1.86895640888203,-2.07183521701184,0.622931698934282,-3.26159357526216,0.00110787859894984,0.00748407351418241
GOSR1,4.64547199519478,0.198258829200233,0.404067533821211,0.490767365379309,0.623590994235199,0.793371000012057
CRLF3,6.15845215112767,0.416994792981998,0.340307923365097,1.2250019083857,0.220574501472194,0.425728901017761
ATAD5,0.593951796732438,-0.339970718617804,0.797655455335579,-0.428482003740191,0.668300233002304,NA
TEFM,2.26885381160218,-0.255050365502549,0.513016473237067,-0.496473495852184,0.619560382438885,0.790583175916492
ADAP2,10.6246018674494,0.310844345915912,0.264493832171901,1.1750125316202,0.239989702250008,0.450276869453306
RNF135,4.9540853094973,-0.0954624823502186,0.366913392615172,-0.260197679976732,0.794711293757097,0.89246905950517
NF1,1.04891531737202,0.765279935667729,0.686225943689618,1.10809276434892,0.267821755526264,0.485442858494322
EVI2B,27.0176608133119,-0.398790664147202,0.261730983283247,-1.52293379978422,0.127775268542203,0.29542323447253
EVI2A,17.5138502169138,-0.530717190609625,0.229065243997625,-2.31634610957592,0.0205393786421775,0.0785723505397755
RAB11FIP4,1.28374231403878,-0.47533983332492,0.822394176873501,-0.58649679532511,0.557541714455807,0.743040414222204
COPRS,1.73086028184625,-0.958895268067565,0.580457745716115,-1.64384363375607,0.100208505700896,0.248888139974193
UTP6,5.23426366402595,-0.746281863419975,0.352583561894918,-2.11459545899671,0.0344644410270704,0.116779062338359
RHOT1,0.86752377639623,-0.0624967290844793,0.697994321653327,-0.0889061461546389,0.929156498973045,NA
C17orf75,0.606299720204329,-0.193242227042982,0.826907749143524,-0.23690678347356,0.812729107329004,NA
ZNF207,14.3334788896114,0.682309470267977,0.23283837691771,2.92973536124359,0.00339250788794382,0.018732543555168
PSMD11,12.5697875396271,-0.0289726119119007,0.243435020927113,-0.119016286131379,0.905262453023891,0.953478606529955
CCL2,447.729877684754,4.04623942171974,0.267533444626918,15.1105070147897,1.3807325766776e-51,2.92255062063426e-49
CCL7,46.7958699368213,3.70519821381811,0.716122481840914,5.12787699154391,2.93027791067905e-07,4.22107936264778e-06
CCL8,344.454206055226,5.9994750166618,0.813531714863522,7.48794931114912,6.99580330813332e-14,2.35182446505776e-12
CCL13,0.269788949140039,0.233993274598814,0.946590434170599,0.276932099782295,0.7818322440797,NA
ZNF830,2.49720663459989,-0.441492320488615,0.532344504440666,-0.826502894898456,0.408518876569709,0.620151447123536
LIG3,0.242273774276132,-0.400780394771054,0.928530948493477,-0.440000362641433,0.659936844670983,NA
RFFL,0.905473676143534,-1.77858585870095,0.755376062805072,-2.32705845254527,0.019962154413487,NA
SLFN5,11.5963215303243,1.69271823596243,0.574938523488141,2.93744506408325,0.00330928797643794,0.0183795731635985
RP11-47L3.1,0.167655710573812,-0.286682556678686,0.94862006894591,-0.300738940303784,0.763613572487407,NA
SLFN11,1.11043716033562,-0.25012323875244,0.739156716139868,-0.335635365117018,0.737145851985852,0.86432985983674
SLFN12,4.72850030633528,2.15026726147896,0.440653447679249,4.80084956684405,1.57993923317577e-06,2.01099169657005e-05
RP11-1094M14.11,1.54132836862089,-1.60950557241786,0.656705834029497,-2.4077198952912,0.0160524918279677,0.0649716648702801
AP2B1_ENSG00000006125,3.12882059471823,0.687193542579359,0.497993417466604,1.3761448115786,0.168776804303302,0.356271730250315
TAF15_ENSG00000172660,5.70444083203301,-0.0962523134728456,0.338033953022463,-0.284750045883702,0.775835646006525,0.883614952237823
CCL5_ENSG00000161570,11.8052417801608,0.772189484740015,0.36824335921265,2.09446033776784,0.0362189926668259,0.121047686018076
CCL23,0.591550018882957,-1.06668447275581,0.831589083853247,-1.28903282465929,0.197386675245282,NA
CCL3,231.117003152558,1.21777483241245,0.446581222213559,2.72711439556777,0.00638908846953915,0.0316409363981076
CCL4,204.26017428666,1.28110934496568,0.489998588619104,2.61492685494841,0.0089246565669183,0.0412657057281052
CCL3L1,9.52263172827181,0.511970441561129,0.63306544839396,0.812733909896255,0.416370634846418,0.62733675650923
ZNHIT3_ENSG00000108278,6.42401325726809,-0.550118483455323,0.341783934415242,-1.60873132704903,0.107675102670095,0.261522826927154
GGNBP2_ENSG00000005955,7.18152781123354,0.0790999968944259,0.360094263279924,0.219912358963968,0.825939410859224,0.909201156551478
AATF,6.59120634473457,-0.672461802075117,0.33905186826453,-1.98273783691991,0.0473967208477175,0.148098556394044
TADA2A,0.637370482138302,0.38633299985818,0.810485956298942,0.481731341584923,0.629996808550296,NA
DUSP14,0.27609690517797,-0.0696391372700204,0.969840553159666,-0.081279277497061,0.935219853618085,NA
SYNRG,1.75583657540752,0.623599743875683,0.568264008044926,1.0947373798392,0.273631707404399,0.491608050240848
DDX52,3.10917729752563,-0.787981802253035,0.50818378218242,-1.55007683610482,0.121123075053964,0.28451227864094
MRPL45_ENSG00000174100,1.00463490962089,-0.695290025053349,0.691742020183653,-0.997180864364388,0.318676727513459,NA
CTB-58E17.1,1.52703290773122,-1.69668593369576,0.672321982050372,-2.50058218357261,0.0123989361207996,0.053519576986684
MLLT6,1.97530410806773,0.433534361541918,0.544397794234046,0.793937310542456,0.427231927573621,0.636056852858456
CISD3,4.78477328204995,-1.34610689798163,0.42339614370219,-3.16920902885252,0.001528544216407,0.00977139843038703
PSMB3,69.0990027847631,0.221017516986183,0.127103409404769,1.73878926468486,0.0820718376047649,0.217148403662607
CWC25,6.24202949061916,-0.0298875633382164,0.332412447167523,-0.0899225122342864,0.928348791446109,0.962888084049821
RPL23,56.5071263603583,-1.14236546380628,0.145558606655597,-7.84649285689591,4.27833108681503e-15,1.67470288774986e-13
LASP1,4.71231698267963,-0.00971942979270931,0.400167324321852,-0.0242613670636952,0.980644128670453,0.989791722283291
RPL19,321.344895746778,-0.231427944460725,0.0980534654926209,-2.36022808311361,0.0182637021315319,0.071934567664855
CDK12,4.97295230023277,-0.226760714338369,0.355466438319508,-0.637841877488641,0.523576616065256,0.718474608194383
STARD3,3.16986212359614,-0.999259630675873,0.506512977704551,-1.96814433383046,0.0490514330482244,0.152104687938471
MIEN1,20.5167302243224,-0.15173507353805,0.192410489720834,-0.788518153400976,0.43039368437289,0.639634381457376
RP11-94L15.2,0.158320549899588,0.323764958324566,0.973167688522399,0.33499880030379,0.737625991204041,NA
IKZF3,0.187820502052349,0.179071629542172,0.973465630622601,0.197354055621841,0.843550480777998,NA
ORMDL3,0.419354014009955,-0.354071638007096,0.881120109876572,-0.398522800898563,0.690244854530926,NA
PSMD3,3.34395717087854,-0.701153200272261,0.441456571452858,-1.58437265197793,0.113108941574602,0.271075548269965
MED24,0.983822221513217,-0.505239156437329,0.721557939777827,-0.700752633681158,0.483457402629109,NA
CASC3,1.6362497717535,-0.160153420131597,0.609288369082055,-0.262510816783786,0.792927647110325,0.891186645301147
WIPF2,2.3270367794856,0.177106023207628,0.533932619698996,0.332190815262333,0.7397451787168,0.865079536805097
RARA,5.67251046924926,-0.572150545644686,0.477409484922813,-1.20117029120815,0.229685151076284,0.438348074602909
CTD-2267D19.2,8.3817105778821,0.259766773125429,0.354141870150347,0.733607210977449,0.463188164805592,0.669341514966
IGFBP4,1.43222126544888,2.86948541792999,0.810337220808297,3.57487495811877,0.000350395319143165,0.00276972233596568
CCR7,28.7858942426416,2.09715251304577,0.580155251667928,3.60975969156145,0.00030648080548777,0.00245947761227723
SMARCE1,3.4216318465984,-0.858206883680216,0.471652378696273,-1.81476366855493,0.069560235926829,0.194015006501624
KRT10,18.0251376754514,-0.588830976602013,0.228412030870822,-2.57827781861437,0.00992941310159684,0.0451085817771271
TMEM99,0.462062747161435,-0.768290439149003,0.861898148218828,-0.892322099735418,0.372220312124674,NA
JUP_ENSG00000173801,2.7203302265572,3.16206851244821,0.604289544656718,5.0040727677503,5.61315521736851e-07,7.69284941660936e-06
EIF1,620.604891413393,0.31105880381321,0.0972590497407435,3.19825414065416,0.00138262373391761,0.00898941369663155
NT5C3B_ENSG00000141698,0.82377061200263,-1.02805641390015,0.7522420800409,-1.34994924670397,0.177032263397519,NA
ACLY_ENSG00000131473,0.809083347519559,-0.838634102354443,0.800421214492235,-1.04398814977171,0.296490872311545,NA
CNP_ENSG00000173786,5.91091095837954,2.50078387653387,0.417968381329402,5.86751800994929,4.42366970491552e-09,8.45527503799069e-08
DNAJC7_ENSG00000168259,13.034852971014,0.198101182786613,0.241145995878303,0.821219504518668,0.411521248574592,0.622345577031964
NKIRAS2_ENSG00000168256,5.12342730481755,-0.0611041959891668,0.389314359202121,-0.156974345053948,0.875265067097337,0.938840063525016
DHX58_ENSG00000108771,11.2328165262199,3.88490555700595,0.418748131683672,8.87415821558906,7.04643302162584e-19,3.83527283034206e-17
KAT2A_ENSG00000108773,0.253975764803906,-0.450207109178922,0.951008593883355,-0.490669755905921,0.623660040780467,NA
RAB5C_ENSG00000108774,45.1579655860569,-0.165799794518357,0.155163535844895,-1.06857471134863,0.285261348687802,0.504129417972698
STAT5B,0.548447739737034,-0.565876069657461,0.831697028249749,-0.666555708138519,0.505055968676775,NA
STAT5A,1.24254740685521,0.733500419355033,0.668412069156384,1.09759073571005,0.272383240034343,0.48998118249804
STAT3,15.9984279054941,0.726190151040803,0.275603469865735,2.63401715852625,0.00843812235926197,0.0394630681531769
ATP6V0A1,1.95264083096473,0.0530769574494303,0.578743186378965,0.0912642369977839,0.927282634102805,0.962384788802821
COASY,2.52692477240022,0.592503149404777,0.478626022839352,1.23530975992524,0.216715242759082,0.420409915943025
MLX,7.47867639007804,-0.434593669182332,0.310639112604447,-1.39858793867066,0.161936585292534,0.346487302488518
FAM134C,1.22634391391671,-0.315565838203522,0.745796795478358,-0.424941354371116,0.670879426982939,0.823651814895829
VPS25,6.71982078848993,-0.48285788640467,0.347915321614,-1.38852253055904,0.164977988936149,0.350607379663347
COA3,11.1325309222016,-0.246326662986922,0.264092166614421,-0.932593244265547,0.35103002278874,0.569841061969721
BECN1,5.5963412333249,0.0339137357476069,0.339293500704734,0.0998911028788959,0.920430779895773,0.960602977922633
PSME3,3.56927225341798,-0.106171187266951,0.454972316196106,-0.233696427671999,0.815220661277475,0.903429528640832
AARSD1,0.362443060936895,-0.658115449613559,0.925685210737436,-0.722217340674857,0.470160863631485,NA
RUNDC1,0.755604651521913,0.475046856034594,0.784348789905189,0.60983289029567,0.541972511582367,NA
RPL27,101.850417161053,0.0489201910709436,0.126431946873146,0.386936641586982,0.698803113882678,0.841860912637019
IFI35,86.9134749739424,2.75297775459354,0.181663798406007,15.1314738313578,1.00420928101265e-51,2.20732924653357e-49
NBR1,3.14346161262894,0.0744173889066927,0.471724567395093,0.157860654389126,0.874566602490435,0.938604840727253
TMEM106A,6.06034296514058,1.01562853662122,0.425266722684224,2.39027597894396,0.0168357165200064,0.0671431402036544
ARL4D,0.409037139182909,-0.147204003200345,0.946729371408766,-0.164548415931223,0.8692994357284,NA
DHX8,1.68351794929624,-0.303933938284921,0.577499694355939,-0.525291898132354,0.599380288676334,0.775516945842257
DUSP3,2.33919047322182,-0.509247494995328,0.569857940525724,-0.895389920505212,0.370578686890325,0.588784319037589
TMEM101,2.8767903937949,-0.242552516740051,0.491069233676601,-0.494236006963345,0.621139513177713,0.791544733134596
HDAC5,4.48298454290215,-0.701606731341818,0.400004222081085,-1.75237845979468,0.0797087527961242,0.212966583557667
TMUB2,6.04893463652006,-0.049416741214146,0.423551158913243,-0.116894167912025,0.906943919801586,0.954018866494766
UBTF,1.71428107746373,0.319960326096319,0.589596141653311,0.542239421966962,0.587653581134355,0.766548398575949
SLC25A39,10.5903135961553,-1.649055492374,0.307117984577669,-5.35465221194806,8.5721134549357e-08,1.37225849845819e-06
GRN,46.9712180370226,0.355885738343039,0.16586755856595,2.14552596335325,0.0319108178322969,0.110260171651497
GPATCH8,3.32181618543627,-0.672744807965294,0.493284167728849,-1.36109866734251,0.17348251075901,0.363169431863642
CCDC43,0.964744996566562,-0.528952251734608,0.711572348675443,-0.746276434783664,0.45550044365194,NA
EFTUD2,1.09949647264218,-0.778195027178931,0.67559029140871,-1.14924234073109,0.250456066279315,0.465481762206923
NMT1,1.91926148762916,-0.279507107989023,0.559124844264058,-0.49886010725971,0.617877939470718,0.789400339862739
HEXIM1,1.79575481114615,-1.42046470817811,0.588242149606255,-2.39154689639623,0.0167775404247816,0.0670514989703684
CTD-2020K17.1,2.46580314838368,-0.184494370558465,0.496937967208252,-0.371239906365798,0.710458852452886,0.849607102274167
FMNL1,13.2025156484456,-0.0140457535872744,0.255020984021171,-0.0550616010651606,0.956089387622698,0.975897633553085
CTD-2020K17.4,0.0666236525605258,-0.0637458798806964,0.892157963143953,-0.0732353803654061,0.941618812507615,NA
ARHGAP27,4.96790336197022,1.18987413206836,0.382195926820276,3.10206964932205,0.00192172738280752,0.0117966401640655
KANSL1,0.97151519474608,-0.0610910565577282,0.755553829436851,-0.0800392914641141,0.936206006128387,NA
KANSL1-AS1,1.14858475681517,-1.28982368786526,0.694168483696024,-1.84783514451954,0.0646261950755449,0.183933617956543
NSF,1.96989926598897,-0.60294752824002,0.598866855211452,-1.00718934857113,0.313843790666378,0.533497104003078
GOSR2,4.80143448389904,-0.250359556998511,0.371131941530838,-0.674502458012906,0.49999192354166,0.701005036045593
CDC27,1.79914209927047,1.06260095583409,0.617188762813387,1.71735914772486,0.0859135710765044,0.225077211876064
NPEPPS,2.28542221290665,-0.352787709231051,0.522974550219515,-0.673469742398755,0.500648492102237,0.701094242649828
KPNB1,12.4922016811223,1.24929349709481,0.254125937928942,4.90801623200443,9.20022417341121e-07,1.21150417398721e-05
TBX21,0.320203800457163,0.582234432368178,0.917977159298112,0.665352885590973,0.505824812030796,NA
MRPL10,1.52330518579343,-0.230349134402657,0.604693048491477,-0.380559391068483,0.703530218973436,0.845034720772003
SCRN2,0.395536807365864,0.176101886567937,0.891541938409683,0.197260933733518,0.843623349011196,NA
SP2,1.37664753499713,-0.740665695711167,0.621188794674407,-1.18672376607812,0.235336597429239,0.445347236525862
CDK5RAP3,3.86364294249557,-0.216174973455473,0.416282989019713,-0.519580857131185,0.603355743226987,0.779073220185773
CBX1,1.17690581264685,-1.73342136067115,0.670741722292485,-2.54355161948939,0.0109731842062894,0.048727076720236
SNX11,4.32681836578048,0.791336840675651,0.385984543000113,2.04623247321919,0.0407335038335167,0.132529796456668
SKAP1,0.472976162238858,-0.318763282174949,0.923082902895616,-0.355024124621188,0.72257151812964,NA
HOXB2,1.50538884298689,-0.314863535199264,0.68763378301791,-0.455054909041218,0.649069736426184,0.808684007777555
HOXB4,0.34652034619732,-0.11081636278342,0.865360009638323,-0.124546846167771,0.900882311217826,NA
CALCOCO2,12.0280023352875,0.963619286054585,0.272807029153224,3.52880937917853,0.000417433696116362,0.00320649673831318
ATP5G1,4.21395591753661,-1.50995558654898,0.412021655629136,-3.63983512532591,0.000272812667432759,0.00222009875928944
UBE2Z,17.5624642595197,1.56625672636886,0.292335924931381,5.34571745220145,9.00596033703861e-08,1.43367864418317e-06
SNF8,19.8417668185584,-0.427592896090149,0.23007133205212,-1.85855921369985,0.0630896428508952,0.180911845907108
GNGT2,1.6568771870522,0.0235037461947559,0.600262112689828,0.0389717674828392,0.968912897792226,0.982842955428216
ABI3,15.6581928678493,-0.748389893290044,0.299855949966107,-2.49458460843439,0.0126104658623863,0.0543095798067353
PHB,4.2134075615912,-0.493753538871244,0.455874092828705,-1.08209125212417,0.279211982496966,0.497567198580015
SPOP,5.28064639921391,-0.220221189561319,0.408611256159048,-0.539059339632351,0.589845910378693,0.768238461530408
SLC35B1,3.77400302851264,-0.359136211208375,0.419192141780255,-0.856114407350215,0.391934500224805,0.607349693271356
PDK2,0.293126794140368,-0.147722417536341,0.882945010040742,-0.191991452134048,0.84774890108213,NA
PPP1R9B,1.1690526235602,-0.943507266452912,0.710605257907167,-1.32156977877277,0.186311452382622,0.380003551165839
MRPL27,10.5534794096917,0.305009908992176,0.270704536940443,1.12626018353241,0.260055405848704,0.476962979597351
LRRC59,8.61759309439362,0.321813922764514,0.339070936403049,0.948912716505891,0.342665006371208,0.562576992649082
RSAD1,0.281133056045155,-0.0573754956416231,0.928780652615021,-0.0642346674682609,0.948783373734512,NA
LUC7L3,5.58021324861171,-0.721916544114457,0.383142296372684,-1.8804699279299,0.0600440610773177,0.174631963896626
TOB1,1.19024186003289,-1.18243705401077,0.720656579030521,-1.63921721615507,0.101168029579776,0.249859675474684
SPAG9,3.66068758330366,0.14749370396603,0.451037492965721,0.326867578192847,0.743768044134282,0.867545579307762
NME1,0.629564584145401,1.27691838192941,0.876398788034315,1.4825331213989,0.138198497355865,NA
UTP18,2.98531596709894,-0.537941108683059,0.470598578042942,-1.14314041571706,0.252980296350232,0.468497211160588
COX11,0.451111960184824,-0.854113577431939,0.875954365297954,-0.995848584794755,0.319323719924437,NA
MMD,1.07357962318709,-0.24398684035921,0.70240569555444,-0.346787475994727,0.728750986659821,0.858039840168116
PCTP,1.25138334395853,-0.100691190163101,0.668665163774197,-0.150392324886549,0.880455096257456,0.940979152436419
NOG,0.165713828532673,-0.443857278799488,0.973482668341289,-0.457443797112805,0.647352090443584,NA
C17orf67,1.54585121516661,1.15101303941345,0.661813227659885,1.71933653865727,0.085553110405808,0.224488533502843
DGKE,0.716848028953528,0.919982045677824,0.780497938409642,1.18703321789246,0.235214518137867,NA
TRIM25,5.2871254550725,0.853912677682378,0.386689754508978,2.20419472435624,0.0275106526435513,0.0979584921232996
COIL,1.73000515302993,-1.3811234965813,0.640269604343937,-2.14768812674203,0.0317385392182236,0.109864174216928
SCPEP1,10.7307337098137,1.09043636086133,0.279038002472335,3.90130472708187,9.56756224781784e-05,0.000893441474612401
MSI2,1.00447654487842,-0.18456620544304,0.853858139080415,-0.228195896260738,0.819493951595852,NA
MRPS23,4.20679385340638,-0.889865491069611,0.446258965230256,-1.99433005104426,0.0461159972333336,0.144888908294943
VEZF1,2.14796404568559,0.861286895804519,0.564921622430017,1.51448371316129,0.129903201536567,0.299474302856588
SRSF1,3.62525778513473,-0.970605626834169,0.420836069960861,-2.29904668729215,0.0215022883392075,0.0812198135218579
BZRAP1-AS1,0.27609690517797,-0.0696391372700204,0.969840553159666,-0.081279277497061,0.935219853618085,NA
MIR142,18.0602208611903,0.68374157888345,0.253910594547548,2.69185726257994,0.00710553488739839,0.0343845316523978
SUPT4H1,41.9544023652262,0.219744715305505,0.146695289103981,1.49796666725444,0.134141910952459,0.305670263593821
MTMR4,0.943947932608961,-0.0860538506765171,0.695301795843267,-0.122911376098951,0.90217727711171,NA
RAD51C,0.641940451934068,-0.283012880491536,0.750919738608611,-0.376557399278484,0.706502551571353,NA
YPEL2,2.44438896555245,-0.197638357787865,0.583882409240447,-0.33950865945952,0.734226574766639,0.862508710131827
CLTC,3.1227983397897,-0.683861783343049,0.451357992643228,-1.51271389651481,0.130352348153495,0.30026750088562
PTRH2,1.68560283701917,-0.0206441189514971,0.575034814458113,-0.0358679350022744,0.971387663568889,0.98410644577894
VMP1,30.8347379283067,-0.237815035535873,0.192948615534459,-1.23241588322536,0.217793770728654,0.42207236341616
TUBD1,0.368945639909128,-0.11967540940949,0.900314350036696,-0.13117028709834,0.895640600301781,NA
RPS6KB1,0.69623548690751,0.131365383985077,0.749546832449952,0.173076749743799,0.862591100152564,NA
RNFT1,8.32969496947554,-0.207815046630541,0.300047249627462,-0.692747133757956,0.48846825417051,0.690818132290143
APPBP2,2.84298843943643,0.511957042461945,0.532822722607211,0.960730231064293,0.336687826724907,0.557730704270389
MED13,2.35559398300464,1.12367649180721,0.542699323080941,2.05913175020136,0.039481619025321,0.129305130504132
METTL2A,1.1542494428924,-0.304453611561527,0.702483246840042,-0.436941915659104,0.662153472682905,0.818740776638928
DCAF7,5.35176445015204,-0.125271808877476,0.375868394321175,-0.333384116366036,0.738844351358369,0.86485159143592
TACO1,1.33597219946385,-0.122574421686178,0.68702628060776,-0.179512612906784,0.857535214524631,0.927306291581507
LIMD2,43.6840844097941,-0.546101284670599,0.251182311107035,-2.17394140890173,0.0297095356961675,0.103910646575029
CCDC47,4.65474967411992,-0.609378636289131,0.443046317538848,-1.37717777954591,0.168457290017738,0.356271730250315
DDX42,1.55939879294583,-1.16327491661377,0.597510382656119,-1.93221881970677,0.0533325032716898,0.161352703122132
FTSJ3,1.06863301962336,0.0417265042526017,0.686056127774894,0.0609035062532779,0.951436057045568,0.974370516270366
PSMC5,11.4280880315304,-1.12532893067262,0.267085295947722,-4.20836459202409,2.5722559679852e-05,0.000266950608770851
SMARCD2,0.98558264632469,-0.706743572246095,0.706853474307207,-0.999161243505065,0.317716587125863,NA
CD79B,1.83155604861733,-2.5062979567989,0.711597374239591,-3.44472688175213,0.000571636671285876,0.00420450910733434
ICAM2,23.2152609605066,1.00784906506402,0.225658993555165,4.46267223916881,8.09438174406502e-06,9.14217226627106e-05
ERN1,0.972693811497749,-0.936461271545402,0.810483059895078,-1.15021373339152,0.250055851178492,NA
MILR1_ENSG00000271605,4.03325906851059,-0.724723586676602,0.466973276209403,-1.55305713990727,0.120409484295568,0.283213484873477
DDX5_ENSG00000108654,55.0419594757236,-0.849062198956208,0.14378752081051,-5.90433784856852,3.54065919327213e-09,6.88260792161572e-08
CEP95_ENSG00000258890,0.808519616957403,-1.02029147761601,0.759589462313662,-1.34674939359402,0.178060958344803,NA
GNA13,4.08597993512681,0.527979954111883,0.416974975337883,1.26632185683823,0.205397874881428,0.406158730853916
PRKCA,0.194254478869203,0.0732295527891442,0.972563287830224,0.0769513712289896,0.938662230334406,NA
HELZ,1.63150253603984,-0.589325679688742,0.58775536107943,-1.00001807778117,0.317301759354378,0.537775668656664
PSMD12,7.37909524106973,0.105296023027615,0.34543838164798,0.304816538251501,0.760505884879745,0.875752495942107
PITPNC1,1.44882643370192,-0.631593844097133,0.683336990826474,-0.924448472302568,0.355252867565628,0.573198796763852
NOL11,1.77091148053946,-0.163970364231394,0.58194912881373,-0.28264284944045,0.777450629933244,0.884029118596993
BPTF_ENSG00000171634,3.54875801266161,0.160459086176492,0.456534124391841,0.352332836595193,0.72458866495162,0.856468297869392
KPNA2_ENSG00000182481,4.42360756782335,0.104960930212616,0.461208962290476,0.227335442090568,0.820162915679978,0.906810100051322
AMZ2_ENSG00000196704,5.24114664717479,-0.3927737605491,0.372032390974475,-1.05621734329229,0.290868928921567,0.509287968378295
ARSG_ENSG00000141337,0.917605480078239,-0.272796026252243,0.741963866659835,-0.363118080365607,0.716516678929918,NA
WIPI1,2.79497795272422,0.652940741366045,0.466055112740913,1.39616587040799,0.16266455168409,0.347394586276
PRKAR1A,16.4598995900558,0.469040253007929,0.25189567128078,1.86179713967894,0.0626316898450679,0.179869400735961
KCNJ2,2.18218882911461,1.43996688492349,0.580089804083893,2.46275820226289,0.0137872860920911,0.0581508044400742
FAM104A,5.08893559256111,-0.140460076037442,0.379446027743425,-0.370143126823209,0.711275849908092,0.850155852702017
RPL38,34.4203260257301,-0.254523947315763,0.171820396136122,-1.48123626339635,0.138543626026978,0.312337997137743
CD300A,4.80500579757671,0.494160401043451,0.500266820834954,0.992539212310964,0.320934561044814,0.541689773503389
CD300C,4.64534725571606,-0.543013539392519,0.465895714095894,-1.16442841243957,0.244250438875158,0.456471961468779
CD300E,53.9144857157391,1.15163899101102,0.189088629879805,6.0884025160725,1.14042858792613e-09,2.38738072527394e-08
CD300LF,4.75002933393124,0.374875880176882,0.415785044808083,0.900343776026309,0.367937331536292,0.586708105393389
SLC9A3R1,0.704890620808434,-0.0743424787210542,0.740149386653576,-0.0995229914708468,0.9207230339655,NA
NAT9,0.520006121431619,-0.559486376087682,0.818451987083999,-0.685139140253448,0.493256123656657,NA
ICT1,1.03228328355282,-0.776677064131694,0.694562485302674,-1.11353612298703,0.265478243104057,0.482999627020639
ATP5H,19.2904560485945,-0.768087809793777,0.215611923115519,-3.56118680331623,0.000369182300863629,0.00288628843972044
ARMC7,0.283446620509918,-0.0634729539135916,0.896033630425737,-0.0705355895915404,0.943767374682582,NA
NT5C,4.31352735707358,-0.940008558626819,0.456008220345134,-2.05919708080332,0.0394753627177517,0.129305130504132
HN1,74.5822531275183,-0.631802436674682,0.249295189412223,-2.5338810823305,0.0112807006758571,0.0495916956634795
SUMO2,38.7735874110857,-0.207497468879688,0.150290540717852,-1.38065664683064,0.167384557112392,0.354559949554232
NUP85,0.568830759786589,-0.433894972926218,0.824453866707362,-0.539379936954312,0.589624721802839,NA
MRPS7,6.2594427587249,-0.837288952232281,0.32800280870674,-2.54940716773309,0.0107906235026766,0.0481986915963796
MIF4GD,2.65393809385845,-0.177800682919693,0.50037720192012,-0.355136940573296,0.722487003444911,0.855928296630275
SLC25A19,7.24059103548459,0.0428313157628712,0.312180577029844,0.137195858580319,0.890875984331885,0.947802935304824
GRB2,60.5723230721268,-0.0466777962830108,0.139318623740825,-0.335044221480944,0.737591728158142,0.86432985983674
TSEN54,0.614242636417742,-0.716438767795528,0.764019411042149,-0.931217699310066,0.351740964180473,NA
SMIM5,0.145825189461825,-0.273161589780538,0.972504827579121,-0.288725402837399,0.772791521548584,NA
SAP30BP,9.15974364428772,0.642486645961803,0.286977357809612,2.23741836580378,0.0252590092908036,0.092063289602642
GALK1,1.76552596366765,-0.192481601070221,0.663373971202609,-0.290734068357797,0.77125471373791,0.880545857313076
H3F3B,955.74036230663,0.866283845954579,0.0915142202847983,9.46608339142863,2.90533457345387e-21,1.9534102455634e-19
UNK,2.5521105467612,-0.183018783941714,0.525970911490229,-0.348463954023882,0.727491779975337,0.857880483538846
WBP2,11.6126956702591,-0.292607689972496,0.263491370540076,-1.11074281664766,0.266679066621868,0.484139410973309
TEN1,4.04607763216999,-0.0493767694000315,0.398771920301923,-0.123858779556682,0.901427090709448,0.951959081842744
SRP68,2.51486667539726,-0.973452588279411,0.498702057349813,-1.94474581741442,0.0518055781927591,0.158116885391829
EXOC7,5.93303638731716,0.160929062670373,0.346852015685169,0.464098605914796,0.642577100512586,0.803397096790512
UBALD2,4.1840489913823,0.701175059169857,0.474261072923586,1.47597274588221,0.13995120882885,0.314518741036915
PRPSAP1,2.0559257413789,-0.943406544245389,0.566801019804027,-1.65666599148424,0.0975870223436214,0.245156921112751
SPHK1,13.3777910045756,0.244049270923041,0.322195998061583,0.757766542755823,0.44859075494942,0.656975194101162
RHBDF2,3.87850442642985,0.968858197860365,0.41253268581253,2.34106751683529,0.0192286894296483,0.0745570049948783
ST6GALNAC1,0,NA,NA,NA,NA,NA
JMJD6,6.77582912891137,-1.05812221723315,0.367396872877375,-2.87541137059889,0.0040350140944852,0.0216988495124815
METTL23,2.66169405070709,-0.470253755684174,0.50540666726,-0.930322931898466,0.35220390802559,0.570540106319704
SRSF2,13.4925737829244,-0.274678354708604,0.326928683047893,-0.84089723070641,0.400405509963754,0.614148547891264
MFSD11,3.44486429901068,-0.746766278209513,0.436485688805816,-1.70893925167571,0.0874622027582953,0.227409685515768
SEC14L1,8.77787411662599,-0.0327500030073231,0.284923976018198,-0.11490486947411,0.908520525380614,0.954447573998201
SEPT9_ENSG00000184640,2.31362852096844,-1.18681008718521,0.533730132545101,-2.20927360098365,0.027155616231323,0.0971178640563273
TNRC6C,0.416475330079936,0.295420195043315,0.951450000300169,0.304888912153623,0.760450760789971,NA
TMC6,1.28791183807216,0.783212512620618,0.629519210550612,1.23690381041497,0.216122795268971,0.419687996929042
TMC8,0.4105800154797,0.471982235125039,0.915013952910607,0.538065332043242,0.590531945459679,NA
SYNGR2,23.3197318267883,0.524491396806841,0.222498160739024,2.35714434353299,0.0184160868579795,0.0722856705998304
SOCS3,13.2814640357651,-0.730377191771159,0.270201336713169,-2.70306680756373,0.00687029360601754,0.0334729138605202
PGS1,2.64057160276299,-1.42993443435182,0.519375693437514,-2.72731933592142,0.00638512122524515,0.0316409363981076
CYTH1,13.1160442429959,0.316098133672043,0.259796979123557,1.21646955357995,0.223806102397276,0.430249921517045
USP36,0.553993942450964,0.43787509822297,0.827070934526249,0.536551927320639,0.591577157938232,NA
LGALS3BP,7.30016618382836,2.47322916210364,0.487813915815243,5.00139195944011,5.69178608180471e-07,7.78195154485979e-06
CANT1,2.56039784690869,-0.533628953173994,0.546345267287504,-0.974024988855823,0.330044131881455,0.551382462758777
GAA,3.09552691245594,0.44618743671737,0.440018106027406,1.01239919883701,0.311347221271069,0.531394389151226
EIF4A3,12.3374884606356,0.0738808927219344,0.230459777522974,0.320541750657455,0.748557686095703,0.869321044620859
SLC26A11,0.421195433348611,-0.2874728385804,0.857010571117792,-0.341809338715455,0.732494381164231,NA
RNF213,36.7546363012185,1.79237779211845,0.197846893235716,9.04750592359088,1.46270955579408e-19,8.27661892214175e-18
ENDOV,2.23640604145746,-0.221081654279754,0.523208394950081,-0.42250433274237,0.672656938869669,0.824589104598919
CHMP6,2.97404353596714,-0.289196208335766,0.457464417414046,-0.63248108299374,0.527072565768611,0.720509433565245
ENTHD2,1.39349630516023,-0.552505406689773,0.733047541916118,-0.774782060259224,0.438468451650952,0.647123709109845
C17orf89,4.77705145113683,-0.526351241950829,0.37582972738532,-1.39905587980768,0.161796226801272,0.346446397965256
SLC38A10,4.13946064008398,-0.859524431761329,0.423098415356431,-2.03016536315744,0.0423397333047062,0.136320129714408
ACTG1_ENSG00000184009,202.157572290406,-0.84411694487087,0.236975232527184,-3.56226921193333,0.000367663076290239,0.00288625615521801
OXLD1,3.77678459246816,-0.913268279681518,0.422092103665911,-2.15803413925264,0.0309251776132267,0.107373870024053
CCDC137,1.34901879198269,-0.827027372002676,0.67701831226969,-1.21689895888982,0.223642661798758,0.430197849942747
ARL16,2.05715632935919,-1.10682970963121,0.573882211204768,-1.91462089101986,0.0555408689221295,0.165159218080965
HGS,1.55528190475704,-0.570078601913235,0.582539544704229,-0.97448046082491,0.329818036119042,0.551382462758777
MRPL12,1.36640143604069,-0.44328042469628,0.629722518635798,-0.699420378682221,0.484289355942056,0.687289215100286
P4HB,8.2615631748775,-0.780462087838768,0.325198318051875,-2.39970378100086,0.0164083439368728,0.0658985843986141
ARHGDIA,24.203307482336,-0.00770856222125114,0.197084105837301,-0.0391132067372135,0.968800131573388,0.982842955428216
ANAPC11,16.908448988919,-0.69103506051871,0.220807753502174,-3.12899598921655,0.0017540470250852,0.0109436449217925
PCYT2,0.438865741994987,0.753527902031348,0.820593313108956,0.898722992860811,0.368800226711822,NA
SIRT7,4.10375009257946,0.339463656122852,0.388144393858234,0.873516644351289,0.382381538060401,0.598392228305557
MAFG,4.26706277075316,-0.239403754991142,0.442370963817442,-0.540430107991276,0.588900448927957,0.767692989421367
PYCR1,0,NA,NA,NA,NA,NA
ASPSCR1,1.65648613402087,-0.947976226008942,0.62796016725115,-1.50637462695805,0.131971030414905,0.302290356240956
STRA13,5.05795860392421,-0.797253077363817,0.352716557014366,-2.25778956750182,0.023958781945772,0.0882245095490252
DCXR,8.25884401875416,0.0402356645003771,0.3323385657795,0.121003695998343,0.903688107724807,0.952838351480031
GPS1,1.35721324335248,-0.305084024677864,0.637889270927298,-0.478114187475238,0.63256893471137,0.797338213911663
CCDC57,0.956610050266521,-0.0717718794397794,0.675473145194502,-0.105718757474621,0.915805497439892,NA
SLC16A3,66.0994849955265,-0.698234431392843,0.187076201305818,-3.73201502713818,0.000189954166773945,0.00160116233497507
CSNK1D,12.5190218743475,0.0543398920384875,0.234271133899071,0.231942525084544,0.816582654765974,0.904062354123894
CD7,3.57723772074119,0.172400602631679,0.48048880638779,0.35856344513438,0.719921697229972,0.855108274049107
SECTM1,3.7239547340581,0.681079789745414,0.518362973631499,1.30847945375546,0.190710738988094,0.386151567689296
OGFOD3,1.32511911027371,0.440563870323521,0.653930312911076,0.675452183923744,0.499388520804439,0.700369422428802
HEXDC,3.8735678000383,0.965343603483473,0.473062084944107,2.03888425585013,0.0414615805887396,0.134099000036586
C17orf62,8.82304172921805,0.351059916089976,0.312243596988729,1.12485846702369,0.260649014112998,0.477378684285109
NARF,2.09406338809356,-0.67769929467403,0.561889241286468,-1.20487427623379,0.228251840481947,0.436566020198904
WDR45B,3.28429271266975,-0.328820097308857,0.42728228882965,-0.769351962857883,0.441684397416937,0.649903792800669
FN3KRP,0.820559191231518,0.0250234362359782,0.801811288976093,0.0312060819682293,0.975105189568819,NA
TBCD,1.28726547878629,-1.85730451464951,0.724782394633523,-2.53633606999949,0.0112019175148619,0.0493962154836532
USP14,2.5753496048845,0.00173212200018987,0.538653574508136,0.00322083619304976,0.997430148971872,0.998128751772763
THOC1,1.02452618331921,-1.05583467752828,0.670245538957174,-1.56467439184274,0.117659275924516,0.278551268396276
ENOSF1,0.468391513020863,-0.862247530240093,0.88792857079948,-0.96340625269674,0.335343689686184,NA
METTL4,0.81285397439886,-0.506388171353092,0.72599040980483,-0.695278784814412,0.486880606931479,NA
SMCHD1,31.4048385846344,1.7147904424662,0.237036181816494,7.22368192498278,5.05985301330511e-13,1.53814148782121e-11
EMILIN2,10.8135158308822,-0.249860224945224,0.274441053986724,-0.91047740996654,0.362570789877376,0.581721522781921
LPIN2,2.80078582786213,1.35410373072589,0.496300828455398,2.70419435003875,0.0068470228940962,0.0333879998632763
MYL12A,272.5320881917,1.53993007599717,0.0863616932947434,17.8292001579213,4.19377830276709e-71,3.42392042861627e-68
MYL12B,159.391392607806,0.15273229838403,0.122215680197714,1.24966318574148,0.211422610868065,0.412664009942279
TGIF1,15.1954371104618,-0.151095615204762,0.262115636321676,-0.576452925977468,0.564309079439868,0.747745511012948
DLGAP1-AS1,3.43701597811255,-0.503829629490645,0.434507909041449,-1.15904878019326,0.246436302062629,0.459505209229339
LINC00667,4.02851152248638,-1.14388670768838,0.455597419124824,-2.50506872441287,0.0122427602568227,0.0530055870210163
EPB41L3,8.10128364786809,-1.36636159874902,0.329695208192959,-4.1349433400009,3.55042221512276e-05,0.000360402539243811
NDUFV2,35.8855254559605,0.0217580863136527,0.174941504032584,0.124366442708171,0.901025141873532,0.951959081842744
ANKRD12,24.2782965496196,-0.138620617755132,0.205045484267386,-0.676041307557532,0.49901441903414,0.700188412663911
RALBP1,3.01727976593905,-0.184590395955696,0.486427249261291,-0.379175520013203,0.704557528856777,0.845766290977588
RAB31,25.7881435113093,1.26758760302538,0.193077658885103,6.56030913145037,5.36963448738366e-11,1.24745776810559e-09
VAPA,19.1855863706228,-0.506867833673572,0.196367590686415,-2.58096901956014,0.00985234228596165,0.0449012250113803
NAPG,1.70297092710503,-0.2925092755284,0.621035973366971,-0.469204373472596,0.63892355969012,0.800777483868452
CHMP1B,10.6163280213525,-0.0403765276998938,0.308055757959152,-0.131049151152066,0.895736425646187,0.949448688843091
MPPE1,1.2213476418045,-0.197930296069331,0.752136729056618,-0.261591185492174,0.793636640406146,0.891612620389448
AFG3L2,1.24201092309753,-0.129485057532937,0.660819861027024,-0.195096325916467,0.845317538807754,0.920539202417362
PSMG2,16.8552374518617,0.473266826172636,0.211228973328877,2.24019476227635,0.0250782815592153,0.0917556844500099
PTPN2,11.3110776521291,0.518287180209336,0.295426073987577,1.75444029864053,0.0793550912764974,0.212418897726081
SEH1L,1.11316090720747,-1.57485107496433,0.749022435286917,-2.09255077929889,0.0363892742989297,0.121474709473355
LDLRAD4,1.66383918332383,-0.271141298983126,0.649861562881521,-0.41888442901376,0.675300597356029,0.825881214185685
FAM210A,0.671547822452822,-0.423972886596408,0.808014952617456,-0.529479481323161,0.59647287460606,NA
RNMT,1.86924118711251,-0.53376746643436,0.530215308707082,-1.00405344726689,0.315352852392294,0.535266276038599
ROCK1,11.5079305564016,-0.128640494329648,0.252845048439938,-0.508768041327717,0.610914823008059,0.784579373818215
ESCO1,1.67763241427614,-0.169900104634645,0.592437849569046,-0.286236251070396,0.774697180384122,0.88300645909359
SNRPD1,7.3103152276059,-0.861693737460463,0.337183684708895,-2.55245712043634,0.010696607525066,0.0479459702005897
ABHD3,14.8274399255858,0.331933509695664,0.274417241825847,1.20925526657299,0.226564790998555,0.43435685359166
RIOK3,4.65611235713794,0.217341375929082,0.443344097845188,0.489804408919771,0.624272310553944,0.793472947692137
C18orf8,3.41101214884387,0.519946002937435,0.439227067522636,1.18248812588485,0.237012074275537,0.447393886027683
NPC1,0.80298839420202,1.43596576285338,0.745090410098826,1.90632436099702,0.0566081354978428,NA
TTC39C,2.28590285695992,1.00927322388591,0.551067995390021,1.8251068658599,0.0679849043046304,0.190551117263836
OSBPL1A,0.654025148337021,2.22262435332751,0.795083537415564,2.81038732070203,0.00494819120707674,NA
SS18,2.07684755433367,0.695349413816529,0.57198637447861,1.21416867883392,0.224683318286051,0.431328573733552
TAF4B,0.314257877109036,0.314026549304051,0.883372557726778,0.411787192903829,0.680495409280202,NA
RNF125,0.676495093004205,0.403814420649684,0.814154092977128,0.506270407417183,0.612666834270386,NA
RNF138,5.10412557261285,2.00624150557271,0.401730580303943,4.93319072306036,8.08970924122764e-07,1.07768504227543e-05
MAPRE2,1.45039648343067,-2.44892596291026,0.724576138342748,-3.33083969170181,0.00086584449693539,0.00603749263116298
ZNF397,0.917234095536915,0.496416136246332,0.70133690839764,0.705232708776259,0.480665429152589,NA
ZNF24,6.90571533106519,-0.0275364642741029,0.318726843862975,-0.0864323440257012,0.93112273631284,0.964018536874946
INO80C,2.68071288283314,0.176453366595864,0.491465179631924,0.358063319403833,0.72029592848161,0.855108274049107
GALNT1,2.11345615465578,-1.36996780480982,0.571694833751061,-2.37462473579269,0.0175667996310975,0.0696278131173429
C18orf21,5.08766464490089,-0.199626421569331,0.422167809750703,-0.473559368244804,0.635814155874971,0.79873175129025
SLC39A6,3.28095844463704,-0.648101386359551,0.53377846110672,-1.21540901267786,0.224210132279691,0.430709548228045
ELP2,1.4710411575334,-1.23359666484422,0.624176533207643,-1.95957050445386,0.050046011681002,0.154138307358781
TPGS2,3.89874442001218,-0.0450834419824645,0.413190042720403,-0.109065102339778,0.913150854026793,0.957182635551478
PIK3C3,1.99104995913735,-0.730792374920883,0.554018063417567,-1.31616495919918,0.188118681951954,0.382528622128412
PSTPIP2,7.45603454710749,0.7135115558855,0.417648921838004,1.70441918416831,0.0883028024091373,0.228668733464786
ATP5A1,19.3934304586356,-0.564990962473252,0.231532710456616,-2.43957378699666,0.0147045993428294,0.0612066899084268
HAUS1,3.448774102512,-0.25397932331959,0.425808522041372,-0.596252507435642,0.551006553017328,0.73868225439691
C18orf25,2.62615947906075,1.45487767014579,0.531714831374747,2.70658374015032,0.00679794353129847,0.0331819925011308
HDHD2,1.3385588985148,-0.218995908982528,0.618063395730588,-0.353576616672705,0.723656200953829,0.856173838063972
IER3IP1_ENSG00000134049,5.27898146346765,-0.29691123199192,0.39887516004441,-0.744132503343265,0.456796317141531,0.664103523903294
SMAD2,2.62950287452288,-0.680551184199915,0.459041824574603,-1.47958221387697,0.138984775977087,0.312715745948446
SMAD7,1.74043766878993,-1.26401779111971,0.673484115398669,-1.86371249727305,0.0623620894389488,0.179455861603017
C18orf32,3.71519963737962,-0.243896754670147,0.410433996077854,-0.593624844969518,0.552763059884156,0.739995522894811
RPL17,23.8857890726715,-1.24064551305857,0.199036240542852,-6.22925858184046,4.68647721692796e-10,1.02226020208944e-08
ACAA2,9.18669968192556,-0.67012968131005,0.323160323547406,-2.07440490678708,0.0380417220030646,0.125524504184477
MBD1,1.67416532967114,-0.0259450658653075,0.583027012871534,-0.0445875588414573,0.964436059404497,0.980490818744594
CXXC1,1.56940018808212,-0.486087440510239,0.590497269254512,-0.820696608093264,0.411819103334134,0.622466589673254
ME2,7.82113389040723,0.234549498549888,0.33842779832149,0.693825281939251,0.487791785631715,0.690311473685878
ELAC1,0.863385721996319,1.30582916980913,0.743517065026732,1.74542334715276,0.0809112045884725,NA
MBD2,4.94468848413061,0.844878962234272,0.398442808273225,2.11410114949419,0.0345066290410249,0.116779062338359
TCF4,3.87398495425028,1.92888063156876,0.490135079555825,3.88024903569936,0.000104349566592628,0.000960318475164038
TXNL1,16.6024045972163,-0.280413848467517,0.210618709890204,-1.33132015769749,0.183083688254403,0.376175035407407
FECH,0.739656924003759,0.173327588697566,0.739813861784356,0.232621790914852,0.816055104747656,NA
NARS,2.23636519462424,-0.763230918784959,0.580814845456438,-1.30838891764886,0.190741429617517,0.386151567689296
RP11-35G9.3,1.32509621952978,1.59474953284505,0.706736858682705,2.22370561594005,0.0261682571437528,0.0942354061603951
MALT1,2.89330310139832,0.770566703923761,0.497698784940243,1.54401831929795,0.122583894720028,0.286995384901595
SEC11C,7.06324298531664,-0.217354974065726,0.318507628979565,-0.682433324713285,0.494964989736768,0.696730274961978
LMAN1,2.11147494600839,-0.0488769840804238,0.520132686816822,-0.0941151859520751,0.925017657281252,0.961702003158515
PMAIP1,8.89729015535411,1.48238657238766,0.38592090837916,3.83454316711969,0.000125797879239802,0.00112333574977417
BCL2,1.24613746609723,0.409507333294487,0.708319403304214,0.58264911349646,0.560129535733821,0.744105136382796
KDSR,1.40915487181956,0.425527069811841,0.643095102335762,0.660754457332483,0.508769793810403,0.70744996876556
VPS4B,8.89290898909672,-0.271614962855698,0.27707059651347,-0.980305674460755,0.326935254539487,0.548732739997993
SERPINB2,1.45814759472593,-0.796107335054566,0.938062648308819,-0.935245325269842,0.349661884898423,0.568511428789328
SERPINB8,7.04415424257137,0.511459488238373,0.322414492993884,1.58624746537654,0.112683184349108,0.270468038032403
TMX3,0.782645725158089,0.343142843189581,0.77177051890862,0.445769612063218,0.655763674558942,NA
CD226,0.617287980543972,0.192160521977868,0.848840166124273,0.224480908110081,0.822383120990692,NA
CYB5A,4.78993186652354,-0.341232572359392,0.378502045423215,-0.901102118135676,0.367534026840765,0.586228569186427
CNDP2,24.0504576225363,1.08642157625204,0.209700157192224,5.17758015277775,2.24782381346314e-07,3.31946074778858e-06
LINC00909,1.55041153260836,-0.147889260055504,0.624917013277562,-0.237041551833837,0.812624554997766,0.902480417832268
ZADH2,1.37826857484618,0.24711476610479,0.712978203497877,0.346271357917537,0.729138791758432,0.858296229639431
MBP,7.47815887737151,-0.201288841075921,0.341535339384606,-0.589377829599528,0.555607845508734,0.741718952834015
NFATC1,3.49011612697498,-1.13021142472846,0.506814870938044,-2.22077802540145,0.0263659996520009,0.0948279974897327
CTDP1,1.53621691235212,-1.41191358211348,0.650260696261499,-2.15011286839916,0.0315462879656042,0.109264870135411
HSBP1L1,0.572343902129434,0.507802544005286,0.882653690855995,0.599091458575941,0.549111897192943,NA
TXNL4A,3.23469820874489,-0.509146038997208,0.494519896196957,-1.02925509567395,0.303359818320574,0.524093519256977
RBFA,0.631982432825499,-0.75440503843249,0.89154805667211,-0.901177619418612,0.36749388850971,NA
TRIB3,0.241374819620461,-0.740752773302508,0.953820549894366,-0.78784551869361,0.430787072111075,NA
RBCK1,48.7254546987648,2.27207968003304,0.163391779386859,13.8819492407186,8.14971103030527e-44,1.33073138680556e-41
TBC1D20,2.16086532212679,0.420400389594793,0.519252754578099,0.809399073317703,0.418285635067594,0.628871520205842
CSNK2A1,2.63878839063163,-0.106716198598738,0.510751972015455,-0.209097562288511,0.83437207765778,0.913318602530974
FAM110A,6.66164109548705,-0.62068596396605,0.3326390716632,-1.86547375552453,0.0621150275291491,0.179036971595382
PSMF1,10.4298961941505,0.168101449335499,0.286249452840179,0.587285163023288,0.557012204099905,0.74284018963818
FKBP1A,55.7012073042301,-0.653372005473945,0.145501844364121,-4.49019560008656,7.11577991018307e-06,8.14963570875677e-05
NSFL1C,9.0857572628229,-0.483628476668678,0.342390029470247,-1.41317009375995,0.157605717561127,0.340535605240772
SIRPB1,1.00925797700099,0.411422039803774,0.755971491958112,0.537025317722188,0.5912501259304,0.768750376764329
SIRPA,7.517726808378,0.256581708817742,0.360012397264624,0.712886914645362,0.475915736986406,0.681156633327651
SNRPB,23.7317246431874,-0.113219221806206,0.198889687469176,-0.569299284891143,0.569153052037511,0.751898214596354
NOP56,2.39246375198135,-0.375620337852146,0.591220731068713,-0.639096809959204,0.522759955046654,0.718474608194383
IDH3B,6.91820744008352,-1.18742409720309,0.439364816920786,-2.69811832227323,0.00697326505694417,0.033830398811915
VPS16,1.80446880181144,-0.599771506986795,0.614440519582978,-0.976913608900782,0.328611923824758,0.550092895330548
PTPRA,6.06980110535933,0.953918127988619,0.392972536785369,2.42210257393586,0.0154309942294178,0.0633080631881714
MRPS26,2.67029126898278,-0.863584646618977,0.547760175080733,-1.57674139595485,0.114855041134969,0.274184026769568
AVP,0,NA,NA,NA,NA,NA
UBOX5,0.201894559344296,0.290348190730477,0.958426320402759,0.317984729075974,0.750496520618223,NA
FASTKD5,2.21549558041113,-1.14007750700713,0.576626265270943,-1.97015762929095,0.048820307853936,0.151717269921285
DDRGK1,4.74407821577437,-0.666449477271047,0.392400889556774,-1.69751552785421,0.0895992379486054,0.23107384696583
ITPA,3.05711507383036,-0.505753527955323,0.476119831622496,-1.06284891367461,0.287850473402389,0.506204068905067
C20orf194,0.797835350456601,-0.420051793410549,0.756446242346229,-0.558972127030906,0.576180742888672,NA
SIGLEC1,3.88382637912305,3.95307033195961,0.640258827273829,5.90211289735244,3.58875435354707e-09,6.92896321977077e-08
C20orf27,0.871507415613514,0.523340982914404,0.815838452120246,0.668763359922337,0.503646442902539,NA
CDC25B,1.01664931476525,0.967987911585629,0.691928491496928,1.39476871587907,0.163085595628502,0.347903762231016
PANK2,15.5213467828416,0.773049409206778,0.242584172655656,3.18448041227322,0.00145014124714902,0.00936447144345386
RNF24,3.97992471424603,0.35449005376281,0.413202581687155,0.857312817144477,0.391272026888316,0.607311144396178
SMOX,0.685729328451718,-0.289858838026261,0.81529671050452,-0.365083684907124,0.715048939177559,NA
PRNP,5.7016820175924,-0.744789547867415,0.369372034342388,-2.01417633121826,0.0439910237469552,0.140138629160451
RASSF2,2.29777476092149,-1.64140040140493,0.568833901196373,-2.852298436558,0.00434043295194729,0.0231395282839354
TMEM230,13.3497061581377,-0.952225606090018,0.243335476638818,-3.91141251043018,9.17578958076961e-05,0.000858259205468057
PCNA,1.18270954800493,-0.105598326311819,0.693725433626775,-0.152006550397378,0.879181769221843,0.940745892361512
CDS2,5.45241077321442,1.02541450011692,0.370103502127078,2.76385716566355,0.00571225381216593,0.0289667529161742
GPCPD1,9.95013894477376,-0.965103743405385,0.315531036682319,-3.05781383452464,0.00222958041045022,0.0134268198585068
C20orf196,1.05454078548493,-0.352260511527322,0.685946092340949,-0.512877469630621,0.608037034548014,0.782569685093187
TRMT6,1.53174977975311,-0.444642438958905,0.635378094243192,-0.70039380672224,0.48368140295123,0.686920380047282
CRLS1,0.578039764428919,-0.940015543433091,0.876633077079122,-1.10311059135389,0.269979141912207,NA
TMX4,3.81984617865256,-0.00222208309238598,0.435305336516187,-0.0051029447039029,0.99592845687666,0.997324536718085
MKKS,7.21910878382644,-0.699319258086221,0.336065957056863,-2.07963497179098,0.0375590267558546,0.12441170011197
ESF1,2.47495921529999,0.265345814385516,0.544756292237545,0.488389027470857,0.625274312408934,0.793472947692137
SNRPB2,18.3723093660465,0.355203675442821,0.21595794550187,1.6446932312779,0.100033089385624,0.248767945503384
DSTN,8.51930629502064,-0.914275340468903,0.3039719540928,-3.00494446489985,0.00265629344673746,0.0154747370520944
RRBP1,6.9422910304965,1.2306108763163,0.329951632916817,3.71899716132185,0.000200015299387925,0.00167362728550804
SNX5,2.69517223467856,-1.49114124543899,0.497873858013915,-2.9671158074221,0.00300607709828209,0.0169928097098735
MGME1,0.592921356210596,0.396811159744696,0.787129122065117,0.504875434836007,0.613646328784533,NA
PET117,0.762731853554029,-1.06989895972907,0.792015937605198,-1.35190889735071,0.17640446091707,NA
SEC23B,3.56719864344647,0.302650374696868,0.418885283394757,0.722451401368552,0.470016994276463,0.676611365816117
LINC00493,9.31469272700549,0.177593875424585,0.286597673429865,0.61959799536169,0.535522486874928,0.727480630494464
DTD1,1.11672259392779,-0.363571731364855,0.669407253603964,-0.540771823490586,0.588664866124349,0.767560965069736
RIN2,3.12462961288638,1.83827738840482,0.497081223836156,3.63763108817324,0.000275157157307662,0.0022336976619507
NAA20,7.67396300375817,-0.488461732893696,0.33132928050562,-1.47433637253428,0.140391046614827,0.314680219909831
CRNKL1,2.88393813743515,-0.821848521915479,0.521254997229596,-1.5764950922366,0.114911748920299,0.274204862246142
XRN2,10.5314847042696,-0.369061801874994,0.30917248897427,-1.19387948675723,0.232525112783523,0.441342085538969
THBD,0.663427890307001,-1.56707424504782,0.930544061033851,-1.82454344393519,0.0680699547048803,NA
NXT1,3.60706445555209,-1.96153985808092,0.476616919871597,-4.05516394437191,5.00991520281713e-05,0.000490268242878423
CST3,354.849061809316,0.803415786702256,0.176327798864909,4.556204170837,5.20863097178401e-06,6.16300745419163e-05
CST7,3.08734970312214,1.05714866752723,0.539970599367574,1.94462370131373,0.0518202845737351,0.158116885391829
APMAP,6.21196342834697,-1.0090137584633,0.352464637054097,-2.8585160629473,0.00425627559088311,0.0227332850485018
ACSS1,0.731584869755918,-1.04398556791202,0.799079232919011,-1.32939106748962,0.183718983290409,NA
ENTPD6,0.382237441737933,-0.169828980298343,0.896307154857919,-0.181888261475377,0.855670416820462,NA
ABHD12,5.7804510701261,-0.150478147419634,0.343012515688079,-0.438550904756612,0.660986977488995,0.818248422117895
FRG1B,1.06191689422144,-0.659927679312417,0.662851048633645,-0.992039964937117,0.321178030390803,0.541934586266146
HM13,11.796235147734,0.248309235053215,0.236773525200606,1.0486923281642,0.294319746325839,0.513285733979912
BCL2L1,1.49068972719918,-0.682048492433566,0.611801307046909,-1.10918224708617,0.267351569503859,0.484768225895533
PDRG1,1.51226817833261,-0.475481409930503,0.618211484681768,-0.769422073121786,0.441642789117341,0.649903792800669
HCK,32.6428660301054,-0.586899768070749,0.224811250333219,-2.61055772672266,0.00903947142714101,0.0416525159203376
TM9SF4,1.2922683924947,-0.27191837759815,0.656322075155739,-0.413949129879305,0.67891136223339,0.827644056910102
ASXL1,1.12487077363958,-1.40948301366258,0.72599358673403,-1.93303622154487,0.0532317358630275,0.161352703122132
COMMD7,11.8566313093386,-0.262973725230194,0.270048118959993,-0.973308152739418,0.330400171707924,0.551793390213556
MAPRE1,16.8941496395034,-0.0323747577918932,0.242098237225835,-0.133705940553075,0.893635107465759,0.949103259462332
CDK5RAP1,1.60621459882937,0.0606612134475477,0.617221019398765,0.098816547238983,0.921283930001012,0.960945079101256
CBFA2T2,1.55014798419828,0.936294589076828,0.627368114319133,1.4854072434105,0.137435978048483,0.310698819045522
CHMP4B,32.6815502059437,0.126425078202668,0.172027498012389,0.734997161299771,0.462341222948898,0.668931668139987
RALY,20.727901869471,-0.0966783834099565,0.23024643845435,-0.419922083747454,0.674542374425088,0.825483869344621
EIF2S2,20.8381516749111,-0.0977375053568928,0.199823715277322,-0.489139243449184,0.624743119857652,0.793472947692137
AHCY,1.43486204135218,-0.54184031828154,0.637337318241891,-0.851438529445364,0.394525796398436,0.609711986591959
DYNLRB1,19.4667513765722,0.198848921920228,0.20397771839461,0.974811563257935,0.329653740228047,0.551382462758777
MAP1LC3A,1.4929014181852,-1.83064237247004,0.638208691709716,-2.81943502950808,0.0048108268913371,0.0254102363068313
GSS,2.52479374212847,-0.957828503333597,0.498653540093623,-1.9143090135094,0.0555806834213299,0.165159218080965
TRPC4AP,4.99933185291542,0.551877174746882,0.392606063525875,1.40446045601522,0.160181779158032,0.343762248549813
EDEM2,4.25954064204781,-0.883394592128233,0.394769562559689,-2.23300613910953,0.0255485395293356,0.0928225705086796
PROCR,0.685782216919909,-1.94490835565365,0.833669330474891,-2.34768814313877,0.0188903301101669,NA
MMP24-AS1,14.0185866042279,0.0647864732183454,0.238470013835139,0.271616784220332,0.785916692550562,0.887548749317039
EIF6,44.872775738211,0.0458171129855516,0.174685289671967,0.262285245999636,0.793101535958291,0.891186645301147
UQCC1,0.702807280986562,-0.904411625724539,0.75761410016565,-1.18487791178321,0.236065721836396,NA
ERGIC3,13.3978710116645,-0.134218281827211,0.252952430308315,-0.530746752461368,0.595594283333202,0.772624805563889
CPNE1,5.40294312098516,0.0717875032312262,0.374171597585771,0.19176722440652,0.847924545567259,0.922323711061455
ROMO1,5.19664063540693,-0.291398022487164,0.408061293462329,-0.713862549961512,0.475312176815604,0.680463199023341
RBM39,22.4394634038771,-0.124467550281262,0.188034166115621,-0.661969063483057,0.507991048482169,0.707056062064248
PHF20,2.02963436188843,-3.04357188590235,0.650197159429357,-4.49166788777654,7.06675618271142e-06,8.10974128196702e-05
SCAND1,28.5911880636941,-0.376695946050823,0.182469939992992,-2.06431495821512,0.0389878636796737,0.128054966051342
LINC00657,3.24779668707586,-0.202396841254548,0.447392882398756,-0.452680976970214,0.650778479555415,0.810106515064081
AAR2,0.999372963716296,-0.819683606443859,0.687086509983179,-1.1857723322444,0.235712220658453,NA
DLGAP4_ENSG00000080845,3.47588180049899,0.363297536335595,0.430189678560091,0.842565945371037,0.399471243652365,0.613044618011081
MYL9,0.196325860155991,-0.391268182168937,0.966441303772036,-0.440306975808005,0.659714789042939,NA
TGIF2,0.896368908880639,0.593237132654972,0.729607714945293,0.810478707655435,0.417665097706501,NA
C20orf24,50.4542813530859,0.595939570385974,0.171378747508379,3.47667358764662,0.000507675471639673,0.00379263440577874
SLA2,0.387337187551207,-0.640594896364569,0.917410595135835,-0.698341757242311,0.484963490889223,NA
NDRG3,1.28346608566434,-0.522322247237171,0.713267909554558,-0.74199592743182,0.458089803083397,0.665307045647171
SAMHD1,20.7909557522997,1.10075203024056,0.239146541000518,4.60027253980018,4.21938529694693e-06,5.09805221396442e-05
RPN2,12.0520347162157,-1.2942151918478,0.313024579668742,-4.13185068811291,3.59854154782448e-05,0.000364639449393917
MANBAL,2.28208864331767,-0.361226119940038,0.496514722375548,-0.726583326466456,0.467481245350123,0.673469956434573
SRC,3.34297352890799,0.290231604911641,0.517080968366677,0.561189158404345,0.574668592969911,0.75661091199411
BLCAP,3.30227072320061,0.145064241060618,0.444043373377213,0.326625603781523,0.743951075760734,0.867545579307762
CTNNBL1,10.6000198419436,0.421619667771841,0.312765941980871,1.34675060714526,0.178060567368437,0.369370650639062
TTI1,0.357338355274331,-0.209027617163372,0.919440516850895,-0.229250857744015,0.818673946177226,NA
ACTR5,0.283799233026443,0.553984804637468,0.970111890134762,0.629138214744441,0.529258574002093,NA
MAFB,78.9611882770118,0.518942712576314,0.150006257512552,3.45951221550679,0.000541154730564474,0.00401649257815061
TOP1,14.2195378043961,0.913405694866697,0.255478682040571,3.57250878272311,0.000353577620953094,0.00279101671788251
CHD6,1.65056650283527,0.387207339986123,0.592672544133225,0.653773741328412,0.513257586328675,0.711439996572491
SRSF6,2.76708191418059,-1.35540551185632,0.559013328790974,-2.41393143166866,0.015781431951827,0.0642280150332714
IFT52,1.1450568666905,-1.11362258600153,0.730839088895234,-1.53533025707583,0.124702725517999,0.289941446841075
OSER1,20.4150056650394,0.318904347285898,0.22899139321637,1.39231601011299,0.163826725454107,0.349037549396165
OSER1-AS1,0.175606462926865,-0.452162924311208,0.973522882744973,-0.469301208214938,0.638854351764055,NA
TTPAL,0.801791462556859,-1.06943716745785,0.771625432696932,-1.39222290930294,0.163854907480381,NA
SERINC3,6.73923199876021,-0.617862258782732,0.31701806452033,-1.94766923383515,0.0514545537031157,0.157336957952545
PKIG,0.534290103593085,0.895462722812569,0.86304191943912,1.04672221160116,0.295227716373145,NA
ADA,129.848368007205,-0.080339711688769,0.224772395654372,-0.357431035054567,0.720769146554411,0.855314716062804
RP11-445H22.3,0.611298696711712,0.586283839518537,0.83711047154315,0.697734695491968,0.485343125968268,NA
YWHAB,60.6452509268135,0.188723239372514,0.127738810999697,1.47738071973621,0.139573611399946,0.313917036265521
TOMM34,0.394299372280384,-0.656443936028207,0.85117915293563,-0.770605182185613,0.440940988612473,NA
STK4,15.8234391135621,0.214517502642515,0.225869120650609,0.949757007870994,0.342235735569808,0.56219523678685
SYS1,3.66024806246178,-0.227329169607499,0.414547153984059,-0.547990014137927,0.583698759558058,0.763349750772152
PIGT,4.62974864347006,-0.886904610603205,0.388195921565024,-2.28102207506894,0.0225471406396053,0.0844409624871196
DNTTIP1,7.3539945540476,-0.205051500296129,0.340573235213862,-0.601896873930907,0.547242785251448,0.73588059240283
ACOT8,2.32544888284814,-0.862701310018654,0.535734506411739,-1.6043217168315,0.108643156576198,0.263127754505954
CTSA,10.4658737543597,-1.04208185945576,0.295887634567939,-3.51996204081417,0.000431608563922927,0.00329694368584212
PCIF1,0.83739835328981,-0.624591775298365,0.757497548250905,-0.814052918876368,0.415614635765464,NA
MMP9,0.653956393288301,-0.501041110338247,0.82555083854859,-0.598388456166693,0.549580766555396,NA
CD40,25.37397928209,2.39864833173952,0.229569740481161,10.4083719226246,2.2707170615475e-25,1.79408870849734e-23
SLC35C2,2.52503725205362,0.464971075962885,0.487223097057765,0.952336399914727,0.340926403111419,0.561096802986751
ELMO2,1.24324623540239,1.45167332212083,0.662199392753807,2.15590765168057,0.0310908768774421,0.107883643809704
TP53RK,3.60025712879755,0.183211149969687,0.416988268398032,0.439517588279575,0.660286540615182,0.818199822119636
NCOA3,2.12754887159465,0.528614154544613,0.548996574011347,0.962848211101274,0.335623702430473,0.556618385393809
PREX1,1.64442881000046,-2.1152110118858,0.645567222835716,-3.20086972402307,0.00137013464422912,0.00891835933003348
CSE1L,0.503957857606872,-0.000118063747872661,0.825162275183516,-0.000144693649369461,0.999884551171525,NA
STAU1,5.27969771904659,0.758671144618992,0.350950509640376,2.15871167779174,0.0308725422422052,0.107319005260425
DDX27,4.97706877221439,-1.05916489592319,0.541111805900083,-1.96487749027951,0.0494284185996096,0.152858989338078
ZNFX1,12.2147076749074,2.21255297457381,0.293388159386097,7.4905970021827,6.8561032356661e-14,2.3322994042757e-12
ZFAS1,45.8537302593075,-0.0636688414074528,0.214884765982183,-0.296335613535648,0.766973790973621,0.87840785880045
B4GALT5,3.57168238300176,1.06471205790328,0.523344683795438,2.02329853459332,0.0430423778931092,0.138117456293722
RNF114,27.8969622856826,1.33309569681061,0.193962427103027,6.86712210299476,6.55099966209453e-12,1.72529783727513e-10
TMEM189,4.78297920717379,-0.953011168257769,0.410205206527696,-2.320348948241,0.0203220082031817,0.0779988427677524
CEBPB,117.046441477425,-0.458435501456519,0.134970674541165,-3.3965699754482,0.000682361081089794,0.00487461697303521
RP11-290F20.3,80.6107327191387,-0.741621414007312,0.157118400362814,-4.72020489225427,2.35607198580401e-06,2.93994572027727e-05
PTPN1,9.17170510073672,0.273713416784392,0.290048674775683,0.943721465949172,0.345312001636833,0.564651813835336
BCAS4,0.527747719100961,0.722536129919253,0.879313666519149,0.851195760409656,0.394660617500142,NA
DPM1,10.4879485192655,-0.553959265428441,0.270842738668698,-2.04509641561,0.0408453536021466,0.132706762840402
NFATC2,0.285742258858087,0.604147858232422,0.901899208827529,0.674267588966016,0.50014120584665,NA
TSHZ2,0.634609970058995,0.626751330698204,0.905805204542284,0.702405031652912,0.482426608288545,NA
ZNF217,1.82914505977752,-0.913366580352477,0.554048003291669,-1.63945733856753,0.101118048519352,0.249844205485558
PFDN4,1.27840828626249,-1.10118666058399,0.710179145416224,-1.53147925937226,0.125650988568881,0.291353355893566
FAM210B,0.736505766268881,-1.39704385637061,0.801743817874139,-1.71207393615671,0.0868830438830262,NA
CSTF1,0.450527196804155,-0.258261913132575,0.84064528374464,-0.300208378258515,0.764018214733661,NA
RTFDC1,14.7661317131237,-0.0916699053626158,0.236776752776567,-0.387216533445813,0.698595911126485,0.841860912637019
RAE1,3.54205906991854,-0.115513340633079,0.425490593845447,-0.271576709824151,0.78594750947032,0.887548749317039
RBM38,0.330798204715312,0.455655262276374,0.946268969684729,0.474789499428805,0.634937018170254,NA
ZBP1,8.23494545892629,4.48226561265319,0.544680849904965,7.66619252978925,1.77177176243795e-14,6.40865545717272e-13
PMEPA1,1.31011719023249,-2.29276895047044,0.72419648746739,-3.09376590809296,0.0019763335870736,0.0120799427274071
RAB22A,3.29962442120803,-0.181566391448586,0.432361152246494,-0.419967586459454,0.674509132770572,0.825483869344621
VAPB,1.94971798797758,0.253132102787527,0.551384234993244,0.458660820773114,0.646477753190756,0.806685668009862
STX16,2.18491518281265,0.247880051020582,0.506354622258554,0.488487727365812,0.625204416542999,0.793472947692137
GNAS,21.0976702068537,0.00805589117295857,0.221878778255567,0.036306470083355,0.971037990962172,0.98410644577894
NELFCD,1.51852974594052,-1.1617618188257,0.614473597016004,-1.87496156738718,0.0607980109936413,0.176375955750589
CTSZ,18.5425329492695,0.869228010977447,0.237504318187603,3.65844395802566,0.000253751211715884,0.00208061431127156
TUBB1,0.72615758401365,0.492265909116315,0.799608671773966,0.605218371388041,0.54503391060577,NA
ATP5E,114.215875317053,-0.225598604087394,0.107884481793647,-2.09111614429061,0.0365176538433402,0.121548277061555
SLMO2,6.02152814035085,-0.140426987432798,0.370161796149674,-0.379428315784602,0.704369826855115,0.845766290977588
FAM217B,0.336370002236103,-0.725909867123998,0.916617040562934,-0.78018653329579,0.43528108778476,NA
PPP1R3D,0.751645196609511,0.0329972925948443,0.761882234969615,0.0427980366898769,0.965862529051763,NA
PSMA7,80.721838451355,-0.445025200967879,0.126552784087049,-3.51634154681775,0.000437537736062108,0.00333403754879327
MTG2,0.70711631457132,-0.0171892839030067,0.728344049298049,-0.0235371656574039,0.981221792781635,NA
OSBPL2,1.1112594879972,-0.0417297559103161,0.648126688747602,-0.0640134762729614,0.948959496302491,0.973121223750669
ADRM1,28.0060085845189,-0.209243474001312,0.173821811850124,-1.20366573579205,0.22871880076874,0.436874313634141
RPS21,26.2266852653064,-0.179515571673055,0.20814391301978,-0.862436665695127,0.388447271130255,0.604733357262165
OGFR,16.6076339856681,0.75965339375092,0.213971112360263,3.54893131355272,0.000386797960995051,0.00300755149263499
COL9A3,0.022234463984498,0.0533755459353163,0.882373220600533,0.0617632295587708,0.950751386117848,NA
DIDO1,0.900460306612115,0.579371513664983,0.743416269239405,0.770640272144997,0.440920183599091,NA
GID8,5.24802385345742,-0.434282881620898,0.337419413803635,-1.28613362763107,0.198396429922456,0.39603059623012
PPDPF,65.7045738864395,-0.382729554524152,0.143928012313391,-2.65894591158312,0.00783855459792291,0.0372034032409547
HELZ2,9.16703345294047,3.08743850796076,0.388537816934127,7.75660970745811,8.72298529143632e-15,3.2797276934578e-13
CTD-3184A7.4,0.406580658861361,-0.37694021283913,0.844993126908623,-0.43623391622498,0.662667022695794,NA
STMN3,0.24119103380823,-0.370166380818826,0.933902396092347,-0.408918539656838,0.682599442939468,NA
ARFRP1,3.37467477458503,-0.618319452850697,0.469378075069577,-1.31533610322312,0.188396969617269,0.382890711722153
TPD52L2,9.30927305945036,0.190477084988363,0.311527420107966,0.611342701419598,0.540972727140059,0.731840590527723
DNAJC5,3.68188177745714,-0.216258805016459,0.42911914274251,-0.50373217940342,0.614449592085032,0.786996732130425
UCKL1,0.512236097209721,-1.24620392496691,0.893128054031545,-1.43540059417128,0.151172976792655,NA
PRPF6,5.26857343063955,-0.15417699600892,0.355689773951901,-0.433543504209304,0.664619968019066,0.820702312681833
TCEA2,1.22355611275086,-0.861155218270831,0.662373599275564,-1.29935737229754,0.193821313592035,0.39030613360764
RGS19,31.7274220174133,-0.363510365247145,0.213157496289585,-1.70510134956171,0.088175523980105,0.228536562152517
TPGS1,5.74052049484682,-0.695849316234727,0.379541531288142,-1.83324500314787,0.0667661440703451,0.188242976498284
GZMM,0.485372139302439,-1.81504445593443,0.888540570913374,-2.04837056766128,0.0405237031904362,NA
BSG,17.8730908798952,-0.62400291702844,0.221705599635678,-2.81325276794627,0.00490430830576517,0.0257138733646311
RNF126,2.11206367586398,-0.680250004763484,0.568832896036398,-1.19504093255889,0.232071037973678,0.441066172936339
PTBP1,2.60102713036347,0.330723130223304,0.477168422579188,0.691850244826597,0.489031379337191,0.691260143449867
CFD,112.482900741593,0.50257864857108,0.239558611610436,2.09785329536617,0.0359181068509937,0.120431512214439
MED16,1.12678523763147,0.118230753808194,0.77536389451733,0.155899710161328,0.876112073773469,0.939043604954121
R3HDM4,5.97757002045974,-0.212901742236837,0.337175331340241,-0.631555996452011,0.527677047954482,0.720591237529239
WDR18,1.20134708790031,-1.73666635429762,0.706280699688738,-2.43480419594724,0.0148998499866244,0.0616601322762913
TMEM259,1.87001616304898,-0.24447850027518,0.569954412941374,-0.429868127238407,0.667291571744317,0.8222447892451
CNN2,2.98026050106504,-1.52725758679335,0.518048588375317,-2.92515859355516,0.00344280716149053,0.0189553400076285
HMHA1,3.28355727044313,0.0242525403077613,0.521813355242491,0.0466022749826704,0.962830218828287,0.979977684880438
POLR2E,13.2833059943329,-1.08150616006167,0.337765237497308,-3.20184835266683,0.00136548862200053,0.00891454238232086
GPX4,88.5944400958447,-0.631944114973317,0.173063144688909,-3.65129509051234,0.000260921232665638,0.00212719664006294
ATP5D,13.684530342303,-0.390920112067582,0.231245459810555,-1.69012371012747,0.0910042896881699,0.233643779075961
MIDN,5.9099775958271,-0.444349328026619,0.355898181107163,-1.24848033896597,0.211855204105006,0.413226106300379
CIRBP,39.0036701989033,-0.154213379611498,0.172725385890693,-0.892830839725935,0.371947768326097,0.590139227091518
C19orf24,4.19319152961629,-0.682646011233811,0.412362759445712,-1.65458165009008,0.0980093882650825,0.24545295965598
MUM1,3.28572974998057,0.195660085004704,0.491671047557651,0.397499107672794,0.690999444434232,0.836488418754847
NDUFS7,11.5159632621781,-0.726929019707052,0.256519571642251,-2.83239428236273,0.00462008407163487,0.0245845255767163
DAZAP1,5.4647684070569,-0.880177368864892,0.360659838286344,-2.43606006975818,0.0148482185353541,0.0615268656877429
RPS15,237.592604066405,-0.192181006072986,0.114119899475798,-1.68401788517173,0.092178212302964,0.23602082585638
C19orf25,6.96392475353369,-0.177011420668163,0.305118954782058,-0.580050303981462,0.561880695304725,0.745457819315249
UQCR11_ENSG00000127540,35.6833503090573,-0.654303447533476,0.170155290010177,-3.8447880738066,0.000120656668202557,0.00108510616870851
CTB-31O20.2,0.462548535279332,-1.05257582654451,0.814543090501693,-1.27804647435399,0.201233040099559,NA
ABHD17A,0.583822093879378,0.21782521863217,0.826223976014212,0.258691976635008,0.795872910612524,NA
SCAMP4,2.08361030693058,0.0773839327610414,0.522615794825296,0.148174840486522,0.882204786999079,0.942040425579174
MKNK2,2.67803348743477,-1.00203632581535,0.516176047968722,-1.93650727298301,0.0528056026505716,0.160182600397037
MOB3A,4.04780952583537,-0.37695121139215,0.478463103934431,-0.78822683367958,0.430564035952148,0.639634381457376
IZUMO4,0.41677683344084,0.444358019198978,0.878225026283282,0.518957270115911,0.603790539146331,NA
PLEKHJ1,9.63994785362137,-0.721408866710862,0.268467164046856,-2.68598054043166,0.00723173004908439,0.0349360416149766
SF3A2,1.94738130871609,-0.705066724890591,0.553194283862533,-1.27249870922893,0.203195982407952,0.402657780673178
OAZ1,606.180493808678,-0.362459794285799,0.0691744069611545,-5.23978762840912,1.6076149686975e-07,2.43056072648313e-06
LSM7,6.73455862506345,-0.682323935688088,0.332737438080858,-2.0494834035447,0.0404148690797786,0.131832749309894
TIMM13,3.75601662937167,-2.19233526821022,0.524676238589769,-4.10234705513509,4.089801971673e-05,0.000406323731010811
GADD45B,28.8835351539235,1.32700943849558,0.358387758389515,3.70543956659521,0.000211024442302935,0.00174530345551559
GNG7,0.309204171257352,0.237926716752846,0.871368075467633,0.273199170011565,0.784700117955996,NA
SLC39A3,1.58641348624024,-1.53283182397843,0.655544606195731,-2.31634148968262,0.0205396306880834,0.0785723505397755
SGTA,1.63704007673238,-0.905466870668118,0.582444327086398,-1.54241971970731,0.122971632618712,0.287554370055621
THOP1,0.452586416509917,0.178890535921906,0.881060109032179,0.207104612779377,0.83592815972146,NA
AES,5.35398045496965,1.04435486340566,0.406161691126932,2.56584084651678,0.0102926042114841,0.0464630592959175
GNA15,12.7435310686454,-1.51848184991841,0.316974161810937,-4.78131585109491,1.74151488130323e-06,2.18741924102153e-05
S1PR4,12.9285662142337,-1.22244002163357,0.258813788109832,-4.71826063323569,2.37869628599544e-06,2.96171008158256e-05
NCLN,0.415478551692855,-0.513777155451153,0.918205933818482,-0.574133957452489,0.565877155942869,NA
NFIC,1.76451432591265,-1.09256481236314,0.63990980035804,-1.71354623334363,0.0866120953735211,0.226098517323094
DOHH,1.11193317669882,-0.633709542462834,0.719814701092559,-0.888395137490393,0.374328240053342,0.591714756210049
HMG20B,5.59324327901347,-0.699596949095485,0.353733774330142,-1.97583669683012,0.0481732757166303,0.150032845079314
APBA3,2.05642047755129,0.119071835963891,0.541484153866446,0.220051228408485,0.825831257858766,0.909201156551478
MRPL54,7.09411481390331,-0.393637381761786,0.355918724451367,-1.105480374255,0.268951493815469,0.485642270823193
MATK,0.269643981171417,-0.133912230840933,0.925986850643208,-0.145354347406456,0.884431107272085,NA
DAPK3,2.73487226615369,-0.27737576510448,0.468764171687302,-0.591283516491784,0.55433047213994,0.740984518209909
EEF2,47.6841353232732,-0.688092167141615,0.19707832617546,-3.49100055305894,0.00048121525719891,0.00363775819430129
PIAS4,1.95979095592622,0.915479400589264,0.588273546760591,1.5517248832352,0.120728066122195,0.283817728460857
ZBTB7A,4.52454555555377,-0.641485862560546,0.386959465873537,-1.65605072201681,0.0977115474685407,0.245156921112751
MAP2K2,2.23229266823338,0.146410963047827,0.54838773375666,0.267310289321363,0.789230265196861,0.890162022024878
SIRT6,3.19951908427187,-0.868222513314314,0.482844187200986,-1.79684506847994,0.0723602192711116,0.199404227038001
EBI3,4.2147802156295,2.37689616576382,0.601356685797461,3.89807220960795,9.69615062914083e-05,0.000903972281330177
CCDC94,2.58759251662045,0.612744603302967,0.496096446291742,1.23194874039813,0.2179682327505,0.422181143655705
TMIGD2,0.360422473209206,-0.0434302863542605,0.891993700322212,-0.0509973473429071,0.959327634313284,NA
SH3GL1,1.39265004687856,-0.532974923872148,0.597330277656678,-0.8907935398791,0.373039941498618,0.591051640051179
UBXN6,1.30355502243874,-0.0481527787814562,0.675630720178404,-0.0713024649712179,0.943157033461668,0.969973447225739
LRG1,3.50593503052212,-2.22975121519969,0.670793427980933,-3.27517815121361,0.00105595360120245,0.00716719101053681
SEMA6B,4.05453372522598,-0.625289250429717,0.426334167414721,-1.46477896780499,0.14298123188531,0.318820811636578
TNFAIP8L1,3.45189987500179,-2.10904775795069,0.537097399792037,-3.85854115292203,0.000114065862854286,0.00103474032732103
C19orf10,13.8112294456224,-0.58976782895195,0.267698721723329,-2.20306581101478,0.0275901104765242,0.0981802499211305
DPP9,0.763558353274214,0.364205675983014,0.838989788947621,0.45136208957716,0.651728601778805,NA
TICAM1,6.26131881115467,0.441334025912386,0.339742231346102,1.29862818910381,0.194071559116911,0.390381584443626
PLIN3,16.125316071527,0.0324091529993011,0.266559725407633,0.121629189561531,0.903192695184202,0.952703258209249
KDM4B,0.591582302426522,0.467839436450057,0.823072144504653,0.572717908279407,0.56683570998362,NA
SAFB2,4.55060758341597,-0.274644391686007,0.373754495214395,-0.734133898937747,0.46286713501841,0.669341514966
SAFB,5.58223132356846,-0.446771477046646,0.353641307684395,-1.26234801293437,0.206823587100053,0.407312390916353
RPL36,72.9982027457871,-0.188935849025432,0.129411498211431,-1.45989970702628,0.14431763977662,0.320550062698556
C19orf70,6.65441994665884,-0.65400737006694,0.359527484333591,-1.81948567741127,0.0688373659695024,0.192374350374428
NDUFA11,20.4347749755904,-0.683706696434895,0.19888276136575,-3.43662413375945,0.00058901237449136,0.00430665998987645
RANBP3,2.20670026854207,-0.952648254269023,0.559480459172665,-1.6978807603685,0.0895302692098947,0.231000220557358
CLPP,2.00206390981143,-1.00961744631603,0.527186509871769,-1.90276935000071,0.0570706482384773,0.168149741357481
ALKBH7,6.11269259567522,-0.944673812816041,0.352233344037712,-2.67756017647741,0.00741605295505497,0.0356757092913629
GTF2F1,5.82452514021111,0.522145439689214,0.338663582239722,1.54093974264323,0.123331452093099,0.287750380543598
DENND1C,1.00909300991521,-0.610308281690646,0.688145046037645,-0.882482452658317,0.377515964801981,0.594026359813689
CD70,0.172710990275105,0.630825520339307,0.973551102441739,0.668959289118078,0.503521447837292,NA
TNFSF14,1.47183596621068,-1.28118419081391,0.712978404549607,-1.80113590764278,0.0716814613259676,0.198342204008208
GPR108,12.8878549873967,-0.765019423356919,0.239827912749856,-3.18826895206988,0.00143127341895794,0.00926356465384445
SH2D3A,0.112677630957627,0.0670199812081042,0.966734039714903,0.0695274379745407,0.944569793148519,NA
VAV1,4.38283715954624,-0.809124520895329,0.439204098633299,-1.84071534134177,0.0656632845577047,0.185775084775882
EMR1,3.36314663900626,0.732489591083816,0.445406413463194,1.63956019270675,0.101096645628225,0.249844205485558
MCOLN1,6.09485013844,-1.53396254547573,0.356128307876827,-4.28636698633662,1.81618864742562e-05,0.000194372998502574
PNPLA6,3.03457403723024,-1.69848669190388,0.518018588179399,-3.2406241251141,0.00119268334375185,0.00795354178476295
XAB2,3.30629370010649,0.318509688461119,0.503062595996159,0.633881648674454,0.52615806274967,0.720237923021404
PET100,4.77423690395975,-0.221417359079885,0.379531433411052,-0.583081026149188,0.559838755965006,0.743982449546694
STXBP2,89.35223890871,-0.416220315573147,0.152842447843917,-2.7229899626742,0.00646940233858819,0.0318843534792445
RETN,1.37997427828127,-1.24339261905656,0.76463467350939,-1.6420979835188,0.100569699523199,0.249096145725988
C19orf59,4.667684782636,-4.67320322698992,0.718411953709903,-6.41168450245912,1.43920441601751e-10,3.23820993603939e-09
MAP2K7,1.55556314862029,-0.521229141325587,0.615663791854967,-0.84538969083265,0.397893298514995,0.612597036910882
SNAPC2,1.62000075705476,-0.470077071568527,0.633476391688655,-0.739546992455794,0.459574915666683,0.666786149539247
TIMM44,0.869523533712344,-1.16601676670298,0.763359553696857,-1.53687378536585,0.124324220153895,NA
ELAVL1,6.06946485518717,-1.09262558372826,0.350143921672883,-3.1142066063262,0.00184440288174023,0.0114077515899842
CERS4,0.448705204012464,-0.801561106604371,0.825035419802782,-0.977123528074565,0.328508000997762,NA
CD320,0.104384259583963,0.110681330340001,0.966147443649046,0.112357215522803,0.910540177523509,NA
NDUFA7_ENSG00000267855,3.24841680064795,-0.207869461871607,0.480436213541191,-0.433041295766888,0.664984769290806,0.820735276814509
RPS28,88.462871107736,-0.108168460525526,0.12162464149697,-0.889373410631821,0.37380243005405,0.591529490903306
RAB11B,6.4303561305423,-0.573799526060203,0.32374077448581,-1.77120038466845,0.0765273853300638,0.206591406311438
MARCH2,4.90677333788918,-1.15717520980002,0.389246817258052,-2.96500867382125,0.00302674395520265,0.0170927289565051
HNRNPM,25.8576716539742,-1.05881229879706,0.204654272238191,-5.17224499953556,2.31298033478024e-07,3.39811892371955e-06
ZNF414,1.19150013511458,-0.54128302368183,0.654949963554393,-0.829284401814085,0.406943495115232,0.619265356588262
MYO1F_ENSG00000142347,19.7905747574648,-0.816442859396628,0.259917381349554,-3.14034554909979,0.00168748662229094,0.0106445762101465
ZNF317,0.745303484096915,-0.840781404296603,0.800805067483568,-1.06181168627042,0.288321183450162,NA
ZNF559,0.449916727694056,0.506038759706398,0.913295484372469,0.564439927520316,0.572454772237412,NA
ZNF561,0.798166301429591,-0.834665664507472,0.731111751393547,-1.13343115782283,0.257033235747778,NA
FBXL12,2.22793726637629,-0.465094109898805,0.533534740748496,-0.869649288886837,0.384492093162949,0.600539030452652
UBL5,42.0163820100722,-0.0396039561423045,0.141931401189668,-0.279020830331131,0.780228839051483,0.885250707798139
PIN1,11.3710825164813,-0.792105730168795,0.251178539105665,-3.15211306513818,0.00162093494819714,0.0102815130176988
C19orf66,17.4495848264968,1.9707794957377,0.244446686473222,8.03467292573987,9.38288605221832e-16,4.03181908183667e-14
PPAN,1.46555552269849,-1.86855883397737,0.719442004717286,-2.59178975660956,0.00954781006324358,0.0435828550410839
EIF3G,17.6397308026026,-0.723470691412245,0.21037101909595,-3.43794962581256,0.000586136726829954,0.00429457871004255
DNMT1,3.99334772738791,-0.58409476718704,0.410510725297809,-1.42177760102881,0.155090824028833,0.336884857212003
MRPL4,1.37487264002595,-1.44490753688661,0.654972522658998,-2.17697023606308,0.029482788254927,0.103307256209018
ICAM1,10.4757483786614,0.234968843141201,0.301636578698248,0.779151164635036,0.435890673584103,0.645701192206622
ICAM3,17.3520490641952,-0.664168752641528,0.236896971653223,-2.8025989058202,0.00506926701567955,0.0263851193029222
TYK2,0.90099676884332,-0.735369291565762,0.727527498142009,-1.00579658801177,0.314513428936557,NA
CDC37,18.0442143139202,-0.263895343135847,0.226865215486754,-1.16329784935435,0.24470867795926,0.457178847511334
PDE4A,3.19585278873209,-0.943502285481602,0.49097338134712,-1.91985286747018,0.0548764868022187,0.164302591068321
KEAP1,2.69780058453094,0.456571723409949,0.463682514430653,0.982504650275146,0.325851293125289,0.547717688297361
S1PR5,0.293416657476093,-0.820159006098568,0.971062128850892,-0.851962197735167,0.394235073568542,NA
ATG4D,1.59684707363041,-0.318692738856599,0.57573956383462,-0.553175185299403,0.580143457171416,0.760987770896779
KRI1,0.240718003573307,0.30708224334004,0.907470782372004,0.344067132488734,0.730795800034177,NA
CDKN2D,8.65923882235835,0.742264239729423,0.375531428243997,1.97464750863528,0.0483081636486115,0.150289142760923
SLC44A2,2.25468046922563,1.08407776001426,0.588873923144085,1.83411780323005,0.0666365092391783,0.188063037186125
ILF3-AS1,2.01501197274821,-1.01204642968269,0.585761050539892,-1.71624163630672,0.0861178255222477,0.22524639490144
ILF3,1.8275764931178,-0.692619181445925,0.571311093481576,-1.20510320077167,0.228163464331783,0.436559695607246
QTRT1,0.435451442970045,-0.97713027409766,0.91698708889458,-1.06100257540418,0.288688730762301,NA
DNM2,1.45804368162618,-0.433813141762678,0.601066612532945,-0.720847978158718,0.47100305268187,0.677124398109929
TMED1,3.89456893547615,0.121124533885886,0.399034031508759,0.303157000043309,0.761770216907137,0.875873364523782
C19orf38,9.42714807398718,-0.492333556107035,0.364582636197725,-1.35071198224845,0.176787712451669,0.368066221005933
C19orf52,1.87285812027744,0.136360792324819,0.567675765002022,0.239879611593371,0.810423587045841,0.901239482268713
SMARCA4,1.6496944499574,-1.39473424961714,0.668800134552374,-2.07567782233763,0.0379237584392377,0.125352388363356
TMEM205,4.1309592858486,-1.3078946264859,0.409223796215315,-3.17936568821214,0.00147597753925899,0.00949911220367696
CCDC159,1.52291411523771,0.272713447926308,0.608464356025063,0.445808982119646,0.655735233036454,0.814273331160061
SWSAP1,0.796773159752229,-1.02955825046031,0.823469104015092,-1.25235076434617,0.210442078642198,NA
PRKCSH,2.4227519915707,-0.0571199167036775,0.551011239351602,-0.103563420814851,0.91751581748029,0.960335778766667
ECSIT,1.55395406791777,0.364829718505756,0.63107409251076,0.576146218141982,0.564516353870043,0.747846769208923
ELOF1,7.31757010433563,-0.691781691355481,0.325685687413375,-2.12292626743389,0.0337600309227627,0.114707833961706
ACP5,16.1043392313214,-0.463492176475999,0.387854605694831,-1.19557710340406,0.231861630983557,0.440814777468739
ZNF136,1.09981631512154,0.638927891081392,0.753426747003952,0.856953220045478,0.391470738458129,0.607349693271356
ZNF44,1.29675600265916,-1.12663838096629,0.700197585135547,-1.61275040392365,0.106798745115768,0.259946690092254
ZNF563,0.0814777690911523,-0.147465118504535,0.88240235086773,-0.1807592991308,0.856556511361202,NA
ZNF791,2.39277120800715,-0.260985407126755,0.474725998624553,-0.549356595767363,0.582760754693671,0.762297485253909
WDR83,0.925999170458575,-0.32238877043312,0.691402462943492,-0.464718608786824,0.642132980391942,NA
WDR83OS,31.4536306795759,-0.0653068762852974,0.17752407887167,-0.367876678431756,0.71296519059941,0.851159153475357
DHPS,5.77997783001616,-0.23157485569632,0.365865802180004,-0.633084968725644,0.526678157552756,0.720350425034608
C19orf43,63.1263089235717,0.0088372175062024,0.122916217525109,0.0718978013286233,0.942683239808751,0.969833604553319
ASNA1,11.1658905030377,-0.21257009524953,0.255631039516374,-0.831670054684737,0.405595207724493,0.618621994167462
HOOK2,1.34074857983648,-0.865769958556661,0.671692875670807,-1.29247019339206,0.196194361764071,0.393974271778518
JUNB,211.966701286457,-0.105563139080959,0.142991320439386,-0.738275775242595,0.460346884174516,0.66729812891226
PRDX2,1.93492903320371,-0.0402303182284783,0.586886758275562,-0.0684125316430006,0.945457246394329,0.971290340309832
RNASEH2A,1.96886979290106,-0.710917121859822,0.565400994246633,-1.25381490567113,0.209909290093723,0.410629130242907
DNASE2,14.9472360973194,-0.12546214222153,0.352690501269552,-0.355694550340982,0.722069326682946,0.855928296630275
GCDH,1.30741756800751,-0.147111821312785,0.658675036886916,-0.223410400935643,0.8232161101132,0.908414765262973
FARSA,2.36477308372944,-0.242537554442393,0.499864269090104,-0.485018333941317,0.627663340359567,0.794484161717591
CALR,15.2639876084866,-0.479904012044093,0.230422103030306,-2.08272189002076,0.0372765809555142,0.123785973364767
RAD23A,11.854470773121,-1.03322182864251,0.265661592332703,-3.88588659382207,0.000101957097903592,0.000943906266262223
GADD45GIP1,11.6818224192811,-1.40764819467246,0.303600906807259,-4.62710887057567,3.70805616006078e-06,4.50883850101007e-05
LYL1,13.9314146313056,-0.407426157555399,0.258647673282853,-1.57517891071247,0.115215153652934,0.274365852070402
TRMT1,1.18839609765542,-1.33493778957271,0.730951458069251,-1.82730492371857,0.0676539353460405,0.189996186979175
STX10,3.1014360414333,-0.67360848526238,0.474571880508257,-1.41486919980854,0.157106850063438,0.339586099891281
IER2,78.4087989615073,0.492377414652573,0.155774150109455,3.16098034658876,0.00157239107450408,0.0100180769128103
CACNA1A,1.73405095484605,3.61701560276633,0.718107637738619,4.97932923196531,6.38050226303104e-07,8.66141815515972e-06
CCDC130,2.47013472142851,-0.612256645663518,0.5165546967197,-1.18525234795592,0.235917688081146,0.446144064682315
MRI1,0.276404274468668,0.193680793652779,0.929919577778085,0.216642003104046,0.828487349264655,NA
C19orf53,20.2548553157536,-1.079162898931,0.218551890345839,-4.93567296496285,7.98748553339306e-07,1.06905104972696e-05
MIR24-2,1.66055086146288,-0.323578011916012,0.585129707071365,-0.552106789003269,0.58087519083374,0.760987770896779
IL27RA,1.41347924265184,-2.34162051656146,0.745703432606045,-3.12783871429783,0.00176096784942438,0.0109748432491388
CD97,6.85759607180976,0.778273349904476,0.341690777621066,2.27584413196753,0.0228553402928043,0.0854831608464505
DDX39A,8.60593229271932,-0.753694059242222,0.324149235713857,-2.32446613788342,0.0201005244059819,0.0772525198252767
PKN1,5.97849170012269,-0.436284594865691,0.345401666807166,-1.2625884689853,0.206737114037357,0.407312390916353
GIPC1,0.0769354513806174,-0.0753166313287265,0.903493211751801,-0.0830893693895849,0.933780478615212,NA
DNAJB1,10.5397862230283,0.184634229873262,0.301845493836024,0.611950871493529,0.540570262472023,0.731555541091075
TECR,3.10953376458057,-0.74305954760251,0.468040824312265,-1.58564549605519,0.112819749532299,0.270632118904461
NDUFB7,7.79813445248027,-0.536520818843007,0.320345195921866,-1.67382724000427,0.0941645571522676,0.238753524456615
EMR2,5.10230426102558,-0.117308937023843,0.34805600929046,-0.337006322382889,0.736112134046465,0.863798085867537
ILVBL,0.594680935782133,-1.15270881320455,0.791499309070769,-1.43178904699584,0.152204202835282,NA
BRD4,4.16804081345765,0.0545733026620179,0.416981954805678,0.130903944272931,0.895851294456432,0.949448688843091
AKAP8,1.02252076825561,-0.67964815376243,0.74222075057277,-0.925166410394116,0.3548793527823,0.572919633093459
AKAP8L,0.617123898940288,0.374494604302837,0.794216952127113,0.464497670451649,0.642291228154186,NA
RASAL3,7.35419343611987,-1.04875279384989,0.323821719702168,-3.23369187612415,0.00122201218094014,0.00809246768722237
TPM4,28.1739747918818,-0.0126641542548595,0.27601743938085,-0.0459162845226347,0.963376974694249,0.980359581619949
RAB8A,39.7394119847234,1.33131438917246,0.167159485750824,7.95982920635254,1.72276914710572e-15,6.98271324518381e-14
HSH2D,9.5753679960068,3.34270336277155,0.429448793494376,7.55760362986649,4.10562898127257e-14,1.43071156268127e-12
FAM32A,8.98402280372705,0.266248959530604,0.285098390909691,0.933722013357666,0.350447306702955,0.569302546278394
AP1M1,2.10813931611243,0.345116054294446,0.602974764112613,0.574561652227947,0.565587793294095,0.748918961695031
KLF2,5.23596144285716,-0.726033857704865,0.437588311923581,-1.65839343370693,0.0972380810831206,0.244700851338632
EPS15L1,0.647076422321561,-0.0775978239249044,0.784637328769676,-0.0987156380222542,0.921364052167004,NA
CHERP,1.2683035930941,-0.590284127930545,0.696944593412816,-0.845020018992678,0.39809966191977,0.612650319488627
SLC35E1,0.829198962922074,-1.48438674812972,0.820760343017608,-1.84487555472635,0.0650556434102037,NA
SMIM7,7.22015498741003,-0.281039134223581,0.322158461834686,-0.871944402914196,0.383238708592857,0.599072543656504
MYO9B,4.88492388774049,-0.966280870386678,0.480071177980289,-2.00764471275717,0.044681059585257,0.141547813486554
USE1,3.35477212992106,-0.189466459345461,0.445763338583226,-0.424993928998262,0.670841100407597,0.823651814895829
OCEL1,0.910768578749086,-0.389512603536462,0.725013296237514,-0.539576813406011,0.589488910482662,NA
BABAM1,4.69507909487326,-0.703258099478713,0.392482546554389,-1.78793437547111,0.073786596077335,0.202055772200273
MRPL34,3.2752295631601,-1.07181537046044,0.491035816113894,-2.17493288558237,0.0296351461238627,0.103777487805071
DDA1,5.68408513171186,-0.448503835398507,0.338467567384084,-1.32473896559989,0.185257744512337,0.378665239587986
GTPBP3,0.226187752209333,-0.558291392854751,0.96977326493702,-0.591922126130508,0.55390273661983,NA
BST2,176.588108981841,2.00372747224901,0.146999316254024,13.6261820288848,2.79842277511168e-42,4.20868056835876e-40
CTD-2521M24.9,6.45428405673382,2.05385710375704,0.37717516851535,5.39024992975319,7.03597612929831e-08,1.13269305856169e-06
MVB12A,4.02637298792663,0.381130783481446,0.398286822252099,0.956412182354613,0.338864032342243,0.559447495847261
PGLS,15.2323575271183,-0.789538409739441,0.231752189385442,-3.40586355991375,0.000659551320780757,0.0047472743051159
MAP1S,3.23690671135896,-1.39034741526993,0.510937276656513,-2.70653361167102,0.00679896994205148,0.0331819925011308
RPL18A,352.602062659076,-0.229180195080999,0.105413677646032,-2.17409628743165,0.0296979047326959,0.103910646575029
CCDC124,5.86187273363508,-0.837532843146749,0.357928616916712,-2.33894967672747,0.0193380380793382,0.0748759401242667
ARRDC2,5.28126652158487,-0.67509692492677,0.40789158719903,-1.65528335864203,0.0978670329664396,0.245311520206403
IL12RB1,1.60638172462079,0.0260420401937289,0.598748052828485,0.0433569540763197,0.965416991081844,0.980490818744594
IFI30,50.0606499520453,-0.0383850794482471,0.158206410876427,-0.242648085605229,0.808278027252121,0.900801272571348
JUND,9.78467691847206,0.0796286002537678,0.307201544186749,0.259312422417355,0.795394195442387,0.892783527457278
LSM4,8.62644923715431,-1.18768191594856,0.345626210307374,-3.43138135286743,0.000600515754755555,0.00437748410513775
LRRC25,25.815995715664,-0.523398054903664,0.215575171134698,-2.42775677925731,0.0151925279219113,0.0626445144832056
SSBP4,2.49657720884889,-0.681986085095185,0.506811404230803,-1.34474756209668,0.178706769472556,0.370442215283155
ELL,1.71539711885963,0.0829581223725471,0.593518545821783,0.140129964891395,0.888557305609472,0.946191471973449
FKBP8,14.6552728457279,-0.587694468216686,0.249128242709608,-2.35835249288262,0.0183562533925202,0.0721878148661903
KXD1,5.7051377115592,-0.749135302588194,0.336517655197141,-2.22380448982392,0.0261616011982282,0.0942354061603951
UBA52,164.671146947597,0.0194186041601958,0.0932199281593166,0.20831164412789,0.834985640372066,0.91352050113324
C19orf60,2.69000453395596,-0.661585761256204,0.493891784714842,-1.33797955069416,0.18090310298465,0.373235102367246
COPE,54.3342484638027,-0.00729895672235734,0.134248589342963,-0.0543689019656657,0.95664125483123,0.975907626627642
DDX49,1.47278954356886,-0.674134239213665,0.610954157497144,-1.10176233031408,0.270565011085579,0.487785185600657
HOMER3,2.4172148424381,-0.310182605381002,0.543955093972911,-0.56974157968797,0.568852984221837,0.751898214596354
SUGP2,0.557255195037476,-0.368771683260329,0.791364644290401,-0.465286862989309,0.641726041218688,NA
ARMC6,0.582855439846856,-0.325908894555366,0.794694786424014,-0.409758836034204,0.681982865329945,NA
MEF2BNB,6.44707812130065,-0.469784611878887,0.364333542620969,-1.28983037301473,0.197109559794971,0.395213667578937
RFXANK,3.42954620585207,-0.720152939645785,0.443014022317093,-1.62316974462849,0.104553123601714,0.256007327071036
NR2C2AP,0.637008130849512,-1.00205022281811,0.818189193257485,-1.24162421416268,0.214375243473549,NA
SUGP1,2.26535754888246,0.098887201031047,0.499191159633082,0.197653259894251,0.843316361359229,0.919060451023645
GATAD2A,1.97941628874945,-1.33170121131942,0.590192205193228,-2.23905421301788,0.0251523889429757,0.0919091450186101
NDUFA13,28.284863347391,-0.642320581068962,0.172837461376456,-3.71580539340432,0.000202557444377219,0.0016874865810726
GMIP,4.3722682546882,0.285166060924388,0.381613783204812,0.746729664904218,0.455226759357847,0.663171279564133
ATP13A1,1.17232948379532,1.4274542882213,0.706049594660665,2.01450856032806,0.0439561670341825,0.140105685778222
ZNF101,1.37596091350847,0.195494658060269,0.605900963510554,0.322382765032509,0.747162739349718,0.868776206588737
ZNF14,0.380387380947773,-0.124978472835535,0.92318770705462,-0.141483117682849,0.88748829602027,NA
ZNF506,1.19166715017409,-0.0922394839802957,0.695909519064497,-0.132488984527566,0.894597535292639,0.949419668374639
ZNF626_ENSG00000188171,0.397761796892408,-0.454443111777649,0.898651948192057,-0.516879847729451,0.605240036127746,NA
ZNF430_ENSG00000118620,1.30948868050616,0.303557808707492,0.608559813342298,0.496415335286403,0.619601407686783,0.790583175916492
ZNF708,1.0898596197923,-0.727056435329812,0.73971406425026,-0.996708707019237,0.318905922126864,0.539534441964188
ZNF493,0.23209794792085,-0.305417897888278,0.939350782586145,-0.31903978277831,0.749696345561691,NA
ZNF429,0.671758031773357,-0.749533997165033,0.807653523884054,-0.941198119325692,0.346603340337843,NA
ZNF43_ENSG00000198521,0.568733071437454,0.0652541669297171,0.800346759279843,0.0801805743925207,0.936093639801449,NA
ZNF91,0.271500949603298,-0.760639991061882,0.898306718130319,-0.838788731717686,0.401587875106642,NA
ZNF675,0.390696917427749,0.41047328817552,0.877548655122016,0.467411574553713,0.640205443091774,NA
RPSAP58,4.49321875551068,-0.372659054158173,0.413462226549817,-0.901536715953941,0.367303021380484,0.586153199660018
LINC00662,0.260507350081071,-0.951106086748955,0.923274368978648,-1.01685546899225,0.309222190067166,NA
UQCRFS1,26.1714975627121,0.204971345406682,0.181731337412897,1.12778232772454,0.259411858573137,0.476241173063116
POP4,6.27917428206181,0.208528788850545,0.350186982908727,0.59581341939458,0.551299877937605,0.738757450919499
PLEKHF1,0.734535727864014,0.871564448440825,0.861311195472958,1.05975100648121,0.28925789120514,NA
C19orf12,1.02504214983039,0.596382727734803,0.706421009715174,0.843866464738928,0.398744029633763,0.612802215437178
URI1,1.0331752542906,-0.614128856518331,0.724145785094726,-0.853412625325887,0.393430522538934,0.608842522694288
PDCD5,12.1835711963358,-0.582070036063152,0.272928306815973,-2.13300628117571,0.0329242109410362,0.112899502628943
CEBPG,10.2394922666166,-1.01995566601422,0.324437899223058,-3.14273164933562,0.00167379212659657,0.0105815508888268
PEPD,3.43260137808852,0.56390465101948,0.530435017418044,1.06225662444581,0.288119200009798,0.506204068905067
LSM14A_ENSG00000257103,8.22502959526883,0.174083484374358,0.298275170622274,0.583775853946714,0.559371125535562,0.743982449546694
GPI,1.72241001349558,-0.634695944053079,0.72269426809996,-0.877757402108196,0.380075386039209,0.596084201760176
PDCD2L,0.112614121437323,-0.187335249286131,0.937563096043022,-0.200235596482356,0.841296328898147,NA
UBA2,2.11558447483113,0.270958025508573,0.565884009020402,0.47753381284366,0.632982049114806,0.797509921058457
ZNF302,1.07204675119906,0.630658887517559,0.688445978849087,0.910538109703252,0.362538793079945,0.581721522781921
ZNF181,0.344468087313537,-0.981110860898499,0.901875309686502,-1.09723604544919,0.27253821994154,NA
GRAMD1A,2.50302132183467,-0.585403204849243,0.539205423357497,-1.08452404612765,0.278132511232472,0.496882557578486
FXYD5,72.5284017234932,-0.223834176077211,0.131417079033075,-1.70329620130717,0.0885126511357658,0.229012150690571
LSR,0.386678085657971,-1.10838627396533,0.937021941397024,-1.21269586563433,0.225246121109786,NA
USF2,0.964870681660019,-0.573403174173711,0.683420550781016,-0.831954778063959,0.405434470512469,NA
FFAR2,3.02758334688571,3.11813544858696,0.663819142684965,4.52924539039753,5.91947183214885e-06,6.91815573021077e-05
TMEM147,6.98639311230922,-1.49781930268298,0.327387185051243,-4.55765923468803,5.17268714111832e-06,6.13317572852514e-05
RBM42,7.06271632317427,-0.56506654637731,0.311980332758715,-1.81038162731567,0.0702366264491987,0.195424693357921
COX6B1,40.6891996754513,-0.297081169580295,0.162671839839617,-1.82608256193544,0.0678378264823308,0.190359535969695
ZBTB32,0.107763012225709,0.0840179792878933,0.934211060480102,0.0911181879213086,0.927398680888335,NA
U2AF1L4,2.92615764667207,0.244330796021284,0.491033472157652,0.497231075116728,0.619026110101468,0.79037851189229
PSENEN,23.8532222347408,-0.538390952626553,0.203792189688637,-2.64145025395278,0.00825519292509413,0.0388080877942455
NFKBID,4.3179903588952,-0.143066344904835,0.426636981352456,-0.335402184654153,0.737321720193387,0.86432985983674
HCST,10.3161786338253,0.670532574006489,0.267035113957803,2.50953250133947,0.0120891090126694,0.0525393597014489
TYROBP,706.902082161656,0.625561583053081,0.083541450882926,7.48800396875828,6.99289132005535e-14,2.35182446505776e-12
SDHAF1,1.2892527779956,-1.67090825234767,0.670604580620149,-2.45662420816198,0.0140249309902697,0.0588649933237336
ALKBH6,1.62252003667896,-0.720020926346958,0.609324803381537,-1.17830742309749,0.238674069535046,0.448839192955836
POLR2I,3.64327302789076,-0.78073316438797,0.462370399818448,-1.68274756534988,0.0924239695005347,0.236034773768379
TBCB,12.3817161384697,-0.735812841860074,0.31073761055289,-2.36573046367053,0.0179945397052525,0.071070348594
CAPNS1,2.64050463822077,-0.33267606301865,0.468879172894034,-0.708251929351301,0.478788823173845,0.683306397619739
ZNF146,1.00438033871104,-0.0159913245760983,0.694464549615747,-0.0230887893859753,0.981579448077918,NA
ZFP14,0.933370678866152,-1.27784278195627,0.772441724974287,-1.64020595818867,0.100962350902163,NA
ZNF567,0.573865065049532,-0.356959795202824,0.832280412473582,-0.429091596822766,0.667856567355284,NA
ZNF568,0.209067129417219,0.0808177244398375,0.942803712932775,0.0830665934721519,0.933798588563141,NA
ZNF420,0.17641514384085,0.128229442068027,0.973399215819257,0.129622593772559,0.896865026811428,NA
SPINT2,3.6245084265716,0.0290263696325064,0.476036443972082,0.0608986128943708,0.951439954147328,0.974370516270366
YIF1B,1.54925978106023,-1.55192527231886,0.678951581385087,-2.27108973091719,0.0231415465226586,0.0861028244641888
KCNK6,1.9641085400846,-0.327338010368062,0.562045539705524,-0.582979646690563,0.559907001837329,0.743982449546694
PSMD8,27.5190808710889,-0.259165428373986,0.18118449108974,-1.43022240400422,0.152653197250087,0.333236448542494
FAM98C,1.05179310340259,-2.1196385942274,0.776113386044194,-2.72194599150423,0.00648987478999296,0.0319462828809731
EIF3K,42.9139930078878,-0.542605404064589,0.152202715774234,-3.56491000993023,0.000363981050779475,0.00286917476579958
ACTN4,5.69052551585331,-0.145644032844063,0.36249429262056,-0.402150686004533,0.687573132297204,0.833930486222096
ECH1,10.0951675235091,-1.70426333177761,0.336180926234379,-5.05276219555759,4.35465951153332e-07,6.05520172954086e-06
HNRNPL,1.73729128985928,-1.48111893835066,0.626771479363623,-2.34289147268053,0.0191349481864323,0.0744933439274253
RINL,0.314932124403116,0.0878925050141998,0.89941609928888,0.0999870545657256,0.920354602898821,NA
SIRT2,4.9811173564124,-1.07528367469232,0.378650214914386,-2.83198981257185,0.00462593224782009,0.0245927467872482
NFKBIB,4.57458182950481,-0.414474580818465,0.374565833276694,-1.10554584822478,0.268923139430707,0.485642270823193
MRPS12,4.91673363386712,-1.39388301514086,0.392589680519306,-3.53517826172251,0.000407500153476482,0.00314711267178121
GMFG,91.9873724568543,-0.200083293234187,0.138137558213737,-1.44834865169719,0.147519567627958,0.325260157790811
SAMD4B,1.84745404773397,0.387852740536632,0.582525510392668,0.665624351332479,0.505651237506135,0.705364010687437
PAF1,2.87777259207316,0.263786952953105,0.466595077860243,0.565331816952127,0.571848091448239,0.754114743553314
MED29,5.8146371901157,0.294816447061153,0.354883050401516,0.83076866568356,0.40610432720907,0.618902058944077
ZFP36,109.522467643523,0.30137068978619,0.162410645076577,1.85565742676647,0.0635024026651029,0.181749148267663
RPS16,215.420788625902,-0.112833190519529,0.173688827927152,-0.64964204100363,0.515923470231887,0.713276647521861
SUPT5H,3.02689044059269,-1.33217521150075,0.482024671640542,-2.74707618525122,0.00601291653202321,0.0301172813150856
TIMM50,1.62049535654135,-0.611508035903392,0.610631964476737,-1.00080429875572,0.316921430887606,0.537290411605656
EID2B,0.451135015958781,0.0471229446336953,0.827646451050126,0.0570540775863627,0.954502117574427,NA
DYRK1B,0.174658496487754,0.0402081271161662,0.968304360873999,0.0398436022835686,0.968217814217196,NA
FBL,3.84829521677523,-0.196468856553002,0.46402371699091,-0.423200322526864,0.672149111499124,0.824320208630364
PSMC4,17.4808595627235,-0.564365198162832,0.265446664480698,-2.12668879697732,0.0334459489670722,0.11397948619369
AKT2,1.67360170954172,0.678974556531549,0.58306972138387,1.15998751390815,0.246053889761605,0.459091733590458
PLD3,2.38616425972025,-0.511779680401389,0.506368863670689,-1.00950340948415,0.312733267313643,0.532479865811351
SERTAD1,13.1757350448495,0.259656461998306,0.245334305765128,1.05849886484174,0.28982806802127,0.508088162190662
SERTAD3,14.0780320504212,0.515813268634315,0.2485761268348,2.07465731616519,0.0380183059626435,0.125519710327272
BLVRB,4.54893780393286,-0.880050823316641,0.413396387187528,-2.12294660423325,0.0337583265262217,0.114707833961706
SHKBP1,28.4893797786174,-0.161965558601665,0.206639420129292,-0.783725836167241,0.433200999191082,0.642549626363102
SNRPA,1.10790106340798,-0.111916927275334,0.680306591920639,-0.163045576371562,0.870482550013075,0.936346277682048
RAB4B,10.8514823617589,0.0350901425029347,0.291885512127385,0.120203249946948,0.904322143359331,0.9528394264931
EGLN2,11.2518801765035,0.215513216259037,0.259675756170014,0.829837270925284,0.406630795092343,0.619209963749731
AXL,1.10914320376548,2.914357500436,0.7520264074619,3.86609204971052,0.000110593210875424,0.00100483338657082
HNRNPUL1,3.33788938204692,-1.09785511292067,0.441267571499252,-2.47709521997915,0.0132456558956006,0.0565339234080337
TGFB1,16.2610956201791,0.522376802487701,0.240546018619284,2.17177572224112,0.0298725837483465,0.104254609861455
CCDC97,1.41854476813209,0.478171296477133,0.589140997904474,0.809256938031095,0.418367370047701,0.628871520205842
B9D2,1.52793239150843,-0.290148148070455,0.617893918285312,-0.468386333136199,0.639508339703115,0.801230148004054
EXOSC5,0.330279560530752,-0.373665696258862,0.918972060048516,-0.417671820910125,0.676187077811452,NA
ATP5SL_ENSG00000105341,0.939008121799549,-0.355954127561499,0.719314585515718,-0.488756484862624,0.625014108823582,NA
AC006129.4_ENSG00000270164,0,NA,NA,NA,NA,NA
AC006129.2_ENSG00000268027,0.231820381658747,-0.0593141084090486,0.953747284475128,-0.061780749194376,0.950737434115374,NA
RPS19_ENSG00000105372,800.932657614166,-0.0598550350814044,0.0864316889663267,-0.692510448547802,0.488616826566724,0.690857289418315
CD79A_ENSG00000105369,2.66176187600186,0.648039733575535,0.594345987592519,1.09346481048702,0.274189771211282,0.492146527158442
ARHGEF1_ENSG00000076928,5.38933806125393,-0.422050511530535,0.373334928023935,-1.13134315454913,0.257910687420285,0.474583480492564
RABAC1_ENSG00000105404,31.560339392665,0.175295983267551,0.186681408203839,0.938960556160423,0.347750996156639,0.56717949287534
ZNF574,0.269124491395645,0.117469313149416,0.90463055024832,0.130592363177922,0.896097784288886,NA
POU2F2,10.929169676098,-0.708274602579268,0.357319475800299,-1.98135176822092,0.0475518386475164,0.148420949137387
DEDD2,5.72458790949641,-1.07344039889896,0.385952979155536,-2.77463699115506,0.00552633540589203,0.0282495588950563
PAFAH1B3,0.683717975125408,1.1685987573047,0.783792528394782,1.48257689919895,0.138186858480622,NA
LYPD3,0.694752176871403,0.668618904643768,0.96268883910188,0.769450787258094,0.441625748802581,NA
PHLDB3,0.261880100581224,-0.859755335989661,0.9541000443658,-0.89097617901896,0.372941949774886,NA
ETHE1,6.60660069524051,-0.405322800499224,0.344551536644097,-1.17625195572728,0.239494208268907,0.449925395241036
XRCC1,1.09654016755002,-1.30095661308688,0.68506602843329,-1.87394437676597,0.0609380921015077,0.17669264148154
IRGQ,0.654121336550587,-2.23993642510274,0.848369239555385,-2.64892794529178,0.00807475454919117,NA
ZNF576,0.617085494042186,0.102267487672731,0.887330580533662,0.11775394641418,0.906262621019446,NA
ZNF428,1.16306779225113,-1.31986966600423,0.697851968393221,-1.87592774255878,0.0606652025823375,0.176080057266663
PLAUR,165.222923871862,-0.360576281974667,0.19536987270547,-1.84581002673528,0.0649197942164974,0.18440190057022
SMG9,1.73778374287522,0.220855670126384,0.597482461350372,0.370418971567538,0.711070340296656,0.850155852702017
KCNN4,1.07682086413357,-1.19789768498695,0.733736116989785,-1.63596468474064,0.101846978703851,0.251210825762845
ZNF230,1.11307722772784,0.479913109341602,0.665048811307889,0.716801731495693,0.473496443187846,0.679209870415836
ZNF224,3.05966019424817,0.235896797171899,0.498388953547121,0.472524265869053,0.636552625482604,0.799186787045932
ZNF226,2.29496655123269,0.263725018345611,0.54411769313434,0.485928189246733,0.627018081183813,0.794445429283138
BCL3,1.30224622418536,-0.513760299144473,0.639253887925021,-0.798037672099224,0.424848628955986,0.634276362195261
PVRL2,13.4729491673688,1.97964669041149,0.369746600650933,5.33380905018643,9.61736581310415e-08,1.51832170226216e-06
TOMM40,1.31666998386015,-1.84480626284647,0.650966423585897,-2.77363168639425,0.00554343995202054,0.0282863922551762
CLPTM1,4.24089775800245,-0.545066595923794,0.385818494083234,-1.41231823079015,0.15785628079612,0.340638473727628
RELB,11.9888987709892,0.102925130841011,0.241562981756478,0.426074293105158,0.670053711440174,0.823640012127632
CLASRP,1.52642748166238,1.0015876666148,0.608522588522303,1.63336743260329,0.102391742255609,0.252445559530114
ZNF296,0.592576612929175,-0.442504793674162,0.837429678653682,-0.521772378333854,0.60182882366583,NA
GEMIN7,1.84217897205779,-0.68993986123266,0.60589657307755,-1.13464956325443,0.256522177712908,0.472911046977184
TRAPPC6A,2.75170484823683,-0.568847995656631,0.562933097187306,-1.013131615061,0.310997299111841,0.531027655937906
ERCC1,5.20346540869935,-2.96630039652516,0.53194640351861,-5.39970567307355,6.6750318222021e-08,1.08374451317855e-06
FOSB,1.27437051310376,-0.996502929657059,0.740128943777597,-1.36867806390853,0.17109993018439,0.359366446528405
PPM1N,20.8407745818846,-0.413294356457694,0.501757529409917,-0.822917140691441,0.41055511459413,0.621405352794416
VASP,70.4500265624463,-0.183192064307438,0.171102003264883,-1.07068787128236,0.284309798121021,0.503203420639607
OPA3,1.98670606427524,-1.037493848935,0.609137965386044,-1.69586265853209,0.0899118928283103,0.231462372753961
EML2,0.54555358463337,-0.329897915678314,0.848233832968252,-0.39176518585294,0.695231720638308,NA
SNRPD2,19.0541822625291,-0.539476119070238,0.23660831126072,-2.27996390276144,0.0226098294624543,0.0846202851197945
SYMPK,0.935264593790168,-0.53007153725408,0.721352183128644,-0.727552840643723,0.466887357956904,NA
CALM3,38.7050521347709,0.302665452998905,0.18020040564224,1.67964634586376,0.0930261447248396,0.236891460103704
PTGIR,6.23134392158597,0.397802654912641,0.410880867781189,0.967061937955024,0.333513071455611,0.55536923175082
PRKD2,2.40548280606511,2.57610887983794,0.60919926339513,4.1070228997145,4.00791507608292e-05,0.000400441165381362
SLC1A5,3.71623424859333,-1.14619515576943,0.432837827946032,-2.63924214234552,0.00830916079082272,0.038955581558287
AP2S1,28.6230128220592,-0.5942353302814,0.171883189719215,-3.45687482179116,0.000546478635779117,0.00404549922730266
TMEM160,5.77451366427841,-0.950920706701794,0.405711000555352,-2.34105030868179,0.0192295757414612,0.0745570049948783
SAE1,2.23206645660054,-0.321319010548038,0.533434203081655,-0.603263453051678,0.546333441601866,0.73534988665913
BBC3,2.50725153208526,-1.45857514083456,0.613520456937226,-2.35810887434212,0.0183683048586547,0.0721878148661903
PRR24,3.52022552983561,0.438923446642562,0.507693292164384,0.863455989383144,0.387886807086812,0.604189997956155
C5AR1,25.045570442101,-0.368542951763183,0.286234579078668,-1.28777525030624,0.1978242100415,0.395302573561948
NAPA,38.2074494353653,1.80170422838746,0.172187088865213,10.4510315801963,1.44940033781531e-25,1.166665201495e-23
GLTSCR2,36.9285080674825,-0.299807281507318,0.173964145356748,-1.72321817215799,0.0848490787211038,0.223153467506262
SEPW1,22.7162382584964,0.0189384376759534,0.20169984533236,0.0938720357085479,0.925210807994897,0.961727858801534
CARD8,6.36526858092929,-0.251098233675993,0.327173820085659,-0.767376165317201,0.442857895435879,0.651119984253735
CTC-241F20.3,2.35584168419453,0.0907913834687361,0.474796632292337,0.19104925600646,0.848487003095836,0.922759890141332
EMP3,411.884653269764,0.131426170810594,0.136330797555209,0.964034153138572,0.335028803281664,0.55627240289213
KDELR1,6.15049971040174,-0.0861449089030616,0.343093079635979,-0.250957583497361,0.801846903365415,0.896080377929869
GRWD1,1.04221237438434,0.458591196399798,0.759610167211775,0.60484110167027,0.545284580902285,0.734621357956755
CYTH2,6.90590485699443,0.0785892452863556,0.323435124732879,0.243006425767021,0.808000419594833,0.900667524475223
RPL18,161.883613236943,-0.244730552800545,0.0886608674931394,-2.76028499441048,0.00577509575501775,0.0292257166634515
SPHK2,0.443053056518554,0.467314035074874,0.83792527368295,0.555851347239008,0.578312480333863,NA
BCAT2,0.175023529891335,-0.378561587832756,0.95765054883251,-0.40216905357513,0.687559615555964,NA
PPP1R15A,25.7177477806974,0.250813027969524,0.225274106296071,1.11358320567969,0.265458034538369,0.482999627020639
NUCB1,10.9803907842771,0.833099387164065,0.270947542815953,3.07298944277332,0.00211925985015841,0.0128572930399738
BAX,31.6136245287812,-0.494865844027438,0.177174651422476,-2.79291310826806,0.00522357213234918,0.0269916046441009
FTL,6430.63957808971,-0.222732085352126,0.138577845163453,-1.60727019620678,0.107995109240496,0.261966065071915
RUVBL2,1.59854054682548,0.133875565676186,0.585930238147978,0.228362200838737,0.819364672461525,0.906264583533504
SNRNP70,2.75229246792474,-1.19820387003223,0.511153117611786,-2.33020999151923,0.0197950551574735,0.0763351823380304
CD37,54.3125962941048,-0.0594885855830786,0.184970808722987,-0.321547402008047,0.747795596201468,0.86915839582904
PIH1D1,4.10777245466562,-1.00325540249854,0.388234249793715,-2.57606304676079,0.00999324230105573,0.0453264918655028
ALDH16A1,2.10055698940534,-1.68784448423014,0.597361540614593,-2.7949883919441,0.00519015787731444,0.0268675292290326
FLT3LG,1.32731460189535,0.846622857631948,0.653960377867151,1.28949374884034,0.197226488177625,0.395213667578937
RPL13A,450.935658577212,-0.402359165286466,0.10521412830258,-3.82421104493361,0.000131191505287206,0.00116241775614943
RPS11,92.1156959732841,-0.231770457302161,0.13001782642543,-1.78266659482078,0.0746405922303429,0.203447994304208
FCGRT,26.8367971108788,0.502610350510814,0.197447807839746,2.54546857441052,0.0109131186304366,0.0484980349711862
NOSIP,20.8811847646049,0.166177031048786,0.202926593014425,0.818794692698066,0.41290355948009,0.623680693431835
RRAS,3.60080331407112,-1.31287449667865,0.452363634270716,-2.88537611550221,0.00390946292363164,0.0210779062344857
IRF3,3.99503212652263,-0.991187776145119,0.414718949597093,-2.38371154836157,0.017139030502801,0.068115131657516
BCL2L12,2.11728453171994,-0.929275856188435,0.586532058652837,-1.58205345360491,0.113637368261145,0.27207271035293
PRMT1,4.48608484427297,-0.95465084296853,0.384966403999757,-2.47437088065051,0.013347105726037,0.0568395746827878
AP2A1,2.72847931400034,-1.21137028257432,0.558566557707485,-2.16230777430596,0.0305944608857335,0.10654926505909
MED25,2.40620499467782,1.29000898522847,0.514932700244447,2.48116542344665,0.0130953583611045,0.0559760456497474
PTOV1,1.84900101495024,-1.11001914731845,0.554016831660582,-1.98919619192675,0.0466795520793423,0.146418024222526
PNKP,3.37381884519066,-0.454165185319969,0.530029774667864,-0.858023350788667,0.390879569616407,0.607173526772781
AKT1S1,1.72672160245843,-0.0973509287187469,0.612015783503157,-0.158483468166706,0.874075846523041,0.938599976247307
TBC1D17,1.16300556453146,1.49122386677949,0.715696671843004,2.09520272281554,0.0361529753426045,0.120968532835471
IL4I1,71.3053633657344,3.20789664812543,0.231239127535703,13.8292746946786,1.69723170716574e-43,2.69435533512561e-41
NUP62,9.01724635844346,1.27012243904526,0.296912886948137,4.26769894248566,1.97499616521076e-05,0.000208634068099436
ATF5,30.8416103682836,1.88188484697144,0.235307968229503,7.98574743680749,1.39673394750481e-15,5.78430036955797e-14
VRK3,4.65499449584772,0.429700363661814,0.367956605965303,1.16692742802275,0.243239678270388,0.45532746849501
NR1H2,17.3359219699443,0.159011964439292,0.211086337346922,0.753162350010865,0.451352360848382,0.659424037109879
SPIB,0.0593600042991829,-0.0615940393357492,0.882640363409571,-0.0715574470948853,0.942954105516771,NA
EMC10,4.33046893996543,-0.842206173389753,0.438429027239413,-1.91900760811229,0.0549833710038898,0.16443221626752
JOSD2,10.6500751977541,-0.148766506345817,0.251904478612427,-0.590498403101179,0.554856556048208,0.741235441284598
CLEC11A,0.350402601451891,-0.463990192297605,0.864991437742014,-0.542322808457294,0.587596145750721,NA
C19orf48,0.604650489524838,-0.565149877141256,0.853482695621215,-0.668862933965775,0.503582916560386,NA
KLK1,0.0464271167714418,-0.147465118504535,0.88240235086773,-0.1807592991308,0.856556511361202,NA
SIGLEC9,1.92251250616979,-1.1315223383644,0.57660596599102,-1.94725917645022,0.051503670317934,0.157402928271119
ETFB,8.69263131806234,-0.596534002704438,0.279777608253188,-2.13083614558237,0.0331026434168632,0.113214606300044
NKG7,8.84516424920672,0.30761964429004,0.37854380712791,0.812372447338296,0.416577951172796,0.62733675650923
SIGLEC10,5.08749526980893,-1.54766925762844,0.426544346269546,-3.61000924623738,0.000306186090410056,0.00245947761227723
SIGLEC14,1.94614999499431,0.931662147910898,0.661238588033966,1.40361541427442,0.160433402536105,0.344015099790387
FPR1,18.17567442458,-0.964459060987926,0.382202115437015,-2.52247588666266,0.0116531939328914,0.0509548609995978
FPR2,7.89759421624462,-0.16783818941056,0.417179318398292,-0.40277592731588,0.687113071821172,0.833726370585562
FPR3,10.7216967428528,0.844759303529298,0.331928655713349,2.54590177474226,0.0108995853419101,0.0484980349711862
ZNF350,3.35562695874285,0.318181413516324,0.47997854602497,0.663383505821435,0.507084966946943,0.706482346684978
PPP2R1A,6.55432552988361,-0.761648874508221,0.356849391239919,-2.13277412490283,0.032943259835779,0.112899502628943
ZNF766,1.46156295835802,1.10852572002567,0.619272372305068,1.77382718937328,0.0760917392607989,0.205999189898373
ZNF480,0.636816584255566,-1.05036128510734,0.844951837660022,-1.24831938303186,0.211914118659647,NA
ZNF880,0.401263671351956,0.227870101784164,0.854282499586183,0.265417745712937,0.790687667144477,NA
ZNF701,1.29294181216716,0.425517380293491,0.680394567365465,0.622977602565301,0.533299240227424,0.725840713955639
ZNF83,0.564000772394814,-0.282339458832124,0.85847632977647,-0.336610386508407,0.73641062540201,NA
ZNF600,0.857242366163531,-0.543760043677101,0.732035773279895,-0.746097546431318,0.455608491375639,NA
ZNF816,0.355380306793577,0.352416526213701,0.891090837895919,0.399640996834549,0.689420956052344,NA
ZNF160,0.912328932092862,-0.123851979826861,0.719976887387554,-0.171192512176699,0.864072395002099,NA
ZNF677,0.294780676679785,-0.129817980599807,0.941266340163134,-0.145595430636708,0.884240775370065,NA
ZNF331,1.21375190456282,-0.326693134218016,0.664739322503587,-0.489792655059972,0.624280628696893,0.793472947692137
MYADM,3.31454579120073,0.8252945145043,0.45943649253118,1.79122878332588,0.0732565890586346,0.201182799841469
OSCAR_ENSG00000170909,7.82391750808572,0.0303982375808412,0.344743186049325,0.0881098235146262,0.929789388712579,0.963672495444214
NDUFA3_ENSG00000170906,2.68588234624893,-0.355607781157385,0.505197885845351,-0.704099290347086,0.481370942040306,0.685622372711218
TFPT_ENSG00000105619,1.27045051592317,-1.54105961266617,0.649251468999337,-2.34219607040387,0.0191706407930727,0.0745088821681333
PRPF31_ENSG00000105618,3.12946181702345,-1.32520121500691,0.463952324480429,-2.83586094431038,0.0045702339996938,0.0243419266619292
CNOT3_ENSG00000088038,2.01660323539884,0.353816527082922,0.514944853339839,0.687021461950178,0.492069203985588,0.694192915521509
LENG1_ENSG00000105617,6.0983366265743,-0.0342272417193129,0.352457711678991,-0.0970697829695975,0.922670977209521,0.96101050387323
MBOAT7_ENSG00000125505,17.6975046334661,0.264836108409013,0.222283634877043,1.19125257392073,0.233554446000739,0.442854564994766
TSEN34_ENSG00000170892,9.92519257751093,-0.274677871926658,0.288402064561746,-0.952202238071929,0.340994426192319,0.561096802986751
RPS9_ENSG00000170889,383.685952509703,-0.179401347583667,0.111830290442107,-1.60425352711051,0.108658180338417,0.263127754505954
LILRB3_ENSG00000204577,6.48041137446392,0.515683559145425,0.344914607912451,1.49467384102724,0.134999584517051,0.3070125847652
LILRB2_ENSG00000131042,50.1435860341199,0.957856173162425,0.186127440243269,5.14522570196845,2.67199361050596e-07,3.8757470771679e-06
LILRA3_ENSG00000170866,36.5416843216601,1.11236313650386,0.335820158043846,3.31292665044331,0.000923251895756123,0.00634180839452673
LILRA5_ENSG00000187116,30.1116732832529,1.55011522725808,0.240153747715763,6.45039022333911,1.11562518481388e-10,2.54071494554165e-09
LAIR1_ENSG00000167613,10.9264576143049,0.438989067318387,0.34375514291424,1.2762136229733,0.201880014236456,0.400680055034414
LAIR2_ENSG00000167618,0.0628635903131331,0.0674168058199645,0.882413679742461,0.0835247909725053,0.933434265916411,NA
LILRA2_ENSG00000239998,7.1067904554959,0.565068447520976,0.33259913755474,1.69849554231316,0.0894142733126677,0.23080513639652
LILRB1_ENSG00000104972,21.8188736128852,1.14885549530895,0.236210909825183,4.86067310592925,1.16987295110979e-06,1.52644381634531e-05
LILRB4_ENSG00000186818,34.1060807775927,1.22260968212213,0.20305885985021,6.01805120854368,1.76529354674897e-09,3.60309022131084e-08
KIR2DL3_ENSG00000243772,0,NA,NA,NA,NA,NA
KIR3DL2_ENSG00000240403,0.313360377629574,-0.865088925741399,0.947409518441024,-0.9655920241153,0.334248367934029,NA
CTB-61M7.2_ENSG00000268734,4.24035667188289,-2.63718994454882,0.5362722374842,-4.7931514137488,1.64181614667979e-06,2.07588037129978e-05
TNNT1,0.994262792624411,0.884838318158362,0.853251099220282,1.06726594373491,0.285851762085092,NA
HSPBP1,0.596097593486915,-0.691754221408882,0.839104317244045,-0.816418322113252,0.414260920961647,NA
TMEM150B,1.38478904554127,1.16684762729881,0.668805303093344,1.71970764412535,0.0854855976300859,0.224414419134562
RPL28,297.896241132297,0.640120435675192,0.125805699624067,5.08804214487125,3.61778983800357e-07,5.13043893900506e-06
ISOC2,1.41572644555113,-1.00732442226453,0.683974130295869,-1.4539403514797,0.145962844236446,0.323393996070759
ZNF524,3.38153734670706,-0.935033131196817,0.47977358680418,-1.94089718185241,0.0522707499161303,0.159066738962026
ZNF580,1.50116228226756,-1.09796547614186,0.637188745527135,-1.72238774283249,0.0849993025711658,0.223342995031822
ZNF581,2.33693630004174,-0.442239216903766,0.503324183329194,-0.875754077909494,0.381163739747367,0.597135628469354
U2AF2,2.11695063063805,-0.21211684643567,0.550276485835699,-0.386430407975964,0.699177933469615,0.842107879826944
EPN1,3.22335623514601,-0.447544796164048,0.456251611229022,-0.980474569263134,0.326851916733319,0.548732739997993
ZNF444,0.628302853022963,-0.895502219776162,0.771496529647024,-1.14807997569421,0.250935549773405,NA
ZNF583,0.799462435458229,-1.53266915435372,0.811892593216477,-1.92356105288229,0.0544096268621094,NA
ZNF667-AS1,0.0999891306278179,-0.0492283620591246,0.931673778138264,-0.0573123951629314,0.954296346671497,NA
ZNF264,1.54793809907965,-0.629473772994533,0.625323983044558,-1.00313115145385,0.315797586194766,0.535861996764575
TRAPPC2P1,4.83896065015819,0.291340673012722,0.380178484764241,0.765245883648647,0.44412514199853,0.652319503089592
ZNF134,0.812970740803368,-1.34977594682927,0.794329374535303,-1.70359124088821,0.0884574790066119,NA
ZNF211,1.0019257781136,-0.190297414205511,0.70225881734152,-0.271348535382217,0.786122980349797,NA
ZNF671,0.304154474843469,-0.348998329431732,0.902265750103143,-0.388261980694197,0.697822169652661,NA
ZNF586,0.810497096369148,-1.1015536298294,0.774013203218791,-1.43105030381811,0.152415798637486,NA
CTD-2368P22.1,0.788843977048639,-0.949759072389209,0.850268099652488,-1.16232718823264,0.245102586830924,NA
ZSCAN18,0.232521844728148,-0.0742166832092201,0.955990322376332,-0.0804208408048869,0.93590255202169,NA
ZNF274,3.01584295901231,-0.0731981518800511,0.477710294905516,-0.153254403868793,0.878197656264982,0.940220982681598
AC010642.1,2.73300020783157,-0.287656828882831,0.492789368140318,-0.583461964441213,0.559582354811581,0.743982449546694
A1BG,2.0924055599576,-1.65234673261083,0.581529798539434,-2.80866269606953,0.00497477385892127,0.0259879639887889
RPS5,128.82034346951,-0.282110798431309,0.102717264647482,-2.74645448123785,0.0060243245104377,0.0301479987540731
TRIM28,1.15667953321025,-0.213172824074842,0.659489168502334,-0.32200242857466,0.747450854689006,0.868934425253797
CHMP2A,34.8633156362069,-0.102061770500355,0.170883375700883,-0.597269755635173,0.550327293600022,0.737944740244985
IL17RA,3.58930142976536,-0.294838068947547,0.432222117603085,-0.681759685152491,0.495390920160272,0.696986486636128
CECR5,0.288332642448981,-0.778819763515002,0.928900996270313,-0.879985454994113,0.37886718903998,NA
CECR1,8.4975332232325,2.40754421545499,0.371199909809008,6.40911645581262,1.46365365263045e-10,3.2803061273659e-09
ATP6V1E1,12.3243787187799,0.0252222597966711,0.246531061277166,0.102312866151061,0.918508343188893,0.960335778766667
BCL2L13,6.42483498568323,0.828926662504353,0.371680963105246,2.22739250817825,0.0259210526898591,0.0937630529786729
BID,99.7047405633316,0.14884588960956,0.156482081743774,0.951253739422521,0.341475584302261,0.561430657159788
LINC00528,1.29819824864593,0.795893251703671,0.699069996378305,1.12738649532791,0.259579106320027,0.476395180674038
PEX26,0.775631675681921,-0.638920294263395,0.746544200224829,-0.843715628529824,0.39882833213389,NA
DGCR14,1.63098417624737,0.0873855056342688,0.728254523231579,0.121959808930423,0.902930848419893,0.95260287958643
C22orf39_ENSG00000242259,3.6262273716942,-0.39083649567151,0.505305944228029,-0.774650542937944,0.438546182681157,0.647123709109845
MRPL40,5.20060709001433,-0.0768312079114742,0.387454427644925,-0.198440979283252,0.842700058059016,0.918914488038022
UFD1L,12.7122457684561,-0.675724802053635,0.255261483207062,-2.64634803078979,0.00813660555710841,0.0383985968281376
GNB1L,0.190901725431627,0.324741374863459,0.961614985981873,0.343190874198449,0.731454869587434,NA
TXNRD2,1.50907462476797,-1.37147131765739,0.720992990169078,-1.91980505763523,0.0548825277951749,0.164302591068321
COMT,5.94345717569108,0.453136264468052,0.335957901649013,1.34807399605818,0.17763458419972,0.368888680487428
TANGO2,1.98188869732581,-1.3757126685095,0.596007955007914,-2.29924109401724,0.0214912527015322,0.0812198135218579
TRMT2A,0.872066461384851,-1.18385354202861,0.749071683707852,-1.56812896844378,0.116851037220744,NA
RANBP1,9.02355525435422,-0.955238350236997,0.290168999772576,-3.2883563093504,0.00100774211402105,0.00686441737977393
DGCR6L,3.37451832995741,-0.688837836577421,0.440158050166479,-1.5634674048587,0.117942696601472,0.278875676904184
MED15,2.19487317671519,0.254235848382649,0.56395913026234,0.451943156391989,0.65130993331948,0.810415037866498
SNAP29,13.5856111334303,0.237073434983416,0.241517172651352,0.981825850207375,0.326185650695723,0.548118492715688
THAP7,1.38585138155342,-0.247654701735312,0.645859474611518,-0.383959456923465,0.701008497221841,0.843722339325744
UBE2L3,10.2314067352236,-0.195429106752216,0.265497911541439,-0.736014762359092,0.46172171387308,0.66871251768491
YDJC,2.15427663909302,-0.00604652581075198,0.529388290664574,-0.0114034141679005,0.990901589085058,0.99560523586869
SDF2L1,9.96155507357552,-0.871808432925152,0.313113927068075,-2.78286020288343,0.00538820173645533,0.0276671814230388
YPEL1,0.144352079045713,0.208687393872213,0.948769635251422,0.22381245407876,0.822903238826179,NA
MAPK1,6.43872475383051,-0.742346662567025,0.322008916107063,-2.30264667840467,0.0212987305598246,0.0807176691972133
PPM1F,6.00188025863585,-1.09393387273313,0.443098215861333,-2.47216776729031,0.0134296476150787,0.0570635212789405
IGLL5,0.515302808506879,7.91610022822429,0.782138575301821,0.650240784572836,0.51553670026055,NA
RGL4,1.66850211932112,-0.82756065461343,0.613995348132375,-1.34357597726948,0.179085542035178,0.370823866931536
CHCHD10,5.05559137349946,-0.441766929449849,0.428442962618615,-1.02814114655812,0.303883437927974,0.524560864292757
SMARCB1,4.17243084945327,-1.09597500915274,0.415828638074805,-2.62878022117472,0.00856917223954312,0.0399452033841672
MIF,2.74063234894832,-0.26430434590722,0.487668772047558,-0.542093392725072,0.587754170176695,0.766548398575949
DDT,17.7671961340862,-0.336989243602498,0.270259118130065,-1.24694642810712,0.212417141377107,0.414039550808378
CABIN1,0.871436314528031,0.676251489181639,0.833602252541558,0.832115793725548,0.405343587879567,NA
GUCD1,2.04307290300782,-0.0221995722660133,0.600092065418674,-0.0371035592593715,0.970402434105654,0.983655535813021
SNRPD3,9.79219137588308,-1.30492250018731,0.28958065000963,-4.49789196805808,6.86305531425831e-06,7.92370931737096e-05
ADRBK2,2.1520663202519,0.564301799509776,0.56738770403045,0.990496452271439,0.321931522363503,0.543045646489794
HPS4,0.788350042992277,-1.58225442220715,0.776009588843278,-2.00368963756817,0.0451033169933487,NA
TFIP11,1.84134226439212,-0.426930764501138,0.573049621213804,-0.743571427770582,0.457135794201707,0.664361671247107
TPST2,5.42849611459235,-1.26171216934014,0.362649584443048,-3.46730638059066,0.000525702317725954,0.0039119645127654
MIAT,0.489428835189179,-0.815486709164091,0.84120369757011,-0.967718685289448,0.333184883654625,NA
PITPNB,1.17130314853864,-0.186132787346527,0.655775290705926,-0.282853725055401,0.777288968568598,0.884021185148167
HSCB,1.38664807709472,-0.173790826880626,0.631228693387091,-0.275292604691136,0.783091445657322,0.886394806761183
CCDC117,2.18715482953512,0.162563327256768,0.582323761393999,0.279929185542422,0.779531835169995,0.884898871654356
XBP1,16.7863075104517,0.442420835929973,0.280767301031675,1.57617839846742,0.11498469533784,0.274264413128446
EWSR1,23.2622517777572,0.553012438116978,0.1841420411127,3.0025932873659,0.00267689915885362,0.0155630848077161
AP1B1,1.55326627698734,-0.509879558227979,0.635249700072665,-0.803334809142741,0.421781243689626,0.631511607986956
THOC5,1.67898654109509,-1.30623882233767,0.608230311658331,-2.13099627373685,0.0330894491663834,0.113214606300044
NIPSNAP1,0.0192862052863319,-0.121452525639683,0.882329557226585,-0.139683352219049,0.888910180443706,NA
ZMAT5,2.33249907852066,-1.05485435973393,0.546854235955179,-1.92223915719729,0.0545756718141485,0.163970401042753
UQCR10,38.5664740410685,-0.434766187164399,0.156561783573767,-2.77675534284539,0.00549044898930404,0.028091240800244
ASCC2,3.28660305615824,-0.282207612905066,0.425294580075731,-0.663578929808827,0.506959846546683,0.706480254331698
OSM,10.245662102648,-2.93022543023276,0.518833117424083,-5.57336914388962,2.49859347739458e-08,4.28812664363664e-07
GATSL3,1.46171084598295,-1.68201998012887,0.774771331586855,-2.19570812322406,0.0281128413716895,0.0996843415287342
TBC1D10A,3.21850384517683,-0.790843302337284,0.486024463573831,-1.62518722908238,0.104122670774535,0.255391014367583
SF3A1,0.956390772754352,0.174081295998599,0.701176270126868,0.246880644476095,0.805000596223262,NA
MTFP1,0.325794315469093,-0.688562047213649,0.915224730286516,-0.741493465116168,0.458394292609278,NA
RP4-539M6.22,0,NA,NA,NA,NA,NA
PES1,2.05619458236463,-0.25866768399884,0.513729292199933,-0.503370803001845,0.614703595235391,0.787089211844455
TCN2,5.46603396662716,2.129520249398,0.424250578640473,4.95125047283783,7.37381239002571e-07,9.91560889623457e-06
DUSP18,3.07924453948768,-0.406960158398812,0.465896219395792,-0.873233565407266,0.382535783087422,0.598464823527134
TUG1,1.4200239526026,-0.394974409100703,0.596261284967365,-0.661014485728283,0.50860302385619,0.707390187719184
SELM,2.85757299220906,-1.57394338862143,0.502940444752322,-3.09756241259521,0.0019511930501629,0.0119646655382843
RNF185,1.75231276169857,-0.880241034640579,0.572830261751592,-1.52681580907299,0.126806819320717,0.293638967754416
PIK3IP1,2.05250684239838,-0.630521942301024,0.534047800088535,-1.17737957115125,0.23904404000398,0.449387068625904
DRG1,4.63061420149361,-0.58892084365675,0.39897089151452,-1.47485961176291,0.140250290625772,0.314572374774838
SFI1,0.482904206579644,0.388821901749405,0.879144359915843,0.433147696001706,0.664907474156375,NA
PISD,1.08903714348137,-0.472962673324637,0.691204403702276,-0.676459732532499,0.498748803776194,0.700159521881835
PRR14L,3.14192480180467,-0.136651192959671,0.489024850744583,-0.279689149739773,0.779716003495125,0.884898871654356
YWHAH,36.3515852589884,0.0289306990046534,0.244063120332348,0.118540336602134,0.905639536397078,0.953700009307039
RTCB,35.6361060756039,2.85442212072975,0.21156316076043,13.4302608139793,4.01993198513445e-41,5.46997887977223e-39
FBXO7,18.6480374767452,1.51122170142486,0.276991857414744,5.44742983202531,5.11028646892924e-08,8.4653006289654e-07
HMGXB4,2.75614117028879,-0.532062497754189,0.489221280749256,-1.08686982113357,0.277094345317781,0.495783604893372
TOM1,5.79362372447047,-0.520752317468943,0.351812467549955,-1.47964532596463,0.138967923586721,0.312715745948446
HMOX1,44.848099253265,0.115487580601273,0.176863691738805,0.652977034427469,0.513771084152644,0.711484198453086
MCM5,2.76627869939361,-0.724807360082486,0.524879017769556,-1.37776609361741,0.168275517658141,0.35605130818818
APOL6,13.7699557015598,1.97266043625909,0.282838859194452,6.94505820557243,3.78304315827127e-12,1.0444488719575e-10
APOL3,25.8824792714573,1.70220612321625,0.25875349423488,6.56808414202429,5.09667408044573e-11,1.19866223743816e-09
APOL2,6.39843427221471,1.17251387070266,0.387013844736671,3.02179072507198,0.00251284208644186,0.0147745807860239
APOL1,2.55474368300622,2.24573048330882,0.565485007111913,3.868117600037,0.000109678769685434,0.000999754236771129
MYH9,6.18339507618927,-1.08786018667434,0.370399362226233,-2.93431705220088,0.00334282553159079,0.0185478135078072
TXN2,5.78537144091625,-1.19259946563607,0.454795611841141,-2.61608979525191,0.00889431635682232,0.04115871901153
EIF3D,10.5348657190947,-0.566992463963491,0.291602295931427,-1.94329925780009,0.0519800111402424,0.158519617751593
IFT27,1.19115942064204,-0.691641104100249,0.681642345832769,-1.00823944914852,0.31333952375206,0.532956957810424
NCF4,6.59886388446885,0.373335400019718,0.411379461119482,0.905588406566041,0.365153747403825,0.584072951124399
MPST,1.35696221756613,-1.42743209413113,0.675104485062562,-2.09652013250245,0.0360360759047195,0.12065044369934
KCTD17,0.299698266916566,-0.277116414402103,0.920574228173773,-0.302781939288598,0.762056048104531,NA
IL2RB,0.17554122127076,0.28155903622163,0.967348635703674,0.290683787758288,0.771293171944705,NA
RAC2,12.8253578849801,-0.602539826996409,0.264752326411273,-2.2749886487895,0.0229066107821258,0.0855995809004133
CYTH4,5.57184294546503,-1.89908581761954,0.489258909011958,-3.85487556957412,0.00011578850542805,0.00104870254916214
MFNG,3.67392131835058,-0.636488617150672,0.503615887755554,-1.26332852206201,0.206471140056111,0.407030895281363
LGALS2,3.32924405267429,1.72392582716818,0.65185349517199,2.61026135395795,0.00904730726404956,0.0416525159203376
GGA1,9.13063815851,-0.810898125559987,0.30408025377388,-2.66557831332133,0.00768560288066206,0.036602683719153
SH3BP1,9.89039922511596,0.241545530478332,0.290398188162873,0.831817540833983,0.405511941413087,0.618621994167462
LGALS1,250.56060214451,-0.0636270482006688,0.151639472134014,-0.419602684245385,0.674775727136344,0.825592652662001
NOL12,5.39281280243379,-0.428112443725383,0.349771281936867,-1.2235768133717,0.221111910898694,0.426478086664205
TRIOBP,2.59884004804352,-0.073991693127004,0.542378356184503,-0.13596064331779,0.891852394069228,0.948090854186317
H1F0,2.2782585962141,0.0273978026822484,0.608748394354395,0.0452702813325776,0.963891875204601,0.980490818744594
EIF3L,21.8552817138139,-1.46331826756262,0.261615612538888,-5.58966009270758,2.27514524768445e-08,3.94013790621715e-07
POLR2F,9.59562819027109,-0.605478067828766,0.298158330700734,-2.02995594942471,0.0423610171297491,0.136320129714408
MAFF,2.92755550377027,-0.404962320331161,0.568926409613798,-0.716030577617261,0.473972468256749,0.679396201677282
DDX17,12.7630182072837,-0.376493802856959,0.250570603946379,-1.50255417465941,0.132954047938306,0.303932953586968
TOMM22,5.33170234042567,-1.08074328693826,0.370210984783532,-2.91274278524844,0.00358269573312579,0.0196272483998223
JOSD1,2.03823675884726,-0.74267329641711,0.550043806104299,-1.34689403461513,0.178014363065218,0.369370650639062
GTPBP1,2.53146026407741,0.991163408792193,0.518727499487989,1.9004857481172,0.0573694035245416,0.168829114903582
SUN2,3.44033378063806,-0.21136196668601,0.46827235688468,-0.451692056658231,0.651490841439167,0.810463682809064
CBX6,2.02524791709269,1.18198305678531,0.604757032870366,1.95125770151631,0.0510263980501574,0.156446279429533
APOBEC3A_ENSG00000128383,562.964380975027,4.28320405508832,0.236563241856445,18.0858195233558,4.12194097830136e-73,4.71137853819845e-70
APOBEC3B,15.146108337975,3.81824700942428,0.82241058926053,1.32479133489832,0.185240369591983,0.378665239587986
APOBEC3C,4.44204915121033,0.898933917620427,0.441437962916739,2.03267893082026,0.0420849712722622,0.135768333951315
APOBEC3F,2.82667392807295,2.12596324914918,0.537237118542922,3.86907684364247,0.000109248209424805,0.000998965626980413
APOBEC3G,38.5446629151291,1.99654314090752,0.199315683970933,10.0023262458328,1.4885847575658e-23,1.07686859360614e-21
APOBEC3H,0.740504495336076,1.12411863767038,0.847172448797096,1.37018724280215,0.170628459541346,NA
CBX7,0.575881581169909,0.239552909654349,0.785452392649252,0.306964403986308,0.758870466517645,NA
RPL3,368.999360814962,-0.672428146112166,0.0981081853378404,-6.8539020961471,7.18622729668636e-12,1.88391233947535e-10
SYNGR1,0.337816872494082,-0.774960326860455,0.910525951884456,-0.83469645006632,0.403888640924702,NA
MIEF1,1.13210167092394,-0.988949860970182,0.70740573679184,-1.39217124465776,0.16387054817268,0.349037549396165
ATF4,11.4790123211611,-0.25554316080183,0.274095046763493,-0.932307483555314,0.35117764133987,0.569841061969721
RPS19BP1,19.7135119213005,-0.632095143524172,0.219589463837549,-2.87828677629415,0.00399841476526265,0.0215371728402225
GRAP2,0.59639073219456,1.44702323954636,0.889835241502341,1.66846022081424,0.0952244022718934,NA
TNRC6B,2.93488676449015,0.132774306780509,0.442616725353094,0.299572604963722,0.764503183031547,0.876984281618886
ADSL,4.00768204352904,-0.295526323372221,0.400537322757534,-0.737939760084406,0.460551056297758,0.667355295827
SGSM3,0.894190992092723,0.138630247354693,0.754673753731522,0.182056302084604,0.855538541443549,NA
ST13,27.4485761066329,-0.185602680402865,0.209054001637252,-0.887681271033065,0.374712223186304,0.592006843076
RBX1,61.8023821582102,0.571823533088259,0.159642521155067,3.58137371925109,0.000341792333002924,0.00271279926501739
EP300,2.22138898401459,-0.291275429179155,0.572853018616953,-0.509532889432977,0.610378750842097,0.784201792367186
L3MBTL2,1.1092766069641,-0.542490730175638,0.671300274185801,-0.807782582844342,0.41921575333732,0.629153894517538
RANGAP1,1.19062874739868,0.608344672355956,0.640861092247734,0.947513132192616,0.343377367735369,0.562937939359619
TOB2,1.92197513234328,-0.131722668607812,0.616756646056918,-0.214203940642463,0.830388023214099,0.911226488607637
PHF5A,8.67894322774764,-0.429130278704164,0.358972507255662,-1.19565672736968,0.231830544476563,0.440814777468739
ACO2,4.47859248183771,-0.425454920099721,0.425447677875461,-0.999336941597233,0.317631495688707,0.538015411339942
POLR3H,0.393043035081,-0.49626930385773,0.861488098585798,-0.575089015013286,0.565231096798984,NA
PMM1,1.8802138117348,-2.27621324057881,0.811887286252445,-2.82348397736236,0.00475048003386027,0.0251379568458439
DESI1,17.9596633082636,0.807576906897739,0.219160558804458,3.68276259364583,0.000230720007312217,0.00189721559969687
XRCC6,17.7862420847277,-0.87339286135272,0.268093797357886,-3.25766504314247,0.00112332914504724,0.0075705496037087
NHP2L1,15.5093917737166,-1.06502359067305,0.269156893607582,-3.95445687835072,7.67087046068204e-05,0.000723416248891053
MEI1,1.2929086665556,-1.26803007868977,0.6898283825525,-1.82820833227258,0.0675182909843361,0.189708472455989
CENPM,0.231647550952791,0.725808394628372,0.906088281602223,0.813514474920117,0.415923150655461,NA
NAGA,7.12737785123575,-0.577017338571004,0.356711436525543,-1.61859424379595,0.105534594428851,0.257858147567714
SMDT1_ENSG00000183172,18.1012062503252,-0.576165133037561,0.246451669166989,-2.33718049679912,0.019429800830616,0.075129439612294
NDUFA6_ENSG00000184983,16.8162949136504,-0.0620515433876104,0.236249268294856,-0.262593145012355,0.792864184182565,0.891186645301147
RRP7A,13.7852869287298,-0.259220416302254,0.288400417282642,-0.89875630059189,0.368782481216384,0.587794237609663
POLDIP3,3.6349449202034,0.0465710500592395,0.404823959636024,0.115044654425709,0.908409727878467,0.954447573998201
CYB5R3,11.3818716287142,-0.26043052216545,0.257388747787052,-1.01196643184328,0.311554103788636,0.531502000940911
ARFGAP3,10.0749000698567,0.296426373682447,0.309968290304448,0.95678714288683,0.338674703016571,0.559400557150203
PACSIN2,4.30164843879174,-0.722947187322541,0.382060367049254,-1.89021905246869,0.0587286695897601,0.171449760450417
BIK,0.366511593508264,-0.395330857064973,0.943219534482241,-0.449020093171914,0.653417161932994,NA
MCAT,0.71984991662703,-1.12234117288338,0.800161638523182,-1.39795673245513,0.162126060563097,NA
TSPO,53.274418157527,-0.63826249246557,0.204141224559517,-3.12605114630078,0.0017717073526309,0.0110297467541237
SAMM50,1.59631682810203,-0.983756059130264,0.614362414074026,-1.59420752589349,0.11088956144688,0.267398246273805
PARVB,2.76014032856724,-0.047501463096826,0.497254471394076,-0.0956576313469128,0.923792491814732,0.961477707288507
PARVG,8.39801212590975,-0.669510836421368,0.298757254954731,-2.2386772562041,0.0251769234213996,0.0919400110883699
PRR5,3.41750405166454,4.38267095467874,0.671088818207804,6.40198594283904,1.53368790737888e-10,3.42383843385559e-09
CTA-217C2.1,2.85860586087815,1.02317273741575,0.510994237855287,1.985473187402,0.0470918503542507,0.147549300863236
NUP50,4.00729345935847,0.0423695615837968,0.4234457636675,0.100110039533546,0.920256964980446,0.960596996322055
KIAA0930,1.97314857867278,-1.81459543441503,0.657249376662646,-2.75046530202939,0.00595106937616218,0.0298860821483013
FAM118A,2.88529348157397,-0.167141750027449,0.521636124598483,-0.319769966245068,0.749142716600421,0.869321044620859
ATXN10,4.65602938834803,-0.803946621646114,0.383942596915872,-2.09228333736725,0.0364131773604831,0.121478097723298
TTC38,1.14265920503682,2.27571584076548,0.75104872909831,2.9978573960472,0.00271884860804486,0.0157428771985576
TRMU,0.576742598857212,-0.996658666011489,0.818048686514761,-1.21917076648428,0.222779385000955,NA
CERK,1.80232199766236,-0.575857115160413,0.58638456221295,-0.980098200534871,0.327037647339886,0.548743439385628
CTA-29F11.1,1.54098135172073,-0.701789342493312,0.664539584625001,-1.04814751210378,0.294570648901248,0.513409959887353
TBC1D22A,1.50462815040485,-0.1328833946428,0.627058837258166,-0.212652276353697,0.831598193234463,0.911854120171711
ALG12,0.220851113840861,-1.03711780078498,0.952345045293075,-1.09582942105357,0.273153430581952,NA
CRELD2,3.19398949717855,-0.300505375451325,0.500721623904834,-0.601521937457211,0.547492404848517,0.736003646565232
PIM3,32.3845230363627,0.981354452827414,0.201490427423578,4.86958387305283,1.11833507845212e-06,1.46589104893437e-05
TRABD,4.39057845346958,-0.0858290870108971,0.42707152109185,-0.20112453340477,0.84060119905617,0.917501117762798
SELO,2.43980438488714,1.63369518662801,0.642934622224283,2.5015720940714,0.0123643265599667,0.0534105262964546
PPP6R2,1.64188369538997,0.146718209561618,0.611590453565826,0.239850198112954,0.810446390092396,0.901239482268713
LMF2,3.38057728452186,-0.289458948703031,0.469881936959002,-0.615816555045938,0.538015599831316,0.729999798916423
NCAPH2,0.415230248041044,-0.663082983970797,0.873366289575892,-0.758545400961203,0.448124544376285,NA
SCO2,13.7286724020072,0.897668294160657,0.263782587394922,3.39992987750334,0.000674031364524996,0.00483930810082959
TYMP,461.298986481606,1.11997917174655,0.153156797977322,7.31251314030901,2.62191629166433e-13,8.23310527849541e-12
ODF3B,11.163568393537,0.23021600688421,0.270995035112719,0.849751327532141,0.395463355231837,0.610205766199601
CTA-384D8.35,3.06320338423596,2.53038307351002,0.689418217945772,3.56135969694553,0.000368939241208954,0.00288628843972044
CTA-384D8.34,4.38834531447397,0.365740244878217,0.511567105364788,0.716055189953398,0.473957271261492,0.679396201677282
KLHDC7B,1.78392913017567,1.28866484526596,0.635174352766326,2.00179145482281,0.0453071653788811,0.14289759941518
RABL2B_ENSG00000079974,1.20070306342234,-0.661033368160425,0.652564874814693,-1.00921689343382,0.312870626493583,0.532479865811351
HSPA13,0.690474213426333,-0.675027346781076,0.797695557991007,-0.825115022202989,0.409306291880226,NA
SAMSN1,93.6656294160417,0.402106350851752,0.135286134279576,2.97231219291739,0.00295565974690759,0.0167908503514681
NRIP1,1.05704413312882,-0.0738880722162732,0.713916293328503,-0.104152841976318,0.917048057009487,0.960335778766667
BTG3,9.15081845336649,1.40609082518823,0.345843725020295,4.05626215927936,4.98642891486358e-05,0.000488806882477622
C21orf91,1.24381434286542,1.34737542920916,0.646363231880373,2.05746919442397,0.0396411151978459,0.129678862825237
MIR155HG,1.61943192946395,1.96914192236559,0.716416455407341,2.72453255941484,0.00643925809284102,0.0317792400695911
MRPL39,2.7935935389341,-0.524748878128389,0.501254844291959,-1.04506413485178,0.295993328759144,0.515575091087629
ATP5J,31.6416446299299,-0.436251374760398,0.186510970326073,-2.33852729249058,0.0193599115659114,0.0749098812452156
GABPA,1.48702622900543,0.230775932778994,0.590758703123259,0.390557926689859,0.69612402994525,0.840910765406279
APP,2.40870322680852,0.303635570888723,0.50690182271292,0.598871896508231,0.549258313514624,0.737150653141317
N6AMT1,0.126310826850225,-0.053318509533267,0.971912081109566,-0.0543997451460377,0.956616681899812,NA
LTN1,2.37308245147712,-0.762064968595103,0.569336685284395,-1.33981718775792,0.180304786317121,0.37280819602111
USP16,8.0557018500143,-0.11352102288048,0.311024110000452,-0.36494182484333,0.715154832542484,0.851303867523494
CCT8,17.4178623957634,-0.884828987476848,0.249600685259611,-3.54346911098782,0.00039489956811813,0.00305981640232363
MAP3K7CL,11.9387461848499,0.413677174829868,0.333386985218035,1.24004014786958,0.21496054484313,0.417714897578541
BACH1,8.30410415564914,0.0048357015098527,0.310826330266294,0.0155632748926771,0.987582804522547,0.993743543303303
SOD1,47.9944703309336,-0.555542377322674,0.170897582338444,-3.2503666579542,0.0011525630377826,0.00772203723438167
SCAF4,1.7440694892322,-0.771110822043824,0.566752190510283,-1.35129543843968,0.176600812675665,0.367945185724179
MIS18A,1.0860073436287,-0.324242560785875,0.703226918532513,-0.461699945232416,0.644296510363313,0.804490836077416
C21orf59,3.02634715904107,-0.933595002669705,0.563294340187745,-1.66488344612871,0.0959360114419628,0.242347088704933
OLIG1,2.29513442583149,-0.260917458937765,0.501080759606766,-0.52061889533584,0.60263228374404,0.778490845749817
IFNAR2,3.44889093266451,0.00914828302980913,0.428846094791335,0.0213171190631678,0.982992687904351,0.990444853909267
IL10RB-AS1,6.17065149233711,-1.16375630772176,0.420011908464444,-2.76513666878852,0.00568989513254233,0.028904667273315
IL10RB,16.064684851681,-0.530253673932523,0.263857122899808,-2.00938963585029,0.0444958284965896,0.141117458300782
IFNAR1,10.5521954704145,-1.10601081536107,0.323091883757768,-3.42117779986264,0.000623505554750511,0.00453350412900658
IFNGR2_ENSG00000159128,59.1085303713994,-0.403123064377018,0.202872012282432,-1.98729938954266,0.046889229287266,0.146995033119432
TMEM50B_ENSG00000142188,3.77277490857433,-0.532141611286286,0.432743030721868,-1.22916334081286,0.21901057054503,0.423417462860868
GART_ENSG00000159131,2.59772645650846,1.3887216549316,0.538548193288498,2.55368225583857,0.0106590477665315,0.0479030865948567
SON,18.1910148961542,-0.000408343107385525,0.219895755511827,-0.00185683327949988,0.99851846224565,0.999042894211116
CRYZL1,3.56149144879992,-0.535482431125202,0.424969164025,-1.2587162190218,0.208132851012393,0.408503165979762
ATP5O,31.5323972143406,-0.434742354968545,0.172314588396258,-2.52295365626407,0.0116373736570225,0.0509246481239538
LINC00649,0.194827426557092,0.174873328420391,0.968170756141286,0.180318357120741,0.856902644977791,NA
MRPS6,5.4900427304921,-0.317240411537249,0.350169460995918,-0.905575522528502,0.365160569443128,0.584072951124399
SMIM11,1.96147755716393,-1.13163707990002,0.591474826114349,-1.90448443634128,0.0568471217335222,0.167723954933959
RUNX1,2.31576490873149,-0.221317837298846,0.495131993902435,-0.446900013412066,0.654947254299013,0.813700773547578
SETD4,1.02655007918121,0.368358064718573,0.672133923312264,0.544459626936972,0.58612522357192,0.765472041296508
CBR1,15.4419761295831,2.08340867220626,0.303735985374159,6.82929092764582,8.53353619412728e-12,2.20674929182975e-10
CBR3,0.4858278793114,0.226529082400248,0.848021816587826,0.269794452256036,0.78731839107535,NA
MORC3,6.71828858821584,0.380188490649714,0.371770732471949,1.02332322250922,0.306155047358752,0.526425866254147
PIGP,2.68221187590749,-0.15666989273876,0.51864458903724,-0.302443775855279,0.762313787938683,0.87592292526841
TTC3,2.26238532974804,-0.914285120604541,0.619486725674741,-1.47963728502953,0.138970070615307,0.312715745948446
DSCR3,5.79953787205176,0.042091697972248,0.361616705505873,0.116451706084444,0.907294558571353,0.954033635269959
KCNJ15,0.507420367409072,-0.975813861763041,0.861149696393928,-1.13280115641724,0.257297765727505,NA
ETS2,3.98386287447617,0.0239594619432968,0.423231692844261,0.0566173096579942,0.954850045549115,0.975678170983943
PSMG1,2.34824217292119,1.05822991512469,0.742263405461984,1.43057431928812,0.152552251888897,0.333143339528103
BRWD1,2.74697025690957,-0.268658211574046,0.488171617131887,-0.550747655641484,0.581806671230174,0.761572406340001
HMGN1,27.1295332239059,-1.200803820975,0.238984415993995,-5.02344843427428,5.07518557689442e-07,6.98908086071124e-06
WRB,1.31426518643788,-1.6004356432166,0.703207288131271,-2.25626817558004,0.0240538411891319,0.0885175160308362
MX2,48.40832528196,4.23963057935312,0.299093493848771,13.9897992541003,1.79919062356651e-44,3.02422776873017e-42
MX1,172.052847687005,4.50192950643028,0.29547513736867,15.1632385439714,6.19383826542666e-52,1.41591142747653e-49
ABCG1,3.83853244408601,0.161606159470213,0.409414746132771,0.394914980430215,0.692905633945562,0.838214215220852
SLC37A1,2.9426975546857,1.25539259955278,0.501401145129663,2.48743109453605,0.0128669376469463,0.0552061176068302
NDUFV3,2.06167792790996,-0.928421339456465,0.603050270431461,-1.53446219219519,0.124915987620813,0.290319182290747
PKNOX1,2.03807238957794,-0.44267331878894,0.581065901833234,-0.758375163635189,0.448226421879817,0.656824102831578
U2AF1,39.3219795287011,-0.0769731412381525,0.152702847288318,-0.504049266875182,0.614226756684265,0.786887674165114
RRP1B,0.49644150220703,0.388761122178908,0.824486372182275,0.469781535071173,0.638511107987801,NA
PDXK,10.9985212694969,0.0358566801948088,0.27479520482959,0.130522797985635,0.896152818242746,0.949448688843091
CSTB,111.38485370328,0.491157227668767,0.193390920461216,2.53968857142762,0.011095121568892,0.0491158944742199
RRP1,0.92595907305015,-0.921126236837895,0.778433689321622,-1.19174646745911,0.233360671894007,NA
AGPAT3,4.16042935377649,0.0501349101995066,0.38325125621998,0.13080350584162,0.895930749566922,0.949448688843091
TRAPPC10,1.76424968516178,0.383985189867123,0.551358636432603,0.693510540668455,0.48798921324426,0.690311473685878
PWP2,0.436419494257625,-0.501756903183137,0.888455916713012,-0.583627402040572,0.559471020161813,NA
C21orf33,5.16869214693949,-0.465548875739983,0.395343929738971,-1.17683619480789,0.239260892922647,0.449646827705665
AP001055.6,1.65412147018164,-0.1448577216996,0.604311063055723,-0.240082816476683,0.810266055157779,0.901239482268713
ICOSLG,1.17385943535004,-1.04713948996658,0.720441720563819,-1.45965564450756,0.14438473800464,0.320574505709603
PFKL,7.39379207350294,-0.272871070681839,0.384088707347384,-0.710324630462611,0.477502849354056,0.68231136148099
C21orf2,1.56357248284542,-0.756730220622001,0.638046053534062,-1.18815751564475,0.234771357999477,0.444424746925145
UBE2G2_ENSG00000184787,0.987180412567987,-0.713546751132418,0.678619370134991,-1.0473162444621,0.294953746360877,NA
SUMO3,15.5878317780388,-0.393000928434387,0.246252926333143,-1.59565791631626,0.1105651892389,0.2667286013087
PTTG1IP,12.3390926448797,0.0884949353663816,0.249153313057491,0.35517104612657,0.722461454355118,0.855928296630275
ITGB2,13.912662524009,-0.468884801315862,0.268693629896031,-1.74442858361899,0.0810843844079698,0.215433406272221
FAM207A,1.63235498269702,-0.907231266317623,0.671777854091982,-1.34832364359913,0.177554310767676,0.368888680487428
DIP2A,0.701649850562032,-1.00280019055817,0.794796996353939,-1.27409429496156,0.202630000054296,NA
S100B,0,NA,NA,NA,NA,NA
PRMT2,19.8083043581873,0.333587417383795,0.205730562745522,1.62150324326066,0.104909754983719,0.256660637727721
