gene,baseMean,log2FoldChange,lfcSE,stat,pvalue,padj
NOC2L,5.54007455656892,-0.654045023512472,0.339375156398218,-1.92355115402602,0.0544108687017086,0.285423692185836
HES4,5.86053531446371,1.51455028434863,0.455005593189871,3.30930826732341,0.000935267993416813,0.0135380870415062
ISG15,652.364811508744,4.69470880800338,0.161542544831774,28.9730057488538,1.44020056661573e-184,3.79060789133261e-181
TNFRSF18,42.6465883122393,-0.492684895145374,0.355902940921001,-1.38437695416252,0.166243061775318,0.530365743748652
TNFRSF4,10.931121518113,-0.0930000429448256,0.339047836822012,-0.274447559874403,0.783740698028221,0.945807206423786
SDF4,12.9271731006687,-0.453996013620941,0.243957554018388,-1.86110105731042,0.0627299069439152,0.312699081584062
UBE2J2,7.73260220618793,-0.226649451856986,0.295041047836887,-0.767794901288625,0.442609044155521,0.796074358558884
PUSL1,0.982092861427402,-0.249297524759804,0.607896109322526,-0.416487360808933,0.677053414176505,NA
CPSF3L,5.46410242913549,-0.461585797279709,0.357103923739695,-1.29306545578787,0.19598842139779,0.574753788433407
GLTPD1,2.13361806065521,-0.685442762053427,0.492437131296354,-1.38521913467598,0.165985471500532,0.530365743748652
AURKAIP1,21.2659109140144,0.10449298334246,0.184487548180241,0.566358022873125,0.571150424324342,0.867667104563803
CCNL2,5.12017508995747,-0.308519706012097,0.352300406548218,-0.874819938420046,0.38167188672862,0.751394827043282
RP4-758J18.2,3.71593116964388,-0.530707779357439,0.388017411424116,-1.36578210868083,0.172007363598017,0.539598785446937
MRPL20,16.4899471924467,-0.0298337982324382,0.208814699941492,-0.142880709159257,0.886384394103452,0.972878951326224
SSU72,15.4668667624914,-0.244231107058717,0.268034333099965,-0.910536781185416,0.362539493365802,0.742491576501798
MIB2,3.81610556613923,-1.26258216565784,0.413213716235482,-3.03224583090811,0.00242741427299829,0.030279404580718
CDK11A,3.89975826606778,-0.144782319246757,0.410415591102994,-0.352772348964048,0.724259115034925,0.92245341919764
NADK,1.8091355176277,0.728733500468573,0.547698192701504,1.3273605234745,0.184389451759449,0.560026801719748
GNB1,3.22858957580589,-0.167867140934634,0.427561456878203,-0.393543346576402,0.693918215321189,0.91653641518341
C1orf86,7.09542274795135,-0.435873286729488,0.30577052768102,-1.42603877823363,0.153857148905329,0.510336503993478
SKI,2.13516659552458,-0.841764745657545,0.556967139713415,-1.51763985739037,0.129105213266025,0.465435519091218
RER1,20.9967336025176,0.138602467846807,0.18475986323372,0.750114136254268,0.453185966298957,0.803222534207983
PANK4,1.48405092634993,-0.300726850414266,0.526099517814699,-0.567871825591584,0.570122004209459,NA
RP3-395M20.12,1.42074240992738,0.664366338541471,0.590482055342772,1.14435834644185,0.25247505516312,NA
TNFRSF14,8.70766548487479,0.431311848761734,0.303769648213946,1.4186135930892,0.156011700721253,0.51424270043624
WRAP73,3.39702548700331,-0.703478598904998,0.403862085415958,-1.73682247650427,0.0824185104329945,0.369549436898878
LRRC47,4.17461873673136,-0.39655627185548,0.410560265306371,-0.968333378149874,0.332877900100528,0.714898333711467
CEP104,3.77695502298482,-0.25766139717509,0.380480546133177,-0.676272591461837,0.498867591227787,0.831916756134809
C1orf174,6.13752160660424,0.191671377482293,0.357624636374756,0.535961565588732,0.591985113577784,0.876264899235887
KCNAB2,1.4198293751136,-0.088024473152658,0.546955471262311,-0.161607089464052,0.871615274121134,NA
RPL22,21.2841601054179,-0.52689105377118,0.197083562596701,-2.67285699883776,0.00752083029020308,0.0727550139513979
ICMT,1.14361373632483,0.287274702335846,0.555542685896469,0.510973893395358,0.609369337423579,NA
TNFRSF25,3.89607925353168,0.0132199692407794,0.402048345463862,0.0328975753815815,0.973756266316049,0.99454321103772
NOL9,1.46804078138657,-1.19455035404913,0.587163707432408,-2.03764957219738,0.0415849906825917,NA
ZBTB48,1.29257049606272,-0.400296114289456,0.598924791951169,-0.671441296911415,0.501939444282594,NA
THAP3,3.4038187802467,-0.0389797760027222,0.393705026238252,-0.0990040602261949,0.921135046350784,0.983880196974474
CAMTA1,8.92288317275066,0.434666167852859,0.299752363904084,1.45068516352752,0.146867548635857,0.499748400788074
VAMP3,2.12184547348088,-0.533963400227343,0.511509175147554,-1.04027947707558,0.29821007615661,0.683261421896032
TNFRSF9,2.31725782834624,0.16385369735067,0.487125945120719,0.334478299879585,0.738018663099641,0.928220942965329
PARK7,47.73131291369,-0.524984217072749,0.140032810033211,-3.74849572623805,0.000177898368503856,0.00317707597387288
RERE,1.04607359110179,-0.32058555068584,0.583658987294026,-0.546124421202045,0.584980413872593,NA
ENO1,54.775254528095,-0.377567493535266,0.136501091572638,-2.7661234998148,0.0056727047020717,0.0587817274639871
CA6,0.154845477467652,-0.0426023085657209,0.620768131751097,-0.0766490099232362,0.938902769322216,NA
GPR157,0,NA,NA,NA,NA,NA
SPSB1,1.40995524072469,1.76232251812813,0.569807985176729,2.97167500674022,0.00296180019479827,NA
SLC25A33,2.6650014934679,-0.739813531874951,0.436804732509098,-1.68895872056034,0.0912273409020528,0.388842690290207
PIK3CD,2.47589301566101,-0.34330108628889,0.477986886529859,-0.715573146298941,0.474254959976593,0.8168221086443
CLSTN1,1.74800659087483,-0.449963176900112,0.494629544237808,-0.906656035724233,0.364588719211347,0.742491576501798
CTNNBIP1,4.58039606187846,-1.06334955264039,0.455107414735806,-2.34076076723537,0.0192444940280227,0.145133261552309
LZIC,4.48768996149886,0.0549471434375284,0.35383995910642,0.15516114781424,0.876694276835298,0.970053107996375
UBE4B,2.05364904624308,-0.414847815709826,0.485908102663012,-0.850769866317046,0.394897203902155,0.758892262065204
KIF1B,0.379110655897243,-0.557327234431847,0.667523298825213,-0.842748139109615,0.399369317982572,NA
PGD,1.77013427478793,-0.334020048381203,0.4934332161942,-0.673610730522567,0.5005588292921,0.833051431360612
APITD1,1.49427496343542,-0.198270725650931,0.537803023991888,-0.367422695468711,0.713303745126816,NA
DFFA,3.7085144500273,-0.142181948105853,0.413986875191898,-0.344079055241974,0.730786833814811,0.924948760086839
PEX14,1.77697530773538,-0.365804214023621,0.535096036917898,-0.686579451441993,0.492347781086728,0.829529926508916
TARDBP,4.20792357833664,-0.099748284010388,0.379772306386847,-0.262737207467192,0.79275313656806,0.947331951222146
SRM,11.9567284174531,-1.27239934978278,0.257725737385647,-4.92196445594002,8.56797779794437e-07,2.37378079623048e-05
EXOSC10,1.76629348438403,0.389681165198285,0.525929676122685,0.737127023076631,0.461045107152395,0.809133924304398
UBIAD1,1.42931786288039,-0.244749452598951,0.548540909610245,-0.446345533538183,0.65534766997455,NA
FBXO6,13.061825178206,2.68046797970269,0.316166344252388,8.26298285554302,1.42076652355864e-16,1.0684164257161e-14
MAD2L2,5.51704093701258,-0.265501869896666,0.357416586842457,-0.742241294212043,0.457941153345955,0.807301483996351
AGTRAP,5.02093047393653,0.557824931767689,0.405265075121811,1.36977946080888,0.170755755424167,0.53759467497178
MTHFR,0.827277146499203,-1.48044072523213,0.643253031493257,-2.29836195504023,0.021541196960056,NA
KIAA2013,1.83399235238179,-0.35521856879753,0.547891496027788,-0.648054671060123,0.516949590556253,0.84187135998168
MIIP,3.23856149030978,-0.0965761958652153,0.431214702562484,-0.224009581790497,0.8227498474951,0.954958258736473
TNFRSF1B,10.2141169821419,0.221988138934094,0.293241214323336,0.758282158424873,0.448282085844538,0.798834427855669
PDPN,0,NA,NA,NA,NA,NA
PRDM2,2.07210903670445,-0.675159163656081,0.516090075354526,-1.29385205050871,0.195716529639324,0.574276372364215
TMEM51,0,NA,NA,NA,NA,NA
EFHD2,19.0022236508892,0.231255659118062,0.198717625972941,1.16337030571674,0.244679291910141,0.631059183054867
CASP9,1.18720091000466,-0.663175048298704,0.584262194866947,-1.12188817227938,0.261909990239241,NA
DDI2,2.58345841620327,-0.381464394401988,0.450560525016116,-0.846118268218318,0.397486770603275,0.759911380268678
PLEKHM2,0.479828568724895,0.00964046349836081,0.66031335946425,0.0148061660146548,0.988186820353031,NA
RP11-169K16.9,1.6012589372313,-0.221407634553248,0.580730025195292,-0.388712932687624,0.697488514401664,NA
SPEN,3.36516184141975,0.284640101391272,0.410537651545339,0.691585776742498,0.489197496330917,0.82763814515507
ZBTB17,1.45011884906596,-0.219674707467744,0.559341567941381,-0.395414913449379,0.692536704619025,NA
FBXO42,2.07658857445145,0.0933841609885983,0.491763016421767,0.190414063743336,0.848984678008352,0.960913700132607
SZRD1,6.53178827867825,0.740391260235484,0.326444062308811,2.26179863638645,0.0237098471492145,0.169117392132067
NECAP2,9.083067321672,0.162555407513629,0.279221028424349,0.581784939979269,0.560711549367137,0.861022635900994
CROCCP2,1.69771691086388,-0.544107486943811,0.556129565785633,-0.970610250922204,0.331742399348139,0.714898333711467
SDHB,10.1309266115327,-0.0339684039102932,0.248417803216583,-0.136673052388849,0.891289230695926,0.974604592933809
RCC2,1.12258728455008,-1.27637312507442,0.575181771704864,-2.1677029285737,0.03018129651524,NA
ARHGEF10L,0.218018191772169,0.117893262433539,0.610031256779587,0.201767707173254,0.840098328247584,NA
UBR4,1.43493932334832,0.477055451335486,0.580181774189216,0.814188578056683,0.41553692777699,NA
EMC1,1.01969096820797,-0.868656619225795,0.615335385428077,-1.43195855264206,0.152155683441169,NA
MRTO4,2.5061649495913,-0.00191258394737104,0.571772108231607,-0.00345266832793974,0.997245174720906,0.998757937632699
AKR7A2,9.94286119870983,-0.774828440227695,0.268764159603506,-2.87928900605118,0.00398572898572108,0.0447353462277948
CAPZB,28.0279834785519,-0.17342279050824,0.185570969742385,-0.934856447906394,0.349862284343306,0.72991339016124
MINOS1,18.4926105427436,-0.10360696579382,0.217576809934955,-0.476207930688519,0.633926250023916,0.892211981511767
MUL1,2.76827037259047,0.0468220622265742,0.451199192562588,0.103979968188802,0.917185245457571,0.982698068661394
CDA,0.621475185736308,-0.293189128192024,0.64486678315242,-0.460709895426574,0.645006754579056,NA
DDOST,17.4290268849667,-0.208496506168664,0.206493031574785,-1.00958822628702,0.312692612756422,0.700816520341834
HP1BP3,16.634415817453,-0.318946451748019,0.209405036867249,-1.52336548227905,0.127667292799696,0.463476296067311
ECE1,2.4480806003979,0.811009014786778,0.489770372090878,1.65191745955953,0.0985513783264271,0.406019259708009
USP48,3.34531662025603,-0.0499309872011142,0.414885752852112,-0.120451693913519,0.904125343626305,0.978611663245645
CDC42,16.7440761636817,0.173647393154105,0.216910529593231,0.800301561780674,0.423536098442278,0.78001704816056
C1QA,0.0399585772398783,0.00708335167592633,0.490601629230456,0.0144345705803501,0.988483278924753,NA
C1QB,0,NA,NA,NA,NA,NA
KDM1A,1.01835177312622,-0.56597985326106,0.642034697676115,-0.882773444900501,0.377358690849304,NA
LUZP1,6.87746807425022,0.133302113495424,0.336804641999099,0.395937700197307,0.692150988212613,0.91653641518341
HNRNPR,19.0844499213527,-0.00417657031617949,0.200387301812024,-0.0208424797509815,0.983371311148472,0.996432450796065
ID3,4.78185801641641,-0.469751552336793,0.356620851294729,-1.31697878262871,0.187845736668721,0.564394953095974
RPL11,384.569956909677,-0.0530002210321665,0.115176775833351,-0.460150543648012,0.645408166935209,0.897814805185654
TCEB3,2.25375972842035,0.135497188821933,0.489999287427219,0.27518086485772,0.783177287303035,0.945484006925204
PITHD1,8.38334134600026,-0.0577378472947647,0.285394248326716,-0.202431423020066,0.839579464858524,0.95986749419997
LYPLA2,4.00520402893709,-0.167471765655288,0.381225602360464,-0.439762199333271,0.660109348163352,0.904193496937779
HMGCL,3.80520516366606,-0.492617946805821,0.419793349359515,-1.17612370155765,0.239545447923638,0.624881487018428
FUCA1,2.52089099045405,-0.416400148784068,0.476991886205667,-0.872940188757372,0.38269567940292,0.751430869465124
PNRC2_ENSG00000189266,4.83978152075133,-0.228471372059101,0.424679196645732,-0.539877560067175,0.589281474208563,0.876264899235887
SRSF10_ENSG00000188529,3.17505769484239,-0.270364117023006,0.421647422744507,-0.641120399454921,0.521444461460004,0.845099644435179
NIPAL3,4.1425098134091,0.0649353379003901,0.430948380983924,0.151417253007898,0.879646580441828,0.97090195158043
RCAN3,1.60544517862872,0.401230487993938,0.563554248787235,0.715108664054716,0.474541900703971,NA
SRRM1,17.9900665135867,-0.193232020832659,0.193267874793179,-0.999686955173276,0.317462026942393,0.704241805881064
CLIC4,0.533948555440927,-0.688458009229149,0.667011603047034,-1.12440039245539,0.260843205646149,NA
RUNX3,9.00934470121481,0.109558355899424,0.302036608826911,0.36287779333666,0.71669617603083,0.920593923086896
SYF2,33.7919162953151,-0.119768405614369,0.151516045686791,-0.790391015017459,0.429299447873314,0.783304087904722
C1orf63,24.4486455370836,0.200524284428302,0.180565374421295,1.11035177558566,0.266847470237616,0.655462541760462
TMEM50A,54.3416790803514,0.340040405197969,0.126667214988225,2.6841482744778,0.00727148493644055,0.0709829272268648
TMEM57,2.74750461143369,-0.0842249272987458,0.428099933899443,-0.19679767423606,0.843985871217867,0.960103014586259
LDLRAP1,1.03743936911297,-1.18428707498624,0.620193759517332,-1.91936248801167,0.0549384748353593,NA
RP1-187B23.1,0.440408855189374,0.389491999863953,0.662355472554331,0.597752043074158,0.550005394131754,NA
MTFR1L,2.40500711850401,-0.790238289484514,0.494728767557648,-1.58611122046237,0.112714082004392,0.436780969882173
STMN1,5.20675556052888,0.118470337472701,0.430475809071632,0.273822356915741,0.784221141691484,0.946079546768614
ZNF593,2.57692446914763,-0.68762049500869,0.440865762054769,-1.55587413573478,0.119738024801365,0.45150572574693
SH3BGRL3,153.947068282575,-0.427808800863255,0.125703414227637,-3.40305581965044,0.000666366650861283,0.0101380174859358
UBXN11,1.02278250127016,-0.866224126581135,0.610594408597369,-1.40347166320104,0.160476236209817,NA
CD52,31.2493939872161,-0.380637537925481,0.424622927502186,-0.894196323702444,0.371216858878297,0.743990172346575
ZNF683,2.39343190401003,-0.236920746114159,0.576906504592155,-0.403994764488608,0.686216569149657,0.914260698558287
DHDDS,2.28565939961823,-0.224963482039529,0.534014242936125,-0.426544213182965,0.669711338201481,0.908251025904242
HMGN2,4.54577986105382,0.000691276874576751,0.347467012346129,0.00198898687900504,0.99841301912397,0.998932830140646
RPS6KA1,2.57954615673979,-0.723192015220593,0.493980927234088,-1.4561450304238,0.145352531547258,0.496841380561537
ARID1A,1.57693033081559,-0.0410669629568688,0.536527449383656,-0.0762398775570876,0.939228257291823,NA
PIGV,2.12089631471824,0.674592686117556,0.494803682253673,1.35884000794649,0.174197292513,0.543125234281046
GPN2,2.32419549510762,-0.151738520751952,0.460988438999559,-0.329669261828151,0.741649881962622,0.929092093919858
GPATCH3,1.89794689609474,0.202182974658789,0.492217538241284,0.409550055397661,0.68213604083843,0.913033664559176
NUDC,21.9120422320981,0.229968307502988,0.187330555072148,1.22763810395136,0.21958285119927,0.601416866095245
TMEM222,3.42413202648921,-0.16808564204688,0.426676403985271,-0.3949285216668,0.692895640128138,0.91653641518341
SYTL1,2.01233594626209,-0.48231309138193,0.478052474207904,-1.00567642141355,0.314571248939492,0.7028303657143
WASF2,15.2182887898713,-0.0145579639408638,0.22646402248061,-0.0643106538785791,0.94872287044883,0.987648233164879
FGR,4.17665302856681,-1.72766952055358,0.451548163429963,-3.77202080836796,0.000161930748058254,0.00293932226820224
IFI6,240.121431877067,5.03308982621082,0.290018217279564,17.1480902109523,6.49522161954753e-66,3.10825878229984e-63
STX12,1.77779454267176,-0.455565923154245,0.499145294740645,-0.912850057716282,0.361321406974797,0.742491576501798
PPP1R8,4.44328652512671,0.164418602658223,0.36608473917536,0.448397975028321,0.6538660029542,0.901783132114469
THEMIS2,14.159029061337,1.16058398915466,0.248263268290638,4.65949087582598,3.16992446288288e-06,8.06110259546641e-05
RPA2,19.1091201920913,0.152119016632265,0.204595057275206,0.743613351509622,0.457110423473997,0.80637710092732
XKR8,1.77424879250802,-0.152267566117493,0.495747123002049,-0.306643363442159,0.759114843429179,0.934295191912836
PTAFR,0.160721890801264,0.120288885401288,0.62347255831844,0.204365540191206,0.838067856825331,NA
DNAJC8,24.9074836270767,0.113866661503503,0.183154056730697,0.621717091254539,0.534127911230607,0.85016340257905
ATPIF1,19.7582818332991,-0.481236444871768,0.202898357610687,-2.37097179733455,0.0177413847821959,0.135939810034176
SESN2,1.08556305330462,-0.848295078447538,0.612402779776678,-1.39931158415721,0.161719567343673,NA
MED18,1.71582642569753,0.342106731390878,0.530906766179104,0.641371566970117,0.521281301585049,0.845099644435179
PHACTR4,2.35437058081837,1.17234185209943,0.531618004816165,2.18597644951897,0.0288173283551272,0.192018248685304
RCC1,0.687311894735997,-0.516693190728448,0.631491954595767,-0.818977551483747,0.412799221483311,NA
TRNAU1AP,3.73119585733726,0.189609712386264,0.40905822542281,0.463050832182741,0.643327931659196,0.896842752185913
SNHG12,1.79031371911396,-0.267258365327954,0.523507699602897,-0.511851942284997,0.608754634369436,0.879145238771114
TAF12,10.3559152240619,0.234192376104175,0.248860232022761,0.940725507057591,0.346845544109262,0.72991339016124
GMEB1,3.59358420390952,-0.262060378389657,0.474029807946943,-0.558268052884063,0.576661356720647,0.868555268870245
YTHDF2,14.4889455449511,-0.0540285262005278,0.24760489447875,-0.218366989392176,0.827143183558413,0.956224092471219
EPB41,5.38487802659462,-0.417356555103011,0.336694147808017,-1.23980085727238,0.215049061072997,0.595172585430209
SRSF4,12.1152074650433,-0.188333402810949,0.243741019550226,-0.772842742677635,0.439615454035713,0.79359936558436
LAPTM5,50.0265994569899,-0.317221363198411,0.15240882783663,-2.08138721688306,0.037398477783328,0.227590274047906
PUM1,3.30682585365873,-0.163931213052808,0.412557266620618,-0.397899648273211,0.690704159319619,0.916386366490548
SNRNP40,9.95682824080887,-0.252495765530665,0.267637972295302,-0.942858072502277,0.345753503103823,0.729263509323934
ZCCHC17,5.44936732140264,-0.464146629591966,0.328767271084149,-1.41101465509441,0.158240292851924,0.51705580482466
SERINC2_ENSG00000168528,0,NA,NA,NA,NA,NA
PEF1,9.19699105329271,0.359348054052433,0.270594291925653,1.32777884272168,0.184251178355748,0.559987415048878
PTP4A2,14.1347900952381,-0.241398311221806,0.232164863779472,-1.04004124889462,0.298320737083679,0.683261421896032
KHDRBS1,13.4563652185559,0.10877167377159,0.249193969632093,0.436192971274054,0.66269672712206,0.905851875245527
TMEM39B,1.33163773646709,0.0252487245522411,0.565881261441981,0.0446411679736215,0.964393328053925,NA
KPNA6,1.9248373904504,0.205562119998385,0.506313199354382,0.406140699912645,0.684639222490768,0.913172088931432
CCDC28B,3.40064650726949,-0.340349225675895,0.430829053997405,-0.787118676818037,0.431212397102784,0.785705108462809
TMEM234,1.26749920351454,-0.116342742284262,0.562584372613283,-0.20596527469842,0.836818036494695,NA
EIF3I,20.6618874348967,-0.215489003750061,0.194526659965646,-1.10770666203893,0.267988521278687,0.656135616749307
LCK,18.566934628705,-0.60411727080667,0.266081671850813,-2.2684083884004,0.0233043269760754,0.167358768352061
HDAC1,8.72022452385671,-0.826392622398358,0.282576819713446,-2.92053809828544,0.00349427470110119,0.0402491510428811
MARCKSL1,8.47037051149694,-0.268322026711427,0.296385172443626,-0.904974236281479,0.365479036311837,0.742491576501798
BSDC1,4.04320459876993,-0.0815808564229336,0.3882249290831,-0.209998972027701,0.833668475350883,0.958381929296145
ZBTB8OS,8.21281936307883,0.149281566458016,0.316936235597575,0.470461876148855,0.638025065676435,0.89377494582848
RBBP4,9.25011322587693,0.00767722192787288,0.276218609281455,0.0277862787935958,0.977832609674896,0.994844175048461
YARS,10.9542111082566,-0.0842026936680522,0.263960176553679,-0.319006600359163,0.749721507713189,0.931445366203028
S100PBP,2.45400332653314,0.0602722076690504,0.471788102624923,0.127888341873649,0.898237337121286,0.976805395072154
RNF19B,0.181311946864751,0.444159875631382,0.630270398146626,0.697654808238714,0.485393096625117,NA
AK2,5.86855228285125,0.410939296146076,0.332553013816337,1.23399981345811,0.217202973754158,0.598615944419836
SMIM12,9.5453281024094,0.0187267891136932,0.260056852908868,0.0719901979562318,0.942609708509355,0.987648233164879
SFPQ,8.37876200543086,-0.284726693393446,0.280025509414411,-1.01664842076707,0.309320710909856,0.695542170965177
ZMYM4,2.02263436018587,0.210414737236075,0.551986426301727,0.386050123049724,0.699459547838409,0.917214265271815
KIAA0319L,1.27179450863877,0.317836305670083,0.563794507683754,0.557957012977794,0.576873738407338,NA
PSMB2,26.9130364435501,0.263252751122026,0.178016457786422,1.47885280567867,0.13917965909259,0.485945869768754
C1orf216,1.493912657613,-0.463155379599911,0.537838363666797,-0.863099619880749,0.388082696931174,NA
AGO3,2.45620111778593,0.270751634490338,0.460720732025882,0.587028250742315,0.557184733361375,0.859346358577324
ADPRHL2,6.27891668449007,0.0646804331068817,0.332734589206045,0.19453469738068,0.845757230048904,0.960714774054481
TRAPPC3,14.9733990610906,0.115088871364976,0.233097061519228,0.493789722322982,0.621454692338458,0.884288125963148
MAP7D1,7.62455889856184,-0.335041360804681,0.310711992736057,-1.0784494782304,0.280833216525196,0.669109030235923
THRAP3,22.5353788236148,0.0780085307418825,0.182579979220341,0.427215705486033,0.669222223054696,0.908251025904242
STK40,1.07987339484189,-0.44160674919198,0.604907429861326,-0.73611585962169,0.461660191824404,NA
LSM10,11.3047441639357,-0.0536778421964305,0.248319767626246,-0.216248755145415,0.828793851390445,0.956224092471219
MRPS15,8.43026031725788,-0.153002413759868,0.279363531695165,-0.547859494893439,0.583788383147629,0.873549508310047
CSF3R,0.344616547971132,0.249004303934069,0.668460193708371,0.38149909703636,0.702832941101576,NA
ZC3H12A,5.10576606530425,0.129024533306484,0.357011595967075,0.361448463361622,0.717764224682151,0.920598036583438
MEAF6,16.8523646649291,-0.611874175712014,0.202179572148569,-3.02492815502954,0.00248692195109335,0.0308753706381024
GNL2,4.31724531225903,0.178939345525675,0.380535575963515,0.470008707757852,0.638348796314581,0.893926061133268
C1orf109,0.997119050817999,-0.552278001882332,0.602103706427021,-0.915585236230156,0.359884477759741,NA
YRDC,1.6625679152889,-0.202977165864505,0.545684331483976,-0.369913761910348,0.711446747134704,0.919123640580385
C1orf122,4.87315777601148,0.278590576472545,0.355267766150174,0.784077593684253,0.432994581908792,0.786663144975976
MTF1,0.632266793307429,-0.397507427498792,0.625869394225472,-0.627882134240321,0.530081155471327,NA
SF3A3,8.71422492216759,-0.0510096206747659,0.307652640314582,-0.166015470918686,0.868144775090144,0.967413325623816
FHL3,6.15606858886019,0.265049912547458,0.335143187370469,0.789917375802349,0.42957602305806,0.783537139770488
UTP11L,4.92928824769636,-0.506554898357699,0.37573629779842,-1.34788136405303,0.17769654292211,0.548220338448973
RRAGC,8.33072839142513,0.589354505383443,0.302313694709552,1.94939596691131,0.051248155804095,0.274995200971209
MYCBP,2.18074697910182,0.205160456559268,0.461360900109051,0.44317626968814,0.657638241861749,0.903311659041397
AKIRIN1,7.21795472689444,0.350317504968018,0.318178333389294,1.09997206198139,0.271344294796164,0.657765547730962
NDUFS5,38.9625170036525,-0.150312432436015,0.16501609815353,-0.910923449357279,0.362335709314108,0.742491576501798
MACF1,1.59562453747867,-0.387130963656897,0.552305912856773,-0.6922919068191,0.488754031534818,NA
PABPC4,1.75445738169877,0.229818839568846,0.503863006278589,0.452909676699308,0.65061378266477,0.900323594097621
PPIE,8.67945963540337,-0.572841513989396,0.291296908899116,-1.96354430652304,0.049582961509983,0.268268949753439
TRIT1,0.51851984383083,0.102064947962134,0.654807535844313,0.157948010156441,0.874497766218268,NA
CAP1,30.0592357996427,0.388246419462713,0.17631111859791,2.20195662509614,0.0276683725123876,0.186839519159234
PPT1,5.63274674792665,-1.01417208197643,0.33539551903688,-3.01445105274582,0.00257444748325571,0.0318868036514307
RLF,1.76287867470541,0.17677994379671,0.508227067411492,0.345234837817635,0.729917830151229,0.924948760086839
ZMPSTE24,3.67757109514898,0.00626907887283554,0.380901889209134,0.0164598743301324,0.986867513393789,0.997287500576868
SMAP2,2.98910757440063,-0.11685424826459,0.449969167311783,-0.260061949323033,0.794815988334092,0.947331951222146
NFYC,3.79079063167445,-0.728205399552366,0.394389760112401,-1.84459411927386,0.0650966031025126,0.318517639531323
CTPS1,0.781534769647248,0.490456555337411,0.650765252607992,0.763334178417743,0.445264123670577,NA
PPCS,12.4527851970966,0.0941458747170516,0.227578693796671,0.413506083442199,0.679235866265943,0.91211673469998
PPIH,3.55314540681661,0.221226655012892,0.417724699405256,0.52819556062678,0.597363610310525,0.877221636230693
YBX1,84.8155339255955,-0.376718297474096,0.112141830001228,-3.35934180143502,0.000781283692631926,0.0117170295100127
C1orf50,3.62489088041336,-0.0256926152511922,0.440668036017271,-0.0583584505172603,0.953463110020145,0.988582238095375
CCDC23,5.86130322706181,-0.0709774565894974,0.316737243458825,-0.223958259073582,0.822789782678625,0.954958258736473
EBNA1BP2,4.2794839766762,0.165656265510149,0.386856368089937,0.428758069626569,0.6680992961617,0.908146716602744
ELOVL1,4.13515551831264,-0.196596015004388,0.377682027194538,-0.52056564004854,0.602669390445452,0.877505019104904
MED8,6.69041031213074,-0.253540984938739,0.330215311380327,-0.768585937394873,0.442139156333558,0.795971449705831
DPH2,1.54095140938562,-0.192370123055381,0.597482087588892,-0.330849959510098,0.740757821700251,NA
ATP6V0B,31.3321129099078,-0.235174876939457,0.166945713415922,-1.4086660993866,0.158933923599893,0.517395283753764
DMAP1,3.15270180432918,0.31207349417977,0.409213259822286,0.76048529457015,0.446964556063265,0.798378494440796
ERI3,3.28315539700915,-0.661083021739896,0.412221111427985,-1.59921556831523,0.109772712266615,0.432841616008585
C1orf228,0.212497031062519,0.04300147439674,0.655447018404378,0.0731882514231393,0.941656315321237,NA
RPS8,185.239176267511,-0.19685225490375,0.12970455527037,-1.51777378363174,0.129071436240179,0.465435519091218
PLK3,0.6787831950182,0.231857834004788,0.63951271820771,0.357619289270685,0.720628241007185,NA
EIF2B3,1.26680846769206,-0.0344090760056007,0.58401234734359,-0.058554831671586,0.953306688018757,NA
UROD,7.30526114646894,-0.131948260418176,0.323064360095924,-0.408835976922254,0.682660035781301,0.913085437061073
MUTYH,1.55685115163636,-0.688835523111192,0.584007568470865,-1.19048960521029,0.233854013181873,NA
TOE1,1.33960387553423,0.285943178821462,0.537184753634622,0.528547342771473,0.597119496995086,NA
PRDX1,10.2576287884813,-0.464756777191939,0.246337093517278,-1.88636435246336,0.0592458728354179,0.301449064754804
AKR1A1,6.41853800068226,-0.386080655769529,0.335232520327004,-1.15118547166079,0.249655940839133,0.637888375915282
NASP,6.14882100192756,0.22345091958531,0.333722957237195,0.669493889921673,0.50318047704054,0.834621509030279
GPBP1L1,3.17549438135541,-0.597869054572849,0.429894590970057,-1.38894617044576,0.16484911935724,0.529448300363948
TMEM69,2.02794428951326,-0.161024548299808,0.515269009093607,-0.313332644140085,0.754027951453756,0.932921449076858
LRRC41,3.48714822286618,-0.205095655167053,0.413591984606623,-0.495206349474268,0.620454469082441,0.884288125963148
UQCRH,29.3564818760309,-0.310528154564759,0.152296006163592,-2.03888741387151,0.0414612653337231,0.242643649396768
MKNK1,1.90516017421744,-0.00361876606989138,0.505647054380904,-0.00716877850232335,0.994280191304705,0.998279102354645
MOB3C,1.05267339721398,0.725265883060355,0.582297564104066,1.22510978305834,0.220533859641463,NA
ATPAF1,2.91802466123864,-0.210311174520052,0.423142440906968,-0.49789259860105,0.618559744337518,0.883963446747308
EFCAB14,4.10700926215103,-0.0585719199431759,0.388473323920258,-0.151089563165238,0.879905065374736,0.97090195158043
CMPK1,13.605130504499,-0.167472369418788,0.238309686003961,-0.702642242927117,0.482278729918471,0.823456125297058
FAF1,1.99583387489652,0.156911494893777,0.483009941853301,0.324103402551415,0.745859750990913,0.929591366361252
RNF11,4.51627699086631,-0.0102086662951359,0.376461432265051,-0.027122469570887,0.978362053225598,0.994844175048461
EPS15,2.90647303256199,0.14863042665995,0.437517795817486,0.338722506130283,0.734818784460097,0.927613149581422
OSBPL9,2.81405817818084,-0.00868266149329655,0.481451240356754,-0.0181223450856016,0.985541252077187,0.997107385615932
NRD1,8.13034086436923,0.791199888312273,0.281292197523645,2.8054731935478,0.00502427603225612,0.0533221553100731
TXNDC12,9.50923401204503,0.124782487731711,0.277348662089521,0.449842077205948,0.652824315472079,0.901486672782011
KTI12,2.83108638923802,-0.0913267008649029,0.445238076900444,-0.205272158879669,0.837359494879445,0.959060926698885
BTF3L4,7.48523246468314,-0.639312682429395,0.325504551369334,-1.96546009654939,0.0493610097640387,0.267872531338041
CC2D1B,0.990721761914617,0.330429403672285,0.613627177116545,0.545973152331086,0.585084392239159,NA
PRPF38A,11.6318036791035,0.209309079302715,0.240693873696789,0.869689993241084,0.384469842293689,0.751801355807569
ZCCHC11,6.82348463229835,-0.264236832790954,0.295564310458812,-0.893883695528911,0.371384122211752,0.743990172346575
GPX7,5.44432114044991,-0.436658872656095,0.372754169770908,-1.17431087656523,0.240270528318457,0.625994977863386
FAM159A,3.47752712077719,-1.14316444832188,0.445419375013693,-2.55631954392923,0.0105785924561303,0.0935894297295295
SCP2,11.8621555520016,-0.0474667901979111,0.278870703467532,-0.17006493242185,0.864959071605925,0.966292154791287
CPT2,1.42086358616667,-0.7018350803807,0.549265338863724,-1.26759997406724,0.204940841210151,NA
C1orf123,4.97137158344675,-0.495321727499948,0.350933954335952,-1.40919526835772,0.15877743649342,0.517395283753764
MAGOH,24.8623984967128,-0.315283805954249,0.206276683361942,-1.52908314835762,0.126243832381019,0.461491342815057
YIPF1,1.04231718178826,0.021581690086633,0.559645756533881,0.0381050818664153,0.969603899511059,NA
HSPB11,6.11173113884046,0.450927679187058,0.341521581809426,1.31751298121965,0.187666732702661,0.564394953095974
LRRC42,1.43475993465424,0.726490727312119,0.592298831914432,1.22488448558972,0.220618746667808,NA
TMEM59,72.3480351656802,0.176243472509808,0.116545676418018,1.51218383131234,0.130487103097856,0.468756530487336
MRPL37,4.18618417830882,-0.407692804344541,0.388347214049705,-1.0512202653606,0.29315743773155,0.678711140652163
SSBP3,1.7468940031657,0.660716850296857,0.568408361644526,1.16176014965006,0.245332905359132,0.631400935667467
OMA1,2.16730361588487,0.124934863691844,0.47805644422009,0.26054674379245,0.794442063616037,0.947331951222146
JUN,22.7760191522738,0.0794526605486824,0.187414741760959,0.423819065160459,0.671697772908819,0.908251025904242
TM2D1,6.80724186792546,0.281900328911842,0.322750098921173,0.87289773822858,0.382718819207079,0.751430869465124
L1TD1,0,NA,NA,NA,NA,NA
USP1,6.77490022409412,0.281805286276978,0.322653889443818,0.872527702680301,0.382920562079393,0.751430869465124
ATG4C,1.06968608959652,-0.327324681017919,0.589071184443821,-0.555864909280474,0.578303208378056,NA
PGM1,3.70197271801913,-0.478009348597952,0.394457650535696,-1.21144323182673,0.225725578986552,0.609968915700826
JAK1,64.736022053228,0.104739813712551,0.128400958977427,0.815766733989519,0.414633562816798,0.773168428452837
AK4,0.0796045426007541,0.0759506479647329,0.526367004784245,0.152589034868804,0.878722372639279,NA
LEPROT,4.80387969159619,0.000959175094739581,0.350610131640665,0.00274567710833543,0.997809269378869,0.998757937632699
PDE4B,7.53304578239769,0.027709024317956,0.38057618556902,0.0728807701345039,0.941900996452789,0.987648233164879
MIER1,5.06045130729796,0.836548051365326,0.356278765154533,2.33654867366036,0.0194626639220772,0.146150446342103
SERBP1,29.5077487625411,-0.0966358897299526,0.161683289196825,-0.597713014901566,0.55003143977006,0.853145895522196
GADD45A,2.34475418473191,0.319393870262103,0.45752297763333,0.696704559927345,0.485987704528791,0.825568711766102
SRSF11,16.5622493257705,-0.350600792526803,0.256367475103598,-1.36738034183007,0.1715061207885,0.538668388920444
ANKRD13C,1.89203358672049,0.256836436557057,0.533764964780587,0.482156680415342,0.629694647629422,0.891136772378232
ZRANB2,10.8474878277111,0.0253887943042612,0.292993739587202,0.0866175707570391,0.930975498948004,0.986912373979277
TYW3,3.12858432331018,-0.0496526044537694,0.426678924393722,-0.116320058581724,0.907398889069429,0.979036531336478
ACADM,7.51763171397553,-0.158308419319369,0.310687875650846,-0.509517816627282,0.610389313160263,0.880203111070734
RABGGTB,5.50685732082067,-0.1437685738126,0.335339377294539,-0.428325794401669,0.668413941793552,0.90816255561168
PIGK,3.53602051491193,-0.0930926376220148,0.398478662680872,-0.233736270144545,0.815189728064071,0.95063330273134
USP33,3.74560301593435,0.140339791602249,0.382591484762472,0.366315655128155,0.714129549146159,0.919307113353978
NEXN,4.96706117877894,3.46372689900435,0.51277851463583,6.04483886550392,1.495593984911e-09,6.10295095858256e-08
FUBP1,8.58785685554664,0.435476211499708,0.285702521157972,1.52390491115322,0.127532466470955,0.463314052145152
DNAJB4,1.88570337263136,0.312267070630975,0.538048100107874,0.582333020196151,0.56034238795918,0.861022635900994
IFI44L,54.1334172791132,3.27238134104078,0.561508466167823,5.82100348133498,5.84953510580041e-09,2.19942519978095e-07
IFI44,28.1412302840633,3.73231150092774,0.284896819494118,12.6640673915065,9.35252239843255e-37,1.82339547797589e-34
RP5-887A10.1,0,NA,NA,NA,NA,NA
PRKACB,2.81102981805529,-0.785980468615264,0.471224940276503,-1.65734296444115,0.0974501555576861,0.404237682313365
RPF1,7.35993004703524,-0.668096586965177,0.333767269570845,-2.00179842365781,0.0453064155683847,0.255072696847034
GNG5,47.1823038575266,1.07042742287594,0.179828470894451,5.94874590336115,2.70204718753056e-09,1.0535982514934e-07
CTBS,3.46269846255492,0.301796489614728,0.43759096601988,0.690762789685392,0.489714623160001,0.828094370804448
MCOLN2,0.205719088333014,0.388178127832082,0.651864812318831,0.579449464502974,0.562285936114072,NA
C1orf52,7.60104822690841,0.197842226370732,0.297469695577244,0.664837755673565,0.50615427102053,0.836247095948745
BCL10,3.52594362618104,0.214697646542776,0.395082567387412,0.543446099800226,0.586822692523784,0.875328606813601
ZNHIT6,1.17095471973972,-0.800136389938015,0.63344422634756,-1.28051355454254,0.200364580774021,NA
ODF2L,22.0666176172769,2.1392323354901,0.217713338907983,9.74843247836475,1.87338501128813e-22,1.93362719596484e-20
SH3GLB1,21.6534416291305,0.761128654049405,0.182721546993666,4.16166316268828,3.15938137919936e-05,0.000678815656330834
SEP15,30.0364640764539,-0.136499089766542,0.155659841493043,-0.876998370770894,0.38048752300205,0.751133692257189
LMO4,6.49690708425181,1.17008309759344,0.368650142656074,3.15019606600751,0.00163160924577388,0.0220791544209607
PKN2,2.66068164810224,-0.107650635766889,0.446772750243952,-0.240627178132662,0.809844083897501,0.95063330273134
GTF2B,10.1589079839324,0.577658197019037,0.261063221887232,2.21004736704129,0.0271018751032811,0.184938178970886
CCBL2,1.91171764697638,-0.0200914314352221,0.494696180606497,-0.0405610537575356,0.967645833187708,0.992534619232287
RBMXL1,2.08143096355835,-0.417096447472336,0.508567145768601,-0.819484219570744,0.412510201697036,0.771834924401753
GBP3,8.00846556465155,1.05331591370419,0.334065152311999,3.1444656628111,0.00166390436852491,0.0222304380606983
GBP1,22.589419372494,3.59779217080777,0.290030083027674,11.9489284668097,6.57677183741889e-33,1.04909475612646e-30
GBP2,25.1616759329983,1.48892523615442,0.20490399899417,7.24592572482482,4.29495446785268e-13,2.30700411416087e-11
GBP7,4.35686447013356,1.11125666346278,0.464245946584101,2.388685281968,0.0169087799414637,0.131473881258294
GBP4,20.286743440192,2.03444460712764,0.223068715031133,9.05056132157207,1.42235267203533e-19,1.22742040419573e-17
GBP5,11.7103045837846,1.83807652897129,0.30465722334807,5.9747177134675,2.30488936506468e-09,9.05443105798545e-08
LRRC8C,0.736221641285121,0.107562642685131,0.623931618094021,0.171529079362151,0.863807767239162,NA
LRRC8D,0.755862571681947,-0.997795787950756,0.618895805341381,-1.58957461733977,0.111930722300039,NA
ZNF326,3.7372968010437,-0.595131853669862,0.387434346014262,-1.53492511050927,0.124802224662708,0.458450042305997
ZNF644,3.35333911660952,-0.0122803509979933,0.394470263041512,-0.0311079951111361,0.975183413580053,0.994678421987487
TGFBR3,2.17318254281088,-0.898892426632163,0.492881022342985,-1.80952314716406,0.0703697674143686,0.332519260026245
GLMN,2.60941596687353,-0.120183190148528,0.471141875932524,-0.256468215327353,0.797589320349441,0.947331951222146
RPAP2,4.50773793626112,-0.177639271815713,0.378178191977874,-0.469355718820501,0.638815394341354,0.894103758525097
GFI1,8.04232144331481,-0.279707031013426,0.285756396663977,-0.979659154950719,0.327254394340921,0.710584304560553
EVI5,0.158344311070619,-0.318061890585063,0.616095717993581,-0.513500669555829,0.607601142550996,NA
RPL5,109.878680191666,-0.702914212902064,0.124243630803927,-5.65673716944544,1.54277740089066e-08,5.56245221800576e-07
MTF2,8.56801457470829,-0.356831442628586,0.285984571490314,-1.24756000926496,0.212192231246626,0.592714862777579
TMED5,9.15742953871612,0.747531819516988,0.267233174321148,2.79071637064471,0.00525915356275761,0.0555200577547263
DR1,7.80671868036362,-0.104628179657022,0.29784704065861,-0.351474566196244,0.725232350104211,0.922799876951551
DNTTIP2,14.7393634716032,-0.111360310204504,0.235788829956213,-0.472426475381461,0.636622410509162,0.89377494582848
GCLM,4.01574430871093,0.353568019152192,0.376750366258801,0.936743041750115,0.348890750280028,0.72991339016124
CNN3,0.515885128381352,0.699817063483059,0.667333758954584,1.10163193808915,0.270621717502792,NA
SLC35A3,2.15224493534683,0.332117033635259,0.511602226792355,0.650516355069539,0.51535874076243,0.841715299836622
HIAT1,8.09708677199804,0.0181903257101095,0.306727913986608,0.0593057645091715,0.952708569784208,0.98857833852633
SASS6,1.51716052628117,0.199770570773975,0.542217979742729,0.367183593000835,0.713482076780814,NA
TRMT13,2.29268812081689,-0.90881003880579,0.460134024665127,-1.95866415063333,0.0501521314288491,0.270226319451156
RTCA,3.72008447412437,0.318175541483954,0.387650175925283,0.81996648486042,0.412235213500845,0.771834924401753
SLC30A7,2.52624387038052,0.393826893069437,0.482140521068597,0.818464812454715,0.41309182644838,0.771925940512699
DPH5,2.55439177964001,-0.495235504842272,0.465429812462782,-1.06570706664107,0.286556082197409,0.673481727388762
RP11-421L21.3,1.2517065662387,-0.524225785774055,0.564255803158528,-0.934059897406228,0.350272996711622,NA
RP4-575N6.4,0.380089416888091,-0.0132061723314828,0.667827994910063,-0.0212430728613073,0.983051754850062,NA
S1PR1,2.57025608326476,-0.608100510862627,0.470348113347019,-1.29061028629311,0.196838847356025,0.576605282405183
RNPC3,0.87001602897132,0.566919895896952,0.613213791197263,0.908556583276223,0.363584233134678,NA
VAV3,2.9372635742769,-1.00265093184687,0.459507469620585,-2.17525279534025,0.0296111777985424,0.195329874600911
SLC25A24,0.937448834736346,0.488147651513647,0.63770230491875,0.788647086286762,0.43031830230829,NA
HENMT1,6.17076098660372,-0.418139181579348,0.330389717705083,-1.26398138292675,0.206236709179727,0.587448689502485
PRPF38B,15.7052665132356,-0.111183233482967,0.226792668071739,-0.490058977723085,0.624092165341816,0.885981973667561
STXBP3,3.12160234122318,-0.42004721238398,0.43784211823384,-0.955524228271709,0.339312659012696,0.723427232500133
TMEM167B,2.90272625861236,0.622882960315266,0.455451162336888,1.36458191817174,0.172384491093676,0.540138072093518
SARS,13.5015940108951,-0.016005542245924,0.229411906073909,-0.0697583019465977,0.944386036512469,0.987648233164879
PSMA5,44.9793097270824,0.562086317926292,0.147925184477392,3.79908934576649,0.000145228734260762,0.00266370751619739
GNAI3,6.71652683932879,0.44040341378667,0.324524932035842,1.35661781225719,0.174902679069436,0.543838999270018
AMPD2,0.752133637419267,-0.979211666165532,0.638414245126578,-1.54983186829502,0.121181875898478,NA
GSTM3,0.832391680574653,-0.668995981130932,0.617945712591534,-1.08648303150563,0.277265344157105,NA
AHCYL1,1.24858300835161,-0.0663329773173813,0.564905855136752,-0.116216055101937,0.907481312840111,NA
STRIP1,2.65817828692725,0.237284015841732,0.46614722254415,0.509772576245608,0.610210800422345,0.880203111070734
LAMTOR5,27.5084222477529,-0.0277514740536632,0.168641621572529,-0.164564580465585,0.869286711742926,0.967413325623816
KCNA3,0.936091284045549,1.53572503155558,0.615095638039942,2.49777883862411,0.0124974135482739,NA
CD53,68.6684503093591,1.01576983485285,0.125290216118273,8.10366290870936,5.3328735991889e-16,3.74296621681738e-14
LRIF1,6.69577513849744,0.17079976799261,0.321864899091593,0.530529897095795,0.595744585955441,0.87720265747397
DRAM2,5.3309319891944,-0.0403609974480075,0.384784515718906,-0.105380353649026,0.916074004771913,0.98215975713048
CEPT1,2.89062875242943,0.281096014668008,0.446044218417405,0.629693208766217,0.52889532668644,0.847892565114388
DENND2D,6.14226150813723,0.0484986860787086,0.326978628169647,0.148369876278806,0.882050872169989,0.971159964673253
CHI3L2,1.63182351842069,1.21344473641529,0.591436128160196,1.98602118333059,0.0470309718223004,0.26087569617765
WDR77,2.28747298410787,-0.636510496193651,0.498182104493976,-1.2758400555312,0.202012064807067,0.581338135534688
ATP5F1,20.7792950018682,-0.3638883812223,0.19073893272281,-1.90800920584635,0.0563900264514802,0.292107479223448
C1orf162,10.9656483175683,-0.562708494275631,0.266297574693578,-2.11307681655253,0.0345941936137725,0.216275338697029
ADORA3,0,NA,NA,NA,NA,NA
RAP1A,17.5858153918397,-0.313284393395324,0.196368845222672,-1.59507110977589,0.110696335067149,0.43382436077478
DDX20,2.66512952032997,-0.0859597954265791,0.466173758458714,-0.185152472828923,0.853109445666176,0.962014600593541
CTTNBP2NL,0,NA,NA,NA,NA,NA
ST7L,0.972987982009043,0.188897194455167,0.633086279117821,0.294480182200273,0.768391004726477,NA
CAPZA1,2.53636984934536,0.397619496675602,0.464566394814344,0.853350135199052,0.393465165249521,0.758892262065204
MOV10,3.2968948685884,2.42064238104422,0.484659304742565,4.69692757360162,2.64104045944428e-06,6.78167657488523e-05
RHOC,13.9765558060589,0.216414389364532,0.247851887971008,0.872640305145992,0.382859164473738,0.751430869465124
PHTF1,4.34165936364647,-0.0176599132026457,0.376250631543417,-0.0468132023218234,0.962662106639144,0.990737780820354
RSBN1,5.5472515132579,0.331105016855723,0.367332024620401,0.902067570248004,0.367020974675716,0.742491576501798
PTPN22,7.59856016113539,-0.284554769610151,0.317948489683708,-0.894649021357049,0.370974737984974,0.743990172346575
AP4B1,1.20281071748595,-0.305938772867988,0.592910578575593,-0.519181841570795,0.603633940524175,NA
HIPK1,1.36944437797823,0.42915828402621,0.553467311638626,0.769495156251103,0.4415994189022,NA
TRIM33,2.03398314604854,0.172002823335199,0.518471206544127,0.331087248298712,0.740578583355764,0.928435782623912
BCAS2,12.7755942690003,-0.153761567536701,0.23479351671801,-0.654994609763681,0.512471224519192,0.83996964894468
NRAS,2.6236739353247,-0.470428459643839,0.49854266105539,-0.942785558069585,0.345790600165756,0.729263509323934
CSDE1,15.4043179999123,0.272872697888263,0.247755773433572,1.10031752320222,0.27119379981103,0.657765547730962
SIKE1,6.90223135496145,0.0229921991195947,0.400604997789778,0.0573814846914173,0.95424131177371,0.988582238095375
TSPAN2,2.78058441036653,-0.338810176894488,0.427226197954752,-0.792121120008007,0.428290056434549,0.782560209234082
ATP1A1,14.8986742813969,-0.671256380691739,0.251295000157531,-2.67056481961542,0.00757237495293609,0.0727550139513979
CD58,19.0565406362932,-0.367702226365539,0.183608713048544,-2.00266071151955,0.0452137185524813,0.255072696847034
CD2,43.8098368712068,-0.256681128634317,0.248763405896673,-1.03125755414736,0.302420057354545,0.687986393638582
MAN1A2,2.43395135524861,0.050968060697698,0.511884017774973,0.0997073504111225,0.920576664841957,0.983880196974474
FAM46C,6.23300504236074,0.428732052100006,0.392887799969099,1.09395393240041,0.273975183122419,0.660350441371984
WDR3,0.749656744493877,-0.487905501017189,0.612670766432935,-0.784313181488142,0.432856366814256,NA
WARS2,0.647618346157959,-1.28113331088558,0.628305384557503,-2.0176771808485,0.0436248928766311,NA
PHGDH,0.135982645917541,0.289616203641829,0.613976650491299,0.488333076917112,0.625313936160301,NA
REG4,0.0305280293728902,0.00708335167592633,0.490601629230456,0.0144345705803501,0.988483278924753,NA
NOTCH2,1.0286610823091,-0.795930514772227,0.589808444797518,-1.34111662237484,0.179882591237833,NA
FAM72B_ENSG00000188610,0.353149453833034,0.45413463888259,0.668583288066216,0.718247809545151,0.472604503884845,NA
FCGR1B_ENSG00000198019,0.0285971629912991,0.00708335167592634,0.490601629230456,0.0144345705803502,0.988483278924753,NA
RP11-343N15.5_ENSG00000269996,0.621632640324103,0.505618191767547,0.638710412984619,0.777735917794769,0.436724713015692,NA
PDE4DIP_ENSG00000178104,1.18019336952984,-0.136689697215069,0.578021436796688,-0.235876682752551,0.813528362249011,NA
NOTCH2NL_ENSG00000213240,3.31048356762319,-0.870311892172862,0.459612255656953,-1.89824428254177,0.0576639099049715,0.294988164956045
NBPF10_ENSG00000163386,1.65216198473502,-0.823403995278353,0.585897079884134,-1.42701439573477,0.153575745219789,0.510099972831695
TXNIP_ENSG00000117289,15.2397866528296,0.0782710416005738,0.263685184693823,0.296544597804164,0.766814213544025,0.938068793886997
POLR3GL_ENSG00000121851,20.4991277195556,0.0816973209472339,0.19636803510703,0.41601976588339,0.677395539633369,0.911054167854661
LIX1L,4.32915206633637,-0.371571917666557,0.369860084212505,-1.00528036313392,0.314761867929679,0.7028303657143
RBM8A_ENSG00000131795,42.8788379533855,0.13124299254941,0.148095897070886,0.886078523150102,0.375575215263553,0.748024189613069
PEX11B_ENSG00000131779,3.5333711668084,-0.00922625483808886,0.406812644157978,-0.0226536036261408,0.981926585269878,0.995351732112582
RNF115_ENSG00000121848,9.96502688240998,0.107126918066234,0.288140556490837,0.37171941108605,0.710101771037865,0.919123640580385
CD160_ENSG00000117281,4.62741412921409,-0.522258222674612,0.390934541374274,-1.33426702225051,0.182116361278891,0.55623951655976
RP11-403I13.8_ENSG00000235999,2.60905903224927,0.538867557478513,0.450922979446243,1.19037446349571,0.233899245331264,0.619027464768111
FCGR1A_ENSG00000150337,0,NA,NA,NA,NA,NA
HIST2H2BE_ENSG00000184678,1.03439669044937,0.985681132533304,0.609646498613207,1.59963538111617,0.109679494658316,NA
HIST2H2AC_ENSG00000184260,2.7346521058018,-0.283860410343772,0.454420962230216,-0.626343324587032,0.53108977497206,0.849135698999837
BOLA1_ENSG00000178096,2.88216700163948,0.0684149874332226,0.414966550117233,0.164617081632646,0.86924538544812,0.967413325623816
SF3B4_ENSG00000143368,12.1844770609255,0.164325796602238,0.23975653166813,0.685354190668234,0.493120443593425,0.829595965876158
MTMR11_ENSG00000014914,0.346604495015785,-0.109661573564542,0.491442418577775,-0.27158792507685,0.785938884988608,NA
PLEKHO1_ENSG00000023902,3.39348011362277,-0.270660203294262,0.414405206564759,-0.653149845981902,0.51365968001843,0.840626155055647
ANP32E_ENSG00000143401,6.03046371130245,0.203850424310857,0.332395062055571,0.61333925447447,0.539652042818068,0.851468076362395
APH1A_ENSG00000117362,11.7843758262851,0.114801985454698,0.235723269747104,0.486924478542007,0.626311851158624,0.888011772147974
MRPS21,12.8141551775586,0.0204958682512139,0.236896660394295,0.0865288640719915,0.931046011902133,0.986912373979277
PRPF3_ENSG00000117360,2.22067780732976,0.721886688392426,0.495862346869554,1.44888858599447,0.147368699192343,0.50080621855939
MCL1,33.8745045952492,1.31439450287468,0.17811094103469,7.36942271306828,1.71368478694068e-13,9.59663480686782e-12
ENSA,21.6920121347619,-0.262950168868738,0.201058688915195,-1.30752903563596,0.191033100342696,0.570067029594077
CTSS,29.9003238746594,1.55239200738435,0.188156141955294,8.22973841826196,1.87622706280928e-16,1.37173045258723e-14
CERS2,5.01563483741937,0.29754484742414,0.39580543487557,0.752674593872835,0.451645480558979,0.802323127022098
CDC42SE1,20.6120851446933,0.241110424029738,0.243911352157239,0.988191924612481,0.323058662324477,0.708870695488139
MLLT11,1.29530148594993,0.584142401509571,0.553988713465278,1.0396403722223,0.298507012818626,NA
GABPB2,1.09004939037542,0.496685842925804,0.585065015098219,0.84445072146968,0.398417589272331,NA
TNFAIP8L2,2.8069063364245,-0.231937308381081,0.434071790719391,-0.534314865494506,0.593123709042509,0.876264899235887
SCNM1,9.49118732164377,0.103092022059005,0.278656701175961,0.36993572067327,0.711430385278706,0.919123640580385
VPS72,5.86218384375779,-0.120917225842655,0.312137459574149,-0.387386560185364,0.698470052015014,0.917214265271815
PSMD4,27.1196494481525,-0.23627061675235,0.170695639114311,-1.3844151244554,0.166231380466934,0.530365743748652
PI4KB,2.14380282722917,-0.421206897861098,0.473783644283762,-0.889321974186717,0.373830065133445,0.745885286059442
RFX5,2.54585808410512,0.0798424606326038,0.44858493759227,0.177275477316567,0.859292011974912,0.965282362577024
PSMB4,8.75061940704206,-0.560425072693591,0.267076297579902,-2.0977479676561,0.035927415104145,0.221974076418098
POGZ,2.21676743238438,0.519012877926217,0.463394856882664,1.11324162356393,0.265604670512962,0.654867908936878
SNX27,1.02362754032768,0.27690694837049,0.622179956656322,0.452717145522502,0.650752431830026,NA
MRPL9,9.1756626941647,-0.237924277085801,0.282702336004956,-0.841611657350624,0.400005361976773,0.761028562274161
THEM4,1.70696761056658,-0.376639514482242,0.529727646363315,-0.713446042635329,0.47556979059077,0.816834470643107
S100A10,39.6266618452174,0.458029413003151,0.176368467371392,2.59685637784804,0.00940812530732078,0.0858308000307394
S100A11,67.5346284028463,0.531509488293396,0.149071883833647,3.5655223939591,0.000363132151614675,0.00582782818932819
S100A9,1.89122100948816,-0.631175809195165,0.553690635776855,-1.13218797073254,0.257555416348501,0.645593028542067
S100A12,0.0272288675246664,-0.108552561287415,0.490601629230456,-0.216657694052562,0.828475120094584,NA
S100A8,2.21188761712415,-1.27239386894182,0.530194179759593,-2.36398235512227,0.0180796736610394,0.138330526383301
S100A6,54.688693269239,-0.485948658955981,0.132941572938158,-3.65495496373403,0.000257227128454056,0.00435383795556962
S100A4,22.2294878415186,-0.908441985365116,0.258922403161824,-3.50418880653217,0.000458000512946233,0.00717534136949098
S100A2,0.134924335086323,0.00847776137194805,0.526540855869891,0.0160977033024031,0.987156445777678,NA
CHTOP,11.1845816392273,0.0634896339264072,0.266853811994884,0.237795238165717,0.812039912144319,0.95063330273134
SNAPIN,9.59367416571843,0.341020296624322,0.272613513096507,1.24955322917871,0.211462797472435,0.592714862777579
ILF2,23.0981209641339,0.170892323450094,0.182452512186686,0.936773407279708,0.348875127052799,0.72991339016124
SLC27A3_ENSG00000143554,0.941380081006264,-0.785611461752168,0.599490960010858,-1.29274351911163,0.196099780764755,NA
GATAD2B_ENSG00000143614,1.15296031495487,-0.895982044344746,0.574185014139094,-1.54572226889069,0.122171656730302,NA
CRTC2,1.20871282595445,0.206899296463054,0.555404781860748,0.371202835720105,0.710486461166385,NA
SLC39A1,3.75481312267023,-0.277077065059055,0.383935341699108,-0.722260429074343,0.470134376792929,0.815289570375014
JTB,41.5314253247257,-0.0456248206221268,0.136330910000472,-0.334661830563898,0.737880197495072,0.928220942965329
RAB13,0.186092431147999,-0.0996084850858858,0.632237431319595,-0.193271427914582,0.846746401661698,NA
RPS27,246.512893793576,0.0619483415634654,0.130369015193704,0.475157893416646,0.634674436641005,0.892211981511767
TPM3,21.9890708930986,0.558798981030538,0.221042387298907,2.52665385950414,0.0115154935621621,0.0998861690914356
C1orf43,13.2112095187462,0.0494401299783797,0.227472693480114,0.217412744117233,0.827886700353018,0.956224092471219
UBAP2L,1.10853740438762,0.339436800121506,0.572306681279732,0.585310669663086,0.558338841879693,NA
HAX1,16.910755840699,0.381816313818828,0.20002382699872,1.90825964831842,0.0563576656001462,0.292107479223448
IL6R,0.0399585772398783,0.00708335167592633,0.490601629230456,0.0144345705803501,0.988483278924753,NA
UBE2Q1,1.23422828927089,-0.551248756329141,0.573665073872681,-0.954694644388444,0.339732139015967,NA
ADAR,18.5862896036069,1.37877553376891,0.223253514617335,6.15575270863118,7.47217415747849e-10,3.22405940696449e-08
PMVK,4.30537980304012,-0.383830391688033,0.394607911960164,-0.973735028692454,0.330188120039051,0.712341434562813
PBXIP1,5.68624060671725,-0.0768600599734311,0.370597074762374,-0.207002160342221,0.836008171332139,0.959060926698885
SHC1,1.18707298624041,0.544934767517835,0.566881162729779,0.954046071442112,0.340060322133544,NA
CKS1B_ENSG00000173207,4.72366648486318,0.601956930856616,0.352752805420156,1.70122431815578,0.088900873080472,0.384321779608323
FLAD1,4.26755455219087,-0.181570068977761,0.362324913688807,-0.501161214137557,0.616257668485812,0.882915092466009
SLC50A1,4.42394239554071,-0.356438561325825,0.378707437000269,-0.941317325140968,0.346542266894037,0.72991339016124
DPM3,2.5112020900081,-0.0396677936983679,0.490445309920532,-0.0812802736150994,0.935219061451892,0.987648233164879
KRTCAP2,7.96793690899711,0.570618925811965,0.290268361701078,1.96190485026999,0.0497735630353737,0.268726190582776
SCAMP3_ENSG00000116521,3.06486739943679,-0.756756689106118,0.431706196564249,-1.74533101459406,0.0809272662429907,0.364105641097892
FDPS,12.7358504537364,0.14475603265936,0.284182386803154,0.509079313832475,0.610696630936044,0.880259327833333
RUSC1,1.91554870441232,0.265702380610502,0.50962122549055,0.523312873196087,0.600756544031531,0.877505019104904
ASH1L,6.02088644276241,-0.177507265447915,0.322558439672856,-0.549885905521641,0.582397632032423,0.873057077827079
YY1AP1,2.00221971810749,-0.935435097433718,0.480424400379487,-1.93032675023053,0.0535663645798708,0.282821808574163
DAP3,7.68093846310421,-0.595812051045095,0.386198658199309,-1.54844863883064,0.121514318504621,0.453010887116379
GON4L,4.22351342819298,0.0233810805792544,0.376441471224408,0.0620871210901941,0.950493453092509,0.987648233164879
RIT1,3.26113557949836,0.586064193118662,0.429983458775477,1.36012440907695,0.173790558024405,0.54280313049545
KIAA0907,2.8409033211937,0.316498881602581,0.432938013121408,0.729899526984193,0.465451601469181,0.813176357382621
ARHGEF2,2.68586743669391,-0.022077377356198,0.453105571551762,-0.0485202726222064,0.961301608251893,0.990466170647478
SSR2,46.4771080375358,-0.0185670071643645,0.130901848664565,-0.141834716205502,0.887210561697861,0.973157638959338
LAMTOR2,17.5672021503012,0.223594824692358,0.233606919482054,0.95666017996363,0.338738802971812,0.722496377165162
LMNA,12.3799872895599,0.254061748679556,0.38494375512375,0.661591747639547,0.508232897734868,0.837134023586264
SEMA4A,0.16002530786732,0.332772921431613,0.623450839550671,0.577165201863016,0.563827861819396,NA
PMF1,9.00001721859724,0.251392248387173,0.309500024468321,0.812542474805124,0.416480424580969,0.774683022966156
C1orf85,1.06884476893957,-0.298039356963574,0.584612643441223,-0.509235538408218,0.610587135533284,NA
CCT3,22.7736778086473,-0.0818174092422239,0.187812039629194,-0.435714684040682,0.663043750527451,0.90605625052625
APOA1BP,8.97037440544113,-0.0665085123711563,0.306312161868215,-0.21707940019551,0.828146467455524,0.956224092471219
GPATCH4,1.77102397558131,0.644033698352391,0.536785268189744,1.19087380685533,0.233703128670409,0.619027464768111
ISG20L2,1.52911197504737,0.2673191414339,0.525315790417695,0.505257046728772,0.613378307393754,NA
RRNAD1,1.6570062540087,0.11245968987645,0.527874705060141,0.213604736257858,0.830855305643939,0.957424950713288
MRPL24,4.87719134120916,-0.453653056367514,0.391776636142868,-1.15828336777625,0.2467484165028,0.633590687968192
HDGF,1.16654574614263,-0.520353882499516,0.591117562980873,-0.871149184026345,0.383672701912652,NA
PRCC,6.17248370683746,-0.360105291962403,0.361049341532713,-0.998564208188468,0.318005845854728,0.704241805881064
SH2D2A,44.4000817719196,-0.201090958250575,0.197114696212999,-1.02066681208958,0.307412323386373,0.693583182363072
ETV3,0.803530587337867,0.588834480428569,0.633379585483939,0.916213823920785,0.359554756308102,NA
CD1D,0.0399585772398783,0.00708335167592633,0.490601629230456,0.0144345705803501,0.988483278924753,NA
MNDA,0.908725304727151,1.80445020104738,0.653376281517333,2.80791747575766,0.00498630028245962,NA
PYHIN1,16.1121631000753,0.231410081289861,0.250689762873401,0.922187509464032,0.356430777136248,0.738361841539294
IFI16,53.7283675972896,1.62725074746127,0.141031457521952,11.5195955495246,1.05103175108539e-30,1.53684198269819e-28
AIM2,2.8166715135509,2.74823467201045,0.60493689037099,4.38592037526436,1.15496368436841e-05,0.000269014550199794
FCER1A,0.0305280293728902,0.00708335167592633,0.490601629230456,0.0144345705803501,0.988483278924753,NA
DUSP23,3.72530918202147,-0.452182826601639,0.451415044644735,-0.996845405921846,0.318839554651132,0.704310287739639
TAGLN2,26.100636510059,-0.96617377854735,0.190588520543189,-5.06752623372019,4.03018973553958e-07,1.16565487735606e-05
IGSF8,1.58203041192472,0.0609197509686111,0.547756797040583,0.111871794985302,0.9109250605302,NA
PEA15,1.90450503488058,0.269836123719813,0.531631256979024,0.508789290605831,0.610899926844425,0.880311309857392
DCAF8_ENSG00000132716,3.47956692434845,-0.00790819948974754,0.418788994775417,-0.0188853287738768,0.984932583397487,0.997080094546378
PEX19,3.14631888443248,0.908327841180271,0.411349253306773,2.18804418644139,0.0286663838475445,0.19149726468715
COPA,2.72710846093078,-0.0248999928409967,0.45140947893961,-0.0553461663050835,0.955862683112755,0.988582238095375
NCSTN,2.9857024027507,-0.734248379453172,0.460121213739731,-1.59538502517983,0.110626162609316,0.43382436077478
CD84,1.17374099923633,0.506305136355176,0.598576997492407,0.854732448161557,0.392699282724201,NA
SLAMF1,0.474059885314589,-0.466891668506495,0.667176849857829,-0.713291580188007,0.475665346558343,NA
CD48,39.5873701902078,1.81339047669811,0.234813322553783,7.70017719616131,1.35877675748207e-14,8.31697773416934e-13
SLAMF7,8.72838791400239,1.95904984932162,0.350456003745017,5.50266239781746,3.7409836167693e-08,1.27873621809569e-06
LY9,0.924628270123413,0.0579454141971571,0.641813913941842,0.0876549888131721,0.930150895580415,NA
TSTD1,15.0999599680346,0.0426628209975458,0.207890006624634,0.205221527961326,0.837399050505588,0.959060926698885
ARHGAP30,10.6376993685148,0.0249118910205307,0.25588237132675,0.0974012446523844,0.922407756340521,0.983880196974474
PFDN2,16.0042948460759,0.31907470820511,0.22946855840944,1.39079476265032,0.164287671738909,0.528017161128938
NIT1,3.50807317007289,0.738269377452467,0.402168712296509,1.8240307005579,0.0681474310366103,0.324934852333982
DEDD,2.01881479470464,-0.970163008732764,0.545360061282426,-1.77837349671157,0.0753425325730826,0.347592542913854
UFC1,21.466400115639,-0.195429879600771,0.186958580321957,-1.04522357939183,0.295919647980718,0.680798066153354
B4GALT3,3.19718161062712,0.260758471840168,0.425868991273506,0.611824753167235,0.540653710653937,0.851742070151531
NDUFS2,15.0306652978531,-0.31891594432305,0.218853852760675,-1.45715888758902,0.14507252624431,0.496206483528295
FCER1G,88.0686779036292,0.179432441716347,0.164730345600299,1.08942216287217,0.275967762367044,0.663027978594303
SDHC,20.7994439032064,-0.178010172537074,0.204854786551839,-0.868763981254696,0.384976237821658,0.752512037093653
FCGR2A,1.09607099600796,-0.291638997656193,0.627120718616745,-0.482951755675412,0.629129991956225,NA
HSPA6,1.65730611904252,0.491796925779167,0.646548442178421,0.749522368895969,0.453542421481513,0.803437802552592
FCGR3A,27.7351341697203,-0.720407576375379,0.22685776938813,-3.17199565482049,0.00151395272200321,0.0206462360845205
FCGR2B,0.20152888305246,0.34111666054145,0.653303821932451,0.529422798366181,0.596512186337164,NA
FCGR3B,0.0305280293728902,0.00708335167592633,0.490601629230456,0.0144345705803501,0.988483278924753,NA
FCRLA,0.150450919914816,-0.132314158493121,0.644919555375531,-0.206441002980053,0.836446444811571,NA
DUSP12,3.73979478352331,0.272691357818368,0.400328289880046,0.680183350427907,0.496388373254544,0.831916756134809
ATF6,1.83667177791436,-0.410280932197744,0.530741030776877,-0.777181493359488,0.437051699273492,0.790054994840543
SH2D1B,22.9292819205312,-0.437640306831704,0.218194787920745,-2.00583195449021,0.0448741801266393,0.253950516297612
UHMK1,6.53723828299516,0.365025700056812,0.302380244236107,1.20629267883985,0.227704659551271,0.612414678141072
UAP1,6.79587537524905,-0.667448622918079,0.353140721960394,-1.88768930144725,0.0590676734712755,0.300999257650333
HSD17B7,3.95981206095715,0.370819508274838,0.379679040467561,0.973912304588914,0.330100083703214,0.712341434562813
MGST3,17.2287168788124,0.129602772310038,0.217327397227873,0.596462302156219,0.550866430508837,0.853591117550433
ALDH9A1,5.73843502801356,-0.0104891746229475,0.322906816372552,-0.0324667476784788,0.97409983355091,0.99454321103772
TMCO1,23.16833395772,0.393551681942287,0.188157132191677,2.09141482286762,0.0364908945721356,0.223878868330678
POU2F1,1.02790878771909,-0.357002167769915,0.586019199829188,-0.607799232390387,0.543320638466764,NA
CD247,66.5711263369744,-0.206779712018896,0.139318922343695,-1.48425349749902,0.13774168205712,0.483141482094655
CREG1,2.07231356023327,0.250615600205303,0.478187882346143,0.522730620715009,0.601161726268264,0.877505019104904
RCSD1,4.17834371493215,-0.596595686019409,0.386503378900814,-1.54280754878409,0.122877477373712,0.454883810677607
MPZL1,1.94519143307129,-0.102486986035358,0.554931005360067,-0.186774431959266,0.851837494469208,0.962014600593541
MPC2,13.4782704279844,-0.125407995923259,0.231604839026753,-0.541557596364924,0.588123309952826,0.875779661553515
DCAF6,1.53029812311638,-0.771483834825763,0.5623388967795,-1.36995909322826,0.17069967143471,NA
TIPRL,11.1518291147334,0.104599791407834,0.275046841830118,0.380082048841724,0.7038845106094,0.917215665787009
SFT2D2,1.53632889139018,1.09082592768806,0.533360452378554,2.00692936196074,0.0447571849207782,NA
XCL2,20.8850741159723,0.0262974179193375,0.322879737345241,0.081502253772283,0.935042532592514,0.987648233164879
XCL1,12.095067741492,0.630877048755321,0.529846461004326,1.18413329466544,0.236360302258222,0.620548943185676
NME7,3.21972490858764,-0.282182877945626,0.420197369977314,-0.671706165151434,0.501770775740025,0.833995570125157
BLZF1,3.11520393118792,1.06559031415592,0.430183164399199,2.45048835997845,0.0142662575180063,0.116070447565355
SELL,24.8706799925626,1.62908784686477,0.282570646995594,5.75137372402446,8.85211872436901e-09,3.25857013741807e-07
METTL18,2.54285180442816,0.218522379805098,0.48129488267793,0.454556992063007,0.649427981661072,0.899773066815952
KIFAP3,1.75671133966928,0.688719148662951,0.536586941499004,1.28091832970433,0.200222353863104,0.580380215162654
PRRC2C,17.1269741633124,-0.103950228580552,0.216288237697972,-0.480568163408586,0.630823446991931,0.891450906031014
VAMP4,4.13085303441176,0.515065126146749,0.383026540789154,1.34225671756327,0.179512772063918,0.551106458268353
METTL13,3.43948763830386,-0.406228951097794,0.434268230639966,-0.936351846379671,0.349092062128951,0.72991339016124
PIGC,6.65072782958846,-0.139458690458721,0.313128461434636,-0.445463465601759,0.655984856408988,0.902064860014868
SUCO,2.46879067982485,0.0042516240723664,0.476353987503149,0.00895096269997221,0.992858260423209,0.998279102354645
FASLG,37.5808102797933,1.17144138144037,0.147520324180133,7.93144741155422,2.1660632079764e-15,1.4076736699738e-13
PRDX6,36.1463735285882,-0.299081322709194,0.141723312812209,-2.11043228145869,0.0348211383599052,0.217014649461481
KLHL20,1.82034688274074,-0.146567656769208,0.487760494766028,-0.299042685281573,0.76490747671594,0.937479151905171
RABGAP1L,14.7967462860265,1.55496395842561,0.25261818720823,6.12176441153947,9.25447876742103e-10,3.9286755025568e-08
CACYBP,23.3259119732663,-0.0576367168068647,0.193622394165366,-0.297655077932039,0.76596643267596,0.937565806574992
MRPS14,7.46480693872593,0.223734748616633,0.279556742313335,0.799583774609618,0.423951991273323,0.78001704816056
KIAA0040,1.0406636629025,1.21302291747177,0.601435285307501,1.97036314493609,0.0487967662833617,NA
RFWD2,1.93241763844838,-0.672051364831209,0.485226670754801,-1.38114074045895,0.167235691139541,0.531278622907991
RALGPS2,1.54658552777166,0.313289509011799,0.578136015283854,0.55390191734476,0.579645972869613,NA
TOR3A,4.59910174700858,0.00387094582895673,0.39013195555964,0.00997086330146512,0.992044533933677,0.998112084599938
ABL2,0.591107621761402,0.242262160946354,0.648158398888606,0.37878214959856,0.704849643944916,NA
SOAT1,2.19672831633132,0.908569424210209,0.514950244437179,1.73635129209607,0.0825017390468192,0.36960779092975
TOR1AIP2,1.69894862615027,-0.0716694724162653,0.516285109100968,-0.138159540909356,0.890114330060223,0.974282596703365
TOR1AIP1,6.44276173825211,0.547462293522394,0.343636842543767,1.59045004991725,0.111733396292008,0.434535905554651
CEP350,3.25578545637206,0.329281076798649,0.417816938094041,0.788078028048566,0.430651066352276,0.785225913847725
QSOX1,4.01094769506271,-0.912675648291617,0.420096600632086,-2.16088705486812,0.03070406511188,0.200608178900675
ACBD6,1.64684259047792,-0.341901621982905,0.582256388520678,-0.598784666655765,0.549316488625138,0.853145895522196
STX6,3.01641427943812,-1.43835569271485,0.536287894086437,-2.70692468580059,0.00679096615767362,0.0675758900831644
MR1,4.21302622626997,0.129001770371527,0.380867766524639,0.338346348085107,0.735102200309316,0.927613149581422
IER5,2.88333833679337,-0.564812388369391,0.550107594267475,-1.03923892210817,0.29869363283187,0.683401390302354
GLUL,6.62971906027561,0.108333140245108,0.333882463795369,0.324402869705858,0.745633047413123,0.929591366361252
RNASEL,1.23401287412116,-0.0204368252984849,0.560151942981095,-0.0365195890912662,0.970868059290762,NA
RGS16,3.03594250697866,-0.781539495604815,0.515774015024921,-1.51542867148271,0.129663881101749,0.466860923474423
NPL,1.33039633650208,-0.681183261434666,0.57763932800251,-1.18668931143088,0.235350192622987,NA
DHX9,4.16174468702313,-0.62405591917963,0.370744793569547,-1.68232839757334,0.0925051774297096,0.391122292361439
NCF2,1.02314405701133,0.278327363008572,0.615478396268762,0.465602759678162,0.641499867259518,NA
ARPC5,52.6946414279551,0.169759766040098,0.130535872336149,1.30043501134784,0.193451916761155,0.570974513506364
RGL1,0.155949623069294,0.325626903978092,0.622000460974815,0.541846922104123,0.587923964123011,NA
TSEN15,4.81002847238944,0.390649482452764,0.366679427737955,1.06379682486289,0.28742075002009,0.674518447045422
C1orf21,35.2410385061626,0.0193160933705468,0.177773530249773,0.108639722883366,0.913488252898233,0.981200985965268
FAM129A,1.85829010778605,-0.337050998928113,0.517788893039459,-0.649845724260428,0.515791880207392,0.841740273516802
RNF2,2.93420872897708,-0.130683879205495,0.48044152958613,-0.273686146555366,0.784325824866686,0.946079546768614
TRMT1L,1.62592151386639,0.0374435952046988,0.53676549985001,0.0696999941760175,0.94443244641907,0.987648233164879
IVNS1ABP,8.50481035362284,0.117591803758296,0.303175976474906,0.387554873372109,0.698345469493603,0.917214265271815
TPR,10.6971684160422,0.0691996266255753,0.244487958274238,0.282924324577291,0.77723484775051,0.94323962824289
C1orf27,1.33023270222326,-0.023727340125423,0.554406695791512,-0.0427938371777619,0.965865876710633,NA
RGS18,0.852463723728213,-0.24166607583124,0.610902343783317,-0.396376829066949,0.691827056971614,NA
RGS1,29.705080400654,0.945113087308831,0.180007995461671,5.24691128298713,1.54670331985902e-07,4.76131361154261e-06
RGS2,23.5083132623895,-0.265298957868388,0.293057471738842,-0.905831372985312,0.365025112693297,0.742491576501798
UCHL5,2.4354126485354,0.0877977188477181,0.44706037919698,0.196415306503781,0.844285116740083,0.960103014586259
TROVE2,8.01739288592011,0.0499694032269939,0.302950852133359,0.16487493092841,0.869042424556031,0.967413325623816
GLRX2,4.12772682803721,-0.012602812957416,0.385096945447642,-0.0327278631423015,0.973891604214338,0.99454321103772
CDC73,5.30536991457564,0.498495925358431,0.338759285891631,1.46974873095779,0.141629819285628,0.489841897976048
DENND1B,2.24321284560483,0.380060386419445,0.464435261533624,0.814732367134591,0.41522552189137,0.773168428452837
NEK7,2.62128352829961,0.310330288925895,0.471256110601123,0.661139863614996,0.508522622632009,0.837134023586264
PTPRC_ENSG00000081237,97.0016213560835,0.112106893279875,0.136434848602545,0.821642645901874,0.411280310366724,0.771004114590611
MIR181A1HG,0.918178516632151,-0.939051128255928,0.589773796034431,-1.57019075301535,0.116370740175988,NA
ZNF281,5.50827007533908,-0.529870028171734,0.358557365300186,-1.47735613980689,0.139580196635706,0.485945869768754
DDX59,1.51672160528631,-0.340879134753969,0.537559623440983,-0.632935583459029,0.526775709623347,NA
TMEM9,1.97078147993698,0.20986691592631,0.492682628732233,0.424719115012521,0.671041447548394,0.908251025904242
IPO9,1.21197513050578,-0.197796092591527,0.565517956232775,-0.344350896860413,0.730582411856372,NA
TIMM17A,8.13397515464171,0.353902146663348,0.280997123672968,1.25799647830523,0.208393029878518,0.589457769629509
RNPEP,5.78282321390016,-0.7284589510589,0.340631879700109,-2.13567553722479,0.0327058696871223,0.208915863861332
ARL8A,1.52279633346303,0.277587478393988,0.569881533050318,0.490473117983166,0.623799147660787,NA
PTPN7,10.4065609114927,-0.135815433553287,0.298061877205352,-0.455017657823746,0.649096535417941,0.899773066815952
KDM5B,2.92173263264543,-0.200923435401726,0.45089752880546,-0.446020783232258,0.655582233285928,0.902064860014868
RABIF,9.62036969767594,-0.277307069459101,0.27297191182512,-1.01609054895013,0.309586269209295,0.69554507943565
ADIPOR1,8.19906108971935,-0.0677620285971832,0.268918160825482,-0.251926931226166,0.80109754269237,0.947964478035823
CYB5R1,1.8599063875718,0.119661073537597,0.48567502627241,0.245567022573121,0.80601741979744,0.949093669729232
TMEM183A,3.5292210030808,0.130283771645175,0.416002870444607,0.31268248706251,0.754521902173649,0.932977552597736
BTG2,9.08291056772289,-0.203049824664032,0.284151819045027,-0.714465158736082,0.474939593073979,0.8168221086443
ATP2B4,2.72068396431638,0.624937085984379,0.45757556951304,1.35684563862645,0.1748302627296,0.543838999270018
LAX1,2.15868184886496,0.705214397871032,0.494076367196008,1.41400960178653,0.157359083282654,0.515777219427081
ZC3H11A,3.24823911670434,-0.187984817148623,0.464460536189343,-0.404231390538712,0.686042572507156,0.914260278905739
ZBED6,1.0955379117189,0.639685769484752,0.618767242194735,1.04395395695623,0.296506692492737,NA
SNRPE,10.5233906518957,0.0480601739158288,0.254573000161039,0.188721663637686,0.850310971558042,0.961740733365766
MDM4,2.09228652461063,-0.318510346501077,0.489044609363195,-0.649660923222337,0.515911270599814,0.841740273516802
RBBP5,0.378118691696548,0.646752109828054,0.661796313526027,0.977393908760634,0.328374177431832,NA
DSTYK,0.629679830097219,0.0286715505255673,0.650317253720853,0.0432102655253299,0.965533922027142,NA
NUAK2,0.468674223678244,0.22027901458616,0.656256129986979,0.327079613651814,0.743607670501233,NA
NUCKS1,7.26372579837631,-0.687367368123441,0.304298170250939,-2.25470536028557,0.0241518289844018,0.171100195978726
RAB7L1,4.60468887427483,0.654439780904022,0.371588961700722,1.75185978003541,0.0797979219011997,0.361183371356763
SRGAP2_ENSG00000163486,0.490389365148329,0.520128537588242,0.662569739960044,0.792010145174178,0.428354760764148,NA
IKBKE_ENSG00000143466,1.77498527767798,0.771397252136543,0.498086085886946,1.53602194824324,0.12453299742656,0.457842784305478
RASSF5_ENSG00000136653,21.0068289662412,-0.000114540327579231,0.204786035143204,-0.000560681823274899,0.999552640653125,0.999552640653125
EIF2D_ENSG00000143486,1.19323550462964,0.149283065972827,0.581035554662267,0.256132332419416,0.797848656821557,NA
MAPKAPK2_ENSG00000162889,1.10221211211882,0.150093034476282,0.580182364162649,0.256650319575051,0.797448726303658,NA
IL10,0.0303856221020249,-0.108552561287415,0.490601629230456,-0.227459181268804,0.820066706014333,NA
FAIM3,2.4997259328739,0.0746188861101439,0.458711593175494,0.162847945817514,0.870638156798886,0.967413325623816
CD55,7.66113281625317,0.485549931351779,0.323905818659837,1.49844627132284,0.134017342142584,0.475702824705708
CD46,5.71153385525523,-0.28776059274608,0.373717145914228,-0.769332300402295,0.441696066886583,0.795667892494732
G0S2,0.642203274655784,-1.1513617047515,0.668596121360618,-1.85539513895866,0.0635398210502507,NA
TRAF3IP3,12.1489033660717,-0.483508374938691,0.269316158454107,-1.79496542367708,0.0726592090091377,0.339076308709309
DIEXF,0.887849781861067,-0.42219568360277,0.620665108096357,-0.684491924183098,0.493664587205058,NA
SLC30A1,0.688533460703726,-0.420188047331822,0.613359317805384,-0.68114487135802,0.495779826866028,NA
LPGAT1,2.94976407034251,-0.282044629108494,0.442533196620077,-0.637017373347008,0.524113527165575,0.845294878172523
PPP2R5A,6.87201666796099,0.0679852494198513,0.31673319077999,0.21491278869091,0.82983531392421,0.956481955878485
TMEM206,1.88603779407157,0.368868350817434,0.572908639833313,0.642773071181117,0.520371358964637,0.845099644435179
NENF,5.9840567421418,-0.172647365846636,0.349920990706468,-0.492905476539636,0.622079377483723,0.884288125963148
ATF3,0.241888047314576,0.00717590096310901,0.646094537034953,0.0123109146915384,0.99017755935148,NA
BATF3,0.159521697080511,0.346719648717418,0.621325034155497,0.573771537238942,0.566122411833025,NA
NSL1,8.95237797227983,-0.351056004411652,0.264316765498773,-1.32825422979883,0.184094134662794,0.559833347697833
TATDN3,1.70759336868861,-0.48869002087616,0.516455032864735,-0.943575787047942,0.345386470208171,0.729263509323934
ANGEL2,2.07330912996851,0.116730048949302,0.492360555441818,0.236674468152105,0.812909343731799,0.95063330273134
SMYD2,1.60783923964527,-0.370097830064178,0.51307932736069,-0.721023915720629,0.470894800502745,NA
CENPF,1.88479588076835,-0.450092934571057,0.553933876981138,-0.81494052083193,0.41510635723927,0.773168428452837
GPATCH2,1.35141967465765,0.578230941401961,0.554338804793967,1.0404894472841,0.298112564259774,NA
RRP15,0.562759131126017,-0.532567165951549,0.65712026283192,-0.811225370038324,0.417236258840815,NA
LYPLAL1,2.21897359296667,0.373856605304783,0.511702249734903,0.729658299109164,0.465599076966417,0.813176357382621
EPRS,5.7964704762438,0.346582632525389,0.357664496945323,0.969158128358732,0.332466298850178,0.714898333711467
BPNT1,1.67769185010586,-1.10288964414466,0.560617831161204,-1.970489712687,0.0487822728418329,0.266293520252219
IARS2,2.38366040765588,-0.172333589043488,0.467718928337564,-0.368509189825582,0.712493594051366,0.919261107093145
RAB3GAP2,2.0392218245762,0.756200814711331,0.542007215353657,1.3866939661962,0.165535101265218,0.530365743748652
HLX,0,NA,NA,NA,NA,NA
DUSP10,15.4102697996244,-0.622020505561603,0.2256571367724,-2.75642120745318,0.00584376901549683,0.0600812501905768
MIA3,5.4489181397143,0.339123075027436,0.34028159116578,0.996063525286246,0.319219280668279,0.704682479534041
AIDA,1.71187236098895,1.21911317668324,0.572663067756409,2.12631403084422,0.0334771205452136,0.211046182694616
BROX,2.01931020782898,0.153249187659389,0.518426446800596,0.296127209286549,0.767132935350353,0.938240653272365
RP11-452F19.3,1.03436965195067,-0.737799136266634,0.60147375851344,-1.23131026971889,0.218206842361669,NA
CAPN2,16.5333997634955,0.615471891634479,0.247501505307593,2.48390824924346,0.012994928490951,0.107894800593637
TP53BP2,0.777563005776829,0.137605689523487,0.628916232701139,0.215249223412347,0.829573015504848,NA
FBXO28,1.93363574693082,0.0279173762826901,0.495066276839014,0.0564741262941295,0.954964106847731,0.988582238095375
DEGS1,9.17673482516983,-0.286899902183771,0.261092723133297,-1.09854743329588,0.271965517199829,0.657765547730962
NVL,1.12685577442673,-0.928890324299726,0.648828473891237,-1.46625386762451,0.142579138278775,NA
CNIH4,6.32213659346211,0.592917081541173,0.36392263161322,1.62519951131033,0.104120054542214,0.419990779394802
LBR,16.4857244647462,-0.282088776992848,0.214906064265866,-1.31195278406771,0.189536066064043,0.567207419989269
SRP9,31.9140246668922,0.13728526846631,0.161609059723291,0.849556697880563,0.395571595255918,0.758892262065204
EPHX1,0.246797078230466,0.187957143886635,0.656595740264091,0.284825230794044,0.775778041131605,NA
TMEM63A,1.13079238580552,0.49611298797669,0.600644565080598,0.814724767914434,0.415229872705392,NA
PYCR2,6.56111772111434,0.0158877494704991,0.318739085873299,0.0497971264968621,0.960284056567413,0.990175159446714
SDE2,2.64188570953541,-0.228606396407997,0.463174894400153,-0.493879642608997,0.621391182434143,0.884288125963148
H3F3A,5.18972062270237,-0.0424387936591464,0.341147758506877,-0.124306219364614,0.901072823156461,0.97813202362813
ACBD3,1.01605636420152,0.478561283881676,0.600641069193184,0.797958981530758,0.424894293917124,NA
PARP1,13.2534186977462,-0.369177802395976,0.239822514069582,-1.54001370789492,0.123557012089952,0.455784240813949
ITPKB,0.666218628719335,-0.282526149620691,0.651909039184795,-0.432223849832125,0.665578726880468,NA
ADCK3,3.48098622511401,-0.660153163288867,0.404460382338117,-1.62897571775155,0.103318159466356,0.418783733481609
SNAP47,3.23755506757012,-1.13675291327582,0.453141784378004,-2.48892963010784,0.0128128323549376,0.106888668013299
ARF1,49.1959717010658,0.32265640704184,0.145064698376738,2.22433744986245,0.0261257488415756,0.17977247307458
C1orf35,6.5537715697333,-0.23471626019292,0.306148455731873,-0.767135909618806,0.443000713493954,0.796074358558884
MRPL55,7.98797790204697,-0.0754444838325134,0.283580664188276,-0.266057689894639,0.790194779463416,0.947331951222146
GUK1,48.9415677747711,-0.011590703631217,0.141648849562716,-0.0818279080900798,0.934783563040717,0.987648233164879
IBA57,0.11276670474771,-0.0684532635251189,0.59846769328735,-0.108743740674613,0.913405747505735,NA
TRIM11,1.91935113973048,0.416164319180077,0.50756091222302,0.817831642404497,0.413453327304056,0.772327294154914
RNF187,6.58106264766199,-0.473650702283096,0.330296473898168,-1.43558399585159,0.151120751427149,0.508110971020571
RAB4A,6.24215665900839,-0.216499840673076,0.350148662525227,-0.617950568603669,0.536607923474006,0.850532978569968
GALNT2,3.69299006174989,-0.663410653120852,0.418045124216238,-1.58693005204358,0.112528487678484,0.4365143398228
COG2,1.48451480991188,-0.349257280466148,0.569041288656085,-0.609990559887572,0.541868060991654,NA
ARV1,1.77647654104874,-0.0108843848105005,0.551202407063013,-0.0194949745706894,0.9844462459942,0.99694594823268
C1orf131,5.71470100906504,-0.661337278515337,0.385019947571633,-1.7184135316736,0.0857212138996038,0.377710561261952
GNPAT,2.24209600984584,0.0123981977991516,0.529052034875914,0.0233272537014701,0.981389232315902,0.995190338394101
SPRTN,3.24350713800037,0.418145921174884,0.396535902284572,1.05124430062715,0.293146401471917,0.678711140652163
EGLN1,2.76102286721413,-0.483494329160392,0.454961048475721,-1.06240118893852,0.28805359428117,0.674745381912941
RP11-295G20.2,0.755825587057237,0.138180507756604,0.644651918184696,0.209085469896939,0.83438151736982,NA
TSNAX,4.83200800033542,0.251254790387417,0.336559271069322,0.745670834600286,0.455866281542633,0.805532093333474
NTPCR,3.63128031555396,-0.223958906404983,0.421231539529166,-0.532074298425047,0.594674537468245,0.877099121667929
RP5-827C21.4,0.473793527958919,0.0480610339313828,0.668537822589094,0.069016150400551,0.944976763991819,NA
COA6,9.71685109836195,0.673448964163077,0.259852469638353,2.58720828410968,0.00967570853771416,0.087203647955589
TARBP1,4.54194455373924,2.57228737181829,0.445378342458644,5.43045223868721,5.62114222602402e-08,1.86098696086732e-06
IRF2BP2,3.45695213412953,-0.459420522407096,0.412141850112623,-1.11594346885865,0.264446333425773,0.653235804389146
TOMM20,5.7486984071478,0.27800440209276,0.326629110257972,0.85035971399769,0.395125126711384,0.758892262065204
RBM34,1.28738105915983,-0.0807390401865796,0.558838987063763,-0.14387492305437,0.885599238139942,NA
ARID4B,22.7202953777104,0.222051216560505,0.178924574148353,1.24090027220163,0.214642592202162,0.594672950185357
GGPS1,6.86340739772841,0.400074876384022,0.297653464553438,1.3423481458605,0.179483139444356,0.551106458268353
LYST,14.7037620997118,-0.219197154295544,0.238413818847588,-0.919184749421142,0.357998946605019,0.74052276820298
GPR137B,3.12836089635218,0.100907620941903,0.394672464353268,0.255142220270854,0.798613255902107,0.947331951222146
ERO1LB,1.79551695243413,0.239885685453775,0.542674007645842,0.444571550979464,0.656629410497784,0.902479691086249
LGALS8,3.03688944735686,0.474511456157688,0.437764410461902,1.08414783863472,0.278299254826013,0.666197033835439
FH,1.37516264579387,0.00753657289682448,0.562385879911057,0.0133359236349561,0.98935978781661,NA
KMO,0.098267546938256,0.194606368886902,0.591582682355772,0.333527123365175,0.738736418873074,NA
OPN3,0.579677147875294,-0.873386363138032,0.64672744050539,-1.32990606766548,0.183549222005917,NA
CEP170,0.871682438670063,-0.111992170941914,0.647992538178327,-0.178230970739585,0.858541587970082,NA
SDCCAG8,3.69675921216353,-0.129176466105737,0.481777725886358,-0.269375559386248,0.787640692048892,0.947283457256016
ADSS,14.1873529831646,0.0254465571153529,0.219725179832372,0.115809602230658,0.907803440245697,0.979036531336478
DESI2,2.53260482851,-1.07939906855804,0.477160077928077,-2.23964465743983,0.0251140010827353,0.175290532133403
COX20,6.62942078625983,-0.491133766588832,0.321842067799975,-1.52668203506693,0.126840096749974,0.463027925999904
HNRNPU-AS1,0.608111592536559,-0.556537395173969,0.658335134068907,-0.851175272230545,0.394671996827811,NA
HNRNPU,26.4203587991742,-0.132211026174166,0.20816952906386,-0.635322066273098,0.52521838482187,0.845869898839751
TFB2M,1.18167406914961,-0.0755224796995479,0.603584231614963,-0.126382078595285,0.899429487607188,NA
CNST,0.939229818047054,-0.204632217203064,0.641795512914759,-0.320122235942148,0.748875670058899,NA
SCCPDH,2.78000234515078,0.102946426715475,0.488341528429195,0.209632336300359,0.833954639651689,0.958488006107808
AHCTF1,0.952348402049547,-0.320264031821902,0.635467791607587,-0.520180052619618,0.602938086989583,NA
ZNF672,2.43539149552606,0.250723236473954,0.466159636605138,0.5377073820154,0.590779082046445,0.876264899235887
PGBD2,2.0229696440194,0.109341257429445,0.486806861375966,0.224179511935772,0.822617624889839,0.954958258736473
SH3YL1,1.40664693903396,-0.397454249489569,0.564642076986739,-0.703721895029225,0.481605982298201,NA
ACP1,21.5867447611393,-0.243529422258233,0.2053527550887,-1.18630448662731,0.23550207545464,0.620461924521134
TMEM18,3.63633374712301,-0.441530105016226,0.401808157646187,-1.09797046277321,0.272217387297637,0.657765547730962
TSSC1,3.79438818582665,-0.12032835950626,0.383883526196566,-0.313386950139019,0.753986697532689,0.932921449076858
ADI1,7.90922567006645,-0.176817920935924,0.279499547203263,-0.632882153935356,0.526810602590693,0.847274980763033
RNASEH1,2.84098284084195,0.3194705916484,0.418799577812724,0.761261451552701,0.446500920282521,0.797848534190505
RPS7,215.63775549716,-0.470970385526818,0.135988687742994,-3.4631307238404,0.000533928925631347,0.00831539013172606
CMPK2,25.6798452832451,4.4989386589436,0.330542631869742,12.5581929945107,3.58425181099117e-36,6.50603501139915e-34
RSAD2,44.1016522737441,5.41331806163711,0.332258262546598,14.5308719235214,7.72310860275126e-48,2.90388883463447e-45
AC092580.4,2.48997131791734,0.318243368645139,0.521574944300285,0.607367196471277,0.543607253134382,0.853145895522196
ID2,51.4718064412486,0.00762306456765164,0.17447573588911,0.0436764132290935,0.965162340787162,0.991146032365123
KIDINS220,1.21600051554183,-0.0145112131589412,0.551161948853665,-0.0263099639332158,0.979010107593944,NA
ITGB1BP1,13.3637037642373,0.198954081702281,0.269144007475544,0.739346598661797,0.459696560094789,0.808500732488797
CPSF3,1.80443416341082,-0.387995274908379,0.523586180859405,-0.73839634074428,0.460273637579125,0.808751835723123
IAH1,8.78957009300023,0.168436045503524,0.298804882696722,0.563836700713591,0.57286527221523,0.867834971272338
ADAM17,2.52085471093622,0.308021180148452,0.467982927379095,0.658871337991696,0.50997839259539,0.8375123513806
YWHAQ,26.15258532442,0.0503441270105779,0.190973305347342,0.263532346975413,0.792140295122862,0.947331951222146
TAF1B,1.88866624244077,-0.293262920090416,0.517303058666055,-0.565557737171322,0.571694464588658,0.867699110066337
HPCAL1,5.26550360777097,0.13415120815531,0.352104578045359,0.38070176229698,0.703424561047687,0.917215665787009
ODC1,3.14335403468526,-0.984473549273711,0.433551399805419,-2.25837283600284,0.0239224247922757,0.169942839549986
NOL10,1.99205388870785,-0.270571538388224,0.5072503267265,-0.534602868652016,0.592924499559747,0.876264899235887
PDIA6,47.4638210132281,0.890834840404378,0.162756468419597,5.47085392135722,4.47872346890889e-08,1.5210322800217e-06
PQLC3,6.35976696363558,-0.168783264382494,0.318489595597164,-0.529888421607354,0.596189294331334,0.877221636230693
ROCK2,0.52442246434667,0.666579013587205,0.651023456366104,0.99249136396881,0.320957890152068,NA
E2F6,1.28724940917122,-0.41716383661666,0.553056743845695,-0.747884237532285,0.454529985910219,NA
LPIN1,1.61807475554057,-0.591284834984242,0.539623098226697,-1.08578306911269,0.27757497871567,NA
TRIB2,1.83181999671641,0.784847327168944,0.522172398820889,1.49738275069035,0.134293693972457,0.476041754256574
NBAS,1.71719658476587,-1.24869019934202,0.59782461909486,-2.09396245329644,0.0362633250790622,0.223263325399045
DDX1,4.23786248313571,0.095937208213369,0.368347867447437,0.260279264980111,0.794648365702785,0.947331951222146
FAM49A,1.67269262879814,0.566032477119047,0.57469042906614,0.983386234491725,0.325417382617324,0.710492369181913
SMC6,2.94246649331583,0.0719755645876972,0.430170732190255,0.166990382338862,0.86737761644973,0.967413325623816
RDH14,9.51776772038576,0.482092566870099,0.260099503331247,1.85178553656584,0.0640566253665235,0.315724790196048
TTC32,1.64960327936153,-0.381123139207706,0.566177074219627,-0.671474487774564,0.501918306640672,0.833995570125157
LAPTM4A,23.9692007996757,-0.195176241723468,0.176751505197641,-1.10427332670226,0.269474589735724,0.657142383348775
PUM2,2.16475121451604,-0.560377619160583,0.497293008280535,-1.12581398234228,0.260244264497021,0.648639113784241
RHOB,0.913784743527559,-0.16673954838251,0.655540461716445,-0.270968999206568,0.786414875604181,NA
HS1BP3,1.09210049400218,0.224164783011947,0.574957070375258,0.389703160185434,0.696756059425159,NA
UBXN2A,4.71421998789286,0.708332806733408,0.378062104754544,1.87036395315924,0.0614332941088526,0.308610428938631
SF3B14,22.8404152072943,-0.203516310942395,0.198418814683808,-1.02588341532237,0.304946540914377,0.690358276415443
TP53I3,0.0581665624275124,-0.0537723617323999,0.493056831089551,-0.11027937439603,0.912187814330639,NA
ITSN2,8.2754370456737,-0.0120780600033656,0.311226399395934,-0.0388101752117266,0.96904173230191,0.993404848452291
NCOA1,1.83444674372678,0.27264982077738,0.507856129208515,0.533988564008549,0.593349446216266,0.876264899235887
PTRHD1,4.86704819536213,-0.472413239047675,0.349160056619614,-1.35144839548268,0.176551839988569,0.545404275645439
POMC,1.86260561457111,0.323762796713352,0.488561947860616,0.660585769861758,0.508877997326745,0.837365982472018
ASXL2,1.6573811797441,-1.05272414505483,0.571042531723538,-1.83041852605537,0.0671873795435545,0.323443674866964
RAB10,10.4043192021755,0.11066471619119,0.263471354606968,0.42009576728154,0.67441549467716,0.909672114183137
HADHA,6.19145616406279,-0.495982449675905,0.321993695093946,-1.53893665266852,0.123819762022241,0.456027379599006
HADHB,4.84805739031611,-0.10577391472671,0.363204549315692,-0.291514981172847,0.770657487863585,0.940148555298705
OST4,51.5160253831237,0.151600241956812,0.125400312137928,1.20889336702376,0.226703814776536,0.61135700870066
PREB,4.05115879252455,0.551324065903657,0.373358104489214,1.47156126377242,0.141139392385242,0.488788000997313
SLC5A6,0.611516748220891,0.0828177344500939,0.652747721153063,0.132981908851498,0.894207688060814,NA
ATRAID,21.4019342028353,-0.088435048936121,0.188555900294335,-0.469008729947101,0.639063395986032,0.894213109109642
MPV17,3.65885505837656,-0.528525975644279,0.425921930176523,-1.24127488564613,0.21450421903564,0.594602532387366
EIF2B4,2.37607103352049,-0.613393500445176,0.475530566009106,-1.28582425270718,0.198504404047987,0.578664327434937
SNX17,11.0293256358567,-0.347175146919,0.243252496337623,-1.42695789263232,0.15359203209313,0.510099972831695
PPM1G,9.86319107144755,-0.134208196918917,0.275980242216839,-0.486640896210745,0.626512836593783,0.888011772147974
NRBP1,13.9965753907589,0.774731214147013,0.286547972417618,2.70590382943827,0.00681187698293576,0.0676560762984412
GPN1,6.1322273908018,-0.287767162003482,0.326051836159738,-0.881978013629008,0.377788697048429,0.749213874119995
SUPT7L,2.21327043227075,0.671667845458407,0.497275047631792,1.34098876886971,0.179924099089203,0.551721135264751
SLC4A1AP,4.69259499444187,-0.267538332733735,0.367582174998424,-0.729198412461057,0.465880302180542,0.813342661608536
MRPL33,9.74628820846505,0.170270045512054,0.260239305401191,0.653967634858753,0.513132657475106,0.840164948351153
BRE,4.12917819463603,0.441549837731549,0.385687388983566,1.14197971269111,0.253462452523122,0.640838784861534
FOSL2,3.87928739043969,0.455660325762595,0.444619277121684,1.02669000198584,0.304566458620289,0.690158346180456
PPP1CB,6.33710804406989,0.159825744354314,0.345418699013502,0.463309249166007,0.64314271703849,0.896842752185913
TRMT61B,1.26275408830464,-0.210382628042483,0.55351079834876,-0.379443046930722,0.704358889467624,NA
WDR43,1.71809245869341,0.161861372753701,0.50720815877597,0.318344238659616,0.750223830743842,0.93184951510986
CLIP4,1.91188915086076,-0.2857350315694,0.528723910017302,-0.542384874911988,0.587553396978997,0.875426289753026
YPEL5,30.2106192054856,-0.0775843406281269,0.230415176339246,-0.336831075243187,0.736244245874492,0.928062670087003
LBH,21.0102885158314,-0.303179892519998,0.237448581744807,-1.27559440231884,0.202098933895988,0.581338135534688
DPY30,11.4154338904999,-0.560258059603235,0.253575286961075,-2.20895173221398,0.0271779983684743,0.185077598203944
YIPF4,9.49639769911999,0.41549042475964,0.261047639225967,1.5909677741811,0.111616828380521,0.434535905554651
BIRC6,3.36438392160954,-0.220570735780469,0.476069227068936,-0.463381686268267,0.643090803336324,0.896842752185913
TTC27,0.700862947207051,0.181876025462149,0.667669015494475,0.316499960071476,0.751623055471418,NA
RASGRP3,0.404504746659912,1.17337010036762,0.667651407683894,1.75924253668952,0.0785363221745689,NA
FAM98A,1.39554186887012,0.410503056036828,0.567559361352971,0.711719092813304,0.476638742208905,NA
FEZ2,3.5234165432556,-0.313884968403806,0.43579980318258,-0.719358461304254,0.471920083763804,0.815289570375014
EIF2AK2,37.9135118940073,2.90678456785764,0.234562233018476,12.2627230041113,1.43592190546828e-34,2.43828803560807e-32
CEBPZ-AS1,5.51088711443403,-0.140986332151308,0.357769548303374,-0.393577405767818,0.693893065175296,0.91653641518341
CEBPZ,6.48839079662661,-0.0151714156773738,0.321314477589092,-0.0472262971852073,0.962332868777968,0.990737780820354
PRKD3,4.24754419848934,-0.464587387595634,0.363462118572643,-1.27692131300588,0.201630028815233,0.581105269555774
QPCT,4.48321352899624,-1.16842686268567,0.461716698702654,-2.52657653208888,0.0115180289966758,0.0998861690914356
CDC42EP3,11.198999263158,-0.0856593152574403,0.259678896613903,-0.330027136179271,0.741379458076728,0.928974403074481
CYP1B1,0.0671874447645446,-0.0533255467146272,0.508527613613103,-0.104233865269312,0.916983759737709,NA
HNRNPLL,2.2790180748691,1.03876478992563,0.50966450772856,2.01730715758312,0.0436634691428097,0.24924643712462
GALM,5.21661863586656,1.14975940473495,0.380592015561061,2.9990928986997,0.00270784728301043,0.0328582305876324
SRSF7,46.8087508911898,0.118528815128356,0.144611739347383,0.819607137927309,0.412440103192916,0.771834924401753
GEMIN6,1.80789978990899,-0.340917491208849,0.506069530797317,-0.670950903529712,0.502251806800037,0.834023189588453
MORN2,0.794154319517925,0.225373313989093,0.635290207882309,0.363221963784537,0.716439081701285,NA
SOS1,0.856639971891907,0.568228711413351,0.597933899118638,0.942569045132162,0.345901379329355,NA
SLC8A1,0.380474502893363,0.0664848890209354,0.490758376159533,0.164377231875702,0.869434186099217,NA
EML4,12.0960548359963,-0.0693682910567895,0.230551874936903,-0.300826286494026,0.763546962603232,0.936247661575451
COX7A2L,25.6996764482912,-0.322753858423536,0.174426396746454,-1.85002932587382,0.0643093229750586,0.316398907149238
ZFP36L2,54.3502827244091,-0.238595555181868,0.143703510701234,-1.66033884136638,0.0968463060569126,0.40236697323093
LRPPRC,1.70994320600342,-0.748336714822502,0.554046406444263,-1.35465160740054,0.175528582781109,0.543838999270018
PPM1B,5.94693891806617,-0.0624946405851929,0.306285487785162,-0.203949417614993,0.83839302690697,0.959204714983328
PREPL,1.36769790215009,-0.247117891692025,0.558740106225121,-0.44407429807117,0.656988868006594,NA
RHOQ,0.265900051778866,-0.164929421406424,0.660321694916266,-0.263932238318868,0.791832133575804,NA
PIGF,3.16781659685541,0.273831908152282,0.450767623142188,0.605448591740073,0.544880972815893,0.853145895522196
CRIPT,6.61636973557319,0.0217513111689084,0.294816578083852,0.0737382178300209,0.941218688119939,0.987648233164879
MCFD2,1.96765950983313,0.298954379713936,0.486977508930256,0.610364600178658,0.541620312564196,0.851742070151531
CALM2,82.2940251410946,0.0647335700553086,0.143316099434156,0.451772202294291,0.651433097227174,0.900439173745401
MSH2,3.44019303608844,-0.139970083587042,0.431178393641992,-0.325864790125387,0.744526656275449,0.929591366361252
MSH6,0.912008565700551,0.27165101088131,0.620473671954184,0.440543763421813,0.659543323044442,NA
FBXO11,2.57739406645571,-0.584005984310851,0.570367674380612,-1.04947802921204,0.293958162040934,0.678996401132634
FOXN2,1.77436761527413,0.551098662723251,0.538765524295801,1.02288485124816,0.30636229281959,0.692439291284809
PPP1R21,1.5707089504766,0.051557512796329,0.540245816844113,0.0955788259365887,0.923855082650738,NA
CHAC2,1.14592452518587,1.05138051409518,0.602396540708685,1.72210787710574,0.0850499784398856,NA
ERLEC1,10.8016285281988,0.311552411552087,0.298291730440153,1.04404975084865,0.296462372421869,0.681177620440297
PSME4,2.05916068778736,-0.468788221364096,0.586403454484649,-0.81514465320247,0.414989514362805,0.773168428452837
ACYP2,2.47721968351174,-0.0935164388351909,0.50329532260508,-0.186611630605474,0.851965147038554,0.962014600593541
SPTBN1,2.04743638746025,-0.644502948640863,0.574440928019391,-1.11864612951921,0.263291135600707,0.651546969423151
RTN4,14.7759964504818,0.101496805248979,0.222399094599745,0.456259177526294,0.648203615510614,0.899352617830224
RPS27A,485.444666862032,-0.0217411893330661,0.111272089649831,-0.19538753682376,0.845089572758735,0.960395403929616
MTIF2,0.96396742987162,0.470688545721681,0.594867684824556,0.789798950929618,0.429645191828196,NA
CCDC88A,0.225901518859815,-0.304599358205412,0.636131217480438,-0.467623341396747,0.640053969964485,NA
CCDC104,3.62116412319931,-0.0693176358276677,0.436799539220351,-0.15939082859765,0.873360964258214,0.968887695649155
SMEK2,5.45219381225843,-0.073055886264767,0.344984770445757,-0.211674894474916,0.832360675584173,0.957990522496519
PNPT1,9.57142449357733,2.75463659829661,0.349676231843861,7.57813307922037,3.50562720442473e-14,2.02787050594415e-12
VRK2,4.53699260607334,-0.0279746477130834,0.438887631783327,-0.0637072971798839,0.949203294243405,0.987648233164879
FANCL,0.637881122506235,-0.025768500102395,0.653803484800913,-0.039586290280168,0.968422957643642,NA
BCL11A,0.14533684498218,0.00618440404080217,0.640677865077925,0.00901490186063352,0.992807246412375,NA
REL,12.0189776447717,-0.406126804148962,0.252174939016789,-1.61119949244295,0.107136248413024,0.426648361835849
PEX13,2.12203889593151,-0.186630429337711,0.487156305384082,-0.38282094174437,0.701852532925627,0.917215665787009
USP34,3.49801669011257,-0.407177631250931,0.416785308890694,-0.978884210683771,0.327637194565057,0.710584304560553
XPO1,4.5043011528941,0.0702729143665449,0.358868885226087,0.195931117604858,0.844664080958837,0.960271882303656
CCT4,20.7071277324216,0.0998699770197851,0.189030604088995,0.528244257029183,0.597329815553733,0.877221636230693
COMMD1,7.91712076902349,0.338883224882957,0.305248019887537,1.10925486139301,0.267320251669808,0.655462541760462
B3GNT2,6.71693872719079,0.368418032081728,0.3271987424428,1.12545515340513,0.260396210898276,0.648710674003088
MDH1,25.1136620332718,0.207070200203373,0.195921670536996,1.05651625659143,0.290732417702569,0.676576236421894
UGP2,19.456639017387,0.397116168797777,0.198866899008465,1.99617683731919,0.0459146777377179,0.257670430289283
PELI1,1.01242603756389,-0.435297264767694,0.612021694921488,-0.714387097241704,0.474987848255284,NA
AFTPH,4.24823229459904,-0.0684270004851363,0.399697614854923,-0.171356030959086,0.863943825572197,0.966292154791287
SLC1A4,1.06931473543068,-0.712285909154373,0.598100382148816,-1.18064426875669,0.237744069716645,NA
CEP68,0.724344728638425,-0.204054906622934,0.639372686253013,-0.322418857470218,0.747135400168919,NA
RAB1A,10.1623451604454,0.6349887467444,0.279704810520973,2.26696719919601,0.0233922295361317,0.167621900394231
ACTR2,11.6877304006529,0.272463344491158,0.254248141963928,1.07148690524527,0.28395055549229,0.672084408323478
C1D,6.00344556396578,-0.641649867196167,0.371508748778768,-1.7290334510291,0.0838031083703367,0.373214519848944
PNO1,2.61056836336985,-0.42238519489481,0.457128010319151,-0.922364636389731,0.356338409317158,0.738361841539294
PPP3R1,2.48844773416069,0.483241568770779,0.450061234282194,1.07032034090226,0.284475141617994,0.672513858962409
PLEK,14.8502940575221,0.429884854302092,0.262810659943019,1.63316131287043,0.102435074178912,0.417028793873002
FBXO48,0.938001155237374,-0.656334777836342,0.637115730052163,-1.0162227314788,0.309523334032999,NA
ARHGAP25,3.94519686726138,0.306238548078672,0.388577395023226,0.785968808566372,0.431885760902487,0.786075117995112
GFPT1,1.25427889905804,0.955109492687754,0.579327889929507,1.6182602264939,0.105606528361188,NA
NFU1,7.04867780522989,0.535599707493558,0.294046004235495,1.81899333432877,0.0689124470254894,0.327131982717451
RP11-427H3.3,1.04767204590366,0.192694089882736,0.576624112879338,0.333872459469511,0.738475802621262,NA
AAK1,3.11649578845181,0.13557959022281,0.429406149902227,0.315330547843485,0.752510693384718,0.932921449076858
ANXA4,3.58038155862835,-0.359962353362144,0.399082541344855,-0.900774553271981,0.367708199969399,0.742491576501798
GMCL1,3.86651582012196,0.425373540840235,0.4386651360543,0.966797007577334,0.333645520686683,0.715109943361033
SNRNP27,6.12297685795279,0.017306451126346,0.325336568934794,0.0531445417554724,0.957616742385481,0.988997568811304
MXD1,3.33440878344492,1.1823882502108,0.465545645290131,2.52308009662116,0.0116331900563399,0.100388708945202
PCBP1-AS1,2.31560089806581,0.692568777898446,0.468793398401849,1.46890642642406,0.141858171341494,0.490309529836917
PCBP1,50.7141991546617,0.489170443256563,0.150850973475618,3.24196301602285,0.00118709426638847,0.0167529871803456
C2orf42,2.35174117091867,-0.320077507282475,0.473823026993932,-0.676196968536691,0.498915597006249,0.831916756134809
TIA1,3.72467288186982,0.83258342687795,0.415334754597263,1.9927806595747,0.0462854704668613,0.257879803565672
PCYOX1,1.27575279907869,-1.434998874657,0.584917149382364,-2.42151290347941,0.0154560523058663,NA
SNRPG,17.5806352017265,0.0901589112372456,0.22586676658892,0.399395644034823,0.689601703072461,0.915988737061174
FAM136A,4.56820266945904,-0.193470000664338,0.343539011411963,-0.563149829876826,0.573332862553938,0.867834971272338
TEX261_ENSG00000144043,3.26615266109445,-0.0895918899981121,0.448529616103679,-0.200375187592783,0.841187163403428,0.95986749419997
NAGK,5.80097638876995,0.00166467150228126,0.378973743645143,0.00437768053386085,0.996507127446194,0.998746966792678
MCEE,2.41777990564999,-0.719229841728118,0.490840409575998,-1.46160345368756,0.143849907432467,0.493306783533882
MPHOSPH10,7.61472344694086,-0.110918064715142,0.319025424493994,-0.347967435205068,0.727864639947368,0.924091400842208
ZNF638,4.72702555926269,0.02820073274804,0.348293370241767,0.0808367589956413,0.935571774264119,0.987648233164879
PRADC1,1.59294498006556,-0.70100998892263,0.581902365015815,-1.18579465710729,0.235703402012095,NA
CCT7,18.3290713668933,-0.0414352029019185,0.203061971621837,-0.204115929880335,0.838262906145625,0.959204714983328
TPRKB,6.67013611780244,0.042871075536243,0.323045819130339,0.132799632368242,0.894351845112311,0.975654946665784
DUSP11,12.3092161551862,-0.202406721769649,0.227233935474075,-0.890865371846438,0.373001399454822,0.745623346504675
STAMBP,3.3838014893499,0.182319843160783,0.434039563067953,0.420119180888493,0.674398391216009,0.909672114183137
DGUOK,29.5110875953978,-0.303445369343815,0.165628380653301,-1.8319160528672,0.0669639285145456,0.323443674866964
BOLA3,3.48564765960163,-0.502350852131037,0.41801326938848,-1.20120283741776,0.229672529030129,0.61483488035611
MOB1A,25.5905983857138,0.474685013873838,0.188445017351708,2.51827606370889,0.0117930848145981,0.100941135713893
MTHFD2,8.44531312878772,1.69102552357052,0.352020283871442,4.75838414272063,1.95148848882e-06,5.11076388315844e-05
DCTN1,2.2290400806021,-0.704124697645679,0.551295131482292,-1.29665669843177,0.194749334557207,0.573355982723231
WDR54,6.22014459286933,-0.385038558932704,0.333462713312836,-1.15482431090904,0.24816237949428,0.635419799069433
MOGS,1.98981279824139,-0.894648250278754,0.491302574217285,-1.80750254681601,0.0706839579562117,0.333106852893015
PCGF1,2.30986599327444,0.302036415643349,0.474991040459772,0.636083002491623,0.524722323615772,0.845498389954854
AUP1,13.539775320061,-0.579995555910821,0.216598954806095,-2.6769502917318,0.00742956566805966,0.0722906352618596
HTRA2,3.71092310015296,-0.875815012824783,0.395831051921433,-2.20352927369261,0.0275574660378037,0.186706682388592
DOK1,3.16921565314498,0.09476613771779,0.40013564393617,0.236510161284356,0.813036823351818,0.95063330273134
HK2,0.333706129091381,0.504349279108388,0.662420396080717,0.78685243520334,0.431368254229931,NA
POLE4,8.48377360222266,-0.0680737622958561,0.3086517019163,-0.220500350862593,0.825481499153058,0.95611303452249
MRPL19,3.98835615753566,0.0708430098423649,0.411560040893971,0.171981157715346,0.863452342244571,0.966292154791287
GCFC2,0.664857423979394,-0.205140473791006,0.610112149495097,-0.334544613272605,0.737968631661381,NA
SUCLG1,12.5411448987725,-0.0308354263261921,0.265832337211558,-0.11604495609343,0.907616912638006,0.979036531336478
TRABD2A,0.464999230113765,-0.0805155410943259,0.66842191748613,-0.126232586107118,0.899547817688733,NA
TMSB10,280.947695231274,1.34207114099511,0.114832676542637,11.6841110405185,1.53678988676767e-31,2.31133198969857e-29
KCMF1,2.23084297623405,-0.170239711803776,0.480637127674291,-0.355325080088949,0.722346068570106,0.921801140594676
TGOLN2,7.05635007103886,-0.660224913187267,0.310085587677457,-2.12715564550794,0.0334071530709407,0.211046182694616
ELMOD3,2.53947378748051,-0.247929102089181,0.472022747939214,-0.523159640641489,0.600863164690133,0.877505019104904
CAPG,5.62120529701699,0.157064631232027,0.425711398095411,0.36990420203882,0.7114538704027,0.919123640580385
MAT2A,0.858887852048172,0.514342127441389,0.60335996854378,0.847952143296941,0.396464623370058,NA
GGCX,1.56598846435392,-0.583832526586782,0.556376371600093,-1.05676975701044,0.290616679947266,NA
VAMP8,44.4705237919044,0.00945355641988677,0.141357363160789,0.0668744607978314,0.946681644843088,0.987648233164879
VAMP5,19.1539134250248,1.08989408710971,0.210671503603193,5.1633773576799,2.42533508048314e-07,7.29540792209329e-06
RNF181,21.5936278178726,0.209892968888011,0.186844224033011,1.12322223412663,0.261343121848222,0.650761680893587
TMEM150A,1.20599391830984,-1.63296935744479,0.614017360163477,-2.63300331892171,0.00846335203230543,NA
USP39,2.75008275150539,-0.194752596360481,0.453072202750898,-0.430760624995975,0.666642432406206,0.908050586742816
C2orf68,1.67622304461752,-0.736292058820127,0.515358917486264,-1.4140449834553,0.157348695130818,0.515777219427081
GNLY,1679.186992216,0.405987344831787,0.19029257928387,2.13350295739145,0.0328834893116877,0.209056386155464
ST3GAL5,3.37032035518949,0.284174692567342,0.403946578320023,0.70073298046467,0.483469669833852,0.82398682271019
PTCD3,2.65611876668591,0.219115564279393,0.43570050694349,0.502624213358039,0.615228502222052,0.882341937661225
IMMT,5.03153025881852,-0.258671087731865,0.343361621708302,-0.753390905262547,0.451215046365551,0.802323127022098
MRPL35,1.70187646678065,0.459813782524215,0.564595752039503,0.806246815639272,0.420100549765339,0.776535999660517
KDM3A,1.22045691362474,0.0840171151526346,0.586941696279723,0.14275179859609,0.886486206234306,NA
CHMP3,3.54378892832792,0.534260258520264,0.396184740544651,1.34329127747262,0.179177675384361,0.550929487864064
CD8A,15.7673415247829,0.221961869548338,0.262598418891742,0.845074640346262,0.398069166361266,0.759911380268678
CD8B,2.34222019692458,0.74147314764086,0.592056821528649,1.2302197385377,0.218614830297077,0.60093392516126
LINC00152,10.2593658807916,0.641758470847817,0.26815991353543,2.38945502546127,0.016873389633454,0.131392785548079
RP11-1399P15.1,0.566747575001254,0.434215798890104,0.653043915765207,0.68156676190876,0.495512938173139,NA
KRCC1,8.7039705521594,0.069124069853344,0.284689647616854,0.242796008057173,0.808163428167852,0.950228341718913
RPIA,6.98012280687358,-0.15548393379919,0.311891502452547,-0.498629646676015,0.618040315573065,0.883842574034391
MAL,0.118144929545337,-0.298337381044411,0.562452129698189,-0.522523949523923,0.601305575836423,NA
MRPS5,8.1453143590295,-0.657807085423864,0.300228410207348,-2.19016960878045,0.0285119384428891,0.190950183159501
ZNF514,0.967129806124084,0.350498708832111,0.61568268930417,0.561014831660163,0.574787426344752,NA
ANKRD36C,1.83540463659791,-1.03229611815965,0.568156112537308,-1.81285138410348,0.0698547462274737,0.330679302285451
DUSP2,57.8547296706075,-0.797236985375738,0.192818085465873,-4.13574342585211,3.53807332918716e-05,0.000747968594571936
STARD7,2.66853031769329,0.35322308599994,0.445401821023222,0.79080060560386,0.429060356482272,0.783139291443371
TMEM127,1.25044625027576,0.171823394091958,0.558743172521573,0.306975619725139,0.758861929502791,NA
CIAO1,7.05980745167755,-0.0537386300600753,0.310300059957172,-0.173279859657871,0.862431453881136,0.96619977318802
SNRNP200,2.10942807322843,-0.948879264055732,0.488785922158712,-1.92635108020036,0.0540605513513571,0.284580755823187
ARID5A,35.9162236614566,0.848592526253547,0.181914600877107,4.66253600602226,3.12336418730403e-06,7.98125683590699e-05
ANKRD39,2.52728654350906,-0.674871261809843,0.480621712171786,-1.40272192193803,0.160699777587005,0.520568387211072
FAHD2B,0.85038290005934,-1.05185749323071,0.593948686058018,-1.73970404657722,0.0819109984348222,NA
COX5B,31.4858164125687,-0.019448448997155,0.161724179970243,-0.120263245569037,0.904274618533449,0.978611663245645
ACTR1B,2.95911772942936,-0.448624491585413,0.419237396847637,-1.0669295896442,0.286003631991068,0.673481727388762
ZAP70,7.68267032391156,-0.31699515025942,0.28279939384654,-1.12061315788395,0.2624525617457,0.651060454773499
INPP4A,3.15766501253601,-0.257792738595047,0.431653239261703,-0.596787588961918,0.550649205167531,0.853538697291486
COA5,6.70158547619323,0.10253695730219,0.32739270940863,0.313129999610602,0.754181897943543,0.932921449076858
UNC50,11.295756489198,0.149891936426691,0.24943215447813,0.600876762494396,0.547922071572326,0.853145895522196
MGAT4A,5.73781950747634,-0.193686841160898,0.321345914189845,-0.602696459620624,0.546710637223512,0.853145895522196
LIPT1,1.84295795276882,-0.396584254169693,0.513833667520022,-0.767379251552229,0.442856061019678,0.796074358558884
MITD1,7.80819769613756,-0.0654228422491534,0.303348016447795,-0.215640260633033,0.829268170589851,0.956224092471219
TXNDC9,9.36468513174442,0.238274216366355,0.299527242603537,0.795401102166032,0.426380219023096,0.78204371879358
EIF5B,12.3883912001818,0.0175482177542188,0.281782513594507,0.0623543643450595,0.950280636176991,0.987648233164879
REV1,0.967984649303414,-0.627971168540593,0.573249430836979,-1.08035721519514,0.279983140435045,NA
PDCL3,11.2043720747718,-0.540904835932928,0.271385122280375,-1.99347904888752,0.0462090154844896,0.257879803565672
RPL31,233.428513484579,0.0535390960337025,0.134643193845111,0.397626616040571,0.690905438066266,0.916386366490548
CNOT11,1.39859047189228,-0.718680450409478,0.587605379433823,-1.22168164320038,0.221828040759338,NA
RNF149,17.8662857330638,0.488694100978687,0.204775309356264,2.38557022955712,0.0170526660886359,0.132370805627783
MAP4K4,0.567904137828508,-0.59665567790406,0.654296708458144,-0.945245956624854,0.344533322128854,NA
IL1R2,0.0277809403254875,0.00708335167592632,0.490601629230456,0.0144345705803501,0.988483278924753,NA
IL18R1,2.40344616282977,0.94486217806169,0.551975408512588,1.70787918668482,0.087658761869115,0.382934209526159
IL18RAP,8.23257175411239,1.61606916952532,0.345516469981064,4.63101940665647,3.63869761943569e-06,9.0777745349334e-05
MRPS9,3.73728737987424,0.206036432217476,0.393283287721847,0.522858724294244,0.601072569999265,0.877505019104904
RP11-332H14.2,1.65421845108907,-0.663231901367077,0.519893286685638,-1.27250721262046,0.203192963057151,0.583068567143556
C2orf49,3.13174273528806,0.178091152546918,0.43307260107293,0.411801512762291,0.68048491249929,0.912201228007465
NCK2,0.688328881853876,0.316044001790005,0.629803228445483,0.499059884332445,0.617737197218941,NA
UXS1,4.35748253118624,-0.738486400294238,0.450988138790584,-1.63744332003899,0.101537872892381,0.414337490624415
GCC2,17.098777005495,0.053407644321082,0.213877538830762,0.249753728212631,0.80277780539167,0.948768259507023
LIMS1,4.92738983734307,0.520410150045037,0.364159262989522,1.42638911841276,0.153756052945583,0.510322738149778
RANBP2,1.94104453343812,-0.321595013519532,0.578297498327874,-0.572132476490394,0.56723222860849,0.864228784774267
LINC00116,4.70306033490294,-0.305001414936624,0.38170039060498,-0.79988522794093,0.42377729721155,0.78001704816056
BCL2L11,1.00143601801912,0.0787858202880886,0.603744927274502,0.131087568275061,0.895706035377099,NA
MIR4435-1HG,0.946214626304619,0.22808667011845,0.600699915375722,0.377126514304763,0.70607958790745,NA
FBLN7,0.139787521414832,-0.129562910778164,0.641690028587526,-0.203199588374247,0.838979034553025,NA
ZC3H8,2.56583736741244,-0.233018549620653,0.436612150609835,-0.53310457583076,0.593961191713565,0.876292520510147
ZC3H6,2.03585757494163,-0.703422333503468,0.530392412570811,-1.32195923941561,0.186181724277883,0.562283761674569
CHCHD5,6.60167813597438,-0.266591116649583,0.305749939215317,-0.872015064672101,0.383200159258255,0.751430869465124
SLC20A1,2.9180646450881,-0.177655961374209,0.457011930136099,-0.390246436150867,0.696354327151917,0.917214265271815
IL1B,0.290699796380518,-0.286842654362993,0.492177361564099,-0.704988487214137,0.480817400807584,NA
IL1RN,2.91160867718879,3.3534155758895,0.565477508384434,5.57168467989238,2.5228773454328e-08,8.85361756423884e-07
CBWD2,3.02154453362494,0.798463013684699,0.487473717838332,1.63457383254336,0.102138416892644,0.416465241303547
SLC35F5,1.93385381364163,0.0541959781639284,0.601838944546478,0.0924018203111293,0.926378793218505,0.984736361186999
ACTR3,28.6594573864782,-0.0432600261123117,0.174635452293934,-0.247709231637329,0.804359388630406,0.948768259507023
DDX18,19.5557669600204,-0.318517410147975,0.186643259755063,-1.70655410999021,0.0879049608476237,0.383373416654425
CCDC93,1.23634330538203,-0.543104678559826,0.566397311057036,-0.949647991143934,0.342291144598776,NA
INSIG2,6.01567776336717,-0.0252992287602196,0.356845435519172,-0.0710909452206084,0.943325374605363,0.987648233164879
MARCO,0,NA,NA,NA,NA,NA
C2orf76,1.81898663180523,-0.452477838562034,0.496363431989236,-0.912026482850546,0.361754776729779,0.742491576501798
DBI,31.303895670541,-0.0275995809194803,0.16299264337247,-0.169312682162671,0.865550701073077,0.966537736624666
TMEM177,0.40841147211938,0.0152209440703605,0.66858838380328,0.0247562947665267,0.980249352087236,NA
PTPN4,11.005869786523,0.819592093392487,0.284414698048111,2.8741547741563,0.00405110384375133,0.0451801072743793
TMEM185B,1.18823409319919,-0.244525559237023,0.61887610412314,-0.391251377587861,0.695611435057386,NA
RALB,2.5378205611302,0.938902102246923,0.470875148204571,1.97816138737945,0.0479105031458609,0.263532798913074
NIFK-AS1,4.13408148163641,-0.0347021032396828,0.408365415857448,-0.0851271846252485,0.932160278538964,0.987302154170846
NIFK,7.56813124398482,-0.348884628433147,0.289292753017217,-1.20584060561356,0.227878955454874,0.612414678141072
TSN,6.1938634382409,-0.13902979946016,0.334232879377338,-0.41600525555153,0.6774061574816,0.911054167854661
GYPC,11.3979591652771,-0.668125570969393,0.240482806965339,-2.7757537794254,0.00550738990446958,0.0572942696781184
BIN1,11.7968835144855,-0.646745761433808,0.258900599945296,-2.49688044439924,0.01252911904707,0.10536156685206
MAP3K2,2.00106004430989,-0.309525250133651,0.514935922105632,-0.60038015829088,0.54825290820766,0.853145895522196
IWS1,1.96574646611645,-0.58509863917319,0.488739515477902,-1.19319918146648,0.232791375170263,0.618348143190213
WDR33,8.28559241636639,0.0810230562929152,0.340429995207205,0.237634320057607,0.812164729320801,0.95063330273134
POLR2D,2.57411059031843,-0.27909337332251,0.487995618976294,-0.57581785922256,0.564738300792788,0.862676539500392
MZT2B,12.5578298783393,0.0845163580626039,0.239143017003911,0.353413865231388,0.723778192694225,0.922175145741777
CCDC115,10.5992404015009,-0.535239520119133,0.264232528901494,-2.02509945452764,0.0428571529177829,0.246288267422718
IMP4,5.97170834614514,-0.286800458840037,0.319325320907146,-0.898099727020513,0.369132384557966,0.743188757980021
PTPN18,2.09729415447391,-0.065133109483152,0.479556370797864,-0.135857897178098,0.891933619977594,0.975033263453168
FAM168B,1.11983577493862,0.477944023150537,0.607942817700425,0.798150378478609,0.424783229258359,NA
PLEKHB2,5.03692571798686,0.197992099746149,0.364373322225726,0.542429572832139,0.587522611817001,0.875426289753026
MZT2A,11.2905864652228,-0.0444470158831483,0.262435021123641,-0.169513396449537,0.865392836000803,0.966537736624666
CCNT2,2.74094776579115,0.292913080737821,0.444763383028601,0.6584644042054,0.510239762704708,0.8375123513806
RAB3GAP1,2.19688571148928,0.515725312920861,0.487217597708707,1.05085332883001,0.293325958393554,0.678711140652163
R3HDM1,1.70017722692053,-1.25191975975689,0.563718428188097,-2.19337061807854,0.0282806874659451,0.189884615842774
UBXN4,26.4974638718628,0.154113748828767,0.175256660307921,0.879224530064116,0.379279546616424,0.750292195937187
MCM6,2.99192522571064,-0.443759211831237,0.457655782753568,-0.968081726783989,0.333003555140676,0.714898333711467
DARS,4.12935914747137,-0.46303102201766,0.378706669663694,-1.22266670268007,0.221455608250291,0.604951905464209
CXCR4,242.962088914476,-0.38697510594869,0.181658001604131,-2.13034403464977,0.0331432205944788,0.20969460722276
HNMT,0.143087664918672,-0.134117397794681,0.5329202300512,-0.268024492729284,0.788680465778222,NA
SPOPL,0.0576144896266913,-0.164981158665352,0.492033836259756,-0.316735743601118,0.751444124633642,NA
KYNU,1.7047199463151,0.666930418486839,0.545316547785459,1.21458955781341,0.224522673494805,0.608248256979286
ARHGAP15,6.00022895758368,0.209936390717174,0.337211037266336,0.621517444550458,0.534259220313735,0.85016340257905
GTDC1,1.24272135477626,-0.501129241629874,0.580680332195622,-0.859194068197204,0.390233455470962,NA
ZEB2,9.13064737018162,-0.466300004755384,0.292471327895509,-1.59474426646824,0.110769434767091,0.43382436077478
ZEB2-AS1,0.182698241535815,-0.0871484515307363,0.652714560653806,-0.150752696629059,0.880170802313078,NA
ORC4,3.38425913182644,-0.276700390270826,0.427249724483637,-0.647780686247993,0.51712680891918,0.84187135998168
EPC2,0.675096994166505,0.388731191520696,0.631246878561063,0.609997212286373,0.541863654230937,NA
MMADHC,14.1568176713535,0.18827219907631,0.224292040896047,0.839157643794729,0.401380852296143,0.761394164499783
RBM43,1.22650178694226,1.35381358793713,0.597825706503171,2.20521526131492,0.0274389927690898,NA
NMI,38.2202664016142,1.93926553493635,0.175889146393829,10.9865327141385,4.43643318502232e-28,5.6959473868189e-26
TNFAIP6,0.627286921640499,0.995767211756483,0.660605970634002,1.4980619376861,0.134117158991433,NA
RIF1,3.2689896787874,0.245809971196702,0.472473568424335,0.517746318144765,0.604635277039557,0.877703949235001
ARL5A,17.7005400435467,0.369472874595262,0.196560772511849,1.87880412206571,0.0602712440080474,0.304772169508512
STAM2,1.68448309723131,-0.486909330089322,0.527314588046788,-0.92398083386576,0.355496294713397,0.737609837492778
PRPF40A,15.8884444672506,0.134907197281627,0.209225271339557,0.644691445761069,0.519127160894746,0.843421412021587
ARL6IP6,10.310522430191,0.658584409035707,0.279903984788942,2.34793160146687,0.01887798760696,0.142778343050341
NR4A2,2.48281155588518,-0.0697623663553164,0.461956440649919,-0.151457112865798,0.879615139472853,0.97090195158043
CYTIP,46.7732775546945,0.773761971147331,0.152073385454025,5.08615027470087,3.65404565845745e-07,1.06270145558674e-05
BAZ2B,1.56856820895885,0.257364025887709,0.532287310597645,0.483190846762328,0.628960233887105,NA
MARCH7,8.25813902948009,-0.0366275546166468,0.277660003526718,-0.13194972781006,0.895024055352158,0.975694386472975
RBMS1,9.40393803488525,0.496662148190364,0.267736268248196,1.85241413634429,0.0639663769043731,0.315724790196048
TANK,11.0284464453464,0.348803887984667,0.282401647049086,1.23310479708151,0.217536667964539,0.598908483350069
PSMD14,8.59290957074007,0.383097470288249,0.297900643193343,1.28552688763529,0.198608227138312,0.578664327434937
DPP4,0.514702636908969,0.1752186051226,0.66814549976596,0.259288587487292,0.795412584254196,NA
IFIH1,13.7985814822902,2.95051542303108,0.312736486655022,9.1443575425823,5.99853431388467e-20,5.26271410471482e-18
GCA,1.71475072345051,1.09838791078304,0.535705617568309,2.0139087364099,0.0440191161425349,0.250504462026274
GALNT3,2.78882569191341,0.429949624766454,0.487399781570442,0.887990851764119,0.374545672262366,0.746538590984133
CERS6,0.61161192551601,0.238511054916175,0.634373369369029,0.379001928283955,0.704686431920052,NA
DHRS9,0.0272288675246664,-0.108552561287415,0.490601629230456,-0.216657694052562,0.828475120094584,NA
PPIG,11.7012815253616,0.319640222837039,0.252285233173539,1.26555497051058,0.205672456132855,0.587360664025707
SSB,15.3305820782951,-0.110993624732999,0.247468224603914,-0.448241738663997,0.65397874284522,0.901783132114469
METTL5,9.72308228897518,-0.12412636112568,0.310576438841927,-0.399787035099196,0.68931338068717,0.915836859146204
GORASP2,5.81779438298995,0.056162372492186,0.339609027193722,0.165090284431783,0.868872919984914,0.967413325623816
TLK1,4.37228688503101,-0.305196669067493,0.375718160699751,-0.813123755605077,0.416147107660452,0.774336647127825
DYNC1I2,1.60426644170358,-0.5011759788842,0.561603971496279,-0.893894156931032,0.37137852436264,NA
HAT1,8.65391271644087,0.272634342170996,0.264999101131485,1.0279807603184,0.30395887802239,0.689615684094595
MLTK,0.255135575846888,-0.0955927273110119,0.659497682657749,-0.161599448610365,0.871621291550637,NA
SP3,3.73910266056503,-0.576471287054323,0.394309771840158,-1.46190037685184,0.143768511710185,0.493306783533882
OLA1,6.15508617832408,-0.191956070508243,0.353397721238448,-0.544134068316736,0.586349218106733,0.87487026193703
CIR1,15.2302515760835,0.114454191487169,0.216494881903386,0.528591615556856,0.597088777853553,0.877221636230693
GPR155,2.70049373505152,1.67039584846761,0.481600195958896,3.36098403732897,0.000776653139519812,0.011680863218378
WIPF1,32.2328908578626,0.745031307992456,0.1782594388993,4.17756770432053,2.94642974305994e-05,0.00063827185874352
CHN1,0.0303856221020249,-0.108552561287415,0.490601629230456,-0.227459181268804,0.820066706014333,NA
ATF2,1.65253907509877,0.147473529392601,0.526659361481521,0.278303583231247,0.780779325713112,0.944457337397948
ATP5G3,27.4624045712553,-0.11533862520514,0.172716687803116,-0.667833696831727,0.504239754320707,0.835479404074347
MTX2,4.75368079397183,-0.531693253840536,0.37938822897126,-1.40008056273168,0.161489194920736,0.521841081683705
HNRNPA3,32.9523871312924,-0.203494821987557,0.172840154061532,-1.17744437396947,0.239018187479257,0.62441277364308
NFE2L2,18.4092199429165,0.499494957077739,0.243002396084178,2.05489111155263,0.0398895231738555,0.239755164431655
AGPS,1.79897567182702,-0.548777832158818,0.569530612961805,-0.961635956451872,0.336232503145024,0.718898414522911
RBM45,1.49637813998523,0.641002270604945,0.530501731715023,1.20163748473259,0.229504011735907,NA
PRKRA,3.8118459603173,-0.191758749522486,0.388791564550414,-0.493473067758687,0.621678365110411,0.884288125963148
PLEKHA3,4.24797346865447,0.611947829848153,0.374778277019957,1.62885613320903,0.103343478304067,0.418783733481609
SESTD1,0.650741609051216,0.419653174185437,0.641731472142933,0.660581806653661,0.508880539646617,NA
CWC22,3.03387985123342,0.191136234354637,0.438924767128127,0.433892725970797,0.66436634218627,0.906545719164266
UBE2E3,12.6286867123962,-0.336057300440562,0.239720459781924,-1.40182283407156,0.160968158029799,0.520796794018969
ITGA4,8.50756255316221,-0.406511798306621,0.288261033714597,-1.40897183142421,0.158843497563714,0.517395283753764
SSFA2,0.406083971494098,-0.041905260963136,0.656151230707061,-0.06297832621763,0.949783763226484,NA
DNAJC10,1.96531119721567,-0.332445468673983,0.489366054875831,-0.677477406656471,0.498103100267371,0.831916756134809
NUP35,1.82819537642336,0.658885589974181,0.526094808369736,1.24748378570706,0.212220161872234,0.592714862777579
ZC3H15,14.1756105643268,-0.0598202476768511,0.221453919790166,-0.27008004764263,0.787098671590982,0.947253636775246
CALCRL,0,NA,NA,NA,NA,NA
TFPI,0.629937708764881,-0.201546930141958,0.513545574187299,-0.46876457818748,0.639237921561615,NA
SLC40A1,0.217466118971348,-0.0894638747868412,0.608413630248648,-0.146107719744659,0.883836352343618,NA
ASNSD1,6.4542815367723,-0.361618002935252,0.323051233095528,-1.11912334863597,0.263087520210999,0.651546969423151
ORMDL1,15.6845316926438,0.550683850440232,0.231201674511343,2.38065043743566,0.0172821028615942,0.133587356040282
C2orf88,0.0835518253689106,-0.0641122409845913,0.531316119845712,-0.133136474458782,0.894085449454888,NA
HIBCH,5.05920232685941,-0.0935861908630365,0.35259496698874,-0.265250376310589,0.790816589576838,0.947331951222146
INPP1,1.41506877420331,0.143715445621272,0.541774968438861,0.262924190674137,0.792609010632741,NA
TMEM194B,0.52107660360208,-0.159886047229821,0.648425895034626,-0.24464912198066,0.80672812571664,NA
NAB1,1.14056283908838,0.530905029035332,0.587278403061752,0.908020780874113,0.363867242480326,NA
GLS,1.56508376830949,0.113134783010896,0.535633066610094,0.211144815951036,0.832774270374241,NA
STAT1,14.2031036512491,3.02573603361981,0.300092671492616,9.74281152394656,1.97999015761476e-22,1.9816819788101e-20
STAT4,10.6944237648979,-0.155519944983446,0.258496786246025,-0.601810859968057,0.547300045363146,0.853145895522196
NABP1,1.57305517473016,0.253888431492861,0.602543625053069,0.426959905113763,0.669408531571644,NA
SDPR,2.83440916344679,0.378821269808768,0.491421010152747,0.773570005971108,0.439185115080481,0.793094492550137
SLC39A10,2.51636697514869,0.282344831992457,0.481793734370088,0.585999566171757,0.557875806377198,0.859346358577324
STK17B,7.13778336619642,-0.144349331749317,0.312878858752118,-0.462077105642794,0.644026027504866,0.897340658757441
RP11-347P5.1,4.50624584183464,0.279943973501797,0.416577658369303,0.674237211196278,0.500160515624271,0.83285768256282
GTF3C3,1.30306988127345,0.221737635665114,0.572174943044652,0.3907620292802,0.695973144063975,NA
PGAP1,1.32441058210186,1.59608947723176,0.587575949004369,2.63642195016888,0.0083785472668835,NA
ANKRD44,2.45858858288417,0.241632371649958,0.465615995267757,0.516846519172668,0.605263303439875,0.877703949235001
AC013264.2,0.331719201076778,-0.416615620937582,0.66842703954527,-0.664064695502433,0.506648904876751,NA
SF3B1,15.0637047229769,-0.194113737298356,0.207542439349838,-0.93527541064088,0.349646384097253,0.72991339016124
COQ10B,7.15272383148232,0.357510348442792,0.298841119187494,1.19598402953497,0.23170279140688,0.618187275198083
HSPD1,14.6724951884273,-0.267029856283319,0.297814437545893,-0.897454148020021,0.369476629869627,0.743188757980021
HSPE1,16.212412334574,-0.0613990242594932,0.233556815431181,-0.263001321558902,0.792549560507932,0.947331951222146
MOB4,11.7625742778776,0.0622943414917433,0.250356572562796,0.248838007892594,0.803486089566651,0.948768259507023
C2orf69,1.0854973426647,-0.36364475202673,0.57456606629268,-0.631704904128065,0.527579722883383,NA
TYW5,1.72038064906025,-0.143143841881583,0.547015626291636,-0.263160022828577,0.792427242221294,0.947331951222146
C2orf47,3.50359074921355,0.585167799280474,0.407332415091114,1.43136536601155,0.152325529034865,0.50860283394878
SPATS2L,10.2799631117739,2.96989214205089,0.351457858619055,8.07788889055545,6.58976054362287e-16,4.56427625021458e-14
BZW1,15.7071905067975,0.109636955413403,0.204061771567069,0.537173936477528,0.591147472867644,0.876264899235887
CLK1,11.9544512619158,0.006470768858871,0.255508593404933,0.0253131457264601,0.979805188518104,0.994845147376504
PPIL3,1.52259389925054,-0.600839614564816,0.523104545763355,-1.13984066683753,0.25435268783228,NA
NIF3L1,1.43165756579119,-0.0632692546067784,0.52446151343711,-0.120328488880739,0.904222937201216,NA
FAM126B,2.25127947668964,0.753092152359042,0.485672653280988,1.54029106895724,0.123489419788449,0.455784240813949
NDUFB3,14.4396739345528,0.217617333657857,0.214729508235211,1.013004600469,0.311057963517565,0.697957851643845
CFLAR,27.5813170461749,0.957698423560328,0.195369821650552,4.89629775248434,9.76590585882451e-07,2.67748585629439e-05
CASP10,2.25007391843738,1.59740342195648,0.510703113576565,3.03657433830918,0.00239283097583777,0.0299901482305001
CASP8,6.90033270595118,0.832966165445456,0.319325009166916,2.5993445698343,0.00934019660156805,0.0855074694098334
TRAK2,0.960677165592606,-0.120919914864004,0.602695772728698,-0.198684411886546,0.842509618438059,NA
STRADB,1.78071581786247,-0.712654627053407,0.538268623904748,-1.31616127783966,0.188119917294244,0.564896317533886
SUMO1,33.7850803434698,-0.10193120601727,0.157417490359319,-0.647511129110986,0.517301194078771,0.84187135998168
NOP58,7.44517611441274,-0.263021831046663,0.292983919359238,-0.897872257950442,0.369253656259921,0.743188757980021
BMPR2,0.870457404014767,0.340014792696505,0.603029143028123,0.557786507279205,0.576990177335657,NA
NBEAL1,13.2743165759952,-0.221414610646506,0.241103363555187,-0.918846298944731,0.358175971727663,0.74052276820298
CYP20A1,2.92613824546399,-0.120401564956492,0.433267130379832,-0.278240235061888,0.780827950675507,0.944457337397948
ABI2,2.02344234070328,-0.1083742231392,0.527462318993634,-0.205749860367571,0.836986308755939,0.959060926698885
CD28,0.43168985424487,0.194882971301536,0.654993315593145,0.298322942330797,0.765456695596457,NA
CTLA4,1.14994219807518,1.31966411355703,0.585871520596866,2.18873160339503,0.0286163535406256,NA
ICOS,0.925973215655343,1.22029585949478,0.626930968229341,1.96278202013397,0.0496715078682661,NA
NRP2,0,NA,NA,NA,NA,NA
INO80D,1.05040763410334,1.02387137014404,0.589226012894954,1.71662506216621,0.0860477002522376,NA
NDUFS1,2.43178964609078,-0.593161487392024,0.517089957926417,-1.14297494705189,0.253048992974366,0.640170595599684
EEF1B2,62.0508869341044,-0.453987150676139,0.178392881804745,-2.5451738042812,0.0109223358600687,0.095985268726881
FASTKD2,1.45707690689479,-0.274962909101741,0.57375131672489,-0.482012977928412,0.629796727020535,NA
CREB1,4.57730686156826,0.41101635566127,0.35925171372524,1.14116923190544,0.253799505510943,0.641042302285181
METTL21A,4.00398344492717,-0.651894079532491,0.370661693317135,-1.75506661516391,0.0792479139514914,0.359311816572481
AC079767.4,0.0604291651784408,0.00708335167592633,0.490601629230456,0.0144345705803501,0.988483278924753,NA
CCNYL1,0.261338049647051,0.186413146119551,0.644482807271496,0.299808059408134,0.764323567442571,NA
BARD1,1.393636699579,1.24841020767214,0.561921650191839,2.17203016322101,0.0298533878550755,NA
ATIC,2.10976131796841,-0.475667804420287,0.499551374790081,-0.954545722202547,0.339807476870696,0.723725920412729
XRCC5,18.3656455581454,-0.0478725887663521,0.211742361022639,-0.226004750561235,0.821197725504132,0.954958258736473
RPL37A,53.5624930905108,-0.00581347617507496,0.150024005413451,-0.0387516368805657,0.969088404023182,0.993404848452291
TNS1,0.0942152238688943,-0.0681776406526855,0.543459967797697,-0.138034110839092,0.890213459024739,NA
ARPC2,174.504124575646,-0.0545488818563637,0.0940389226382504,-0.580054742994695,0.561877701903455,0.862245115403335
GPBAR1,0.0822092243772916,-0.0635760828209221,0.52965482920438,-0.12305800441817,0.902061166071823,NA
AAMP,7.66249595518099,-0.522598766569167,0.336679695675975,-1.55243543695588,0.120558069797109,0.452329065867416
PNKD,6.43560711480431,-0.582122522035571,0.308358862197616,-1.88484385803264,0.0594509217004975,0.301783656539459
TMBIM1,3.1385369211913,0.197776329145801,0.43531526285492,0.454409824096459,0.649533882759682,0.899773066815952
SLC11A1,0.582759158813252,-0.473120664263279,0.668591280594477,-0.737216001924129,0.460991003786466,NA
CTDSP1,4.78397057574798,-1.05178904651039,0.361961607667558,-2.89532579091592,0.00378765201987222,0.0428778499625965
RQCD1,0.871434624063754,1.27729957389376,0.638411566931648,1.97413959936067,0.0483658716919934,NA
BCS1L,0.643796861657551,-0.58769526113216,0.633807488455394,-0.928315286276091,0.353244046990746,NA
RNF25,1.95630001323346,0.021885831484234,0.499136297416326,0.0439389427573982,0.964953073430561,0.991124483617263
CYP27A1,0.0834094180980454,-0.206970316679986,0.531214729822473,-0.395919083829783,0.692164722153001,NA
WNT10A,0.143966267952688,-0.207324788524156,0.619168525596642,-0.353182421189748,0.723951685646893,NA
CNPPD1,4.62578515790743,-0.367615203387981,0.363446357245861,-1.01071744327227,0.312151685930976,0.700113538449365
FAM134A,2.60824189677064,0.0901316333403353,0.498209380686742,0.182031477376976,0.855558023192791,0.962731388218651
ZFAND2B,5.74437572404394,-0.366348904122202,0.31420988554556,-1.16469730290897,0.244141541117006,0.630289883491869
ANKZF1,2.42626660954792,-0.55714854629441,0.439565113602679,-1.26380158336978,0.206301252747531,0.587448689502485
STK16,3.03338702530604,-0.48178600665521,0.433390364394546,-1.11014399418616,0.266936981998926,0.655462541760462
TUBA4A,5.68561496672712,-0.107092575823376,0.396374103981452,-0.270099602605543,0.787083627827749,0.947253636775246
DNAJB2,5.91489496789802,-0.443547609541022,0.367818494350272,-1.2018573995717,0.229418781984537,0.614679617704251
DNPEP,10.2392800168291,0.581917468743364,0.271300237576581,2.14209809172114,0.0321855894400523,0.207120956983417
GMPPA,1.91076359295743,0.222954289370347,0.523980673209633,0.424426396404346,0.671254873383951,0.908251025904242
FARSB,1.15926373141015,-0.392380952772136,0.601466863948421,-0.664436143749078,0.50641120618289,NA
ACSL3,3.12668657038938,-0.041340455097073,0.420286829352798,-0.0981912521908108,0.921780428637638,0.983880196974474
WDFY1,1.11555349056555,0.864092483572863,0.585008174839805,1.46312401598202,0.143433447445805,NA
MRPL44,4.53098546511892,-0.0295842536797127,0.364384678978553,-0.0811837855785137,0.935295794182525,0.987648233164879
SERPINE2,2.10816016139656,-0.334230490003801,0.491340876156719,-0.682015167432552,0.495229360180078,0.831763854889792
CUL3,1.41955436656139,-0.532916861931308,0.553121522968659,-0.963055804787866,0.335519518999819,NA
DOCK10,3.20686345008761,0.0862480870111708,0.438472113616116,0.195759438968626,0.844798458766761,0.960271882303656
MFF,7.09208612868207,-0.278026426007675,0.30835623796288,-0.902158970296677,0.366972426797919,0.742491576501798
AGFG1,0.771563837277261,0.637383537154925,0.625572527429468,1.00645654221532,0.314196006415902,NA
CCL20,0.058982785093324,-0.0532241652716922,0.49457132927324,-0.110774083307956,0.911795497367985,NA
PID1,0.223468013115561,-0.499497816936917,0.642312867957839,-0.80087035691027,0.423206702658084,NA
TRIP12,2.83526147806244,-0.341949337298108,0.464708006352505,-0.735521846367952,0.462021740101834,0.81042400529692
SP110,34.0413093981088,1.90556645385287,0.18729925291122,10.1368413277414,3.79161739305965e-24,4.24661148022681e-22
SP140,12.3222972931882,1.96310121329963,0.26546525026166,7.31096631097989,2.6522803136545e-13,1.45433370532055e-11
SP140L,4.92520226262787,0.414743809082993,0.381490640815325,1.0838287256266,0.278440746184954,0.666232767235271
SP100,46.5920711754302,1.64561582959083,0.153461228549515,10.7025656095999,9.89985355170432e-27,1.24078164514694e-24
CAB39,1.53973543787584,0.402788579388797,0.557125395749996,0.720333793306442,0.471319502876208,NA
ITM2C,13.8624412090481,-1.00475077164952,0.34702484154452,-2.88710548552949,0.00388803855368554,0.0439198174819757
PSMD1,3.15920396311999,-0.306611512785019,0.442087629282129,-0.695952470491824,0.486458595781675,0.825568711766102
NCL,20.3098675268392,-0.257676070935067,0.212800117780338,-1.21158896980827,0.225669758922313,0.609968915700826
PTMA,556.369324017686,-0.185993783865543,0.0646903948332558,-2.87514360347856,0.00403843777451295,0.0451801072743793
PDE6D,3.49596648799356,0.332858820795904,0.401573360588487,0.825969311879612,0.408821500313637,0.769281115239661
COPS7B,3.54318742252016,-0.0395496384904766,0.449504059592787,-0.0883982912480928,0.929560119367477,0.98593682618384
DIS3L2,0.718194582458504,-0.297622124128586,0.638910109115755,-0.464745112165698,0.642113998356558,NA
EIF4E2,10.7199376635926,-0.158125604497996,0.243857215339809,-0.648286244905021,0.516799828913507,0.84187135998168
GIGYF2,3.71400595027508,-0.488517603806514,0.404081779626916,-1.20973659881037,0.226379981381149,0.611109857430959
INPP5D,2.11855175468024,0.13935207480473,0.493105758887013,0.282663116347854,0.777435092507593,0.94323962824289
DGKD,1.17195744986812,-0.325377334372073,0.561491440002717,-0.574686548083628,0.565503306735303,NA
ARL4C,10.5551392477724,0.0742061255035564,0.277418676561717,0.267483891293066,0.78909661536238,0.947284525436336
COPS8,11.6985698957734,-0.159205776657783,0.28384743376166,-0.560875085620156,0.574882695471429,0.868555268870245
LRRFIP1,14.9785386418359,0.10453946769192,0.250752376495126,0.417051830229318,0.676640497261053,0.910722469338324
RAMP1,12.6519008507823,-1.91512782019271,0.29748653931184,-6.39625478979431,1.5923421704214e-10,7.16417879068226e-09
UBE2F,17.0655975273015,-0.307534399402704,0.209608068230139,-1.46698658675263,0.142379704214888,0.49034755367722
ILKAP,7.88795221685524,-0.212621381699268,0.281134150790057,-0.756093173684001,0.449593334465529,0.80035823896738
ASB1,1.89750363311658,0.236814039717966,0.499891854831037,0.470634644773421,0.637901662841745,0.89377494582848
NDUFA10,8.93932551372228,-0.228512142055611,0.267542943107188,-0.854517612038566,0.392818255202866,0.758892262065204
MYEOV2,19.7238734750024,0.118957291755752,0.187475271312115,0.634522136996584,0.525740124578617,0.846070319713189
RNPEPL1,2.96963157418557,-1.22410878936211,0.462228218255064,-2.61882100836531,0.00882342310649723,0.0816282939061536
GPR35,1.03450692671554,0.630431629172844,0.661554910675713,1.05679603167518,0.290604685800494,NA
MTERFD2,4.10468424734498,-0.265288442142052,0.387762268596319,-0.684096408900883,0.493914289357512,0.830129252611094
PASK,1.51399993971672,0.348564717419358,0.572255034068215,0.611892779890272,0.540608698898574,NA
PPP1R7,12.087277981764,-0.440129564872844,0.266835102668228,-1.64871933432471,0.0992051472944974,0.407027198252716
HDLBP,2.99211285895047,-0.671447191319001,0.430957313777862,-1.55548545018281,0.119830497135951,0.451530234018357
SEPT2,10.9663246987559,0.147184534895523,0.274609684143848,0.536368123530747,0.59170415739338,0.876264899235887
STK25,4.29200882014888,0.18120409435758,0.384627073377142,0.471463955201087,0.637309453938949,0.89377494582848
THAP4,1.82141531478493,-0.121568587487454,0.4765605660671,-0.254666233310077,0.798980898408741,0.947331951222146
ATG4B,5.26863779563451,0.418087288295525,0.36217131595923,1.15190278045944,0.249361025553835,0.637511626282363
DTYMK,4.15709775758541,0.073218864810131,0.415561721312815,0.175209799494037,0.86091478455769,0.965868590347758
ING5,0.875704314261236,0.259128580065063,0.607269213977621,0.427367242391057,0.669111862934605,NA
NEU4,0,NA,NA,NA,NA,NA
TRNT1,3.46517900575987,-0.0229345699869781,0.428779978964612,-0.0534788251318306,0.957350401599161,0.988997568811304
CRBN,11.5486110682392,-0.233587442192069,0.256428409355439,-0.911294776329878,0.362140078018881,0.742491576501798
BHLHE40,11.7581442958454,0.467918492756564,0.265882181113554,1.76023577389637,0.078367838762421,0.356549959589787
ARL8B,1.56430068842508,0.393817321836227,0.564983761483883,0.699441898213989,0.48427591147479,NA
EDEM1,0.401026057960918,-0.25989328133371,0.668227856552577,-0.393544120580194,0.69391764377398,NA
RAD18,1.276932342043,-0.671817918640017,0.557374223418174,-1.20456695756659,0.228370518961009,NA
SETD5-AS1,10.3394197178823,0.274075107731108,0.257004439523039,1.06573627704571,0.286542873806855,0.673481727388762
THUMPD3,2.2332044430238,-0.741860290336761,0.49151304757201,-1.50671233255771,0.131884409046434,0.471950733664466
SETD5,2.54447315031952,-0.741174791896433,0.452811696296211,-1.62915806175196,0.103279562480022,0.418783733481609
MTMR14,5.95990558620067,-0.54938699383006,0.329360004821454,-1.66773466875956,0.0953684099997225,0.399061454879602
CAMK1,0.220758752428323,-0.524456096711052,0.657048164417504,-0.807949631354582,0.419119578373335,NA
TADA3,4.98942476719562,0.0825512926849944,0.36046151368746,0.228492872973683,0.819263096137555,0.953693263615234
ARPC4,8.21515513932619,0.410653947315114,0.290618653255769,1.41139316082174,0.158128718453061,0.517012157724792
RPUSD3,4.45191323805242,-0.34741404361688,0.35512550990503,-0.977828244924874,0.328159278948842,0.710584304560553
JAGN1,8.37346527479287,-0.38989954571518,0.275328346462255,-1.415925049134,0.156797450058578,0.515700260350975
CRELD1,3.74202924413287,-0.451312180658207,0.379969764672982,-1.18646434613719,0.235438973608762,0.620461924521134
EMC3,11.6128441593815,-0.171096129910479,0.23645824866582,-0.723600766549472,0.469310870661351,0.815289570375014
BRK1,49.5783185428802,-0.29394553155302,0.128762742754448,-2.28284647188932,0.0224394134597574,0.162925617175397
VHL,3.03865592210307,-0.401211770701522,0.459049890622782,-0.875324603747125,0.38139731064451,0.751394827043282
IRAK2,0.953434796994759,0.23859925954162,0.585791018762541,0.402209973406882,0.687529502908219,NA
SEC13,5.60355989720057,-0.12417425112499,0.36382345295807,-0.341753632108991,0.732536306910315,0.925383038055171
ATG7,0.928982007625315,-0.517460087190382,0.631298188015107,-0.798794950529201,0.424409318949698,NA
VGLL4,3.58732219482622,-0.567819083429415,0.418761297322725,-1.35490722584328,0.175447117177434,0.543838999270018
TAMM41_ENSG00000144559,1.07013689971539,0.177991831325392,0.591865312890648,0.298827060505546,0.765072002510796,NA
PPARG,0,NA,NA,NA,NA,NA
MKRN2,3.00024467689643,-0.229839779326194,0.443670470396922,-0.518257603948484,0.604278548763602,0.877505019104904
RAF1,3.27512798152916,-0.0279455181708281,0.396572850037867,-0.0704688452550972,0.943820496770614,0.987648233164879
TMEM40,0.239724465772535,-0.394945518781967,0.666430515733697,-0.614679135659293,0.538766641352187,NA
RPL32,404.012718535278,-0.0480447123053249,0.100968630556593,-0.475834300552586,0.634192431138328,0.892211981511767
IQSEC1,0.374754160310625,-0.586973090540999,0.668592970968065,-0.883365041748374,0.37703907225166,NA
NUP210,1.87515406369329,-0.978563421828183,0.548223297686286,-1.78807326557913,0.0737641881936163,0.342754334046409
CHCHD4,2.62102151114732,-0.179585174370239,0.459551534379372,-0.390464404487938,0.696193171645364,0.917214265271815
TMEM43,9.65701480081793,-0.0959598535702,0.28521949126338,-0.336117956330434,0.736781918172593,0.928143511970407
XPC,6.67734535430679,-0.583053789510708,0.35256382080986,-1.65180737476281,0.0985738248303259,0.406019259708009
LSM3,19.5293030885685,0.105628849378066,0.190071013525603,0.555662234548187,0.578441778218576,0.869231378973048
SLC6A6,2.31859772053053,-0.259266190348348,0.450361342508354,-0.573939026826275,0.566009062455154,0.863252781008572
CCDC174,6.82431293882231,0.161071956243155,0.301998133913205,0.533216199829312,0.593883928749985,0.876292520510147
FGD5-AS1,3.95071078552009,-0.307597140830999,0.379653316151169,-0.810384983415727,0.417718945725189,0.774724032066292
MRPS25,2.46069518570435,-0.902749026505998,0.483038560804905,-1.85634015421316,0.0634050890735571,0.313983432627662
CAPN7,1.40528891695736,-0.183291492452639,0.547284977985513,-0.332834707295011,0.739259057833174,NA
SH3BP5,2.63914249744843,-0.168995030794477,0.466265877452913,-0.36271285801668,0.716819393621107,0.920593923086896
HACL1,3.56904261145468,0.287033978446801,0.39482887052957,0.726833112882834,0.467328195689788,0.813843258003347
BTD,1.81451607097408,-0.126605847001882,0.487821722073151,-0.25905406106963,0.795593529050938,0.947331951222146
ANKRD28,0.490553991515424,-0.14345975516558,0.658179057103745,-0.214986218343,0.829778063512372,NA
DPH3,8.03858132100808,0.385207919151446,0.316371596498102,1.21850892916344,0.223030633668415,0.607677668545827
OXNAD1,1.3448724267541,-0.564665132652569,0.585330831817451,-0.971543993655822,0.33127745663007,NA
RFTN1,6.21786309226314,-0.318779878427821,0.400274895567389,-0.799345994401222,0.424089816078177,0.78001704816056
SATB1,7.49660642540357,0.383209331662514,0.301198651423314,1.27190024676494,0.203408564176367,0.583068567143556
RAB5A,5.34895512743076,0.439715130216429,0.385024501091306,1.1432398801249,0.252939008566601,0.640170595599684
UBE2E2,0.707610951224564,-0.0235504264036751,0.63087121175243,-0.0373418804122795,0.970212413023332,NA
UBE2E1,8.20597425542258,0.182032024460355,0.295477257309444,0.616433444960001,0.537608485435644,0.85086321928239
RPL15,509.264646294505,-0.402383069965448,0.0831060346998648,-4.84175399624375,1.28698033164526e-06,3.43891597247749e-05
TOP2B,3.2569858180326,-0.673854701383271,0.440989483914719,-1.52921214626278,0.126211860444003,0.461491342815057
NGLY1,5.6211430660085,-0.5509111974215,0.348570699933938,-1.57861974598107,0.114423302713456,0.438963294430531
SLC4A7,1.30865011415068,-0.72645758463816,0.567181164594189,-1.28124841754134,0.200106424607804,NA
RP11-222K16.2,2.48041168025007,-0.348122274502768,0.468503267343676,-0.739937195642649,0.459338103553104,0.808235516967804
EOMES,6.12807115903468,-0.338669555941163,0.328857160517349,-1.02813676450481,0.30388549892776,0.689615684094595
CMC1,10.8027968694918,-0.265831856589977,0.359912222098786,-0.736983216894211,0.461132555644604,0.809133924304398
AZI2,6.75193557063461,1.4324756905194,0.355817732195886,3.9876003037895,6.67449884042548e-05,0.00133085461727272
TGFBR2,2.08255054720832,0.00924679144478119,0.495623713321086,0.0186166064293319,0.985146955116966,0.997080094546378
STT3B,4.30141673687589,0.0126675927896512,0.36029191586566,0.0351263556289219,0.971978985623688,0.994403817451922
CMTM8,0.79691104540035,0.235708972135858,0.607032528849595,0.383741892279368,0.701169759806347,NA
CMTM7,6.99350148030809,0.503719040827758,0.329859558873951,1.52580639061022,0.127058088698431,0.463195133121139
CMTM6,13.0301530661004,0.194442419841468,0.252223700154603,0.770856194388129,0.440792174597753,0.794978036755808
DYNC1LI1,3.07364774573576,0.861892051477466,0.455023078206574,1.88222582860006,0.0598053601875975,0.303290381529396
CNOT10,2.16826845940133,-0.338180309710367,0.480911961374533,-0.704157731563888,0.481334550673336,0.822569054178801
CCR4,0,NA,NA,NA,NA,NA
GLB1,3.46241301210675,-0.79238371071929,0.416139416821319,-1.89952400573007,0.0574956133884208,0.294987240620514
CRTAP,1.0196967413888,1.05889899742351,0.611730477624656,1.72144755802876,0.0851696406187803,NA
PDCD6IP,4.74850539271945,-0.588073560825299,0.375002574797676,-1.5672612394554,0.117053641388741,0.444246840858206
TRANK1,3.70316507836001,1.37658398994866,0.409546139331618,3.30743770217385,0.000941536512133528,0.0135787621914271
EPM2AIP1,2.48794499505873,0.170877165706983,0.460948935163594,0.370626100483854,0.710916039093861,0.919123640580385
MLH1,1.86950297178322,-0.422585502110813,0.500447435888328,-0.843359857225215,0.399027215550256,0.760344855887256
LRRFIP2,4.78206154831274,0.330854638136835,0.354859018158081,0.931508470402331,0.351590605088137,0.732109551101247
GOLGA4,4.89992791080387,0.39147675013955,0.368143885111883,1.06019125270987,0.289057599780023,0.674799279706057
ACAA1,7.9126179068429,-0.0629310237263142,0.307385489502136,-0.204629354831578,0.837861718839579,0.959060926698885
MYD88,3.90255604325426,1.57016422903291,0.469605420605927,3.28436595935963,0.00102212105378436,0.0146606136978771
OXSR1,1.4019988879608,-0.690978027770883,0.539776399664523,-1.27042628721701,0.203932824470791,NA
EXOG,4.86187666237134,0.237770953701543,0.339012569842066,0.700638345856373,0.483528741518195,0.82398682271019
WDR48,3.66999878662765,-0.0602372000999127,0.419315147121023,-0.14383625357522,0.88562977431562,0.97271214333444
CSRNP1,4.92844242452144,0.127616965984284,0.372362207925061,0.342679046310665,0.73183992792775,0.925275128253895
SLC25A38,3.18092915829079,0.247877077689909,0.457264232121647,0.539176505766469,0.58976506992886,0.876264899235887
RPSA,107.127391928824,-0.377008659424702,0.101973450514003,-3.69714385296051,0.000218038799892999,0.00380051735972432
EIF1B,15.7128441247183,-0.0289014181930747,0.257535647436038,-0.112330534429674,0.91056133203657,0.980428431992178
ENTPD3-AS1,1.87398215828825,-1.08002124616021,0.540468175542962,-1.98770338931015,0.0468445038644354,0.260390146084887
RPL14,252.967352219396,-0.283995004909611,0.129575765028287,-2.19191679506105,0.0283855151292904,0.190345670879726
CTNNB1,3.48862508658477,-0.066274589286838,0.427327320557876,-0.155372740773189,0.876527472887469,0.970053107996375
SEC22C,3.44900354069736,-0.133650170711931,0.387670279114519,-0.344705569454799,0.730315730670216,0.924948760086839
SS18L2,14.6797718209134,0.339409886572042,0.242803511446591,1.3969146388318,0.162439241942821,0.523625333488677
NKTR,10.8019094914192,-0.0471725749956392,0.237874036399063,-0.198258395588878,0.842842901043153,0.959980680743401
HIGD1A,5.89050867904354,0.0420143688613655,0.311495570799312,0.134782230615421,0.892784055541948,0.97507602115385
SNRK,2.34413748416359,0.137338070469623,0.44212959054427,0.309958859699453,0.756592241808472,0.933945945914895
ABHD5,1.20933320109769,-0.167527390451047,0.56472919424534,-0.296068313692548,0.767177911753969,NA
TCAIM,1.22883747199771,-0.719039676843833,0.571924867831452,-1.25326264090744,0.21011013972042,NA
KIAA1143,4.48644438387401,0.0195723123403811,0.372177178179592,0.0525280168546111,0.958107971922718,0.988997568811304
TMEM42,2.09084481934385,-1.09273792354514,0.486578087395155,-2.21945382725352,0.0264558651382521,0.18180636303885
ZDHHC3,2.72113992526658,0.0193547231208731,0.448554242113165,0.0431044354588089,0.965618283602538,0.991227504852527
EXOSC7,4.50185254592096,-0.0712882109599565,0.352942205765617,-0.20192531810434,0.839975108765336,0.95986749419997
SACM1L,3.26327713663958,0.255860940079704,0.39491636033489,0.645724596737831,0.518457728261098,0.843114452136676
LZTFL1,2.22595886275149,-0.871546613206829,0.505214471306346,-1.7088298878384,0.0874824647275353,0.38248147369248
CXCR6,1.5174082622539,0.0840195688189416,0.538559537063536,0.155716125560576,0.876256785865031,NA
CCR1,2.17250527069774,1.8979939096419,0.584370701766058,3.15245847757454,0.0016190184588058,0.0219652401215302
CCR5,1.44774396903312,0.79503666959331,0.571745943085015,1.37912700370748,0.167855599339953,NA
CCRL2,1.77761215343165,0.197686772307365,0.519474633269459,0.380856223166348,0.703309937516387,0.917215665787009
CCDC12,24.9240960329745,-0.212997622669738,0.194077923460781,-1.09754572148148,0.2724029054053,0.657765547730962
SETD2,9.83519920220372,-0.528736729939804,0.271467674975098,-1.94694635959588,0.0515411658564699,0.275724285638676
KLHL18,0.89697677647447,0.40195437738021,0.600840732973738,0.672559912805209,0.501227312057741,NA
ELP6,2.67465516006069,0.00642624553509824,0.442073335108378,0.0145327905867091,0.988404918917644,0.997985096835567
SMARCC1,3.9440627762406,-0.29972723107286,0.45219933548913,-0.664559454597632,0.506332309563847,0.836247095948745
DHX30,3.44203350964466,-0.810689215445228,0.439082527878009,-1.84288695750269,0.0653455169493264,0.319089797051256
MAP4,3.22079224912636,0.00541464915700514,0.452949793765288,0.011980763289962,0.990440962626801,0.998000298526934
NME6,1.95469753502976,-0.47698788823919,0.517591553888436,-0.921945597880942,0.35655695311415,0.738361841539294
CCDC51,1.47469446126997,-0.491465819687669,0.54084932397021,-0.9048902783561,0.36552351780582,NA
TMA7,53.251744332667,0.153759303361461,0.133147301575745,1.15477962848126,0.24818068139946,0.635419799069433
TREX1,16.4584493584713,2.80990113026597,0.284418799700661,9.66651383235979,4.18387774549712e-22,4.00435135496306e-20
SHISA5,11.061208980095,0.944777253943128,0.26725212838744,3.52447109136379,0.00042432911304966,0.00668763009309405
UQCRC1,9.82563646492243,-0.158739207045887,0.275258590344632,-0.576426735173926,0.564326777863008,0.862630352249697
IP6K2,8.35920723030535,-0.651565784849938,0.284300631476059,-2.2884112233839,0.0221135846595653,0.161450637514496
PRKAR2A,2.13472921241987,-0.314757141624109,0.467098759278894,-0.672546369919616,0.501235930515413,0.833605156994755
SLC25A20,2.18093664279689,-0.427793561472109,0.480860803908445,-0.884853990597281,0.376235385574389,0.74850436218355
ARIH2,7.1718800192638,0.21636821050478,0.300304994752487,0.719922598075993,0.471572653446152,0.815289570375014
P4HTM,2.73092533276326,-0.317190921229982,0.435895971452578,-0.72640780908436,0.467588805349223,0.813843258003347
WDR6,1.31269831016337,-0.314760684006308,0.537954118835544,-0.582612493427118,0.56015419310165,NA
DALRD3,2.35813447999827,-0.858092249520081,0.473177714357493,-1.8075672318315,0.0706738820501601,0.333106852893015
NDUFAF3,21.9196683130799,0.215963313965938,0.201912798125655,1.06976102717003,0.28472688888374,0.672712003179538
IMPDH2,7.9883205825987,-1.30331106535187,0.345833065111021,-3.7553969367275,0.000173066969525646,0.00311817291590889
QARS,2.90800086365394,-0.765820880659859,0.436856122046151,-1.74644163498028,0.0807342405570621,0.364044120265191
CCDC71,1.66112507383699,-0.177714572017682,0.552071697712344,-0.321152959259465,0.748094478449939,0.930522054480264
USP4,2.98750672904102,-0.261324830113756,0.409867286516907,-0.637098080415094,0.524060958852267,0.845294878172523
GPX1,13.5376614712526,-1.3292138121313,0.313303818439413,-4.24300266536419,2.20548815232427e-05,0.000491936001433685
RHOA,49.741942282299,-0.0897679477022817,0.156908482732863,-0.572249117932416,0.567153215629976,0.864228784774267
APEH,3.194585889731,-0.684767770047756,0.447605424300616,-1.51865569659997,0.128849183752664,0.46530216819438
IP6K1,3.51236480145306,-0.28164034623605,0.387444773125839,-0.72625643085677,0.467681583484066,0.813843258003347
UBA7,2.46351514772031,0.897754317596165,0.498242312008655,1.78945644049996,0.0735413366611798,0.342585483349071
RBM6,4.65362019867619,0.313724993316752,0.363935400605468,0.861245910843047,0.389102618967271,0.757040555316137
RBM5,4.67807188622719,0.0384324084605175,0.346975965220863,0.110696580843313,0.911856957409238,0.980930881938732
GNAI2_ENSG00000114353,2.1795419973011,0.298254954797926,0.476469815333316,0.62221780331095,0.53379866098507,0.85016340257905
IFRD2_ENSG00000214706,3.79768680985847,-0.811770312288959,0.427604914776132,-1.90168342115672,0.0572125545613998,0.294395784175179
TUSC2_ENSG00000114383,12.7837634178877,-0.204639014020881,0.241488932428905,-0.847415412022411,0.396763617009355,0.759666107199476
RASSF1_ENSG00000068028,2.89695825184182,-0.502186652870961,0.435825159097082,-1.14929962055931,0.250432454510234,0.637888375915282
NPRL2,1.6107704521424,-0.391796330592864,0.51110696503535,-0.761088162779588,0.446604410233392,NA
CYB561D2,4.64254243127205,0.14967906858646,0.376682165041446,0.397069716754426,0.691316050695686,0.91653641518341
TMEM115,2.4968791968361,-0.164937147856948,0.510514267814077,-0.325150323286696,0.745067303847177,0.929591366361252
HEMK1,1.04963292571025,-0.0446763632776539,0.592983197277306,-0.0744242395805087,0.940672821889187,NA
CISH,1.65514567933263,0.729107683685776,0.5239399606704,1.37781806914358,0.168259465776243,0.53356495653382
MAPKAPK3,1.33282917970693,-0.324186744229104,0.546744457911164,-0.587382632521986,0.556946755337147,NA
MANF_ENSG00000145050,37.6588676277844,0.933658469492482,0.22040678962386,4.23589030727975,2.27647896554735e-05,0.00050350358296812
RBM15B_ENSG00000179837,0.62276094343469,0.0900471561860652,0.64217452300747,0.137620553469991,0.890540310772957,NA
TEX264,7.85432963496848,-0.0718703440898134,0.280518304021001,-0.256158415460106,0.797828517207136,0.947331951222146
RRP9,1.9429022194733,-1.39803071446489,0.52468187309608,-2.61669388306957,0.00887859256152368,0.0818509829139416
ABHD14B,2.93012525599898,0.0129295870776088,0.433018941836966,0.029768696294855,0.976251524434892,0.994844175048461
ABHD14A,3.28813029263962,-1.30995441440798,0.442709521796201,-2.9272058427632,0.00342022430395324,0.0396302593897843
RPL29,169.315656631664,-0.14607178214912,0.0912717463629791,-1.60042443567023,0.109504457848134,0.432107545811527
ALAS1,2.12661669710114,-0.448696354908706,0.475862505143301,-0.939540307719677,0.347453407369563,0.72991339016124
TWF2,7.69144183927127,-0.626119840627925,0.287209718983372,-2.1773779433228,0.0294523799858349,0.195329874600911
PPM1M,0.410907442588057,0.162728680115798,0.66095207134848,0.244062327282736,0.807182548853926,NA
WDR82,2.22057213262422,-1.12505588251377,0.509636721493268,-2.18113908299092,0.029173130857275,0.194143313315671
BAP1,0.760985077066335,0.16562600980343,0.643220766051399,0.261625229593791,0.793610390930573,NA
NISCH,1.24779649419842,-0.401158244233676,0.607906396750478,-0.668138492457902,0.504045192995943,NA
PBRM1,4.65939574096369,-0.0975249846362003,0.405502391349969,-0.240822862996958,0.809692408922632,0.95063330273134
GNL3,6.25678464107061,-0.214244468326567,0.373122118145192,-0.576705559592396,0.564138376114435,0.862630352249697
GLT8D1,4.84943837212653,-0.482374736974668,0.337834614614404,-1.42566384847586,0.153965396523685,0.510373959257355
SPCS1,32.6766105899914,0.0949601402415257,0.170380710881098,0.557321609150897,0.57730771412384,0.868555268870245
TMEM110,0.473639390229993,0.512106120998757,0.658716538063741,0.78125074570533,0.434655032854731,NA
SFMBT1,1.67355265538139,0.299213511189943,0.515241132084456,0.579666072164765,0.562139827138753,0.862245115403335
RFT1,1.6670655512918,-0.431449831977345,0.505874813132626,-0.849880929150418,0.395391289388514,0.758892262065204
PRKCD_ENSG00000163932,1.88003277697799,0.498092688041301,0.494749095100419,1.0014953072994,0.316587407714456,0.704241805881064
TKT_ENSG00000163931,5.79251355141026,-0.602503550419546,0.332034839334801,-1.81335505559155,0.0697770768338918,0.330608940102256
DCP1A,3.91568177245864,0.683736744801395,0.395146218563599,1.72364079165629,0.08477270976228,0.376259312132076
SELK,54.8874747876289,0.672057252736136,0.127319521111598,5.27733504312713,1.31076104409935e-07,4.1316443928976e-06
CCDC66,2.81882849782695,-0.560131116636546,0.429408852707547,-1.30127810465295,0.193163279020379,0.57092167364586
FAM208A,1.73832212659436,0.461991495367627,0.492483024057016,0.933093677350977,0.350771603328606,0.73095964916734
ARHGEF3,6.19473399021671,0.820036373676197,0.360942007432325,2.26066612124912,0.0237799398845095,0.169387826186817
HESX1,0.114687073015164,0.253798252000484,0.600095978069804,0.413744821329552,0.679060998182209,NA
APPL1,6.44553451131223,-0.467932557058449,0.345645995665981,-1.35217969396408,0.176317837966712,0.545001232564164
PDE12,2.11994259712259,-0.404322560890094,0.469827405443177,-0.859434269876481,0.390100969451422,0.757466434228065
ARF4,13.3369189791158,0.348577962075269,0.232529596703102,1.49867476328916,0.133958026806604,0.475702824705708
SLMAP,1.15470577648646,0.83028365034997,0.578751950270914,1.41103876465218,0.158233184156025,NA
DNASE1L3,0,NA,NA,NA,NA,NA
RPP14_ENSG00000163684,1.81740672612517,0.151637999217232,0.506716209634081,0.298111685734652,0.7656179229258,0.937565806574992
PXK,4.35222921963684,-0.913473734730276,0.413817912234501,-2.20303155725581,0.0275925244960347,0.186706682388592
PDHB,10.6124539081719,-0.28552882788738,0.264555478998978,-1.07922178227751,0.280488871612316,0.66900472141696
KCTD6,0.995496653620859,0.0252934271304926,0.579580467174583,0.043085944683374,0.965633023413063,NA
FHIT_ENSG00000189283,0.493302219746107,-0.326307320748479,0.659229089445582,-0.496997642374809,0.619190713888465,NA
C3orf14,0.45819345560532,0.469493337360089,0.662111992300862,0.726968319930469,0.467245362931805,NA
THOC7,10.1807991547993,-0.0107610110963699,0.279351836600017,-0.0385500744956798,0.969249107456491,0.993404848452291
ATXN7,2.32808946675901,0.29124832138657,0.454561469353877,0.638822966287807,0.522938105988243,0.84523873235709
PSMD6,12.2127283612305,-0.0448136326676001,0.246146498204719,-0.182138652414877,0.855473915794978,0.962731388218651
SLC25A26_ENSG00000144741,4.70604357021739,-0.274736124518279,0.365506893201665,-0.75197042590448,0.452068843986995,0.802323127022098
SUCLG2,2.70993436913118,-0.150457036326448,0.423201286183495,-0.35541087977556,0.722281799351556,0.921801140594676
TMF1,7.71841498479224,-0.0275175821794377,0.293364947794691,-0.0938388144458555,0.925237198237418,0.983880196974474
UBA3,4.68443012093722,0.162989479701497,0.383531640428333,0.42454454254722,0.671168727942536,0.908251025904242
ARL6IP5,36.7055736790158,-0.6202687141266,0.191420952265737,-3.23945657817316,0.00119757699470838,0.0168557360966441
LMOD3,1.31654687580245,-0.692867041767849,0.542852330448033,-1.26720312444413,0.205082668880803,NA
FRMD4B,1.67438938154533,2.09564785344941,0.590315967893702,3.49003565474877,0.000482956107168255,0.00754386038021868
MITF,0,NA,NA,NA,NA,NA
FOXP1,8.40698769871638,-0.909068478521093,0.33307510484886,-2.72633717596676,0.00640415408448352,0.064705311133822
EIF4E3,1.39005397649979,0.766297608938948,0.574697438187247,1.3147694421362,0.18858740028023,NA
LINC00877,0,NA,NA,NA,NA,NA
RYBP,1.67089178215949,0.54957895082799,0.514676712381053,1.06016069310688,0.289071499950068,0.674799279706057
PPP4R2,7.51041000960139,0.321786410468466,0.293077065185449,1.09759000789377,0.272383557987797,0.657765547730962
EBLN2,1.69964518762461,-0.538260656013618,0.55171992584776,-0.97475772932401,0.329680449482244,0.712341434562813
GBE1,1.38285092335573,-0.507702832247059,0.549475365881571,-0.924864285392278,0.355036506244628,NA
CHMP2B,4.48951268165931,0.32691229251707,0.411222375828906,0.794879940876632,0.426683343637353,0.782327105854068
CGGBP1,12.6016255289566,0.140261361194563,0.232331487909548,0.603860054180041,0.545936688568023,0.853145895522196
C3orf38,5.05005824467663,0.360208396120675,0.351179673629947,1.02546184225514,0.305145321094153,0.690358276415443
ARL13B,2.64032140783567,0.380090387156875,0.469966271521935,0.808037248411239,0.419069139728822,0.775388383666966
NSUN3,1.79141672183045,-0.151914346501149,0.50218033562909,-0.302164937339659,0.762526331614308,0.936140542075212
MINA,0.597449098548996,-0.410235687903166,0.665156387641634,-0.610564563027678,0.54148788884996,NA
CLDND1,34.0251970030292,0.673381901168198,0.197620740791813,3.40664276464145,0.00065767145114359,0.010063902670988
ST3GAL6,0.0591251923641893,0.0661427061698682,0.494864976650044,0.132758443522779,0.89438442062916,NA
CMSS1,1.53988837984789,-0.846984930206989,0.543869340856174,-1.55258920963493,0.12052130514682,NA
TBC1D23,1.91124672472629,0.287574560133917,0.515405900669603,0.558375628150127,0.576587911652089,0.868555268870245
NIT2,2.65711685853452,0.683880221682291,0.43862897235533,1.55135283708855,0.120817151047787,0.452464349258858
TOMM70A,1.26050433287555,-0.606609524773381,0.560915649407237,-1.08332014213034,0.27866634793468,NA
TFG,9.84015488507427,0.598463007621608,0.280596320449507,2.13053184550925,0.0331277295646743,0.20969460722276
SENP7,2.98402782300733,0.130037273053066,0.456246068503605,0.286623836844949,0.774400360728408,0.941441916599155
TRMT10C,5.9289655928579,0.395429765014444,0.330401477901939,1.1961762312121,0.23162779426299,0.618187275198083
PCNP,19.7158743523653,-0.258074020267265,0.186992181764237,-1.38003241231775,0.167576665411642,0.53204075194625
RPL24,133.605648758176,0.0422696804625259,0.102027950414909,0.414300967810322,0.678653705164256,0.912032959914385
NXPE3,1.08644157927833,0.0741759853848594,0.593650095363315,0.124817237499886,0.90066824056232,NA
NFKBIZ,1.87879155690431,0.620473052407367,0.543190288738343,1.14487693810522,0.252260138427909,0.639642277786375
ALCAM,0.160803730890085,-0.234810001317051,0.625067047501407,-0.412108031817616,0.680260241928149,NA
CBLB,3.1899248467456,-0.0879673224022787,0.405938617030949,-0.216278268987211,0.828770847046605,0.956224092471219
BBX,17.2999922469093,0.577735299902232,0.203155707875715,2.84188643614978,0.00448474636005477,0.0492853963242762
CD47,31.1096809825889,1.16775002650611,0.165588085153477,7.04224682361095,1.89164346282116e-12,9.48343922694344e-11
IFT57,3.51240218122562,0.530798635120134,0.468848353382495,1.13702609612555,0.255527376575138,0.642664171185632
TRAT1,5.4174626640038,-0.0234552991415712,0.397854026598848,-0.0589242773449215,0.953012421119498,0.988582238095375
CD96,30.3229961707655,-0.0123294529941775,0.174930861377093,-0.0704764381672169,0.943814453528469,0.987648233164879
GCSAM,0.0604291651784408,0.00708335167592633,0.490601629230456,0.0144345705803501,0.988483278924753,NA
CD200,0.269988345280434,-0.0509512455192819,0.668590591934242,-0.0765636358599233,0.93897068838405,NA
BTLA,0.495019895466212,0.385339480896892,0.656858675009083,0.607259385037793,0.543678787476615,NA
ATG3,9.84241033225849,0.156488482997735,0.274724171339688,0.569613146745137,0.568940109705487,0.865828487276578
SLC35A5,2.4559100053445,0.867847669770948,0.480990550829233,1.78628976882065,0.0740523526187204,0.343749192402949
GTPBP8,5.27186531444592,0.489043323274672,0.368563737103228,1.32413229945692,0.185459110163367,0.560924026370495
C3orf17,2.89792311619522,0.0297129538932745,0.44744089767917,0.066595868164255,0.946903435172434,0.987648233164879
KIAA2018,1.05773021617612,0.182722583616801,0.584773021746048,0.312304801374481,0.754808891446927,NA
NAA50,9.47432907518995,0.0867574086537747,0.275574488221529,0.314832874222065,0.752888550030317,0.932921449076858
ATP6V1A,1.55929944460392,-0.0797581762061571,0.520690707869122,-0.152919679390421,0.878461616525228,NA
QTRTD1,1.74045353226607,-1.34395154252527,0.556115477226508,-2.39319908552694,0.0167021755470374,0.130639304724524
ZNF80,0.916827507998665,-0.76631962356836,0.616966037272475,-1.24877917534892,0.211745852686019,NA
TIGIT,24.0666904759499,0.0669848650023543,0.207542013260589,0.322681222036403,0.746936674685659,0.930060729921766
ZBTB20,2.13315365734804,-0.630489523470219,0.507240846350286,-1.24160085306411,0.214383866878309,0.594582020678302
B4GALT4,1.46279756628136,0.459588836937781,0.548217980452231,0.839140712421475,0.401390352291239,NA
POGLUT1,1.22513914684921,-0.285925812142815,0.568473792372112,-0.500389010058103,0.616801190189529,NA
TIMMDC1,5.51011187742592,-0.0989513530634741,0.344199446399025,-0.287055009348634,0.77407020037247,0.941441916599155
CD80,0.0277809403254875,0.00708335167592632,0.490601629230456,0.0144345705803501,0.988483278924753,NA
ADPRH,0.324676048925923,0.001973506800188,0.668211370225902,0.00301482647312434,0.997594520147568,NA
COX17,12.8111302190661,0.452012049926981,0.227800472624652,1.9831047677687,0.0473557281631516,0.261849320431544
GSK3B,2.43646229597564,-0.0639211010400738,0.506046628242032,-0.126261431268104,0.899524985262188,0.977316722893737
NDUFB4,19.6119905811965,0.333738423533398,0.190327559252607,1.75271826386245,0.079650379124648,0.360825813865875
RABL3,1.6443780249012,0.701022275026751,0.563378724155172,1.25149393525561,0.210754324958253,0.592317547560194
HCLS1,20.4066847853759,0.0247809069596307,0.208761555978029,0.118701611770835,0.905511759569583,0.978776540384895
GOLGB1,3.60992504312667,0.399588758871509,0.411201726815709,0.969390378959574,0.332350450811308,0.714898333711467
EAF2,1.20521297809222,-0.406275806683907,0.588400272692631,-0.684149273626995,0.493880910158243,NA
CD86,0.552463468869098,0.313037066625989,0.653222632276193,0.475881335632645,0.63415891986085,NA
CSTA,0.0581665624275124,-0.0537723617323999,0.493056831089551,-0.11027937439603,0.912187814330639,NA
CCDC58,0.678146025375158,-0.514262431368975,0.639459114592658,-0.810271365545904,0.417784228849567,NA
FAM162A,8.47566819872103,-0.508439756964979,0.293023889266257,-1.734281646469,0.0828681223489605,0.370618348381417
KPNA1,5.39889032708108,0.0866540863331734,0.368765952163592,0.235263630478175,0.814004121614552,0.95063330273134
PARP9,15.0285888231463,2.32247945430922,0.275501242973405,8.3078218434461,9.74747255639018e-17,7.43633268649824e-15
DTX3L,5.59932735339837,2.94363170896256,0.452726347192578,6.06814400357036,1.29396860622099e-09,5.36334704184825e-08
PARP14,20.1259239326818,2.60651981009709,0.25993993785414,9.88508309911331,4.83180751312914e-23,5.08692694982236e-21
HSPBAP1,1.20370409953234,-0.183734612272441,0.58061251365145,-0.318518056160187,0.750092000462236,NA
DIRC2,0.278992565496411,0.0440881862722902,0.666035331590186,0.0632939432308061,0.949532438696437,NA
SEC22A,1.6437386114159,-0.33811915375898,0.531889593940237,-0.637036961309135,0.524100768355213,0.845294878172523
CCDC14,1.33137687982765,0.0551563152698477,0.539636047425388,0.101851546983636,0.918874509777773,NA
UMPS,2.20138251630436,-0.694655788686669,0.487948327136935,-1.41581123758912,0.156830778506146,0.515700260350975
ZNF148,5.82116073050397,-0.00276555004514062,0.331982528154484,-0.00830363221606406,0.993374736191968,0.998279102354645
SNX4,3.93515525091642,-0.0436231645857094,0.377179631551539,-0.115475937796052,0.908067891732247,0.979121135206585
OSBPL11,1.47026473774306,-0.341605491520345,0.564317061662742,-0.609411802115921,0.542251517001501,NA
TPRA1,3.34376305749949,0.576854002352532,0.465184103823688,1.24262349935007,0.214006606243912,0.594203532583467
ABTB1,6.54463439730232,-0.702534833535954,0.333881269591751,-2.10096821767775,0.035643756277614,0.220914728773993
MGLL,0.371407902788368,0.0115368281858234,0.491504600875222,0.0315365779645508,0.974841621645611,NA
SEC61A1,2.6057801957015,0.940404498347179,0.464572463823349,2.0020210555247,0.0452824670385538,0.255072696847034
RUVBL1,2.6382614416365,-0.661453159280988,0.471550463408228,-1.40037550315579,0.161400901750047,0.521841081683705
RPN1,7.40632963610135,-0.0813961381575239,0.3021242564781,-0.269346157677142,0.787663315427352,0.947283457256016
RAB7A,16.0735331179856,-0.0792416397755669,0.222031289949693,-0.356808233359165,0.72123537212724,0.921724447409029
ACAD9,1.24312354571759,0.26169075351785,0.590292750581255,0.443794750204737,0.657190984301516,NA
GP9,0.363480760248449,0.761686241112743,0.664920803958104,1.20457539276527,0.228367260920124,NA
ISY1,5.18937346922782,0.0555901688107872,0.341739441071707,0.162711610820737,0.870745504712318,0.967413325623816
CNBP,45.7745502703639,-0.338318862914909,0.166190007261528,-2.03586570844829,0.0417638420584514,0.242878481380304
COPG1,2.92782766549478,0.559591469534468,0.44185779680905,1.25970418021121,0.207776096850378,0.588661665134763
HMCES,4.68252964668112,-0.796643239499527,0.359808781963763,-2.20975180079595,0.0271223925086482,0.184938178970886
H1FX,5.8399394842054,-0.398045805121672,0.338353352223633,-1.17610297023205,0.239553731155621,0.624881487018428
MBD4,7.42002298126528,0.21748604598188,0.314104384811668,0.691559212108937,0.489214183717767,0.82763814515507
TRH,0.0544577350493327,-0.159476407343064,0.490706495602483,-0.307312443127421,0.758605565408027,NA
ATP2C1,1.48736396209305,-0.587034304820727,0.535641931503399,-1.09234812821617,0.274680113498234,NA
ASTE1,2.21542895920619,-0.155818700228027,0.454033812483935,-0.342668802890241,0.731847634947178,0.925275128253895
NUDT16,1.76266075675507,0.328597322918393,0.518244705587774,0.629556933435165,0.528984508052228,0.847892565114388
MRPL3,5.97549169142712,-0.619230922009003,0.33820626769915,-1.83000726277326,0.0672488528256517,0.323443674866964
DNAJC13,0.609794660511614,0.0198532800232525,0.652672751640704,0.0304283754402058,0.975725415000268,NA
UBA5,4.26054073845571,0.024187019284658,0.3488631931745,0.0692917092865162,0.944757424908267,0.987648233164879
CDV3,5.61002633848089,0.241307451296266,0.34516812953104,0.699581875124207,0.484188464930075,0.824513190648817
TOPBP1,1.02741103792516,-0.439540784613092,0.590977324419616,-0.749178304436347,0.453749743805746,NA
SRPRB,2.78670404986794,-0.483713347019899,0.481824748408702,-0.996938754451581,0.318794239027869,0.704310287739639
ANAPC13,3.97755897412988,-0.0952084938912699,0.442248110331825,-0.215432747693465,0.829429940392019,0.956224092471219
CEP63,1.82332705082774,0.444241116110631,0.508955526246038,0.865334188263588,0.386855391256684,0.754783832311039
MSL2,1.81848616777313,-0.506040219466731,0.506766754422238,-0.997015598035061,0.318756938820923,0.704310287739639
PCCB,2.20378986102548,-0.489619734292866,0.471275996201046,-1.03848587837011,0.299043906380628,0.683528928870006
STAG1,2.27934189454749,-0.499838764328226,0.478564223601153,-1.04138631251631,0.297696292455222,0.682845452981989
NCK1,9.3639717793295,-0.179751190761345,0.264968634721246,-0.677888720961191,0.497842251936674,0.831916756134809
DBR1,1.16619825501382,0.745167907145652,0.595161176488501,1.25002766437162,0.211289441764092,NA
ARMC8,2.89055405912575,0.0458221192155595,0.424969124679346,0.107995677331095,0.913999121146174,0.981200985965268
MRAS,0.300227416149461,0.176382359971344,0.661167182481373,0.289728714629753,0.772023786977688,NA
FAIM,3.06578634064979,-0.0952994688124979,0.467642694249741,-0.20526957157195,0.837361516214937,0.959060926698885
MRPS22,4.62152387024454,0.366653199475889,0.346541959830011,1.05669710654911,0.290649845959193,0.676576236421894
COPB2,9.83055812694041,0.353964676825043,0.260238216920859,1.35881635044791,0.174204790853778,0.543125234281046
SLC25A36,3.72562620837526,-0.260387086431096,0.414623737472353,-0.628597677699939,0.52961248107236,0.847895407653559
ZBTB38,4.10294350101583,-0.669443143340105,0.394135794269635,-1.6965257422985,0.0897863593320169,0.386028270201823
RASA2,1.02535247589293,0.0539854287598905,0.596357726737924,0.0894067218859351,0.928758681575158,NA
RNF7,19.1554161693318,-0.365444359112749,0.20171390290631,-1.81148751533554,0.070065419906136,0.331378589744744
ATP1B3,20.3659262938401,-0.141962417146334,0.204805316295059,-0.693498408747242,0.487996824091626,0.826517143506538
TFDP2,8.62330166965229,0.508226554649072,0.315031689788828,1.61131551961508,0.107110969825889,0.426648361835849
XRN1,21.0519438538096,1.75839773057512,0.209869967802775,8.33575380781919,7.70060003483107e-17,5.96117037990452e-15
ATR,1.22206320523827,-0.0365572119397121,0.556686884836816,-0.0655289363331263,0.94775286797916,NA
U2SURP,11.4152921754181,0.166912877776913,0.23459025033889,0.711278830706469,0.476911467084134,0.818539929159074
CHST2,2.2541086788937,-0.258301912873828,0.495783343169367,-0.518248505033368,0.604284896325091,0.877505019104904
PLSCR1,88.8184341299185,3.70961812970604,0.210479500491913,17.4555205183449,3.12515930949463e-68,1.82787095613108e-65
GYG1,9.70713653662394,0.370061876655503,0.262115940861362,1.40990937433946,0.158566444290431,0.517395283753764
HLTF,1.95478107267745,-0.258899347768043,0.507836722256569,-0.507343610203003,0.611913744337119,0.880807752308066
HPS3,3.43382844617692,-0.648253007216868,0.437760349238214,-1.47816175640665,0.139364487507463,0.485945869768754
COMMD2,10.9770257892532,-0.0784234287336352,0.262934792463897,-0.298401531495616,0.765396720316736,0.937565806574992
RNF13,7.37472091843892,0.272966593832389,0.301035856337648,0.906106761107915,0.364879347052914,0.742491576501798
TSC22D2,1.37894566300229,0.184860241247314,0.559823771041413,0.32959454184399,0.741706347338486,NA
SERP1,45.6589206925249,0.164817810188865,0.13669384197469,1.20575906941015,0.227910401686619,0.612414678141072
EIF2A,5.32419572034174,-0.534627789764378,0.346116919989169,-1.54386441278691,0.122621182905187,0.454883810677607
SELT,40.3370324359556,0.233609673401913,0.14102951690712,1.65639647168805,0.0976415551588588,0.404391406008482
SIAH2,3.40441400277074,0.151096553404996,0.397412327719906,0.37922482546655,0.70452091792229,0.917215665787009
GPR171,4.95732015645313,1.45747240339074,0.420243518287701,3.41887557507708,0.000628804728809949,0.00965022767479758
P2RY14,0.208179125313516,-0.383425630312504,0.63426277892276,-0.67160494894554,0.501835226848922,NA
MBNL1,4.02371709453404,-0.0544355467680716,0.362845488240475,-0.149817857587618,0.88090832005575,0.97090195158043
RAP2B,1.98125318660956,0.0147342621822878,0.534537081912176,0.0276611075742183,0.977932443484565,0.994844175048461
DHX36,12.7322789569762,0.0435498838766981,0.270778845011795,0.161065320503547,0.872041953809913,0.967909097660163
GMPS,4.79560928922375,-0.189727484925563,0.354541802398206,-0.535717040240866,0.592154124905757,0.876264899235887
SSR3,15.3982334546013,0.253893570233028,0.253763930645878,1.00144476256974,0.316611832446125,0.704241805881064
TIPARP,3.57701837381389,1.21924161936907,0.433113467476757,2.78246390443328,0.00539478659088394,0.0564617777538835
CCNL1,14.0911491071367,-0.0349542109515079,0.232898301439214,-0.150070649943678,0.880708875669891,0.97090195158043
PTX3,0,NA,NA,NA,NA,NA
RSRC1,2.19023770645071,0.223722558491558,0.492873716468295,0.451227165085903,0.65182583286959,0.900580363313785
GFM1,2.80356622089644,-0.284528237242862,0.456942700823922,-0.623073911049098,0.533235952937823,0.85016340257905
LXN,1.93053488377423,0.0448684424966344,0.594694505550338,0.0765545322827704,0.938977930731814,0.987648233164879
MFSD1,2.44351753529319,-0.0506576248746468,0.446780667750604,-0.113056768831239,0.909985548649425,0.980184965846239
SMC4,5.95498718293546,0.525025530814619,0.311923813062712,1.6799821441669,0.0929607898914785,0.392453824170752
KPNA4,1.93086725434459,0.461301366477883,0.510470553832818,0.901830951049039,0.367146675478995,0.742491576501798
NMD3,2.41946030044396,-0.203824504648751,0.495554197236015,-0.413640389599617,0.679137489054475,0.91211673469998
PDCD10,13.2144557228459,0.324481450180111,0.250508746784138,1.29507292395911,0.195295074243905,0.573714714748503
MYNN,2.05268740689617,-0.0467784607501399,0.489010474355885,-0.0957470225051189,0.923721493868158,0.983880196974474
SEC62,24.830411108275,0.0491927053069504,0.183015880170117,0.268788876181333,0.788092153957622,0.947284525436336
GPR160,0.0305280293728902,0.00708335167592633,0.490601629230456,0.0144345705803501,0.988483278924753,NA
PHC3,0.969069859301023,0.484899629747425,0.615979610104739,0.776504278630976,0.437451295500245,NA
PRKCI,1.73716602710683,0.16912759586079,0.562146125211646,0.300147637884696,0.764064543535747,0.936664126029849
SKIL,11.4462065595988,0.2190042797385,0.233850555599049,0.936274372072093,0.349131939694322,0.72991339016124
RPL22L1,4.38444914879885,-0.274918108441361,0.394301743127338,-0.696353298797682,0.486207602193124,0.825568711766102
EIF5A2,1.16785329306382,0.0605322337316002,0.590052711440505,0.101307468661809,0.919306387564611,NA
TNIK,2.56754117209619,-0.182005347072952,0.446304662429812,-0.40721880537915,0.683847290927266,0.913085437061073
FNDC3B,2.16633772224943,1.11676761507918,0.492307028339959,2.23291353784513,0.0255546466574032,0.176766964526374
TNFSF10,88.6430334353904,3.23031740327154,0.179362781243004,17.9047881208043,1.08206135262404e-71,8.13710137173279e-69
TBL1XR1,2.34665076244954,0.0300952465758854,0.448893579609404,0.0668762782424726,0.946680197971122,0.987648233164879
MFN1,0.761000872073881,-0.543056204899663,0.630931933211375,-0.870834696982601,0.383844417242228,NA
GNB4,0.705675373313225,1.31542452953129,0.645292059189088,2.03091736990311,0.0422633774359985,NA
ACTL6A,4.43331734809209,-0.220034946684652,0.363359592424646,-0.605783862635274,0.54465828697688,0.853145895522196
MRPL47,11.0859005829335,-0.0157524399335096,0.239461248582284,-0.0657880561280324,0.947546565464597,0.987648233164879
NDUFB5,14.2141893417934,0.342339002303082,0.245987367948774,1.39074353041745,0.164303212372568,0.528017161128938
TTC14,7.85429371599283,-0.122059939798088,0.290204653291752,-0.420630883484103,0.674024638406092,0.909672114183137
FXR1,3.78153470646196,0.390239919632758,0.424623266018949,0.916197647478984,0.359563239172252,0.741088837510859
DNAJC19,7.2256806481518,-0.00790131241689828,0.285879058406575,-0.0276273591015848,0.977959360582791,0.994844175048461
ATP11B,1.60017273866601,-0.584129701662763,0.538158485446362,-1.08306696355086,0.278778701372665,NA
DCUN1D1,2.00265854528289,-0.550483605372937,0.538477934916968,-1.03123270183292,0.302431708753738,0.687986393638582
LAMP3,1.75465259482375,2.74942082058941,0.589926153091716,4.50852663723093,6.52793742406963e-06,0.000156195739092284
B3GNT5,0.623828593191569,-0.748224831718071,0.651814868582337,-1.15400234055888,0.248499209347899,NA
KLHL6,2.26139471554855,-0.580249321235591,0.476963659934408,-1.21718346757272,0.223534418899975,0.608208057757819
KLHL24,4.85645818197518,-0.505273600201244,0.395285882955582,-1.27756326628415,0.20140345965291,0.581105269555774
PARL,5.71552514409195,-0.60560748116121,0.31778125474961,-1.90381585541839,0.0569341708266119,0.293824975716946
EIF2B5,2.71215268716694,0.269194369725399,0.513063324633354,0.525435911019318,0.599280194869062,0.877499567674755
AP2M1,26.5542550527878,-0.191190370572611,0.167593634378917,-1.14078341258841,0.253960064969864,0.641042302285181
ABCF3,2.83974855542979,0.284968912184232,0.421048724221099,0.674768076182655,0.499823125648735,0.83285768256282
ALG3,3.77349999579896,-0.342142139346021,0.3943762117638,-0.866764063943036,0.386071295725697,0.753737108636709
ECE2,0.771690195948732,-0.10390780555091,0.64504227868505,-0.163231239232085,0.870336370701869,NA
PSMD2,11.2133474984104,-0.182240895600333,0.250525181578541,-0.727762391544537,0.466759050098943,0.813536859493802
EIF4G1,3.42329050890035,0.212073012769683,0.411840574694828,0.514232110184096,0.60708972041325,0.878089518257374
POLR2H,6.50689495234931,-0.183157870252665,0.316153694009661,-0.579064459741332,0.562545679724639,0.86227124214422
MAGEF1,2.63962675636291,-1.49125897509096,0.468231221310874,-3.12481802963571,0.00177915083380098,0.0234034170431887
VPS8,1.23300267985828,-0.00994706581799605,0.573035373993444,-0.0174087690141135,0.986110513554686,NA
MAP3K13,1.9935234740201,-0.13259440515882,0.480447650632836,-0.276233625311257,0.782368632314975,0.945484006925204
TMEM41A,1.14786600501275,-0.377580837012333,0.600673876341314,-0.623145290069606,0.533189050021473,NA
SENP2,1.42878450628976,-0.179309307924215,0.525777466034551,-0.33979931459886,0.734007664105844,NA
TRA2B,13.1097912792084,-0.354221522181121,0.226215830526195,-1.56582124110701,0.117390472041456,0.445060102081545
DNAJB11,14.2044768322487,0.741601780260365,0.246677733396435,3.00123536930705,0.00268886639281879,0.0327643349347178
EIF4A2,60.7218285078722,-0.267610445290247,0.134929408048459,-1.9835051854369,0.0473110284303198,0.261849320431544
ST6GAL1,1.0613347898024,0.128718863208897,0.588446018201054,0.21627381883615,0.828774315674254,NA
RTP4,17.3332673448617,2.31146051807044,0.25359022113937,9.00281870025526,2.19995457167405e-19,1.83818426433209e-17
LPP,0.796162147692813,-0.173696732243341,0.629216367246047,-0.27804422226589,0.780978412145639,NA
TPRG1,1.30945983610974,0.533167519060976,0.612592832331979,0.850354361017321,0.395128101903417,NA
CCDC50,3.03474645661205,-0.432346091789945,0.454288400931039,-0.953888305427439,0.340140183719812,0.723725920412729
MB21D2,0.179841115450206,0.141373603249068,0.628665459672501,0.252513045014027,0.800644532275412,NA
OPA1,1.68633117633235,0.0710895968581246,0.52640546268036,0.134644384175336,0.892893047611324,0.97507602115385
HES1,0.176325194212361,0.16714067100103,0.624503565487559,0.279139006288562,0.780138149647549,NA
LSG1,1.27777071693941,-0.576466428954333,0.544716961316561,-1.05283766922299,0.292415397268821,NA
FAM43A,6.40197560882601,-1.09554693604825,0.402716416262418,-2.71492447100663,0.00662908871641795,0.0663412984852169
ACAP2,3.53215490046739,0.258904925299772,0.391961251963598,0.659578282626621,0.509524494681592,0.8375123513806
PPP1R2,20.4405580668504,-0.207998315846915,0.209533823880385,-0.992470568185217,0.320968029763404,0.70723135566118
LINC00969,1.64770541159803,-0.493537307242743,0.543792715414303,-0.901727877271592,0.367201440440951,0.742491576501798
PCYT1A,1.5591931329099,0.570356789542056,0.539134038226931,1.04668695026563,0.29524398438083,NA
TCTEX1D2,3.27095139084775,0.233664499204375,0.39245389796699,0.593739651769959,0.552686257931855,0.854684036048871
TM4SF19_ENSG00000145107,0.389364552203137,-0.926192772437873,0.667820475675885,-1.35070470920972,0.176790043169532,NA
UBXN7,1.36248683659285,0.726188083547732,0.598256696637635,1.18564076469227,0.235764196501935,NA
RNF168,3.76672719956294,-0.805795475487446,0.414322460972697,-1.94182545294653,0.0521582344507961,0.278149440814769
NRROS,1.73957839776357,-1.72151134406196,0.58937873293577,-2.86234097536049,0.00420524229825961,0.0467012562405878
PIGX,9.31313903908682,-0.368115897799942,0.273776597099128,-1.34389103500106,0.178983625450666,0.550654473624961
CEP19,1.71091590749123,-0.329560404702929,0.557889605161256,-0.597475695306639,0.550189829220079,0.853145895522196
PAK2,8.62778228565319,-0.179284548054106,0.280786670097372,-0.638687770687149,0.523026069937243,0.84523873235709
NCBP2,7.42488015054994,-0.522968371351478,0.308626561214376,-1.6958882772218,0.0899070401343912,0.386028270201823
NCBP2-AS2,9.85056271829847,0.159921406918366,0.266721772133555,0.599850097068261,0.548606142682422,0.853145895522196
KIAA0226,1.17680319554267,-0.214821724448421,0.555477719621546,-0.385739157464237,0.699689859526169,NA
FYTTD1,9.8955492241662,0.54859999130438,0.259749833452563,2.11025812713885,0.0348361281905303,0.217014649461481
LRCH3,1.70241248171329,-0.516406512937076,0.513367653323201,-1.00152209275808,0.316574464677417,0.704241805881064
RPL35A,205.130920896249,-0.0434074071864145,0.121924450507487,-0.356019581424765,0.72182590084285,0.921801140594676
ZNF721_ENSG00000182903,1.06007694208901,0.0496088108647203,0.574445369076796,0.0859992198854093,0.93146703737114,NA
PIGG_ENSG00000174227,0.989001896063052,0.0889671393399447,0.588278959245274,0.150454478439872,0.880406062791829,NA
ATP5I,8.79861622988977,0.261079650226482,0.264786422776602,0.985358451885,0.324448030472527,0.709848060019692
MFSD7,0.198464420071698,0.0675770762799942,0.663891426023842,0.107738548096856,0.914203090509562,NA
GAK,2.18424367178184,-0.311703238551789,0.506754460970263,-0.617356459171804,0.536999634440624,0.850532978569968
SPON2,23.8629184685664,-0.75207740658271,0.254161800070357,-2.95444367238347,0.0031323332819055,0.036887253682216
MAEA,3.88102598739532,-1.03561222394672,0.4078190405518,-2.51880048149968,0.0117755361146418,0.100941135713893
SLBP,14.4321410883867,0.00632358143070785,0.254506113680545,0.024860881304701,0.980165929778946,0.99490810920871
TACC3,0.931705437677427,0.0849639267387279,0.583738613368145,0.144989934036835,0.884718819283893,NA
LETM1,1.05296056296144,0.0633719615509155,0.575148916668619,0.109138488950129,0.913092647438751,NA
NELFA,1.93166528924962,-0.334581155124536,0.511193340116048,-0.65605520733467,0.51178860342259,0.839285204620266
C4orf48,4.12813536418994,0.507339678523983,0.384127129578709,1.31787577880101,0.187545235108256,0.564394953095974
HAUS3,3.66752436973015,0.0462033906553171,0.381274381779915,0.121143467730409,0.903577400417546,0.978611663245645
MXD4,3.51573563960836,-0.220926845986141,0.422970660961597,-0.521225098989587,0.602209971580528,0.877505019104904
ZFYVE28,2.61799169032359,0.229158951704769,0.445681346638485,0.513108639859574,0.60787532819259,0.878598497420591
RNF4,2.77979280773241,0.603493215220556,0.436776495686933,1.37485208300154,0.169177307264306,0.534572554693881
TNIP2,6.67868362108838,0.0747249345347284,0.317020863035486,0.235771553897596,0.813609942640063,0.95063330273134
SH3BP2,0.589703174043609,-0.381349443390816,0.643390984460842,-0.598219610727669,0.549693407865455,NA
ADD1,3.2289102942703,-0.26017201974659,0.412654826402929,-0.630143474448502,0.528600718027044,0.847822723855686
MFSD10,8.26623942671554,-0.146243282518295,0.274991517506227,-0.531705277498994,0.594930136164718,0.87720265747397
NOP14,0.482780780354176,-0.282325719353783,0.652402615360699,-0.430840107893598,0.666584634298092,NA
RGS12,0.203931167875355,0.289113349923239,0.66481072921267,0.459934913800516,0.645562938810174,NA
LRPAP1,22.5542755416507,-0.0807492095605245,0.185480431059886,-0.43523632959759,0.663390895038484,0.90605625052625
TMEM128,3.46293370553874,-0.246655127230498,0.410091659426695,-0.599714287778151,0.548696664502792,0.853145895522196
LYAR,14.0951568804988,-0.558590844774854,0.234069710772987,-2.38486133010489,0.0170855602536719,0.132370805627783
NSG1,1.02368226089832,0.282719924864851,0.657974836699577,0.474445802506587,0.635182037698674,NA
STX18,3.12578365006164,-0.672313597310348,0.460226106796305,-1.44918384685818,0.147286247306405,0.50080621855939
MRFAP1,20.6044716906587,0.100646970617035,0.188466289350617,0.53402110889353,0.593326929718434,0.876264899235887
AC093323.3,1.67000461757065,-1.03611462736277,0.569743739522032,-1.80307033842149,0.0713771687815773,0.335197085265178
MRFAP1L1,5.4032770539074,-0.437433847961826,0.35191459920631,-1.24388869587894,0.213540530309838,0.594203532583467
BLOC1S4,13.175011848171,-0.649869786207025,0.230716062252186,-2.81599661587976,0.00486261788810338,0.05213201743987
KIAA0232,1.76998223930874,-0.314929207167139,0.534220828862101,-0.592316942560986,0.553638372658373,0.855401348304572
GRPEL1,5.58113774903735,-0.437976134535911,0.354904883293649,-1.23534333396012,0.216702752540737,0.597863359210922
WDR1,12.8317125969449,-0.00233147469963938,0.225405528201786,-0.0103477496073068,0.991743837688904,0.998000298526934
HS3ST1,0,NA,NA,NA,NA,NA
RAB28,4.76349264724699,0.351881175072372,0.366202244323429,0.960285379236022,0.336911606468679,0.72005793603375
BOD1L1,2.01247697138066,-0.170515410198761,0.478679496611635,-0.355556205326359,0.722172946087303,0.921801140594676
FBXL5,5.36088974513891,0.192013703067716,0.342396889257348,0.56078885690037,0.574941483938387,0.868555268870245
FAM200B,2.47388381318622,-0.432700902977378,0.445286803226364,-0.969053261579486,0.332518615595539,0.714898333711467
BST1,0,NA,NA,NA,NA,NA
CD38,46.3088646540758,2.60890433675263,0.234915339712119,11.0403827802316,2.43991520617612e-28,3.29325990905413e-26
FGFBP2,102.992587767248,-1.2830217002944,0.222327650427373,-5.76689872098072,8.07435410888277e-09,3.0144255339829e-07
QDPR,3.31136548078977,0.0630325000894897,0.448744138069434,0.140117305333196,0.888567307797276,0.973448139072812
LAP3,28.5817318231283,2.67393430144304,0.233603641395965,11.3194779067875,1.05095947663245e-29,1.45585544341926e-27
MED28,17.813699428511,0.148423047383238,0.200854124622046,0.73887974870571,0.459980020490105,0.80872906742148
FAM184B,1.59311067034593,-0.0998627229801618,0.569099350658906,-0.174774499681815,0.861256826213643,NA
LCORL,1.93374607534826,-0.584209641000484,0.530393159104291,-1.09907945453699,0.271733410640658,0.657765547730962
DHX15,3.60477030326775,0.211037450684345,0.407002954103218,0.516771577915646,0.605315622849219,0.877703949235001
PI4K2B,2.5764497679898,1.66245782292165,0.499944113576549,3.22605077245336,0.00125511089855078,0.0175715525797109
ANAPC4,2.24604394254454,-0.696724929653406,0.523763499846978,-1.33649536897575,0.181387413167789,0.555129850532117
SMIM20,5.71853207522764,-0.905240934128523,0.415477675347744,-2.17030900795353,0.0299834446751639,0.196799068291849
RBPJ,11.9291496632792,0.200646488970294,0.237371740776573,0.845021099810361,0.398099058476568,0.759911380268678
STIM2,3.22915256468071,-0.795145556214597,0.408103084836431,-1.94095706871746,0.0522634849270443,0.278149440814769
ARAP2,9.00336924587056,-0.0391303597046394,0.274637430610316,-0.142380741004111,0.886779273851002,0.972906648093304
PGM2,1.75404214519187,-0.915781456724074,0.526399219457225,-1.71644685309016,0.0860802874090706,0.378551907202463
TBC1D1,3.45762449147509,1.34200510445248,0.439997388885451,3.00494259176767,0.00265630980499987,0.0325181739849286
KLF3,4.29544377854274,-0.53265800516534,0.384761550773845,-1.38309257694572,0.166636481476194,0.530587506608924
TLR1,2.38522878326099,0.190391504562929,0.563691344066928,0.347653531251629,0.72810039883872,0.924091400842208
TMEM156,2.21047474993707,-0.179054560931786,0.475494568594693,-0.374716131549925,0.707871593747126,0.918571726065125
KLHL5,1.28816420137454,-0.100295867661725,0.600285020811357,-0.169207577882853,0.865633369450304,NA
RFC1,4.56120171369335,0.20569749835683,0.383931976775769,0.534359377657282,0.593092918331921,0.876264899235887
RPL9,222.688110401519,-0.0797882406922322,0.097444463469871,-0.81880707362556,0.412896494512792,0.771834924401753
LIAS,1.67024392953676,-0.291353914526565,0.524942533093127,-0.555701842366764,0.578414696905898,0.869231378973048
UGDH,1.93507603457325,0.876249294472431,0.538744014732181,1.61847388568755,0.105560510257439,0.423529364325579
SMIM14,8.90666394541953,-0.087259880271448,0.270629305749005,-0.322575352034496,0.747016862862695,0.930060729921766
UBE2K,5.33937558806428,0.508775588123035,0.340453222841982,1.4921495995455,0.135659931602706,0.478308024083487
PDS5A,1.18379084081772,0.26324337729956,0.557482246481922,0.467797014904535,0.639929755529611,NA
RHOH,15.1324142647355,0.237094023393516,0.227045601973277,1.04433248685872,0.296331587424039,0.681174443755519
RBM47,0.0550098078501539,-0.0494284575315548,0.490690968130955,-0.0987297732893515,0.921352828682113,NA
TMEM33,2.49571836676159,0.349993097857897,0.468383990869202,0.746604684117954,0.455302220113461,0.805532093333474
SLC30A9,0.958065034695532,-0.0896248306877031,0.610533874044055,-0.146421371755955,0.883588756906613,NA
ATP8A1,3.15633469671469,-0.657138472357089,0.394632079908197,-1.66104351072891,0.0967047083770316,0.402096038622981
GNPDA2,2.05138355760287,-0.418020875310936,0.530840546154676,-0.782656844526401,0.4338286508834,0.787110289741839
COMMD8,8.89924735530835,-0.696806838226632,0.28590248833103,-2.43345193114798,0.0149556210636756,0.12000973975486
ATP10D,0.804449071087755,-0.68810908925579,0.629418206555629,-1.09074174696935,0.275386535466659,NA
TXK,2.72677146122661,0.119462275468844,0.436271421497608,0.272582176289576,0.785174414535756,0.946699343536392
SLAIN2,2.63627050211578,0.0975246193315215,0.449379654360447,0.217036878698076,0.828179604813952,0.956224092471219
FRYL,2.28546385919874,-0.251521237263756,0.454731632362271,-0.550894081964956,0.581706284580957,0.872891072415667
OCIAD1,19.3149923386143,-0.317028736367226,0.221106769087899,-1.43425552340538,0.151499357542583,0.508336130429745
OCIAD2,37.4862646016462,-0.320738631530638,0.160688785419265,-1.99631011232065,0.045900178018023,0.257670430289283
SGCB,0.247539144407252,-0.307092082766476,0.668567895066893,-0.445952308958408,0.655631695783521,NA
FIP1L1,8.47091028890857,-0.0548818442963567,0.290762627753985,-0.18891738525862,0.850157567462397,0.961740733365766
CHIC2,17.2716852189828,0.581506511493749,0.216010690821552,2.69089113649306,0.00712614446087312,0.0698547941192479
SRD5A3,2.21449081626163,0.283660306058853,0.518849227939805,0.547537687997793,0.584009385519407,0.873607674161454
TMEM165,11.7755271994641,-0.0849479423658264,0.244754346507397,-0.347082280886704,0.728529504843306,0.924091400842208
EXOC1,1.30429556866041,-0.329301029667555,0.542791574238126,-0.601197034401134,0.547708759480849,NA
CEP135,1.91126883638088,-0.171086425991576,0.47761552485285,-0.357835380653036,0.72046651143915,0.921654922385975
AASDH,1.08173202155357,0.333608847816092,0.606991889373361,0.547408219623408,0.584098309510071,NA
PAICS,1.0673664230258,0.561962687741487,0.616172067709364,0.909532844101332,0.363068928997351,NA
SRP72,6.10092390296804,-0.761848860811214,0.327847850262539,-2.32203450087063,0.0202310779817575,0.151058715597123
HOPX,36.4819438725216,-0.933317419290369,0.239086641470771,-3.89984690899533,9.62535309278319e-05,0.00185596551942896
REST,10.2602754242049,-0.112576856908976,0.268667447767512,-0.419301140111851,0.674996063449721,0.909672114183137
NOA1,3.96482172492909,-0.453409859812667,0.426735879198632,-1.06428449319089,0.287199840566415,0.674317556084571
POLR2B,4.64431639575089,-0.819031001639526,0.387097521359981,-2.11094388738259,0.0347771352091698,0.217014649461481
IGFBP7,30.9019944225261,0.72220870323229,0.235373523979997,3.06654222418104,0.00216550220690767,0.0276670144985847
CENPC,5.63781871991465,-0.173595834305145,0.32974630675304,-0.52644581090677,0.598578493294917,0.87745968572794
STAP1,1.58565928190528,1.75383486545587,0.564052703050887,2.98700308723467,0.00281726877446008,NA
UBA6,2.43851282263166,0.679210815897827,0.4635598146993,1.45373182267525,0.146020671835144,0.497832135064895
YTHDC1_ENSG00000083896,8.14092285078896,-0.322055894429782,0.303685934597166,-1.06103854063639,0.288672386465204,0.674799279706057
IGJ,0.055561880650975,0.0610175915536028,0.490712330401076,0.120047533505961,0.90444549390402,NA
UTP3,4.59564403440583,-0.206732261543377,0.370677390816863,-0.557044750711483,0.577496854302024,0.868555268870245
GRSF1,4.84647643787847,0.140880990938735,0.334389433332736,0.42084680762005,0.673866949336336,0.909672114183137
DCK,15.1186179571545,1.13383340821626,0.246060369160302,4.59513948646133,4.32459880523497e-06,0.00010588227028259
ANKRD17,1.7105511900623,-1.28328581761454,0.572203579041793,-2.21271709217032,0.0269171562572108,0.184015468231114
IL8,4.16970003859591,-2.85645757040137,0.554447023755806,-4.87210214080511,1.10417055236229e-06,2.98069425006928e-05
CXCL1,0.454428105086748,-1.12634298989915,0.668401566407558,-1.75607340472287,0.0790758755703546,NA
PF4,2.62894820824451,0.292329952060784,0.485440273641646,0.603674964406995,0.546059762101624,0.853145895522196
PPBP,12.7252205509636,-0.294737650254286,0.346112240913963,-0.85419604237253,0.392996375662856,0.758892262065204
CXCL5,0.0272288675246664,-0.108552561287415,0.490601629230456,-0.216657694052562,0.828475120094584,NA
CXCL3,0.355204136321833,-0.73431443797889,0.668587579138797,-1.14787756629253,0.251019110481096,NA
CXCL2,0.626236202624393,-0.304434507967521,0.641783719418009,-0.475005693903907,0.634782914873995,NA
MTHFD2L,1.47777781894311,-0.0839863387490526,0.619806345022828,-0.141966284111959,0.887106637279551,NA
EREG,0.286175329837345,-0.169726213156397,0.490745406531505,-0.38975309722355,0.696719129300133,NA
RCHY1,3.31634083386131,0.151193472425175,0.398357557692058,0.379157766366473,0.704570711695936,0.917215665787009
G3BP2,10.3256343376793,0.434608868449921,0.30609689348186,1.41780888457601,0.156246569561585,0.514694582085221
USO1,4.41232656263131,0.431148013395502,0.373426487865433,1.15222305813965,0.249229424828056,0.6374847873153
NAAA,3.0745552078878,-0.662517036747775,0.426243019974982,-1.5514270044251,0.120799387878907,0.452464349258858
SDAD1,5.5540985815656,-0.0149178061332438,0.326262100829416,-0.0457405065705025,0.96351707800551,0.990737780820354
CXCL9,0.0604291651784408,0.00708335167592633,0.490601629230456,0.0144345705803501,0.988483278924753,NA
CXCL10,35.1969379175799,6.01117113719013,0.534428932407319,9.74203231900504,1.99523451513935e-22,1.9816819788101e-20
CXCL11,4.39338135930728,3.90440778121521,0.577096244547544,6.45532746208955,1.07985146826861e-10,4.94290272083996e-09
NUP54,3.33079004841605,-0.115344464480883,0.408919760093957,-0.282589169928343,0.777491783234403,0.94323962824289
SCARB2,4.50338827157017,1.6193549389959,0.420924010473947,3.77087429645651,0.000162676606497114,0.00294271359656636
SEPT11,2.55855731081751,-0.543757400396981,0.468312355577464,-1.15791117858289,0.246900285199733,0.633590687968192
CCNI,34.6742094254198,0.288129264020899,0.166902975992591,1.72634017256489,0.0842862321424962,0.37473203209299
CCNG2,2.47965854492175,0.513151502181057,0.474368671336202,1.07825209227433,0.280921270450953,0.669109030235923
CXCL13,0,NA,NA,NA,NA,NA
CNOT6L,7.24510428207546,-0.352043221122178,0.289362731829148,-1.21616485581959,0.223922128502827,0.608248256979286
MRPL1,2.96424965471327,-0.295104629989347,0.422068668597679,-0.699190577467313,0.484432938361609,0.824513190648817
LINC01094,0,NA,NA,NA,NA,NA
ANTXR2,1.60919295239419,0.532494997862366,0.638938203044244,0.855768987832267,0.392125572206307,NA
RASGEF1B,1.63169325051223,1.03213900020633,0.540136186828326,1.87009469537796,0.0614706689958298,0.308610428938631
HNRNPD,5.68757293304262,-0.148643220659031,0.333168874377831,-0.445801820846851,0.655740406410777,0.902064860014868
RP11-127B20.3,0.976305831929463,-0.374300427799805,0.639227281741696,-0.59800760148642,0.549834861015585,NA
HNRNPDL,17.9613962833068,-0.536107957685905,0.219322326737523,-2.44370607091154,0.0145372648190395,0.117368346637153
ENOPH1,4.07484465523974,-0.59658210181398,0.376281352067407,-1.58378056336216,0.113243663875895,0.437600689196073
SEC31A,3.10044837228223,0.0875231692030322,0.435956690348778,0.200772032709456,0.84087683229327,0.95986749419997
THAP9-AS1,3.43026210984522,-0.337063940360704,0.422020555009092,-0.799709270452308,0.423879260542782,0.78001704816056
COPS4,7.71744508766117,0.269812774894649,0.320356453510934,0.843239727682905,0.39909438389371,0.760344855887256
PLAC8,56.2006922812634,0.530872871194674,0.169890795024429,3.12421174462871,0.00178282109314565,0.0234034170431887
COQ2,1.52874589433796,0.548871804578706,0.531914071981996,1.02847410765245,0.303726864355843,NA
HPSE,1.69868718681788,1.45981411598296,0.583553849743943,2.46686643333213,0.0136301189004649,0.111878970136072
HELQ,1.37029562170838,0.223844032044043,0.570488153702409,0.392161262251565,0.694939064545257,NA
MRPS18C,13.88593542558,0.477276875054144,0.242149747961808,1.97018557452207,0.0488171062012521,0.266293520252219
FAM175A,1.31026080920938,0.252499941898994,0.557490207232898,0.452494050582841,0.650913106261239,NA
AGPAT9,0.863155014753411,-1.02100480643264,0.650683143697816,-1.62055917334918,0.105112214073594,NA
ARHGAP24,0.254223623581989,-0.668018819430229,0.658725369271005,-0.9991183885864,0.317737344236884,NA
HSD17B11,12.2498679242093,-0.672346104631726,0.251746488073563,-2.66926774216624,0.00760168268869089,0.0727550139513979
NUDT9,3.31042159919123,-0.38724536207485,0.424613275245939,-0.913517165438051,0.360970609863858,0.742491576501798
SPP1,0,NA,NA,NA,NA,NA
PPM1K,30.9074986303426,2.55813190569867,0.205167972229835,12.3522892863729,4.73447228338058e-35,8.30742069990512e-33
HERC6,8.13373658205088,2.96616195262236,0.386981040747147,7.2240608834114,5.04576495706228e-13,2.68291987211877e-11
HERC5,35.012400256889,4.11477638795965,0.272508441105231,14.5124843390178,1.00995414127983e-47,3.54426573313136e-45
PYURF,29.1788591634653,0.4924173307489,0.171981289366824,2.86246011741419,0.00420366161575711,0.0467012562405878
SNCA,4.73385509458625,-0.63358775021639,0.464500162124206,-1.36811038376598,0.17127752691363,0.538593131226612
PDLIM5,1.31312605646332,-0.104336280433743,0.609484130684728,-0.174080850526257,0.861801922479755,NA
TSPAN5,2.43401086025912,0.713041548913887,0.508194884209654,1.40814247024233,0.159088887321857,0.517579668023642
EIF4E,5.6943768039623,-0.323009716252584,0.344203905722749,-0.938444160215132,0.348016200701186,0.72991339016124
METAP1,0.809221665337653,-0.162015821386643,0.611404533456378,-0.264615216090605,0.791305897122969,NA
ADH5,8.31231557716555,-0.113532160622414,0.295233604141192,-0.384675079752846,0.700478160567716,0.917214265271815
DAPP1,1.84926811995621,1.3106667463947,0.575988047641412,2.25421167849777,0.0241828544468412,0.171100195978726
LAMTOR3,4.13164010979373,0.0487788214994819,0.407210675313582,0.119591448432552,0.904806794266063,0.978611663245645
DNAJB14,6.40777955074612,0.27796537719367,0.318803724436342,0.871408508482152,0.383531141688979,0.751430869465124
H2AFZ,39.2649333567807,0.0460978827515782,0.142606362305129,0.323218314491595,0.746529911724938,0.930060729921766
PPP3CA,1.29510169311357,-0.777238068379757,0.559428697100296,-1.379391970517,0.167773933577104,NA
BANK1,0.523521319077883,0.764367714854684,0.65368871497361,1.17700667898908,0.239192840445723,NA
SLC39A8,1.45615540888982,-0.292784224939193,0.524307108503801,-0.55571537162246,0.578405446596043,NA
NFKB1,8.52269621695996,-0.125541307301474,0.324337452671938,-0.387679249949126,0.698253413314925,0.917214265271815
MANBA,1.2272585601971,-0.461803782093318,0.585898869403826,-0.785874107179329,0.431941245253931,NA
UBE2D3,52.0573782195121,0.300847578486461,0.134212381496878,2.24152293809362,0.0249922214098065,0.174979766887155
CISD2,13.0661229586309,0.223959784749642,0.223943722164407,1.00014271496885,0.317241447102445,0.704241805881064
BDH2,2.60666309120925,-0.466818458543215,0.443997312333355,-1.0497537368835,0.293831350375082,0.678996401132634
TET2,1.14231925646392,-0.384962944182313,0.594314830899363,-0.65106386133538,0.515005263676111,NA
PPA2,4.66514493284874,-0.393631052993746,0.364256024147383,-1.08052518432899,0.279908378243999,0.668225715680912
INTS12,3.41715133100465,0.630141988815252,0.423417334727184,1.47981675042768,0.138922157223353,0.485581829763433
AIMP1,8.16374467289969,-0.0805696568428917,0.284284110022205,-0.283499073059324,0.776794292121233,0.943045469032789
PAPSS1,2.28437229433609,-0.680090093852536,0.487910287863683,-1.38849799550312,0.164985454725914,0.529563069315374
HADH,1.47218219189636,-1.11608335370613,0.558057781082595,-1.96578888681763,0.0493230020589743,NA
LEF1,2.79396390753098,-0.262934417427162,0.514693037461098,-0.515763775856995,0.606019405460852,0.877703949235001
RPL34,356.724431911599,0.0319663041676295,0.12920409092392,0.247400957767698,0.804597933030323,0.948768259507023
OSTC,24.1724318619243,0.251314931337788,0.203718728159256,1.23356595605447,0.217364685348233,0.598748144255937
CCDC109B,41.7757983318146,0.0808138613905485,0.188578166802651,0.428659529082261,0.668171016983744,0.908146716602744
CASP6,1.04787181660556,0.0269887307448606,0.577687453330059,0.046602875872642,0.962829739907798,NA
PLA2G12A,2.93901246579265,0.0279683600818266,0.457510482161398,0.0613735458734118,0.951061719968232,0.987648233164879
GAR1,2.37919919478964,0.142523176662974,0.491605105442151,0.290072727655974,0.771760599412829,0.940409854261235
C4orf32,0.770093614059221,0.438598727132412,0.612876039906146,0.710917926563809,0.477135096565863,NA
TIFA,1.99651551391736,0.369034502226383,0.548610976945216,0.66939062898627,0.503246327823348,0.834621509030279
ALPK1,0.279890473183761,0.382925640370491,0.649407115102039,0.604505590319422,0.54550755363857,NA
LARP7,10.0713186841769,0.412811341237095,0.248000332482722,1.66328251342981,0.0962558973611498,0.401180557172678
SNHG8,9.00349859650912,-1.21650660809309,0.385405528097266,-3.14899800423223,0.00163831314131646,0.0220987883671249
SEC24D,0.828452004066553,1.35786259067846,0.619667062641295,2.14346726937901,0.0320755965520995,NA
C4orf3,56.5612106865088,1.05712291653788,0.125987128289991,8.38571607427334,5.04178929637601e-17,3.96119087404825e-15
MAD2L1,0.875872735212716,-1.04428111775456,0.603941061281245,-1.70326063923967,0.0885193030822018,NA
TNIP3,0.0277809403254875,0.00708335167592632,0.490601629230456,0.0144345705803501,0.988483278924753,NA
ANXA5,22.0788584923966,0.386208407297686,0.245164729628881,1.57608638908486,0.115005895366696,0.43964303819447
EXOSC9,4.55797805583446,0.0123209785437374,0.368565782502804,0.0334804432176155,0.973291461139627,0.99454321103772
KIAA1109,1.55833433387798,-0.28655827907153,0.575411811314204,-0.50577180730985,0.613016852187686,NA
MFSD8,1.62493886180564,-0.550571867738283,0.516966968465317,-1.05973148084329,0.289266776620975,0.674955812115609
PGRMC2,4.0536067360372,-0.0388349698585727,0.393139561309705,-0.0986910978375903,0.921383537254597,0.983880196974474
JADE1,2.33846914375015,-0.213803322689181,0.443864288554608,-0.481872516384168,0.629896511034105,0.891136772378232
SCLT1,1.76392567892956,1.00525804400088,0.517487698000998,1.91079541378384,0.0560308773233503,0.291161439516403
C4orf33,1.38352060625295,1.30254826957112,0.576450424543582,2.22594240935405,0.0260180392094829,NA
SLC7A11,0.198081768518546,-0.139927380654946,0.650782319395252,-0.208404835463336,0.834912881065803,NA
ELF2,6.32083942449725,-0.421084545685537,0.330858365578697,-1.2730776508905,0.202990488683477,0.583068567143556
NDUFC1,10.4199167252505,0.321674699727546,0.25578442564251,1.25671632797077,0.208856373491536,0.589678963372791
NAA15,0.719696100156062,-0.373734677817667,0.638511820304554,-0.584328025392519,0.558999640384496,NA
RP11-83A24.2,1.7182335272203,-0.0360822994375753,0.49711646977992,-0.0721457897586741,0.942485886184338,0.987648233164879
MGST2,1.84565819097038,-0.903769929456407,0.537548483902496,-1.68300264384915,0.0923745796137868,0.391122292361439
SCOC,4.72934327061861,-0.19909413594327,0.357828945994808,-0.555773400879298,0.578365771247654,0.869231378973048
ZNF330,2.52687162059691,-0.0785605788546659,0.441145806814133,-0.178007054520185,0.858717435518124,0.965048800291931
IL15,2.04261463955762,0.795917140034635,0.532171827406197,1.49409865556812,0.135149835341593,0.478014127878479
SMARCA5,10.1187272652525,0.285524663397313,0.245636048834776,1.16176309403011,0.245331709025111,0.631400935667467
ANAPC10,4.81844774781175,-0.0718571905741663,0.39593887930368,-0.1809890536389,0.856376168054436,0.963034426113769
ABCE1,2.55661072205768,0.868379187847258,0.473149130128004,1.82029972100755,0.06871337386186,0.326745438129025
OTUD4,1.29590630241937,0.0963805469072111,0.543877414019999,0.175050579962938,0.86103989004793,NA
LSM6,11.8167364532716,0.272147833360321,0.236482566637446,1.15057746955516,0.249906106393916,0.637888375915282
ARHGAP10,0.758440894782719,-0.301515016123999,0.65568096227276,-0.474749625405543,0.634965442078891,NA
LRBA,2.81439115659075,-0.255285210119045,0.487099137553837,-0.524263750740731,0.600095105661933,0.877505019104904
RPS3A,439.805876221446,-0.311298111213308,0.104442801936369,-2.98056505730683,0.00287717116788252,0.0346577323289098
RP11-18H21.1,0.463276594995625,-0.443472538700056,0.666400755120782,-0.690865038652662,0.489650358658029,NA
FBXW7,1.19187924246306,0.580924825851497,0.561221625394981,1.02681702397106,0.304506631597643,NA
TMEM154,0.604187300920596,-0.508240957843108,0.6617870084037,-0.793077669943472,0.427732571919815,NA
ARFIP1,1.7192523102319,0.633223220744839,0.55861498256191,1.13277263294056,0.257309746859329,0.645433590849705
TLR2,0.640043846300399,-0.150833836696815,0.667727424110238,-0.239505472927108,0.810713653160493,NA
PLRG1,5.23258092577816,-0.051542925349352,0.342414411897174,-0.15045559118166,0.880405184944568,0.97090195158043
CTSO_ENSG00000256043,1.36654129794503,0.105867069285871,0.589477715383546,0.178192698856695,0.858571643432336,NA
PPID,7.50232848835934,0.552585874061504,0.298115647782884,1.84999959720344,0.0643136076462167,0.316398907149238
FNIP2,0.455384193494489,0.199164449145774,0.648347777312102,0.306506003859025,0.759219409257594,NA
RAPGEF2,0.0816209589873195,-0.0633393230506812,0.528916665274923,-0.132197307724086,0.894828230557893,NA
NAF1,2.1491713076351,-0.482623078511901,0.536044425710884,-0.9109523557511,0.362320477785557,0.742491576501798
TMA16,2.59533833373369,-0.644191243745012,0.538721284950076,-1.20654231433126,0.227608453825048,0.612414678141072
MARCH1,0.158365543805531,-0.216417917945057,0.538601048935734,-0.448599734095362,0.653720425644618,NA
TMEM192,1.38376184962819,-1.3342469148657,0.576817786035025,-2.26914488301334,0.0232595167241346,NA
MSMO1,1.92666632641366,0.49327336076965,0.494760564306254,0.992756318811926,0.32082872174809,0.70723135566118
DDX60,6.91117429857984,2.56196094547902,0.383806754146343,6.4165215221514,1.39423247566769e-10,6.32693082061614e-09
DDX60L,13.3922475222439,2.80723034571545,0.324435848555826,8.4182956932183,3.82000633266805e-17,3.14195520861947e-15
NEK1,2.29321317282647,-0.426862869407022,0.502064585691793,-0.855022641223174,0.392538613576176,0.758892262065204
C4orf27,3.90045625451272,-0.0148576480753454,0.376003222455856,-0.0394968873001397,0.968494235156763,0.99321130992893
GALNT7,1.6786407743312,-0.463726471918832,0.550705335656687,-0.840555918843955,0.400596762487973,0.761028562274161
HMGB2,33.1862278130764,-0.236753190530985,0.173425439034474,-1.36538956015556,0.172130643386858,0.539663911130684
FBXO8,2.67428842800791,-0.527050947795498,0.49685994794875,-1.06352997669162,0.28754167841374,0.674518447045422
CEP44,1.00927381044596,0.364729111004351,0.600497463994885,0.603664214110373,0.546066910822969,NA
SPCS3,15.0703101277432,0.82520310675442,0.22988071458235,3.58433882363014,0.000337933167507728,0.00552447265143068
AGA,3.31965425331215,-0.84236652380464,0.450098099673905,-1.86412056399339,0.0623047753233328,0.311760776903064
DCTD,5.1288569586487,0.531450816958891,0.345463918007354,1.53595288251765,0.124549936763952,0.457842784305478
CDKN2AIP,3.92082140252747,-0.132390495156174,0.420339627136079,-0.314968794557337,0.752785347195383,0.932921449076858
ING2,3.17324061137517,-0.112144198332509,0.43185418799512,-0.260109227247029,0.794779520527724,0.947331951222146
RWDD4,2.89948610401855,-0.339181856187315,0.45585233710393,-0.745336567148454,0.456068280429699,0.805618600061052
IRF2,14.2015905457259,0.884687655762081,0.223841224576417,3.94541235203498,7.96627682001644e-05,0.00155312893261358
RP11-326I11.3,1.10426101042932,0.975552698444033,0.603506543587799,1.59277545150698,0.111210574089884,NA
CASP3,4.67891251109621,0.967295854907576,0.383931821957673,2.50036086054453,0.0124066858123423,0.104661529032324
ACSL1,0.791433888895693,-0.243933662549842,0.605298986129689,-0.40195655690004,0.687715998495156,NA
RP11-701P16.5,0.153829427589231,0.361275238487829,0.618758042706582,0.574528880132712,0.565609963180818,NA
SLC25A4,3.90170906199951,-0.0135330151681867,0.371967245927393,-0.0363783085274043,0.970980710016754,0.99384369125528
KIAA1430,3.33999992468612,-0.136362283306709,0.409205813656804,-0.332519121947358,0.739497303139054,0.928396453612475
ANKRD37,1.64815957363764,-0.0497626650493091,0.556223161337749,-0.089496953921321,0.928686974289547,0.98580524957858
UFSP2,3.10975482373461,-0.604651217994599,0.412428819060138,-1.45855782998151,0.144686847390521,0.49553127173956
FRG1_ENSG00000109536,13.9790763271886,-0.225814960768594,0.241451862704044,-0.935777808622919,0.349387599453146,0.72991339016124
CCDC127,2.7862236089441,-0.189356771020488,0.498530272764219,-0.380722234452791,0.703409368522479,0.917215665787009
SDHA,12.7076526134991,0.0581162165401626,0.248393564985351,0.233989269285576,0.814993309317784,0.95063330273134
PDCD6,26.337076980982,-0.370164608502305,0.162448967890306,-2.27863535396005,0.0226887505180589,0.163832075071416
EXOC3,2.65878693904548,0.416911773709252,0.505403168437817,0.825265690528709,0.409220765917501,0.769590736212827
BRD9,1.28362531732111,-0.677444194885161,0.540104438792894,-1.24923028664321,0.211580857495614,NA
LPCAT1,4.8564039611426,-1.22607019205651,0.354382868541075,-3.440161644127,0.000581366853892362,0.00900092682026292
MRPL36,9.02026043094832,-0.0145117560361004,0.269627279628473,-0.0537958836166345,0.95709778917046,0.988997568811304
NDUFS6,13.3062747631288,-0.206664129872786,0.225292502950747,-0.916869994110341,0.359210769158939,0.740652365394695
KIAA0947,1.96617270283596,1.11022838225317,0.539932950530372,2.01926087182411,0.0434601124523589,0.248397428826512
MED10,26.9024388842626,0.46010724481076,0.166496533855204,2.76246451209902,0.00573667977258337,0.0592115339664292
NSUN2,2.21070959795825,-0.54905796721012,0.463946766665152,-1.18022928533959,0.237909034450778,0.622498556789513
SRD5A1,0.408170237733285,0.207576518757493,0.666549459221102,0.306691549480479,0.759078162554236,NA
CCT5,13.8705565371456,-0.181905684307007,0.226602938573432,-0.802599694818557,0.422206144802263,0.779002154307435
MARCH6,1.22435981938087,-0.291317919009899,0.548481238468923,-0.529529821469835,0.596437962838117,NA
DAP,1.42797740566475,0.0999617925718018,0.56849256335169,0.175491196263797,0.860693687802711,NA
FAM105A,14.6005252450352,0.320014504484526,0.242356919023535,1.32010092491265,0.186801324018709,0.563508406667325
FAM105B,4.73175635470556,-0.525272781540389,0.338503882677203,-1.55084870942866,0.120937944416264,0.452464349258858
ANKH,7.36928295887642,-0.321227530020658,0.38988768866729,-0.827371046306009,0.408026786192634,0.768982340915551
ZNF622,6.29179514211384,0.326307365930171,0.341042175877685,0.957288842695585,0.338421485280131,0.722404987232202
FAM134B,0.544824180550393,0.703797296874008,0.655404452778502,1.0755708026146,0.282119251232537,NA
MYO10,0.0277809403254875,0.00708335167592632,0.490601629230456,0.0144345705803501,0.988483278924753,NA
BASP1,0.200985987431478,0.280904935151267,0.652629587050945,0.442927096744648,0.657818467291683,NA
GOLPH3,2.38573358287043,0.546358292751743,0.475483105096587,1.14674881478753,0.251485449241469,0.63894998757468
ZFR,8.24045411434203,-0.0234143727497462,0.290677768598687,-0.0805713507392859,0.935782850906746,0.987648233164879
SUB1,44.9603609093674,0.790719010302677,0.152919007687445,5.16775173075688,2.36926740466435e-07,7.16771472307652e-06
TARS,4.38046548114134,0.184865021249321,0.380301317226703,0.486610837901281,0.626534141671272,0.888011772147974
RAI14,0.14637021666731,-0.201318551705431,0.620165988435486,-0.342035130186643,0.732324454812556,NA
RAD1,4.76208201111383,-0.190521215373201,0.363119574810695,-0.524396980521572,0.600002456232569,0.877505019104904
BRIX1,6.89698445958201,-0.535231789082093,0.331063275097581,-1.61738194789638,0.105795859969088,0.424150347964418
DNAJC21,3.67962692558664,-0.143363592833049,0.443013168267956,-0.325171459461678,0.745051307988255,0.929591366361252
IL7R,7.18893362548826,0.46260796062238,0.352050804026547,1.31473654620952,0.18859845955886,0.565209422652038
NIPBL,4.83896873729486,0.483558700633661,0.363898502147817,1.32645301022303,0.184689689928853,0.560026801719748
WDR70,1.24366803632517,0.0833866791130479,0.58821750670427,0.14130006687801,0.887632896783971,NA
RICTOR,3.65205020452423,0.365041603059505,0.416572406462337,0.872922578329062,0.382705278751994,0.751430869465124
FYB,7.53738714471835,0.438375515098093,0.297266990877104,1.47325134715989,0.14068327428371,0.487850300282904
DAB2,0.897882361885149,-0.214353219870601,0.639494275589847,-0.325231041075883,0.745006217209626,NA
PTGER4,24.4165487434391,0.468786296542012,0.192743403929955,2.43079417880589,0.0150657701608757,0.120240287517779
TTC33,2.73645099450799,-0.119589249162819,0.505495886762311,-0.239145675080841,0.81099262549367,0.95063330273134
PRKAA1,2.52337236264021,0.579449214801611,0.472165494287038,1.22341743821321,0.221172070253193,0.60477381726685
RPL37,53.0068735594924,-0.0545094600056703,0.144643792966328,-0.37686363475162,0.706274947506151,0.917872019899102
CARD6,0.17974609865471,-0.00574438576097432,0.662434818470357,-0.00870827167322588,0.993051892297895,NA
OXCT1,1.71297887894984,-0.51792896258086,0.522100384658704,-0.991946832078549,0.321223462097943,0.707277299324274
ANXA2R,12.82271205536,0.916675926202398,0.295719464951703,3.09062353684292,0.00199736697419571,0.0259608388942375
ZNF131,3.43113984655916,0.386764461508374,0.387635792972694,0.995947238475755,0.319275781475815,0.704682479534041
HMGCS1,0.861624983478209,0.0681949102741964,0.595719155374781,0.112298935871491,0.910586385519072,NA
C5orf28,2.07094956338111,-0.122705943815558,0.487553499156896,-0.251992361349254,0.801046968087737,0.947964478035823
PAIP1,4.30450794136881,0.587680427451512,0.377417635852865,1.55350119948055,0.120303442925995,0.452241447971815
NNT-AS1,0.670912139118384,-0.810515273365896,0.631217275505599,-1.27211546927963,0.203332095660557,NA
MRPS30,6.74608906728041,-0.0792043348027689,0.32670097994618,-0.242402668148757,0.808468167135634,0.950374370656985
EMB,7.61190915816221,0.474590642445761,0.298212379307912,1.59028391021404,0.111770823731193,0.434535905554651
PARP8,5.37354048880367,0.979976357795973,0.365185600239084,2.66928014805706,0.0076014018940308,0.0727550139513979
PELO,5.24692016987222,0.0180832329147575,0.345801407241082,0.0523414514053038,0.958256625119908,0.988997568811304
MOCS2,3.10507873213263,-0.317989706070548,0.469102495787512,-0.674042658992952,0.500284193059202,0.83285768256282
FST,0.0530237959960204,-0.108552561287415,0.490601629230456,-0.23624708458697,0.813240945143274,NA
NDUFS4,7.71928840859593,-0.134862477071422,0.283357652067483,-0.476114355354189,0.633992910402797,0.892211981511767
SNX18,1.41069771958998,-0.17635595216055,0.54250923769227,-0.323557820642242,0.746272825692474,NA
GZMK,11.2916536953814,1.5104315599426,0.421198067708125,3.57995669235158,0.000343651157321872,0.0055832706547603
GZMA,93.126620404366,0.841189840884941,0.211521100921349,3.97434373881588,7.05735777892451e-05,0.00140188420182108
DHX29,5.8312347996809,-0.147931561558635,0.345035196556261,-0.429217633129882,0.667764851816051,0.908146716602744
SKIV2L2,2.25464832379104,0.0322322286820206,0.531992315282165,0.061119609901871,0.951263951902407,0.98766340094956
IL6ST,1.40958800598174,0.836351513654929,0.580038740029935,1.44535147848287,0.148359185070642,NA
GPBP1,32.5709873225557,0.697939549965395,0.173791973047402,4.01386684860435,5.97320502913769e-05,0.00120011264402217
PLK2,0.486370012548273,0.0429548604109588,0.666966249940945,0.0627182766638184,0.949990843371949,NA
GAPT,0.463352939304668,-0.289119933111668,0.666733211988186,-0.455211072970834,0.648957395086401,NA
PDE4D,4.62098612952073,0.36786158316452,0.380903104870014,0.96692426750445,0.333581894153854,0.715109943361033
NDUFAF2,1.6451292947708,-0.966928046268566,0.558617376534404,-1.71344794202115,0.0866301627563826,0.37953672035752
SMIM15,5.16156322723815,-0.101354778799182,0.33641692542887,-0.300980738004356,0.76342918273218,0.936247661575451
KIF2A,4.8198047252821,0.0929182160232125,0.37638103453877,0.246822968394202,0.805045234124531,0.948893442102895
DIMT1,4.1785596444419,-0.0251659741302804,0.403989807329918,-0.0624818481599525,0.950179116762983,0.987648233164879
SREK1IP1,7.37303174470392,-0.3439834314966,0.301320675907041,-1.13967244436108,0.25442279138774,0.641042302285181
CWC27,3.82129079254075,-0.352171574511868,0.389270104593269,-0.904137119651416,0.365922697667312,0.742491576501798
CENPK,0.910719430192756,-0.439593419468212,0.602795316988475,-0.737075707698629,0.461076310953237,NA
PPWD1,4.66658832133233,-0.07507325881114,0.374384145793021,-0.200371446401451,0.841190089115847,0.95986749419997
TRAPPC13,1.73522617444632,0.458512663251467,0.518167387363742,0.881156700540082,0.378233011495553,0.749630486638777
SGTB,1.14106684141502,0.894088020626377,0.567937999717199,1.55449899103977,0.120065437147204,NA
NLN,0,NA,NA,NA,NA,NA
ERBB2IP,4.27269118367954,-0.0686343691168997,0.37075990869723,-0.184952741414327,0.853266102861533,0.962014600593541
SREK1,5.83909924289325,-0.14727650376824,0.319750551066133,-0.460499491431047,0.645157736450799,0.897814805185654
CD180,0,NA,NA,NA,NA,NA
PIK3R1,17.6870558166007,-0.176044130316516,0.265281724490418,-0.663550285041578,0.50697818537239,0.836247095948745
SLC30A5,2.96920987513639,-0.565370815641589,0.436023348635554,-1.29541732329303,0.195176305232745,0.573714714748503
CENPH,1.2938323296661,1.02206466689752,0.566830541577018,1.77634361026457,0.0756762993369366,NA
MRPS36_ENSG00000134056,9.97417507610319,-0.126381302919325,0.261413841883729,-0.483485634842301,0.628750957157285,0.890386931883229
CDK7_ENSG00000134058,2.61361370774226,0.131436261863626,0.440734704904658,0.297559735527506,0.766039209549444,0.937565806574992
TAF9_ENSG00000085231,15.8207708140605,0.230366596073003,0.224070387081751,1.02844476307614,0.303740661366893,0.689615684094595
RAD17_ENSG00000152942,2.72289711950613,-0.752905402022976,0.456413494603739,-1.64911812873563,0.0991234363305592,0.407009180065572
GTF2H2_ENSG00000145736,0.746831328279737,0.499889731028382,0.647331833699533,0.792359730495437,0.428150952878472,NA
BDP1_ENSG00000145734,6.11829960034001,0.297712514520741,0.315243925318411,0.943418449376137,0.345466910043098,0.729263509323934
MRPS27,2.00216791779244,-0.354153524594736,0.531577714170908,-0.670507325577864,0.502534438156671,0.834170001154197
TNPO1,3.33488087252308,-0.302391415709574,0.423331279490453,-0.714841673246743,0.474706881343487,0.8168221086443
BTF3,103.971264313725,-0.248579484419419,0.109456802130678,-2.27098067818263,0.0231481476455382,0.166464274871739
ANKRA2,2.53471174007479,0.101939521928837,0.466880795108425,0.218186260482504,0.827283989758221,0.956224092471219
HEXB,8.72052672867556,-0.300485913403361,0.279404665347483,-1.07525336576753,0.282261308740927,0.670351225747037
GFM2,1.23685966265377,0.980068621671869,0.593215078297156,1.62249727281635,0.104696916574364,NA
NSA2,4.78216950953997,-0.376349384685627,0.354660589611207,-1.06069755440583,0.288827371759624,0.674799279706057
COL4A3BP,4.33269225923719,0.189912890706767,0.360981491752355,0.526287143928886,0.59868871406325,0.87745968572794
POLK,1.48757678472713,-0.176104610856104,0.532359905848052,-0.329018637551757,0.742141600876626,NA
IQGAP2,10.1293368820719,0.552582856045237,0.282274791923178,1.95599004630062,0.0504663266700881,0.271477117775876
F2R,4.94861518933087,-0.502677786101265,0.350391116380999,-1.43282038115833,0.151909175255308,0.508336130429745
AGGF1,2.96804159920584,-0.348488007102004,0.453966303646546,-0.76646794124679,0.443397920221084,0.796074358558884
WDR41,2.58826907704612,0.244635661733579,0.45495066904432,0.536663534577163,0.591500048877802,0.876264899235887
TBCA,18.921419876278,0.0229662763344562,0.207809545626573,0.110500438948103,0.912012501772159,0.980930881938732
AP3B1,2.08695732847783,0.120723059427136,0.524563130317777,0.232241618579412,0.816350354334934,0.951439841603119
CTD-2037K23.2,4.81569539563837,0.966987836079618,0.374333889197931,2.56698856029803,0.0102585996741959,0.0919953469931295
SCAMP1,2.01664173907119,0.0713693240724759,0.490667768451644,0.144863272722912,0.884818824614554,0.972580140482566
LHFPL2,0.338193896146507,-0.480965509892209,0.668120824871755,-0.737741901061638,0.460671304609805,NA
PAPD4,3.49991352626928,-0.00290567417633671,0.425662549704079,-0.00682545735701009,0.994554115238909,0.998347227806563
SERINC5,0.213012039895164,-0.0434989718097507,0.664169560363603,-0.0647694454930017,0.948357569315044,NA
ZFYVE16,0.78238399637929,0.0915253540746328,0.598114965045114,0.150986036871104,0.879986730583386,NA
ZCCHC9,3.56498185574689,-0.258681510259606,0.392970855390971,-0.658627469627153,0.510135018759802,0.8375123513806
SSBP2,1.62639358661898,-0.506058895619196,0.52200716442817,-0.968497698570312,0.332795867837237,0.714898333711467
RPS23,186.59021670847,-0.0906291376811091,0.125733914332103,-0.720803804710432,0.471030234207983,0.815289570375014
TMEM167A,7.0874542821148,0.563682670448852,0.30487813640573,1.84670348902354,0.064790125761525,0.317852024239205
VCAN,0.144450754249162,-0.288299556561103,0.615843380874347,-0.475201218779431,0.634643558483683,NA
COX7C,41.1694458987499,0.0259727022789505,0.143102861272234,0.181485930456068,0.855986175648982,0.962864200122793
CCNH,9.76126203290468,0.503078621175499,0.274263212259572,1.83256764547154,0.0668668933805775,0.323443674866964
MEF2C,0.438056352999605,-0.0480349779091958,0.666503737392871,-0.0709357537248022,0.943448887678971,NA
CETN3,0.787792014427009,-0.419480354083899,0.641768762354448,-0.662906580462354,0.507390386973859,NA
LYSMD3,1.64811420082258,0.310450006645365,0.553666941460767,0.564738982870874,0.572251314827813,0.867834971272338
LUCAT1,0.499849881300517,0.374123946169473,0.644204379800859,0.578783621606523,0.562735183811983,NA
ARRDC3,3.26428479503186,-0.0250516611471673,0.451865537819225,-0.0556385645432797,0.955629742009699,0.988582238095375
FAM172A,2.97260505320648,-0.141911433124344,0.441197219910991,-0.321842414715032,0.747572080141756,0.930522054480264
ANKRD32,2.35771422729782,-0.176182852947045,0.451902106623674,-0.389007535004786,0.697270572423315,0.917214265271815
TTC37,1.23727631885001,0.34831207927709,0.557910362530915,0.624907156408976,0.53203199515081,NA
GLRX,21.2940002508723,0.614281265959507,0.22975456531141,2.66989600446769,0.00758747429612662,0.0727550139513979
ELL2,1.20291190416612,-0.416423148755046,0.592532322252456,-0.713643208164771,0.475447832275621,NA
CAST,18.2763937705255,0.280702621497574,0.24005078684989,1.16851307003345,0.242599870319992,0.628467380592735
ERAP1,3.53688812641619,-0.442064234325462,0.441698574357789,-0.99739296777391,0.31857380339658,0.704310287739639
ERAP2,4.40749449482294,0.148728538330046,0.472156892867406,0.315242363762644,0.752577642464678,0.932921449076858
LNPEP,5.38745062804005,0.836156660757153,0.343499330083846,2.42325154889065,0.0153822711745751,0.122314615502966
RIOK2,3.00084922696096,-0.0138032471724746,0.466557945584247,-0.0295590722799365,0.976418706627826,0.994844175048461
CHD1,10.1530749823248,-0.232019498771634,0.255880699808565,-0.906844816926513,0.36448886620542,0.742491576501798
FAM174A,1.2895986967067,0.587198086742361,0.541201920902708,1.07571890966867,0.282052987808602,NA
ST8SIA4,1.9172864763927,-0.0490662415719412,0.49337523106684,-0.099598952533506,0.920662725449008,0.983880196974474
PPIP5K2_ENSG00000145725,1.42817090325728,-0.302718865537203,0.538337309142171,-0.558040061217178,0.576817028490259,NA
PJA2,4.57881745752795,-0.128875234682725,0.373373343396416,-0.344479083118159,0.730486023814306,0.924948760086839
SLC25A46,1.53390220980325,0.271324012468298,0.602085629237074,0.4575069891537,0.647306679862674,NA
WDR36,0.815393858188675,0.485483996695452,0.616588285715541,0.782022374549302,0.434201424376148,NA
CAMK4,1.53605433311959,0.461483673447025,0.533908325739588,0.861954881857254,0.388712346291479,NA
STARD4,0.699724064691245,0.631036037722341,0.631330498784701,1.00006885621679,0.317277186632811,NA
EPB41L4A-AS1,7.11772802756292,-0.0996244880805902,0.301173545692741,-0.330829560667704,0.740773230816951,0.928435782623912
APC,0.607094629654163,0.104435008424575,0.638632002751926,0.16039927220713,0.872566562891564,NA
SRP19,13.7865607581287,0.134473392991879,0.233250677769958,0.576440841879832,0.564317245229945,0.862630352249697
REEP5,24.4508214587948,-0.0253951886753708,0.205164119987356,-0.123815808467769,0.901461114783972,0.97813202362813
DCP2,3.12152535352564,0.478554815199633,0.453867795054634,1.05128248663418,0.29312886819828,0.678711140652163
TRIM36,0.0550098078501539,-0.0494284575315548,0.490690968130955,-0.0987297732893515,0.921352828682113,NA
PGGT1B,1.85866205338399,-0.418474312975026,0.516047968887817,-0.809544104685316,0.418202244386325,0.774724032066292
FEM1C,0.865357579176915,-0.0977985679152185,0.647748291034919,-0.155931986617698,0.876086632015696,NA
TMED7,3.76960028694844,0.341451288012327,0.437512451152567,0.781887047452096,0.434280957759679,0.787110289741839
ATG12,11.064036522438,0.199983635410897,0.254389562349096,0.785568818134265,0.43212013837777,0.786075117995112
AP3S1,18.8061651119182,0.499856996847784,0.222090831070823,2.25041102395482,0.0244228658574283,0.172335074897457
COMMD10,3.01306577865257,-0.154680150711753,0.420667364882218,-0.367578180260999,0.71318778709991,0.919261107093145
DMXL1,1.23918285967222,-0.0367365325976997,0.592298933883147,-0.0623047654402261,0.950320133579617,NA
TNFAIP8,7.46497293300346,0.752797843109046,0.32569285645999,2.30905742972091,0.0209403946130617,0.154168163976443
SRFBP1,2.2719698400646,-0.613967023502767,0.494891940116714,-1.2391598472492,0.215286307168086,0.595516090873781
SNX2,9.08597612584215,-0.0936193413663101,0.260850237731104,-0.358996076764364,0.719598024209875,0.921421551797806
CSNK1G3,2.42590526538024,-0.627709839355474,0.469131658563024,-1.33367749239057,0.18230957424631,0.556334839902941
PHAX,7.49186884250616,0.286064834379263,0.280802429573442,1.01781979912168,0.308763601054467,0.69458615211569
LMNB1,9.09818659376707,0.0998317602127282,0.323810740713573,0.308378402642187,0.757794413920534,0.934289155909416
MARCH3,6.42056008756592,0.0517672891452401,0.353451967082994,0.146760822058938,0.883320809231019,0.972035335666413
PRRC1,2.11700511051344,0.315407964310995,0.526749899243635,0.601314510149899,0.547630526890749,0.853145895522196
ISOC1,6.71981096616597,-0.299976643491322,0.295626465730398,-1.01499314726797,0.310109094096229,0.696422470700746
HINT1,72.0606003130041,-0.407607599918162,0.138555515425652,-2.94218226358564,0.00325908044609975,0.0381239988183758
LYRM7,2.4971705309645,-0.305467218297355,0.490185598424304,-0.622739775509781,0.533455540022246,0.85016340257905
CDC42SE2,22.093192678684,0.496544297088806,0.184325104076799,2.69252814871493,0.00709125492376222,0.0698180150619178
CSF2,0.657374460400705,-0.433021866629581,0.590057186340077,-0.717994932878438,0.472760411150675,NA
C5orf56,59.6168107871008,1.43570073755256,0.182124725968257,7.87390327990757,3.43744720087501e-15,2.18008699583205e-13
IRF1,40.4899255082919,0.398710758136944,0.164705509510966,2.41990793157473,0.0155244371509341,0.123073248738731
RAD50,3.81275162769897,-0.290875174591437,0.391864154497357,-0.741729295956055,0.458251366226162,0.807577901511388
KIF3A,3.64601827199411,-0.593521933450273,0.477234601184236,-1.24810884921496,0.211991198031879,0.592714862777579
UQCRQ,19.7967749231091,0.0101051999780493,0.209788297349743,0.0481874283310848,0.961566869287642,0.990545596855215
AFF4,2.11704343256708,0.164205843562216,0.516436664585471,0.319816143462422,0.749107709132991,0.931342225053392
ZCCHC10,8.56812622899563,-0.138441364329621,0.286474515749727,-0.483294683298023,0.628886514578618,0.890386931883229
HSPA4,3.70992159327711,0.263348162385656,0.406991715921979,0.647399450211191,0.517373451660474,0.84187135998168
C5orf15,4.43844763501791,0.268732285657169,0.378622639083903,0.709776326514987,0.477842851722052,0.819118435171436
VDAC1,16.8347098695917,-0.336382690172997,0.234855398059586,-1.43305238406203,0.15184286761036,0.508336130429745
TCF7,3.84947119310679,-0.715259621344393,0.384023764416423,-1.85843246189668,0.0631076260174336,0.313099475358879
SKP1,84.1553550780343,0.204545743012454,0.112179332193492,1.82333189859905,0.0682531378483498,0.325144359849514
PPP2CA,14.1637582213894,-0.0878799737282607,0.225494064890316,-0.389555108356448,0.696865552973007,0.917214265271815
UBE2B,29.9358336493123,0.0764685352945384,0.175196716199181,0.436504776119249,0.662470534720773,0.905851875245527
CDKN2AIPNL,2.70094503233862,-0.270542643365652,0.429160388549508,-0.628937357383618,0.529390067760602,0.847895407653559
JADE2,2.06809705729117,0.949902380219694,0.508642874560947,1.84614278147044,0.0648714764222488,0.317954796915007
SAR1B,5.86561041154816,0.277798969260527,0.352257881200546,0.787562776271209,0.430952495147361,0.785503439908485
CAMLG,11.3367769461386,-0.0189367032429009,0.238661119544281,-0.079355864063415,0.936749573256442,0.987648233164879
DDX46,9.76466576198433,-0.106278146627512,0.276909998305321,-0.383957232330703,0.701010146059371,0.917214265271815
C5orf24,2.96821474237929,-0.507545754263807,0.46359358062507,-1.09235364690699,0.27467768873453,0.660833342549618
TXNDC15,9.43357007201654,0.457702550856369,0.281085915358305,1.62772135827111,0.103583982186811,0.419435447870288
H2AFY,10.9995514380475,-0.0881936368171147,0.249514224950925,-0.353297466125298,0.723865444947762,0.922175145741777
TGFBI,0.198897991184358,-0.137939097025674,0.650946985541503,-0.205579976583986,0.837119019804048,NA
HNRNPA0,39.3299189703807,-0.42040673503019,0.151221797664791,-2.78010484780816,0.00543413501403891,0.0567565212577397
CDC23,1.75751842621886,-0.579713253708861,0.544711864332782,-1.06704923478132,0.285949603818996,0.673481727388762
FAM53C,1.05866589618949,-0.231543519886597,0.610264548518971,-0.378414228104351,0.705122900176624,NA
ETF1,4.90782805343476,-0.0739144744044189,0.429922895681002,-0.17288513598675,0.862741715483076,0.96619977318802
HSPA9,8.62444553979543,-0.321857092540959,0.266242599290983,-1.20850512810108,0.226853024468462,0.611446144803883
CTNNA1,0.907028138891589,0.49392450354015,0.605422672190719,0.817522341335351,0.413629987122017,NA
SIL1,2.69900829118877,-0.114759888340978,0.4506160163862,-0.254587923671544,0.799041387429014,0.947331951222146
MATR3,15.2713461855552,0.134189049199419,0.223861277166174,0.599526111484579,0.548822103016727,0.853145895522196
PAIP2,44.5643466888605,-0.11943451949914,0.152786278473401,-0.781725309338524,0.434376024259127,0.787110289741839
MZB1,0.246427829770187,0.791675536254667,0.66807403819752,1.19206808237428,0.233234550853169,NA
TMEM173,1.42698534104848,-0.1363371675515,0.544681746235063,-0.250871703507277,0.801913302261124,NA
UBE2D2,26.0669480618925,0.0444353622871218,0.17826993025663,0.249253959427877,0.803164342592734,0.948768259507023
CXXC5,6.67615851636065,-1.25920939335817,0.340311505054935,-3.68246126489187,0.000230992974210916,0.00397368305962831
PURA,3.05974314175202,-0.135220428200975,0.433092947953947,-0.311573169146662,0.755364927774042,0.933170847172625
CYSTM1,10.4686452064418,0.360749893933291,0.302566264632077,1.19314377678768,0.232813069341183,0.618348143190213
PFDN1,7.26920011519407,-0.160656505685867,0.325763374876275,-0.49293325094226,0.6220597518074,0.884288125963148
HBEGF,0.143087664918672,-0.134117397794681,0.5329202300512,-0.268024492729284,0.788680465778222,NA
ANKHD1,1.01587130601373,0.762484173351463,0.635426139904884,1.26099735400862,0.207309800468716,NA
SRA1,11.5293517047892,0.212794973688349,0.252182405009667,0.843959734630217,0.398691906371873,0.760145538760229
SLC35A4,3.04185568084817,0.623832256189971,0.414187186931829,1.50013409555926,0.133579670562139,0.475110395837231
CD14,0.478725914231987,-1.2674646902434,0.65822442311955,-1.94352126537558,0.0519532085526245,NA
NDUFA2,16.3259145424181,0.0927121366354944,0.215175481865663,0.430653584160062,0.666720273130886,0.908050586742816
TMCO6,1.40336756442637,-0.229935815347684,0.571890670478327,-0.405490335868058,0.685117120715121,NA
IK,12.1449236116782,0.0114829699594115,0.232663421278947,0.0493467552316853,0.960642959592395,0.990175159446714
WDR55,1.83806578690126,-0.314686154289005,0.51394146298223,-0.613856727268535,0.539310007382283,0.851256856869114
HARS,3.68122062304151,-0.528804535842894,0.409338869606972,-1.28713407176107,0.198047561564405,0.578319695948644
ZMAT2,11.6749475864874,-0.000455058474054243,0.250999081779726,-0.00181317507967542,0.998553296390593,0.998932830140646
TAF7,21.6806876252755,0.220052893948781,0.211274906351742,1.04168709247452,0.297556775204055,0.682845452981989
DIAPH1,3.37721297017863,0.0301878392615268,0.463574377745207,0.0652880871307093,0.94794462720055,0.987648233164879
HDAC3,5.18213199062143,0.303760575367148,0.345956529821501,0.877720423087669,0.380095458456269,0.751133692257189
RNF14,1.64168246210508,-0.735711689127829,0.546085668575455,-1.33435816899791,0.1820865023353,0.55623951655976
GNPDA1,1.21837682842326,-0.301318521928831,0.576248009245919,-0.52444751863429,0.599967313176117,NA
NDFIP1,16.0922521943302,0.545289283672569,0.21346978883129,2.55312191830999,0.010676211814163,0.0941366482240438
ARHGAP26,1.38175858842489,-0.147193925006818,0.5454504436915,-0.271056504403156,0.786347574080777,NA
NR3C1,27.17053117242,0.169095836745209,0.187745471791363,0.900333917346865,0.367942576434619,0.742491576501798
YIPF5,13.0417330826787,0.249294559209816,0.249503478549765,0.998995906734914,0.317796674168228,0.704241805881064
LARS,3.19847438215328,0.440881924615235,0.419696821629717,1.04732266054705,0.294950788170446,0.679767825889977
RBM27,3.77146546920091,-0.25277748736785,0.383268284224169,-0.658786433950767,0.510032919954908,0.8375123513806
TCERG1,2.28363907174914,-0.922538888803751,0.481363828572183,-1.9045407632793,0.0568397930388505,0.293625780722776
JAKMIP2,0.233824706859336,-0.349014925063459,0.655422567991886,-0.532360564106977,0.594476292934968,NA
SPINK1,0,NA,NA,NA,NA,NA
ADRB2,2.70504482670491,-0.433212029448363,0.457826196922728,-0.9401825875068,0.347123911806153,0.72991339016124
CSNK1A1,9.63449607872788,0.240801640169338,0.267461153218479,0.899665197705659,0.368298449440762,0.742521270722393
HMGXB3,1.14214668555189,-0.629454528143019,0.595096481040118,-1.04645291669859,0.295351972248962,NA
CSF1R,0,NA,NA,NA,NA,NA
TCOF1,1.84248358875787,-0.123442329745477,0.518896262071796,-0.238342852292797,0.811615187487919,0.95063330273134
CD74,104.276981738828,0.0224908094082113,0.176371175486439,0.127487621453217,0.898554469888014,0.976867147767556
RPS14,545.40326071737,0.0757289143651721,0.127070168129549,0.595953001011682,0.551206624609713,0.853591117550433
RBM22,10.3020172803701,0.315249966498705,0.27027146855426,1.16654396836657,0.243394582487396,0.628978439967429
TNIP1,8.03625988246871,-0.530478343388693,0.311553105828981,-1.70375574003543,0.0884267298565195,0.384095288737661
ANXA6,6.11349221769527,-0.213916106760294,0.33864876200503,-0.63082981625023,0.528151805663429,0.847822723855686
CCDC69,2.90296302937402,0.148324555565338,0.451613625071882,0.327486443317673,0.743299994853204,0.929390124184036
GM2A,0.240444640319235,0.394144880678558,0.666959247880508,0.609190139937225,0.542398415125825,NA
SPARC,0.998499184145847,0.311771812203538,0.627804225695937,0.50193268923328,0.615714869886554,NA
ATOX1,7.30400466109904,-0.156318272499878,0.295637201494113,-0.528314766076088,0.597280884607065,0.877221636230693
G3BP1,7.31350566987058,-0.147512504308007,0.305068075564378,-0.483487092401558,0.628749922477068,0.890386931883229
LARP1,1.7790283711902,-0.0757084278801659,0.509847878108125,-0.148529736374348,0.881924719983968,0.971159964673253
CNOT8,3.3262699408022,-0.253200714102936,0.422485759661432,-0.597560747293118,0.550133062098656,0.853145895522196
MRPL22,11.2094413763844,-0.106424790250789,0.267097630368683,-0.398453437690787,0.690295974174423,0.916386366490548
HAVCR2,28.0999157619731,1.3955687764287,0.222088510670966,6.27142376938054,3.57761445636389e-10,1.58256827716803e-08
MED7,3.9697228779842,0.176602332307698,0.416446105523985,0.423581424516431,0.671871104648769,0.908251025904242
ITK,3.51341675853359,0.105601956589457,0.397722185827645,0.265353625307976,0.790737057566023,0.947331951222146
CYFIP2,3.36820931878967,-0.472490149821648,0.425363876199694,-1.10780289757423,0.267946948441547,0.656135616749307
ADAM19,0.170073987003645,0.396798811857359,0.627569408193767,0.638929209326894,0.522868985125206,NA
THG1L,1.70870090733169,0.260610764462167,0.542739966772641,0.480991800404551,0.630522326378654,0.891264641798399
CLINT1,3.89206064002449,-0.719734358309005,0.403287311617753,-1.78013715479908,0.0750535172924807,0.3468671773728
RNF145,5.77201771050487,-0.390992421474584,0.315113815698,-1.2401284548409,0.214927885755062,0.595150126572671
UBLCP1,3.29744872417082,0.32868661084281,0.463514924348703,0.707534500596751,0.479234380483867,0.820386919956773
TTC1,11.4805685577197,-0.0996389019358246,0.244760758135423,-0.407083331423122,0.683946785397381,0.913085437061073
PWWP2A,1.84951286333696,1.04889551441043,0.504543502993066,2.04616042341718,0.0407405897290944,0.241214801864603
SLU7,9.43370629856693,0.11791908629323,0.261514087140298,0.450838063462494,0.652106265630578,0.900731404429117
PTTG1,1.54168801051164,-0.0659806905007039,0.56811101639844,-0.116204713704422,0.907490301068361,NA
CCNG1,6.9846534946534,0.620284377220303,0.323856393089616,1.91320911318736,0.0557212873250405,0.289838790987167
NUDCD2,7.38139983855227,0.424377555917596,0.305553573866454,1.3878894922558,0.165170698003539,0.529834585186244
MAT2B,16.9957100444407,0.104303022781049,0.196292424324682,0.53129730983611,0.595212769308059,0.87720265747397
RARS,4.54080901806936,0.175938537207627,0.393118214505643,0.448116113097335,0.654069399764288,0.901783132114469
DOCK2,0.782327635073615,-0.589420508250425,0.623346935693428,-0.942448341051079,0.34596314756638,NA
LCP2,3.13333311843885,-0.337883418632786,0.414952662908467,-0.813391237827743,0.415993781430219,0.774325058503775
NPM1,65.5709599069063,-0.430438104270664,0.125065803264737,-3.44196787608499,0.000577498825404542,0.0089674153891726
STK10,1.81863110596927,-1.04851409767981,0.535049882943732,-1.93237479405185,0.0533132628239886,0.281768087856903
DUSP1,10.2618116628708,-0.0194586927360889,0.278719679863556,-0.0698499328575954,0.944313103527116,0.987648233164879
ERGIC1,2.77497535002664,-0.610109599727155,0.44013103396484,-1.38283405174576,0.166715755306072,0.530587506608924
RPL26L1,5.40924648941424,0.703927868629508,0.350179677810309,2.00545786820362,0.0449141205685935,0.253950516297612
ATP6V0E1,56.1582433364872,0.122172882780694,0.130954601842273,0.932845950290546,0.350899512432726,0.73095964916734
CREBRF,2.25366102745132,-0.199324022170029,0.50350647017416,-0.395228225847945,0.692674463609667,0.91653641518341
BNIP1,1.70665023438598,0.135512614096673,0.514041921003769,0.264027323045431,0.791758864814846,0.947331951222146
BOD1,2.68112623579703,-0.53014047350201,0.443804297662213,-1.19384389424662,0.232539037856396,0.618348143190213
SFXN1,2.66836643415059,-0.0296004666275238,0.447342717196627,-0.0663111266875425,0.947130124908182,0.987648233164879
THOC3,3.29888423598836,-0.563112437382984,0.414760883726401,-1.35503897290355,0.175405140403145,0.543838999270018
KIAA1191,1.77706569733265,-0.852456237614685,0.529364567399175,-1.60702058191542,0.108049853219635,0.429093351234987
NOP16,2.43737175277903,0.0135044502984445,0.461683240481832,0.0293185472903207,0.976610534661792,0.994844175048461
HIGD2A,19.9393476759204,-0.197455728620716,0.192117502214895,-1.02770640450502,0.304087954268584,0.689615684094595
CLTB,14.4726423871084,-0.296937237807866,0.254136619139314,-1.16788991235549,0.242851173694495,0.628739170684753
FAF2,2.30311786204635,-0.604778375682083,0.462550434711223,-1.30303857420101,0.192561592603236,0.57092167364586
TSPAN17,1.07594082162579,0.687966583052326,0.588777893831816,1.15899313552273,0.246458983121438,NA
UIMC1,1.58484747143888,0.970327995373557,0.544742530331849,1.76046624054391,0.0783287866498675,NA
NSD1,10.0846786600365,-0.118001420629292,0.263472736737835,-0.447663167155448,0.654396307788705,0.901783132114469
RAB24,1.03019402257102,-0.289053221950261,0.582228184530882,-0.490383944810306,0.623862235549716,NA
PRELID1,28.0415028851347,-0.127468503099967,0.196523173278224,-0.648809576890515,0.516461466524296,0.84187135998168
LMAN2,35.8104582949922,-0.0526852201887339,0.143646268344394,-0.366773105185534,0.713788270610817,0.919307113353978
RGS14,1.5116133269399,-0.692458298463964,0.588856700560739,-1.17291757495759,0.240828860989488,NA
GRK6,1.16528637435401,-0.231606296185969,0.583148193500784,-0.389575388858855,0.696850553905127,NA
PRR7,0.594282871859862,-0.0344502926313149,0.6346488670136,-0.054455494832634,0.956572265922545,NA
PDLIM7,0.768667760876002,-0.400386618596496,0.637251470213702,-0.639785471889351,0.52231207894628,NA
DDX41,1.39306120987467,-0.0573873415962231,0.572100061522538,-0.101345442158134,0.919276244237573,NA
TMED9,39.6319373253206,0.00465775117347023,0.149916079684196,0.031067536472234,0.975215679308021,0.994678421987487
B4GALT7,1.58484031775173,0.363403271854508,0.521240986602237,0.693589797413024,0.48793949384208,NA
RMND5B,1.02373816646511,0.376776069930325,0.586337469465808,0.641689877906821,0.521074562714001,NA
NHP2,10.2450909373345,-0.594581011021864,0.283862866671933,-2.09552314162263,0.0361245134905781,0.222669132335367
HNRNPAB,5.26156187626224,-0.776700207263744,0.345409686729766,-2.24592154184761,0.0247090338041711,0.173656013277912
PHYKPL,9.00528849833044,0.0568753121062432,0.285015690848254,0.199476710540864,0.84188985955951,0.95986749419997
CLK4,7.35711210295214,0.21419267608667,0.296672307614536,0.722000635292747,0.47029408693526,0.815289570375014
ZNF354A,2.16256324480011,0.799022849550736,0.507633872106071,1.56562249031997,0.117437021616882,0.445060102081545
RUFY1,1.91720818441321,0.386869211127131,0.509159346789322,0.758522835243268,0.448138047938147,0.798834427855669
HNRNPH1,2.71069525787404,-0.893173280746357,0.477788168677026,-1.86118510151203,0.0627180415660412,0.312699081584062
CANX,11.1821447635309,0.164981478290079,0.254581354467507,0.64772122442123,0.517165274065345,0.84187135998168
SQSTM1,30.7811071032253,-0.308449815703337,0.161124460110525,-1.91450501705876,0.0555556586969948,0.289263093354086
C5orf45,0.971515993195144,-0.715901960571138,0.611382127554854,-1.1438262692313,0.252695693231198,NA
RNF130,5.51738922363004,-0.836308537825018,0.414953193773864,-2.01927765761108,0.0434583687389526,0.248397428826512
MGAT1,18.6783111276028,-0.163662689389804,0.18651716055708,-0.877458928821877,0.380237417583839,0.751133692257189
LINC00847,1.92569836102095,-0.652879917872634,0.571139696641373,-1.16251988254085,0.245024353213306,0.631330492077749
ZFP62,1.24220039658329,-0.275447807658609,0.624477444126659,-0.448333517444509,0.653912514478587,NA
GNB2L1,181.353157609745,-0.439516814389298,0.100304970702863,-4.38178339286783,1.17711806095305e-05,0.000272966937130257
DUSP22,5.61907502978652,0.110203641921422,0.330971879916916,0.33282015410483,0.739270043944014,0.928396453612475
IRF4,1.34420145231507,0.347249503046879,0.558098888028178,0.618204023731058,0.536440858021171,NA
EXOC2,2.7936261716244,1.44715805795998,0.474633974286674,2.9761332019813,0.00291908043204576,0.0350023676407492
GMDS,1.09571112861287,-0.666923768227727,0.589135851926326,-1.12488417266362,0.260638119686535,NA
SERPINB1,15.5390067175464,0.356919875895155,0.233385090651809,1.5291132782314,0.126236364172563,0.461491342815057
RP11-420G6.4,0.328836678570793,0.568474626140384,0.668522363257796,0.883895816697572,0.376752455666045,NA
SERPINB9,2.66200088838841,0.714793204739254,0.520029001835737,1.3860011683479,0.165746546732765,0.530365743748652
SERPINB6,7.16219723677173,0.233247121919587,0.329527637255321,0.707799217396127,0.479069952443952,0.820372228257958
NQO2,2.43151933929957,0.0673112790703917,0.487221038476619,0.138517930373875,0.889831099823556,0.974224398808486
RIPK1,2.38405425628495,0.430734110270152,0.512030797588937,0.839341136265358,0.401277905479433,0.761394164499783
TUBB2A,0.822194804856369,0.367616328658085,0.640044880573744,0.585828906334266,0.557990496421345,NA
PSMG4,3.45718243320304,-0.479440560376206,0.404266659999143,-1.18442590968618,0.23624450887968,0.620548943185676
PRPF4B,4.34285035030513,-0.436809899828492,0.364072615168685,-1.19842951325063,0.230749848541335,0.616582336406898
ECI2,4.62882233923853,-0.194762758596032,0.369803525379667,-0.527568071252132,0.597799158641278,0.87728318123437
RPP40,0.556392193829244,-0.608353824083096,0.664032998479499,-0.9586549282682,0.337732611365176,NA
LYRM4,2.08743958922221,0.319029444168254,0.499806053631597,0.637165977767751,0.524016736203165,0.845294878172523
FARS2,1.06187917156613,-0.821783210484731,0.620675953957968,-1.31211374479347,0.189481759049467,NA
F13A1,0.396506747367982,-0.279933612369979,0.663801363226392,-0.440850561244243,0.659321186863486,NA
LY86,0.15216271107263,0.226923769200935,0.643840112202572,0.342615659344447,0.731887619910304,NA
SSR1,10.2017945410619,0.248656217258589,0.253085861438755,0.982204859530653,0.325998934018476,0.710584304560553
RIOK1,2.90612853568956,-0.147171295577132,0.406299570572029,-0.361841158467489,0.717470733188656,0.920598036583438
SNRNP48,2.62821776840049,-0.319846655363922,0.445195221778064,-0.717647829078873,0.472974458820591,0.816575123395078
BLOC1S5,2.49839246402643,-0.263880871852661,0.440282600563927,-0.598147864719372,0.549741274991972,0.853145895522196
EEF1E1,5.51065483037019,-0.686009917696267,0.333549582380364,-2.05432742591061,0.0399440120073256,0.239755164431655
SLC35B3,2.66104100082571,-0.155330742250937,0.450554583593983,-0.344143465613155,0.730738396182885,0.924948760086839
GCNT2,0.282843800145456,0.425903690383328,0.667216998533343,0.614306621219919,0.539012727998676,NA
PAK1IP1,2.89781112073469,-0.0744677077065379,0.437174267760634,-0.17027562273238,0.864793381532359,0.966292154791287
TMEM14C,5.51571560946552,-1.00200910901222,0.351787935392532,-2.84204127885305,0.0044825687256443,0.0492853963242762
TMEM14B,15.5057635238171,-0.925398790100433,0.230240975877494,-4.01474670134215,5.95096698706635e-05,0.00120011264402217
NEDD9,0.945581166901395,0.57305170061758,0.584031316348889,0.972991698713881,0.330557427893419,NA
ADTRP,1.2170511492865,0.290163405164882,0.569355683472751,0.506988128209083,0.61216314847687,NA
HIVEP1,0.789145400848592,0.0695801259137165,0.635948637788668,0.111742208965987,0.911027810971294,NA
EDN1,0.0849752663080857,0.130197180770897,0.529732867989741,0.236529728456485,0.813021641646949,NA
PHACTR1,0.228062931226758,0.0902742925810966,0.640656182608719,0.145728661205708,0.884135594529523,NA
TBC1D7,1.83517714706015,0.71344858228259,0.550165366009248,1.28703156927894,0.19808328491554,0.578319695948644
GFOD1,4.81740258959165,0.576526757908984,0.383043614686649,1.49887590511024,0.133905828234768,0.475702824705708
SIRT5,1.12868492671537,0.668274749482266,0.5630827829242,1.16985206410235,0.242060507406413,NA
NOL7,15.9560142781494,0.160736066754442,0.218762227356822,0.734857536558991,0.462426261776177,0.810863371748767
MCUR1,2.30896668760572,-0.0311071132243835,0.47834174577692,-0.0645373759003822,0.948542347463557,0.987648233164879
CD83,8.07576990725005,-0.142528710111377,0.402512588731112,-0.354111420109012,0.723255383894177,0.921988772055939
JARID2,3.07821421527869,0.10996157256052,0.447905330068193,0.245732698771166,0.805889158189719,0.949093669729232
DTNBP1,7.82637148890705,-0.211075716224065,0.316053506613269,-0.666818845311308,0.50488785369695,0.836026946165695
MYLIP,2.58476844033634,0.146214438708883,0.449868954826161,0.324603190228807,0.745481412425431,0.929591366361252
GMPR,1.79078096871386,3.0698093207917,0.592948410925645,5.03424976080083,4.79723878476578e-07,1.37242744364169e-05
ATXN1,3.18439004093967,0.124141954975738,0.500470435018571,0.248082698398932,0.804070421933433,0.948768259507023
FAM8A1,1.29447284181219,0.134181891662611,0.592759894175746,0.225619714982649,0.821497205852675,NA
TPMT,4.31431001983211,0.297414936382007,0.39601569852927,0.750254421752517,0.453101487547551,0.803222534207983
DEK,19.9570230376404,0.210593674672046,0.203933308200499,1.0325491787552,0.301814921815797,0.687800558774387
RNF144B,0,NA,NA,NA,NA,NA
E2F3,0.998211357296297,0.326204970438575,0.610961422356887,0.539647511932907,0.589440144024643,NA
SOX4,1.80918619330519,-0.219097231145253,0.533296243753288,-0.412815637643896,0.679741693489727,0.912201228007465
MRS2,2.59147376494472,0.214020661589354,0.452207015285184,0.47231463101972,0.636702228581942,0.89377494582848
TDP2,4.49438905940617,-0.0787857401733393,0.390885604030153,-0.201639887227773,0.840198260155528,0.95986749419997
ACOT13,2.4047070168539,-0.3055491374179,0.4575445488131,-0.665652085272243,0.505633506259073,0.836184842969683
C6orf62,4.02124627209912,-0.243011284035226,0.420764960115182,-0.579247268187746,0.562422340713427,0.86227124214422
GMNN,2.07111655140516,0.543085578827121,0.565345074548044,0.980661953412284,0.326759471871996,0.710584304560553
FAM65B,5.62967658187682,0.796757802044976,0.329307872555261,2.41030618521858,0.0159391375928693,0.125416472778571
RP11-367G6.3,1.31661134529182,0.555395423316524,0.57206986239026,0.972855400158969,0.330625173950987,NA
TRIM38,9.57311901572637,1.17004274749362,0.274247304891538,4.24754957910492,2.16121347910276e-05,0.000484111819319018
HIST1H1C,12.1132145549836,-0.465024679120855,0.288760968335936,-1.6111437628265,0.107148391783243,0.426648361835849
HIST1H4C,4.80860094457947,-0.102211847792284,0.339335147904737,-0.301224700858573,0.763243155476635,0.936247661575451
HIST1H2BC,0.931891872830953,0.907013185672693,0.604170951149342,1.48139338654497,0.138501776029894,NA
HIST1H2AC,22.0585219590388,0.365947280817108,0.263817071697852,1.38547450048835,0.165907424374602,0.530365743748652
HIST1H1E,3.80371504798881,-0.540479557669703,0.380749240653213,-1.41509139235614,0.157041701622837,0.515700260350975
HIST1H2BD,1.20679544147456,1.14125818822682,0.58121421051089,1.92519899697111,0.0542044675438819,NA
HIST1H3D,0.483997422444037,0.207124895572776,0.656645351212103,0.309303229458052,0.75709087458842,NA
HIST1H1D,3.58216443744862,0.421169195771933,0.398342273712602,1.05501235478706,0.291419674306569,0.677576486550255
HIST1H4H,1.94730888886714,0.959448701717285,0.610631523667843,1.60439134128,0.108627818406261,0.429937470744781
BTN3A2,22.7446655337613,0.232626574125651,0.253146398835092,0.918358381714041,0.358431271721014,0.74052276820298
BTN2A2,1.50270599254968,0.538687692666075,0.548970466281127,0.978831075890057,0.327663452269983,NA
BTN3A1,5.74635564951308,-0.081242949713599,0.317304541302878,-0.2559829714926,0.797963986130289,0.947331951222146
BTN3A3,4.57810210533698,0.366984655045386,0.364161369235525,1.00547902142705,0.314666246140594,0.7028303657143
BTN2A1,2.48236984615908,0.447509563420457,0.50386195144836,0.892173482744313,0.372299953046468,0.744599906092936
ABT1_ENSG00000146109,16.1488561516059,-0.204489184877544,0.216831331988103,-0.942795604457633,0.345785460465412,0.729263509323934
HIST1H2BJ,0.968558093380559,-0.128575827726894,0.615370274353027,-0.211600319789315,0.832418859823916,NA
HIST1H2BK,14.6326441851207,0.488093172402198,0.284608951947846,1.71306662983965,0.0867002823180488,0.37953672035752
ZNF184,1.30766011158835,0.278007393925391,0.564279464730584,0.492365493905153,0.62246098809945,NA
RP1-313I6.12,0.0863540598888557,0.0137003000341387,0.580874500501973,0.0233287429575716,0.981388044384729,NA
ZSCAN16,2.40912885544058,0.239297301469326,0.472652420492362,0.504990225153266,0.613565701492628,0.881537916514574
TRIM27_ENSG00000204713,2.94030701801185,0.0826896689260946,0.418969713755103,0.1972518736119,0.843630438662419,0.959980680743401
HLA-F_ENSG00000204642,38.0166596241771,0.213349521586722,0.179787197800087,1.1864554554899,0.235442482727582,0.620461924521134
HLA-A_ENSG00000206503,937.02233581768,0.290839971054504,0.120579893708995,2.41203102856222,0.0158639313887823,0.125011579087649
ZNRD1_ENSG00000066379,11.9996824739888,-0.098501473550865,0.262759244873887,-0.374840892364941,0.707778800153364,0.918571726065125
PPP1R11_ENSG00000204619,13.4360885069854,-0.0450676645545004,0.228406778584963,-0.197301191253599,0.843591847183721,0.959980680743401
TRIM26_ENSG00000234127,2.01679785544217,0.824825302862523,0.502523036896978,1.62394759775766,0.104386992867224,0.420745122858396
HCG18,2.50048797987578,-1.05952195748726,0.507308671541092,-2.08732255305664,0.0368589874528936,0.225111623494116
RPP21_ENSG00000241370,1.62023185133704,-1.69678331425272,0.557515637257885,-2.95174138056007,0.00315987463921174,NA
HLA-E_ENSG00000204592,213.108843692879,0.862128108772645,0.0843613774884295,10.2182836013269,1.6422285873187e-24,1.879280713836e-22
GNL1_ENSG00000204590,4.64633146143772,0.0616689163160862,0.397994453224228,0.154801829485187,0.876977548877914,0.970053107996375
ABCF1_ENSG00000204574,5.81185063107694,-0.363075602265588,0.335226454294475,-1.08338208380514,0.278638864676008,0.666403899888463
PPP1R10_ENSG00000204569,6.31057149916868,0.280610792751528,0.318634817880186,0.879258969505611,0.379260877360872,0.750292195937187
MRPS18B_ENSG00000204568,8.20648009720312,-0.0696219629649197,0.281126866193262,-0.247532786369097,0.804495920941424,0.948768259507023
C6orf136_ENSG00000204564,1.92523715404473,-0.746159498739434,0.482278552948332,-1.53964128793786,0.123647815462539,0.455799790332495
DHX16_ENSG00000204560,1.66430874464157,-0.0982611276813767,0.532273790727902,-0.18324496116666,0.854605817671464,0.962578178993572
PPP1R18_ENSG00000146112,10.706035383923,-0.191269379365734,0.257805743515984,-0.741373524477074,0.458466992783403,0.80768750000396
TUBB_ENSG00000196230,18.0109933976238,-0.477138017901684,0.2229587862654,-2.14000525590726,0.032354341990009,0.207499013712454
FLOT1_ENSG00000137312,9.11472881852327,0.709100802913675,0.309814689561685,2.28306982686402,0.0224262555639397,0.162925617175397
IER3_ENSG00000137331,3.95398326710161,0.042902919381598,0.41436048069428,0.103760893541832,0.917359101330184,0.982698068661394
XXbac-BPG299F13.17,1.4946420529136,0.571726714294574,0.623613921685011,0.909313699637972,0.363184561197527,NA
HLA-C_ENSG00000204525,760.228035560443,0.481819376081818,0.125550547774977,3.83751884205742,0.000124283700909726,0.00231176466992509
HLA-B_ENSG00000234745,1628.41594885323,0.496122721899181,0.199985061723653,2.48074212035772,0.0131109187937207,0.108411403705833
MICA_ENSG00000204520,1.51206965673832,-0.0895785390918394,0.547799140536932,-0.162583971523473,0.8708460079347,NA
MICB_ENSG00000204516,1.89726668828164,1.56692799413603,0.561744751923548,2.70925410512101,0.00674346708019958,0.0673578950857127
DDX39B_ENSG00000198563,1.84138541350449,-0.768238953498619,0.482877184319952,-1.58310484738334,0.113397568965862,0.437628154718693
NFKBIL1_ENSG00000204498,1.44692435747692,-0.733151900268303,0.561031144687856,-1.30898731150722,0.190538648830118,NA
LTA_ENSG00000226979,0.354847614253652,0.33261646581413,0.667290392179405,0.490289080980126,0.623929352471248,NA
TNF_ENSG00000232810,0.42350353673551,-0.0784404598868025,0.667014554325428,-0.123367657016026,0.901815967357764,NA
LTB_ENSG00000227507,12.9321470230379,0.472091412347267,0.309936742592379,1.52074000608465,0.128325095022859,0.464263436563801
LST1_ENSG00000204482,1.00744945002627,-0.239524708814472,0.606811190269858,-0.389861681942092,0.6966388297169,NA
AIF1_ENSG00000204472,0.433771860724316,0.696369545237184,0.664086657159615,1.00505510429113,0.314870316680024,NA
BAG6_ENSG00000204463,5.53847314983358,0.157348742313807,0.353672164325289,0.445487467057596,0.655967514970249,0.902064860014868
C6orf47_ENSG00000204439,2.0596982894318,0.414079783039517,0.498882928885917,0.825896668540098,0.408862710592073,0.769281115239661
GPANK1_ENSG00000204438,5.58148530200631,0.345192848028365,0.373709133895058,0.92442594682624,0.35526459069219,0.737426185096091
CSNK2B_ENSG00000204435,15.9240313649607,-0.0746112031967682,0.214471198098115,-0.347915607832715,0.72790356334026,0.924091400842208
DDAH2_ENSG00000213722,9.45320751290549,-0.0222661681025718,0.32419980451196,-0.068828783010374,0.945125906881192,0.987648233164879
CLIC1_ENSG00000213719,103.700017734171,0.26062153016246,0.12136052234076,2.1474921807559,0.0317541190299982,0.205486260352035
LSM2_ENSG00000204392,14.9340646909775,-0.0771139285021019,0.237712322196176,-0.324430671550689,0.745612001889014,0.929591366361252
HSPA1A_ENSG00000204389,10.8642954022198,0.3380410957884,0.345135404727621,0.978131719737059,0.32800918148528,0.710584304560553
HSPA1B_ENSG00000204388,3.02766467317641,-0.51731114962569,0.5581153875971,-0.923476355895945,0.355759016482168,0.737609837492778
C6orf48_ENSG00000204387,20.4962863337333,-0.589141049021801,0.198342926324383,-2.96980377126838,0.00297990029912518,0.0356328347995698
NEU1_ENSG00000204386,5.56895105519028,-0.0856146532180555,0.381315701598722,-0.225029621349566,0.821956230659968,0.954958258736473
EHMT2_ENSG00000204371,1.9310945931519,-0.108310835174992,0.519129282815291,-0.20784001068102,0.835353890702178,0.959060926698885
C2_ENSG00000166278,0.0285971629912991,0.00708335167592634,0.490601629230456,0.0144345705803502,0.988483278924753,NA
NELFE_ENSG00000204356,9.55116494308704,-0.279301988689569,0.262010442821957,-1.06584516272803,0.286493641391072,0.673481727388762
DXO_ENSG00000204348,1.62126908241373,-0.2442628715415,0.535534984418252,-0.456314152428018,0.648164088405748,NA
ATF6B_ENSG00000213676,10.2329849221715,-0.384927001038653,0.255963099617964,-1.50341349900859,0.132732447724616,0.47337642603142
AGPAT1_ENSG00000204310,1.22146968901988,-0.61144189916419,0.559340022565588,-1.09290647019525,0.2744348671808,NA
RNF5_ENSG00000204308,16.2192583846073,-0.0498387752532518,0.211386731364585,-0.235786265946052,0.81359852591283,0.95063330273134
PBX2_ENSG00000204304,0.605605769612635,0.482602370371302,0.655500658222045,0.752195838945784,0.451933295612247,NA
GPSM3_ENSG00000213654,19.2433556753913,0.0127453861165343,0.204347212194719,0.0623492876376331,0.950284678937203,0.987648233164879
HLA-DRA_ENSG00000204287,25.8512218083186,-0.435334964448807,0.392288314040199,-1.11016373598405,0.266928476388858,0.655462541760462
HLA-DRB5,0.473853397275226,-0.839842280035316,0.668569362077324,-1.26853462417203,0.204607094093073,NA
HLA-DRB1_ENSG00000196126,14.3005022082688,0.478839324472707,0.328780431480275,1.45518698890477,0.145617501925789,0.49710151111372
HLA-DQA1_ENSG00000196735,1.66208120366051,-0.696685074014833,0.5508449590252,-1.2718434661809,0.203428741796476,0.583068567143556
HLA-DQB1_ENSG00000179344,2.25490165276745,0.228850390574937,0.552458824596804,0.411476626201145,0.680723076939588,0.912201228007465
HLA-DQA2_ENSG00000237541,0,NA,NA,NA,NA,NA
HLA-DOB_ENSG00000241106,0.0272288675246664,-0.108552561287415,0.490601629230456,-0.216657694052562,0.828475120094584,NA
TAP2_ENSG00000204267,16.9783356518141,1.2840917053942,0.251115143675859,5.09770899586294,3.43788766578953e-07,1.00539114848423e-05
PSMB8_ENSG00000204264,70.8207488784069,1.02344514657542,0.133113877852937,7.68460550462907,1.53469157452388e-14,9.28576603252152e-13
TAPSAR1,19.5224993108729,0.215131025295524,0.195785227071099,1.09882258933416,0.271845457079549,0.657765547730962
PSMB9_ENSG00000240065,147.736961046449,1.0890211882346,0.109851060458734,9.91079738635418,3.73652007357631e-23,4.01409013618484e-21
TAP1_ENSG00000168394,44.7881857296245,1.2469762848548,0.14847561276626,8.38937096108354,4.88750209311005e-17,3.89815318456535e-15
HLA-DMB_ENSG00000242574,0.997547985411606,0.0498460727514989,0.607187424850113,0.082501798474708,0.934247688235942,NA
HLA-DMA_ENSG00000204257,2.23799346557111,-0.316541306252365,0.521457715269859,-0.611152712275485,0.541098485677787,0.851742070151531
BRD2_ENSG00000204256,6.82017303116149,0.399126616551875,0.324735249183627,1.22771349213524,0.219554539779033,0.601416866095245
HLA-DPA1_ENSG00000231389,19.2362023284498,0.248357880926744,0.295653159121963,0.838729247668829,0.401621261836657,0.761575764520232
HLA-DPB1_ENSG00000223865,23.340161617318,-0.777638273428705,0.456029533876678,-1.70214196447071,0.0887287589173562,0.384102127418555
RXRB_ENSG00000204231,3.03808347835669,-0.756380114652227,0.432265536283557,-1.74637930322409,0.080745063897031,0.364044120265191
SLC39A7_ENSG00000112473,3.23268801417745,-0.00915956590796817,0.394854787604858,-0.023188544110746,0.981499876627234,0.995190338394101
RING1_ENSG00000204227,3.21120014743302,-0.207856180953258,0.490557514009273,-0.423630411622826,0.671835372715116,0.908251025904242
RPS18_ENSG00000231500,590.491236376807,0.0367944058216801,0.130648738377048,0.281626453348125,0.778229954055247,0.943251117855734
B3GALT4_ENSG00000235863,5.13153710647974,-0.407357114798261,0.341720606815243,-1.19186235923592,0.233315219451269,0.618726103371022
WDR46_ENSG00000227057,5.0196028885852,-0.793734021276711,0.395993968073383,-2.00473518662181,0.0449913647339584,0.254114317553173
PFDN6_ENSG00000204220,5.08353868903499,-0.665631250720124,0.363856065726699,-1.82937709865198,0.0673431359525442,0.323443674866964
TAPBP_ENSG00000231925,25.5242339724248,0.515469996580849,0.176609716097319,2.91719513455589,0.0035319473381551,0.0405058187103452
DAXX_ENSG00000204209,3.9441760119174,0.261199658634149,0.383192463868974,0.680085974642766,0.496450024574188,0.831916756134809
PHF1_ENSG00000112511,3.41704048494393,-0.566113729978872,0.446104509022525,-1.27298258007505,0.20302422341278,0.583068567143556
CUTA_ENSG00000112514,16.2763699926271,-0.649910957829742,0.230974074704315,-2.8126636288792,0.00491330182377902,0.0523555076930622
BAK1,4.30707137376319,0.492969836691878,0.373138821191006,1.31853242683515,0.187325477361062,0.564119744181139
UQCC2,3.07176774485275,-0.287733620568168,0.419456028075879,-0.686719723494391,0.492259365472346,0.829529926508916
LEMD2,1.58166842693514,-0.389336306798621,0.524757871177715,-0.739571493306876,0.459560044227123,NA
HMGA1,14.1931071747999,0.037992638540405,0.21998662216544,0.172674609263506,0.862907202840169,0.96619977318802
C6orf1,11.1896000112376,0.0213056124361697,0.254255429331551,0.0837799469047871,0.93323139200852,0.987351943170534
NUDT3,4.43110207146007,-0.364895814502997,0.372962555538086,-0.978599738623155,0.327777788489144,0.710584304560553
RPS10,72.9524777669428,0.0028872184412038,0.168770484878742,0.0171115046721615,0.986347660855551,0.997111317787686
C6orf106,1.04904217091651,0.752885739532559,0.601566650320152,1.25417466429871,0.209778526571546,NA
SNRPC,17.0348649463778,0.0215542240099013,0.219162847862508,0.0983660696868442,0.921641616450413,0.983880196974474
TAF11,3.48986101401908,0.0402493233211517,0.420519106615199,0.095787120255698,0.923689646867117,0.983880196974474
DEF6,5.74387290398847,-0.627649810909107,0.324859533172101,-1.9286346327493,0.0537762364230595,0.283645399329644
RPL10A,154.379077071417,-0.550946197657657,0.135013121878916,-4.08033053328732,4.49717062817788e-05,0.000932012054595604
FKBP5,2.51495416487742,1.18292991084358,0.469747612914266,2.47968827582669,0.013149728694382,0.108495567158663
SRPK1,3.14339038748232,-0.374359380855669,0.431959821768059,-0.866706827853444,0.38610266340738,0.753737108636709
MAPK14,2.14076555170783,-1.06519863599508,0.516119956583251,-2.05030288321667,0.0403348834188844,0.241197890333789
MAPK13,0.780794985460084,-0.896359622861587,0.648224105600786,-1.37344485290218,0.169614094105017,NA
ETV7,4.45452471346015,3.64387121308094,0.573868492709476,5.98789481355233,2.12574459681837e-09,8.41347335161796e-08
KCTD20,2.51168837071285,-0.10689697105525,0.44192891884662,-0.241415141378501,0.809233378627463,0.95063330273134
STK38,2.80374488339995,-0.192143698526466,0.471004795454072,-0.407497124505747,0.683642905659223,0.913085437061073
SRSF3,35.6718108751153,-0.190018635958311,0.148551599203683,-1.27918248868233,0.200832800887904,0.580861828098149
CDKN1A,2.66687539995401,0.268280128845089,0.5652754758004,0.481357303357915,0.630262576664924,0.891136772378232
PPIL1,0.894984920700892,0.161589758073325,0.634869420239607,0.254190675865221,0.799348253673376,NA
C6orf89,2.55750745342062,-0.337591719438769,0.472176381432147,-0.714852126942006,0.474700421137967,0.8168221086443
MTCH1,8.13940164798452,0.145500065821955,0.284093988948038,0.512075066280159,0.608598474079392,0.879145238771114
FGD2,0.0277809403254875,0.00708335167592632,0.490601629230456,0.0144345705803501,0.988483278924753,NA
COX6A1P2,4.21488303254504,-0.0246521728217061,0.385534195707156,-0.0640884014137057,0.948899837191519,0.987648233164879
PIM1,27.2848730196436,0.777372209288643,0.210853282292211,3.68468598096756,0.000228984774807133,0.00395666825636262
RNF8,3.06780599808218,0.00593720829301736,0.422864153445151,0.0140454848311372,0.988793692960696,0.997985096835567
CMTR1,1.23900734855594,1.82953931108385,0.639385366219119,2.90751318134475,0.00364314990192739,NA
CCDC167,6.61070746036193,-0.0430668550853879,0.325166566095695,-0.132410922612187,0.89465927575147,0.975654946665784
ZFAND3,2.57519146601784,0.00957801699781654,0.471577336039188,0.0202547211353387,0.98384017566833,0.996715682201326
GLO1,9.95768197923581,-0.48360158659558,0.273394290012368,-1.76880122091698,0.0769270529520626,0.352431685587169
SAYSD1,4.36312369919273,0.57857760991087,0.38615913863025,1.49297656438687,0.135443321584375,0.478140645673872
OARD1,6.16537049955105,-0.0878990494692109,0.324757228016005,-0.270710081653334,0.786614022216778,0.947253636775246
TREML1,1.60016112033391,0.253325607673067,0.640893614749581,0.435097531981405,0.663491634781701,NA
TREM1,0.271985895110203,0.00976108088322206,0.6475227164785,0.0166801125630584,0.986691812830634,NA
BYSL,0.57940418322642,-0.296060954869221,0.633981345052337,-0.461216378013029,0.644643372414574,NA
CCND3,10.8513310240367,0.514290673122737,0.281322757598806,1.82511543759932,0.0679836110474681,0.324693118229755
TAF8,1.75856653425845,0.0544997511649265,0.510984590192429,0.106433346599012,0.915238536570331,0.98215975713048
MRPS10,7.27343662274771,0.30705080410527,0.320844303692669,0.957765445849339,0.338181046930933,0.722184596772589
UBR2,3.58267441657327,-0.0287124711554035,0.406712464871413,-0.0706251902153531,0.943696061576008,0.987648233164879
TBCC,15.5904019997051,-0.302364660785727,0.234684632198242,-1.28824350577322,0.197661211933883,0.578049233122201
RPL7L1,10.3855597222276,-0.370348820884325,0.252515608486396,-1.46680878463892,0.142428079326077,0.49034755367722
C6orf226,2.51464208042944,-0.272453838633219,0.490500559390612,-0.557953350281783,0.576876239558639,0.868555268870245
PTCRA,0.124600845970919,-0.196253147098,0.609282927181423,-0.339547175192772,0.734197564904159,NA
CNPY3,10.9956021689867,-0.76025108785089,0.303449287824299,-2.50464768753762,0.0122573420220314,0.103567653938962
MEA1,13.393597741261,0.325594914644403,0.226293358254699,1.43852827243081,0.150284221507103,0.506519996907341
KLHDC3,6.19466889984889,-0.742724255930805,0.351636905389258,-2.10647783007423,0.0351628669027298,0.218275154924493
MRPL2,5.08405079916851,-0.183966385467931,0.370337609952025,-0.497778641423796,0.618640071773762,0.883963446747308
DNPH1,14.5588127922619,-1.06523387746933,0.330948286867469,-3.21383338829182,0.00130975649076508,0.0182879526986403
TJAP1,0.664318361979887,-0.492335321392564,0.629427211988074,-0.770125123550699,0.441225674283114,NA
POLR1C,1.64282081942928,-0.528927092091645,0.512433884727161,-1.02935671499283,0.303312081310598,0.689615684094595
YIPF3,8.62042178662536,-0.0780203930214802,0.302012225157624,-0.258232455481046,0.796227511273708,0.947331951222146
MAD2L1BP,7.09997438018842,0.752811817498171,0.303562475108765,2.47314235138296,0.0133930783499564,0.110158069428392
MRPS18A,7.50421504957919,0.210885222662193,0.301995811671128,0.698167856457878,0.485072225885072,0.824880686272317
VEGFA,0.31656095193937,-0.22321479156015,0.491253864391175,-0.485640748542803,0.627221900105604,NA
MRPL14,13.9992029806235,-0.399322047535945,0.236953188590863,-1.68500457399752,0.0919876890218708,0.390817752228513
HSP90AB1,36.6913569555281,-0.048905924439113,0.184128616077223,-0.265643044788091,0.790514131296875,0.947331951222146
SLC35B2,2.33989964780111,-0.0138433826895408,0.461836381916583,-0.0299399300291722,0.97611496055405,0.994844175048461
NFKBIE,1.90481890608073,0.349935144374951,0.512379620654262,0.676528707722281,0.498705025693201,0.831916756134809
CDC5L,3.19792613649796,0.396037423732984,0.43424366747004,0.91108442526261,0.362250892037322,0.742491576501798
SUPT3H,1.62758574135435,1.02927483887715,0.55043339397058,1.83614408424612,0.0663363498466053,0.322432636742872
RUNX2,0.40469091687277,-0.657145234394191,0.663295223453423,-0.983001046945387,0.32560692338393,NA
PLA2G7,0.552928154845467,-0.115615544572734,0.658818714661004,-0.176044706217083,0.860258820391385,NA
CD2AP,1.41288481118927,1.23209997586898,0.581545278706727,2.08449345473828,0.0371153049730341,NA
MCM3,4.03254332800531,-0.312796837330428,0.37489939758465,-0.834429144155151,0.404039199897392,0.764508392616776
PAQR8,0.937203274869127,0.436482605332346,0.654410861893142,0.709512865843446,0.478006270324531,NA
EFHC1,2.07845642768772,-0.253242197127669,0.510980743771645,-0.498613391004294,0.618051769570782,0.883842574034391
TMEM14A,3.12108382915635,-0.26624741424096,0.446104810391088,-0.598025025245949,0.549823235158729,0.853145895522196
FBXO9,6.36305331507288,-0.246943699617832,0.371115431316933,-0.667471695237905,0.504470883598408,0.835599349044059
ELOVL5,2.98662311927551,-0.20382837372846,0.432067107424097,-0.471383475247395,0.63736691437363,0.89377494582848
GCLC,0.46478567454542,-0.111606995800754,0.653248621438796,-0.168238096429093,0.866395971439776,NA
KIAA1586,1.1235446549276,0.151378960939254,0.571309399455644,0.263929785912327,0.791834023333583,NA
ZNF451,1.50077455251831,0.0995423368384813,0.528968491625079,0.187899580206195,0.850955371823404,NA
BAG2,2.05457327004033,-0.0927522249753878,0.502341847835269,-0.185009598415046,0.853221507092628,0.962014600593541
PTP4A1,5.79688495043289,0.110511912455672,0.340995583952508,0.324410727540408,0.745627099146651,0.929591366361252
PHF3,5.23907232306975,-0.186415924905913,0.352248897265088,-0.528957669338249,0.596834815104654,0.877221636230693
LMBRD1,4.68592276550963,-0.187261397692019,0.34837628423345,-0.537716649415247,0.590772683029409,0.876264899235887
SMAP1,7.85369945628797,0.0512092773292159,0.296989069548114,0.172498721874984,0.863045466096138,0.96619977318802
OGFRL1,0.566847728427128,0.0216350037039768,0.667174168476141,0.0322583993769317,0.974265984412995,NA
MB21D1,2.30059470589232,0.516348810882607,0.478354322291712,1.07795798321882,0.281052507345761,0.669109030235923
MTO1,1.02597696143293,-0.874289736096375,0.607468951260721,-1.44783562178974,0.147663027790505,NA
EEF1A1,88.6399827099277,-0.67739509409778,0.136761436645243,-4.95288546019014,7.31210193199569e-07,2.04738854095879e-05
SLC17A5,0.733676954623702,0.673194231056264,0.629703779506491,1.0527996535295,0.292432823805509,NA
COX7A2,47.6761780801731,0.188233607542445,0.134600511212218,1.39847378752655,0.161970838758518,0.522549777842738
TMEM30A,4.95645090007806,-0.256638357629195,0.36614475315274,-0.701129986165918,0.483221898367846,0.82398682271019
SENP6,3.72064998727317,-0.225924722655074,0.42803160078739,-0.526991199535813,0.598199699845611,0.877381783222986
PHIP,6.2105291129909,0.733454948086414,0.335682801373756,2.17961786614668,0.029285799338489,0.194647029946725
HMGN3,22.1208688011947,-0.398992409534412,0.202858171077533,-1.96671252577233,0.0492163620155741,0.267872531338041
FAM46A,7.36920675820635,2.0557960802106,0.344054938709277,5.854201962514,4.79305891475328e-09,1.81515554872383e-07
IBTK,1.75274610878582,0.165938815421425,0.495778519404094,0.334711907103699,0.737842418486177,0.928220942965329
CYB5R4,5.81904904940413,0.500953517063823,0.332390423512543,1.50452296263213,0.132446765397852,0.473112486856987
SNX14,2.90843066709779,-0.249707570413333,0.457116836475259,-0.546475795386896,0.584738921364813,0.873953913135825
SYNCRIP,6.02213774406339,0.0885128494086007,0.351122739931971,0.252280880038613,0.800823965790849,0.947964478035823
ZNF292,2.69922421658241,0.172950622001763,0.440541820097571,0.392819568221202,0.69445275074662,0.91653641518341
SLC35A1,3.42308191970684,-0.073740561409864,0.453790157329636,-0.161378952370218,0.871794942962158,0.967909097660163
RARS2,4.09178127080466,-0.0323866991934802,0.405747015164569,-0.0798926046917132,0.936322671630448,0.987648233164879
AKIRIN2,9.50388688250658,-0.468768122480562,0.326206562215508,-1.4387450813684,0.150222761455324,0.506519996907341
RNGTT,1.03764279286933,0.527403064243335,0.632247062262067,0.824177452317353,0.409838736678538,NA
PNRC1,13.8004943173331,-0.361389295025589,0.243241719580937,-1.48477681323134,0.137602956022474,0.483141482094655
UBE2J1,5.79205456440714,0.870703846321697,0.343782950606689,2.52353680554335,0.011618089793043,0.100388708945202
RRAGD,0,NA,NA,NA,NA,NA
LYRM2,4.13549457557755,-0.357968720307747,0.377715290107737,-0.94861677169815,0.342815557741045,0.726609049445267
BACH2,1.9167623552142,0.0393809952833774,0.532835751201953,0.0735410029672822,0.941375616740808,0.987648233164879
MAP3K7,2.23345234105118,-0.34052249077004,0.458245784066789,-0.740874766273717,0.45876937673088,0.807949815694665
UFL1,6.27348809465091,-0.0368844754912208,0.30405153166448,-0.121303680181859,0.903450505182532,0.978611663245645
NDUFAF4,4.73922182172704,-0.37625771856005,0.373406351426789,-1.00763854464528,0.313628017715662,0.702227939283388
PNISR,25.1858272367674,-0.128728020664791,0.190127536968225,-0.676956847674809,0.498433333880154,0.831916756134809
CCNC,5.45815305908823,0.238741005836508,0.327935986595763,0.727782589283794,0.466746684072263,0.813536859493802
ASCC3,2.46330421341726,-0.218540480663935,0.446151195480423,-0.489140708277434,0.624742082872419,0.886665495885795
PREP,1.71289800806448,-0.0483485984173949,0.504208865074721,-0.0954625981674025,0.923947396884075,0.983880196974474
PRDM1,1.56462286495981,0.195239705143917,0.538205904281581,0.361932617997761,0.717402384377507,NA
ATG5,6.3350338728239,0.261426595055362,0.325828277322132,0.801036597335592,0.423110459248736,0.78001704816056
AIM1,0.582780067666004,0.97515092167287,0.639198873398945,1.49593036763564,0.134671801757532,NA
QRSL1,0.964181936972886,-0.204115288494633,0.586199588802621,-0.347681354716967,0.728079500867918,NA
C6orf203_ENSG00000130349,3.45180086511436,-0.0576610170088424,0.418320711877279,-0.137279749223158,0.890809676659061,0.974282596703365
SOBP,0.370057872110843,1.11532383820044,0.667770761067778,1.6738829756675,0.0941536006466297,NA
SCML4,3.42553382867031,0.984404930567595,0.414660732632687,2.35013055740296,0.0187668272291425,0.142141839617563
SEC63,5.92869418051867,0.0223972263619495,0.334167811029799,0.067048079682908,0.946543427233873,0.987648233164879
OSTM1,4.1541855233787,0.516702913992085,0.38687175127042,1.33157550968296,0.182999716968068,0.557471360023097
SNX3,38.3074554769212,-0.0294298422887227,0.159338543973213,-0.184706813588339,0.853459001666382,0.962014600593541
FOXO3,1.80801996961048,0.0950806239189289,0.511729316807125,0.186092064117988,0.852372565132877,0.962014600593541
SESN1,2.00902673537636,0.1926049384954,0.520925602539705,0.370187432799347,0.711242839693403,0.919123640580385
CD164,43.7189766356079,1.18961703724154,0.157932343168534,7.52617065058277,5.22500431116304e-14,2.9896111623872e-12
MICAL1,0.537117651194065,-0.428382503655622,0.665078399282144,-0.65415783965361,0.513010120726489,NA
ZBTB24,1.03063996407876,-0.0738781784267947,0.587523214854208,-0.125667859376572,0.899994844626549,NA
FIG4,1.2554673553602,0.336101484002511,0.583587960588483,0.574997774909698,0.565292801845999,NA
CDC40,5.5224577467252,0.0913439590569391,0.354414616897813,0.257394025155885,0.796874614785981,0.947331951222146
CDK19,1.7436774068287,0.340789267878244,0.52395671790269,0.650915685149922,0.51510091569593,0.841555313539222
AMD1,3.15503236404032,-0.355223012314911,0.422473625001949,-0.840874243586924,0.400418388966261,0.761028562274161
GTF3C6,14.49661270866,-0.0914729625793309,0.224183430000347,-0.407980727410927,0.683287824191573,0.913085437061073
RPF2,1.74860945271973,0.84483978830333,0.546855799263552,1.54294642081778,0.122843776396257,0.454883810677607
REV3L,1.40392016486223,-0.891904679215091,0.585994567829834,-1.53045984696417,0.1259029450778,NA
FYN,29.3360427957144,0.0797350377430206,0.194182350640818,0.410625645325261,0.681347055968301,0.91239147866119
TUBE1_ENSG00000074935,1.45878734796052,0.405101368927809,0.546882475500168,0.738424173123591,0.460256729630235,NA
MARCKS,0.300227416149461,0.176382359971344,0.661167182481373,0.289728714629753,0.772023786977688,NA
HDAC2,5.71309676608047,-0.2758131212029,0.32911875275749,-0.838262162306098,0.401883481654541,0.761798576676091
NT5DC1,6.30686236619197,-1.08772940072377,0.360825633203894,-3.01074332428575,0.00260609048645484,0.0320524773848091
DSE,0.7061648104876,-0.0877441247417951,0.63723750714272,-0.139527812296967,0.889033079854133,NA
TSPYL1,2.07726516006072,-0.800021049958135,0.52596507901301,-1.51211356681904,0.130504974082014,0.468756530487336
FAM26F,3.58532881567149,1.04488050391813,0.407328606375039,2.53962177437261,0.011097240567119,0.0971217703583494
RWDD1,20.705135154423,-0.180240552125325,0.192190105236901,-0.937655453678189,0.34842150341633,0.72991339016124
ZUFSP,3.16726950442193,0.156796616987788,0.541314085044331,0.293979644554755,0.768773457748928,0.939299018640169
GOPC,2.75977285017393,-0.491771025030908,0.432189039593396,-1.13400159184576,0.256793880280746,0.645232928781789
NUS1,2.26828757400378,0.397537974598755,0.545323663945899,0.738099668505207,0.460453885194187,0.808751835723123
CEP85L,1.36179891984862,0.403817917211676,0.569398682333714,0.709014721276038,0.478315341443437,NA
ASF1A,12.0691275612767,-0.132917529740458,0.253248261365845,-0.524935981443801,0.599627695242724,0.877505019104904
SERINC1,4.88726028144153,-0.150252437904691,0.354002913480062,-0.423939515609725,0.67160992471282,0.908251025904242
PKIB,0.0399585772398783,0.00708335167592633,0.490601629230456,0.0144345705803501,0.988483278924753,NA
SMPDL3A,0.615344271947633,-1.0737947412709,0.667378607517436,-1.6840384061715,0.0921742466045272,NA
HDDC2,20.4567220745359,-0.143742090021809,0.225004201479284,-0.638518864098269,0.52313597834715,0.84523873235709
NCOA7,2.89252722552962,0.372503707178241,0.469009742802818,0.793571413933773,0.42744497961361,0.782418575352188
HINT3,3.4688150650187,0.379894849362426,0.481624503806659,0.793811256403516,0.427305318620198,0.782418575352188
TRMT11,2.05810876824038,-1.1643284936436,0.565395523008998,-2.06529374406698,0.0388952151437601,0.234798638207286
RNF146,4.75418623943676,0.251820904595378,0.361589108458702,0.695642599634365,0.486652680966986,0.825568711766102
ECHDC1,8.43539368362362,-0.0895293327303185,0.341814568640472,-0.262603181478356,0.792856447640624,0.947331951222146
THEMIS,0.769807453826522,0.0254058399998147,0.636921755947628,0.0392960520995266,0.968654354155208,NA
ARHGAP18,2.75480760125834,0.298875150893827,0.47335771933377,0.629338480452175,0.529127484118686,0.847892565114388
L3MBTL3,1.1537957171884,2.27302451785975,0.616064522713209,3.59601551916135,0.000323128530713806,NA
SAMD3,13.8060962994788,0.259011722437356,0.22875750014162,1.1315926485641,0.257805732201781,0.645593028542067
AKAP7,0.544031579800332,1.38851288982322,0.651269761316885,2.09696262745741,0.0359968837915865,NA
STX7,2.72700534138401,0.871728060007817,0.438600446250155,1.97223865278476,0.0485823691180161,0.266002350624477
VNN2,1.95112125796279,-0.0596107585899627,0.500142233392979,-0.118670429721121,0.905536464629094,0.978776540384895
SLC18B1,0.71746594736235,1.61349870000095,0.636776700364115,2.50530420602415,0.0122346115285618,NA
RPS12,239.436802406087,0.233403083420984,0.129451246415962,1.80303826090824,0.0713822060376642,0.335197085265178
TBPL1,11.5763316271324,0.309408695401911,0.247844341236251,1.24780726171781,0.21210164872172,0.592714862777579
SGK1,0.668732840716939,0.104911698539131,0.642687443666666,0.16564592120169,0.86843560657668,NA
HBS1L,2.34894846135452,0.361109504781523,0.454747322660937,0.791473097414841,0.428667969004291,0.782694481040093
MYB,0.139042346843946,0.314721035995757,0.613857171047415,0.504886057245545,0.613638867539905,NA
AHI1,6.49997722025416,-0.438846985627233,0.320782199544815,-1.36889364637699,0.171032522109849,0.538144169985802
BCLAF1,8.90685076652039,0.157198083087455,0.273838807316431,0.573698632123612,0.56617175412088,0.863252781008572
RP3-325F22.5,1.06560744210269,0.00942842049747246,0.649488707941361,0.0150713973281569,0.987975219996014,NA
IFNGR1,16.4884776107834,-0.16742598682564,0.257175118957441,-0.65134345002718,0.514824806209091,0.841490932761192
RP11-356I2.4,2.90264877725991,0.290849992516224,0.510101360977114,0.568616209740816,0.569616621879877,0.866607484848461
TNFAIP3,13.9610733734864,-0.20015537256659,0.212951562061562,-0.939923674767717,0.347256712543926,0.72991339016124
PERP,3.00353829771465,-0.315856769925529,0.532856410812397,-0.590936847676707,0.554562735737068,0.856075730475052
HEBP2,3.05691577996245,0.673409776370316,0.486630638578241,1.386490759526,0.165597099939329,0.530365743748652
CCDC28A,9.78665308437227,0.105694101001134,0.260206647175369,0.40605036877315,0.684705591757668,0.913172088931432
ABRACL,10.116997921086,0.480948963281983,0.323973091009319,1.48062811057848,0.138705700313692,0.485147379701843
HECA,0.690502863554742,-0.103854451397189,0.622580256939116,-0.166198725147169,0.868000562680828,NA
CITED2,10.9795355083259,-0.0791050499905076,0.340091997102236,-0.232147326548486,0.816423587485047,0.951439841603119
VTA1,2.82742355824552,0.057162522155745,0.431196701238174,0.132411961752885,0.894658453873729,0.975654946665784
PEX3,2.21866215659158,-0.297703262310663,0.49036580941773,-0.607405185206985,0.543582048211145,0.853145895522196
FUCA2,1.8467409089576,-0.553701197658439,0.493016965647174,-1.11643897572115,0.264234277841383,0.653018421857765
PHACTR2,1.31707307245333,-0.127314478456213,0.577243600985594,-0.222634482636922,0.823819996662638,NA
LTV1,2.55280255868773,-0.0201080300119783,0.46264911719641,-0.04340575100663,0.965378093383366,0.991174231240499
SF3B5,24.1748291704425,-0.442425648375893,0.184791880941816,-2.39375193053466,0.0166770238872301,0.130636687116636
STX11,7.89484149961805,0.801965030229191,0.306769171105512,2.60818612569808,0.00910234460375855,0.0836208411765881
UTRN,8.00748100801968,1.22153553182254,0.292122870390968,4.15694675411569,3.22529123357779e-05,0.000690159880225751
SHPRH,1.97825954798724,-0.130533044685961,0.515312076557181,-0.254809902471255,0.798869926613799,0.947331951222146
RAB32,0.966473250010022,0.43340669009155,0.638402971050455,0.69660796169961,0.486048171910172,NA
TAB2,1.40021065249642,-0.780667877787709,0.630752092157304,-1.26522196360733,0.20579177123182,NA
ZC3H12D,0.0671874447645446,-0.0533255467146272,0.508527613613103,-0.104233865269312,0.916983759737709,NA
PPIL4,4.24603856015469,0.347124181313207,0.390040946920967,0.889840990621,0.37355127296562,0.745885286059442
GINM1,2.12441770135909,0.269835777501957,0.513485206374519,0.522757824029693,0.60114279307355,0.877505019104904
KATNA1,3.6793671336418,0.0239145427063209,0.375551006255352,0.0636454725911163,0.949252523223088,0.987648233164879
PCMT1,18.6318746009121,-0.0971340176438488,0.212265289597749,-0.457499845325824,0.647311813439785,0.898748169886915
MTHFD1L,0.418734804680449,-0.185870524001107,0.666014146265712,-0.290837171891143,0.771175854523228,NA
ZBTB2,3.75043530467528,-0.132171004536953,0.398416107488581,-0.331650385465845,0.740153268716042,0.928435782623912
C6orf211,3.2116676217585,-0.770004824199383,0.430464561168597,-1.78139926238821,0.0748472486564949,0.346522354378003
SYNE1,3.42958338856444,-0.236361664029862,0.382612436051595,-0.617231670393458,0.537081929016645,0.850532978569968
MTRF1L,1.44758072042718,0.519075618045091,0.579422570796933,0.898042144097238,0.369163081682828,NA
IPCEF1,2.26907359824159,1.18125376262205,0.508187959967167,2.29430038265797,0.0217732506181614,0.159408054595273
TFB1M,1.99269205665385,0.0841805427123483,0.5030210404356,0.167011703995962,0.867360839812214,0.967413325623816
TMEM242_ENSG00000215712,4.97573749036185,0.119023497606654,0.399071004793111,0.297423229343874,0.76614341120011,0.937565806574992
SNX9,5.60138122383747,0.158641438043383,0.41637341761198,0.383162828351359,0.701599037348723,0.917215665787009
GTF2H5,4.38313064453445,0.886334376087331,0.385917354396493,2.28561302605694,0.0222769074374631,0.162417784973415
DYNLT1,47.8438269213342,2.32077784248364,0.161075912908205,14.344439012502,1.15429874124523e-46,3.37568254106384e-44
SYTL3,14.30487516697,0.410300615159398,0.240571301678045,1.70481945351769,0.0882281022036519,0.383833725681168
EZR,22.2092860701327,-0.00685858309765679,0.235593901177602,-0.0291427366142059,0.976750751370199,0.994844175048461
TAGAP,13.4091566370367,1.13658168952269,0.286887328869695,3.94944577614145,7.83323526032126e-05,0.00153286804499372
SOD2,23.0948086123276,0.577962513803911,0.514789340997302,1.12659352344284,0.259914378668121,0.648534108352139
WTAP,11.3333057430237,-0.354933765502881,0.251118371323499,-1.41281863830462,0.157709056586247,0.516163157684582
ACAT2,3.57751566537924,-0.620303019581109,0.399252968377786,-1.54936107116456,0.121294946377351,0.452513534890417
TCP1,14.9536103452631,-0.131200814177161,0.232844748742958,-0.5635899193135,0.5730332489057,0.867834971272338
MRPL18,16.905711270661,0.0662564878658937,0.219170171804185,0.30229121811676,0.762430072317498,0.936140542075212
IGF2R,0.75092760205113,-0.556496481947701,0.64493391522349,-0.884820139968275,0.376253645301175,NA
MAP3K4,1.16236993425243,-0.162865543083666,0.594640602713917,-0.275019206016602,0.783301482789408,NA
AGPAT4,2.7939285147221,-0.0992973336665329,0.420634100630669,-0.235615383779158,0.813731134978408,0.95063330273134
QKI,1.36095021609684,1.10092113454377,0.583251690359059,1.86147759166326,0.0626767622125161,NA
SFT2D1,16.8005407000741,0.126917943373876,0.229834320483951,0.552458042868859,0.580634572996777,0.871531335116919
MPC1,8.40565196643954,0.419652014922461,0.278724532141643,1.50429700889548,0.132504908905284,0.473112486856987
RNASET2,8.29310267091061,-0.258152484347408,0.303401704861873,-0.849615399158235,0.395538947637406,0.758892262065204
CCR6,0.181311946864751,0.444159875631382,0.630270398146626,0.697654808238714,0.485393096625117,NA
C6orf120,1.28800293596872,-0.044451555057203,0.585957974812205,-0.0755294506207276,0.939793466246158,NA
PHF10,1.54034104134343,-0.0667155697271868,0.597910519593322,-0.113932488171437,0.909291311405473,NA
PSMB1,46.3818535569125,-0.0292051429360585,0.153049466013166,-0.190797448991895,0.848684287381008,0.960913700132607
TBP,1.66134766880994,-0.099288566749413,0.543168149579665,-0.182897270873486,0.854878624306351,0.962578178993572
PDCD2,14.90731484815,-0.241573415176486,0.218588620128103,-1.10531717904841,0.269022176631637,0.657138161386977
AC147651.3,0.864663349549789,0.0711266648587255,0.494061555404387,0.174351896536086,0.861588916219442,NA
PRKAR1B,0.222886267160267,-0.638483103889496,0.636367729868933,-1.02029080866106,0.307590561149724,NA
AC147651.4,0.380727861605662,-0.261671418616618,0.663022840508622,-0.384201284550488,0.700829266313182,NA
SUN1,1.39527876021819,-0.338752918031559,0.544197016070469,-0.620864922096003,0.534688502699777,NA
COX19,8.2993674703735,-0.0633865246165326,0.294138772823306,-0.215574748447057,0.829319240808395,0.956224092471219
C7orf50,8.65011296642417,-0.938785804290441,0.29522519339919,-3.17409919217885,0.00150302316242793,0.0205504257844692
GPR146,0,NA,NA,NA,NA,NA
ZFAND2A,4.57483928229328,0.620988366476882,0.373497586874485,1.6567985121684,0.0975602179313326,0.404375580464988
PSMG3,3.5526727463708,-0.266903183412244,0.405081992546151,-0.658807536277403,0.510019367262693,0.8375123513806
MAD1L1,2.09792451452507,-0.0475956494558882,0.47070783497209,-0.100896261947763,0.919632810500125,0.983880196974474
FTSJ2,2.58449197182721,-0.359903334414117,0.430764072158661,-0.832437685579661,0.405161937837058,0.765532103651928
NUDT1,2.34500971702969,-0.90661490507663,0.451122387925349,-1.99618135399941,0.0459141862801057,0.257670430289283
SNX8,0.18112489223548,-0.234438377648599,0.662457295738363,-0.36219159671717,0.717208858729018,NA
EIF3B,6.01339428655408,-0.467583977726844,0.389498541188246,-1.20277758330222,0.229062401710887,0.614255976875246
CHST12,86.9256019852788,0.6151424615751,0.149241000300905,4.12104272844346,3.77161459967931e-05,0.000790860876746539
BRAT1,1.81053434643829,-0.109651246512974,0.519871198185456,-0.210668427456923,0.833146012915855,0.957990522496519
GNA12,0.115438973028595,0.0184273631018813,0.603746267219876,0.0324382223836265,0.974122581461472,NA
AP5Z1,2.15325489005004,0.265466561629504,0.485119550347699,0.545383638713241,0.585489690807749,0.874242776346287
RBAK-RBAKDN,1.97009652387426,-0.0125815005852647,0.514272754616647,-0.0245381519028181,0.980423352050628,0.994977544861096
WIPI2,7.76710362851306,-0.253660032045154,0.291204011664741,-0.870559206908602,0.383994878203112,0.751430869465124
ACTB,231.694595330509,0.134854289469215,0.132234538570666,1.01986874768857,0.307790713145923,0.693583182363072
FSCN1,0.106302961344445,-0.176749119743669,0.498684780888703,-0.398856110873231,0.689999229793355,NA
RNF216,3.1275906207011,-0.282692981194988,0.417456419599765,-0.677466686939305,0.498109899496428,0.831916756134809
CCZ1,8.10163155758225,0.441832564323343,0.292346861248417,1.50920110248755,0.13124739856584,0.470569376542055
AIMP2,2.27138797135629,-1.35240195672359,0.529458885233253,-2.5246371187188,0.0115817813049637,0.100273843403502
EIF2AK1,4.35127433930646,-0.167505676716421,0.425609462299792,-0.395067861112228,0.692792806762309,0.91653641518341
USP42,1.04281719735727,0.640722102141981,0.579118211546034,1.09702706923429,0.272629559160961,NA
RAC1,30.3642315281383,-0.11022810108162,0.189071825947119,-0.582931849003871,0.559939179328883,0.861022635900994
KDELR2,30.0342124300102,0.858591715266606,0.187411657327557,4.57798136169668,4.69484512708352e-06,0.000113887855986026
ZDHHC4,6.62293243336752,-0.487697953175425,0.322346437529677,-1.51195010324256,0.130546556552894,0.468756530487336
C7orf26,1.76123984344822,-0.401852200970396,0.50215994111544,-0.79777512494982,0.425000998993333,0.780874435846739
CCZ1B,3.31247791447509,0.310008440827624,0.441540608836335,0.701477833528612,0.483004863324969,0.82398682271019
C1GALT1,8.21827661619517,1.18492231899791,0.3051239175778,3.86478077430687,0.000111189020462147,0.00210216624349167
MIOS,0.768663947584308,0.437564291153918,0.612829634179452,0.716028284772133,0.473973883997701,NA
RPA3,12.1128577730809,0.632850907610747,0.251324014195009,2.51560226512891,0.0118829197816232,0.1012163264247
RPA3-AS1,1.25261436966571,-0.25190023674746,0.575965050794172,-0.435569229842419,0.663149299805862,NA
NDUFA4,48.4138816767696,-0.079645378915884,0.128984452571588,-0.617470084819196,0.536924707139665,0.850532978569968
PHF14,6.26964357158967,-0.140955974718039,0.308233719109842,-0.457049720559957,0.647635308333377,0.898801018472686
TMEM106B,3.3700945470003,0.199655497131244,0.399418916396331,0.499142807017935,0.617678782596423,0.88378937526164
SCIN,0.126864709929555,0.343476024926283,0.637836077862533,0.529777715850826,0.596266057346143,NA
ARL4A,3.17517843214282,-0.551582780890868,0.485040616352326,-1.14333199602899,0.252900775342037,0.640170595599684
BZW2,2.22782546234861,-0.856806438267461,0.509434033665802,-1.67974876336999,0.093006207783332,0.392453824170752
TSPAN13,0.524687583466305,0.634028173600151,0.667518826639396,0.984679893370057,0.324781332136842,NA
AHR,0.603747652575722,-0.233720741763677,0.650801015032695,-0.359496532423648,0.719223671403026,NA
SNX13,1.24904662800956,0.0479217292756503,0.57417313279585,0.0829884858158724,0.933860695019131,NA
TWISTNB,3.01122767140119,0.303560510470196,0.413148060538235,0.732530079978127,0.463845089971192,0.812268979909632
CDCA7L,0.314154134064208,-0.157076668877831,0.66825888633765,-0.234044620427048,0.814950338382491,NA
IL6,0.0399585772398783,0.00708335167592633,0.490601629230456,0.0144345705803501,0.988483278924753,NA
TOMM7,33.4409491933774,0.173682104597728,0.154709968050415,1.12245085556177,0.261670791833245,0.650819048267141
KLHL7,2.68583307159004,-0.172962880696252,0.458187012550453,-0.378866852538683,0.704786740246581,0.917215665787009
NUPL2,7.42849753733501,-0.296509984965701,0.291178007693243,-1.01883714821696,0.308280286445552,0.694092141937292
GPNMB,0.055561880650975,0.0610175915536028,0.490712330401076,0.120047533505961,0.90444549390402,NA
MALSU1,2.80743733375697,0.150330433505795,0.444793453634156,0.337496961762449,0.735742302101303,0.9276520906015
TRA2A,4.19775995073513,0.105582391077043,0.397309505366292,0.264671893543803,0.791262231242821,0.947331951222146
CCDC126,3.24755610117432,0.0746445373767707,0.400817336175697,0.186049405463673,0.852406017670813,0.962014600593541
CYCS,26.3662308227305,0.335170704760739,0.209589420409809,1.59814588540687,0.110010513750554,0.433047084392265
NFE2L3,0.545745881911937,-0.102352684744952,0.653787836406283,-0.154551852179482,0.877174630174933,NA
HNRNPA2B1,93.5627423064229,0.0345271902999946,0.108198259704015,0.319096592908989,0.749653267189759,0.931445366203028
CBX3,19.8714702373259,-0.343375120179693,0.228212471454597,-1.50440997739632,0.13247583683416,0.473112486856987
SNX10,5.3299503984819,0.666980894287614,0.348255460952824,1.90766213542367,0.0564348986265667,0.292107479223448
SKAP2,2.61665001539762,0.063182863279168,0.436252421645465,0.144405959078166,0.885179911467982,0.97271214333444
HOTAIRM1,2.98806673883735,-0.771688426724682,0.436174907196768,-1.76530992574826,0.0775116922548103,0.354185371553231
TAX1BP1,24.4676100267519,0.0884550281786177,0.186210517546977,0.475049242822668,0.634751875144675,0.892211981511767
JAZF1,2.48911543133731,-0.137576431536724,0.441770973473808,-0.310529372531576,0.756158426628361,0.933931946919684
CPVL,0.0855378372230441,0.011819161110102,0.58001758465061,0.0201664645319837,0.983910579869111,NA
AC007036.6,0.0607712442040499,-0.168807774113138,0.490740343721791,-0.323442554003142,0.746360106492413,NA
GGCT,3.29664080984784,0.0500657315038474,0.422937357870122,0.118089947022727,0.905996388829898,0.97889265000012
GARS,4.50471278586373,0.458992845319069,0.371381493834961,1.2356211320903,0.216599425906735,0.597863359210922
PPP1R17,0,NA,NA,NA,NA,NA
LSM5,7.56333552270182,0.0273771774735479,0.29798000093355,0.0918832835840541,0.926790773039419,0.984736361186999
AVL9,1.12292295294694,-0.201408749264144,0.584044010306317,-0.34308586873579,0.731533861782432,NA
KBTBD2,1.3945636823797,1.93508661799276,0.577807477713611,3.22914418913463,0.0012416127688611,NA
NT5C3A,26.0385174272722,3.25735279383941,0.252146942208756,12.606507248651,1.94419903966465e-36,3.65509419456955e-34
RP9,2.27110599054684,-0.17971443079699,0.497912864088952,-0.361797811455352,0.717503127724252,0.920598036583438
HERPUD2,6.20629508828958,0.838149348378685,0.31839109336468,2.6226563546916,0.00872472244563302,0.0809998923347658
SEPT7,98.6088778808102,0.0784491677649989,0.104737846029722,0.748997823403337,0.453858517320583,0.803602837260527
EEPD1,0,NA,NA,NA,NA,NA
AOAH,31.4705905886281,-0.447473230372293,0.164633956530405,-2.71755418399908,0.00657663860632539,0.0660163914191077
ELMO1,2.3875429826694,-0.419562789541146,0.472086845943128,-0.886971479213696,0.375094255925555,0.747349039815337
GPR141,0.88781943041428,1.42016374093022,0.632815356485983,2.28017086746696,0.0225975564432978,NA
STARD3NL,8.16281061587298,-0.196421812925136,0.319489915885556,-0.614345269003986,0.538987194279381,0.851256856869114
VPS41,2.62456058021508,-0.441366207501617,0.493697000905834,-0.895476921375864,0.370532197400224,0.743990172346575
RALA,16.7376197917323,0.19112860430268,0.244002561213688,0.783417382706046,0.433382051753482,0.786663144975976
CDK13,1.10388573981241,-0.564400289394777,0.562400115789111,-0.990826488230594,0.321770312794623,NA
MPLKIP,12.4238818880919,-0.035254689789343,0.2450109275856,-0.143838675062895,0.885627862131452,0.97271214333444
AC004988.1,0,NA,NA,NA,NA,NA
INHBA,0,NA,NA,NA,NA,NA
PSMA2_ENSG00000106588,46.272617225509,0.990737867184057,0.139472510169644,7.09910371251199,1.25568555540388e-12,6.41740656664663e-11
MRPL32,12.3705071873451,0.322301282176664,0.273995521478215,1.17567727847385,0.23972386158424,0.625015555908588
STK17A,61.4083211893681,-0.184583767950529,0.123224722559423,-1.49798897356231,0.134136115292384,0.475803578772986
COA1,6.486074433433,-0.767688743799675,0.353656246062971,-2.17059870993577,0.02996151969945,0.196799068291849
BLVRA,6.0122214422603,1.24125488461849,0.329336394677887,3.736633926386,0.000186500134915243,0.00331667807497918
UBE2D4,1.78488469384445,0.051707863965653,0.579851800118052,0.0910607037058763,0.927444356769747,0.984736361186999
DBNL,15.0838090089601,0.0396016539881259,0.255637080938372,0.154963494397832,0.876850096845252,0.970053107996375
POLD2,3.0481709694258,-0.106791401105564,0.424144989481256,-0.251722011278545,0.801255942183534,0.947964478035823
YKT6,2.75201984430012,0.293785429840225,0.463001483987353,0.634959398923619,0.525454895365878,0.845869898839751
NUDCD3,1.8958844710663,0.148551620992598,0.509884673625349,0.292490272253315,0.769911796483782,0.939661581686427
DDX56,2.65713243506894,-0.624136845451513,0.48127106867366,-1.29503795387309,0.195307136935661,0.573714714748503
TMED4,6.55251384891604,0.05470999679691,0.335338502571317,0.163285949336661,0.870293296235994,0.967413325623816
OGDH,1.17762335516285,0.830103473919601,0.627337222919832,1.3350427268816,0.181862362701155,NA
PPIA,30.4070189595479,-0.23056061873887,0.182879425101038,-1.26082973346177,0.207370198707228,0.588424180191396
H2AFV,40.7992175099455,-0.263929525333067,0.166706719500199,-1.58350098950303,0.113307321309697,0.437600689196073
MYO1G,1.78696583193684,-0.252682716586613,0.502049908244763,-0.503358977461329,0.614711907916422,0.882341937661225
SNHG15,2.91130492152848,-0.770954198895182,0.466770559138577,-1.64614224367176,0.0997344769510952,0.408244390879133
CCM2,8.65272475552259,-0.546924735097861,0.274217951608322,-1.99297496079222,0.0462641889851483,0.257879803565672
TBRG4,1.68311411766296,-0.683204954509786,0.53159477422657,-1.27201865044861,0.203366492781106,0.583068567143556
IGFBP3,0.135503112320379,0.0120843198964357,0.615366257765281,0.0222783969668468,0.982225881328625,NA
TNS3,0,NA,NA,NA,NA,NA
HUS1,2.10268609933181,0.0948966809159891,0.496015193698289,0.191619474264888,0.848040286932435,0.960913700132607
UPP1,37.589160027301,0.325281106315772,0.167281901340947,1.94438361253407,0.0518492085300033,0.2770905925908
IKZF1,3.86600766422121,-0.127011924522685,0.394624310051234,-0.32150744666712,0.74782586995323,0.930522054480264
SEC61G,12.5942373842061,0.5183811386559,0.254368010792188,2.03714769830722,0.0416352432156243,0.242710875179453
VOPP1,7.4523691713674,0.100445875064001,0.296507411563425,0.338508016181669,0.734980387244438,0.927613149581422
GBAS,4.70180573082185,-0.340045864854966,0.375516216785757,-0.906588976050468,0.364624193541456,0.742491576501798
MRPS17_ENSG00000239789,0.857233519287718,-0.0308250329824326,0.59244033623864,-0.0512068536976438,0.959160690550657,NA
CCT6A,16.1868797324993,0.585536213738168,0.261505534378223,2.23807452565346,0.0252161955724243,0.175333381547728
SUMF2,4.82197840322569,-0.553764587910894,0.363523975038732,-1.52389642701387,0.127534586162296,0.463314052145152
CHCHD2,83.1556596267999,-0.242388059087409,0.123753172324454,-1.95864746324695,0.050154087025794,0.270226319451156
ZNF138,1.43818240368633,0.444994080766956,0.621817124593135,0.726170117309944,0.46773448872185,NA
ERV3-1,5.78837220573616,-0.225710784351045,0.357076366967053,-0.633164756732297,0.526626057899058,0.847237032023423
ZNF92,1.6176858414903,0.345921748520145,0.556540000533516,0.621989351243055,0.53394887013194,NA
GUSB,5.73174638130566,-0.697512767940201,0.340489140410614,-2.04418810383652,0.0409349679513119,0.241300863712997
ASL,3.32822333378449,-0.871855792163467,0.432588507232088,-2.0105813426859,0.0443696963843092,0.251954780762679
CRCP,1.48722551787092,0.244888722519872,0.545916089394217,0.445265848360871,0.656127645098286,NA
TPST1,0.957626254622519,-0.214345128625703,0.661231545193663,-0.36365908694396,0.716112598297275,NA
RP11-792A8.4,1.2487884283852,-0.351404753202888,0.570806386732878,-0.615089458948458,0.538495643023784,NA
TMEM248,9.84916438675879,-0.369625605444351,0.265237302475443,-1.39372429571154,0.163400876588439,0.526080865052931
SBDS,8.51918742883214,0.415736786441812,0.289214757562425,1.4363540158821,0.150901630948613,0.507893980379477
AUTS2,4.19628574597039,-0.435236832728475,0.391901935249875,-1.10920893204626,0.267340060250705,0.655462541760462
NSUN5_ENSG00000130305,3.49610231954196,-0.564512674701159,0.425180835688953,-1.32893518812357,0.183869353387649,0.559472992041956
BAZ1B_ENSG00000009954,3.99597864952978,-0.0413748325665513,0.440238502647,-0.0942774933592159,0.924888727969518,0.983880196974474
BCL7B_ENSG00000106635,8.22575517913101,-0.299384767128726,0.283408790781019,-1.05554269242135,0.291177194806179,0.677311866310087
TBL2_ENSG00000106638,1.76801095359729,0.36550953853242,0.527043204663031,0.68762731316582,0.491687503714637,0.829299269321963
DNAJC30_ENSG00000176410,2.80226333634391,-0.189242660351111,0.443665726554735,-0.426523905768101,0.669726132310747,0.908251025904242
WBSCR22_ENSG00000071462,11.711429218604,-0.0542059663313703,0.240352373469102,-0.225536156080126,0.821562201333856,0.954958258736473
ABHD11_ENSG00000106077,0.939660319015274,-0.0484051586765707,0.59430119995049,-0.0807025417521267,0.93567851538649,NA
EIF4H_ENSG00000106682,11.1195180754371,-0.25045678477745,0.280695854464127,-0.892809593571302,0.371959147906975,0.744547297206507
LAT2_ENSG00000086730,23.8524349513356,-0.243735920412301,0.228401334335117,-1.06699088208932,0.285975953291023,0.673481727388762
RFC2_ENSG00000049541,3.15065159927173,-0.802987776153133,0.425987642450594,-1.875972153379,0.0606591037478687,0.305852032690403
GTF2I_ENSG00000077809,1.22456195993025,-0.252447461720955,0.609300891983482,-0.415626278972377,0.677683494010065,NA
NCF1_ENSG00000158517,0.541024076417233,0.238505703142805,0.658723943774227,0.359513136331686,0.719211252436333,NA
HIP1_ENSG00000127946,0.702106659741023,-1.07549063662175,0.639447676058546,-1.70476598398816,0.0882380779969749,NA
RHBDD2_ENSG00000005486,6.79704318797849,-0.599735095197478,0.344925515371907,-1.73857567304602,0.0821094286645235,0.3684774360529
POR_ENSG00000127948,2.17397480367104,-0.0330197865363122,0.475372827652011,-0.0692682472539557,0.944776100030356,0.987648233164879
STYXL1_ENSG00000127952,1.97726336388325,-0.131869907654844,0.508056139863591,-0.258520005234655,0.796005611589407,0.947331951222146
MDH2_ENSG00000146701,15.6674220311706,-0.213585328983575,0.217220104061193,-0.983623971907385,0.325300434046527,0.710492369181913
HSPB1,11.5855445649022,0.167463871749524,0.33110728268658,0.506361519156195,0.612602883257012,0.881076933733582
YWHAG,0.66205805076019,0.533990114062909,0.663744322698591,0.854513313063529,0.392820636122801,NA
DTX2,0.53320714997068,0.0216254604458417,0.647583511232372,0.0330008912434293,0.973673876920277,NA
FGL2,1.89240926682695,1.10269940176296,0.6014757990843,1.84307339830998,0.0653182947039355,0.319089797051256
GSAP,1.33316400510892,0.885730828235982,0.559503740784194,1.55106863233164,0.120885237362466,NA
RP5-899E9.1,0.0305280293728902,0.00708335167592633,0.490601629230456,0.0144345705803501,0.988483278924753,NA
PTPN12,1.41120230273195,-0.268147001730252,0.579582118658028,-0.462443488126297,0.643763319234978,NA
RSBN1L,15.9908868177363,0.126723824991786,0.246015043581912,0.514999846239553,0.606553127450671,0.877892676079278
TMEM60,3.27460906436668,-0.510059053480776,0.439540759797736,-1.15764284665268,0.247009816417524,0.633590687968192
CD36,0.217466118971348,-0.0894638747868412,0.608413630248648,-0.146107719744659,0.883836352343618,NA
DMTF1,1.59067256830247,0.317647719137996,0.578943122261199,0.552192423663215,0.580816524609771,NA
TMEM243,9.78371751019277,-0.043225308313914,0.261396575045661,-0.165286254237028,0.868718677544006,0.967413325623816
TP53TG1,3.5890445869244,0.767496683173612,0.430401616991436,1.77607858971106,0.0757199646092032,0.348619797472035
ABCB1,3.20222799723884,-0.336870317884005,0.41498376337412,-0.81086087919225,0.417445568464337,0.774724032066292
DBF4,2.73489689274486,0.0286249120500939,0.432859708476236,0.0661380103577964,0.947267949195587,0.987648233164879
SRI,28.7984259832657,0.117211147037728,0.159995069557829,0.732561724943739,0.463825782812008,0.812268979909632
GTPBP10,1.37458558161063,-0.113986505038083,0.53969770349917,-0.211469375211219,0.832521026883907,NA
MTERF,2.31813928903905,-0.447959583842552,0.472209005670372,-0.94849887179377,0.342875546888686,0.726609049445267
AKAP9,9.2895740759271,0.131113065324755,0.274234068919533,0.4780022366293,0.632648613126234,0.892211981511767
KRIT1,2.43743576466035,0.22559436725527,0.457437594297824,0.492228303349164,0.622557958075719,0.884441325288616
ANKIB1,2.27117569622252,2.07938056888965,0.512673614197053,3.85520229989572,0.000115633967969069,0.00216618223270171
PEX1,1.47039979934491,-0.425377364347597,0.557840042824812,-0.7604495153791,0.446985935290896,NA
RBM48,2.63920324896993,-0.251121275288649,0.445409789268336,-0.563443929383208,0.573132630868205,0.867834971272338
FAM133B,6.81388601412436,-0.160165695454904,0.316140696540985,-0.506567840179263,0.612458078152661,0.881076933733582
SAMD9,51.3432089254954,2.90276139982454,0.178639389022653,16.1196372961918,1.8569593364634e-58,7.51925688241796e-56
SAMD9L,40.8048110542508,3.06969106918354,0.213572327126432,14.2032009665776,8.75215188245084e-46,2.30356637546106e-43
GNG11,3.6579050821931,0.33880747319038,0.488977061715605,0.699140624682233,0.484464152484193,0.824513190648817
BET1,3.28058261334327,0.560793332947235,0.408359984005498,1.36635667782327,0.171827039404119,0.539354523210068
SHFM1,17.0303032299269,0.592189997387083,0.209885786405226,2.81919575740702,0.00481441469571868,0.0518263373379615
ACN9,2.69312059382789,-0.224888372792741,0.433714994456591,-0.51853424356286,0.604085574446871,0.877505019104904
ASNS,1.94365517294062,0.0146525327832621,0.522903527661018,0.0281421830570935,0.977548750169938,0.994844175048461
BRI3,2.90607550845743,-0.332149544759532,0.437847341395973,-0.755790903274879,0.449774571629933,0.80041019102771
ARPC1A,6.90781404220507,-0.0305098344074654,0.316182150870172,-0.0964821131396178,0.923137679293171,0.983880196974474
ARPC1B,51.4699791854107,-0.0346276511326845,0.150241964606003,-0.230463420883993,0.817731684398462,0.952753339237163
PDAP1,11.3734814887666,-0.00311711337392695,0.243081368686919,-0.0128257316745838,0.989766827275069,0.998000298526934
BUD31,24.2608185905545,0.160415714592118,0.189935691274193,0.844680198173099,0.398289418343708,0.759911380268678
CPSF4,1.85742054072436,0.208925061221568,0.528385948670781,0.393402910710247,0.694021920184403,0.91653641518341
ATP5J2,22.6714681375715,0.0589703885109606,0.18199933668496,0.324005992201998,0.745933497627266,0.929591366361252
ZNF394,5.57613822375799,-0.0894020860880707,0.343539590636222,-0.260117516337914,0.794773126787234,0.947331951222146
FAM200A,1.17408116731954,-0.507813105992008,0.592665946191025,-0.850093716890317,0.395272984562515,NA
ZNF655,7.51390374230925,-0.025389295214696,0.277686715569899,-0.0913928015967728,0.927180481306914,0.984736361186999
TRIM4,2.22557661505301,-0.8141846884064,0.487089433734202,-1.6666191241686,0.0955901637037389,0.399365680995405
ZKSCAN1,2.66182444705274,0.495113782740233,0.462091080345932,1.06687676080031,0.28602749011492,0.673481727388762
ZNF3,1.54267914554303,0.112439922275206,0.556458800399477,0.203767743973184,0.838535000544064,NA
COPS6,20.2423785054134,-0.0498057733402391,0.217983787211907,-0.228503430737723,0.819254889326206,0.953693263615234
MCM7,3.44195157200919,-0.93176277538598,0.471575175168319,-1.97318879860047,0.0484740561923558,0.265799408121418
AP4M1,2.25608612381543,-0.548636820448433,0.523345184051014,-1.04185385473478,0.297479441104229,0.682845452981989
TAF6,3.66857636576843,-0.294328279801338,0.434910155928272,-0.6781926287717,0.497649565638702,0.831916756134809
CNPY4,1.63699603745772,-0.53733096216453,0.504178674396932,-1.0613799591562,0.288517260856498,0.674799279706057
LAMTOR4,23.3574721813234,-0.124841131118339,0.17896988725376,-0.697480423634003,0.485502186446158,0.825212628173257
STAG3,2.15733935079902,-0.308318756400063,0.548415036460558,-0.558875563402567,0.576246647793481,0.868555268870245
PILRB,5.57285190486759,0.634829222410212,0.36071398614252,1.75643852597538,0.0790135594187113,0.358867451924155
PILRA,1.68306584031282,1.43355388817412,0.558077771847802,2.51605941551642,0.0118675174531512,0.1012163264247
MEPCE,0.540783323545865,-0.102376296070411,0.658815623472939,-0.156680656894027,0.875496532342923,NA
PPP1R35,3.48540763594539,-0.0186544800926258,0.411720526795844,-0.0453058605176007,0.963863516219376,0.990737780820354
TSC22D4,15.0436704552084,0.026522315520997,0.221663373261529,0.119689693584049,0.904728964993477,0.978611663245645
LRCH4,1.96082846832386,-0.801905602464994,0.541406427145117,-1.472562869779,0.140868942901557,0.488172557889267
GNB2,12.1144856851243,0.0181557434382981,0.260292565458418,0.0696984508889822,0.944433674796623,0.987648233164879
POP7,7.02752583086391,0.122576103654408,0.29852089141539,0.410716932073708,0.68128010980072,0.91239147866119
SLC12A9,0.43542128490522,0.393564065884163,0.646805906644154,0.597604553643787,0.55010382510146,NA
TRIP6,0.101014635985659,0.158565757121596,0.547092162729332,0.294910357903132,0.768062359205604,NA
SRRT,2.0370728114861,1.03791034083803,0.524330110221877,1.95301759532564,0.0508175102928125,0.272962626715679
TRIM56,2.80235876753151,1.34587045483695,0.475094342049662,2.78427259167726,0.0053647926093369,0.0563678009891207
AP1S1,1.9870041501512,0.549627033833765,0.514500488346815,1.06700560183435,0.28596930635623,0.673481727388762
ZNHIT1,14.6074024736455,-0.340641044702315,0.220871157055997,-1.54138537231813,0.123223021971362,0.455190166777016
FIS1,10.9363718180079,-0.450332119402035,0.282492891652189,-1.59403367141699,0.110928493465588,0.43382436077478
RABL5,2.4721732706511,-0.0737053609529394,0.470385002506079,-0.156987985193485,0.875254317116344,0.9697618870344
CUX1_ENSG00000257923,1.33980072605913,-0.843746041681315,0.566273477234402,-1.48994452128071,0.136238823936613,NA
SH2B2_ENSG00000160999,0.873799776781174,0.324734417129721,0.666967062135607,0.558928840535232,0.576210285584518,NA
PRKRIP1_ENSG00000128563,3.54442889238569,0.283496008713616,0.435482732514278,0.651224384593031,0.514901651676254,0.841490932761192
ORAI2,5.34515373713459,-0.410778421741532,0.354506293513897,-1.15925353506057,0.246352855501604,0.633513156502415
ALKBH4,1.91531975859204,-0.270777929780898,0.573542386066483,-0.477422158156859,0.633061538777855,0.892211981511767
LRWD1,2.02410896963094,0.0884569093065773,0.510648047924445,0.173479633922222,0.862274434942189,0.96619977318802
POLR2J,16.5879476058676,-0.132552755586096,0.227851553902253,-0.582021884886885,0.56055193981848,0.861022635900994
POLR2J3,2.05989578947775,-0.426409226195085,0.486744109788021,-0.874257443495807,0.381978069370787,0.751394827043282
ARMC10,3.91017526803324,-0.341537423735094,0.379374800244196,-0.897702759005723,0.369344038170476,0.743188757980021
NAPEPLD,1.22167770060864,-0.0916709197963074,0.566174079198637,-0.162253671522668,0.871106095936179,NA
PMPCB,8.98175747275502,-0.131022349023381,0.30043312343899,-0.436485483443748,0.662484529301509,0.905851875245527
DNAJC2,6.95523942328942,-0.270318525988918,0.301462122695829,-0.896429308966276,0.370023519639848,0.743990172346575
PSMC2,9.94806266546194,-0.0510954652829893,0.254071364217191,-0.201042176509063,0.840665595188798,0.95986749419997
ORC5,1.4840436858196,-0.704319450377372,0.551965400675135,-1.27449920114535,0.202486555590863,NA
KMT2E,39.5867435271738,-0.0925906888177275,0.160573161069718,-0.576669931846482,0.564162448105863,0.862630352249697
SRPK2,8.86228909992401,-0.23719975839627,0.286816479491016,-0.827141860152297,0.40815666043276,0.768982340915551
RINT1,1.52479771908632,0.188445058793739,0.539164075474924,0.349036450856021,0.727061944514802,NA
ATXN7L1,1.35074818911665,-0.572358891414002,0.542328059561253,-1.0510398419667,0.293240291541573,NA
SYPL1,6.24558394389935,-0.0469994576156097,0.347016992028129,-0.13570852371267,0.892051709116728,0.975033263453168
NAMPT,3.86679786959857,0.588718738958162,0.406652846560408,1.44668608064207,0.147984864679601,0.502543358687258
PIK3CG,6.13075114717444,0.0702665429824911,0.323122960763669,0.217528154262928,0.827796768318184,0.956224092471219
HBP1,12.3674941307143,0.334684254851702,0.23628220725816,1.41539883982525,0.156951589606491,0.515700260350975
BCAP29,5.84616429668828,0.0035253801350763,0.331139351486194,0.0106484451894212,0.99150393054779,0.998000298526934
CBLL1,2.47463271831035,-0.350027785433467,0.498131467447259,-0.706657918926881,0.479779086366283,0.821052376668437
DLD,8.87051272339822,-0.383920412501232,0.278888927308621,-1.3766851682993,0.168609606249385,0.534031869612975
PNPLA8,5.93992970374712,0.417868531348568,0.335729445190449,1.24476128495507,0.21321951106769,0.594047380089956
THAP5,1.35139497732406,0.679869842716574,0.542245945433348,1.24061580970881,0.214747708759097,NA
DNAJB9,18.17175898237,1.58729082074062,0.236173324863269,6.69230956109522,2.19675536601811e-11,1.0512472951563e-09
LRRN3,0.090957194551331,0.0855467328551621,0.540004500881504,0.170547682452942,0.864579438413113,NA
DOCK4,0,NA,NA,NA,NA,NA
ZNF277,3.82143677292846,-0.183638887557865,0.394700303564589,-0.465354903254625,0.641677323317081,0.895965366032126
IFRD1,3.70721866561584,-0.127330763874111,0.389401278220054,-0.327252668547943,0.743476788172298,0.929390124184036
LINC00998,3.5059816120913,0.136791636210576,0.424459926624435,0.322624215387835,0.746979852385793,0.930060729921766
MDFIC,1.08423218673832,-0.482149224564729,0.560633948122197,-0.851996047303991,0.39421628590056,NA
TFEC,0.114207539418003,0.0032016352257238,0.558826279524093,0.0062027252914112,0.995050972989749,NA
TES,5.87886906666149,0.0733709443035125,0.345961349009933,0.211994010015399,0.832111707438613,0.957990522496519
CAPZA2,8.18222326426326,0.304955738717743,0.279515361187078,1.0902055569353,0.275622606062732,0.662501095120649
NAA38,9.95235799105364,0.276727267683946,0.286046773997941,0.967520067610717,0.333284114289194,0.714990421371408
ING3,6.32576935822332,-0.165669443596575,0.322155747497146,-0.514624407057372,0.606815506280118,0.878031012935278
FAM3C,4.98593870133607,0.618709336159356,0.373121204803993,1.65389003436476,0.0981498578604473,0.405224197472467
NDUFA5,17.6855292860705,0.314327907754642,0.220535980380369,1.42525491733556,0.154083526818559,0.510444106465005
WASL,0.923916395282914,-0.244766718588505,0.63945964423638,-0.380413674060461,0.703638365829888,NA
ZNF800,8.44945773858758,0.019929560875703,0.304095955722497,0.0656132845014174,0.947685712403329,0.987648233164879
ARF5,11.3268650603531,-0.20980690260532,0.242003166863679,-0.866573536506715,0.386175718463754,0.753737108636709
SND1,2.55139696592767,-0.454461571912222,0.457756761943499,-0.991678240249689,0.321354509021777,0.707277299324274
RBM28,2.19111034719216,-0.831112868598223,0.508652319183877,-1.63257581181765,0.102558241871514,0.417207561987366
METTL2B,1.03464517566255,-0.423055052161703,0.601346642834544,-0.702355860277081,0.482457264986352,NA
CALU,1.92100978581346,0.697271633143001,0.531477406996531,1.30547346912314,0.191731675502662,0.570867836458947
ATP6V1F,42.2046282859603,0.144656350756982,0.144064437022883,1.00409188629114,0.315334325915494,0.703057980355425
IRF5,0.663645831727538,0.899162998906299,0.634869678169158,1.42115332318838,0.155272190948594,NA
TNPO3,1.20697810337963,0.0806298729752688,0.585171905103076,0.136710997489816,0.891259236415945,NA
SMKR1,2.43256876861608,-1.44264132948895,0.516047373884434,-2.74482763119404,0.00605426877779952,0.0618828560123042
ZC3HC1,1.50246475135215,0.354822192670163,0.564115373317658,0.629265606322274,0.529175184138883,NA
MIR29A,0.41476897349966,0.453022642017022,0.66856018465893,0.678641360870666,0.497365129180952,NA
RP11-138A9.1_ENSG00000271204,2.05837631521294,-0.641770209436521,0.500655622649466,-1.2783810894895,0.201115088491832,0.580861828098149
LINC-PINT_ENSG00000231721,6.80021119622522,-0.843654750894647,0.355220354058466,-2.37645550858709,0.017479869273696,0.13452343838704
CHCHD3,2.8964767706255,0.138281085173666,0.437633549859705,0.314348410283077,0.753256434151935,0.932921449076858
EXOC4,1.48491511741648,-0.350766812014172,0.546111562278683,-0.641620407158641,0.521119679472406,NA
AKR1B1,13.8950885259907,-0.211951717843336,0.234733088527052,-0.903160693598301,0.366440615698009,0.742491576501798
BPGM,12.8780331373937,0.974619924496217,0.273231711578045,3.56035990356759,0.000370346855826076,0.00592554969321721
C7orf49,1.65187770134488,-0.314199771125921,0.533688779715811,-0.583903059038312,0.559285534969304,0.860841829262694
TMEM140,14.952166560741,1.98784604484725,0.251315397430643,7.83186807039505,4.80673783745633e-15,3.0122223781393e-13
CNOT4,5.01680406458593,0.499362781600933,0.346579562687939,1.43846924900901,0.150300956529116,0.506519996907341
C7orf73,13.8342473028974,0.0770451278110413,0.25028460021268,0.307838629422432,0.758205125943752,0.934289155909416
MTPN,7.2329614023669,-0.0579439404734501,0.32163852430633,-0.180046676263468,0.857115924546296,0.963454671537839
ZC3HAV1,5.98753520303376,1.28368799226758,0.350641222393713,3.62846605879276,0.000285110224255758,0.00474943107747566
C7orf55,3.37096886769326,-0.364298155626947,0.397785504279768,-0.914048272453084,0.360691481223382,0.742491576501798
C7orf55-LUC7L2,7.15873618969008,-0.1016086756397,0.289894364329043,-0.350197850918475,0.726190219496112,0.923795387971854
HIPK2,1.88371061878788,0.193455660733889,0.514147330253458,0.374814144370618,0.707798694195664,0.918571726065125
TBXAS1,1.5910183923702,0.21813822283906,0.53330822111778,0.409982814830961,0.681818553998795,NA
PARP12,8.70592729060579,2.33704066123179,0.32589043603086,6.98903055543197,2.76792140727015e-12,1.3745602158368e-10
KDM7A,5.84213851044881,-0.62819935327331,0.343234341182073,-1.83074026462462,0.0671393201546379,0.323443674866964
JHDM1D-AS1,0.966419426006334,-0.480691865511118,0.633662938189683,-0.764558858698063,0.44453427546644,NA
MKRN1,14.0508492447836,0.993198000223362,0.239643354535976,4.13672339326616,3.52300363998407e-05,0.000747785933906297
ADCK2,0.264106386531997,-0.313595405589079,0.668595605365439,-0.467866253789526,0.639880237439738,NA
NDUFB2,36.1092269291906,0.128014373156398,0.14468243117997,0.884700410062425,0.376318234467739,0.74850436218355
BRAF,1.26959518400837,0.249371481683433,0.542554273461833,0.457731823517634,0.647145121758524,NA
MRPS33,5.61721509826441,-0.185898595310454,0.351675925061524,-0.528859691189109,0.596902786090602,0.877221636230693
SSBP1_ENSG00000106028,25.4635940342059,0.378404497445992,0.169889868885798,2.22689091199083,0.0259545653733527,0.178828314300168
CLEC5A_ENSG00000258227,0.345321770039077,-0.824788326656346,0.667809767710509,-1.25737868636438,0.208616543277892,NA
EPHB6_ENSG00000106123,0.393627865380076,0.362845583658244,0.661279258768763,0.545832073577422,0.585181373918359,NA
GSTK1,10.6407976420661,-0.288139680715314,0.26180990242624,-1.09994552222834,0.271355858806281,0.657765547730962
AC093673.5,4.20293076299572,-0.617064452586575,0.42557152425994,-1.44443716036719,0.148616044109319,0.503744273143243
ZYX,4.48044158313117,-0.0678160595176939,0.391503568616334,-0.172971750003288,0.862673633120942,0.96619977318802
CUL1,3.2325615294735,-0.218896476753776,0.430697522757335,-0.507527498060862,0.611784747313786,0.880807752308066
PDIA4,11.9262640912515,0.487686024580443,0.265514099059745,1.83550795750339,0.0664304611275907,0.322592202376049
ZNF467,0.246963562690979,0.0772578304942429,0.659058647023961,0.126903844845503,0.899016503501423,NA
ATP6V0E2,1.17911251398537,-0.74421309419408,0.5894985782168,-1.24437463608205,0.213361713400578,NA
REPIN1,6.59546028321297,-1.05814738006653,0.335443172229077,-3.14744829687911,0.0016470223107096,0.0221171567438147
ZNF775,3.4975957512956,-0.0820451957802196,0.388627776365438,-0.211123731740026,0.832790722328556,0.957990522496519
LINC00996,17.5637236077626,-1.03646683726812,0.301583986247614,-3.4364488548193,0.00058939362286062,0.00909843997283961
GIMAP8,1.01848124856366,-0.636834007157584,0.592866370092611,-1.06485566377651,0.286941251072924,NA
GIMAP7,113.130591407022,0.267429199356507,0.140752092506047,1.89959675526709,0.0574860583712907,0.294987240620514
GIMAP4,30.6858632290214,0.694807428735924,0.228738028851224,3.03408776601046,0.00241264230431565,0.0301666249166688
GIMAP6,5.58230514205663,0.388355458112644,0.342175657870473,1.13264302679117,0.257364192096036,0.645433590849705
GIMAP2,15.7477286219288,0.625373906234893,0.237298593127097,2.6320699147885,0.00848663966897537,0.0793493272069029
GIMAP1,16.2130103478866,-0.105027112209987,0.228847273060923,-0.458901342283668,0.646305014821805,0.898613206027993
GIMAP5,31.8328974333215,-0.0671511641657478,0.195832568530027,-0.342937022085662,0.731645839153057,0.925275128253895
TMEM176B,0.325740363767061,0.173800663176095,0.662670947280798,0.297223284368032,0.766296046328912,NA
TMEM176A,0.151345227199111,-0.204049157671905,0.622317671832795,-0.345182932522934,0.729956849001217,NA
ABCB8,1.46516139365107,0.329931245015407,0.537724848801621,0.613742884246888,0.539385245203226,NA
SLC4A2,1.08389242423978,0.99529515150217,0.575487823822484,1.69734699129536,0.0896310779976651,NA
FASTK,5.27130223428221,0.260198356148824,0.342763080117999,0.759031541382073,0.447833688991197,0.798831858897212
TMUB1,6.56058164589527,0.504789069441281,0.338860036127031,1.48958197297183,0.136334184882186,0.48004224028082
ABCF2,2.85107643755561,-0.200310829368363,0.434663387756649,-0.460925194043945,0.644852275569976,0.897778994604696
CHPF2,1.62261255215608,-0.00632512277177182,0.543982582970088,-0.011613736897506,0.990733786939469,NA
NUB1,25.1812560131181,1.69280721660285,0.201016700132141,8.38968682824668,4.87438882624015e-17,3.89815318456535e-15
RHEB,16.6077808827852,0.441601560301712,0.26216437678628,1.6830997786607,0.0923557773405075,0.391122292361439
PRKAG2,5.46266711347371,0.635740605792916,0.34624222237076,1.83085073381625,0.0671228254525825,0.323443674866964
GALNT11,7.88992339314313,-0.800669145193047,0.337103822640089,-2.37848352945139,0.0173840135253057,0.133981621079369
KMT2C,2.35987663602518,-0.630782581903365,0.518315565929104,-1.21460000059151,0.224518688647249,0.608248256979286
LINC01003,1.86638668714743,-0.49372002352081,0.542109322675161,-0.912807461059597,0.36134381359016,0.742491576501798
PAXIP1-AS1,1.95580049885158,-0.123767402058788,0.49825832124447,-0.247892603889915,0.804217502582987,0.948768259507023
INSIG1,7.04611455803571,-0.266005918812194,0.309454445783515,-0.860239409554773,0.389657084806198,0.757125460321857
RBM33,1.8149139317179,0.230127282984671,0.492195010611186,0.466357502716204,0.640959625235491,0.895675993427031
NOM1,1.45378464834301,-0.280896288037128,0.550826662346082,-0.511944828217788,0.608689623083806,NA
DNAJB6,61.5320722610661,0.263359917209306,0.128770330378456,2.04518006687039,0.0408371089074193,0.241214801864603
IL3RA,0.0285971629912991,0.00708335167592634,0.490601629230456,0.0144345705803502,0.988483278924753,NA
SLC25A6,1.67185163890628,-1.44963800381871,0.542570319718737,-2.62864934566975,0.0085724704646351,0.0799290698240705
CD99,2.01053627231767,0.230700676305161,0.487913876338874,0.471650430701358,0.637176324029039,0.89377494582848
PRKX,17.9663183961422,-0.290596213682458,0.257002818314914,-1.13152301741254,0.25783502111716,0.645593028542067
PNPLA4,1.69573061604326,0.852577535772273,0.536706527071694,1.57433635774773,0.115409708558539,0.440229496994312
TBL1X,2.04719045754443,-0.615901478919364,0.576561999878292,-1.10002647824218,0.27132058537537,0.657765547730962
HCCS,4.97521201310461,0.0799895777344331,0.360542760543674,0.22192714443731,0.824370599176149,0.956044686949383
MSL3,9.72904813314378,0.535806341458737,0.269926135995517,1.98225883231094,0.0474502790561971,0.262096819466759
PRPS2,1.85315178275213,-0.237740022517376,0.568248169021944,-0.424668383525657,0.671078434789471,0.908251025904242
TLR7,0.0305280293728902,0.00708335167592633,0.490601629230456,0.0144345705803501,0.988483278924753,NA
TMSB4X,4872.83624460838,0.093014693215019,0.0615848455419483,1.51034778681302,0.130954704142132,0.469901542334141
RAB9A,6.38207326158355,-0.0573662488871318,0.313892006361384,-0.182726662586803,0.855012494248309,0.962578178993572
TRAPPC2,3.18024343108037,-0.288829841687114,0.555446292999292,-0.521269319875552,0.60217917029179,0.877505019104904
OFD1,9.99400374371561,0.48535880252682,0.325087325667889,1.49267749622427,0.135521626775345,0.478140645673872
GPM6B,2.54174576635634,0.293079989305212,0.515088610073365,0.573751554558637,0.56613593593473,0.863252781008572
GEMIN8,2.20042019490676,-0.455234043956507,0.486124916319652,-0.936585614429606,0.348971754601937,0.72991339016124
MOSPD2,1.02166877558116,0.348348608026851,0.61443350900776,0.553585231553879,0.579862735472265,NA
ZRSR2,4.42393952946899,1.27581976931201,0.403875951899849,3.12097977717785,0.00180250411957141,0.0236029395159799
AP1S2,12.5742775701199,-0.266424462204497,0.267094624845329,-0.9977526268715,0.318399326988366,0.704310287739639
SYAP1,11.9122643813491,-0.340729449625452,0.278846566586426,-1.22314343257645,0.221275526606374,0.60477381726685
TXLNG,1.53883863280316,-0.432382259801628,0.530799546919389,-0.813737220044575,0.415795506888294,NA
RBBP7,13.243318517252,-0.150476087520779,0.259706571770153,-0.579631940578206,0.562162848796399,0.862245115403335
SCML1,1.22179697101357,0.662897232484593,0.604333062770244,1.09987573219261,0.271386269618143,NA
PDHA1,8.23163287363387,0.0113982941705304,0.29836257470613,0.0381990786242545,0.969528955512633,0.993498232785381
SH3KBP1,8.31890160080629,0.121369676904372,0.317982653748036,0.381426320910329,0.702886933307979,0.917215665787009
EIF1AX,12.3520485286525,-0.579459572935817,0.312510430768826,-1.85896069118397,0.063032710380485,0.313022818342333
RPS6KA3,1.92396025834998,-0.0779410553474183,0.47534100189501,-0.163626966298279,0.870024814778298,0.967413325623816
SMS,5.41873590635864,0.00468796724611711,0.406845515016708,0.0115233995892937,0.99080586085988,0.998000298526934
PRDX4,8.96696211604933,0.542504344034278,0.300861253801316,1.80308595990189,0.0713747157855215,0.335197085265178
ACOT9,2.3483962186809,1.19024036510275,0.470692951907543,2.48526030770854,0.0129456733857063,0.107655647239112
SAT1,122.112965008545,3.01458491225695,0.1733070855623,17.3375123101281,2.45118420725984e-67,1.29030336670158e-64
APOO,1.39711365958939,-0.186322188996217,0.565232147528856,-0.330173689744726,0.741268725674341,NA
EIF2S3,4.49970317537389,-0.0391000912699175,0.370765123339919,-0.105448310407181,0.916020083548817,0.98215975713048
ZFX,2.06839289834744,-0.0652038121980667,0.483315251493313,-0.134487617557793,0.893017001896412,0.97507602115385
PDK3,3.63290678716816,-0.23205673098612,0.387667770185003,-0.597959180264749,0.549867170304174,0.853145895522196
CXorf21,2.52852405703386,1.79150552367177,0.508225914203647,3.40473498869614,0.000662282914826588,0.0101050935178178
GK,0.726023065232451,0.347062864497588,0.647256453786066,0.547885453600254,0.58377055758376,NA
CYBB_ENSG00000165168,0.588702321578243,0.647611363639083,0.664037420086497,0.969499669419764,0.332295945076047,NA
DYNLT3,5.60257693814882,0.580547480833434,0.375874668793297,1.54279366502216,0.122880847033351,0.454883810677607
MID1IP1,3.13018895683506,0.387780613251186,0.454313810098643,0.853297631738003,0.393494273070914,0.758892262065204
ATP6AP2,22.2391702654771,-0.0736620283118029,0.18996796248443,-0.38777716923856,0.698180942376884,0.917214265271815
CXorf38,3.38703042154745,0.253719335211395,0.425394753233736,0.593495817529849,0.552849381220822,0.854684036048871
USP9X,1.56971666493351,-0.152427740417516,0.538887394033358,-0.283549111665774,0.776755939973555,NA
DDX3X,11.0591965998058,0.278887457972451,0.237902098056675,1.1716880316507,0.241322329882672,0.626809559470412
GPR82,1.42481305344434,0.116401086105723,0.631687128559503,0.182684455223537,0.855045613431843,NA
FUNDC1,5.78681322307228,0.763223830844975,0.417408388304789,1.82675318976792,0.0677368869245866,0.323857377630358
KDM6A,0.88914753784562,0.263834352192891,0.618422517604105,0.422422711476889,0.672716503429755,NA
KRBOX4,2.36468041133935,-0.414445792872385,0.536190882955588,-0.785895484056483,0.431928720449627,0.786075117995112
CHST7,0.900164345731767,-0.303537519831371,0.597909644800019,-0.500763241729685,0.616537758138875,NA
RP2_ENSG00000102218,0.952438320584514,1.04182949696407,0.611288141872033,1.7002512312337,0.0890836794760542,NA
NDUFB11_ENSG00000147123,30.4969263166763,-0.0727818604569817,0.165165157148089,-0.440703802970054,0.659427443070441,0.90411351769982
RBM10_ENSG00000182872,3.69769774108963,0.248523283601303,0.389754362054202,0.636739115217269,0.524294790507844,0.845294878172523
UBA1_ENSG00000130985,2.3832502978332,-0.0354222208798244,0.47895808404056,-0.0737116874021415,0.9412397988883,0.987648233164879
USP11,4.23672800185051,0.0896445002899147,0.377450296768765,0.237455633953168,0.812303333951682,0.95063330273134
ARAF,3.91064303798657,0.362901745459673,0.370129090292836,0.979300050117726,0.327431745702938,0.710584304560553
TIMP1,45.4946984948172,-0.630085579385889,0.270386187245414,-2.32995373369984,0.0198085965615554,0.148324967709854
CFP,0.71737341416149,0.782719746634979,0.626660567381898,1.23916451675915,0.215284578240504,NA
UXT,19.4502700433773,-0.111168623957526,0.201022188454488,-0.553066428862616,0.580217923584337,0.871435341426759
SLC38A5_ENSG00000017483,7.85767848693886,2.3322111435498,0.358799694712539,6.32106526006143,2.59766284120374e-10,1.15882179627936e-08
FTSJ1_ENSG00000068438,1.42687029592613,-0.620636116633498,0.543946365347028,-1.13104645163588,0.258035540683466,NA
EBP_ENSG00000147155,6.16699418775486,-0.239663437344187,0.314375023326806,-0.762437498648158,0.445798932860417,0.797702970795273
RBM3_ENSG00000102317,11.9755287131707,-0.50537401284435,0.246484728508852,-2.05034497199712,0.0403307789524657,0.241197890333789
WDR13_ENSG00000101940,4.4788387228664,-0.127101175781638,0.367214188656242,-0.34658650349135,0.728901986806927,0.924341136726491
WAS_ENSG00000015285,8.44266602508733,0.0872244480377825,0.288413358991739,0.302481798021578,0.762284807064778,0.936140542075212
HDAC6_ENSG00000094631,0.851337310459785,0.0875782972455658,0.625656319065212,0.140955605960776,0.887905013409745,NA
PCSK1N_ENSG00000102109,0.49082755232374,-0.288660036454409,0.668321632975048,-0.437871170071314,0.661479675645783,NA
TIMM17B_ENSG00000126768,8.55838401678988,0.0474298636523111,0.276317700924497,0.171689833400659,0.863681378899333,0.966292154791287
PQBP1_ENSG00000102103,9.23293538374952,-0.318127329549332,0.283271066341836,-1.12200408344645,0.261860703691072,0.650819048267141
SLC35A2_ENSG00000102100,1.4056888488703,-0.564761460914606,0.559755800049444,-1.00859242365557,0.313170142325556,NA
PIM2_ENSG00000102096,5.4812585169266,1.22984997228661,0.388464520094483,3.14623460400085,0.0016538728446242,0.0221526377966967
OTUD5_ENSG00000068308,1.5799714101684,0.0495763690568356,0.574593149317344,0.0850234438190433,0.932242752719624,NA
GRIPAP1,3.41772328326114,0.242500081255794,0.394978053941711,0.613852777990446,0.53931261733634,0.851256856869114
TFE3_ENSG00000068323,0.703042280172076,0.259815585881705,0.668363245455846,0.431323209844413,0.666233376419412,NA
PRAF2,3.57706396445272,0.199843299390426,0.404535417839391,0.492696494135137,0.622227055198993,0.884288125963148
WDR45_ENSG00000196998,9.17017246625631,0.0471011318636076,0.291661233166799,0.161281309064653,0.871871843743811,0.967909097660163
GPKOW_ENSG00000068394,2.94446186275767,0.976749989967216,0.440195506251515,2.19693726829007,0.0280249267324978,0.188427001387351
PLP2_ENSG00000102007,31.7846808392578,-0.522522185403185,0.201493134913413,-2.59329267632959,0.00950618347175865,0.0859803261088274
CCDC22_ENSG00000101997,1.41039124771013,-0.966759485284729,0.590239548221125,-1.63050572431232,0.102994656364459,NA
GSPT2_ENSG00000189369,0.869226611289833,-0.338912124488963,0.626773186720845,-0.534570790835725,0.59294668601143,NA
TSPYL2_ENSG00000184205,3.64115085524406,-0.2359767763471,0.481304844695912,-0.491633808226133,0.622978238878944,0.884639182481457
IQSEC2_ENSG00000124313,0.143087664918672,-0.134117397794681,0.5329202300512,-0.268024492729284,0.788680465778222,NA
SMC1A_ENSG00000072501,3.8506585350381,0.388319859558209,0.431580586800808,0.902016759650967,0.367047964867955,0.742491576501798
HSD17B10_ENSG00000072506,12.9409018655809,0.0292249158515684,0.256234308692259,0.114065005860284,0.909186262403504,0.979925570289116
TSR2,9.97807081470782,0.0669741172990035,0.261964511352139,0.255580107522941,0.798275080250507,0.947331951222146
MAGED2,26.3082075885499,-0.251472846002492,0.176068291936969,-1.42826782739313,0.153214784357026,0.510099972831695
APEX2,2.72270421927119,-0.286332355705865,0.4317417338401,-0.662676781002562,0.507537583595428,0.836467701955646
ALAS2,0.430888311251078,-0.0389707552275732,0.500001373190429,0.747844496524865,0.454553959233415,NA
FAM104B,2.7649874453563,-0.538447249187335,0.459012732913467,-1.17355030154335,0.240575197609732,0.625994977863386
MAGEH1,3.19579622404645,-0.548859729296165,0.452655948517957,-1.21176690833628,0.225601618877062,0.609968915700826
UBQLN2,6.10056066812638,0.465786397882776,0.325205077043316,1.43121610870092,0.152368288209959,0.50860283394878
FAAH2,0.256745959478927,0.475591285952473,0.667227297578093,0.736451557761189,0.461455937857129,NA
ARHGEF9_ENSG00000131089,1.65803627862634,0.142123639109583,0.554827537100676,0.256016000710739,0.797938482180171,0.947331951222146
LAS1L,2.50401061267642,0.0467991278432643,0.476400576347774,0.0982426057908662,0.921739651547528,0.983880196974474
MSN,29.669189215112,0.064609582910608,0.159700451961706,0.404541485636277,0.685814577560454,0.914260278905739
YIPF6,5.14418555828897,0.0232900778882793,0.346491736117566,0.0672273233320856,0.946400733450471,0.987648233164879
PJA1,1.21767108505934,-0.476983354626967,0.595278834231918,-0.796797315200028,0.425568754622455,NA
IGBP1,11.8487985264277,-0.138204671477711,0.240160404380432,-0.575332797979829,0.565066243958464,0.862676539500392
PDZD11,5.32216103476474,-0.163382209351903,0.3589755035216,-0.454864414647865,0.649206785252955,0.899773066815952
SNX12,1.7718166350538,-0.109850938584322,0.510712592090676,-0.215443025715121,0.829421927836899,0.956224092471219
IL2RG,83.7262667454596,0.0442454548872344,0.117299724677795,0.377176738642128,0.706042265768433,0.917872019899102
NONO,5.43078857451203,0.197300716701596,0.353273765943275,0.558380631374203,0.576584495898636,0.868555268870245
OGT,2.06717238070379,0.297172186003104,0.492620671496134,0.599196153792087,0.549042087321631,0.853145895522196
CXCR3,37.124383094402,-0.780925002066377,0.263168706395084,-2.96856206275615,0.00299196675178758,0.0356328347995698
PIN4,9.02206291066887,-0.202372170883406,0.282679274252273,-0.71517449838623,0.474501224780176,0.8168221086443
RPS4X,590.469567733886,-0.232679784878171,0.105911675603863,-2.19689703661843,0.0280278005483085,0.188427001387351
HDAC8_ENSG00000147099,2.30027816451224,0.246739129585574,0.480020915318257,0.515425101752255,0.606255995330255,0.877703949235001
XIST,6.92659954042411,0.265475732434345,0.325616840003907,0.815401344147356,0.414842615193633,0.773168428452837
JPX,4.74453332493104,-0.247672279807021,0.365025975730041,-0.678179182815007,0.497658089922683,0.831916756134809
RLIM,0.705431765264967,-0.0683057576841746,0.640206401281254,-0.108927482611096,0.913260008366679,NA
ABCB7,1.26781233466821,-0.163075989280738,0.579430675922293,-0.279163565080866,0.780119303361725,NA
UPRT,0.818155246621724,-0.0438378927026201,0.593493883222487,-0.0730564728154332,0.941761178716628,NA
PBDC1_ENSG00000102390,6.11899967038952,-0.12843588379999,0.315582695229545,-0.406708664168654,0.684221976225269,0.913172088931432
ATRX_ENSG00000085224,11.308746645791,-0.659933084714873,0.241384180260918,-2.73242994280747,0.00628690402686712,0.0637654389160473
MAGT1_ENSG00000102158,3.06889017891539,0.522561909155985,0.413785243551876,1.25903817484812,0.208016543563996,0.589025866229625
COX7B_ENSG00000131174,19.7709424072646,0.0573846079071101,0.202247534642792,0.283813490027904,0.776553315907373,0.943045469032789
PGK1_ENSG00000102144,51.0525727393486,-0.296441854955936,0.157730847709601,-1.87986417680775,0.0601265912392661,0.304625963699227
TAF9B_ENSG00000187325,0.776706261706292,0.337965489610822,0.615563424606306,0.543054862223978,0.587092029444067,NA
CYSLTR1,1.45861127021086,0.0684256292791789,0.536002717500174,0.128081611149165,0.898084388356421,NA
P2RY10,7.02196216693122,0.128973258880931,0.308577454322354,0.417745228982473,0.676133399859,0.910296450284827
ITM2A,22.4709660005322,-1.15301531440945,0.232049054505807,-4.96310697120432,6.93743474175161e-07,1.95286933051233e-05
SH3BGRL,22.0249654267983,0.445543927274302,0.195258437271942,2.28067318748539,0.0225677929143459,0.163632041186111
CHM,0.727804769595747,0.73975704425273,0.641974388088836,1.14270774595577,0.253159952668619,NA
CSTF2,2.04540838974959,0.232120169692374,0.522622108657849,0.44703678642783,0.654848499400869,0.901783132114469
TRMT2B,1.04124735981321,-0.863452867261859,0.571770984400465,-1.48816982059301,0.136706114024948,NA
TIMM8A_ENSG00000126953,1.07088070431847,0.0730874817954793,0.623791041044017,0.11810490094762,0.905984540239028,NA
BTK_ENSG00000010671,0.109710801275655,-0.0735576915387341,0.558369580270627,-0.144421151140513,0.885167915697986,NA
RPL36A_ENSG00000241343,37.4381820515394,0.200165934128773,0.165279474880208,1.21089318672787,0.225936344185034,0.610225200507964
GLA_ENSG00000102393,2.98463294900969,0.117197513357816,0.435445712258315,0.269346357701163,0.787663161516676,0.947283457256016
HNRNPH2_ENSG00000126945,13.917887966438,0.0769972007273991,0.232292195683684,0.331559990291859,0.74022153517266,0.928435782623912
ARMCX1_ENSG00000126947,0.0577568968975566,-0.0491216262106038,0.492276858695349,-0.0992041998932393,0.92097614027816,NA
ARMCX3_ENSG00000102401,5.86492906112414,0.23389403270606,0.319251617848711,0.732766567268113,0.463700815674244,0.812268979909632
BEX5_ENSG00000184515,0.956805120790405,0.737667585284436,0.620814374586115,1.17242875495137,0.241024960416538,NA
BEX4,10.9145673061719,-0.232786556676235,0.266269634865356,-0.874331790142715,0.381937591651489,0.751394827043282
TCEAL8,8.047281536772,-0.292981845942537,0.30790369083703,-0.950150196428957,0.342035940535684,0.725707929051279
BEX2,3.77213584494814,-0.641189758194855,0.413514666955633,-1.55038442143235,0.121049275426156,0.452513534890417
WBP5,0.0610560587457804,0.0664848774779477,0.490758375940275,0.136966330873833,0.891057408322151,NA
NGFRAP1,2.03582236977096,-0.177300737291585,0.53542401368569,-0.332272307383016,0.739683648641854,0.928396453612475
TCEAL4,1.19131694978271,-0.361717127103671,0.559953636357138,-0.643741414734427,0.51974312941857,NA
TCEAL3,2.12793211563819,0.109613021952954,0.480316195680869,0.227536713721006,0.820006424374568,0.954173231789709
MORF4L2,12.4747819271359,0.426643120503661,0.253098164735909,1.685651680742,0.0918629087337578,0.390602868800082
RBM41,1.14214738148724,0.250242921126962,0.625147596508136,0.397718463151749,0.690837726143083,NA
PRPS1,5.06678273757872,-0.140249524754343,0.358956468898514,-0.391124646264999,0.695705103739149,0.917152934155492
TSC22D3,16.2856263679469,-0.58531907329268,0.265460145868404,-2.2050530002563,0.027450375608375,0.186450035099982
PSMD10,1.4421932427532,0.0740593019918006,0.566153691431023,0.130200157695778,0.89640806981957,NA
ATG4A,2.7368827951032,0.145116708198758,0.496509972610605,0.293993204967312,0.768763095706687,0.939299018640169
NXT2,0.41209310140081,-0.0913692413152718,0.667914893883159,-0.14557631631624,0.88425586562008,NA
ACSL4,1.01041007260844,0.772855237611221,0.599314883339531,1.27826116416716,0.201157356286105,NA
TMEM164,0.112006581089344,-0.193136582338654,0.601443478416497,-0.329731563979148,0.741602801720851,NA
ALG13,3.98875515370304,-0.0607019779749513,0.42729635261184,-0.142399837105942,0.886764191045723,0.972906648093304
DOCK11,1.29685297069406,0.294714382962856,0.548600918504736,0.536807524289006,0.591400573715892,NA
IL13RA1,0.156555851959894,-0.174839040453932,0.643956368763146,-0.269799513084474,0.787314497438536,NA
PGRMC1,2.12191933704406,-0.0458493861255796,0.463003613707805,-0.0989315824914372,0.92119259270252,0.983880196974474
SLC25A5,32.4167982321951,-0.24659603957958,0.162403099363829,-1.51854372172984,0.128877386251407,0.46530216819438
UBE2A,12.5489603646167,0.443476540679083,0.256462113777357,1.72848539361707,0.0839012374891174,0.373335683975244
NKRF,0.677808669283279,-0.672863083790053,0.647736619407765,-1.04483121617192,0.296100984677974,NA
SEPT6,14.3353065657779,-0.51014832925851,0.250012876017751,-2.04085881104665,0.0412648628979227,0.242160800774432
RPL39,4.42226588220131,-0.541846512692912,0.347343582298498,-1.55861307922999,0.119087985512421,0.449698103111467
UPF3B,7.20193215822282,0.0888203061939431,0.342437187471115,0.25967942135223,0.795111067604059,0.947331951222146
RNF113A,5.83151739073009,-0.7457341684495,0.347427035914331,-2.13990316688157,0.0323625931341043,0.207499013712454
NDUFA1,18.5634656357863,0.447105018227538,0.211300967609775,2.11497318011344,0.0344322332339458,0.21577532826606
NKAP,6.86111797060514,-0.104210213192095,0.300079402008101,-0.347468096880939,0.728239682197292,0.924091400842208
LAMP2,6.13896440000283,0.519484029383769,0.315420056485307,1.64409284430191,0.100157025825047,0.409655465379215
MCTS1,5.30809259374525,-0.206162992444433,0.331297886404998,-0.621858056304226,0.534035207312473,0.85016340257905
C1GALT1C1,5.66230228440971,0.385417605700394,0.362463096928324,1.06298292341246,0.287789695517326,0.674639749176109
THOC2,7.16876532302481,0.432388258969922,0.306363010145613,1.41003522381963,0.158529282380988,0.517395283753764
XIAP,2.819450079294,0.91951183011086,0.483930544790835,1.87743783247955,0.0604581103579056,0.305423697623815
STAG2,9.22127827160405,0.00908741160438585,0.28340898741649,0.0320855264564623,0.974403845682949,0.99454321103772
SH2D1A,8.08067965052785,-0.449020264055127,0.283267602304173,-1.58515907881649,0.112930195368119,0.437106285601306
SASH3,4.94496267977461,-0.763492397469574,0.352381715243826,-2.16072974346816,0.0307162219213419,0.200608178900675
UTP14A,0.901448091262638,-1.17200523828472,0.608760973061913,-1.89872527558264,0.0576006064919269,NA
ELF4,0.637320496745696,-0.359639559580706,0.656119811188824,-0.565106301114503,0.572001462896173,NA
RAB33A,4.89726758690309,-0.519171229787439,0.372702768147481,-1.39288636941822,0.163654154902873,0.526574249027337
RBMX2,3.83418922036572,0.057748508676822,0.38585853011143,0.149601828216006,0.881078765710432,0.97090195158043
RAP2C,2.62248102508007,0.147585837590583,0.459900068255025,0.321313705132821,0.747972671439434,0.930522054480264
PHF6,1.06005278918453,0.770362660714467,0.605291875770203,1.26439970870333,0.206086597389843,NA
HPRT1,5.60625854752812,-0.023036469810701,0.329183527121064,-0.0699818676166656,0.94420809179472,0.987648233164879
FAM122B,1.16469248951853,-0.707802088783431,0.576160476257772,-1.22269992510788,0.221443055289109,NA
FAM127A,2.85073260916325,-0.473145894740908,0.505745703580619,-0.943351267977645,0.345501260576693,0.729263509323934
FAM127B,1.28089883971149,0.557591831345273,0.576030519410828,0.963979441364007,0.335056233164626,NA
MAP7D3,1.56403051154891,-0.0299113600452328,0.506086475769231,-0.0589900513470553,0.952960032188451,NA
HTATSF1,8.06935106825104,0.458127247230788,0.312127219164661,1.46760145442473,0.142212512713317,0.49034755367722
CD40LG,0.519797105583277,0.0295071038995842,0.667739616692585,0.0457442332887594,0.963514107623737,NA
ARHGEF6,1.14100862265669,-0.25174549784352,0.595709557774724,-0.421847068566306,0.673136647310101,NA
RBMX,14.8241967872367,-0.228254401806053,0.222636457553822,-1.02538984876031,0.305179276067389,0.690358276415443
FMR1_ENSG00000102081,1.91200765044074,0.640130950353193,0.511816271007845,1.24244051057662,0.214074076750308,0.594203532583467
IDS_ENSG00000010404,12.7885733191829,-0.00367164694867302,0.244672218419462,-0.0150006179796766,0.988031687361903,0.997985096835567
CXorf40B_ENSG00000197021,3.54002666678904,0.00949685950926522,0.410955510643888,0.0231102328510123,0.981562343232309,0.995190338394101
HMGB3_ENSG00000029993,0.753111847037154,-0.751028379577711,0.623191272726583,-1.21039741624747,0.226126432866458,NA
VMA21,3.03974035616192,0.347291836893593,0.435726267472879,0.7931713253943,0.427678011536217,0.782515485827823
CETN2_ENSG00000147400,5.85167482826478,0.216922521292653,0.329703771655811,0.658138491575468,0.510449144129107,0.837594854954994
NSDHL_ENSG00000147383,1.93211252392637,-0.193381063541229,0.512596455237324,-0.377980145161636,0.705445343607504,0.917584454843069
FAM58A_ENSG00000147382,4.17502629579214,0.19059039497125,0.386188030473155,0.494051035645379,0.621270136856941,0.884288125963148
BCAP31_ENSG00000185825,19.7224391318763,-0.0251204311658014,0.229236605780477,-0.109503081317669,0.912803477929581,0.981200985965268
ABCD1_ENSG00000101986,0.176757445823231,0.486307885629477,0.651685308623242,0.750340342702819,0.453049751061582,NA
IDH3G_ENSG00000067829,7.84244066485152,-0.2686463327554,0.315908904044275,-0.850250056887262,0.395186076949792,0.758892262065204
SSR4_ENSG00000180879,50.7479855432667,0.357336351714635,0.157823368865746,2.26400868751713,0.0235735804587803,0.16860234719432
ARHGAP4_ENSG00000089820,1.24749979393976,-0.971433284906904,0.578822206482858,-1.65649994328992,0.097620616534411,NA
NAA10_ENSG00000102030,7.28154337264691,-0.402936522707343,0.302182014476203,-1.33264068289691,0.182649747680443,0.557049983655765
RENBP_ENSG00000102032,0.494125048173192,0.265963953086871,0.655817209994126,0.410649186366811,0.681329791639557,NA
HCFC1_ENSG00000172534,0.804874170110565,0.184765375828765,0.614944179544719,0.295139043519324,0.767887664997428,NA
TMEM187_ENSG00000177854,2.72120669660255,0.936494988942932,0.437966464831202,2.11573121363926,0.0343676742757969,0.21577532826606
IRAK1_ENSG00000184216,0.379198051256498,0.256135452876822,0.668596373321603,0.411269338775844,0.680875049675944,NA
MECP2_ENSG00000169057,4.37026443336559,-0.0394909833614222,0.357535709579698,-0.110204851491903,0.912246914778445,0.980930881938732
FLNA_ENSG00000196924,7.79149974507739,-0.131855212791994,0.286597560132721,-0.459938691025154,0.645560227512861,0.897814805185654
EMD_ENSG00000102119,7.49459744530738,-0.756781161845619,0.324279605484526,-2.33376473798442,0.0196080441513701,0.14703239944845
RPL10_ENSG00000147403,748.455649288973,-0.313096808075928,0.103475333815113,-3.02578478546968,0.00247988746518824,0.0308608217890092
TAZ_ENSG00000102125,0.442685278140391,-0.45063847233393,0.652943960090921,-0.676364570065396,0.498809206098857,NA
ATP6AP1_ENSG00000071553,5.53550997838381,-0.943915366453038,0.354647476875721,-2.65475245969981,0.00793666258700004,0.0748720284192979
GDI1_ENSG00000203879,2.74561255592916,-0.529572494508176,0.434035738342082,-1.21810981831638,0.223182243295743,0.607776165912464
FAM50A_ENSG00000071859,8.23943642031273,-0.512045646579334,0.283280173118915,-1.80754867092487,0.0706767731394503,0.333106852893015
LAGE3_ENSG00000196976,12.7849400005779,-0.815614386425286,0.244557804309399,-3.332324272543,0.000861238412777545,0.0126282980636797
UBL4A_ENSG00000102178,2.74033054651602,-0.821814735961265,0.453514978210829,-1.80483731636693,0.0711001430970509,0.334768473401499
SLC10A3_ENSG00000126903,1.87083523247685,0.236359340473789,0.5080371356923,0.464779266036841,0.642089537292342,0.896303188625533
FAM3A_ENSG00000071889,1.50067861016408,-0.118764173027679,0.521216642015171,-0.227929810780416,0.819700806980398,NA
G6PD_ENSG00000160211,6.92401467904409,0.115776824519123,0.317505529561924,0.36468719937692,0.715344914918692,0.920003819235767
DKC1_ENSG00000130826,4.86637513647972,0.0291935559745951,0.367719193471476,0.0794971401087427,0.936637206278175,0.987648233164879
MPP1_ENSG00000130830,0.968090164114407,-0.772785295072617,0.638507423188956,-1.24891579888941,0.211695872437956,NA
F8A1_ENSG00000197932,6.43884657427445,-0.499705546277292,0.312065983591278,-1.60109022713038,0.109356936461734,0.431849147437785
FUNDC2_ENSG00000165775,9.92535053154577,-0.309574045757045,0.269133192938516,-1.15014866932714,0.250082643695699,0.637888375915282
BRCC3_ENSG00000185515,1.19235753620333,-0.10375874843802,0.565078252950075,-0.182049527914112,0.855543857617902,NA
VBP1_ENSG00000155959,6.46172893372921,-0.00883156390812948,0.340310723177084,-0.025947692632731,0.979299059616969,0.994845147376504
RAB39B_ENSG00000155961,0.891576607044139,0.361440014837006,0.618397734285265,0.585452511459851,0.558243488938986,NA
CLIC2_ENSG00000155962,0.33702923881198,0.370272339103582,0.667933555734269,0.576058420539512,0.564575694599019,NA
FBXO25,2.71526994789024,-0.0855450290474804,0.496243723506244,-0.171149548059576,0.86410617686873,0.966292154791287
ERICH1,3.22077902921562,-0.260397680292769,0.451878084997583,-0.576499746795925,0.56427744095969,0.862630352249697
CLN8,2.46434053420089,-0.598463610450748,0.476808623535883,-1.25847317448882,0.208220682760699,0.589286921533504
CTD-2336O2.1,3.97354480083091,-0.70125249189985,0.377142855128066,-1.85491451000152,0.0636084355948731,0.314667835307747
MYOM2_ENSG00000036448,4.06366647280211,0.301792496582808,0.632605644956458,0.47910619408416,0.631863083456694,0.892201521275761
AGPAT5,1.87664525086513,-0.5969501331938,0.527739483639573,-1.12850567549929,0.259106421330668,0.647950689731418
DEFB1,0.451701126252771,1.1177813800227,0.66852934865851,1.70279029712609,0.0886073193028793,NA
SGK223,0.189999831624738,0.0106746469718621,0.663458287403333,0.0161649341743857,0.987102810281877,NA
CLDN23,0.154347229205075,0.28658763604806,0.577312423174683,0.488490696537195,0.625202313930307,NA
MFHAS1,0.26911954208283,0.0166962759809498,0.659884683352276,0.024386599003015,0.980544237594572,NA
TNKS,1.21139122142095,0.754593701516769,0.594133115454817,1.26011306719247,0.207628577025927,NA
MSRA,1.1753169962496,0.397119009415629,0.587410747117076,0.672678700575026,0.501151720943852,NA
PINX1,1.51683085597012,-0.685301017538639,0.555431741159363,-1.22823587665435,0.219358434493962,NA
MTMR9,2.28242015334748,-0.178782131034305,0.46978883394256,-0.380619080184597,0.703485921206934,0.917215665787009
BLK,0.134900124335744,-0.17701083455632,0.574055368881851,-0.346087592051861,0.729276888022798,NA
FDFT1,8.19009673222609,-0.21010705402026,0.316290215411113,-0.664373545171289,0.506451260413751,0.836247095948745
CTSB,7.85132775475097,-0.060090595941386,0.339339657270209,-0.177600101050077,0.859037045178338,0.965201922266546
MSR1,0.0277809403254875,0.00708335167592632,0.490601629230456,0.0144345705803501,0.988483278924753,NA
CNOT7,6.33379791816342,0.0760906100117541,0.336137618460315,0.226312604214293,0.820958295937736,0.954958258736473
VPS37A,3.40966526532026,0.355475597030794,0.419891801067354,0.846924624473877,0.397037136112775,0.759666107199476
PDGFRL,0,NA,NA,NA,NA,NA
PCM1,5.34214519181717,-0.437756410754151,0.341883890756346,-1.2791715582601,0.200836649111548,0.580861828098149
ASAH1,8.1049600656448,-0.474230816907439,0.300039835534366,-1.58082369021219,0.113918356223494,0.438188509612737
CSGALNACT1,1.07373329922655,-0.517958352117481,0.641837457894834,-0.82862924822108,0.407314232381358,NA
INTS10,4.96671102241747,-0.633569900778764,0.345654382987855,-1.82951437833233,0.0673225873465997,0.323443674866964
ATP6V1B2,6.42638644792334,0.770564168684727,0.353759906514701,2.17563928055624,0.0295822437354474,0.195329874600911
DOK2,17.6449930221791,-0.432151661321985,0.200686087219994,-2.15358756224406,0.0312725305277402,0.202982245003729
REEP4,5.5612648489029,-0.33563297868737,0.426099761119049,-0.7924029446852,0.428125762969838,0.782560209234082
POLR3D,1.59194199685972,0.474742372175209,0.536575745989222,0.876979911000843,0.380497549661023,NA
PPP3CC,4.42986097363724,-0.236303302366295,0.420991440574034,-0.562306383517217,0.573907289813114,0.868366764465718
PDLIM2,4.16224230923967,0.170238198183491,0.378912775227698,0.449293171147044,0.65322018331547,0.901783132114469
CCAR2,2.16784928178895,-0.016230093745468,0.573371035176345,-0.028309785207471,0.977415076261973,0.994844175048461
BIN3,3.26990411856515,-0.195120717023798,0.412942182840788,-0.470927106422815,0.637692790163139,0.89377494582848
TNFRSF10B,0.592526499711437,-0.173679797059863,0.657069140619815,-0.264075988409372,0.791721365803326,NA
CHMP7,2.0656096735229,0.00432479874382989,0.522058413087056,0.0082606424235177,0.993409035907316,0.998279102354645
R3HCC1,6.19664911478567,-0.227150799578436,0.362853570604736,-0.627447828971644,0.530365724156594,0.84858515865055
ENTPD4,1.43325938516097,-0.504298628414191,0.550126973980446,-0.910495436698214,0.362561287218577,NA
SLC25A37,1.33245247819337,-0.97291748057648,0.55009030499008,-1.74205655102836,0.0814985493482002,NA
ADAM28,2.06281993412165,0.593633405243298,0.502773720859588,1.17128653461091,0.241483622075607,0.626809559470412
ADAMDEC1,0.0849752663080857,0.130197180770897,0.529732867989741,0.236529728456485,0.813021641646949,NA
PPP2R2A,8.35736357777231,1.07166157495777,0.290929653687117,3.6678039248291,0.000244642671155366,0.00418116565247352
BNIP3L,11.205010764568,-0.263736946370483,0.26793540209808,-0.984949487695117,0.324648883226432,0.709950138586431
PTK2B,5.42307206594962,0.331074518238647,0.33309213521193,0.992548710787276,0.32092993006584,0.70723135566118
EPHX2,0.385750545990723,-0.0363749506244533,0.661326227797289,-0.0539695154327096,0.956959451991456,NA
CLU,2.9983246719145,0.10466647714083,0.470449275063326,0.223252371782759,0.823339093554193,0.955058833950919
CCDC25,3.57642238623457,0.525656507632316,0.403626182587762,1.29748848125103,0.19446316588854,0.573355982723231
HMBOX1,2.42153483631494,-0.382151644408156,0.477072070827782,-0.803386535605666,0.42175135488544,0.778435880826421
KIF13B,0.867196642100772,-0.00404910721658916,0.619882027329543,-0.00642232954022209,0.994875757641513,NA
DUSP4,15.8390864036972,0.0632407615633356,0.423878047797929,0.149336513456831,0.881288104725523,0.970929381179396
TMEM66,138.343592112333,-0.173110515686658,0.121685840241934,-1.42257988514504,0.154857978494508,0.511835705170274
RP11-489E7.4,0.785690370867731,0.119194437350137,0.630022409783005,0.191673274023058,0.847998142042028,NA
LEPROTL1,26.3817282351006,-0.169024473154545,0.202067622970894,-0.836747466837,0.402734531882269,0.762862387847521
RP11-51J9.5,1.36172306474018,0.89900298488453,0.611565218002565,1.48131335793472,0.138523090558618,NA
DCTN6,7.86147248268477,-0.275094379297761,0.273455910151265,-1.00572977111181,0.314545578050902,0.7028303657143
GTF2E2,5.15505287956371,0.441298909116427,0.353702362057909,1.24741090896968,0.212246868604813,0.592714862777579
GSR,0.340126369581994,0.507239847283548,0.668590453620361,0.77893735999916,0.436016614937186,NA
PPP2CB,1.0703380534979,-0.0662102970437576,0.590283096888054,-0.111134906182679,0.911509369048927,NA
NRG1,0,NA,NA,NA,NA,NA
TTI2,1.01531979001508,-0.0196516368507209,0.593752808676523,-0.0326502426578548,0.973953503319735,NA
PROSC,3.99922031224019,0.0721523313402171,0.37149164552924,0.194159837155056,0.846050729695861,0.960714774054481
BRF2,1.86719080683117,-0.0751435688175032,0.514826126928304,-0.145346653778264,0.884437181395848,0.972514791022268
RAB11FIP1,1.84130546890623,0.118925600436934,0.496390537077805,0.238633180755695,0.811390033785746,0.95063330273134
EIF4EBP1,19.366829391673,-0.76388245570861,0.211506176156122,-3.6110642976213,0.000304943042861663,0.00503203817436925
ASH2L,2.65436168955933,-0.296209559951966,0.454307097173403,-0.649255015682916,0.516173556784239,0.841740273516802
LSM1,15.7044693753542,0.0706934573674539,0.215875641027463,0.327458199752342,0.743321353469725,0.929390124184036
BAG4,1.35512695461708,-0.164324708040034,0.574821259221484,-0.28741665099256,0.773793313168076,NA
PPAPDC1B,6.18391452821717,0.617409064720362,0.323839871393037,1.90267089896025,0.0570835014806128,0.294307102638536
WHSC1L1,15.7334647623591,0.277524552693088,0.248850333735366,1.11523240054715,0.264750844950882,0.653681260704242
TACC1,3.89366875775155,-0.796428015640017,0.415822862040126,-1.9051929682121,0.0567549919288371,0.293475714649704
PLEKHA2,3.76460419252255,-0.0794831015324456,0.425901390253481,-0.186348898955492,0.852171163148427,0.962014600593541
TM2D2,7.83701612268219,-0.228825339965905,0.350739201001888,-0.654362419605056,0.512878340004075,0.840009826316568
ADAM9,0.480257729300354,-0.126284580389949,0.668563935343516,-0.204087145876137,0.838285399046696,NA
IDO1,6.33500251760039,3.25660872810673,0.597140929150052,5.1232222763724,3.00357920805961e-07,8.93267850351739e-06
GOLGA7,17.0954760637517,0.0817520107673835,0.206284205690517,0.396205463395319,0.691953461210157,0.91653641518341
AGPAT6,1.34536117168264,-0.00867357844628116,0.550118503659179,-0.0157082870261809,0.987467115722723,NA
KAT6A,3.76694925844964,-0.881198371281554,0.388349253467024,-2.26346552847198,0.0236070072606326,0.168612328656676
AP3M2,1.93336300041851,-0.334389962073998,0.487537819112307,-0.685348239891047,0.493124197801387,0.829595965876158
IKBKB,1.61623613232581,0.687584422304956,0.558882002501442,1.21248174628823,0.225328025811216,NA
POLB,1.4657901754848,-1.17602155826248,0.597494420073951,-1.95952127035885,0.0500517713786216,NA
VDAC3,16.2775095767817,-0.110107407281665,0.211232324262491,-0.52110605165781,0.60229289545638,0.877505019104904
SLC20A2,0.660437044621812,0.517353939438787,0.640940580103687,0.795439422278834,0.426357935738062,NA
SMIM19,9.6295748886014,-0.244792738552616,0.281204061976348,-0.870820431545851,0.383852207530971,0.751430869465124
THAP1,4.596977164806,-0.120710988402331,0.381023063607445,-0.317298404953863,0.751017187546671,0.932394923407
RNF170,2.98297658681335,0.0451442116370203,0.464148139520229,0.0974666433392672,0.92235582283603,0.983880196974474
HOOK3,4.17320505745563,-0.448736500209071,0.407585700317478,-1.1041611168431,0.269523253352965,0.657142383348775
FNTA,10.7085990690956,-0.110597040842812,0.289749898104159,-0.382361311904926,0.702193382797995,0.917215665787009
HGSNAT,7.61804006949405,0.564320243657421,0.369521961220111,1.52909402839448,0.126241135536693,0.461491342815057
CEBPD,28.230466538151,0.588788569390472,0.2104803704877,2.79643556777388,0.00516697124921333,0.0547262306958933
PRKDC,3.31002331278264,0.18522362091309,0.424002623991984,0.436390718753435,0.66255327171724,0.905851875245527
UBE2V2,9.96438488025312,0.13241342006407,0.259779664158511,0.509373542759112,0.610490417651834,0.880203111070734
PCMTD1,8.93264889697591,0.232582624552948,0.305545602634383,0.761968118895909,0.44607903217347,0.797702970795273
RB1CC1,4.92243664268516,-0.358489625114493,0.389342784367467,-0.921351442929498,0.356866971248577,0.738713227153956
ATP6V1H,5.93888312785253,-0.372279920436138,0.360645314340176,-1.03158310570425,0.3022674580531,0.687986393638582
TCEA1,8.1371118450799,-0.484757723784778,0.294253272547993,-1.64736929861741,0.0994821618534185,0.407845872271336
LYPLA1,6.9357054352641,-0.142945672017353,0.300370919174548,-0.475799850306665,0.634216976522978,0.892211981511767
MRPL15,4.68019239419536,-0.110081202552015,0.364270418320836,-0.302501238754738,0.762269989273084,0.936140542075212
TMEM68,1.38374165677257,0.398548955903852,0.558809562409014,0.705484601693693,0.480508711264765,NA
TGS1,3.47790173541158,0.233695742000939,0.415813120750812,0.561611952886314,0.574380434793486,0.868555268870245
LYN,3.70930310090419,-0.107253152030908,0.381166881030711,-0.281439774088956,0.778373115095406,0.943251117855734
RPS20,136.197580909694,0.0943086674930649,0.120790574573609,0.780731655877086,0.43496033806412,0.787897873217319
CHCHD7,5.26626705150772,0.00235952074653186,0.327780663673034,0.00719740375966832,0.99425735224304,0.998279102354645
UBXN2B,1.09160366866321,-0.00674566938760163,0.575358028285721,-0.0116590035523421,0.990697671819628,NA
SDCBP,28.0237313681653,0.180383599292747,0.168000657593195,1.07380915968455,0.282908223779243,0.67053453432068
NSMAF,1.71243807610164,-0.307237171227327,0.511420470773985,-0.599745791513796,0.548675665462888,0.853145895522196
RP11-25K19.1,3.1903526626153,0.26548331291005,0.426087005711172,0.622055190457129,0.533905578107978,0.85016340257905
RAB2A,16.4743698545164,0.0354629157074688,0.203914211786456,0.173879825838558,0.861959907748292,0.96619977318802
CHD7,0.397853016457867,0.0310227596868086,0.663073037522096,0.0465347252709963,0.962884057290923,NA
ASPH,0.443222387798093,0.00531845191761388,0.668529724909249,0.00853991756173087,0.993186214448848,NA
YTHDF3,1.42507689022372,1.19712864037976,0.578259730187523,2.04584088603371,0.0407720279253372,NA
ARMC1,2.37618528626079,-0.456944817861298,0.460623274308883,-0.991528693591688,0.321427488506271,0.707277299324274
PDE7A,1.66303516097143,0.278364990610904,0.530799621118456,0.519015415507034,0.603749991333048,0.877505019104904
RRS1,1.43369780044595,0.237111437877873,0.553200149960712,0.42767675866583,0.668886473035264,NA
VCPIP1,1.02552028386729,1.20762119742816,0.611948369697915,1.92328222379739,0.0544446158105177,NA
C8orf44,0.907947229811683,-0.77036993601623,0.620407422737517,-1.23277933950485,0.217658101575074,NA
SGK3,0.487592926502757,0.332548537505427,0.650110066429794,0.499553198348498,0.617389719324694,NA
COPS5,10.2881568200726,-0.215352647698088,0.245722985057804,-0.876446556668117,0.380787317947099,0.751133692257189
CSPP1,0.876794379441762,-0.597377748112267,0.5948706794514,-0.998544955661406,0.318015176417661,NA
TRAM1,27.666138613341,0.814953767911957,0.17636447240945,4.61748388408482,3.88420835969944e-06,9.6445626440839e-05
LACTB2,1.73133074071456,-0.354827515688655,0.512151944808271,-0.690059867087792,0.490156539910991,0.828309478681045
RP11-383H13.1,0.0610560587457804,0.0664848774779477,0.490758375940275,0.136966330873833,0.891057408322151,NA
MSC,0.153539223090541,0.021585581273301,0.62366537756482,0.0423425020723133,0.966225663896235,NA
TERF1,10.8988113008503,0.394605893679993,0.249833408920068,1.57820673619189,0.114518123226998,0.438963294430531
RPL7,480.110817659023,-0.52420254144096,0.0909927107331997,-5.76086515226216,8.36838785189245e-09,3.10219673608182e-07
STAU2,1.58644812891062,0.0409634974077488,0.511706329917819,0.0800016464063007,0.93623594652688,NA
UBE2W,2.2172467850212,-0.291827724248308,0.478317536281366,-0.6097203071652,0.542047100115431,0.851742070151531
TCEB1,12.5022805941144,0.255047592458721,0.233329597709226,1.09294709862659,0.274417027374485,0.660833342549618
TMEM70,7.00955610819921,0.142316795060766,0.313330251793397,0.45417460633082,0.649703158618434,0.899773066815952
PEX2,7.48165400221748,-0.497262186277037,0.313587947329674,-1.58468905744647,0.113036999292629,0.437198210342689
PKIA,1.12338979355467,-0.479360060976167,0.618376866703842,-0.780921959558246,0.434848395657432,NA
ZC2HC1A,0.137867153147378,-0.473264528316601,0.614936100875493,-0.738531631132026,0.460191453006262,NA
MRPS28,4.55372475139066,0.127880920026878,0.345549591730033,0.369584312656298,0.711692241452441,0.919123640580385
TPD52,2.64627132799692,0.724605802699754,0.48720556937791,1.47597479647295,0.139950658320261,0.486392232478915
PAG1,0.943446651288633,-0.137995190691258,0.583561454326399,-0.233822763351001,0.815122576777086,NA
FABP5,2.37663690162551,-0.181736464405175,0.533816195590101,-0.342335448198324,0.732098461544805,0.925275128253895
IMPA1,2.62320195872353,0.522754897076898,0.443094987001058,1.17394776515944,0.24041594866766,0.625994977863386
ZFAND1,3.10556547686638,-0.623357710557618,0.472975628126277,-1.31891818673617,0.187196465339245,0.564119744181139
SNX16,0.518945046677877,-0.240992480895056,0.651216539364166,-0.366768430456425,0.713791757881761,NA
LRRCC1,0.596796842398073,-0.420445635589781,0.641311295137589,-0.643041176744455,0.52019738169497,NA
C8orf59,4.25782386295101,0.15081887619312,0.374645395402934,0.402746442537907,0.687134764492801,0.914504337162199
CA1,0.207498709877297,0.241178600666198,0.630023740163306,0.397187163814544,0.691229447143962,NA
CA2,0.596741386584873,-0.349373430876139,0.643672948921046,-0.544618046947007,0.586016239998148,NA
RMDN1,1.61282970128148,0.0480156269547751,0.530605989572968,0.0907412447621516,0.927698197218085,NA
CPNE3,8.84766706608928,0.335979277605048,0.299474543847729,1.12067645052713,0.262425609803549,0.651060454773499
RIPK2,3.83343484355147,0.8877046468567,0.393681348654896,2.23993526382885,0.025095125883245,0.175290532133403
NBN,4.23448069904259,0.805557145904117,0.375391888541731,2.13352353514211,0.0328818031079582,0.209056386155464
DECR1,16.6425534196821,0.541718975150486,0.221119578362377,2.447834099787,0.0143717812628484,0.116568654187418
TMEM55A,0.275494254754263,-0.456964853657057,0.667156111028125,-0.722294567484309,0.470113392181135,NA
GS1-251I9.4,7.92572129287192,-0.367652073994235,0.29477056335387,-1.2475925302149,0.212180315391603,0.592714862777579
PDP1,0.750792811153282,-0.0513172591994706,0.623561624077899,-0.081671661857754,0.934907813617599,NA
GEM,0.747096961526751,0.228815120659071,0.64782918022523,0.354627976897908,0.722868314136957,NA
KIAA1429,0.933382295405145,0.00991756477882018,0.645752435389312,0.015386161367823,0.987724103750095,NA
INTS8,1.0763066308352,-0.562992813394672,0.565574825538321,-0.991565266096301,0.321409639949376,NA
NDUFAF6,3.54775244961317,-1.5191905945358,0.549788018029001,-2.75292967732637,0.00590645820071808,0.0606073995488888
PLEKHF2,4.1069929446112,0.609691192851227,0.383809122427888,1.5806460959864,0.113958979798601,0.438188509612737
UQCRB,32.3155280385582,-0.175629803150614,0.156861996023123,-1.11959766591222,0.262885250677134,0.651519754973838
MTERFD1,2.6834458257865,0.0300378374718888,0.460850471032969,0.0652630395843069,0.947964569719289,0.987648233164879
PTDSS1,2.69699337271711,-0.794010639261917,0.498413123775375,-1.59787131876868,0.110071618335268,0.433047084392265
SDC2,0,NA,NA,NA,NA,NA
CPQ,2.23607970508357,-0.379054881404451,0.550666745662718,-0.688728522468104,0.490994123556091,0.829299269321963
MTDH,19.8038105416825,-0.144326379940546,0.193726478517121,-0.744955808826041,0.456298435217594,0.80575476785824
RPL30,183.651722919542,0.100631103171872,0.112976530669409,0.890690999264797,0.373094964797362,0.745623346504675
HRSP12,1.10472539856799,0.0636783991118445,0.573828645898534,0.110186756362294,0.912261265208481,NA
COX6C,36.763038986146,0.0422525250518541,0.163886660332589,0.257782871018413,0.796574484771618,0.947331951222146
POLR2K,11.8624252137599,0.420778716639052,0.262274982789587,1.60328815662733,0.108871050029563,0.430576414241636
RNF19A,9.71180159212776,0.276713370381376,0.263264308457277,1.05097299847552,0.293270991316828,0.678711140652163
PABPC1,124.166643761043,-0.273654231566189,0.155498821083139,-1.75982682799402,0.0784371728348511,0.35655723471732
YWHAZ,12.3318520095265,0.171491373500968,0.245630706949279,0.698259440280241,0.485014959595148,0.824880686272317
ZNF706,21.3350012538174,-0.188896938919789,0.200274611975592,-0.94335333567835,0.345500203307782,0.729263509323934
UBR5,1.5604683585754,0.648995682458156,0.565225700066155,1.14558047812058,0.251968778603832,NA
KLF10,4.13228193457198,-0.0875805716964064,0.42341099507353,-0.206626940804536,0.836301218565218,0.959060926698885
AZIN1,4.75083262414193,0.242940997037136,0.380353637396973,0.639144389735746,0.522729004864481,0.84523873235709
ATP6V1C1,4.02770771307649,-0.2688207526253,0.416441591866603,-0.645467704719514,0.51862414036828,0.843124606207111
SLC25A32,1.34466131386814,0.290475287256954,0.574296843012701,0.508872358726881,0.610841695996361,NA
DCAF13,6.36437478695113,-0.277360365411813,0.329717919267328,-0.841022147166393,0.400335527321626,0.761028562274161
OXR1,0.872089450639964,0.244286405984365,0.633742199504967,0.387614790632531,0.698301121730781,NA
EIF3E,25.5833962172598,-0.168608587886088,0.18892421800947,-0.892486534179965,0.372132207247401,0.744547297206507
EMC2,3.90464187515144,0.484173960980607,0.36943858925973,1.30622945534425,0.191474538817238,0.570737243677204
NUDCD1,1.76971747595025,1.22432746789434,0.547491794240996,2.19998663058898,0.0278078435897719,0.187427002121075
ENY2,15.4291797863618,0.346206546804955,0.220253254007326,1.57103789564741,0.116173846652925,0.441544497314798
EBAG9,4.77843325717829,0.734591259634174,0.379961835681109,1.92332925056621,0.0544387133272377,0.285423692185836
TRPS1,0.203575946613352,-0.12682222606781,0.651862453641636,-0.189491497233807,0.849707618603308,NA
EIF3H,20.025377526017,-0.246162463097161,0.199915605343469,-1.23124125933383,0.218232644197475,0.600330633493452
UTP23,3.78499233142756,-0.392471841936599,0.374426092042212,-1.04728725342619,0.294967113171915,0.679767825889977
RAD21,9.41776590500249,-0.181448445211134,0.267544318278059,-0.678052944870225,0.497738124321359,0.831916756134809
MED30,6.23782867859636,0.201180535921676,0.326031361809721,0.616109098999172,0.537822517156162,0.850946116714769
EXT1,0.0303856221020249,-0.108552561287415,0.490601629230456,-0.227459181268804,0.820066706014333,NA
TAF2,1.09696859166527,0.672216551066207,0.590095445659756,1.13251954522254,0.257416071940729,NA
MRPL13,8.28337725237193,-0.0273689655802234,0.280500350403883,-0.0976219284556023,0.922232511284777,0.983880196974474
DERL1,17.8213346143924,0.638814616823666,0.210094182011021,3.03878643525994,0.00237533177086314,0.0298418769494596
C8orf76,4.41035762952865,0.144810027754791,0.369275742394891,0.391374006774465,0.695520802736317,0.917139655712419
FBXO32,2.21403852727083,-0.00370136408038792,0.466408787411667,-0.00791741035808348,0.993682886512264,0.998279102354645
FAM91A1,0.954409564894572,-0.655459416222151,0.634115439402,-1.04352195084008,0.296706619819782,NA
RNF139,3.75457464332497,0.076849178059213,0.400768589947096,0.191277663570865,0.848308059883242,0.960913700132607
TATDN1,1.79372083380099,0.315305812423195,0.522791631211687,0.603271865852504,0.546327845909023,0.853145895522196
NDUFB9,15.6273207771577,-0.406433296113512,0.220984865896507,-1.83868929189789,0.0659608992995474,0.321200900936927
MTSS1,6.96941763750175,-0.778477530070065,0.353732068877664,-2.20171866970144,0.027685187109461,0.186839519159234
SQLE,3.93148703918419,-0.225159231111842,0.4351755438419,-0.519793879675574,0.603207245571843,0.877505019104904
KIAA0196,0.59320273238856,-0.0562974541963646,0.644324877406995,-0.0873893717351529,0.930362017185256,NA
NSMCE2,3.41810235583154,0.113269257741182,0.415321991479976,0.272338279447902,0.785361925386252,0.946699343536392
TRIB1,0.311718535689166,0.32240454680564,0.66835991182227,0.520251847876571,0.602888052390666,NA
LINC00861,1.46995697023171,-0.342791367086204,0.529195238575828,-0.643352513983551,0.519995388451474,NA
MYC,5.20460528684684,1.18046366184211,0.484338129570723,2.43948939191455,0.0147080344928262,0.118203196290439
FAM49B,30.2948828011726,-0.274897508995644,0.174104488600054,-1.5788679275267,0.114366353885049,0.438963294430531
ASAP1,2.42013309527916,0.026978233809951,0.491377165142281,0.0552242786600131,0.955959786872723,0.988582238095375
EFR3A,5.01609711269676,0.180193932711665,0.342579133618368,0.525604066318133,0.59916333085716,0.877499567674755
TMEM71,7.07431644173631,-0.615663986981745,0.341958568590258,-1.79987909292705,0.0718797315684966,0.33684863358104
PHF20L1,7.52311156643293,-0.447241076563493,0.301562975817018,-1.48249555121788,0.138208486460339,0.484051545394029
SLA,13.0343524018023,0.440559027757358,0.278832681157679,1.57794857106416,0.114577425255994,0.438963294430531
NDRG1,1.10123272545063,-0.102293393723831,0.61018548508734,-0.168122295465234,0.866487069749157,NA
ST3GAL1,0.990983872840738,0.804099330758295,0.602699088557586,1.30955360478448,0.190346892358049,NA
CHRAC1,4.319476948917,0.554637215259443,0.389386333320235,1.42043597734706,0.155480795011486,0.512813850213322
CASC7,3.39102025395646,-0.509310216310829,0.400075160234487,-1.27075243200899,0.203816736134665,0.583447840645707
AGO2,2.66341423618183,-0.385794662555589,0.506427830573054,-0.767077585011197,0.44303538805672,0.796074358558884
DENND3,1.08202753040855,-0.707003492082324,0.586217765803356,-1.19581011838719,0.231770666439984,NA
LYPD2,0,NA,NA,NA,NA,NA
LY6E,199.825430999772,2.90928932959598,0.282197196353258,10.2881415089645,7.96997925006476e-25,9.32310461607575e-23
GLI4,1.30651712697268,-0.772790186818524,0.598855631368478,-1.28290321182311,0.199525987471732,NA
ZC3H3,1.06090725873187,-0.0896726552429779,0.566777255959825,-0.157363490313039,0.874958385429371,NA
RP11-661A12.5,0,NA,NA,NA,NA,NA
GSDMD,12.7472284100628,1.11288320918421,0.255576715279901,4.33979193332526,1.42617686920609e-05,0.000326408479978298
NAPRT1,3.03237315709969,-1.20775242773728,0.445853398084672,-2.69189126153188,0.00710481059143075,0.0698180150619178
EEF1D,182.006636802755,-0.233945511376525,0.0983392050333548,-2.37894178927088,0.0173624175267617,0.133981621079369
TSTA3,8.06975491642646,-0.178083010119656,0.312569306061824,-0.570239637970391,0.568515175070009,0.865432007394022
PUF60_ENSG00000179950,14.7277501024356,-0.238200239759287,0.215161354129912,-1.10698638787966,0.268299813598366,0.656287276385595
PLEC_ENSG00000178209,0.770718089773225,-0.383400236134904,0.635793641750724,-0.607212193742457,0.543710101012175,NA
PARP10_ENSG00000178685,8.14976617185985,1.67351387008418,0.307866100739918,5.3735132436366,7.72171310195538e-08,2.49368697967443e-06
GRINA_ENSG00000178719,2.63136472440964,0.127715217482979,0.472384181925628,0.271848028615382,0.785738873843179,0.946699343536392
EXOSC4_ENSG00000178896,2.39723586800455,-0.264560775951305,0.473015312391026,-0.5592827079209,0.575968794818462,0.868555268870245
GPAA1_ENSG00000197858,4.87433655974486,-0.427577293915277,0.358514956707203,-1.19000340003484,0.234045055695835,0.619068539340127
CYC1,19.6001965858044,-0.284896329013812,0.1906834098503,-1.49385568693959,0.135213342783255,0.478014127878479
SHARPIN,7.41603917151315,-0.254465250752908,0.309779297600364,-0.821786417296605,0.411198465485541,0.771004114590611
MAF1,13.1414261781846,-0.188147160472975,0.228657320976874,-0.82257113225949,0.410751920468429,0.771004114590611
MROH1_ENSG00000179832,0.69068336407549,-0.729441575964205,0.64576413413751,-1.14953483620482,0.250335510713112,NA
HSF1_ENSG00000185122,4.7372943703118,-0.343288235052544,0.378368100967298,-0.906609452467212,0.364613361360726,0.742491576501798
SLC52A2_ENSG00000185803,5.66203555521605,-0.445922548203842,0.328808209387677,-1.35567992777728,0.175201028559555,0.543838999270018
SLC39A4_ENSG00000147804,1.72100626864321,-0.67538829068836,0.513423611032492,-1.3071832923473,0.1911504684416,0.570094088315345
VPS28_ENSG00000160948,22.211659139654,-0.366616604019155,0.176432410970992,-2.07779278064069,0.0377284490554135,0.228541491171113
CYHR1,0.767531260586503,-0.314989478675631,0.636365942442374,-0.486223704974624,0.626808566088346,NA
C8orf82,1.06097900739933,0.253968355023354,0.566340044726717,0.445267298269431,0.656126597418513,NA
RPL8,275.614829285986,-0.22888492463078,0.104695893488936,-2.18621625669457,0.028799787457015,0.192018248685304
ZNF7,1.85652867996688,0.269135357692262,0.518522493627566,0.519502604373696,0.603410297220094,0.877505019104904
COMMD5,8.67144582570107,0.193406135413475,0.280971217089122,0.688074712207496,0.491405734022643,0.829299269321963
C8orf33,3.24568090630791,-0.101981213665979,0.417560837593945,-0.244305132173409,0.806994508986731,0.949213477887927
CBWD1,2.2927305622643,0.335948240627104,0.525433375802437,0.638555471577062,0.523112156661011,0.84523873235709
DOCK8,6.50509738452934,0.533285702739855,0.334180077728971,1.59046423096676,0.111730202087037,0.434535905554651
SMARCA2,1.505344870208,-0.852803252003296,0.54711374664407,-1.54700710519668,0.121861532341479,NA
KIAA0020,2.20297587494613,-0.12058375146768,0.473280058766983,-0.255077755875295,0.798663044258969,0.947331951222146
CDC37L1,3.72082533064539,0.144521295347559,0.417029188904005,0.345396651709094,0.729796194024371,0.924948760086839
AK3,2.32797774836085,0.60972906223836,0.457854710669407,1.32230926866357,0.186065187620995,0.562254390147483
JAK2,1.15930816015451,1.21366343930674,0.572768184254414,2.06300048643391,0.0391125819630857,NA
PLGRKT,5.47594668242314,0.176453233453699,0.36725722187018,0.480057777119626,0.631186310311284,0.891724298840204
CD274,0.5947101706827,1.20714084176373,0.649723333413061,1.89359269587477,0.0582790937675464,NA
PDCD1LG2,0.190750365602289,0.023952140343461,0.633932103256332,0.0397395470384132,0.968300772587861,NA
KIAA2026,1.65607324989594,-0.52200071340646,0.531679329280478,-0.975334051731576,0.329394584776568,0.712087513044704
RANBP6,1.28858644483584,-0.381770905380386,0.587943136072738,-0.655288920586033,0.512281752812784,NA
UHRF2,1.77176764512327,0.642876893921284,0.546553894688306,1.18046200090512,0.237816515112171,0.622498556789513
TMEM261,7.1182978604351,-0.666232819930615,0.350239500989837,-1.89991955781277,0.0574436769980818,0.294987240620514
TTC39B,3.0251780677045,1.52328533308242,0.466520418796725,3.18589540413194,0.00144306759114393,0.0199378157474584
SNAPC3,1.34613778594137,-0.109041839092323,0.572207179397135,-0.188285461813649,0.850652881330332,NA
PSIP1,9.07731711344185,-0.236501226103301,0.29209030995278,-0.808892317322558,0.418577088395063,0.774750278942198
RRAGA,10.0610385255225,-0.07660104864294,0.261224387297542,-0.293295674875853,0.769296159313775,0.939358613460383
PLIN2,8.14897074799928,-0.519540985347164,0.330860677833623,-1.57178303265695,0.116000877829848,0.441544497314798
RPS6,617.43496639958,-0.263541611955902,0.0876225522166015,-3.00768387675294,0.00263246816587575,0.0323014275644988
MLLT3,4.56104724866355,-0.729102007085594,0.358015420390161,-2.0304956250278,0.0423061854274541,0.244188333432147
PTPLAD2,3.22141279952018,-0.225252851270887,0.451158064401129,-0.495806489383672,0.6200309459475,0.884288125963148
KLHL9,0.797183293853591,-0.234019487628548,0.629555367091529,-0.364050219250862,0.715820509042936,NA
CDKN2A,0.488412942975011,0.40355842727386,0.6552525489677,0.60595652787369,0.544543620927926,NA
PLAA,2.63067454171609,-1.03199692284547,0.481922923385048,-2.13471497485674,0.0327842990439401,0.208930448144432
IFT74,0.837009502111088,-0.358563098898918,0.634606504903038,-0.571082123834153,0.567943975538931,NA
C9orf72,0.736169137298412,0.135560814925595,0.619543697618095,0.217667520801883,0.827688171547579,NA
DDX58,25.686516266644,3.06554803486702,0.272957244375793,11.028301472161,2.79086105041091e-28,3.67277314234076e-26
TOPORS,3.49609835055243,0.173782105351281,0.405091256395377,0.428675476392774,0.668159409837911,0.908146716602744
TOPORS-AS1,3.70922807833816,-0.235758048619637,0.415537014057327,-0.567783292167017,0.570182126143754,0.866966699023893
NDUFB6,10.2024285281766,-0.440551557881856,0.287071561941374,-1.53279128037138,0.125327289761621,0.46005777775814
APTX,2.84535082428773,0.112439760041652,0.436854341951249,0.257833100709847,0.796535717263229,0.947331951222146
DNAJA1,50.5071242340507,1.10197672330357,0.150510201513277,7.3162569923863,2.54983128171429e-13,1.41287493336253e-11
SMU1,3.49943270012157,0.0990574086817559,0.410580862370851,0.241177396660742,0.809417628747759,0.95063330273134
B4GALT1,2.67588939457478,-0.764726434320392,0.507347227706494,-1.50891851545958,0.131319607549445,0.470569376542055
BAG1,18.3062561228842,1.35723857865665,0.225198051020724,6.00854247220453,1.87198579270135e-09,7.46525243392418e-08
CHMP5,30.4007537031988,1.29582093481091,0.242523469265213,5.33401513772061,9.60645094343264e-08,3.08343644916033e-06
NFX1,0.820870295133578,0.0626949028219396,0.603320750312063,0.102984763009702,0.917975064005241,NA
AQP3,0.871556252049537,0.0555874575207194,0.626040229032067,0.0912728603149124,0.927275782288347,NA
UBE2R2,2.38856247354497,0.0191836999179498,0.516516704676502,0.0373934903194435,0.970171263015039,0.993769513234319
DCAF12,2.2585968330693,0.420744537814343,0.465126899554014,0.900222942586844,0.368001619128646,0.742491576501798
UBAP1,3.88297388389343,0.593404277838661,0.387470514426415,1.52506871187935,0.127241960212735,0.463314052145152
NUDT2,2.27311449933455,-0.394312643165544,0.486080574871589,-0.809945617393623,0.417971432170824,0.774724032066292
RPP25L,6.57344102081399,-0.206673411852138,0.303135151029517,-0.681337561404866,0.495657921290725,0.831916756134809
DCTN3,15.0505327101037,0.235391908885586,0.213028191340584,1.10470162082649,0.269288900866891,0.657142383348775
SIGMAR1,1.54335507264256,-0.855987986203466,0.555817922944431,-1.54681738801695,0.121907286118017,NA
GALT_ENSG00000213930,2.45664534327797,0.184381120355386,0.455222499997578,0.404341980038,0.685961259180193,0.914260278905739
CCL19,0.138904701627437,0.192009418746076,0.514911270049584,0.365583690969127,0.71467574662658,NA
VCP,13.8966612467602,-0.162388390110483,0.241656059336809,-0.672341010236335,0.501366627478229,0.833605156994755
STOML2,9.48602013794285,-0.0472617186785478,0.273833129213312,-0.172664492540998,0.862915155377263,0.96619977318802
FAM214B,0.304401915858927,-0.577134872449714,0.668430926532548,-0.889452224356019,0.373760088531973,NA
CD72,0.289277444840402,-0.63153771486488,0.643054514911731,-0.980278681930932,0.326948574749403,NA
SIT1,0.722766645836382,-0.453411755516557,0.662881765877005,-0.670680232229277,0.502424258475297,NA
CCDC107,10.1286986243993,-0.0194876798019696,0.262706763103276,-0.0741697121682823,0.9408753456394,0.987648233164879
TLN1,7.10398205924272,-0.140350370049243,0.306626381525183,-0.457521837385544,0.647296009930393,0.898748169886915
CREB3,5.12437853452975,0.373546037936478,0.37748637456838,0.989198973892597,0.322565800366961,0.708379796884307
GBA2,0.236950922751446,-0.236674030874766,0.668499313188479,-0.343429468185814,0.731275393672884,NA
RGP1,4.2279436120028,-0.629347811305881,0.458350495616932,-1.3820508499043,0.166956088326854,0.531031328672241
HINT2,8.48032826265672,-0.112530769255726,0.291928208235516,-0.385336247561079,0.699988309388447,0.917214265271815
GLIPR2,19.0109079149079,0.325079572629541,0.187435132982345,1.73359473687707,0.0829900149753607,0.370627769130081
CLTA,18.4589631365546,-0.390386015371005,0.194440259327265,-2.00764451793115,0.0446810803031386,0.253449576202286
RNF38,1.07677608246711,-0.17429768695658,0.569963575608,-0.303996823413293,0.761130311255668,NA
RP11-220I1.1,2.47274794691088,-0.735757204123079,0.467557692184425,-1.56958998316225,0.116510530373125,0.442504640609042
ZCCHC7,1.12771658062212,0.0301412466996841,0.575943701883061,0.0519172739616256,0.958594610206357,NA
GRHPR,4.84671873265602,-0.211973159867307,0.380478168950411,-0.557104585927652,0.577455974465745,0.868555268870245
TOMM5,1.15467769450799,0.395061359334429,0.557682386143137,0.703797737050274,0.481558743185218,NA
TRMT10B,1.48044686017078,-0.682276497317951,0.548903371709296,-1.24161942256115,0.214377012202149,NA
EXOSC3,6.33508808737687,-0.238017231324341,0.316404988826938,-0.752469416848072,0.451768814972709,0.802323127022098
DCAF10,3.24809003594589,-0.342120569622704,0.410397402800196,-0.832814284439979,0.404949477309155,0.765532103651928
SLC25A51,1.43812564865573,-0.157994585731886,0.559621250273408,-0.285433584804746,0.775311980279015,NA
CBWD5,1.17318722478398,-0.053429768503896,0.582311673903426,-0.0905218646061337,0.92787251983509,NA
FAM122A,3.11358723815953,-0.461902224660389,0.407818630507234,-1.13132496722968,0.257918339480237,0.645593028542067
FXN,2.73989430208373,-1.22597806165964,0.481543178162682,-2.51646320234038,0.0118539277787196,0.1012163264247
PTAR1,3.39752630927263,-0.583811631683519,0.449017214767942,-1.30479921183743,0.191961227597079,0.570867836458947
SMC5,2.99562989227503,-0.0920699847479475,0.45561476740341,-0.20141262997401,0.840375940280179,0.95986749419997
TMEM2,2.63677152826636,0.329822538494239,0.443383496622846,0.740041238605752,0.459274972009263,0.808235516967804
ABHD17B,2.57126721227687,0.345443944661155,0.48660074837976,0.70851800160621,0.478623637205002,0.819874658720185
C9orf85,2.11581238646555,0.00576064511062063,0.511612997594526,0.0113266748292282,0.990962814264397,0.998000298526934
ZFAND5,5.4707860759096,-0.334010910008711,0.327303684681211,-1.02052153807606,0.307481179851323,0.693583182363072
ALDH1A1,0.0277809403254875,0.00708335167592632,0.490601629230456,0.0144345705803501,0.988483278924753,NA
ANXA1,270.737499298711,1.34749484055777,0.139013464294274,9.6905383038495,3.30780609737662e-22,3.22449838825751e-20
C9orf41,3.01372417541407,-1.22025477755722,0.668095444132501,-1.84918908774263,0.0644305138705117,0.316678081245914
NMRK1,11.2846736493518,0.264896249736182,0.253291861763988,1.04496635285399,0.296038520787429,0.680798066153354
OSTF1,41.4601804510496,-0.12620369061336,0.158047707422502,-0.798592605987559,0.424526676430395,0.780547825612853
RFK,3.93156479994527,0.610404560212916,0.393215668501991,1.54488375085272,0.122374384508514,0.454883810677607
GCNT1,4.31329365359309,-0.605141251626433,0.396130596764804,-1.52170299620087,0.128083516535772,0.464263436563801
VPS13A,2.2250335912111,0.070966153239372,0.463604888501786,0.152896673665621,0.878479759098329,0.97090195158043
CEP78,3.4461056560785,-0.726995014607847,0.450667189500622,-1.60684449524822,0.108088484752582,0.429093351234987
PSAT1,0.108514317471056,0.168770553664339,0.554053331443513,0.321543251184267,0.747798741219943,NA
TLE4,5.51197820738811,0.726915275410334,0.355635004294073,2.0341719941558,0.0419342571818391,0.243107852208371
FRMD3,0.598614083682012,1.25659642102125,0.653463761844065,1.86525118057831,0.0621462046327274,NA
IDNK,3.46451399019741,-0.0328113914389712,0.414605042758857,-0.0791926536564992,0.936879387774902,0.987648233164879
UBQLN1,5.29849851280402,0.202173974709016,0.330999155199661,0.610362332608722,0.541621814335997,0.851742070151531
HNRNPK,56.8975686780605,0.0134218540226751,0.123418983478294,0.10875253366491,0.913398773077049,0.981200985965268
NAA35,2.01426889606709,-0.325894674620435,0.552347743374493,-0.594131766117104,0.552423985880448,0.854684036048871
GOLM1,0.85286115405788,0.0161267874816407,0.616757415214569,0.0260781593631826,0.979194997441071,NA
ISCA1,5.34936474879304,-0.0446229261167416,0.358218753847947,-0.124669829785271,0.900784943357193,0.978080021005004
ZCCHC6,4.46617100574964,0.38863493096007,0.380714610308041,1.0201244929359,0.307669421988349,0.693583182363072
DAPK1,0.147738512133943,0.00744926512640885,0.621042114389315,0.0135743236817099,0.989169589318042,NA
CTSL,3.00830300258937,1.93201111278437,0.511213192560021,3.65719505900914,0.000254990336521939,0.00434391304676856
SPIN1,1.06908500782195,-0.42949924981747,0.580720552707514,-0.736152990379697,0.461637597304734,NA
CKS2,3.51382572767875,-0.0468039618054339,0.394365463464202,-0.118460251638096,0.905702987882755,0.978776540384895
SECISBP2,4.20856207611605,-0.0970480238437369,0.372114546168587,-0.261094297891201,0.794019788839668,0.947331951222146
SEMA4D,4.37978749345473,0.179376187943353,0.353806250211745,0.506490527165297,0.612512338029546,0.881076933733582
GADD45G,0.778530473453791,0.36190963875684,0.665520721188158,0.595477053106013,0.551524633344697,NA
SYK,1.48939185014152,-0.945583787211576,0.550582883304754,-1.70526631906055,0.0881447661900769,NA
IARS,1.60515636185782,-0.123204105970119,0.530691702412741,-0.232334115841218,0.816278516674122,NA
NOL8,3.38753946171477,0.366730272393755,0.42321743090362,0.864464609723695,0.387332713493455,0.75543512553892
FGD3,4.336569212027,-0.284241082241651,0.368086474552468,-0.770469210612646,0.441021612155431,0.795047180269242
SUSD3,1.69554471571218,0.306383374184173,0.499287612587199,0.610174297652981,0.541746353821536,0.851742070151531
C9orf89,17.5541079532477,-0.653641377356664,0.217047272230713,-3.01131790530181,0.00260116364953287,0.0320524773848091
NINJ1,10.2765790093373,-0.304624412908024,0.298668962838506,-1.02127995426237,0.307121820892215,0.693560388321158
FAM120AOS,3.87398369383973,-0.217221647771674,0.425456498254766,-0.511920527876076,0.608706630704613,0.879145238771114
FAM120A,1.55248898310447,-0.0733933200039663,0.574869628705756,-0.129022154580848,0.897340118525656,NA
AAED1,2.76921757628124,0.461132357700866,0.448320997032055,1.02470177070278,0.30550392730125,0.690795821870181
TDRD7,1.99743750902176,2.16192061866656,0.569675226264837,3.65589947311218,0.00025628177779413,0.00435182993002678
XPA,4.73004419828243,-0.642325262524242,0.34307743198714,-1.8698884884711,0.0614993047030061,0.308610428938631
C9orf156,7.73527790186318,-0.399878730592904,0.340585175035952,-1.1764937140383,0.239397642855557,0.624881487018428
ANP32B,12.2911828571179,-0.477600977846782,0.236674724314147,-2.01692486157845,0.043703355141722,0.24924643712462
NANS,8.07828313943898,0.653788995394161,0.350643226984833,1.86641843401743,0.0619828460294593,0.310445006183705
TRIM14,5.84260400640033,1.97064112492796,0.381625167556699,5.03931080327773,4.67211231465657e-07,1.34393438384438e-05
TBC1D2,0.303375293440143,-0.978412931016461,0.664255237889689,-1.48254715527482,0.138194766192304,NA
ALG2,4.12923416978335,-0.0157061922399476,0.385971559753127,-0.0407491051979913,0.967495913794209,0.992534619232287
SEC61B,47.0700814931348,0.720982374125104,0.135602016283431,5.31518871716457,1.0654684467308e-07,3.39916721429753e-06
NR4A3,0.513953356270555,-0.160641442114581,0.658533738808613,-0.247387676518162,0.804608210559765,NA
STX17,2.00610890466461,1.20699382985333,0.509890035127591,2.31864736285736,0.0204141647754561,0.151779891776837
ERP44,10.4834273916398,0.182093662844984,0.253373645945218,0.718392895974245,0.472515065834571,0.816049641257605
MRPL50,5.61214392111222,-0.00733512676528626,0.339187099608134,-0.0216348937108282,0.982739198883932,0.995983662480751
RNF20,1.73513405319871,-0.45672555568314,0.512220369085639,-0.889127591678077,0.373934511761183,0.745885286059442
SMC2,4.59438788490696,-0.579374615426927,0.36623771014042,-1.58085026107111,0.113912279285427,0.438188509612737
NIPSNAP3A,3.73148073378187,0.342877960807002,0.42901090281001,0.795870998967562,0.426107019227126,0.78204371879358
SLC44A1,1.26319873288424,-0.5348117016609,0.573464819447501,-0.935680123942391,0.349437907198265,NA
TMEM38B,3.95109422195237,0.108447052212603,0.432163897862121,0.251444154734422,0.801470733422031,0.947964478035823
RAD23B,11.8276795295938,-0.18866042417018,0.265151840674526,-0.711895483545757,0.476529499134036,0.818151103536062
KLF4,0.0285971629912991,0.00708335167592634,0.490601629230456,0.0144345705803502,0.988483278924753,NA
CTNNAL1,3.62323931092778,0.52565569921222,0.479825555972142,1.10162098498149,0.270626481282631,0.657765547730962
TMEM245,1.78205280729461,-1.10157138802186,0.539632710144645,-2.02573223753921,0.042792231239486,0.246183940158092
TXN,23.4463151726381,0.581852716719284,0.220273694138905,2.64051300171231,0.00827806162896941,0.0776750738233422
PTGR1,0,NA,NA,NA,NA,NA
UGCG,0.992349132372039,0.90159449105223,0.636106800410091,1.43620678037771,0.150943510234431,NA
PTBP3,2.13212917526957,0.258498474929421,0.469203300636894,0.549765346315706,0.582480330039647,0.873057077827079
HSDL2,1.30752618481772,0.441009582331081,0.571642934026383,0.766890713094039,0.443146495728979,NA
INIP,4.50045891406546,0.065796959158913,0.364597297666372,0.180523857361661,0.856741326591955,0.963239287308854
SLC31A2,1.22020457699039,-0.0253794165074533,0.565779125741404,-0.0447696838940241,0.964290889601922,NA
FKBP15,1.06236697703654,-0.354260059667299,0.620061086951312,-0.560104344608957,0.575408267198654,NA
SLC31A1,0.671622011272132,-0.65019623437121,0.637158297439795,-1.01478651298547,0.310207604133407,NA
PRPF4,2.67097010807457,0.386349028234178,0.475181692938352,0.811861411349008,0.416871159012198,0.774724032066292
HDHD3,1.5400582766751,0.208524759006803,0.578513654370117,0.358976710852104,0.719612511727894,NA
POLE3,6.43162680223751,0.0833723681500156,0.318281149894103,0.262173448421538,0.793187722706198,0.947331951222146
AKNA,11.7701135009229,0.0388139592181716,0.254475995491516,0.152618206287007,0.8786993666608,0.97090195158043
ATP6V1G1,52.3641530478156,0.114641528448408,0.129626051186806,0.884376579669339,0.376492961400766,0.74850436218355
TNFSF8,0.585656483018795,-0.230291481949858,0.662731540772731,-0.361136902527951,0.717997107885408,NA
TLR4,0.218018191772169,0.117893262433539,0.610031256779587,0.201767707173254,0.840098328247584,NA
CDK5RAP2,1.14320540140399,-0.08102568202651,0.567663478309783,-0.142378193438666,0.886781286015216,NA
FBXW2,5.4243883621673,0.0483861128615443,0.364067979535127,0.133138864885424,0.894083558999607,0.975654946665784
PSMD5,1.968943620085,0.190410348896177,0.54298647693017,0.354150367975781,0.723226196751161,0.921988772055939
PSMD5-AS1,3.71537679114013,0.00295212058727753,0.44890447940384,0.00653449366834374,0.99478626549346,0.998386668092376
PHF19,0.856645649488108,-1.06072441580905,0.611627165647013,-1.71633500769002,0.0861007444535653,NA
TRAF1,6.17077421713703,-0.0367647506348982,0.333499842741853,-0.110387450371198,0.912102105456467,0.980930881938732
CNTRL,2.98209269840973,0.565636124706721,0.452643278891871,1.24607906848109,0.212735368494419,0.593135052836134
RAB14,6.72630721725505,0.286474650072018,0.314224030603563,0.910313283638212,0.362657315036572,0.742491576501798
GSN,3.18092911586649,-0.405527061317729,0.429459130044042,-0.943183285717838,0.345587161145171,0.729263509323934
STOM,17.5812174140062,2.1022909049452,0.25886930682551,8.04748643130189,8.45117370348587e-16,5.77752965911034e-14
NDUFA8,13.3863891223108,-0.0949238642724092,0.236005927450095,-0.402350404747972,0.68742616413358,0.914504337162199
RBM18,5.58942685851891,1.00093664098611,0.344965106533687,2.88494781195847,0.0039147855192545,0.0441272611849158
MRRF,1.17476710581072,-0.543080225896026,0.562276589475988,-0.959527964971098,0.337292838648456,NA
PTGS1,0.104847398271287,-0.0719293166573078,0.553990514055294,-0.142498074389294,0.886686600265753,NA
PDCL,2.7227565788428,0.492947547033641,0.438776760291684,1.11813884236056,0.263507699360126,0.651546969423151
RC3H2,1.25787593257052,-0.258877638248643,0.552313424162064,-0.466362645724561,0.640955944542749,NA
STRBP,1.41407087819522,-0.840895274701326,0.570776829173401,-1.48125381778262,0.138538949905321,NA
NEK6,0.243903381028575,-0.282801136105947,0.658820263450726,-0.438412256130047,0.661087463494064,NA
PSMB7,19.9650295616008,-0.304192719290008,0.213836725434165,-1.42246077760167,0.154892530079074,0.511835705170274
RPL35,121.223170710017,0.0308856195136843,0.124942115146875,0.247193091597856,0.804758791546136,0.948768259507023
ARPC5L,28.3085431085267,-0.057915832780665,0.169435375766545,-0.341772588535531,0.732522039889445,0.925383038055171
PPP6C,4.35614592338517,0.474341228920966,0.367763957394976,1.28543292747889,0.198641040971682,0.578664327434937
RABEPK,1.57279617247767,-0.202251877556146,0.501613398604149,-0.401382292164503,0.688138684659011,NA
HSPA5,78.0255331777833,1.11008946626605,0.169814729148337,6.53415964616221,6.39676842029783e-11,2.95373587407436e-09
GAPVD1,2.10033513622612,0.0759907763545383,0.479984347179007,0.158358891526687,0.874174004787608,0.969176908425014
MAPKAP1,2.60260690591323,-0.595635610559408,0.501091362591757,-1.18448352994333,0.236221712166923,0.620548943185676
ZBTB43,4.06395488671735,0.492605523093885,0.405242224516229,1.21495946356445,0.224381552401378,0.608248256979286
RPL12,289.792907520157,-0.148104886381519,0.0960715347897697,-1.54164200222115,0.123160612852015,0.455190166777016
PTRH1,5.73823040074872,-0.143028195456069,0.382314505489765,-0.375810220606269,0.707057988932135,0.918320565936037
TOR2A,3.9153562675927,-0.764641063588424,0.392436144633633,-1.93969128093923,0.0524172198495916,0.278149440814769
CDK9,4.55096990768993,-0.174061703382152,0.346093002032983,-0.502797434372563,0.615106697651462,0.882341937661225
ENG,1.21409498034706,-1.57587407814142,0.618501238601495,-2.52967531383791,0.011416812192489,NA
ST6GALNAC6,8.36808220889258,0.0876891930122791,0.280858306344039,0.31215205320982,0.754924968698785,0.932977552597736
ST6GALNAC4,1.54717921793539,-0.406246871102853,0.613503416528637,-0.68346881660929,0.494310648230703,NA
DPM2,6.58693025610541,0.636670360467414,0.305124355362987,2.081402379689,0.0373970910484917,0.227590274047906
FAM102A,2.39856716048998,-0.446833876333699,0.483099245443302,-0.923448670609093,0.355773437954818,0.737609837492778
SLC25A25,0.846870067495586,-0.257117914754742,0.610831417068185,-0.415585366729628,0.677713436361055,NA
PTGES2,3.94554508846118,-0.201139562929711,0.408665567938945,-0.492068545539743,0.622670887446734,0.884441325288616
C9orf16,17.7988616712553,-0.501408249326322,0.218732412446479,-2.29209502682262,0.0219001603175745,0.160114505432934
GOLGA2,2.77425334431023,0.179290136010651,0.435196507229466,0.412008275796001,0.680333357407997,0.912201228007465
SWI5,2.39301053714372,0.197563416572156,0.5071039687485,0.387663815373016,0.69826483683316,0.917214265271815
TRUB2,2.49935270396712,-1.12106336490707,0.514260314317476,-2.17651763685925,0.0295165763515954,0.195329874600911
COQ4,3.96148147166569,0.0610534560684352,0.366469661885101,0.166238592077185,0.867969189874267,0.967413325623816
URM1,6.6695712044452,-0.219029160586209,0.346989297130288,-0.632420560362517,0.527112102454249,0.847500949089543
ODF2,2.11779838547306,-0.39582797603771,0.476243276005151,-0.831394023440717,0.405751074235564,0.766095285070304
GLE1,1.96219314922021,-0.00148264192852667,0.497336879069903,-0.00297954665292394,0.997622669244978,0.998757937632699
SPTAN1,1.78152504517031,-0.0180135921151095,0.529488999258729,-0.0339944235564242,0.972881597489987,0.99454321103772
WDR34,1.82420718747234,-0.0859243337476554,0.519992597818731,-0.164957780800253,0.868977212775091,0.967413325623816
SET,9.72391309037419,-0.250628901650831,0.263603897248186,-0.95136701943566,0.341418096334233,0.724979773740783
ZDHHC12,9.3302464598803,-0.00344780869516099,0.263761558950473,-0.0130734835372331,0.989569166463253,0.998000298526934
C9orf114,3.1123763098922,0.107206733448054,0.454479068672974,0.236543628902877,0.813010856662895,0.95063330273134
PPP2R4,1.04995859881094,-0.41192669538409,0.575178390994172,-0.709259503592661,0.478163453925092,NA
NTMT1,6.97525423768111,-0.100625094358672,0.305796774189617,-0.32913597304735,0.742052915055411,0.929159832770939
TOR1B,1.32933528620865,0.576594043869948,0.558740143602353,1.0231480793957,0.306237837292422,NA
TOR1A,11.5950984500978,-0.481761946863474,0.263144602750888,-1.82957849821785,0.0673129913776882,0.323443674866964
C9orf78,20.3061352714318,-0.458628981256775,0.197748039206726,-2.31879994307225,0.0204058862951033,0.151779891776837
FNBP1,10.6162242241012,-0.280550721203683,0.271693854274039,-1.03217358036293,0.301990809231285,0.687875214103627
GPR107_ENSG00000148358,0.463621579476026,1.00409363957865,0.658988972590555,1.55545788466421,0.119837057382978,NA
EXOSC2,1.26383150506068,0.17422494156389,0.587350193001975,0.3000275252845,0.764156160092533,NA
NUP214,1.34460339088049,0.0969389631535599,0.588985716649616,0.163807284940719,0.86988285659661,NA
PRRC2B,2.87168403038962,0.0569691547732174,0.456927464190585,0.124834320899427,0.900654715761272,0.978080021005004
UCK1,2.04631604614076,0.398546813479018,0.523798860775634,0.763559204701673,0.44512996805534,0.797702970795273
RAPGEF1,0.852602810911607,-0.144096602727853,0.622554063240193,-0.230452096585063,0.817740483098811,NA
MED27,1.43201525155215,0.0470426830446874,0.55483682807827,0.0839021800265625,0.933134206263901,NA
SETX,4.08789527596198,1.53158650370926,0.419408776111163,3.58261738848312,0.000340168670043121,0.00554380148330337
TTF1,2.25346262469357,0.414094593722526,0.496184858138649,0.832646239717191,0.405044272526055,0.765532103651928
GTF3C5,1.62460416536141,-0.287538948550548,0.504405050602755,-0.566134890375862,0.571302086705574,0.867667104563803
RALGDS,2.99203652838681,-1.57476790086818,0.499198491319684,-3.10342423682413,0.00191295207127493,0.0249251972851268
RPL7A_ENSG00000148303,104.18162354918,-0.178573205591716,0.120983632085605,-1.47602798683331,0.139936379236718,0.486392232478915
SURF1_ENSG00000148290,8.94597798292849,-0.267809543847371,0.2962189830359,-0.902880661641465,0.366589235176373,0.742491576501798
SURF2_ENSG00000148291,5.89599305378704,-0.426221904273638,0.358270317328086,-1.19196592984951,0.233274604647679,0.618726103371022
SURF4_ENSG00000148248,14.098368556516,0.815698631600041,0.258887443953357,3.14843782927005,0.00164145635477695,0.0220987883671249
REXO4_ENSG00000148300,2.73547168472649,-0.727819053701166,0.4380666051329,-1.6543373861281,0.0980589807820674,0.405166777736894
SLC2A6_ENSG00000160326,0.464039335970431,0.149006645115435,0.667638319568817,0.227878506908782,0.819740692155926,NA
BRD3,1.30237146238466,-0.515963260214333,0.559046653309901,-0.915114504476853,0.360131521241133,NA
RXRA_ENSG00000186350,0.685216699783204,-0.327163277917915,0.641775746014992,-0.50885966090938,0.61085059702162,NA
FCN1,1.94340784347927,1.95842859743505,0.573822475998896,3.27342025231609,0.00106254369007458,0.0151168377960881
MRPS2,3.08578672144692,0.0373652164298646,0.446827728720817,0.083652545646612,0.933332687921082,0.987351943170534
UBAC1,1.32866705687255,-0.640963762816519,0.558246660071354,-1.14239148408039,0.253291329455066,NA
PMPCA,2.99696857339605,-0.743762644941713,0.443629259503771,-1.6770360190298,0.0935354386556217,0.393896439266554
SEC16A,1.59242881461854,0.398951037261475,0.604678452997925,0.678458965285193,0.497480733273654,NA
NOTCH1,1.31176789053451,0.275794257674477,0.588065815223369,0.468583898257485,0.639367088801617,NA
AGPAT2,2.30461972133854,-0.276908985073133,0.463876391093375,-0.596149830271422,0.551075137785254,0.853591117550433
SNHG7,4.66076216667689,-0.692253270096417,0.350223357558327,-1.97375312648079,0.0484098210598415,0.265723981291977
TMEM141,5.03316067693053,-0.551019334566007,0.345060576519843,-1.59636852579677,0.110406538907947,0.43382436077478
RABL6,1.11332066443499,0.0290019114519982,0.575552064222756,0.0508922127236293,0.959411410816666,NA
PHPT1,7.23522023637611,0.301038896457636,0.381783124974648,0.78612036409528,0.431796975017334,0.786075117995112
EDF1,50.2976294901916,0.105917705285524,0.133701025377655,0.792109029813393,0.428297105395781,0.782560209234082
TRAF2,1.72668342441544,0.167329220627363,0.500490049569933,0.333384866391772,0.738843785273756,0.928227609947746
FBXW5,6.62959368332298,0.0472637243632072,0.329201054282784,0.143307122992959,0.886047630563952,0.97271214333444
PTGDS,5.71107526183454,0.834650308659325,0.572810195243148,1.43788124360123,0.15046775240888,0.506757676698875
C9orf142,19.5258276777782,-0.551501769382768,0.19755009443162,-2.79047880524879,0.00526301459339065,0.0555200577547263
CLIC3,147.866100101957,0.229415801794391,0.196491146672419,1.16766066584344,0.242943668915803,0.628739170684753
MAN1B1,2.62384882132054,-0.0128743225246115,0.472041930651071,-0.0272794674259383,0.97823683339429,0.994844175048461
DPP7,8.17212313137407,-0.781773388393036,0.28716563502492,-2.71717986625324,0.00658408159100144,0.0660163914191077
SSNA1,16.3454734239711,-0.440912709570964,0.233617738247215,-1.88618168794249,0.0592704753079829,0.301449064754804
TMEM203,3.21121486202817,-0.331230836915217,0.453594914843732,-0.730589969299035,0.465029640689654,0.813176357382621
TUBB4B,6.84116301042902,-0.111567419682136,0.299945406562908,-0.371938736911193,0.709938462933784,0.919123640580385
TOR4A,0.686634098714784,-0.183331424133944,0.636009810332863,-0.292084062159301,0.770222352175192,NA
MRPL41,16.6294712586356,0.0264397142792206,0.219912595324223,0.120218498939024,0.904310064017248,0.978611663245645
DPH7,2.55321938926221,-0.497718889892838,0.452936639561761,-1.0989284877898,0.271799259583798,0.657765547730962
ARRDC1,4.74132135380198,-0.364286560372731,0.372160372010221,-0.977914942635305,0.328116394052562,0.710584304560553
EHMT1,2.99098524057012,0.19241543781575,0.435849582450477,0.441533581710435,0.658826755553203,0.903847808504577
GTPBP4,5.59610536531879,-0.296006593920761,0.362445849649808,-0.817177220523982,0.413827158412765,0.772477362370495
IDI1,12.0191117756646,0.0742984991974757,0.268990540132531,0.276000199389649,0.782547913088692,0.945484006925204
PFKP,1.7565510089241,0.921814930787255,0.527809019282665,1.71806694826238,0.0857844046168069,0.377710561261952
KLF6,30.8341548379462,0.721331903720295,0.204262099540069,3.52941993327806,0.000416471704360735,0.00658350465992465
AKR1C1_ENSG00000187134,0,NA,NA,NA,NA,NA
AKR1C3_ENSG00000196139,18.7641285266156,0.714461444449587,0.224183419160902,3.18423909541785,0.00145135079422372,0.0199946877387872
GDI2,18.1064289135193,0.284492435539762,0.20548885598255,1.38379189752622,0.166422184730093,0.530587506608924
FBXO18,3.39486798434021,-0.318665034783839,0.429905701892433,-0.743039355701288,0.457457853646012,0.806719645424658
IL15RA,4.31346671072742,1.33167550744023,0.428730258708311,3.06582774350372,0.002170683318373,0.0276670144985847
IL2RA,2.12776345656741,2.16882762737508,0.587436390600806,3.57061330773812,0.000356146349365158,0.00575078031612942
RBM17,14.3913784841149,0.130300549058133,0.213681809197276,0.609740254046691,0.5420338845418,0.851742070151531
PFKFB3,3.71401761606048,0.195473963594787,0.418326615820219,0.467561240742261,0.640098387924834,0.895185418181808
PRKCQ,2.45556858978186,0.546476330705614,0.458962083312282,1.18469714368555,0.236137212215766,0.620548943185676
PRKCQ-AS1,9.36508704301248,0.761152963154082,0.277362087017224,2.73810574974096,0.00617942021216529,0.0629177330693193
KIN,4.99588897142277,-0.291082384357221,0.372404121101452,-0.781996605998444,0.434216568218673,0.787110289741839
ATP5C1,21.0222266289226,0.120971966081751,0.232032131404425,0.521393511825872,0.602092670346672,0.877505019104904
TAF3,3.80169364127644,-0.150972094846907,0.392335010615195,-0.385015226072615,0.700226134727023,0.917214265271815
GATA3,10.2713877328627,-0.158677143449927,0.259937173205874,-0.610585572219845,0.541473976627674,0.851742070151531
CELF2,9.12155691266518,0.0873789637866016,0.310256011073205,0.281888982822125,0.778028637555248,0.943251117855734
USP6NL,0.446876264813441,0.235712055632861,0.657866278504674,0.374007682184018,0.708398600731052,NA
UPF2,6.55360538544042,0.377805127084485,0.322986880786622,1.16904599230823,0.242385101661232,0.628220174862001
NUDT5,9.44710859402143,-0.570879496693183,0.277486805664956,-2.05518078063909,0.0398615467687802,0.239755164431655
CDC123,11.4543354175454,-0.0251316798007183,0.240484828384491,-0.104512309299841,0.916762800366247,0.98245915739575
CAMK1D,5.17086809588305,0.426467993104189,0.350828559987274,1.21518759183733,0.224294551813084,0.608248256979286
OPTN,13.0965875052002,0.380506666261402,0.241373870060158,1.57572615947357,0.115088926031911,0.43964303819447
PHYH,1.57827355686052,0.465704389122779,0.530550856371785,0.874703789244212,0.381735097824375,NA
SEPHS1,1.31045438589128,-0.321293965425762,0.560281462369205,-0.570281226211522,0.568486972090484,NA
PRPF18,2.96332536214567,-0.461810937004851,0.416122778427898,-1.10921124635292,0.267339062103707,0.655462541760462
FAM107B,8.84104519945165,0.28555840534543,0.27170460563886,1.05050437428806,0.293486280873222,0.678783735727874
HSPA14,3.32441648232309,-0.370037222267824,0.403236701883645,-0.917234435523464,0.359019805704737,0.740548690137044
DCLRE1C,2.08605246164308,0.265952936538665,0.469843652644037,0.563226157960614,0.573280892938457,0.867834971272338
RPP38,5.15701151527228,0.227613108182123,0.343850417414856,0.661536201524441,0.508268506391766,0.837134023586264
NMT2,2.64291591961693,-0.439892378258568,0.431793257630112,-1.01635438101288,0.30946066103008,0.69554507943565
RSU1,4.96097631671267,0.0737356476964366,0.338531505727333,0.217834154383282,0.827558332159403,0.956224092471219
VIM-AS1,2.14567263940981,-0.5688985091805,0.512957683959514,-1.10166930967521,0.270605464100095,0.657765547730962
VIM,124.817722742704,-0.656384822295708,0.168274419191553,-3.90078599701272,9.58808810021698e-05,0.00185557704998317
ARL5B,1.2744786931206,0.256096032140763,0.584743401609702,0.442489807256367,0.658134804473116,NA
PLXDC2,0.159521697080511,0.346719648717418,0.621325034155497,0.573771537238942,0.566122411833025,NA
MLLT10,1.21481564219827,-0.169230853375196,0.589213760271714,-0.281806154233224,0.778092151716923,NA
DNAJC1,18.5424423278638,0.170523269164308,0.205643518038253,0.82918139540388,0.40700177087768,0.767905850143407
COMMD3,11.0075361428476,-0.305015839698504,0.255186865147791,-1.19441350943282,0.232316254902688,0.618348143190213
BMI1,1.57566205830685,0.809637829137019,0.571578526141003,1.40786691546375,0.159170481383476,NA
PIP4K2A,1.69763251908438,-0.190985462236016,0.529538067334039,-0.361368602165566,0.717823916243638,0.920598036583438
MSRB2,1.17045125934047,0.428587122304418,0.576940770819051,0.734857907906854,0.46242603559418,NA
APBB1IP,8.12046133867296,0.0358174116662656,0.279914258927514,0.127922067400078,0.898210647259416,0.976805395072154
ABI1,10.3391155883277,-0.172556057737371,0.277140604075997,-0.623164330794283,0.53317653877725,0.85016340257905
ANKRD26,1.64154538569937,0.303758576969982,0.582222717745103,0.529575143428262,0.596406532067155,0.877221636230693
YME1L1,4.19257831560493,0.801453922994651,0.404559460928217,1.97083353849562,0.0487429191339348,0.266293520252219
MASTL,1.22701583700422,1.56551579325322,0.601205431905196,2.55241180383778,0.0106979990791736,NA
ACBD5,1.03659739503372,-0.13045207151838,0.573616782999941,-0.225756673073481,0.821390676981544,NA
RAB18,15.7048565264177,0.352791649444478,0.207607628848227,1.69828579823407,0.089453833820072,0.385555098447446
WAC-AS1,3.37216258578885,-0.171138008746413,0.444598923627566,-0.384484473290475,0.700619401721482,0.917214265271815
WAC,5.56411718835282,-0.0148091849147575,0.394415739366092,-0.0375226857332511,0.970068252282073,0.993769513234319
SVIL,1.1656665247093,0.433818880617939,0.652014290053856,0.663114978908754,0.507256918025489,NA
MAP3K8,8.1514455699703,1.46414430400759,0.351467946479982,4.13958593297666,3.47933252710491e-05,0.000741506332902035
ZNF438,0.244905011633186,0.10438255555118,0.668596240001275,0.164916688362465,0.869009556842315,NA
ZEB1,0.576356609897336,0.283100265733531,0.648944770443218,0.425601660191242,0.670398130342286,NA
KIF5B,8.80733228938134,0.171717678558788,0.276691936020327,0.620134674272977,0.535169125418632,0.850326071899693
EPC1,11.5267850708617,0.0627832737683801,0.247460388168553,0.253784427472081,0.799662104745566,0.947640999410325
ITGB1,5.37489718143655,-0.51521548255399,0.33887011007418,-1.51977538930281,0.128567436518316,0.464820732027759
CUL2,3.50514512435524,0.269773317536868,0.422927844860388,0.636052418702661,0.524742256835583,0.845498389954854
CREM,83.3842907424778,0.582107205756936,0.238575824960918,2.44058755739682,0.0146633908758367,0.118024601789609
CCNY,0.669390879972665,0.0657568806426132,0.626199911983541,0.104503144287148,0.916770073163478,NA
ZNF33A,4.18289484890651,0.0523489497934096,0.389176166335025,0.134628968666244,0.89290523643228,0.97507602115385
ZNF37A,2.17066007957904,-0.0120339134293339,0.476927728743886,-0.0251755857247516,0.979914910552275,0.994845147376504
ZNF33B,0.731533411307943,-0.0562657153474434,0.62292009147218,-0.0905353263660725,0.927861822827874,NA
BMS1,2.12596000949555,-0.478823328096776,0.556601204930616,-0.870712872931015,0.38391094790652,0.751430869465124
CSGALNACT2,2.94956829322764,-0.225639697642835,0.450755380774505,-0.50064418610879,0.616621559339004,0.882915092466009
HNRNPF,35.651011162579,0.492908401211091,0.153605283174507,3.20801212913337,0.00133655861586246,0.0185637059469656
ZNF32,4.79161237759822,-0.262820530245138,0.369745523747859,-0.710692822275333,0.477274608522091,0.818896199237381
RASSF4,0.63252098254664,-0.315692436430929,0.664976341948791,-0.49381854386128,0.621434335633255,NA
ZNF22,11.9376007815641,-0.0182343496701782,0.248727442095408,-0.0733221346595326,0.941549778194224,0.987648233164879
ALOX5_ENSG00000012779,0.218834414437981,0.120111180530924,0.610091534853864,0.205789609338216,0.836955258035817,NA
MAPK8,2.70973375230713,-0.63480864513353,0.462534142584856,-1.37103008618341,0.170365577407577,0.536687252826742
C10orf128,1.84206696874514,0.666072125807456,0.603189932865086,1.09907348865151,0.271736012643812,0.657765547730962
NCOA4_ENSG00000138293,7.21597729440981,0.292264398488783,0.306495872560294,0.952859634056223,0.340661194638098,0.723956612262797
TIMM23,1.85789633362014,0.669407784076807,0.544389241296677,1.22209579260229,0.221671404011852,0.605227318837339
CSTF2T,5.10942602866292,-0.223823932144387,0.341271821952082,-0.65604035624767,0.511798158592526,0.839285204620266
IPMK,1.21263230209933,-0.0959081127786116,0.610540576991778,-0.158490019260007,0.874070684742556,NA
CISD1,3.8160985014465,-0.592240494924491,0.380612665105608,-1.55275812802995,0.120480929507469,0.452329065867416
UBE2D1,5.55430361534895,-0.0980412346998145,0.384868771253345,-0.255649998933344,0.798221107360853,0.947331951222146
TFAM,3.53562815354422,-0.884211521480681,0.446638915278417,-1.98005012252156,0.0476978968809982,0.262637792030936
ARID5B,7.09150890453737,0.860550888761209,0.34071775772449,2.52028824436849,0.0117258767948574,0.100833595292063
EGR2,2.86365176676702,-0.106053351694658,0.50238420712832,-0.210734964449371,0.833094089538721,0.957990522496519
NRBF2,6.37735793024214,0.845781148729361,0.316348273300848,2.66374369220538,0.00772764170733842,0.0735593235939049
JMJD1C,6.86121355482438,0.385945184276552,0.376823990544516,1.0274768598764,0.304195976152669,0.689615684094595
REEP3,1.70345003092683,-0.066227327664099,0.513213622244131,-0.128500935009606,0.897752558328823,0.976805395072154
HERC4,2.16848446875596,-0.208733843119418,0.485760263011387,-0.428169504099793,0.668527717134358,0.90816255561168
HNRNPH3,7.22093624625548,-0.108864460919421,0.294957091373729,-0.369198566881622,0.711979724002161,0.919261107093145
RUFY2,1.60546570752056,-0.034055375002334,0.569241851355413,-0.060030157014273,0.952131616169744,NA
CCAR1,3.90472954667889,-0.118671356761781,0.384615981145585,-0.30895218730074,0.757357897641347,0.934098400464867
DDX50,5.63425457293723,-0.177996360120409,0.331440529445739,-0.536954598390391,0.591298975643695,0.876264899235887
DDX21,4.69944389128185,0.390326789321689,0.399371143238019,0.979376616072988,0.32739392678728,0.710584304560553
KIAA1279,1.52860371491609,0.347014227230755,0.567303485375525,0.612195282347318,0.540408562506025,NA
SRGN,371.919658938937,0.221316111586894,0.132169875897724,1.6745517756191,0.0940222077875185,0.394683334763555
VPS26A,6.28534177478138,0.0460843862259454,0.365196357152719,0.126477600746308,0.899353878664685,0.977316722893737
SUPV3L1,2.40116218363059,-0.330585837852728,0.521974805771803,-0.640700181365487,0.521717496320159,0.84523873235709
HK1,3.61946731039509,-0.200960983604078,0.44655413255349,-0.452970687375801,0.65056984903344,0.900323594097621
AIFM2,0.259747320006892,-0.45745965811675,0.666633907330987,-0.688056919705005,0.4914169379965,NA
TYSND1,0.955745280181475,-0.179077120875199,0.605806190503668,-0.296360438296967,0.766954834619854,NA
SAR1A,9.76742782834184,0.57623908427929,0.327530211938424,1.76111033810963,0.0782197295935262,0.356183958979517
PPA1,8.97111555767003,-0.0434830992275407,0.281143233533248,-0.154784257712998,0.876991402157057,0.970053107996375
EIF4EBP2,2.81441623434683,0.123118997635617,0.444850122571781,0.276772495976382,0.781954801490558,0.945484006925204
PRF1,201.601915755056,2.12193369984775,0.149798543430174,14.1532841300844,1.78235228922523e-45,4.2646829320371e-43
SGPL1,0.299990711788501,0.162591949927268,0.666285084831792,0.244297594511268,0.807000346349664,NA
PCBD1,3.58405945993062,0.357148675976493,0.415805161607049,0.854269172906496,0.39295586367389,0.758892262065204
C10orf54,2.25256403065532,-0.543788278793918,0.501608098924899,-1.08683512899887,0.277109679699703,0.664558247808308
PSAP,21.9732589533899,-0.342534362896738,0.181024679713417,-1.89202183611735,0.0584880714794037,0.298913794434545
SPOCK2,16.9531912718942,0.415155300818777,0.223556568163543,1.85647123599568,0.0633864192404368,0.313983432627662
ASCC1,2.73774246514477,0.397600918718766,0.4507575121585,0.881808308385829,0.377880477923364,0.749213874119995
ANAPC16,38.5017235399472,-0.416652642710366,0.154104789616973,-2.70394821705439,0.00685209664256168,0.0679273761326642
DDIT4,38.9320544336692,-0.0310765526759866,0.211972728768064,-0.146670901743997,0.883391787216375,0.972035335666413
DNAJB12,2.55436206416868,-0.335814054210399,0.460369649091651,-0.731352621019695,0.464563796796161,0.813131856574164
MICU1,1.74153847222301,-0.151670921431323,0.522953836867264,-0.290067072101021,0.771764925989464,0.940409854261235
MCU,0.531184113753545,1.02927102134313,0.668136351753906,1.56968651076322,0.116488060947533,NA
P4HA1,1.27757379786287,0.17013471085173,0.548578126558089,0.308913454195349,0.757387362065488,NA
ECD,1.64932263933822,-0.285642282508178,0.518429406064911,-0.550576568511715,0.58192397503868,0.872968881334742
DNAJC9,5.19068494538118,-0.25900822563379,0.359685467753897,-0.720392072826068,0.471283629406807,0.815289570375014
MRPS16,6.71069837989478,0.0790919314577285,0.337689605131279,0.234414809508945,0.814662962581734,0.95063330273134
ANXA7,16.4004606164963,-0.389191292468908,0.20059702468695,-1.93992638759969,0.0523886366596021,0.278149440814769
CHCHD1,5.88213181578491,-0.0612293407440476,0.330527514630952,-0.18528949330262,0.853001978475494,0.962014600593541
PLAU,1.83447710712215,-0.29478927021706,0.539249038489806,-0.545087846186009,0.585693101271078,0.874242776346287
VCL,0.945454765916208,0.0659431344356189,0.60996255848216,0.108765884411968,0.913388183537199,NA
AP3M1,1.8540805735224,-0.107333605140127,0.538515288052411,-0.201636848948324,0.840200635567812,0.95986749419997
ADK,2.54635504696852,0.189274793307114,0.482631689464641,0.393551388647507,0.693912276827389,0.91653641518341
KAT6B,2.64510476754639,-0.230973767756848,0.499010812253347,-0.465379713685819,0.641659559041357,0.895965366032126
SAMD8,0.557723874189127,-0.207635087087215,0.647209750445436,-0.317373399601439,0.750960288740768,NA
VDAC2,18.8617154994135,-0.126814620137629,0.198504462115946,-0.638817921521539,0.522941388189101,0.84523873235709
COMTD1,1.82942087127876,0.0703957226710477,0.498713954441467,0.140672299234985,0.888128829459244,0.973408512551722
KCNMA1,0,NA,NA,NA,NA,NA
RPS24,132.410684676196,-0.0966787223500238,0.106656371061768,-0.906443170849873,0.364701331419134,0.742491576501798
PPIF,3.08319596305362,-0.596288513754952,0.458245997925571,-1.30219728789823,0.192848952079971,0.57092167364586
EIF5AL1,2.45818044450416,-0.475910009375111,0.484414163252465,-0.978013117675118,0.328067836301593,0.710584304560553
ANXA11,13.8074842325192,-0.214367582433221,0.244522820350585,-0.877116100265165,0.380423580548125,0.751133692257189
TSPAN14,3.59615498236671,-0.16198848035485,0.390657734069749,-0.413990024874707,0.678881412185141,0.912106113767888
GHITM,37.725455625771,0.0768983286087365,0.148350703317869,0.518361089914191,0.60420635725974,0.877505019104904
CCSER2,27.3402569847052,0.173701928927719,0.189209333388114,0.918006075777491,0.358615684992552,0.74052276820298
WAPAL,6.064505329278,-0.0142447191722682,0.319047659959038,-0.0446776193482872,0.964364273053851,0.990737780820354
GLUD1,3.2188281406972,-0.229307245775666,0.440742871557309,-0.520630436131523,0.602624242596235,0.877505019104904
NUTM2A-AS1,1.74926903010985,-0.0608114197011934,0.501790544790094,-0.121348498773683,0.903415007348314,0.978611663245645
ATAD1,2.18780018386302,0.288689309565313,0.463794625638527,0.620482456987099,0.534940200247621,0.850326071899693
LIPN,0.058982785093324,-0.0532241652716922,0.49457132927324,-0.110774083307956,0.911795497367985,NA
ANKRD22,0.168441541672022,0.392932954670585,0.627230799729598,0.633435105511594,0.52644954620231,NA
ACTA2,3.8320082348685,1.62420947952748,0.426797058465046,3.73247228196417,0.000189609567046859,0.00336062209068912
FAS,3.83827398252169,1.42000691567826,0.429821108243512,3.25729660209373,0.00112478836026543,0.015959261262634
CH25H,0,NA,NA,NA,NA,NA
LIPA,5.59657665440504,0.689502136863451,0.344494503824496,1.99563520111127,0.0459736450250442,0.257726589362974
IFIT2,69.2950644724404,4.37742180882788,0.223062074483148,19.1277866269176,1.48235748622058e-81,1.56062596149303e-78
IFIT3,188.118993777977,5.45799880586028,0.200701014972104,26.5285883066033,4.5369746850206e-155,7.96087824731614e-152
IFIT1,125.665711800356,5.89525616958431,0.244493118321795,22.6883983541317,5.83230509990148e-114,7.67531351147035e-111
IFIT5,11.5257334097625,2.65505357075371,0.321176102239257,8.03466196631002,9.38372473279137e-16,6.33281115300177e-14
KIF20B,1.81023904352444,-0.0933056654173569,0.506124800255183,-0.183924613599178,0.854072595334063,0.962294122825023
RPP30,4.50587495988087,-0.0920137870150388,0.344529792138276,-0.267007019732079,0.789463756285943,0.947284525436336
PCGF5,9.55599942809327,1.90785807532174,0.300935546988791,6.25822461639968,3.89384729707293e-10,1.70810101431599e-08
TNKS2,2.63612975506885,0.26085782127909,0.517356146058001,0.50558506344285,0.613147969349573,0.8813792765309
FGFBP3,0.950696452449361,-1.01477961582891,0.616100990876277,-1.62733177233116,0.103666653426939,NA
BTAF1,0.834085191393366,0.278600011566139,0.619187822579232,0.44877389658465,0.653594770974981,NA
MARCH5,5.79029524261432,0.443251660449799,0.336714888305273,1.31358221577641,0.188986836743064,0.565885499781279
HHEX,2.76294601950627,-1.08454715845152,0.501172702892442,-2.157014143361,0.0310045624576778,0.201740441010155
EXOC6,0.652357403547257,0.191162580037812,0.629730329527582,0.299190472383165,0.764794718480419,NA
MYOF,0.180915887843032,0.113599579679162,0.646596674032739,0.165287068700607,0.868718036512556,NA
FRA10AC1,2.55922435217754,-0.756682736337224,0.472108663420993,-1.58888779409076,0.112085727357379,0.435117454874073
NOC3L,2.37922527317808,-0.477601469468438,0.501571543519384,-0.956989525333037,0.338572541995074,0.722434479554954
TBC1D12,0.267760698237835,-0.108552561287415,0.490601629230456,-0.23624708458697,0.813240945143274,NA
PDLIM1,1.28077246753352,-0.183287825255535,0.566746011949466,-0.324864573683795,0.745283569956394,NA
TCTN3,2.71981126489107,-0.681599931876198,0.505931195687308,-1.34214399434956,0.179549311536897,0.551106458268353
ENTPD1,0.799129730522249,0.198919082515036,0.646669910597099,0.312375073865724,0.754755491436253,NA
BLNK_ENSG00000095585,0.614012867947805,-0.331991165782055,0.655146681873449,-0.510602700718939,0.609629284373687,NA
TM9SF3,4.5438020510622,0.594440270890952,0.380090783388259,1.5614763829448,0.118411391952631,0.447785608648454
PIK3AP1,1.67612183876074,1.87930588364104,0.559723762833761,3.21042158115244,0.00132540427086657,0.0184574816979937
LCOR,1.56610453767522,0.527254109572305,0.529440538769333,0.993100086314867,0.320661181936376,NA
PGAM1,4.32509751273283,-0.592923423130833,0.375447198587051,-1.57579499765344,0.11507305562018,0.43964303819447
EXOSC1,9.44790040613693,-0.00349881098325729,0.303962713256789,-0.0114911892805242,0.990831559266425,0.998000298526934
ZDHHC16,1.49388904503046,0.413049932309036,0.568314402381888,0.714990263790462,0.474615059453673,NA
AVPI1,0.373997297200952,0.158012586789014,0.659723000173566,0.234123952793411,0.814888750994035,NA
ZFYVE27,1.70852638478643,-0.107127107388501,0.538181389654935,-0.199646145199891,0.841757335577613,0.95986749419997
R3HCC1L,1.5113404867794,0.184659923905282,0.534767517239812,0.344777314529548,0.730261788932984,NA
HPS1,4.01113462041784,0.115626144129186,0.407453335993884,0.283688460491791,0.776649138772971,0.943045469032789
GOT1,1.99284512483142,-0.368032515138582,0.476106179735156,-0.770788616321724,0.44083223580741,0.794978036755808
SLC25A28,1.23263934155046,1.66523380116113,0.591274851691271,2.75036634295385,0.00595286710019391,NA
CUTC,8.64871297068055,-0.406130391861498,0.279015615688086,-1.45532326818206,0.145579787932766,0.49710151111372
COX15,1.12406334759525,-0.631682080257921,0.600111375930227,-1.05232924228102,0.292648519803304,NA
ERLIN1,1.03961807394532,-0.864392264970235,0.601799715094798,-1.44331770299239,0.148930995101153,NA
CHUK,0.479326429452271,0.200719275224051,0.641237106625545,0.308640276725603,0.757595179240008,NA
BLOC1S2,14.8479576358508,-0.00429792009245343,0.228529593890808,-0.0188017135732247,0.984999286831594,0.997080094546378
PKD2L1,0.0285971629912991,0.00708335167592634,0.490601629230456,0.0144345705803502,0.988483278924753,NA
NDUFB8_ENSG00000166136,33.8065116606478,0.0019452960088998,0.161347976909847,0.0120485222098936,0.9903869027327,0.998000298526934
HIF1AN,1.91540809673369,-0.46729450475013,0.495610416258149,-0.939387068675518,0.347532049826546,0.72991339016124
FAM178A,3.89615523152971,-0.102443116575361,0.383534209767771,-0.267115391680807,0.789380317181053,0.947284525436336
MRPL43,8.89102568924793,-0.179023839051717,0.275461533412776,-0.650196719647978,0.515565159718482,0.841740273516802
SFXN3,1.34861864160036,-0.351094936615753,0.559644565228099,-0.629428142625399,0.529068798426779,NA
NPM3,3.06454988955858,-0.762325211209236,0.47846937624644,-1.58986140250213,0.111866049523447,0.434585154753819
MGEA5,7.03835811201403,-0.155670331004564,0.294879909730416,-0.527673153265842,0.597726209827067,0.87728318123437
HPS6,1.75698610013225,-0.0342140357117232,0.485295930760045,-0.0703471553754539,0.943917350882172,0.987648233164879
NOLC1,1.81235858490598,-0.223206357898894,0.489738997896116,-0.453835691423506,0.649947092538923,0.899874143904496
NFKB2,6.19822759486098,-0.621450064273579,0.371327911355871,-1.67717055549474,0.0935091350452104,0.393896439266554
FBXL15,7.65704093593882,-0.729922743834246,0.283999009938487,-2.56705927357758,0.0102565078507698,0.0919953469931295
CUEDC2,5.32156157638528,-0.202621680320818,0.340543833622461,-0.593962985193424,0.552536870255895,0.854684036048871
ACTR1A,5.03337929340413,0.0218397170550004,0.374370572538151,0.0583670401332796,0.953456268160474,0.988582238095375
TRIM8,1.85252634781591,-0.183566749210144,0.503619538444156,-0.363893278823003,0.715937703809514,0.920280771923122
ARL3,4.91459468865593,-0.157891580331206,0.34940456458826,-0.452045247292777,0.651236386451075,0.900439173745401
WBP1L,1.40297771038363,-0.918543281117606,0.580766109218487,-1.57925330412017,0.114277967895889,NA
C10orf32,5.98920265895542,0.157496332211275,0.35632691262247,0.442622205515294,0.658039020513894,0.903311659041397
NT5C2,1.34737128568707,0.151139579800216,0.566242327090182,0.265614326154229,0.790536251149711,NA
PCGF6,1.06929280411846,-0.445769942631748,0.581272404194026,-0.762938110805762,0.44550030626027,NA
TAF5,0.605828509618407,0.201969461035215,0.628909506432202,0.318493000434047,0.750111003296719,NA
USMG5,18.018355399275,-0.024278148426965,0.248468307047441,-0.0977115537193645,0.922161340920996,0.983880196974474
CALHM2,1.62794708110226,-0.143562294849207,0.520946026915874,-0.275650769710486,0.782816311136334,0.945484006925204
OBFC1,2.89678813255647,-0.0490800269407536,0.427399673182121,-0.114827007431127,0.908582241807668,0.979475101551416
SFR1,3.03779009640168,0.241417607721492,0.429891594751026,0.558581025922329,0.576447692288858,0.868555268870245
GSTO1,29.4111459968886,-0.0185066163831385,0.183147618237485,-0.101081712945184,0.919485594640803,0.983880196974474
ITPRIP,1.97901414059519,0.454042426803901,0.537318092423246,0.850957719600436,0.394792839848707,0.758892262065204
XPNPEP1,2.74027179524246,-0.785211572636497,0.50649369330618,-1.55483052861691,0.119986436301763,0.451794421096193
ADD3,5.64910542053328,-0.348484550897086,0.348300973909716,-1.00001593578565,0.317302795937163,0.704241805881064
MXI1,1.17869513258393,-0.956274215818552,0.573187200851004,-1.64644476841503,0.0996722224667814,NA
SMNDC1,2.42540188239034,0.875953199989936,0.505765926849833,1.71882527324385,0.0856461921375793,0.377710561261952
DUSP5,2.61328241230497,1.85334348225642,0.480681619814104,3.71290358783173,0.000204894955941604,0.00359522349358868
SMC3,9.69644237505706,-0.266341588862681,0.268592481931169,-0.991006279742806,0.321682513899073,0.7073252937196
PDCD4-AS1,1.7775037960025,0.238714815588858,0.500419240987492,0.475784360387446,0.634228013034691,0.892211981511767
PDCD4,22.6834372866195,-0.0140845786014019,0.219248669331563,-0.0642615857440855,0.948761940340126,0.987648233164879
BBIP1,2.10993803145917,0.271057043266956,0.521374465232172,0.522943980747882,0.601013237360776,0.877505019104904
SHOC2,5.25873415869044,0.447686644993713,0.338450090359583,1.32084284405845,0.186553770713138,0.563084317106628
ACSL5,1.90240909207575,0.47998124729995,0.519166680108993,0.910125540231596,0.362756306649664,0.742491576501798
ZDHHC6,3.50718773685831,0.553711952093677,0.407525191445459,1.35610900082038,0.175064489472908,0.543838999270018
VTI1A,1.34095495609553,-0.00541554349963859,0.538993656974923,-0.00999122731099392,0.992028286614188,NA
TCF7L2,0.320864513992888,-0.282387800585975,0.665770529813086,-0.434449610815967,0.663961978449062,NA
CASP7,3.42175897869421,0.934353025258577,0.438913042284452,2.11402261623863,0.034513335707304,0.216026396151306
C10orf118,5.58887169506043,0.0950031994824213,0.355598574302687,0.267181204917375,0.789329646598203,0.947284525436336
ABLIM1,7.49105189150341,-0.240990313588285,0.527667848357282,-0.460385052093042,0.645239862067628,0.897814805185654
KIAA1598,0,NA,NA,NA,NA,NA
FAM204A,7.89695139102935,-0.573805821584261,0.318951026526038,-1.79949479953014,0.0719404458180456,0.33684863358104
CACUL1,1.75472071194825,0.482303709931362,0.531270812352496,0.899883231218452,0.368182394859582,0.742521270722393
EIF3A,6.86558675328954,-0.378524651362705,0.32460302859534,-1.16673066879533,0.243319153422381,0.628978439967429
FAM45A,2.6377061813022,0.169753090539651,0.469035309521474,0.360487902409231,0.718482301849443,0.920598036583438
PRDX3,8.62912811586331,-0.0873025816287568,0.277179443523681,-0.314817962049692,0.75289987294978,0.932921449076858
GRK5,3.19090186193675,0.113457940891945,0.405842577753412,0.279079448907312,0.780183854199836,0.944112139886881
RGS10,12.066746099458,-0.144875085244093,0.269181970612623,-0.538370488734303,0.590321296137442,0.876264899235887
TIAL1,8.43732838499162,-0.153348889044313,0.274565002731653,-0.558487272761682,0.576511692976453,0.868555268870245
BAG3,0.52858162516112,0.0268902041646416,0.663691394217413,0.0409364191623454,0.967346583477484,NA
INPP5F,0.348775590460809,0.0523889130525731,0.662313365330282,0.0765741414560072,0.938962330666867,NA
MCMBP,4.6353203056139,-0.0687525293971498,0.359777031324014,-0.191015381203078,0.848513542576188,0.960913700132607
SEC23IP,1.08691161936744,0.336651691366865,0.592169449960808,0.560233602513097,0.57532010981455,NA
WDR11,2.30994472818755,-0.186468006489061,0.468385838190176,-0.398158652376927,0.690513242287132,0.916386366490548
ATE1,1.17635058476757,-0.0716041828595175,0.553331254227612,-0.128850619518729,0.897475850754557,NA
NSMCE4A,5.77558709307737,-0.159811272339177,0.319371843153607,-0.500697872236687,0.616583769980205,0.882915092466009
PLEKHA1,6.28792401228899,-0.36597172297276,0.366715218942642,-1.00089857571145,0.316875845207451,0.704241805881064
BUB3,27.4624084154766,-0.109195116101759,0.176903632734845,-0.617356234838846,0.536999782376009,0.850532978569968
OAT,4.36638608145198,-0.300129447258208,0.390413150729425,-0.76912453162631,0.441819386352983,0.795667892494732
METTL10,3.49716290755019,0.230504998706584,0.459372540154982,0.503719100990127,0.614458783794361,0.882299792114979
FAM175B,1.56406666228142,-0.00296216299710773,0.519501561719438,-0.0056961546758374,0.995455150705382,NA
CTBP2,4.52490634022561,-0.644407905375922,0.377962004766268,-1.70481326443138,0.088229256853004,0.383833725681168
EDRF1,1.44269613295757,-0.297012641817171,0.54309072419582,-0.548230497856324,0.583533643500203,NA
UROS,3.81634039750049,-1.16139860849975,0.41579123584011,-2.77659544309546,0.00549315044990891,0.0572592949867733
BCCIP,2.8963182798759,-0.134737855219308,0.452370698971509,-0.297822783225505,0.765838424691019,0.937565806574992
PTPRE,10.1166338421326,0.110940091991197,0.297317107950694,0.373737409085731,0.708599690461279,0.918699916413199
MGMT,2.97946254759648,-0.492522726417405,0.429106244861077,-1.14290855661037,0.253076559544632,0.640170595599684
GLRX3,11.5192800078751,-0.254235685005738,0.289543331084657,-0.879545883131459,0.37910536650403,0.750292195937187
PPP2R2D_ENSG00000175470,1.60853723844953,0.00892481367849122,0.527392419988908,0.0169748025459963,0.986456717531416,NA
BNIP3,0.870037760234941,-1.12365589671118,0.608338745285971,-1.81967606882342,0.0688083497957225,NA
ADAM8,13.7174315881881,-0.47741490895481,0.246675828622256,-1.93370095835544,0.0531499059522501,0.281187040133311
TUBGCP2,2.98866643015579,-0.269312504414732,0.429410496159494,-0.627465572512152,0.530354096583989,0.84858515865055
ZNF511,3.34259571722606,-0.437792925063295,0.423095949669692,-1.03544060529736,0.300463190878941,0.685285197914533
FUOM,1.7944212679388,0.0281590292271652,0.537389893248337,0.0521334443437159,0.958422364457566,0.988997568811304
ECHS1,11.1943620366384,-0.515803439652714,0.277472338697369,-1.85920123649782,0.0629986196291654,0.313022818342333
PAOX,1.9345511525085,-0.84475223729012,0.497963144743638,-1.68447164159773,0.09209055551967,0.390939261496406
BET1L,1.14717300640768,-0.207249153688723,0.575412720059669,-0.359797021683804,0.718998930599152,NA
RIC8A,7.12583906766573,0.379027223427591,0.287632764308158,1.31703490208474,0.187826925745974,0.564394953095974
SIRT3,1.19838964692655,-0.717977916013711,0.583938355282597,-1.23400515759273,0.217200982375471,NA
PSMD13,16.0669797818643,-0.238122753694208,0.2548873632386,-0.934906476421215,0.349836499158041,0.72991339016124
IFITM2,97.4329929744737,1.42118064610543,0.147788261236201,9.61001880749877,7.25357358938672e-22,6.69873883763714e-20
IFITM1,18.2727428265809,1.84432025376694,0.230698174136325,7.94275263740735,1.97743048482493e-15,1.3176195027998e-13
IFITM3,91.4493365433524,3.89268967481491,0.363407882313914,10.6099387443876,2.679246646609e-26,3.27989635994181e-24
SIGIRR,6.73284870568246,-0.851020738592959,0.307342359118985,-2.7645781626883,0.00569964502261155,0.0589448554008393
RNH1,12.1233823886434,0.000753338806590367,0.245019143187133,0.00307667782068785,0.99754517014119,0.998757937632699
HRAS,1.08474215304813,-0.462297681755768,0.588561271542652,-0.784892653384778,0.432516509815013,NA
RASSF7,3.7226063235227,-0.101419593209593,0.385144625035084,-0.26287264165111,0.792648743713809,0.947331951222146
IRF7,87.6087363057404,2.95396372998388,0.181493170063262,16.2043778181299,4.69615794231975e-59,2.0600479506976e-56
DEAF1,1.17830564057679,-0.264849819500235,0.600574159115637,-0.445830948122698,0.655719364681541,NA
TMEM80,3.54976673756267,0.0515983551278278,0.397782332928918,0.129672589377037,0.896825469937232,0.976399022492159
TALDO1,17.3575224223755,0.209136510065614,0.211287131418077,0.990037736102638,0.322155674687466,0.707774403820876
RPLP2,238.223723820772,0.128905164756292,0.131394574691482,0.981009829917534,0.326587894095546,0.710584304560553
PNPLA2,2.22794663262654,-2.31258040862155,0.552962445167405,-3.96297673938946,7.40209961820534e-05,0.00146483655602379
CD151,1.62235250889463,-0.727364437992501,0.545244745121947,-1.3133350185632,0.189070083430027,NA
POLR2L,18.5543558097213,-0.27461743522761,0.19005442810662,-1.44499380221191,0.148459626521497,0.503538320882192
CHID1,3.47638675849729,-0.741311180188702,0.390645540303206,-1.88926022105697,0.0588569689213657,0.300507356355062
AP2A2,1.85842138129083,-0.724161764070269,0.598178591899455,-1.23417876023959,0.217136300164619,0.598615944419836
TOLLIP,4.78746036995656,-0.0851320440969545,0.362282625121533,-0.234742768597021,0.814408390529682,0.95063330273134
MOB2,6.65039210879138,0.139699054433617,0.299403879542106,0.466477812496494,0.640873525542124,0.895675993427031
CTSD,15.8152928942877,-0.834209935190853,0.233243085880112,-3.57487248261426,0.000350398634439751,0.00567537972827954
LSP1_ENSG00000130592,38.2534268984204,-0.564065244361577,0.207245278428822,-2.72025813968481,0.00652309714751048,0.0657808110814083
MRPL23,8.34489615230819,-0.178383031218099,0.289239415811877,-0.616994655224612,0.537238251091403,0.850532978569968
ASCL2,6.76181013768709,0.788798336345551,0.350447845969542,2.24144739281346,0.0249971095553078,0.174979766887155
C11orf21,0.83806396201451,-0.252738173557859,0.61407313718521,-0.408124305284785,0.683182416797983,NA
TSPAN32,0.798500533897398,-0.512807620631703,0.636225473843391,-0.805193199260201,0.420708200314492,NA
CD81,0.944335777308049,-0.215200293346898,0.598768629994848,-0.3621167029085,0.717264822361447,NA
TSSC4,12.3201003753478,-0.329089164902507,0.260660017428877,-1.26271552896544,0.206691431191099,0.588120915562133
KCNQ1OT1,0.60340539546143,-0.583872033733049,0.651642150834254,-0.872996775731715,0.382664835148663,NA
CDKN1C,0.296540212791126,-0.109661571653432,0.491442418670539,-0.27158792507685,0.785938884988608,NA
PHLDA2,0.537497836090019,-0.23031155868663,0.646298877272486,-0.349720221203692,0.726548676511864,NA
NAP1L4,7.92036135370056,-0.287434040161978,0.316062410292325,-0.908802862780885,0.363454195186599,0.742491576501798
CARS,3.98852716568265,-0.545619019812731,0.404035109844888,-1.34698784128521,0.177984148633985,0.548220338448973
ZNF195,2.5141651440137,0.0353927078831108,0.508006330518281,0.0705149539858591,0.943783798618127,0.987648233164879
NUP98,2.60987621628619,0.0207658600660601,0.453696438840325,0.0457321708042833,0.963523722032014,0.990737780820354
RHOG,16.9802139863687,0.0371550235835123,0.217697475940821,0.170642477279025,0.864504895711519,0.966292154791287
RRM1,2.16890153736408,0.0349402949644556,0.467156289535144,0.0744447260718943,0.940656521253385,0.987648233164879
TRIM21,6.09124447321854,1.75094240229191,0.353317066039721,4.87391848445738,1.09406148199829e-06,2.96862868105103e-05
HBB,12.7132545752312,0.444940676838331,0.253006601402977,0.391733740862778,0.6952549569102,0.917018815628989
HBD,0.286073479875168,0.100984967556999,0.492753703475249,0.214990702768245,0.82977456719944,NA
HBG2,0.391669033357543,0.192794373537121,0.667979557478969,0.317996849877248,0.750487326419914,NA
TRIM5,2.9628549274819,2.29330748987174,0.506248047022542,4.26449650405534,2.00353480921604e-05,0.000454595139470398
TRIM22,36.9069980864541,2.93457209132529,0.200798426215143,14.4459064140709,2.66034294013523e-47,8.23767366874815e-45
FAM160A2,2.13934887003705,-0.482421510164588,0.501953914284146,-0.964910267247617,0.334589758389928,0.716258840245866
PRKCDBP,0,NA,NA,NA,NA,NA
SMPD1,2.47812592158283,-0.370505389618531,0.46291063243557,-0.799961969897726,0.423732831500733,0.78001704816056
APBB1,1.19508365631701,0.327892708447045,0.610077919677258,0.53599433779068,0.591962463730274,NA
ARFIP2,1.730409698554,-0.324940714667552,0.521590004976539,-0.623011394728611,0.53327703391714,0.85016340257905
TIMM10B_ENSG00000132286,5.59171635129124,0.0356941202375763,0.327169093567776,0.109101798018172,0.913121748792199,0.981200985965268
RRP8,3.00226700121537,-0.130547275499974,0.475591898770977,-0.275392208933564,0.783014929135823,0.945484006925204
ILK,15.4247926832757,0.419386480389964,0.212016750372319,1.97648771692678,0.0480995655543431,0.264296568975013
TPP1,3.00092384799218,0.0347225561878287,0.433030080592674,0.0802153546923405,0.936065978236024,0.987648233164879
MRPL17,5.40420054910698,0.660719765837882,0.339626096379867,1.93998975641016,0.05238093480021,0.278149440814769
EIF3F,38.0308378274386,-0.586284625905438,0.15268170588437,-3.83902970057669,0.000123521489570292,0.00230573447197878
RIC3,1.02994049100217,0.027583846181065,0.630746063582945,0.0449224694058438,0.964169106925508,NA
RPL27A,232.183428969272,0.136392725995967,0.108249177395725,1.25996005363231,0.207683772950872,0.588661665134763
AKIP1,2.85432404140799,-0.738483366046956,0.504816622503158,-1.45764011959763,0.14493976511385,0.496074722730369
TMEM9B,18.766780178491,0.132668602738217,0.188180874250908,0.705007414045801,0.480805622280062,0.822274462534843
NRIP3,0.137491741601143,-0.000891105634992443,0.616194101384892,-0.00154669019541359,0.998765920264772,NA
DENND5A,1.02817727239964,1.76201067758657,0.632063345088117,2.72151635164943,0.00649831701349701,NA
TMEM41B,2.19687598102048,0.22385055048689,0.491942395594113,0.455642234088963,0.648647267504585,0.899731018746808
IPO7,1.08228557776215,0.601174408156772,0.581902821674506,1.03161543144401,0.302252308456095,NA
ZNF143,2.25254946574479,0.0616738922634059,0.463558602590245,0.132554959959811,0.894545354730922,0.975654946665784
SWAP70,0.822401631516318,-0.447555517277175,0.624105258443739,-0.714718968573878,0.474782714349099,NA
SBF2-AS1,0.213431864260576,-0.239243320384613,0.640673403669107,-0.389805193850863,0.696680602852078,NA
ADM,0.372574820716136,-0.219916413519798,0.66802225229313,-0.349230601775159,0.726916193858709,NA
AMPD3,0.189854786713355,-0.366506159099638,0.630408681295071,-0.627171271159697,0.530546972815311,NA
RNF141,1.74986996775669,-0.584536106981278,0.524979035725322,-1.11267397127649,0.265848478306243,0.655162167511265
CTR9,6.81460427390673,-0.137935253738646,0.320607900747828,-0.431074873957972,0.666413929452912,0.908050586742816
EIF4G2,18.824328975726,0.258307462176912,0.23553889230526,1.0968590621732,0.272703006789231,0.658188274983269
ZBED5,1.9970720193578,-0.370422406025827,0.529108312674749,-0.705310777420646,0.480616854928225,0.822218759942209
ZBED5-AS1,0.286087870014936,-0.728094802671091,0.66792732102733,-1.14078948231784,0.253957538492928,NA
USP47,6.40054645357709,-0.224078825228352,0.320077994000492,-0.699940429584017,0.483964507415193,0.824462513603099
DKK3,0.161813766978046,0.134846399381917,0.623332696959331,0.243651164385631,0.807500998722395,NA
ARNTL,5.01578203556554,0.441906150060153,0.368934103893982,1.19509672243173,0.232049242414126,0.618348143190213
BTBD10,2.56527530456792,0.0438412257006409,0.434064041056953,0.101025343022217,0.919530342270471,0.983880196974474
FAR1,0.996958225822435,0.409940866840587,0.603643350048279,0.673445505347644,0.50066390675541,NA
RRAS2_ENSG00000133818,5.04054071527612,-0.260412495614592,0.363670868895468,-0.716705489448418,0.47355583801408,0.8168221086443
COPB1,9.62887612357137,-0.115044670484723,0.260154079216467,-0.442310757857048,0.658264347280167,0.903311659041397
PSMA1_ENSG00000129084,27.344562741886,-0.0438079699990375,0.174309737299411,-0.251334077498622,0.801555830497236,0.947964478035823
PDE3B_ENSG00000152270,2.79203005701364,-0.545345425841982,0.492212917761976,-1.10486529322191,0.269217963151417,0.657142383348775
C11orf58,46.8181415032295,0.120855102472639,0.160930976867196,0.750993448007829,0.452656598935831,0.80309549605602
RPS13,243.39940859211,-0.095790106013519,0.097301875271577,-0.984439846982828,0.324899294045348,0.709950138586431
NUCB2,13.0306832750433,0.519068547171092,0.242546261639109,2.13900466249747,0.032435290767189,0.207712129681853
SERGEF,1.77864979692826,-0.769525825481586,0.510862272547821,-1.50087216913997,0.133388627783834,0.475070989417334
SAAL1,2.93359761554679,0.0817724074724274,0.51148591775382,0.159694150486196,0.87312200900229,0.968826782333063
HPS5,1.1283057620549,-0.748501689602722,0.605440457231641,-1.2440269038192,0.213489661370488,NA
GTF2H1,3.28100882484207,-0.331458438873538,0.40883764500554,-0.810128867473145,0.417866114601593,0.774724032066292
LDHA,139.163405390312,-0.469828858802564,0.1236622540036,-3.79940207836078,0.000145045607520138,0.00266370751619739
TSG101,14.6867386831741,0.08501510205047,0.220058316576664,0.386195823519201,0.699351646626199,0.917214265271815
SPTY2D1,2.14898302551022,0.940378743763386,0.526332740214842,1.77141580074709,0.0764915829676905,0.350931874538724
ZDHHC13,2.06229134496266,-0.0947153233364396,0.487764476089171,-0.194508064301823,0.845778081913489,0.960714774054481
HTATIP2,11.6083582304836,-0.0162864861126516,0.241385100539097,-0.0674534889830504,0.946220688061557,0.987648233164879
FANCF,2.83075056517852,0.249949975315138,0.428454216428789,0.582475734456283,0.560246281582562,0.861022635900994
SVIP,9.48495481106047,0.209355058812786,0.303722611125409,0.690291091158607,0.490011149182998,0.828309478681045
LIN7C,0.980494215074089,-0.235663141559515,0.571801393686198,-0.410937510752859,0.68111835629683,NA
ARL14EP,5.70147384526903,-0.579798447796753,0.338209414756523,-1.71286797968768,0.0867368302792736,0.37953672035752
IMMP1L,2.39657548406395,0.248472128973794,0.482067513539048,0.51367494506122,0.607479271949321,0.878267203389515
RCN1,1.26447414196378,-0.35117970137213,0.55616736592832,-0.624689041056439,0.532175167103891,NA
EIF3M,22.3754719805764,-0.096941325402861,0.185638253337576,-0.522246816702444,0.601498493269981,0.877505019104904
PRRG4,0.199408687572397,0.318379180253411,0.629715142318846,0.48695900371703,0.626287383766768,NA
CSTF3,1.8331182112488,-0.0201684752584654,0.551850588949942,-0.0363555208127465,0.970998879963128,0.99384369125528
HIPK3,1.06336977321514,0.201198575675136,0.583744768862766,0.344007328160496,0.730840774993536,NA
CD59,12.390566437706,0.404835215250204,0.320013821238302,1.26501390833663,0.205866342159466,0.587360664025707
FBXO3,2.65554723937408,-0.271988753527124,0.440646544260758,-0.615441119828594,0.538263442747642,0.851132100517749
LMO2,0.0888369990712679,0.138865041591986,0.534278416527122,0.250322591965978,0.802337886641958,NA
CAPRIN1,2.54317953789359,-0.672593858869608,0.441084746352096,-1.52114204411107,0.128224195567195,0.464263436563801
CAT,5.8577373430064,-0.6664878956662,0.325306685610585,-2.04571095329154,0.0407848174447738,0.241214801864603
APIP,4.68788212713172,-0.186899664531346,0.350360223034289,-0.53366242712062,0.593575108826597,0.876264899235887
PDHX,1.55824997369073,0.0103700115984432,0.556501836829944,0.0187233073687919,0.985061834921139,NA
CD44,59.5936617203271,0.254327756990454,0.207315938000032,1.22671769909083,0.219928713078803,0.602030548958305
TRIM44,2.92486143143361,0.906300529529432,0.464009981113164,1.93889716503521,0.052513861238269,0.27838163701737
COMMD9,3.51007372608935,-0.288236737709291,0.422694366882369,-0.68048397644126,0.496198064322432,0.831916756134809
PRR5L,9.42914147957631,-0.959524609253626,0.289444803732693,-3.30904606986467,0.000936144316699897,0.0135380870415062
TRAF6,2.51801848021407,0.225503529099875,0.493835696254192,0.457340264351813,0.647426493201212,0.898748169886915
API5,4.60051719941038,-0.399217446853193,0.365590367645308,-1.0923540291169,0.274677520802357,0.660833342549618
TTC17,3.43781530149237,-0.42339972277938,0.397079580382917,-1.06554801468871,0.286628009686313,0.673481727388762
HSD17B12,3.04630892097593,0.0943289720711154,0.458927008050044,0.206425700023564,0.836458397393635,0.959060926698885
ALKBH3,2.24174653130819,-0.555077201878077,0.496522352993991,-1.11342584653653,0.265525579482261,0.654867908936878
EXT2,2.12344901020195,0.693429885088051,0.507015023981807,1.36309438977559,0.172852764674073,0.541070739285211
CD82,12.0545594729093,-0.964346666647236,0.296361596998531,-3.2497123767714,0.00115521783317816,0.0163469534243275
PEX16,5.12078987908946,0.279567740326533,0.35232320055924,0.792797035067502,0.427896084229203,0.782560209234082
DGKZ,2.78209921391874,-0.345644512149354,0.453569010460643,-0.762853633501967,0.445550690906759,0.797702970795273
MDK,1.15439042106897,1.93241841943652,0.609787144867205,3.08987447314093,0.00200241104482226,NA
ATG13,1.82538749293275,0.235251671458527,0.528059787301064,0.447305806050233,0.654654275449158,0.901783132114469
ARHGAP1,1.15731761318773,-0.842465747254548,0.606015583276678,-1.36831646594223,0.171213038881126,NA
C11orf49,1.91519496706554,-0.15423822459896,0.567417053579856,-0.275872254951693,0.782646184616294,0.945484006925204
ARFGAP2,8.31057433796144,-0.438439751709272,0.282203934128481,-1.55325220833133,0.120362892972742,0.452241447971815
DDB2,1.69053171412309,-0.0930107694154634,0.522450469505519,-0.176776692127963,0.859683797687705,0.965310475901895
ACP2,1.40268639672871,0.517523018905993,0.536181045685363,0.958711234321195,0.337704237341573,NA
SPI1,2.28554564818936,0.170015375799158,0.598978770981276,0.289203264465827,0.77242583386123,0.940997359279221
SLC39A13,1.07763978931918,-0.0971248219908712,0.58696614163699,-0.16584433297953,0.868279456514898,NA
PSMC3,17.4361611961395,-0.00128650072730457,0.209292282789214,-0.00614333389646029,0.995098359563946,0.998386668092376
CELF1,4.24762661968904,0.535475186414088,0.402426276363007,1.33109910050978,0.183156404916393,0.557625977721164
NDUFS3,9.03502534806905,0.0544075417658323,0.286688896958171,0.189697706893712,0.84954601781781,0.961309165475699
PTPMT1,6.02157211158068,-0.341298913614596,0.311525250781365,-1.09563988456556,0.273236400075102,0.659173423462575
KBTBD4_ENSG00000123444,3.15538257694418,-0.260311479637032,0.423535870547051,-0.614113583662073,0.539140272634934,0.851256856869114
MTCH2,6.88322819309675,0.0262459793996904,0.31705298148666,0.0827837715700607,0.934023473241325,0.987648233164879
FNBP4,4.92614890338612,-0.207033736903679,0.36626755548232,-0.565712697462264,0.571589102177326,0.867699110066337
NUP160,1.68719033139489,0.0498678564928103,0.539974425368279,0.0921707636320986,0.926562366383896,0.984736361186999
SSRP1,5.63459977188141,-0.170636441504632,0.337230323742353,-0.505972117363075,0.612876223660167,0.881229292910985
SLC43A3,0.733005741543939,0.107425595483377,0.614653209509558,0.174309242875448,0.861622435679703,NA
TIMM10,3.30510736024744,-0.728614826426087,0.410347156310932,-1.77213922561334,0.076371448989012,0.350802188026317
UBE2L6,79.1692197684174,1.92500186409164,0.135653350167562,14.1675588149305,1.45470072527926e-45,3.64644981803335e-43
SERPING1,0.251542274483079,0.455846992653088,0.647759950680224,0.724217958963487,0.468931934751873,NA
YPEL4,1.4783959504423,-0.654943627466841,0.539794054406289,-1.20975458620387,0.226373077128145,NA
CLP1,3.54838023491322,0.0968544522699142,0.394233097776102,0.245947201488053,0.805723104293871,0.949093669729232
MED19,6.944604730878,-0.239734501593211,0.300831826448894,-0.796389151824969,0.425805881602468,0.781807520319285
TMX2,8.34160596722217,-0.0746073340694809,0.296764521992737,-0.251336454718401,0.801553992722266,0.947964478035823
C11orf31,22.7887975261491,-0.48479164842556,0.192861693224855,-2.51320916373394,0.0119638378650698,0.101740941069026
LPXN,20.6946555610534,-0.229732934665337,0.207351506294349,-1.10811003529589,0.267814297505877,0.656135616749307
FAM111A,2.84231782519175,0.169736905111082,0.42718668067384,0.395759944897293,0.692282128597081,0.91653641518341
MPEG1,0.0703441993419032,-0.0585651314530392,0.513413658984276,-0.117170700086428,0.906724784900642,NA
PATL1,1.39611732270028,0.205803680222853,0.543501121778821,0.37773610121535,0.705626646411084,NA
STX3,0.882882727189526,-0.595199111658291,0.637545407520089,-0.969658808999158,0.332216588733767,NA
MRPL16,10.314838943853,0.296795094900842,0.245675168364966,1.20765431563491,0.227180257348739,0.61191179388925
MS4A6A,1.04202915546033,1.20172250894999,0.65166542745272,1.95210096661074,0.0509262185084561,NA
MS4A4A,0.0849752663080857,0.130197180770897,0.529732867989741,0.236529728456485,0.813021641646949,NA
MS4A7,1.42215497194598,0.447858743053853,0.604979492497569,0.768480351501224,0.442201859492586,NA
MS4A1,1.48471137696208,0.349982386754432,0.537747328138448,0.644490723388908,0.519257271192301,NA
MS4A12,0.0604291651784408,0.00708335167592633,0.490601629230456,0.0144345705803501,0.988483278924753,NA
PRPF19,2.93578396355497,-1.09081291025603,0.421933336518187,-2.56511753286431,0.0103140860956193,0.0923356279036398
TMEM109,14.2777311455919,0.33585296156757,0.229034619245918,1.46571949470144,0.142724720953934,0.491047667386608
SLC15A3,0.161158986622369,-0.0564368023586787,0.623412339341145,-0.100662366951263,0.919818486402169,NA
CD6,5.74678101419147,-0.146557494230278,0.385179281307808,-0.379532196162251,0.704292700424076,0.917215665787009
CD5,1.33346997996611,-0.247101618544156,0.58382502466391,-0.425034359355191,0.670811627511995,NA
VPS37C,0.357056087642772,-0.23765774687911,0.538737410915472,-0.477711347006831,0.632855666991663,NA
DDB1,2.77417437352936,-0.323801913316658,0.430021008409259,-0.753066929179785,0.451409696047293,0.802323127022098
CYB561A3,2.33082362802918,0.388683852085135,0.468811275938927,0.826012494494884,0.408797004159009,0.769281115239661
TMEM138,4.74259668950788,-0.404602771251656,0.382234030001267,-1.05750331539486,0.290281942323152,0.676125727605784
TMEM216,5.21063096791436,-0.225622195270151,0.373916457749751,-0.604279921714991,0.545657552981752,0.853145895522196
CPSF7,2.20425295604965,-0.627579221717118,0.488204736989542,-1.27833339292652,0.201131898414883,0.580861828098149
SDHAF2,10.3373777021387,-0.338545600425058,0.284727167004724,-1.18913847022875,0.23438518216278,0.619068539340127
TMEM258,23.3766290726207,0.541495062453992,0.190853826865559,2.83601603012872,0.0045680153167902,0.0497620120114987
FEN1,2.13348115179223,-0.124436002048766,0.523565801410916,-0.238186900527923,0.811736136652591,0.95063330273134
FADS3,0.87379821560185,-0.661461718800439,0.629846931233719,-1.03365578183171,0.301297111704779,NA
BEST1,4.42558305616354,-0.755049416565364,0.372289950019996,-2.02324382941081,0.0430480149040999,0.247115322197581
FTH1,2367.92090669216,-0.128285596739743,0.237117501747285,-0.541034073433507,0.588484097358979,0.876069086113593
AHNAK,1.74511915548203,-0.210321221386552,0.501556307181819,-0.418243691028497,0.675768954583398,0.910247639950616
EML3,1.97660234993967,-0.819092476221303,0.518606129521389,-1.57632966156453,0.114949849247317,0.43964303819447
B3GAT3,4.18314611053415,-0.210117602349851,0.382742094047824,-0.549804922851484,0.582453181772696,0.873057077827079
GANAB,1.20579199078647,-0.0851231379663406,0.545382321088266,-0.15459764055409,0.877138530198932,NA
C11orf48,18.3279016428737,0.218944789303404,0.197317849190148,1.10927524981166,0.26731145879958,0.655462541760462
METTL12,1.57623837093884,-0.377159607116052,0.524718088478004,-0.718838390091934,0.472240500714299,NA
C11orf83,5.96900344007256,-0.0444912878165225,0.3433896119702,-0.129686372538189,0.896814564648196,0.976399022492159
UBXN1,37.9624539527419,-0.25564109701877,0.153004262627413,-1.67072359580409,0.094776285972573,0.397215262229
HNRNPUL2,1.07464709172751,0.117380140757989,0.590243280645613,0.198540091038583,0.84262252088734,NA
TTC9C,3.51415017073626,-0.611207204475118,0.410478343424865,-1.48276110128164,0.13813789433064,0.484051545394029
POLR2G,18.9833685930625,-0.33302776947372,0.209287302643317,-1.59079487857686,0.111655745915534,0.434535905554651
TMEM223,5.28473239513836,-0.468213884911747,0.35068063885193,-1.33409517048594,0.182172668417368,0.55623951655976
TMEM179B,15.2117674818163,0.0363195769235566,0.23366778469856,0.155394112366293,0.876510625438348,0.970053107996375
NXF1,3.09792285954413,-0.124799540411013,0.408600637493254,-0.305593856161638,0.759913898909456,0.935060019602472
STX5,9.08134168094201,0.0348713485950803,0.285801472447024,0.122055528281688,0.902855041756452,0.978611663245645
WDR74,3.16663423789667,-1.28539925324108,0.435552811598579,-2.91879779756978,0.00351384068095113,0.0403861514072636
SLC3A2,49.6213620808839,0.383581695250152,0.193689579590404,1.98093919475526,0.0475980929389397,0.262515027789159
RARRES3,131.659470127421,0.679096459522635,0.132193374801038,5.13601502473862,2.80625233162042e-07,8.39324561002834e-06
HRASLS2,0.598467889758458,1.60298115621388,0.658581863457074,2.43627112281681,0.0148395572181351,NA
PLA2G16,10.919961072226,0.0509575968585004,0.255199673868426,0.199657952410598,0.841748100688571,0.95986749419997
ATL3,2.07777570339057,0.164766061313348,0.544696700538235,0.304747928636219,0.760558142996932,0.935415435685947
RTN3,8.79263848538693,0.203367241775166,0.26711041943311,0.761235704366297,0.446516295920446,0.797848534190505
MARK2,0.964454238466949,0.336654161956599,0.589622413982485,0.568603390236083,0.569625323575566,NA
COX8A,24.3818359522077,0.194064231245688,0.172938878117742,1.12206701044185,0.261833949208975,0.650819048267141
OTUB1,11.0894137803904,-0.302342953147659,0.240931754223798,-1.25510709264708,0.209439886058393,0.590717421213564
STIP1,9.84515987571839,0.205680268698086,0.280032888553065,0.734203327499874,0.462824825790684,0.811292002318401
FERMT3,6.49084125254673,-0.940963223408483,0.339188258027161,-2.76650226986917,0.00566611904243394,0.0587817274639871
TRPT1,2.64456230419705,0.0380772755656237,0.429369814765249,0.0885930122183659,0.92940536169073,0.98593682618384
NUDT22,7.28450641144039,-0.25425029536046,0.296826618443941,-0.857058530838275,0.391412537895518,0.758613990972757
DNAJC4,2.66340590300838,-0.130366872816795,0.45210089500086,-0.287110951904648,0.774027366649716,0.941441916599155
FKBP2,27.408628552669,0.306232081224117,0.184709469490605,1.65791954647434,0.0973337063017418,0.404073052028682
PPP1R14B,5.59079173657621,-1.02915678538258,0.395250844862257,-2.59454738527791,0.00947155565294435,0.0859803261088274
BAD,5.54798940335249,-0.133711111023299,0.332829549684473,-0.401857012157071,0.68778926117499,0.914504337162199
GPR137,2.49261666934476,-0.101368137155645,0.482612681809142,-0.209180929407442,0.834306999237457,0.958488006107808
TRMT112,41.7745628564204,0.0824842384338095,0.15996061935569,0.515640773483522,0.606105327286654,0.877703949235001
PRDX5,42.5687363731378,-0.942617780529419,0.164763795348177,-5.71878346696933,1.07289412696192e-08,3.92202408633856e-07
RASGRP2,1.37472782487689,0.295792360250444,0.558773783504201,0.526416363062244,0.598598949055197,NA
SF1,12.2578809642017,-0.378228614327745,0.244747923755886,-1.54545177872916,0.122237024201584,0.454739007347799
EHD1,6.18444317585048,-0.115629667291751,0.332244267749939,-0.34850371047121,0.727461927726304,0.924091400842208
BATF2,0.0583089696983777,0.0642497231558232,0.493347537389367,0.12962057903975,0.896866620887583,NA
ARL2,7.81128145663624,-0.0818553540360207,0.292517006196319,-0.27992888117891,0.779532068686151,0.94381542557948
SAC3D1,2.16821018462717,-0.523112472504432,0.605821441848347,-0.892491977157806,0.372129291091082,0.744547297206507
NAALADL1,3.01603330566147,-0.605531664720331,0.467804053437279,-1.28774739471755,0.197833909573652,0.578233037199169
ZFPL1,2.36660474648904,-0.22016393271476,0.46120724615009,-0.476277127970178,0.633876957779564,0.892211981511767
VPS51,4.00871789516506,-0.539262490358385,0.398729098990699,-1.35232433165409,0.176271583972533,0.545001232564164
ZNHIT2,2.93008640196265,-0.432549935691393,0.447181806801731,-0.965861304419162,0.334113587436493,0.715821702997843
FAU,180.650076199794,0.0468625413545333,0.101561682705462,0.461424088002726,0.644494372863393,0.897755591096295
MRPL49,6.95330936200998,-0.47791289900288,0.321696469449689,-1.48730983116842,0.136932999161305,0.48150655149306
CAPN1,4.71785624682351,-0.310631586476436,0.407904585393283,-0.759030670226914,0.447834210103014,0.798831858897212
CDC42EP2,0.282581007131446,0.504769449702204,0.646308665962769,0.818419616858127,0.413117624126162,NA
DPF2,5.23283635364915,-0.234899444199227,0.342077763402453,-0.686160050637328,0.492612186600849,0.829529926508916
SLC25A45,1.77822624209633,-1.03403291622199,0.579633439639767,-1.761406645614,0.0781696010438972,0.356183958979517
FRMD8,1.05201666227839,0.578824395668182,0.581909918480588,0.98822370859464,0.323043099364039,NA
NEAT1,36.2824078551823,0.751592750528693,0.171234406649471,4.38696931705723,1.14940996647582e-05,0.000268910847267943
MALAT1,8617.92702763441,0.198601169072371,0.0757724117340134,2.6210158911816,0.00876681753480666,0.0812474075760955
SCYL1,2.74623028841418,0.0228418374574297,0.450699215842078,0.0506778363840793,0.959582237954033,0.989663185852278
LTBP3,1.00468864101557,-0.586719171034027,0.599316429059169,-0.971720847354217,0.331189442559457,NA
SSSCA1,4.92813318966208,-0.386789090861823,0.35020042485184,-1.10354336625834,0.269791269855891,0.65731689611996
FAM89B,2.22880479394964,-0.125229487459832,0.535558417470728,-0.23534264314811,0.81394279995714,0.95063330273134
EHBP1L1,0.0949683850900321,0.0171439819085321,0.5887373978338,0.0310710961082299,0.975212840499902,NA
MAP3K11,1.09417351037384,0.537097859306937,0.56220632971404,0.942182718275335,0.346099100198832,NA
SIPA1,3.41135055248353,-0.507295950770001,0.406220386977668,-1.24610254206685,0.21272675169879,0.593135052836134
RELA,3.90534155830076,-0.493734835983098,0.389720705207742,-1.2667965797029,0.20522803540795,0.586493147875921
KAT5,6.51441388881663,-0.0270072950401654,0.30341191862982,-0.0889771042488361,0.929100106098029,0.98593682618384
RNASEH2C,13.7751909412459,-0.0281215958216071,0.2413551812504,-0.116524785269831,0.907236644089247,0.979036531336478
AP5B1,1.26559437752907,0.846797178795487,0.585178454120997,1.44999629992649,0.147059551028754,NA
CFL1,112.519228521007,0.341864928317829,0.102049709223293,3.3497690188625,0.000808789743109616,0.0119591831677781
MUS81,2.13961385468386,0.301402669302288,0.492418998230542,0.610903346287353,0.541263569386142,0.851742070151531
CTSW,76.5174164300478,0.34599274971431,0.189358385459853,1.82704514890643,0.0676929813092433,0.323857377630358
FIBP,13.0146604075264,0.260838015742909,0.227409213538441,1.1465574118171,0.251564586434355,0.63894998757468
CCDC85B,18.9950613975234,0.4566611523171,0.211450603633765,2.15869998763989,0.0308734497528134,0.201135939973775
DRAP1,94.032047359916,1.43721605670131,0.135826470466002,10.5740935969328,3.9295872709548e-26,4.70121531688774e-24
SART1,2.29723600050221,0.351743196986184,0.485638287281176,0.722660152841799,0.46988870218328,0.815289570375014
EIF1AD,1.56509151395361,0.315277179537244,0.535004260769765,0.588240794564539,0.556370678952336,NA
BANF1,17.4711305865562,-0.13336458446367,0.219978370457613,-0.606247644084816,0.544350319395439,0.853145895522196
CST6,0.0518236022752666,0.00708335167592634,0.490601629230456,0.0144345705803501,0.988483278924753,NA
CATSPER1,4.02760954472148,-0.99473891952478,0.445724497884031,-2.23362759814716,0.0255075864668461,0.176673598896682
SF3B2,14.8814117033284,-0.00220448948013398,0.212034700102869,-0.0103982410745613,0.991703553494062,0.998000298526934
PACS1,1.70511700171239,-0.204000638511156,0.561747363411438,-0.366261296379815,0.714170107046335,0.919307113353978
RAB1B,2.10240665649436,-0.431440950798457,0.493145676418813,-0.871512079390874,0.383474613263817,0.751430869465124
YIF1A,7.74070019920566,-0.372029756676866,0.290027866505103,-1.28228868813628,0.199741394619277,0.579624421872036
BRMS1,6.48186554238365,-0.243137433134415,0.31008132327062,-0.783808601120087,0.43315242619124,0.786663144975976
MRPL11,6.20122158022124,-0.0766155844410477,0.31905131942958,-0.239773178612954,0.810506100865656,0.95063330273134
DPP3,2.13506683577976,0.326291452724536,0.501051024951277,0.652747636718231,0.513918986353492,0.840626155055647
ZDHHC24,4.37251961869583,-0.721085419636411,0.387593058970924,-1.85954255963814,0.0629502725221556,0.313022818342333
CCS,3.96975306625181,-1.22619424990309,0.41123194391631,-2.96087727823034,0.00306764146534293,0.0362064230348995
RBM14,6.36359900412175,-0.314472301487421,0.322547227876174,-0.975757560547681,0.329184620339689,0.712087513044704
RBM4,5.57825541031806,-0.146617275519858,0.327131480828199,-0.448060672599617,0.654109409682385,0.901783132114469
RBM4B,3.98196685398155,-0.648485636258733,0.380582145132847,-1.69915980802804,0.0892890769771122,0.385260410825835
RCE1,3.27876414155579,-0.247170019812323,0.40265670420322,-0.612897003191386,0.539944444931759,0.851488183978664
KDM2A,2.13289105867061,0.199548923624489,0.48899197334849,0.40763649083796,0.683540569891732,0.913085437061073
ADRBK1,1.64909681833849,-0.295778456045556,0.513301498142911,-0.575025439370101,0.565274092221984,0.86274364205756
ANKRD13D,1.57207832605274,-0.59436309423487,0.546229652097622,-1.08112529341658,0.279641383625508,NA
POLD4,13.84521238929,-0.116188733956164,0.233958187322532,-0.496541085861753,0.619512707346611,0.884288125963148
RAD9A,9.55764209473338,1.08647879262522,0.293775883163397,3.68438861842453,0.000229252245096998,0.00395666825636262
PPP1CA,44.0381086697863,-0.256240703752876,0.149537359676786,-1.7135223046462,0.0866164935379111,0.37953672035752
TBC1D10C,10.2090362569863,-0.679919863196238,0.254328875283847,-2.67026429290244,0.00757915638544705,0.0727550139513979
RPS6KB2,7.31965864193317,-0.310427653564867,0.29310533842642,-1.05924983111736,0.289486016301651,0.674961737139459
PTPRCAP,36.7535977278961,-0.592851522186533,0.186617475879858,-3.17526572010639,0.00149699349506264,0.0205212858281503
CORO1B,1.520740898073,-0.786800276502643,0.527863930667238,-1.47864604359213,0.1392349399954,NA
TMEM134,9.24569228730292,-1.04158756392422,0.285691033695822,-3.63730703507349,0.000275503448765163,0.0046186310646491
AIP,8.90273866971143,-0.0734518923372931,0.274441156939827,-0.267476386762666,0.789102392698666,0.947284525436336
PITPNM1,0.168420876995282,-0.179601044441481,0.647018510010208,-0.275774333509209,0.782721398433391,NA
CDK2AP2,30.0767691504863,0.699887679912933,0.173250989411961,4.03752991526733,5.40169582713721e-05,0.0010948617493635
GSTP1,47.473102333024,-0.461290159117869,0.1495268730416,-3.08430126903027,0.00204030870361215,0.0263886609725168
NDUFV1,6.47971661297139,-0.662690878351928,0.323632708680361,-2.04480035569741,0.040874544692862,0.241214801864603
UNC93B1,2.13511743977594,1.91174236921638,0.50779975517153,3.59683833855677,0.000322108530959249,0.00528981624180887
NDUFS8,11.0055559068316,-0.152815144882907,0.268901276316472,-0.56833139831849,0.569809962730635,0.866651153948011
TCIRG1,3.30342541824377,-0.118171617846337,0.422600638345987,-0.279866321585909,0.779580066569069,0.94381542557948
CHKA,0.490590178296373,0.284822566338001,0.654886610308031,0.431976316225389,0.665758626632391,NA
SUV420H1,2.84509776048103,0.561466719744352,0.435551382918949,1.28327269703062,0.19939655464845,0.579262397168566
PPP6R3,2.05424003749135,0.719398422174524,0.505175053298528,1.41321224534303,0.157593327108228,0.516163157684582
MRPL21,8.9940336439652,-0.439259702342813,0.270000697844167,-1.62668910773661,0.103803143263164,0.419671338413224
ORAOV1,1.17150063426733,0.664493396327354,0.583881876943384,1.12401183149371,0.261008006703091,NA
FADD,7.38916065459063,0.106512527251771,0.324658309029955,0.328093909882172,0.742840658577084,0.929390124184036
PPFIA1,1.084078548553,-0.0468707182248084,0.591733443166509,-0.0800169090643362,0.936223807603488,NA
RP11-660L16.2,2.27832725093906,-1.21724930165512,0.52458762583226,-2.31241831282142,0.0207546421430852,0.153229223339692
NADSYN1,0.952994037206687,0.354627948414808,0.630386452132687,0.577837881823091,0.563373577028691,NA
RNF121,1.79284026606615,0.427926948950802,0.501505275886926,0.849508079860265,0.395598636148428,0.758892262065204
NUMA1,1.17200193844514,0.224081245349674,0.566961394217319,0.390538851250102,0.696138132363028,NA
LAMTOR1,20.0860357898499,-0.0819112751876566,0.189351169949825,-0.432589191460626,0.665313243078942,0.907308008178122
ANAPC15,2.27679760012209,-0.321826377277047,0.528304470736957,-0.614030532969289,0.539195150911463,0.851256856869114
ARAP1,2.09303817118389,-0.23672526091977,0.480172641624122,-0.493813463765647,0.621437923693058,0.884288125963148
STARD10,1.78388434330295,-0.615642935572667,0.524658116676632,-1.17036426074135,0.241854411689237,0.627462603810814
ATG16L2,2.44456143056819,-1.15662486329297,0.464648123430723,-2.46648055669815,0.0136448136070209,0.111878970136072
P2RY6,0.3089753863235,0.46080686217017,0.662491199441389,0.745029260563502,0.456254031186033,NA
RELT,0.183100405975476,0.309914803050413,0.651357524135965,0.461170028407354,0.644676622982464,NA
RAB6A,5.68163744388627,0.435571965874926,0.344677384099846,1.26120398558602,0.207235363062523,0.588424180191396
MRPL48,5.62659579897561,-0.75986839423961,0.359630472944065,-2.10719312543477,0.0351008425927548,0.218147385369848
COA4,5.01818402903523,0.0823048060930571,0.367898150185939,0.223596899514351,0.823070976422374,0.954958258736473
PAAF1,3.00167663555702,-0.0224571111238085,0.434468213303515,-0.0517235490084431,0.958748972956703,0.988997568811304
UCP2,6.26027167583543,-0.683612256898568,0.334628800034499,-2.03631488046026,0.0417187465457579,0.242878481380304
PPME1,0.654028729478686,-0.623890745122113,0.640296673117962,-0.976049184522538,0.329040091341637,NA
PGM2L1,1.23037620226316,0.0339546015056066,0.591168494049474,0.0564831868531854,0.954956889088477,NA
KCNE3,0,NA,NA,NA,NA,NA
POLD3,1.12845495593784,0.60697958419795,0.58065126163642,1.0298560132173,0.303077601948256,NA
XRRA1,1.29446407842044,-0.174204158224419,0.569600533089628,-0.304130637898328,0.761028366029447,NA
SPCS2,46.9754929305509,0.419239808815428,0.137703760929578,3.04391663336594,0.00233519842039317,0.0294783800598312
ARRB1,1.54060422301404,-0.65192776530478,0.594001147021451,-1.12801690287872,0.259312780723575,NA
RPS3,622.700317577626,-0.219143210392558,0.12191441147136,-1.79749097094519,0.0722577102556558,0.337801586843492
DGAT2,0,NA,NA,NA,NA,NA
UVRAG,1.85239790019817,0.628096671808477,0.509830830039715,1.21943112786248,0.222680601378047,0.607038159323687
AP001189.4,0.482212857342308,-0.153937108360069,0.667316574884455,-0.239537697501476,0.810688668733937,NA
ACER3_ENSG00000078124,0.876090902742808,-0.132625399847709,0.611269593775702,-0.218135392807086,0.827323621851857,NA
PAK1,0.478356665771708,-0.649758017454785,0.656080042801766,-1.01281922080665,0.311146518119171,NA
CLNS1A,8.13184616409323,-0.670151118721132,0.301894106418751,-2.21757635716478,0.0265837314230987,0.182446886846404
RSF1,10.2424255595658,-0.218389041603287,0.258275550785381,-0.845842770820743,0.39764046179015,0.759911380268678
AAMDC,2.86275835760796,0.125180440692995,0.445205122815554,0.281174726793819,0.778576388123702,0.943251117855734
INTS4,1.85362003481121,-0.414295902169673,0.504538500507782,-0.819713798009803,0.412379282262231,0.771834924401753
NDUFC2,33.5602472955244,0.0410169593381133,0.167099320864515,0.245438911930892,0.806116602841831,0.949093669729232
ALG8,1.13993443641369,-0.171997021149219,0.557031693756093,-0.307672135268247,0.758331824685641,NA
NARS2,1.07675531202933,-0.998312982026844,0.583897348780957,-1.68391967352155,0.092197193674806,NA
PRCP,1.743955721669,0.549796633207555,0.50613241321957,1.08170352960917,0.279384284295606,0.667580060159814
RAB30,0.554582789861815,-0.415497810466684,0.640549146538859,-0.641400729978037,0.521262358828738,NA
RAB30-AS1,3.18280982473707,-0.0935817797315135,0.415906562362867,-0.225011839195226,0.821970064072614,0.954958258736473
PCF11,6.52777276288971,0.13839960880842,0.299039994749459,0.46245091563827,0.64375799392522,0.897204680969647
CCDC90B,12.4188538439802,0.256356299155593,0.234103554141546,1.09491245921144,0.273554990101705,0.65963970128052
TMEM126B,8.54655457531605,0.118113395425532,0.266582481533749,0.442820869828852,0.657895306688311,0.903311659041397
TMEM126A,5.06113147228478,-0.243202427100415,0.344711201540148,-0.704534105508856,0.481100218362064,0.822511058609259
CREBZF,4.93280444350034,-0.071935471512366,0.372915126635386,-0.192791238856063,0.847122465152835,0.96083875383851
SYTL2,3.162136443245,0.802866133545131,0.47626621500106,1.67531826613443,0.0938718034345493,0.394681448306284
PICALM,1.86622309230767,1.47695346269684,0.538232566675869,2.68367969197421,0.00728168326415406,0.0709829272268648
EED,3.07312134388833,0.251707336595147,0.41443789032768,0.604965832680711,0.545201699222435,0.853145895522196
C11orf73,9.62297500842453,0.329384688708722,0.256356091622379,1.28365570293828,0.199262450209871,0.579262397168566
PRSS23,4.16977666834693,-1.17763220847066,0.424632803404788,-2.74915437609505,0.00597492383202013,0.0611906596337625
CTSC,33.4159788833708,0.51481482330348,0.246046246120855,2.090270308586,0.0365935248640347,0.224247165173782
CHORDC1,6.15943742359764,0.3020806092353,0.332559378361081,0.908163310984489,0.363791945024766,0.742491576501798
SLC36A4,2.33261571905844,-0.831228637170753,0.499425058080231,-1.66235086565352,0.0964424444809952,0.401322551579414
SMCO4,1.80827183325208,-0.0306870369207396,0.49593042061886,-0.0615800226764844,0.950897286338785,0.987648233164879
TAF1D,5.8695882637006,-0.294328899949692,0.380370011145216,-0.772222124559681,0.439982879840389,0.79399035978053
MED17,4.90694055981435,-0.221511654899578,0.344728918439079,-0.64169266731141,0.521072751218104,0.845099644435179
PANX1,0.235379027400611,0.6770592931556,0.660337715221166,1.02905782787739,0.303452501714158,NA
MRE11A,2.0995031120232,0.451227987889826,0.534789586366056,0.846720965406618,0.397150670025258,0.759666107199476
ANKRD49,3.03285730999413,1.05361929530927,0.473159430884142,2.20683336771581,0.0273257029521238,0.185843023695064
FUT4,0.0399585772398783,0.00708335167592633,0.490601629230456,0.0144345705803501,0.988483278924753,NA
CWC15_ENSG00000150316,16.2700659366767,-0.241029934782242,0.203940997561136,-1.18184523647492,0.237267114771901,0.621689443583519
ENDOD1_ENSG00000149218,2.87725286468876,1.69643086921221,0.482167079792573,3.41947451930773,0.000627422083860009,0.00965022767479758
SESN3,1.68477003222636,-0.273386127810327,0.525202318671971,-0.520680327462936,0.602589480941548,0.877505019104904
FAM76B,1.58919295389266,0.607918840336744,0.528718312148745,1.14467903123655,0.252342140694689,NA
CEP57,6.68233779902804,-0.105280647891922,0.307582474046722,-0.342334284963142,0.732099336849824,0.925275128253895
MAML2,0.638106517307296,0.598187961356303,0.649108843718683,0.915938283116049,0.35969926601891,NA
CCDC82,4.19419687327504,0.0586332283641679,0.376306344826218,0.155872991251703,0.876133134919244,0.970053107996375
BIRC3,31.1510030827195,-0.114211525661975,0.214056997283473,-0.533612667438113,0.593609542301514,0.876264899235887
BIRC2,10.7241623074083,0.0158951695004363,0.265960016097372,0.059807869590806,0.952308657772008,0.988436088024392
TMEM123,39.3990771320095,1.51013137488347,0.163715335644269,9.20810471041556,3.31933805658522e-20,3.01258543618355e-18
MMP7,0.249499304346104,-0.512029847347453,0.645734790824039,-0.817293048794396,0.41376097825534,NA
DCUN1D5,3.55807752161099,0.593730437755069,0.430110770849798,1.37688668360788,0.168547284887307,0.534031869612975
CASP4,32.3616013449177,0.6647101775801,0.166371098408412,3.99326726382486,6.51690422433602e-05,0.00130437200900779
CASP5,0.055561880650975,0.0610175915536028,0.490712330401076,0.120047533505961,0.90444549390402,NA
CASP1,22.41736941373,1.93391286955601,0.250405275984727,7.67961392263532,1.59568757179058e-14,9.54511292943821e-13
CARD16,43.9589368608718,1.77233930502323,0.195763483416321,9.03022361387105,1.71321352900708e-19,1.45457355107956e-17
KBTBD3,3.39082796998616,0.286924904706615,0.421354401791871,0.679141288700662,0.497048343432082,0.831916756134809
AASDHPPT,3.86761823834261,-0.0600771192934735,0.378406815861404,-0.158483509900271,0.87407581364004,0.969176908425014
CWF19L2,4.07028203554527,0.230439704509336,0.377897293742612,0.608986496820985,0.5425333892906,0.852251793860256
CUL5,1.87918557900698,0.703392062879086,0.525464783343225,1.32529270949203,0.185074086120963,0.560869308774181
ACAT1,2.86551729277582,0.119588221256537,0.475322172518874,0.250745112127752,0.802011180146411,0.94828994885236
NPAT,1.8537611680696,0.00726475776481448,0.497670440644272,0.0145781349267329,0.988368743201146,0.997985096835567
ATM,6.21335315943017,0.0626206380962794,0.29956213253825,0.208930337754005,0.834502620655632,0.958503555559949
DDX10,1.18041334191172,0.150669359366851,0.580646507420653,0.258872555373478,0.795733574175019,NA
RDX,4.00622886217503,-0.372154941567964,0.401203684893982,-0.928879640010646,0.352951465489361,0.733507296130618
FDX1,10.4498712544058,-0.135722860753557,0.255478334119715,-0.531247596752368,0.595247213885809,0.87720265747397
LAYN,1.7120253500335,0.131838285928863,0.559086126292002,0.233908803983405,0.815055778205347,0.95063330273134
C11orf1_ENSG00000137720,1.23067890261249,0.053341293595791,0.570581877186674,0.0930094307165007,0.92589606907379,NA
DLAT_ENSG00000150768,0.91807676326957,-0.166920390575055,0.615789235355771,-0.272637339960568,0.785132005764523,NA
C11orf57_ENSG00000150776,1.7803359068788,-0.00676434327214703,0.506212611065329,-0.0133503810822537,0.989348253469455,0.998000298526934
TIMM8B,8.92034126477313,-0.0613471775412028,0.261916763322715,-0.234178245476952,0.814846603098506,0.95063330273134
SDHD_ENSG00000204370,23.8991613545538,-0.00149381326676493,0.206885808833866,-0.00721821247109392,0.99424074972474,0.998279102354645
IL18,0.712393530229428,-0.570740264007737,0.653914265176816,-0.871645586460933,0.383401753376002,NA
PTS,4.22619296271761,0.199787379149699,0.384790254656906,0.518927607738982,0.603811224739847,0.877505019104904
USP28,5.24266716298728,-0.620141236654005,0.596940964319706,-1.06029870710146,0.289008727252366,0.674799279706057
RBM7,9.87127585409843,0.919136012177804,0.322338481539739,2.84997359728252,0.00437228584291568,0.0483523375569499
REXO2,8.27415042491453,-0.0576467283519412,0.30865740194353,-0.186841174574161,0.851785162695087,0.962014600593541
CADM1,0.747390885554832,0.291449499322804,0.664768531473153,0.421904575460491,0.673094670224767,NA
BUD13,2.34558106328673,0.616698015488036,0.49099420509742,1.25274746468285,0.210297626221449,0.59134973527228
ZNF259,5.82502900301545,-0.604799469681502,0.365543362345889,-1.65602043695792,0.097717680175302,0.404391406008482
SIK3,0.557291079290367,0.0221692928293472,0.66044474314387,0.033646316200374,0.973159188171546,NA
PAFAH1B2,1.22243999000321,-0.125731374781866,0.570567192003002,-0.218928055627225,0.826706091326468,NA
SIDT2,0.414963137998462,0.634685595307132,0.659106383677719,0.990935608874291,0.321717023251961,NA
PCSK7,6.89854648573816,0.0632923715716548,0.325869627993651,0.194050860495746,0.846136057804597,0.960714774054481
CEP164,2.12572337740085,0.682153928333914,0.48323561573628,1.4044235528624,0.160192761371044,0.519885755768914
FXYD6,0.0305280293728902,0.00708335167592633,0.490601629230456,0.0144345705803501,0.988483278924753,NA
IL10RA,10.2120033170809,0.10710443046786,0.274969596152884,0.389421253473455,0.696964552431027,0.917214265271815
AMICA1,3.20008725278975,-1.50542661095591,0.50962364123668,-2.90972611795515,0.00361745605017573,0.0411280532356912
CD3E,8.76129538439087,-0.326417534223299,0.421335950929841,-0.774372470976147,0.438710558361919,0.792781455275365
CD3D,16.4986237687934,0.272755358084225,0.451900758537346,0.601870828757699,0.547260123397074,0.853145895522196
CD3G,4.86168629113401,0.061303838255626,0.468154001211404,0.130391162043947,0.896256958563687,0.976183867138268
UBE4A_ENSG00000110344,1.36021894404792,0.691383642210201,0.546699794704117,1.25330951042015,0.210093088648538,NA
ATP5L_ENSG00000167283,61.741546021533,0.174440291369938,0.132680519249938,1.31457232277318,0.188653676975614,0.565209422652038
KMT2A_ENSG00000118058,3.1899272470203,-0.00619737570701175,0.430344210273264,-0.0143663617978039,0.988537696016625,0.997985096835567
ARCN1_ENSG00000095139,3.43715791623832,0.111777615998319,0.424010288980162,0.26342128464076,0.792225886988221,0.947331951222146
DDX6_ENSG00000110367,13.5523196159978,-0.407029424024188,0.23987275648017,-1.69672150908758,0.0897493242033415,0.386028270201823
CCDC84_ENSG00000186166,2.00096168652567,0.123627638894806,0.505701499998633,0.244456562010241,0.806877240033569,0.949213477887927
RPS25_ENSG00000118181,119.370984489782,-0.237418331843266,0.148815121238062,-1.59535668367339,0.110632496609358,0.43382436077478
TRAPPC4_ENSG00000196655,19.9474341152074,0.360410860217276,0.204501339321915,1.76174193248947,0.0781129096067307,0.356183958979517
H2AFX,2.25481737565745,-0.342683082987099,0.550717426980491,-0.625320412201284,0.53176078559942,0.849135698999837
DPAGT1,1.44604759277267,-0.0348314774316055,0.546532836799376,-0.0639546759641452,0.949006316223413,NA
CBL,1.11598198787367,0.301649870857737,0.596717233238937,0.507673366017355,0.611682429749482,NA
RNF26,1.66075720862825,0.345204002694012,0.518636532929792,0.663381884620639,0.507086004990196,0.836247095948745
SC5D,2.05236007725107,0.1969602765567,0.480751378186142,0.408132105419783,0.68317669052218,0.913085437061073
SORL1,5.48309775601689,-0.210490565233438,0.357169455925407,-0.588378530830616,0.556278244917012,0.858472202064834
CRTAM,1.61598000529513,0.0790766349257125,0.602426553309747,0.134973844532775,0.892632554105897,NA
HSPA8,96.9228503180945,0.807421748133947,0.133929677828275,6.02758109115387,1.66431751550412e-09,6.73920569354897e-08
AP000783.1,1.8320069027483,-0.280272200028352,0.57480993794611,-0.497374411552168,0.618925046685585,0.884130650136478
TBRG1,5.32875944036029,0.248477716317297,0.324814808425808,0.764374116731084,0.444644328703252,0.797702970795273
NRGN,2.27355917014479,-0.648985199214186,0.506997121139807,-1.27845798624007,0.201087989568153,0.580861828098149
ESAM,0.115510796771271,-0.0754346603055411,0.563278676756524,-0.146628118196714,0.883425558445386,NA
TMEM218,4.07982189718432,-0.371405270166852,0.441352371569181,-0.844775086920992,0.398236426851158,0.759911380268678
FEZ1,18.2242150918885,-0.325198442991535,0.288714526919729,-1.12620458585179,0.260078932889697,0.648534108352139
EI24,5.67773931652084,-0.741870540562705,0.360245705312173,-2.05442529977258,0.0399345464747084,0.239755164431655
STT3A,1.13004499442501,-0.1698380382492,0.602081834023344,-0.278031572363318,0.780988122624764,NA
HYLS1,1.49274047144526,0.320464633027324,0.560530727001641,0.567663459383175,0.570263507892766,NA
PUS3,1.93573181103511,-0.231620074351721,0.511076110095146,-0.454908757242327,0.649174882463183,0.899773066815952
RPUSD4,1.57092785447376,-0.110405332425605,0.525022224072447,-0.210763583650317,0.833071756237935,NA
FAM118B,1.55340046845238,-0.426328290238016,0.535178910009432,-0.797350003219107,0.425247787365351,NA
SRPR,6.63144426616752,0.695064745020127,0.305867852594646,2.26676388146741,0.0234046536454711,0.167621900394231
DCPS,5.74302125756745,0.00655070295920121,0.333968711964416,0.0196195799948169,0.984346844261919,0.99694594823268
ETS1,4.81130184226457,-0.41837775812169,0.358827043782163,-1.16283048470672,0.244898286058285,0.631314680612543
FLI1,2.29343150058813,-0.889628323589906,0.483099040102547,-1.8221891508673,0.0684262901806809,0.325674495037165
NFRKB,1.1055264655817,-0.404264161753972,0.618526192159029,-0.656672189003451,0.511391720512885,NA
APLP2,12.2302857973411,-0.0836511147700941,0.270399608799841,-0.309581210946646,0.756879446290453,0.933945945914895
ZBTB44,1.51863410521475,-0.435351079111444,0.518414054989969,-0.834889243560557,0.403780071618449,NA
VPS26B,3.42951300773325,0.0407367420364088,0.42765353714279,0.0952252480502809,0.924135916063938,0.983880196974474
THYN1,13.4412661502459,-0.563284810355551,0.231753993950448,-2.43037280963883,0.0150832990434503,0.120240287517779
ACAD8,1.91781401963121,-0.119685697318176,0.505583345600336,-0.236614224570545,0.812956083922562,0.95063330273134
KDM5A,6.51322946986469,-0.0069426639766675,0.300679272779892,-0.0230902130150374,0.981578312489015,0.995190338394101
WNK1,2.81951092453961,0.371458962040165,0.424356872042255,0.87425776960229,0.381977891817739,0.751394827043282
ERC1,0.859886340343541,0.681428049012594,0.60090515314008,1.11947591547077,0.262937160120278,NA
ADIPOR2,2.24714528625993,-0.165320359909923,0.466087485576798,-0.3542787266396,0.723130008898254,0.921988772055939
CACNA2D4,0.60735106508939,-0.384230870923383,0.657681395831168,-0.593312194283664,0.552972239387393,NA
DCP1B,1.22936551343473,-0.0377079368932378,0.576087878423196,-0.0649382180004461,0.948223191233004,NA
FKBP4,5.4179918750881,-0.310735951503756,0.343609909366558,-0.9037445127958,0.366130890116901,0.742491576501798
ITFG2,2.21230914313638,-0.541108241525152,0.466258414656614,-1.15893397338783,0.24648309952154,0.633538591738958
RHNO1,1.96605439029454,-0.370308086676074,0.507450372678308,-0.728128870844512,0.466534702133617,0.813536859493802
TULP3,1.33867898323548,-0.367989295314036,0.584987594148551,-0.632608060719744,0.526989621906857,NA
PARP11,3.97742609715218,1.89404954878428,0.439370743610648,4.1734399652295,3.00034747833722e-05,0.000647288078933078
RP11-664D1.1,0.107779934894064,-0.0729173601998484,0.556661075577865,-0.143665902983219,0.885764297300969,NA
CCND2,7.45662072309227,1.14881269221309,0.339091030581449,3.36609741181439,0.000762397798933939,0.0115323621080122
C12orf5,2.40108543063261,0.271321733005468,0.4680546707961,0.576636778762481,0.564184848528921,0.862630352249697
C12orf4,0.347802062217894,0.0167271703823495,0.664338085492443,0.0250751323116128,0.979995035484892,NA
DYRK4,2.01749117530163,0.140353810115689,0.498964906006158,0.282245263899313,0.777755452978117,0.943251117855734
NDUFA9,14.7048291826245,1.07506112927055,0.22318257722873,4.80446050480634,1.55169325566251e-06,4.1253097463674e-05
CD9,0.888675136726974,-0.712891832679002,0.644982928802981,-1.1489886660915,0.250560654185734,NA
TNFRSF1A,7.28771330161834,0.287321139931256,0.335620924522868,0.857232297745855,0.391316516186076,0.758613990972757
LTBR,0.0607712442040499,-0.168807774113138,0.490740343721791,-0.323442554003142,0.746360106492413,NA
CD27,0.938019118223062,-0.701077874609248,0.619031941874276,-1.1308450710959,0.258120305947964,NA
TAPBPL,7.33069081825991,-0.647504074019197,0.336735200866398,-1.92167428607158,0.0546467547618265,0.285660890830442
MRPL51,21.6461398289661,-0.413338792514698,0.197202299433412,-2.09639298099489,0.0360473445368815,0.222453952687156
GAPDH,172.667160095195,-0.539244304843524,0.142714574357414,-3.7791192101828,0.000157384069545498,0.00286667730826126
IFFO1,0.405857727251834,-0.726905549170132,0.668572490514235,-1.11795958199023,0.263584256007783,NA
NOP2,1.4482541834678,0.092725636404745,0.538410436570162,0.171892340242874,0.863522168557648,NA
CHD4,2.95936026016415,-0.744723601952148,0.430772580301924,-1.72163643992555,0.0851353977902031,0.376802876294755
LPAR5,0.638900444219685,-0.138877643459569,0.664421598423293,-0.217151796250324,0.828090049308525,NA
ACRBP,0.695218784421056,-0.26050127534561,0.623341552902615,-0.413919088899885,0.678933363507243,NA
ING4,4.19658124711524,0.249560657992788,0.375761928558222,0.663826583228669,0.506801309509432,0.836247095948745
COPS7A,3.59560107596798,-0.350131712084211,0.427834185071508,-0.820557245284434,0.411898509422008,0.771834924401753
MLF2,12.2849792700851,0.0945587493671539,0.247718306630434,0.38162367429904,0.702740521397038,0.917215665787009
PTMS,1.79753255308268,1.50275890897467,0.61104028197834,2.38455972438898,0.0170995721555647,0.132370805627783
LAG3,9.78080500980649,3.04889854160349,0.643396546732621,4.65335366108695,3.26579402179811e-06,8.26418187398597e-05
CD4_ENSG00000010610,0.356355068358038,0.472690246708681,0.668541780663875,0.742638917328835,0.457700320139861,NA
USP5_ENSG00000111667,1.03226146128914,-0.548689715232158,0.602456791637296,-0.911848168287952,0.361848649748134,NA
TPI1_ENSG00000111669,51.5165706056166,-0.368509865899719,0.155272692039582,-2.37301566426781,0.0176435156528679,0.135584622476929
SPSB2_ENSG00000111671,1.6581135008059,-1.41998993955394,0.565212015942453,-2.47374458650942,0.01337052473476,0.110144666985566
C12orf57_ENSG00000111678,5.31834426390425,-0.479572808966972,0.362095781685379,-1.32395383935297,0.185518375742977,0.560924026370495
PTPN6_ENSG00000111679,3.02503527278488,0.490960821520123,0.492278772277974,0.990484701536055,0.32193726310671,0.707589875989027
EMG1_ENSG00000126749,5.8844695350355,-0.255023762155509,0.339648265084782,-0.750470165973364,0.452971585536674,0.803222534207983
PHB2_ENSG00000215021,4.82939338255124,-0.127726362694146,0.354785241154833,-0.360323648676629,0.718605116322445,0.920598036583438
LPCAT3_ENSG00000111684,3.97449576183048,0.150499384470229,0.382834250582651,0.39270011207646,0.694540987873599,0.91653641518341
CD163,0.0955204578908532,0.144982872741628,0.541489107954317,0.274246242128232,0.783895393737484,NA
SLC2A3,9.74256374741955,-0.0526600736287646,0.34705528303798,-0.152046561135772,0.879150212062355,0.97090195158043
C3AR1,12.7669962824956,1.01907395344649,0.267021162633344,3.80686717245885,0.00014073828392548,0.00259946079503062
NECAP1,3.54176931180325,0.8039763946084,0.403004101256763,1.9847887937317,0.0471679748021409,0.261360230903652
CLEC4A,0.134192579752919,-0.2018644452105,0.614307438739386,-0.333952747500124,0.738415215619045,NA
CLEC4D,0.141476824012346,0.303612678314311,0.615858499021659,0.510562628243702,0.609657350152946,NA
CLEC4E,0.249373962669732,0.407452985793285,0.659891689153181,0.640316651411887,0.521966757397771,NA
M6PR,6.7189118569894,-0.189012491486089,0.309467121282757,-0.6104702961126,0.541550314307263,0.851742070151531
KLRG1,5.94565376730102,-0.453510661553892,0.433743417746485,-1.04725842289411,0.294980406382411,0.679767825889977
KLRB1,20.2161959577032,-0.0165324549256144,0.28761276647282,-0.0573876982897825,0.954236362195679,0.988582238095375
CLEC2D,21.9950133396895,1.69912743461875,0.257841543241091,6.56721566325258,5.12647744335833e-11,2.40944439837842e-09
CD69,64.0113055750236,1.36280809465159,0.245325071835183,5.55072540327493,2.84486644287251e-08,9.91746818230524e-07
KLRF1,14.996021729278,-0.238501362235298,0.260489640637746,-0.915348884498557,0.360008503578695,0.741425963551742
CLEC2B,76.4251350281212,0.569278289291436,0.140976675681251,4.03726696642391,5.40775180156744e-05,0.0010948617493635
CLEC12A,0.294673696403188,-0.446758881782523,0.651727575100445,-0.71129830814566,0.476899399778714,NA
CLEC1B,0.109401899312807,-0.0055582352177297,0.599752080179506,-0.00996415359633595,0.992049887237872,NA
CLEC7A,0.193233304784701,0.252407268117032,0.63570883463881,0.407030590003879,0.683985521112795,NA
OLR1,1.27099007462051,-0.522161955735519,0.645925846139735,-0.880171055342922,0.37876665106877,NA
GABARAPL1,14.3401580381522,-0.295689977659773,0.246103041983939,-1.20176672052923,0.229453922642259,0.614679617704251
KLRD1,84.9479645707643,0.432220702097782,0.136809247661793,3.15878470667603,0.00158428479386604,0.021549548203904
KLRC2,6.15767320317452,-0.0458156930495057,0.358694833307252,-0.12779386611098,0.898312104396713,0.976805395072154
KLRC1,43.1187854829312,-0.0974365473787926,0.257625860211206,-0.378379411282266,0.705148760690225,0.917425377230189
RP11-291B21.2,0.369651261898813,0.132306815130212,0.668288728192929,0.191409084889281,0.848205102943843,NA
MAGOHB,5.62460772396774,0.0328038971000368,0.347521752544186,0.0943971185535952,0.924793704647367,0.983880196974474
YBX3,1.4389790412848,-0.575252744177585,0.559932678872082,-1.0242183727548,0.305732142640097,NA
ETV6,1.4214156488928,1.27371382493464,0.59540872433137,2.10969505767824,0.0348846304837203,NA
BCL2L14,0.114388651965196,0.147038494134265,0.496218171621158,0.289974748807815,0.771835555570849,NA
LOH12CR1,2.43391789427441,-0.355672836257946,0.465053844342508,-0.762138735784204,0.445977206063172,0.797702970795273
DUSP16,0.940094500514579,0.0702356564262098,0.637541522657004,0.109233396097885,0.913017372528389,NA
CREBL2,1.31387632229326,0.105434084756337,0.56871750035598,0.186107298080152,0.852360618859362,NA
CDKN1B,3.80719774733454,-0.146120612383157,0.390623085036517,-0.374264082959836,0.708207851132318,0.918680662484111
HEBP1,1.17484498839317,0.678478023277183,0.583672015253202,1.14906677044331,0.250528449174301,NA
EMP1,0.189414070588059,0.374350899831886,0.63052173897132,0.661150072182041,0.508516076465666,NA
ATF7IP,2.37738605631248,-0.0913985584919657,0.461479823794164,-0.198244938937801,0.842853428957862,0.959980680743401
PLBD1,0,NA,NA,NA,NA,NA
H2AFJ,3.85816235627927,-0.291149502197506,0.425649030282492,-0.686284284868966,0.49253385689126,0.829529926508916
WBP11,7.59668526526968,-0.29746891846307,0.323569445081031,-0.917627509444891,0.358813910661291,0.74052276820298
ARHGDIB,120.610508304682,-0.322572857748126,0.126946309688288,-2.54084924986727,0.0110583587911405,0.0970186677942725
STRAP,11.2434953184035,-0.322219010976465,0.268336229423291,-1.20101474794943,0.229745480558599,0.61483488035611
DERA,5.40670359942104,-0.333862381152392,0.334221908043797,-0.998728177476191,0.317926386893419,0.704241805881064
MGST1,0.271046353887267,-0.508196437047581,0.663801858966965,-0.785248818317188,0.432307697771912,NA
PYROXD1,1.63185018729044,1.02367982134532,0.543221572368965,1.86195264802855,0.0626097650319378,0.312692412835029
RECQL,3.706556404415,0.00293267488929922,0.386963989634802,0.00756252837533669,0.993966032884349,0.998279102354645
GOLT1B,5.75224829877912,0.0932781937417836,0.327025945076628,0.285071791372637,0.775589140987708,0.942451809362718
LDHB,32.2473168888701,-0.183483260682983,0.15650696843676,-1.1723864803435,0.241041924959459,0.62658997184523
CMAS,5.44444443830511,0.103566245067889,0.329463485289177,0.313905365932497,0.753592914810199,0.932921449076858
ETNK1,4.74895688449272,0.651805249110072,0.387852808906902,1.67603478535002,0.0937313792344451,0.394406059384587
BCAT1,0.0796045426007541,0.0759506479647329,0.526367004784245,0.152589034868804,0.878722372639279,NA
LRMP,5.61075461530935,-0.476250891542715,0.332244608979646,-1.43250732469378,0.151998683376979,0.508336130429745
LYRM5,2.5489498128415,-0.273354105777539,0.479115360231482,-0.57122708689348,0.567845719294837,0.864662963947938
KRAS,12.9904500736977,0.0130433674757621,0.272465812995675,0.0478473090299248,0.961837932554461,0.990630967905827
ITPR2,2.36938459249527,-0.111885283326302,0.47004934030153,-0.237328389242787,0.812402039706311,0.95063330273134
ASUN,1.66607731151031,-0.220175101042827,0.521949418053341,-0.419304380358154,0.674993695674968,0.909672114183137
FGFR1OP2,12.2193656028659,0.454665440076443,0.25538170894416,1.78055905935859,0.074984513042376,0.34685279143679
TM7SF3,5.12447667697101,-0.400413652982958,0.351489208298789,-1.13886273076852,0.254760412377133,0.641042302285181
MED21,3.53385541092647,0.572335065952377,0.460337690696796,1.24812444956046,0.211985485832537,0.592714862777579
STK38L,1.13875262568498,0.608222938272542,0.571429124744482,1.0520276592693,0.292786859773674,NA
MRPS35,5.10562392104154,-0.208680607783079,0.370685983469604,-0.563710858707077,0.572950926171356,0.867834971272338
CCDC91,4.51725595262907,-0.0229227145800848,0.382663170980035,-0.059713640073657,0.95238370791408,0.988436088024392
ERGIC2,8.84147848685824,0.273070417469609,0.311361405968479,0.87635851733969,0.38083516222719,0.751133692257189
FAM60A,4.39059419199801,-0.103927935794178,0.382799047846564,-0.271885454069811,0.785710096051789,0.946699343536392
AMN1,1.20000454378315,0.345300635624421,0.571108962048868,0.603674352903093,0.546060168737625,NA
KIAA1551,10.9791607005529,0.0988502590348806,0.245928561367437,0.401906165255838,0.687753085239462,0.914504337162199
DNM1L,1.11282555148079,-0.135985462887254,0.604157951224322,-0.227848376953206,0.819764116308516,NA
YARS2,3.0564913621162,-0.317600469000973,0.435643813588926,-0.730963831061963,0.464801245522732,0.813131856574164
KIF21A,1.98868554433452,0.481661419373546,0.511759944434203,0.936326554475068,0.349105080056721,0.72991339016124
LRRK2,0.106175276668243,-0.235671502347616,0.555334617627873,-0.471964640095595,0.636952027920232,NA
GXYLT1,1.27134806165141,-0.151642617777559,0.534630858876412,-0.282247407257042,0.777753809605207,NA
YAF2,9.71819290885968,-0.0150335270476974,0.272701214213419,-0.0551668428202258,0.956005544288281,0.988582238095375
PPHLN1,7.7956290310063,-0.289568919675252,0.292642583253476,-0.988690559734425,0.322814562999452,0.708630466901216
ZCRB1,7.98493701186377,-0.128658071205348,0.295602299928803,-0.435038151552987,0.66353473514033,0.90605625052625
PUS7L,1.54985054431388,0.214746218152916,0.547671831589377,0.389900992639797,0.696609759865383,NA
IRAK4,4.07104677519577,0.52332496941748,0.410391216621999,1.27171087328093,0.203475865851579,0.583068567143556
NELL2,1.69091283144301,-1.5884592393193,0.588517299926982,-2.67086532141965,0.00756559952225092,0.0727550139513979
LINC00938,2.21203321773985,-0.436143639918511,0.481166740661484,-0.904322246543208,0.365824553795802,0.742491576501798
ARID2,1.18568042315776,-0.518259276523505,0.583760145032261,-0.877818404201025,0.380042275189379,NA
SCAF11,19.6758880196706,0.0829458572967995,0.212898366459828,0.38934627015692,0.697020012563719,0.917214265271815
SLC38A1,12.6967533944946,-0.0611268909820306,0.276081562408434,-0.221517172166752,0.824689767239236,0.95611303452249
SLC38A2,4.004514229334,0.664453165424823,0.385592195597778,1.71867801479986,0.0856730174036617,0.377710561261952
PCED1B,2.32345985946603,0.35643235321306,0.444661216485623,0.798140555789071,0.424788928798659,0.780757304886921
RPAP3,1.71681205581473,0.44081976229156,0.494260797312377,0.888412695764525,0.374318798663605,0.746368998547431
RP1-197B17.3,0.73425811722144,1.19868547055989,0.647910235003173,1.80099897988488,0.0717030407474797,NA
TMEM106C,4.06486837946975,0.0710054241370192,0.369491104983594,0.191702407691386,0.847975319904121,0.960913700132607
ASB8,4.20279508374971,0.0543733664218444,0.414993010653448,0.13149329727368,0.895385088538559,0.975839980552169
KANSL2,2.36502387883204,0.172071833346934,0.476930877978624,0.360542397788938,0.718441556611092,0.920598036583438
DDX23,2.80062622693833,0.126806183612552,0.44478389252409,0.285602746223632,0.775182399853445,0.942175052604141
FKBP11,14.1252387670211,0.866358016996235,0.230725928020589,3.74828676044963,0.000178046620876235,0.00317707597387288
ARF3,5.01311717156318,-0.010627855410257,0.378660461916243,-0.0280652851955605,0.97761008156124,0.994844175048461
PRKAG1,8.09507041868605,-0.233973615928522,0.268474270675058,-0.871147278420134,0.383673742264744,0.751430869465124
LMBR1L,3.43168738242461,-0.155154070620375,0.41530354414936,-0.373508833413424,0.70876977215152,0.918699916413199
TUBA1B,15.5762384052331,-0.180255576376656,0.249145004677583,-0.723348684421738,0.469465689514639,0.815289570375014
TUBA1A,13.9231238939043,-0.450473996048374,0.24227614016215,-1.85911657604881,0.063010616205066,0.313022818342333
TUBA1C,1.60536301444231,0.0203015373488379,0.560324280559805,0.0362777593312123,0.971060883746825,NA
SPATS2,2.40686470535787,-0.370853705585215,0.538469728421555,-0.701347142531229,0.483086400140785,0.82398682271019
MCRS1,4.89528490077473,0.239830086821633,0.367627420260973,0.652787457678967,0.513893310542625,0.840626155055647
TMBIM6,133.934709326446,0.35707817499435,0.0917868122203652,3.89019919886766,0.000100161966500031,0.00191728215147696
BCDIN3D,2.33979966191712,-0.757969336513294,0.461575660593049,-1.62989599815534,0.103123479598052,0.418783733481609
SMARCD1,1.82847083961123,-0.0182552485900277,0.500256846677101,-0.0365174880715241,0.970869734544541,0.99384369125528
COX14,14.2572788025968,0.0463991949909131,0.233640269554012,0.198558543748892,0.84260808511969,0.959980680743401
CERS5,4.52942951431071,-0.0132036203398724,0.414046443690867,-0.0319990465765164,0.974472811231123,0.99454321103772
LARP4,0.703517163136774,-0.288244935787681,0.66093083799302,-0.455706057304154,0.648601365619651,NA
ATF1,6.48111191687882,-0.308626873518337,0.340133561874667,-0.905807196726734,0.365037911161089,0.742491576501798
SLC11A2,0.704041371340532,0.274820538104448,0.65911168408593,0.425861409693203,0.670208836091331,NA
LETMD1,2.82864089655723,-0.803843381369964,0.44839534769301,-1.78383209984885,0.0744509518723259,0.345294987362047
DAZAP2,21.8722257765947,0.100272636964391,0.187761820849112,0.534028024417948,0.593322145195458,0.876264899235887
SMAGP,7.93193624307992,1.78723927824681,0.373539711336466,4.71454593080921,2.42250356693453e-06,6.28180235287852e-05
BIN2,13.752402218832,0.599144439079679,0.238537461341625,2.50892226840711,0.0121100129689261,0.102652348258336
GALNT6,1.53680703763514,-0.333462702172127,0.577817997723257,-0.575326835733825,0.565070275519701,NA
NR4A1,0.316358901991556,0.604333205452144,0.668024002757309,0.936047577907672,0.349248691784918,NA
C12orf44,5.09951546865177,0.0120925112981481,0.366430437632792,0.0329778469321961,0.973692253618037,0.99454321103772
KRT86,6.94557050868401,-1.67892445777578,0.382200630335171,-4.35936432029478,1.30440797874872e-05,0.000301158052637423
KRT81,4.42412948220093,-2.47265773516453,0.520158295708197,-4.58486622418987,4.54277194593015e-06,0.000110709034830446
KRT1,0.0571943259825982,0.0634565026533171,0.490732934699606,0.125187879973592,0.900374812138874,NA
EIF4B,4.18180324573184,-0.721007943056421,0.407477446434475,-1.76673408202688,0.0772727727250963,0.353400413227547
SPRYD3,1.98322994139741,0.359705198449184,0.494056787437921,0.727552902614021,0.466887320009646,0.813536859493802
CSAD,1.40906366700332,0.201788369041726,0.53263313277314,0.377858268949324,0.705535884632217,NA
ITGB7,4.90101696974967,-0.456376138791918,0.349903207909998,-1.3027691828345,0.19265357475977,0.57092167364586
MFSD5,1.48107657386505,-0.103655415605029,0.531335108031658,-0.194948830081228,0.845433006605447,NA
PFDN5,119.110754399297,-0.0472282958053526,0.0956454587463665,-0.493778477975587,0.621462634320147,0.884288125963148
C12orf10,6.02436027141319,-0.0148822334787446,0.317720645459229,-0.046827215893099,0.962650937675614,0.990737780820354
AAAS,1.15409350741377,-0.251071797106777,0.567090901635574,-0.4395505210298,0.66026268353193,NA
PRR13,47.5404952998216,-0.0602754458262327,0.137822809713703,-0.437330044283009,0.661872009542409,0.905820123209663
PCBP2,25.5374154116233,-0.238578452232746,0.175037746596321,-1.36298345551637,0.172887724824796,0.541070739285211
TARBP2,1.05754230950056,-1.57784732199375,0.594185184331153,-2.58366902829746,0.00977555532193627,NA
ATF7,1.13708835510991,0.31619262314595,0.562237451200673,0.56240947712427,0.573837063518503,NA
ATP5G2,64.1662976912072,-0.155619306908686,0.139643684411507,-1.11437404014036,0.265118755417226,0.654282760673361
CALCOCO1,3.12451332247072,-0.622546030201534,0.410595780181222,-1.51284443576417,0.130319178606745,0.468756530487336
SMUG1,2.51055795010508,-0.61844812223325,0.460649378154034,-1.34088069042192,0.179959192486622,0.551721135264751
CBX5,1.05607531394402,-0.201344283166242,0.637347375969896,-0.305684203460313,0.759845101770653,NA
HNRNPA1,80.9939030511726,-0.504581106314461,0.136524674613933,-3.6962118045591,0.000218840420667373,0.00380190090558762
COPZ1,23.9546141009145,0.225225997404544,0.199773763787159,1.12719113426117,0.25966167810885,0.648534108352139
GPR84,0.329301500707216,0.445400640796108,0.665609273057899,0.712362242847564,0.476240489912773,NA
ZNF385A,0.243388732118904,-0.100580722909068,0.616437414153474,-0.175591646200581,0.860614765748205,NA
ITGA5,2.53833112964168,-0.23418089609008,0.471873381116457,-0.493305499776982,0.621796742919737,0.884288125963148
NCKAP1L,3.4549669265421,-0.302322212762643,0.395760563507388,-0.761879790680529,0.446131752663618,0.797702970795273
TESPA1,2.11846991389413,0.632137435298473,0.49006056243439,1.28349318235172,0.199319346586157,0.579262397168566
BLOC1S1,21.6546964294723,0.00332647389551266,0.187944602481137,0.0176965722383387,0.985880915178243,0.997107385615932
CD63,101.229348678665,-0.287485936305969,0.140604881733267,-2.0448930301536,0.0408654052216382,0.241214801864603
SARNP,3.16811503306343,0.0656880517402611,0.400888513902584,0.163414841509755,0.870191818121124,0.967413325623816
ORMDL2,11.0720514125855,0.214934487537682,0.251626891196084,0.853825081236479,0.393201915306514,0.758892262065204
MMP19,0,NA,NA,NA,NA,NA
WIBG,3.89643692813827,0.369952697889147,0.404696633856748,0.913198124774485,0.361138350024522,0.742491576501798
RAB5B,2.59851655799564,0.228797338509125,0.454220683761915,0.502764573065304,0.615129804063882,0.882341937661225
RPS26,52.4445623610182,-0.0812376238903947,0.38089193224129,-0.213157256615012,0.831204306355272,0.957430955941828
PA2G4,15.070403387712,-0.293537947304132,0.23521278901381,-1.2482221335432,0.211949720539065,0.592714862777579
RPL41,12.6540726561606,-0.141438051906217,0.264300320527897,-0.535648037447565,0.592201822346459,0.876264899235887
ESYT1,0.91129961016891,-0.201261141657806,0.612811505045928,-0.326087155161373,0.744358415049905,NA
MYL6,222.034443737861,0.17703857659394,0.0724698673361397,2.44290821428443,0.0145694421693541,0.117447999356018
SMARCC2,3.19706498731138,0.421851796802867,0.408665008875109,1.02909149277691,0.303436683421137,0.689615684094595
RNF41,2.12221715792414,-0.287292914258029,0.483898579326921,-0.591673177629264,0.554069461072895,0.85572439680653
NABP2,3.69699438692712,-0.815705017888266,0.453033881088226,-1.79522679752846,0.0726175725837782,0.339076308709309
COQ10A,1.75080308187891,-0.780886648973546,0.521128992190773,-1.48560232612584,0.137384339416906,0.482771136642584
CNPY2,20.4203532895282,-0.131751464087037,0.191537702431295,-0.687785000903309,0.491588182866497,0.829299269321963
IL23A,0.99121587652598,-0.724858151235751,0.627046261629307,-1.15092152712297,0.249764520658633,NA
STAT2,5.08534000252026,3.16389787944421,0.482941079731093,5.94157159659453,2.82302389144002e-09,1.0926763062162e-07
SPRYD4,2.1096408186426,-0.207574248610757,0.487595934613161,-0.425846161246244,0.670219947924405,0.908251025904242
RBMS2,0.375242229283188,-0.675568560075404,0.658440507132198,-1.02955425271905,0.303219299655716,NA
BAZ2A,3.80800215732288,0.273431103490638,0.407629520403219,0.670314773799879,0.502657151151427,0.834170001154197
ATP5B,32.2413893588564,-0.189860193552905,0.164465221963979,-1.15444524941408,0.248317672914232,0.635461463403267
PTGES3,20.6162383813568,-0.099178339398258,0.198020322147678,-0.500785462512772,0.616522117865761,0.882915092466009
NACA,140.859600551566,-0.32005890728892,0.102213403443224,-3.1312830950809,0.00174044299238643,0.0230193264118648
PRIM1,1.12922666986611,-0.253575306399345,0.606127021651122,-0.414744340380889,0.678329069162892,NA
NAB2,0.503196362219722,0.0501364328715054,0.667263053778015,0.0757815147418999,0.939592922928229,NA
STAT6,2.35155063954886,0.304438141930624,0.529881926063643,0.576347242821708,0.564380496418685,0.862630352249697
LRP1,0.0272288675246664,-0.108552561287415,0.490601629230456,-0.216657694052562,0.828475120094584,NA
SHMT2,2.03001119863793,-0.653168958936955,0.47754460763618,-1.35786865963447,0.174505363597825,0.543548067443167
STAC3,0.267760698237835,-0.108552561287415,0.490601629230456,-0.23624708458697,0.813240945143274,NA
ARHGAP9,12.3049932032611,-0.274940611518407,0.257988723163943,-1.06562225330771,0.286594435507127,0.673481727388762
MARS,2.31254997919742,0.540470060571262,0.473659284351377,1.14028302944958,0.254168405669567,0.641042302285181
DDIT3,9.0326869848394,0.269986747785959,0.283191345390504,0.952565172445721,0.340810430321659,0.723981479101378
DCTN2,5.57714415787736,0.025885011796309,0.334325607658931,0.0773820963679048,0.93831958310055,0.987648233164879
OS9,5.82334168337657,-0.386506133248837,0.311789252484217,-1.23827749086863,0.215613187036381,0.596107046512347
TSPAN31,4.41168668110334,0.278096283384482,0.394822760688864,0.703977690419376,0.481446667158983,0.822569054178801
CDK4,3.05203371618543,0.120049025972373,0.417185143296375,0.287616920181699,0.77363999150277,0.941441916599155
METTL1,0.257467869841762,0.806868475877044,0.668241400631988,1.21709303866459,0.223568819014045,NA
TSFM,5.30228725688651,-0.904623700612536,0.356533421882705,-2.53515570040362,0.0112397356309981,0.0979569012608841
CTDSP2,3.9496636126918,-0.498273902461364,0.410016238626661,-1.21505488746299,0.224345157944295,0.608248256979286
RP11-620J15.3,3.93455773693467,-0.507078932273375,0.388522875570671,-1.3045143850416,0.192058258084309,0.570867836458947
USP15,11.7372568176056,1.21826537031877,0.25550929305403,4.74933163505725,2.04090026065394e-06,5.31846483766452e-05
TMEM5,1.75552779327331,-0.250979102523594,0.536393888081219,-0.468429794335892,0.639477265618826,0.894554431628355
XPOT,2.25688723379478,-0.457850227867987,0.461426772564873,-0.987334780742678,0.323478545368864,0.709496276175709
TBK1,5.5878478720785,0.316152609919248,0.325568287711705,0.97046498619928,0.331814769559253,0.714898333711467
RASSF3,1.81824942322586,-0.549655577456802,0.510477462658096,-1.0737653392953,0.282927868297609,0.67053453432068
GNS,0.425861737235934,0.250316205156547,0.668352872468535,0.362638861142593,0.716874676574707,NA
LLPH,10.3363828338992,-0.27390915039524,0.25169106003639,-1.08821366502273,0.27650079351126,0.663874085887709
TMBIM4_ENSG00000155957,26.7930113658212,0.365016714326464,0.182856691834441,1.99510770539234,0.0460311341508344,0.257774351244672
IRAK3,0.567026872419914,-0.526104487577331,0.666197277212167,-0.812841499853976,0.416308938541932,NA
HELB,1.75591930938215,2.25171164380386,0.565903832811701,3.79086847616115,0.000150121438635041,0.00274388629505159
CAND1,6.72723991162606,0.31340440691996,0.323013792342026,0.970812495843159,0.331641658858073,0.714898333711467
IFNG,14.8499311045336,3.05579448355188,0.566875125251522,5.2614239659666,1.42943999834373e-07,4.42621891251848e-06
MDM1,1.35105246533616,0.35707397735371,0.57735786728781,0.61259557640629,0.540143783910901,NA
RP11-81H14.2,2.79413325256451,1.64443891188782,0.547847138127079,2.94705102668799,0.00320820258748925,0.0376124240992058
RAP1B,17.3858271635397,0.357767340581067,0.200919812971294,1.77951930601312,0.0751546625990232,0.347029950808121
NUP107,2.95610702715472,-0.498003454191199,0.427050298252404,-1.1650037635313,0.244017469427684,0.630278684527639
SLC35E3,1.19107300377511,-1.04769954632084,0.585131961183758,-1.78061470376434,0.0749754160361509,NA
MDM2,1.22920629977136,0.336515906661314,0.563610009574154,0.595216359803972,0.551698856054726,NA
CPM,0.0583089696983777,0.0642497231558232,0.493347537389367,0.12962057903975,0.896866620887583,NA
CPSF6,6.49975445530522,-0.0616366791703203,0.370562424333509,-0.166910939985825,0.867440125042092,0.967413325623816
LYZ,3.88194742739421,1.14671483191425,0.465670118744926,2.44622118736386,0.0144362405505492,0.116911338858601
RP11-1143G9.4,0.413253628403506,0.197164848270464,0.656025168321516,0.298733959362435,0.765143043726607,NA
YEATS4,2.67868584340818,-0.428120928384671,0.432922077431877,-0.984551549824318,0.324844398351916,0.709950138586431
CCT2,11.3319995424776,-0.166852616871644,0.244815980996342,-0.681807181848337,0.495360882423917,0.831763854889792
RP11-611E13.2,2.64146108456402,1.1234337709592,0.483459908277846,2.29941906877266,0.0214811541605303,0.157708222456111
CNOT2,7.75055729983143,-0.103872876710541,0.285605268128829,-0.363696396687935,0.716084734383949,0.920280771923122
ZFC3H1,2.91744630980414,0.0831711854723886,0.42026678803504,0.197875612036981,0.843142385662939,0.959980680743401
THAP2,3.98605734424361,0.228155116096613,0.41875717212885,0.546725270174808,0.5845674904367,0.873945830632999
TMEM19,1.90470260719338,0.649223938938476,0.508874129839587,1.26529251190542,0.205766489849119,0.587360664025707
RAB21,1.57183834185156,-0.577906224666945,0.542314536887485,-1.06237836774526,0.288063950241801,NA
TBC1D15,2.94638761664127,-0.547269907476291,0.440960241102297,-1.23670753536288,0.216195680171153,0.597403706257717
ATXN7L3B,3.85047776215563,-0.840938862272431,0.431706423441468,-1.94002228180743,0.0523769820238452,0.278149440814769
GLIPR1,23.617618316396,0.00615226907638485,0.18337198001737,0.0335551106733848,0.973231918585168,0.99454321103772
KRR1,5.66599888235957,-0.321638284259381,0.321867021906723,-0.999466901307968,0.317568565183094,0.704241805881064
PHLDA1,7.25391285187782,0.194044506735109,0.433994709285766,0.447850625079068,0.654261004351382,0.901783132114469
NAP1L1,28.0222768787005,-0.393711125953821,0.175943840353272,-2.23759505978616,0.0252474740146615,0.175333381547728
OSBPL8,17.0826358801033,-0.403890047896051,0.219478249944333,-1.84002310205455,0.0657648456940367,0.320671854544845
PPP1R12A,14.9012426759232,-0.279032223589507,0.221333391357997,-1.26055642123332,0.207468707909428,0.588424180191396
CCDC59,8.27803463864338,-0.0824091849066437,0.322606017036274,-0.255499722632909,0.798337157808994,0.947331951222146
C12orf29,2.1929868404106,-0.0688714436629376,0.470160055208374,-0.146192774920734,0.883769209061446,0.972035335666413
CEP290,1.34949655166238,-0.553402057769145,0.549757263684535,-0.999721617616504,0.317445247388915,NA
DUSP6,0.907764045991173,0.767053489559649,0.608574314774715,1.25807590819791,0.20836430522116,NA
POC1B,1.53909486108907,0.347222990045027,0.553893512197934,0.626277256102845,0.531133101634256,NA
ATP2B1,5.35426684727686,-0.695476015201569,0.354993235533161,-1.95579438695968,0.0504893803766304,0.271477117775876
LINC00936,1.04846936658172,0.151720112374151,0.589647733307431,0.257307257048718,0.796941590702245,NA
BTG1,281.063959661975,-0.265181697821238,0.12573835011726,-2.10909558572517,0.0349363318173594,0.217381620196903
RP11-796E2.4,1.59659881050466,-0.428766112286725,0.550390141781319,-0.772365312433207,0.439898092400097,NA
EEA1,1.84023172734805,-0.288809718368854,0.561011067942314,-0.516943540414831,0.60519557214325,0.877703949235001
UBE2N,12.713177100874,0.234043164787545,0.266180998452102,0.879371385018382,0.379199942039354,0.750292195937187
MRPL42,3.38112968543226,0.459541826528014,0.399083553102649,1.14789250838652,0.251012941270126,0.638324697027026
SOCS2,0.76690496745887,1.08219809619625,0.642991910370124,1.65914016202289,0.0970875519769478,NA
CRADD,2.88034952512375,-0.717581638937331,0.444341200017655,-1.61290210921576,0.106765776892935,0.426415060367533
NDUFA12,24.4817265220805,0.215403711620162,0.187389048011765,1.14934460381832,0.250413912696432,0.637888375915282
VEZT,1.26717079797761,0.189473916309212,0.571516643697995,0.331744597346718,0.740082122059507,NA
METAP2,6.61067328285651,-0.286180190997579,0.32125804474186,-0.890350045132594,0.37327795693802,0.745705945093638
SNRPF,7.009288797604,0.188137574672593,0.298423939016538,0.630150345268849,0.528596223099303,0.847822723855686
LTA4H,5.97759053538004,-1.07385365332813,0.430636390200543,-2.496864001275,0.0125297000093825,0.10536156685206
ELK3,2.62215495944002,-0.279291150005466,0.450032550629468,-0.617608610799715,0.536833367111434,0.850532978569968
CDK17,5.57099088283369,0.264089018948537,0.350026985568412,0.754943256162303,0.450283029993014,0.801044227740191
NEDD1,2.43301405456755,0.601754045135335,0.460741334402743,1.30167976222283,0.193025880603969,0.57092167364586
TMPO,3.86641925880668,0.165631814147842,0.414901745579741,0.397572179000597,0.69094557154274,0.916386366490548
SLC25A3,30.4082347016463,-0.25326225671574,0.175803476912284,-1.44070328005508,0.149668527858532,0.506254718113892
IKBIP,3.9704134657647,-0.430029491496256,0.397744247730049,-1.07937572729139,0.280420266899493,0.66900472141696
APAF1,1.02811603729743,0.510474265656959,0.628595813422339,0.79605854579041,0.425998007308279,NA
UHRF1BP1L,2.15040843023851,-0.490777057638633,0.466914296931539,-1.04690981199276,0.295141176013533,0.679767825889977
ACTR6,4.20911515820852,-0.100770537992332,0.394285637017748,-0.255056903910811,0.798679149216401,0.947331951222146
ARL1,3.96142778432495,0.47497087301426,0.375355121621767,1.26066923729043,0.207428041803219,0.588424180191396
CHPT1,3.88002609415108,-0.32405895578152,0.432876890146688,-0.745679033099192,0.455861327796073,0.805532093333474
GNPTAB,14.1952395727077,-0.309408376712212,0.219998174723361,-1.40617809599497,0.159671246730728,0.519014033318042
DRAM1,0.998520724667084,-0.658712966593176,0.580208934986993,-1.1266971639223,0.259870541950672,NA
CCDC53,8.79222802173116,-0.195655447957903,0.278227029477383,-0.702813851369857,0.482171763955736,0.823456125297058
NUP37,2.6435333847383,-0.00313576360777746,0.436818711240141,-0.00717214823932998,0.994277502712692,0.998279102354645
HSP90B1,22.8964389934687,0.871346511310019,0.206347992649108,4.21820860955178,2.46250941182079e-05,0.000537869275677372
C12orf73,1.73579859007717,-0.481065819815166,0.524449975577373,-0.912546520400278,0.361481092133487,0.742491576501798
TDG,3.33628955560963,0.0585858735555627,0.400861337911797,0.146194884961384,0.883767543387953,0.972035335666413
NFYB,7.49490528112908,0.221326647702125,0.30891742958891,0.716972713193225,0.473390933632503,0.8168221086443
TXNRD1,2.5477510760116,-0.11888931963831,0.450069893673615,-0.2640629808315,0.791731388722639,0.947331951222146
EID3,1.47369385223357,-0.720816372677782,0.527086946092626,-1.35651061634614,0.17493675984704,NA
CHST11,4.2352364414548,-0.0467883515323787,0.383151380260009,-0.121822807493725,0.903039350713685,0.978611663245645
SLC41A2,0.0305280293728902,0.00708335167592633,0.490601629230456,0.0144345705803501,0.988483278924753,NA
C12orf45,1.57263631851389,-1.64496564951324,0.579085589540699,-2.77500523902529,0.00552008185874256,NA
KIAA1033,3.11475679287303,0.361217198826658,0.463495871263841,0.779881240414071,0.435460781495999,0.787990908832911
C12orf75,23.9605347691171,-0.48065872895084,0.243549024323896,-1.97197788011724,0.0486121317060689,0.266002350624477
CKAP4,0.859706337305346,0.350922257839534,0.643889661171575,0.560502419070211,0.575136790101437,NA
TCP11L2,1.44265485475897,-0.450218660849548,0.587461812372145,-0.772157275203121,0.440021282901379,NA
C12orf23,1.91786321885392,0.601690364291862,0.500118569316716,1.18925106607796,0.234340884965811,0.619068539340127
CRY1,3.39815388925994,-0.546353366006958,0.426370650228822,-1.28255630457174,0.199647566962202,0.579624421872036
PWP1,5.93642875636551,-0.318909985153884,0.357809654201964,-0.893798439842075,0.371429744097036,0.743990172346575
PRDM4,0.265113199503988,0.0824665471755424,0.664580997299354,0.120464057405586,0.904115550296329,NA
CMKLR1,0.0912992735769401,-0.127368529322213,0.536968529795939,-0.236473534494803,0.813065241398159,NA
SART3,2.57895586061623,0.612313383104132,0.46858566906074,1.30204347985751,0.192901522585814,0.57092167364586
ISCU,48.8280561552453,-0.478782857931355,0.168804930510677,-2.83683781048221,0.00455627506621404,0.0497620120114987
SELPLG,5.05143655382178,-0.528149623126163,0.352786706423929,-1.49268247941506,0.135520321737185,0.478140645673872
CORO1C,1.81429257695933,-0.116810089060795,0.627754444600852,-0.199564393573367,0.841821277372919,0.95986749419997
SSH1,0.867190508885851,-0.165848434549228,0.601854350600756,-0.274656324486789,0.78358028905736,NA
USP30-AS1,11.2188459809089,1.45381726414695,0.290904294968453,4.96435451667642,6.89299330116703e-07,1.95286933051233e-05
ALKBH2,0.991307682226321,-0.160989573766769,0.602239391590362,-0.268732526650684,0.788135519553332,NA
UBE3B,1.38756609260399,-0.785958839346497,0.546631966115588,-1.43018095652779,0.152665089622513,NA
GLTP,3.73190436493137,-0.715740491387511,0.411989820379847,-1.73242508157284,0.083197905467597,0.370833001169712
TCHP,1.4656133501752,-0.102511781091448,0.531076097745161,-0.192283359414099,0.847520252449395,NA
GIT2,3.84290528598536,-0.0339208935027279,0.403854457810917,-0.0839940620106375,0.933061152915425,0.987351943170534
ANKRD13A,1.46860443288368,0.0939270861550216,0.537487456065468,0.174434543136025,0.861523968941325,NA
C12orf76,1.7013965318403,-0.396156163262747,0.532373403598814,-0.745734241217217,0.455827970401934,0.805532093333474
ATP2A2,0.931676124391804,0.380378399533085,0.622850712008779,0.609137082041575,0.542433580157937,NA
ANAPC7,1.88898566490701,0.137869832319309,0.500801842780262,0.275029900675523,0.783293266375535,0.945484006925204
ARPC3,78.0750941326484,-0.038902915529856,0.118343826034179,-0.328724354897453,0.742364043929854,0.929323264505767
GPN3,4.77507048805684,-0.619883824282898,0.376210251042014,-1.64654582780886,0.0996514330579453,0.408221901647489
VPS29,18.0464956487249,0.16638161227109,0.199571786145008,0.833643375049423,0.404481975627384,0.765071189257115
PPTC7,1.94142821754299,-0.0747018594630513,0.496747739360674,-0.149900078261786,0.880843449971048,0.97090195158043
HVCN1,3.48832680515486,-0.537792474726829,0.445062520146059,-1.21507172363192,0.224338737105813,0.608248256979286
PPP1CC,14.5955950694507,1.21786113267747,0.245605221137921,4.94392787342017,7.65640401010482e-07,2.13245030207364e-05
SH2B3,0.842678642532515,-0.710355364532508,0.637639715800315,-1.13045408472111,0.258284935387526,NA
ATXN2,2.55309299367084,0.101184583492567,0.449111989134159,0.225534654026352,0.821563369703011,0.954958258736473
ALDH2,0.147267711363771,0.0108367891327315,0.641309082463865,0.0160482596816568,0.987195890983817,NA
MAPKAPK5-AS1,4.27182422906548,-0.080879440123268,0.393171790120584,-0.205632595579607,0.837077914019173,0.959060926698885
MAPKAPK5,1.90748793143453,0.153021809272783,0.49494395804488,0.307815789262119,0.75822250646752,0.934289155909416
ERP29,35.2960490974844,0.0165991676985533,0.174414871926528,0.0951611048173003,0.924186863598789,0.983880196974474
NAA25,0.895351309529021,-0.193284756363627,0.64679140034744,-0.313467491127696,0.753925515316218,NA
TRAFD1,3.34653775479953,2.02065898480934,0.456629208065331,4.25480620754882,2.09230149139926e-05,0.000472698500031147
RPL6,202.652005137676,-0.640315650099573,0.0898448278478546,-7.1266662398547,1.02829027461144e-12,5.30678431917119e-11
PTPN11,1.01991676453646,0.226249468920622,0.585044889971788,0.382631249649724,0.701993196524624,NA
OAS1,69.5521995549946,4.25725206030964,0.233515316464829,17.8353326681306,3.75806329935618e-71,2.47280565097637e-68
OAS3,13.4529705591458,4.1313996799349,0.400909671483802,9.1937547249226,3.79363011007386e-20,3.38468964397098e-18
OAS2,13.3135054236201,2.83796353598959,0.338967490634944,8.13389405929161,4.15715879361955e-16,2.95720052562342e-14
DDX54,2.16515111541173,-0.0274813407343746,0.486993643362613,-0.0561619198487144,0.955212816817233,0.988582238095375
SLC8B1,0.558900239454294,0.0341026084376804,0.666973893678053,0.0526900215799583,0.957978889608519,NA
SDS,0.401633423696601,1.04415206296918,0.667937404261342,1.59756884482927,0.110138964708137,NA
SDSL,0.413998585604273,0.590791814745263,0.665276332414417,0.955558008000055,0.339295585298443,NA
MAP1LC3B2,2.32584580695167,0.228042173313157,0.516064948436649,0.439836818230616,0.660055299185435,0.904193496937779
C12orf49,1.99052433351936,0.146376347284393,0.482707802702611,0.303589935099268,0.76144032051552,0.93606301896163
TESC,0.906866576612878,-0.612423469818718,0.640147884848441,-0.975989954632309,0.329069442378237,NA
FBXO21,4.6305053220881,-0.499009235208002,0.420610687365549,-1.19077090984841,0.233743531840847,0.619027464768111
RFC5,0.717949196473903,0.268306642819884,0.624549041597043,0.426092417573684,0.670040505087037,NA
PEBP1,14.802055291636,-0.704629585213605,0.211236466098859,-3.33427881953576,0.000855208850684752,0.0125749144972194
TAOK3,8.39523182432567,-0.185622364898293,0.274390523970718,-0.676530354197419,0.498703980711611,0.831916756134809
SUDS3,4.41534664362432,0.47603632504502,0.377969252554121,1.25654259256857,0.208919313580976,0.589678963372791
CCDC64,0.392898900232769,-0.220921440624987,0.666170093117411,-0.355654192864984,0.722099553610692,NA
RAB35,2.58328868803285,-0.309669113085552,0.456918349311875,-0.676466637750016,0.498744420989671,0.831916756134809
RPLP0,113.119437460746,-0.464028147158059,0.138468988635406,-3.3510577568541,0.000805035100371889,0.0119591831677781
PXN,1.5302201400228,-0.0168839306089927,0.577140653692252,-0.0290198990318898,0.976848720144569,NA
COX6A1,52.5706528458237,0.385739607469251,0.128054762434488,3.01187786205965,0.00259637040561705,0.0320524773848091
TRIAP1,8.2349968247773,-0.29912832995186,0.305795566073635,-0.979713719623144,0.327227451906328,0.710584304560553
SRSF9,18.7412066104191,-0.229258194278528,0.20232142001377,-1.13291292535297,0.25725082152215,0.645433590849705
DYNLL1,44.6152817519561,-0.245558000447349,0.144138899085728,-1.70370981568143,0.0884353134403581,0.384095288737661
COQ5,4.74691697212982,0.0276038281443724,0.362364988190011,0.0761479965213982,0.939301355257638,0.987648233164879
RNF10,4.97386466737024,0.413347917116321,0.374687959745389,1.10151933015393,0.270670696246124,0.657765547730962
POP5,7.61884273777571,-0.169919082471234,0.291006602224459,-0.584153149933785,0.559117278626601,0.86083455825985
MLEC,11.3276556064586,0.0332000029697806,0.257004679966275,0.129113749919901,0.897267642214518,0.976678426099509
ACADS,1.88190823814185,-1.05820410007451,0.512150948359466,-2.04728069667237,0.0406305320921229,0.241197890333789
C12orf43,2.1957148084042,-0.323397787351381,0.544951607461327,-0.593517481938804,0.552834886937045,0.854684036048871
OASL,91.0176712212674,2.02028613745533,0.151744376390489,13.2924883229038,2.55923574927079e-40,5.61325707673393e-38
P2RX7,0.195353500264764,0.117402057933637,0.599968235736992,0.226474049949992,0.820832740077454,NA
P2RX4,2.06507122464114,-0.648465870538703,0.491209360376909,-1.3114477807284,0.189706525078149,0.567394970461009
CAMKK2,0.871172921217989,0.563825589982776,0.668504864893078,0.990076188152817,0.322136881127269,NA
ANAPC5_ENSG00000089053,10.6667567389004,-0.829044226039741,0.25240675660936,-3.28200891556605,0.0010307034617204,0.0147435408220006
RNF34_ENSG00000170633,5.87616822226487,0.609149036184094,0.326424511994516,1.86233453499981,0.0625559504773089,0.312692412835029
KDM2B_ENSG00000089094,2.80112694357258,-0.86570953203663,0.54253587315879,-1.6026827877908,0.109004705500785,0.430781358675774
ORAI1_ENSG00000182500,5.82443873791296,-0.330607162591126,0.337364845021949,-0.979577325863466,0.327294801843259,0.710584304560553
MORN3_ENSG00000139714,1.21937747793499,-0.359509674321147,0.557418913033729,-0.642816809541759,0.520342974513089,NA
RHOF,12.4377951503216,-0.687554947849302,0.25961602579862,-2.64868582810104,0.00808054112991612,0.0759570866212115
AC084018.1,1.51585681965082,-0.0545531024631925,0.551188676849275,-0.099202897605642,0.920977174252938,NA
PSMD9,9.54992444989558,-0.0882172586050326,0.261244328078872,-0.337536952246694,0.735712160951805,0.9276520906015
MLXIP,1.00863656131782,-0.263043475362781,0.633654567899564,-0.421437492306889,0.673435646435088,NA
VPS33A,1.71379753217036,0.187500967054318,0.497656398385635,0.374611563724931,0.707949371703308,0.918571726065125
CLIP1,3.26346028798854,-0.00356796107857873,0.467710248322212,-0.00763212626851072,0.993910503402519,0.998279102354645
ZCCHC8,1.30771654217448,-0.510418647828953,0.554824437315137,-0.911241976840843,0.362167891063278,NA
RSRC2,12.6828910736076,-0.0443367824992794,0.244367627913872,-0.181414956527085,0.85604188004838,0.962864200122793
HCAR2,0,NA,NA,NA,NA,NA
HCAR3,0,NA,NA,NA,NA,NA
DENR,6.97525812515731,-0.476952151083265,0.328697766664922,-1.45159510277355,0.14661422124754,0.499209094855791
VPS37B,9.54113254810087,1.6147713301984,0.292649833803224,5.46716152506154,4.57299306548505e-08,1.54309201902008e-06
OGFOD2,1.80106784216413,-0.676014162100286,0.569285653427355,-1.18246139700261,0.237022674021971,0.621667840583784
ARL6IP4,23.7289814333055,-0.5442380173135,0.183315256161957,-2.9686647366053,0.00299096731828362,0.0356328347995698
C12orf65,6.21146030346532,-0.101340874419199,0.353174616718482,-0.286996594401037,0.774114927873626,0.941441916599155
SBNO1,4.92136797281325,-0.478919866169969,0.342152579761586,-1.39835558362549,0.16200631410322,0.522549777842738
RILPL2,5.93403592036549,-0.00110794358616149,0.33694232806228,-0.00329282202685713,0.997372712891104,0.998757937632699
SNRNP35,10.4537005164201,0.580870003169386,0.249382078556999,2.32684475009327,0.0199735296802314,0.149347528745366
TMED2,22.673749920817,0.553280195646007,0.18034698805646,3.06608604590825,0.00216880890856703,0.0276670144985847
DDX55,3.01546716646788,-0.255159071839146,0.437537283402813,-0.583268263989213,0.55971272318983,0.861022635900994
EIF2B1,3.37045526050414,-0.533425299637844,0.398119623822483,-1.3370137580654,0.181218145994569,0.554934450561612
GTF2H3,0.692544458501457,0.0619113326824548,0.65163711257963,0.0939389820219918,0.925157627561725,NA
ATP6V0A2,1.19977741796757,0.388688713979965,0.623748848245373,0.632893700346343,0.526803061930516,NA
NCOR2,0.628104622868926,-0.248837556583787,0.637049728276393,-0.381383100195704,0.702918999227091,NA
UBC,234.509530368384,0.425251863262945,0.0946447818201511,4.49300480537203,7.02251994235304e-06,0.000167269434283015
SLC15A4,7.26864869967358,0.0212119610883119,0.304074003113272,0.0697132894573019,0.944421864060582,0.987648233164879
GLT1D1,0,NA,NA,NA,NA,NA
RAN,50.7702756988341,0.172926005280737,0.143751487289022,1.20304220024376,0.228959990537538,0.614255976875246
SFSWAP,1.67530632114563,-0.664768244620603,0.535643748619497,-1.22894763003319,0.219091441803015,0.601416866095245
PUS1,0.990648662207628,-0.635778994834253,0.652339705044299,-1.0135472573541,0.310798835600937,NA
NOC4L,2.20876116619985,-0.673026047015329,0.478649577276749,-1.40325891033333,0.160539646289337,0.520400367321337
ANKLE2,3.14913198280368,-0.234455126950982,0.419043440575357,-0.56061298374852,0.575061398426836,0.868555268870245
CHFR,1.48349641191414,-0.166595687228716,0.538103117325356,-0.309813804226774,0.756702553521895,NA
ZNF140,1.82338794942162,0.3693271100189,0.546906270317712,0.674045418022168,0.500282439022446,0.83285768256282
MPHOSPH8,17.8495381819134,-0.304203298816627,0.231327240504125,-1.31528947055657,0.188412635512607,0.565130548910748
PSPC1,3.24817121583424,0.141771367895126,0.413592087451159,0.343121645783156,0.73150694755343,0.925275128253895
ZMYM5,3.4940487663075,-0.421087659674658,0.40153024372947,-1.04803462407662,0.294622654824523,0.679767825889977
ZMYM2,3.00370018166902,-0.158980356416216,0.438511725835805,-0.362667799291773,0.716853056750226,0.920593923086896
GJB2,0.224020085916382,-0.26044289446283,0.639879962138513,-0.438653739892174,0.660912451364471,NA
CRYL1,1.34159373136802,0.00593838409191919,0.574897920694485,0.0104055081883384,0.991697755489856,NA
IFT88,1.25835109629064,0.0832832281518469,0.576845163414375,0.143641066362342,0.885783910636081,NA
SAP18,61.2409078736644,0.161452216812562,0.135911327248779,1.18785184801178,0.234891783273961,0.61986732126525
MRP63,17.4198055453883,-0.113273607960812,0.211567853588499,-0.535515809827845,0.592293228196178,0.876264899235887
MICU2,3.16475514484687,0.144252239726982,0.412795843012668,0.349124288354483,0.726996002974675,0.924091400842208
SPATA13,2.95652173858432,0.568765380654493,0.417768518076182,1.35519530794939,0.175355339214609,0.543838999270018
PARP4,3.50993471505576,0.919941818117361,0.450082944628295,2.03172391110725,0.0421816138532218,0.244004412443253
MTMR6,1.88357351110674,0.00894758190994154,0.514687735111461,0.0174058850076825,0.986112814310283,0.997107385615932
NUPL1,0.877087411755111,0.523938420121886,0.621834138816206,0.850579955922665,0.395002727763067,NA
RNF6,2.30182799826999,-0.39227549438316,0.488412317796473,-0.797331706804864,0.425258410535997,0.781074763803729
CDK8,1.21952824867385,-0.220336910568099,0.591311070326384,-0.374830375726449,0.707786621966546,NA
USP12,0.807493475967638,-0.243043020858213,0.631765711968786,-0.390979788217117,0.695812175793298,NA
RPL21,665.997183598971,-0.0294916240481312,0.10044190425421,-0.293613983651139,0.769052889133609,0.939299018640169
GTF3A,28.3712484321993,-0.555363941408842,0.185053030305194,-3.00150733848409,0.00268646563988589,0.0327643349347178
MTIF3,8.16118908842913,0.393765390212405,0.27794952577014,1.41536480901261,0.156961562015308,0.515700260350975
POLR1D,11.3262472844144,-0.472060465046172,0.248571536280805,-1.89878089076399,0.0575932907151222,0.294988164956045
ATP5EP2,2.38459207527637,0.0297466144815735,0.459728445740717,0.064790549756526,0.948340765843474,0.987648233164879
POMP,36.9024730740055,0.738218369177124,0.160041231035307,4.61076297373696,4.01193770027281e-06,9.91494838227045e-05
UBL3,4.63405213278612,-0.550160938416126,0.353379138257872,-1.55441373662206,0.120085758684816,0.451845199225783
HMGB1,126.391676674302,-0.169048021569109,0.0903859853557228,-1.87032363213033,0.0614388897550923,0.308610428938631
ALOX5AP,116.180903522787,0.993224745936144,0.148338996409923,6.69356226620447,2.17802291698951e-11,1.0512472951563e-09
HSPH1,7.77988335174157,0.499710961471089,0.313889005357126,1.59141057121425,0.111517206814366,0.434535905554651
BRCA2,1.05446485191777,0.934763263142678,0.60473021392828,1.53315356451788,0.125238022458913,NA
N4BP2L1,11.7508595771211,-0.0277954056280716,0.262040045363385,-0.106130101152395,0.915479128743751,0.98215975713048
N4BP2L2,18.7802610514498,0.33178545127702,0.195602738993736,1.69595040378313,0.0898952729925324,0.386028270201823
PDS5B,1.90270534086815,0.422162156252546,0.516206368194433,0.816542931183109,0.41418967987328,0.77287999817545
SPG20,6.70312235533717,-0.0531285807220649,0.338386984334336,-0.157143980262129,0.875131376901331,0.9697618870344
CCNA1,0.202663852651689,0.266626785948121,0.636410297595542,0.445064568551309,0.656273093099385,NA
RFXAP,1.06318423839674,0.136935382515193,0.583109243613101,0.233656824624346,0.815251408889722,NA
ALG5,8.22548479971523,0.159266509719033,0.304993525854805,0.52236578073802,0.601415676718588,0.877505019104904
EXOSC8,8.60505562952782,0.103153559063373,0.27841292344788,0.370709052550179,0.710854247066577,0.919123640580385
SUPT20H,3.94376643013691,-0.355417409924535,0.39390907918644,-0.903520283159909,0.366249828263155,0.742491576501798
UFM1,4.59814639604773,0.262685817730071,0.394230116054711,0.665239099322743,0.505897576015476,0.836184842969683
NHLRC3,5.82946830727003,-0.397688513190031,0.3358616487011,-1.18214189297742,0.237149404160388,0.621689443583519
MRPS31,5.77424934441014,0.196286584103968,0.362250231055166,0.541759368817873,0.587984285160098,0.875779661553515
ELF1,22.5881216845587,1.611586472332,0.21082112529559,7.61647317190715,2.60700743421415e-14,1.52480968152259e-12
WBP4,3.72855354172644,0.429101874993893,0.412461324692783,1.03888487224161,0.298858282765201,0.683401390302354
KBTBD7,1.34154051172702,-0.434542014335819,0.572085308686143,-0.758354257740161,0.448238933793788,NA
NAA16,1.09002353474588,-0.0761416400973555,0.582335417629035,-0.131150572359273,0.89565619566515,NA
RGCC,62.4243224444155,-0.788600086792568,0.167686303987187,-4.70214944323343,2.57436962646205e-06,6.64288319298835e-05
AKAP11,0.745549668594301,-0.420439828260884,0.60472450644039,-0.689497217645271,0.490510423564274,NA
EPSTI1,39.0057676692317,3.48178136818126,0.239579936011379,14.2655923198173,3.58534756258917e-46,9.93329977340495e-44
DNAJC15,7.84252000367346,0.53461282066669,0.32110100515309,1.66258415428356,0.0963957051515285,0.401322551579414
LACC1,0.369916752979809,0.737551322485847,0.666221485418113,1.14358246498153,0.252796837151568,NA
TSC22D1,3.08047539447024,-0.0918355727046938,0.452962849034764,-0.203079963139395,0.839072532509067,0.959773535664435
NUFIP1,0.887999060492064,-0.651435381325642,0.591094172735994,-1.09558037161422,0.273262455391441,NA
GTF2F2,2.63731745936479,-0.349857976912983,0.456376625812623,-0.76396149844446,0.44489018700122,0.797702970795273
TPT1,243.813098910504,0.211103880314072,0.0980962717762552,2.15207248970954,0.0313916454819963,0.203504460366045
TPT1-AS1,2.20259202116305,-0.390885214598772,0.518806892022279,-0.758791758176396,0.4479771366764,0.798831858897212
ZC3H13,8.74587241946136,-0.0111861373718484,0.36623842199065,-0.0305348318162401,0.975640514552333,0.994844175048461
LCP1,24.6326129887962,0.727834787934891,0.232622698616169,3.12757277404462,0.00176256178909796,0.0232534467614327
KIAA0226L,0.286146358357509,-0.100398768657015,0.668507314632915,-0.148613280204113,0.881858793298258,NA
ESD,5.1553208092485,-0.156306569838027,0.397312011708386,-0.394391377968118,0.693292108414228,0.91653641518341
SUCLA2,5.0145777797663,-0.11105999749085,0.409669250815385,-0.271857271035569,0.78573176698334,0.946699343536392
NUDT15,0.487838432397387,-0.375833974578112,0.665175881569838,-0.547753847405997,0.583860932752602,NA
MED4,19.9613063567872,-0.0879678560738347,0.198796662423129,-0.442488300933092,0.658135894259971,0.903311659041397
ITM2B,110.734850912248,0.291986077682469,0.154575973759619,1.88860205856704,0.0589451709633289,0.300666065843957
RB1,1.22254865972933,0.472344524217981,0.555521061973605,0.843120821754795,0.399160874775329,NA
LPAR6,2.50309757702846,0.828427926384637,0.480097871647254,1.70711880047577,0.0877999733683334,0.383233051252825
RCBTB2,1.95017637374744,-0.0244893021209829,0.46615483405024,-0.0523952540878824,0.958213755614092,0.988997568811304
FNDC3A,1.14733583614429,0.683793744703044,0.576796123641495,1.1796426055654,0.238142390028934,NA
CDADC1,1.03654450414519,0.671990924326236,0.593854893154407,1.1202226017303,0.262618914788623,NA
SETDB2,1.38733842706613,0.353256754005836,0.56055889751394,0.622503058584978,0.533611133228408,NA
PHF11,18.8798113651503,1.60224640242238,0.223227755900736,7.14575317724018,8.95037594338157e-13,4.66482960059016e-11
EBPL,2.09544860837174,0.0764813447389165,0.510129762315369,0.148794605657089,0.881715707317433,0.971159964673253
KPNA3,3.07327761851847,-0.154121170791945,0.456538092989493,-0.33823943270128,0.735182762168255,0.927613149581422
TRIM13,4.07527907429679,-0.442644485863736,0.422332277725621,-1.05186004161799,0.292863767105614,0.678711140652163
RNASEH2B,6.68699618470861,0.304631118646159,0.321072288591167,0.947532248043499,0.343367631768982,0.727066457615415
INTS6,2.90744650850191,-0.361604939100683,0.492709750256344,-0.738107889141542,0.460448890092986,0.808751835723123
WDFY2,1.61638724449832,-0.260966260623072,0.503906310543019,-0.517558029262302,0.604766671526924,NA
DHRS12,0.757110408726066,0.119570461527909,0.650633574647716,0.182070317539587,0.855527542538014,NA
VPS36,5.46819477911618,0.0272201396100364,0.338160385959635,0.0804642665778384,0.935868015192869,0.987648233164879
CKAP2,3.62333095192921,-0.414396739607072,0.423609522273102,-0.976017746697361,0.329055669966534,0.712087513044704
SUGT1,11.1008357209516,-0.167446877288467,0.277824368888433,-0.602955946894388,0.546537995827121,0.853145895522196
TDRD3,1.90892494923077,1.09805862382999,0.538870607113746,1.9941798821214,0.0461323998853024,0.257879803565672
MZT1,4.69860725101128,0.688312054193717,0.359090406752921,1.9094033564591,0.0562100781390263,0.291804587104373
DIS3,1.41193790292172,0.647060819308357,0.542582702253954,1.17672929749904,0.239303570278638,NA
KLF5,0.495769124559213,1.48761689772494,0.655877564302178,2.27014741599859,0.0231986402339302,NA
TBC1D4,0.803552492805216,0.288211375900195,0.634222834152832,0.457249058285434,0.647492040424928,NA
COMMD6,42.9411044045212,0.0187423900534901,0.143729269531937,0.130393919569648,0.896254777001254,0.976183867138268
UCHL3,4.05707587721308,0.551023628442181,0.364465005009852,1.5073137089168,0.131730265312531,0.471719807214398
LMO7,0.746209197532529,0.369359390500139,0.666259855883696,0.591611246497563,0.554110941072854,NA
KCTD12,0,NA,NA,NA,NA,NA
IRG1,0.406137051843979,0.896718044982351,0.668225653005979,1.38230627416671,0.166877680339795,NA
CLN5,0.987169617475821,0.069090580897912,0.647290027045789,0.109468066332457,0.912831248899308,NA
FBXL3,2.69049903599298,-0.172163410564701,0.446025803987333,-0.385602751639555,0.699790895037416,0.917214265271815
MYCBP2,5.96916145529813,1.01418533684717,0.343087092220027,2.9399346107634,0.0032828151826608,0.0381473269790871
RNF219,3.16690483669792,-0.273520763910384,0.450446117024541,-0.606664208773282,0.544073779247362,0.853145895522196
RBM26,2.08463510094249,-0.431834783336201,0.481585949647426,-0.895287633671375,0.370633349167895,0.743990172346575
NDFIP2,5.06245561432845,0.0138039138256331,0.429757448817656,0.0321214686358304,0.974375182747263,0.99454321103772
TGDS,2.01324516925052,-0.579511469704972,0.52653526742064,-1.10647084983197,0.268522774324516,0.656527581999188
GPR180,1.28198594672539,1.9327400594038,0.598824396778654,3.18831485723563,0.00143104619435995,NA
DNAJC3,7.23946796548435,0.569926270838151,0.316045723393154,1.79962482558456,0.0719198983907961,0.33684863358104
IPO5,0.793866624855593,-0.118050369575316,0.622757370847575,-0.188554063542074,0.850442338866756,NA
STK24,0.909458536241743,0.560409504656402,0.588786999555014,0.941787694122957,0.34630134674739,NA
UBAC2,7.30032675503791,-0.23513089903599,0.326300266994623,-0.721304421683235,0.470722237095274,0.815289570375014
GPR18,3.9737438521698,0.966771607925653,0.396864213410674,2.42168404689217,0.0154487758716127,0.122658154129969
GPR183,33.4451346416208,0.673827772169502,0.287589782341778,2.34514838383438,0.019019508603624,0.143642314619048
TM9SF2,9.0680553567598,-0.00061167450089181,0.270601879938923,-0.00226052527765712,0.998196363317743,0.998932830140646
TPP2,3.07946658624989,-0.197696980911291,0.410033788770712,-0.481581415244668,0.630103331060019,0.891136772378232
TEX30,5.11693476291695,0.0617679610442788,0.393855076392239,0.157141684592093,0.875133186104424,0.9697618870344
ERCC5,1.40760733639405,-0.222164376980712,0.569016534471267,-0.388284761068633,0.697805313260578,NA
ARGLU1,11.8020742092654,-0.116662878017277,0.245295199458542,-0.475593819799292,0.634363779171601,0.892211981511767
ABHD13,5.14146428368665,-0.831930823483173,0.397810515405545,-2.08727942382244,0.0368628836344848,0.225111623494116
TNFSF13B,8.23778928047433,4.43622549066205,0.507365995295284,7.64530218187367,2.08455196481024e-14,1.2329305104226e-12
IRS2,1.69404562741974,-0.100654937261259,0.59238724071984,-0.174446932201583,0.861514233157657,0.96619977318802
RAB20,0.745046222541575,0.620460892453276,0.630084266657991,0.99756206974421,0.318491761516083,NA
CARKD,0.877933562890217,-0.392562835285566,0.620861863162153,-0.63825525019433,0.523307536994614,NA
ING1,0.951806595924525,-0.136727636011648,0.623573723808257,-0.217292024024164,0.827980772518231,NA
ANKRD10,2.17349531469895,-1.09431388313906,0.475679190050591,-2.27497771193743,0.02290726689163,0.165183360161014
ARHGEF7,1.00237836999536,-0.0660163873105172,0.655166536093682,-0.106485396129063,0.915197241727775,NA
TUBGCP3,0.93791382888802,0.259815364235055,0.642046905022157,0.408764382636066,0.682712580527893,NA
PCID2,11.747254155435,-0.333993171588674,0.26265903199822,-1.27071544976694,0.203829897216462,0.583447840645707
CUL4A,2.53434684655462,-0.070042558320218,0.489776683739189,-0.14369089086796,0.885744564584286,0.97271214333444
LAMP1,13.9184135015854,-0.67545247439501,0.24020218149778,-2.81019564903912,0.00495113919642789,0.0526521146060534
TMCO3,1.60916450623583,0.536597058131311,0.57992763556698,0.906074683982268,0.364896323919497,NA
TFDP1,3.46015861046794,-0.490344870554568,0.438356522291344,-1.12100159493652,0.262287183509468,0.651060454773499
RASA3,3.50011293210148,-0.252537137298959,0.416346128763205,-0.605240412575213,0.545019267491839,0.853145895522196
CDC16,1.76366626739681,-0.178164636977918,0.54708891977915,-0.32692004101841,0.7437283626892,0.929483879676151
UPF3A,3.18744987353928,-0.89123229330126,0.415657702200766,-2.13300502500417,0.0329243139870895,0.209063436463256
TTC5,3.04828914226745,-0.37179400030752,0.409360905659481,-0.906860738662843,0.364480445421656,0.742491576501798
CCNB1IP1,0.883817567418106,0.449674753656906,0.601827464770969,0.740506997960061,0.458992416548713,NA
OSGEP,3.42148708529925,0.203052445195551,0.416554449790236,0.48780198032923,0.625690108573841,0.887532398688412
APEX1,7.08209887971698,-0.970870981947605,0.328310093286716,-2.95152371869022,0.00316210259418307,0.037154705481651
TMEM55B,5.309378242659,-0.0176344704072593,0.355732731457555,-0.04957817062023,0.960458542556578,0.990175159446714
PNP,2.00359696158205,-0.216541655850118,0.498417493536504,-0.433022104028016,0.664998711632013,0.907114075675283
RNASE6,0,NA,NA,NA,NA,NA
RNASE1,0,NA,NA,NA,NA,NA
RNASE2,0,NA,NA,NA,NA,NA
METTL17,1.58188779474392,-0.196400331144693,0.590471724880221,-0.33663542207673,0.736391750205539,NA
HNRNPC,30.5318331136241,0.0789702422257654,0.157967026229085,0.499930217744291,0.617124214134463,0.883235960631815
SUPT16H,7.3225223962624,-0.559454094698779,0.31245936200969,-1.78855302501563,0.0736868288381161,0.342754334046409
CHD8,2.57347700965962,0.00845357686918744,0.502794198802885,0.0169158469010382,0.986503750577179,0.997111317787686
TOX4,7.92963549701751,-0.356534931401886,0.329189619716916,-1.08139453126241,0.279521653252512,0.66760525531816
METTL3,1.25326606151776,0.0116739687827011,0.611106221393229,0.0196742757895893,0.98430321175366,NA
DAD1,37.9419695101531,0.225873140266602,0.166808175973681,1.35384004666183,0.175787414216662,0.544000557575843
OXA1L,4.12970523123341,-0.362336757154274,0.370149874987916,-0.978033493728315,0.328057758811806,0.710584304560553
SLC7A7,0.0909160620206705,-0.209571738833034,0.539936905279788,-0.396378789629742,0.691825610853889,NA
MRPL52,6.69012449602954,-0.123447128047921,0.303204058585175,-0.407496474605253,0.683643382890434,0.913085437061073
MMP14,0.0272288675246664,-0.108552561287415,0.490601629230456,-0.216657694052562,0.828475120094584,NA
LRP10,9.28871311502298,0.109830583728,0.258012280399764,0.425488978348856,0.670480254525493,0.908251025904242
RBM23,7.80193361298021,0.139403572995705,0.304181350070992,0.458207775632047,0.646803174086208,0.898748169886915
PRMT5,0.946129213294784,-0.198372163059689,0.59556637031326,-0.329806841988077,0.741545917224646,NA
PSMB5,10.7954776115594,-0.37420188151616,0.254417559095247,-1.47038081965232,0.141458643131283,0.489571530205834
ACIN1,2.76730274567352,0.178605538597225,0.458010834560837,0.389669265287268,0.696781126255745,0.917214265271815
C14orf119,19.0214244415391,-0.168986105659015,0.198468277644695,-0.851516617987951,0.394482436068676,0.758892262065204
PPP1R3E,1.40218556534049,-0.176067982662056,0.530344083021152,-0.330533456218847,0.740996917374201,NA
PABPN1,2.38280677890924,-0.189399771784731,0.475827988645048,-0.397646004544394,0.690891144183978,0.916386366490548
CMTM5,0.123367995337924,-0.19439729357328,0.608586322322519,-0.33862247681493,0.734894147910536,NA
NGDN,8.92172576533094,-0.474664517095367,0.283437366697162,-1.67235326991869,0.094454681056419,0.396182821578478
RP11-66N24.4,1.29591786810344,0.17346934179643,0.545352763220302,0.316707877226584,0.751465271104791,NA
AP1G2,2.25017522870327,0.182326563047136,0.505977537734645,0.359114920840803,0.719509119904288,0.921421551797806
DHRS4L2,4.33494234228499,-0.0414586170752283,0.369004935800993,-0.112301842038473,0.910584081308845,0.980428431992178
PCK2,0.332137940750691,-0.100980277745298,0.668314228039052,-0.152051284505384,0.87914648667194,NA
DCAF11,4.97197115324617,-0.0967985726157426,0.330950721069528,-0.292270516853484,0.770079799277212,0.939661581686427
PSME1,89.1364505742876,0.443968579899833,0.144766258388339,3.0661036722026,0.002168681054838,0.0276670144985847
EMC9,2.77056588164261,1.08710345216587,0.455947454478788,2.3588174367662,0.0183332724821332,0.139661861571562
PSME2,104.836061408681,0.947365570282617,0.120273890807386,7.87497742115689,3.40804398468562e-15,2.18008699583205e-13
RP11-468E2.4,1.7352577619749,0.863640235974492,0.594503671745016,1.44637941953472,0.148070811041781,0.502543358687258
IRF9,12.3591575912124,1.31223444699747,0.266741500249348,4.89526505413758,9.81733179681034e-07,2.67763909732692e-05
CHMP4A,37.0004888399882,0.261879847617166,0.174294705519175,1.50218659848441,0.13304892489328,0.474183846065151
NEDD8,49.0827288089328,0.198402338724396,0.145646833950488,1.36214327206796,0.173152674385613,0.541577942938721
GMPR2,3.73212290581505,-0.515759049707396,0.412923428509291,-1.24879416906772,0.211740367198687,0.592714862777579
TINF2,14.7758070608046,0.777245326813121,0.218120642085983,3.55832401516528,0.000373228729416002,0.0059535637322601
TGM1,0.314342313998047,0.309066168608065,0.494130205950574,0.625827075879649,0.531428370391626,NA
RABGGTA,2.27751367172111,-0.0756486910331967,0.499738532109999,-0.151760853245257,0.87937555900974,0.97090195158043
DHRS1,1.54903209457404,0.363087482220516,0.529073519020048,0.68211821371468,0.495164204506132,NA
KHNYN,2.5350654160084,-0.0490382609282421,0.512779182119798,-0.096691031412794,0.922971762353345,0.983880196974474
SDR39U1,3.31492409889592,-0.240061180309865,0.38952792492782,-0.615725483531887,0.538075715272874,0.85109091502296
GZMH,66.7118593329272,0.0845721897092214,0.312808641424758,0.270168011121948,0.787031001325594,0.947253636775246
GZMB,552.8798590398,0.62133982144453,0.126687162923561,4.90444400962372,9.36923410562185e-07,2.58218054094206e-05
G2E3,1.57345531915658,-0.448778087524077,0.518935062425206,-0.8660861172586,0.386442937743084,NA
SCFD1,5.72480818227479,-0.130325775341996,0.343466092934429,-0.379519678463071,0.704301994082299,0.917215665787009
AP4S1,0.620646418370034,0.585698796108671,0.64015733629082,0.895072741807645,0.370748204092284,NA
HECTD1,5.80958433621367,-0.289913009931273,0.338598457256402,-0.856043437422145,0.391973753281769,0.758863492929472
ARHGAP5,1.38456980357693,0.363232990766125,0.558066715862692,0.646306895076329,0.518080623363151,NA
SPTSSA,3.41112795447498,-0.226011041188026,0.458419479812538,-0.493380877107889,0.621743491659267,0.884288125963148
EAPP,17.8311597441588,-0.230606493362083,0.194538944310705,-1.18523302884014,0.235925324307837,0.620548943185676
SNX6,18.5929176158703,0.99879108942256,0.194664530462404,5.12212309573804,3.02114551816707e-07,8.93444382451207e-06
CFL2,0.792151098348163,-0.783722505344833,0.634184359936762,-1.25005410380148,0.211279783982309,NA
BAZ1A,18.5907098845121,0.433981991718196,0.217940998142912,1.99045426354212,0.0465409174387503,0.258976098728944
RP11-73E17.2,0.996822764094916,0.25082191045015,0.588886245088078,0.424452023405198,0.671236187266941,NA
SRP54,9.08932752065722,0.349788098647514,0.269881179861223,1.29506567954606,0.195297573109727,0.573714714748503
FAM177A1,26.3680146063352,-0.376115595348611,0.191297401603265,-1.96664998972362,0.0492235760924055,0.267872531338041
PPP2R3C,7.67129369412269,0.533798870796362,0.298319509545452,1.78801912808831,0.0737729218226789,0.342754334046409
PSMA6,2.22333466002148,0.671632350128308,0.461780224077451,1.44176803757012,0.149367822487097,0.505966677974311
NFKBIA,79.3433498133053,-0.0366492806445916,0.17176120985152,-0.213397139835282,0.831017211209919,0.957424950713288
RALGAPA1,4.12132481797985,-0.371415074122159,0.439449500757251,-0.846936407433842,0.39703056805995,0.759666107199476
MBIP,2.08983917707282,0.249588928509378,0.480086470243052,0.516044596569289,0.605823261965319,0.877703949235001
SEC23A,3.19004765194402,0.341091227425219,0.412947687590747,0.824155119578415,0.409851424433213,0.770245590223646
GEMIN2,1.22375566949521,0.411007512704564,0.57704319695631,0.714714568547048,0.47478543374363,NA
TRAPPC6B,2.76828337053582,0.283916461159685,0.452558413726546,0.628780477869798,0.529492782431676,0.847895407653559
PNN,5.71287003333287,-0.478758702940141,0.342561552308361,-1.39618883008304,0.162657639452966,0.52400845414958
KLHL28,3.16333925301258,-0.151530615117288,0.486945912936676,-0.31201223358083,0.755031226076435,0.932977552597736
PRPF39,1.05815627495794,0.202824900939995,0.592462030161525,0.341226981687667,0.732932712464365,NA
FKBP3,9.37699389833293,-0.183907656695435,0.276498928741208,-0.665465611932748,0.505752731279219,0.836184842969683
MIS18BP1,5.33856252931857,-0.417228319840034,0.393123084314562,-1.06547791773719,0.286659713247422,0.673481727388762
RPS29,36.0375667163434,-0.0768718843674781,0.176671904754077,-0.435125221350179,0.663471537265547,0.90605625052625
LRR1,1.63815604096906,-0.13608239520176,0.515269320082897,-0.261417244461741,0.793770760115585,0.947331951222146
RPL36AL,139.265974827901,0.469128862308135,0.0888044148051819,5.28237833800216,1.27517515951118e-07,4.04368797570293e-06
MGAT2,6.38019195004183,0.802340518027359,0.33083209034919,2.41817197630941,0.0155987025561072,0.123290646029051
DNAAF2,3.91366240560655,-0.172233278833199,0.436653824265328,-0.392921456522939,0.694377493503019,0.91653641518341
KLHDC2,8.22451843907959,-0.564051115862535,0.322435168859139,-1.74728662709482,0.0805876316041929,0.364044120265191
NEMF,4.87625496385776,0.129618937912708,0.342691702340074,0.377693335606406,0.705658419151206,0.917634861267774
ARF6,29.7383810653528,0.47755091839303,0.169711863992837,2.81324936460345,0.00490436021679427,0.0523555076930622
C14orf182,0.553987605551334,0.188501189936999,0.642330893438601,0.291703637238048,0.77051322800485,NA
VCPKMT,2.04466243115154,-1.12376557376373,0.521839906628876,-2.14079895023718,0.0322902546672079,0.207499013712454
SOS2,1.14569396985483,-0.637812128135595,0.595748567347068,-1.06132782963284,0.288540942591082,NA
ATP5S,3.46331751933045,0.228812395128611,0.425392045427676,0.538521253435052,0.590217236203932,0.876264899235887
MAP4K5,2.60847161790297,0.738124661884142,0.465299301865351,1.57452336014855,0.115366505321905,0.440229496994312
NIN,1.19288566190659,0.00081974866222209,0.574270732146079,0.0014217690475805,0.998865592810095,NA
TMX1,10.7937136396064,0.767051881883681,0.29497042078951,2.59416004984584,0.0094822334243773,0.0859803261088274
GNG2,24.9896521432633,-0.0290473781401361,0.17834922160983,-0.16287736407088,0.87061499366705,0.967413325623816
C14orf166,24.2642181423991,-0.287175248964431,0.211032568090372,-1.36105033000709,0.173497784743243,0.542335118104769
PTGER2,7.0160995103499,0.81999210283193,0.303651221821829,2.69168858940459,0.00710912919323479,0.0698180150619178
ERO1L,1.14086146292765,0.329092014764478,0.566089452752955,0.581443498719174,0.56094158788243,NA
PSMC6,10.2041461234692,0.15157879561202,0.256078107251432,0.591519219399944,0.554172581442527,0.85572439680653
STYX,2.43422071464059,0.433822230865544,0.451032122357494,0.959421851107289,0.337346271475846,0.720694307243852
GNPNAT1,1.49275315043913,0.42811223443899,0.559993779220314,0.770716507151235,0.440874985419397,NA
DDHD1,2.03805056355139,0.664805048222709,0.478346613112501,1.37812083207137,0.168165984718003,0.53356495653382
CNIH1,11.3348549433388,-0.752265089078186,0.282521679122047,-2.66207644203319,0.00776602396392868,0.0736582885515686
GMFB,3.3920495773304,0.591883790556879,0.45909857073378,1.28828723900835,0.197645993565343,0.578049233122201
CGRRF1,3.09110530833788,-0.132689077078702,0.431327402895684,-0.306659337024854,0.759102683726833,0.934295191912836
SAMD4A,0.247680541719897,0.447868065592493,0.647667322149557,0.710706581215187,0.477266080560203,NA
GCH1,6.72065330808018,1.98215197564714,0.358841333489108,5.40203666005407,6.5888479670852e-08,2.16773098117103e-06
SOCS4,0.783033661475872,-0.760850066964897,0.66806793185935,-1.12733309105007,0.259601676497359,NA
MAPK1IP1L,7.33707601028636,0.614740799830437,0.344035960870686,1.78311235431567,0.0745680157589674,0.345533481474652
LGALS3,16.1560948547171,-0.121749874777613,0.42273153812974,-0.288014539035691,0.773335609473597,0.941441916599155
FBXO34,7.12374427123396,-0.647421485933793,0.310899141847293,-2.08031550982028,0.0374966031242533,0.227661036731337
KTN1,17.2858295262696,-0.166931261801865,0.233584427270624,-0.715061165892406,0.474571248764156,0.8168221086443
EXOC5,4.12590653662998,-0.0537705462916101,0.355422053780155,-0.151097915617665,0.879898476720018,0.97090195158043
AP5M1,5.6078183177358,0.162696345178752,0.389738434594912,0.418872888035924,0.675309032299161,0.909860953678726
NAA30,2.56711800313197,0.287489430859409,0.459816676876837,0.625506570290632,0.531638637543214,0.849135698999837
ACTR10,11.576578028921,-0.135141731654762,0.264204248726282,-0.511594063832569,0.60893514086952,0.879164723405692
PSMA3,25.4824136794545,0.971654328143297,0.175223154815586,5.53871381589663,3.04701082724495e-08,1.0552279601722e-06
RP11-349A22.5,4.61313115746904,-0.00146663132562731,0.350184915931226,-0.00418618226217221,0.996659919559638,0.998746966792678
ARID4A,4.17695333199324,-0.227264801391003,0.409578284895328,-0.552855547900522,0.580362328249378,0.871435341426759
TIMM9,2.76875552137496,-0.495083275631284,0.452083715895316,-1.09288787158447,0.274443034031985,0.660833342549618
DAAM1,6.171971400515,-0.473287006017032,0.351747852104576,-1.34727267342822,0.177892429710605,0.548220338448973
L3HYPDH,2.43512206806858,2.15155242453114,0.526714880327646,3.87246071370518,0.000107742046703627,0.00204748784782633
JKAMP,4.09478437017886,0.516915251975603,0.400262826793788,1.28908781992787,0.197367557489105,0.577832493116046
DHRS7,48.5727694179946,-0.357280231695873,0.149454700222161,-2.39057742106351,0.0168219020473765,0.13118591463317
PPM1A,5.527018917631,0.213085936011157,0.327710960305889,0.649498318414292,0.516016333011573,0.841740273516802
MNAT1,6.34144279668497,0.0247050785049241,0.333732782620381,0.0738926761509412,0.941095783503467,0.987648233164879
TRMT5,0.0803803481968887,-0.196814115716472,0.527371233256914,-0.381257914843418,0.703011878586405,NA
SLC38A6,0.242233814890944,0.160454450455825,0.66858362430914,0.245322898704554,0.806206422778021,NA
PRKCH,14.4072154050966,-0.102567561197247,0.24739275623739,-0.414594419926148,0.67843883377147,0.911977022720382
HIF1A,13.858643176747,0.840706490905824,0.237784688618204,3.52988189761393,0.00041574520766936,0.00658350465992465
SNAPC1,2.23483927371473,0.305479019502372,0.476003093341886,0.642128117878065,0.520790000558701,0.845099644435179
PPP2R5E,4.19055443684976,-0.281154712631828,0.379759617324539,-0.739848009769662,0.459392223930029,0.808235516967804
SYNE2,29.0248642778941,0.956639062146149,0.228638300672334,4.17845747911007,2.93492852264066e-05,0.00063827185874352
ZBTB25,1.41106128801326,-0.588277682165858,0.574152561992685,-1.02515611319781,0.305289532262725,NA
ZBTB1,6.53102746080318,-0.198325685135999,0.354743991617438,-0.558279738773894,0.576653378177014,0.868555268870245
CHURC1,12.9341223803143,0.350095122308533,0.244764548959094,1.42900147628256,0.153003809123827,0.509754462802421
MAX,13.7867751656098,0.328004843338156,0.253590836046692,1.294432564093,0.195516048594462,0.57400807573968
ATP6V1D,6.40917612338078,-0.537511739815768,0.373563394137983,-1.44044558497015,0.14974137463969,0.506254718113892
EIF2S1,12.6565958568222,0.0651312257035175,0.23984694637675,0.271558355117281,0.785961624218653,0.946751027434094
PLEK2,0,NA,NA,NA,NA,NA
PIGH,5.15697069615416,0.113200770337817,0.371985817099767,0.304442815108391,0.76079055307827,0.93548270763934
VTI1B,11.0340191173998,-0.0066402348746544,0.254707617200167,-0.0260691840058419,0.979202156306279,0.994845147376504
RDH11,8.13224270226068,-0.0937100942455737,0.295989214929496,-0.316848082506314,0.751358877854817,0.932599182510672
ZFP36L1,15.1498769090786,-0.428542251412894,0.247080704621559,-1.7334763088392,0.083011044795662,0.370627769130081
ACTN1,0.849427377135911,-0.579418950012522,0.622590475066641,-0.933867147386782,0.350372427203892,NA
DCAF5,3.05200133223883,0.484250344438769,0.421450665966045,1.14585148538079,0.251856607916653,0.63894998757468
ERH,35.6991493649361,-0.0304470265600753,0.148235694644029,-0.20539981256418,0.837259766705862,0.959060926698885
KIAA0247,0.733992853942758,0.0708491585100124,0.629957368224281,0.110497938153448,0.912014484973059,NA
SRSF5,29.3823335784999,-0.495864652570302,0.181602716140119,-2.73033250702762,0.00632704746342694,0.0640491881682297
COX16,14.8564823487559,0.00315609019602807,0.218957528752792,0.0144019854219917,0.988509275417214,0.997985096835567
SYNJ2BP,2.95765478196246,0.528306180213507,0.432820851499587,1.21431715837207,0.224626635936119,0.608248256979286
MED6,4.44941806204916,0.562227238810612,0.432396680738747,1.29680200150163,0.194699321863742,0.573355982723231
PCNX,0.72002571743437,-0.0428368957158441,0.639846088294321,-0.0670722985487232,0.946524146776309,NA
SIPA1L1,3.13102535658851,0.294188484747454,0.411224398194263,0.71440048295327,0.474979573434689,0.8168221086443
RBM25,7.28500355251265,-0.302929772945323,0.308536303944881,-0.982003251733385,0.326098246243115,0.710584304560553
PSEN1,3.50465644765064,0.549753617552387,0.523186869019347,1.05916254335916,0.289525760345915,0.674961737139459
NUMB,2.4428087910438,-0.142073258502499,0.461413297161112,-0.3072849110792,0.75862651969229,0.934295191912836
PNMA1,2.41758650969447,-0.564239288307786,0.446398492080964,-1.26080133052355,0.207380434322611,0.588424180191396
COQ6,1.26085622688025,-0.267898653624842,0.550373942643899,-0.484651224659674,0.627923770808615,NA
ALDH6A1,1.81159074207298,0.0826764126807061,0.533485795878231,0.154505206707178,0.877211406157333,0.970092613868109
ABCD4,4.82329916632056,-0.739984583258101,0.36342296825239,-2.03110549965385,0.0422442936930872,0.244098750823722
NPC2,15.8103628468499,1.19447788227332,0.226177675731869,5.26533871591598,1.3993112070169e-07,4.35856461167867e-06
ISCA2,9.97427512898857,0.394366430691177,0.270096999030384,1.46006655249488,0.144271783993348,0.494431426393871
YLPM1,0.756877101013739,-0.45927628618314,0.616304866432404,-0.742541410538939,0.457759371677796,NA
DLST,2.53496393921224,0.0801623581695449,0.476570212109192,0.168564478910055,0.866139222403739,0.966784746974827
EIF2B2,3.18099240172561,-0.0400853258251347,0.416224800760589,-0.0961801655649228,0.923377483361502,0.983880196974474
MLH3,1.41470674358738,-0.47781836462682,0.569674364648022,-0.834643900767257,0.403918236452299,NA
ACYP1,3.12003367394441,0.453015734703847,0.435699505201942,1.0398541292694,0.298407676470171,0.683261421896032
TMED10,21.5755112419097,0.441919832151368,0.216801478900764,2.03864544302709,0.0414854263786268,0.242643649396768
FOS,3.14488326908001,-0.264874899242966,0.48830541619332,-0.548157205597634,0.583583963639955,0.873549508310047
BATF,5.36912561141724,0.386583728591785,0.358940468922259,1.07518437495782,0.282292189525776,0.670351225747037
C14orf1,8.07949448067994,0.180519330096356,0.307823095671706,0.58583346272925,0.557987434197814,0.859346358577324
IFT43,4.21063110575273,0.0327102932455638,0.381110860177649,0.0856830500334172,0.931718376683549,0.987169244107991
GPATCH2L,2.42723190623237,-0.155178934240615,0.461870485277577,-0.336044465006071,0.736837335965868,0.928143511970407
VASH1,0.540674471223633,-0.651582794834122,0.664670469151774,-1.01753030559033,0.308901222992192,NA
GSTZ1,1.01421441706722,-0.509667003470677,0.643858083180272,-0.790297108311216,0.429354275191784,NA
AHSA1,13.1159921793683,-0.0984444099412844,0.232889646491273,-0.42282230984782,0.672424909052182,0.908533039335392
SPTLC2,6.75035603398644,0.906421144342704,0.433781751184618,2.08089125321136,0.0374438609430583,0.227603330258959
ALKBH1,0.64623667406718,0.249822956401568,0.630695088374144,0.392517065934473,0.694676204232916,NA
SLIRP,5.23140630089696,0.419968956338702,0.33554191892218,1.24998532097244,0.211304909604823,0.592714862777579
SNW1,14.2001155869568,-0.12847894001245,0.215658444533863,-0.595765867296259,0.55133164887376,0.853591117550433
GTF2A1,2.01001404070698,-0.285109916170569,0.502793990555484,-0.566511714264494,0.571045971967068,0.867667104563803
SEL1L,2.36561744744017,0.118603494071093,0.478637211952293,0.246563711125711,0.805245891875669,0.948917478136002
GPR65,5.59552736665828,0.465518697193648,0.354918652997135,1.31086789514253,0.189902399164805,0.56765827893443
ZC3H14,2.43266209117797,-0.436508710396277,0.483446713126879,-0.901031844236481,0.367571388620416,0.742491576501798
FOXN3,3.17788335267204,-0.3046184518717,0.427134555483591,-0.713385154686354,0.475607456785928,0.816834470643107
TDP1,3.36951362109034,-0.124366784558971,0.402646240223817,-0.309104840251868,0.757241777380333,0.934098400464867
PSMC1,1.52403661051498,0.0481413430482454,0.559717395628122,0.086069098667675,0.931411488134846,NA
NRDE2,1.29884003195778,-0.180630667882903,0.570689716198385,-0.31651348211493,0.751612793534582,NA
CALM1,64.8985734476719,0.0144168501804936,0.133362504940112,0.108106854999066,0.913910930523115,0.981200985965268
RPS6KA5,1.30206496978132,0.56364539090365,0.559905822225156,0.996742341576577,0.318889591671485,NA
C14orf159,2.24850080696257,1.31845388364539,0.496693294498091,2.6023951638797,0.00925751141445724,0.0848981534594127
CCDC88C,4.31143798753685,-0.148878038816588,0.360939669896058,-0.412026931346237,0.680319683724182,0.912201228007465
SMEK1,2.82608117245308,-0.149002397788438,0.432519592431448,-0.344607352067344,0.730389577853733,0.924948760086839
TC2N,2.24185527538399,-0.458647395550719,0.521682906143063,-0.882042972002559,0.377753569557177,0.749213874119995
FBLN5,0.219842632192111,-0.558953034689245,0.605723703628778,-0.901902844441764,0.367108480232833,NA
TRIP11,3.94390318247601,0.157034366031488,0.38018564858484,0.412586278860143,0.679909755853565,0.912201228007465
ATXN3,3.50298200696552,0.199284609076842,0.417029201354829,0.476673799245828,0.633594422867569,0.892211981511767
NDUFB1,4.84350974897761,-0.325464800175085,0.335101741820152,-0.969903597330952,0.33209454679556,0.714898333711467
CPSF2,2.29902755913142,-0.127675988595884,0.497454753211747,-0.257808671113218,0.796554572076298,0.947331951222146
RIN3,3.95671740894293,-0.269831628269053,0.370451595145928,-0.728997293132341,0.466003318277231,0.813342661608536
LGMN,0.852538269435947,-1.03033624180819,0.648664803254002,-1.60881958216335,0.107655797729298,NA
GOLGA5,0.971695886734669,-0.0221952984008891,0.590798350616847,-0.0372720302834582,0.970268106591786,NA
MOAP1,4.10462470251203,-0.558172792727595,0.365920510163729,-1.52404265553016,0.127498056023316,0.463314052145152
TMEM251,4.40544837362146,-0.49855404346807,0.415452142896594,-1.20437054700629,0.228446390628266,0.613228862961343
C14orf142,3.16970907765779,-0.110494073769585,0.412379814868762,-0.267550144541638,0.789045611035573,0.947284525436336
UBR7,2.15977748454955,-0.0682141205125062,0.492203184505097,-0.139152534800976,0.889329615235456,0.973877906095161
BTBD7,1.44892992052172,-0.0231812838224644,0.560226077671304,-0.0415115115532047,0.966888115873085,NA
DDX24,20.4962482115675,-0.147214557809757,0.192113402064439,-0.766473369998248,0.443394691199462,0.796074358558884
IFI27,11.5950081713006,1.91675209278245,0.658599601170912,2.91221086074009,0.003588802818849,0.0408906018147643
IFI27L2,6.64741959604222,0.117022100973597,0.315584769009819,0.370315993938576,0.711147058144718,0.919123640580385
SERPINA1,0.586869535215231,-0.485204397791171,0.66121086314062,-0.754038738571041,0.450825960891665,NA
DICER1,1.54469551924983,-1.14644698261302,0.584240305081287,-1.94677275210299,0.051561985033797,NA
SNHG10,1.10601501457725,-0.965257556102924,0.585312744974654,-1.63685806986118,0.101660128852724,NA
GLRX5,3.93381144561976,-0.0825315838947113,0.373225684534429,-0.220657829580833,0.825358869188139,0.95611303452249
TCL1A,0.202466848312397,-0.0573245533687644,0.651725463538742,-0.0870027390844723,0.930669334890912,NA
GSKIP,3.75802250292367,0.321801646442986,0.422339733424726,0.762608764351685,0.445696756120697,0.797702970795273
PAPOLA,26.2931561590286,-0.0240729448910721,0.256650282476994,-0.0939471961864274,0.925151102463351,0.983880196974474
VRK1,4.22737883268266,-0.0415576229574046,0.3947460272523,-0.105503921316799,0.915975958596267,0.98215975713048
C14orf64,0.531279899784391,0.937029071413474,0.662659685606959,1.46090719237497,0.144040912536379,NA
BCL11B,1.77454689463296,-0.224619776746265,0.523711481756152,-0.428893281763337,0.668000889564627,0.908146716602744
SETD3,3.04065208269035,-0.42452268211143,0.448310884681732,-0.944620116971471,0.344852852912023,0.729263509323934
CCNK,2.66851815895085,-0.331403171724377,0.459364753608639,-0.719587469664484,0.471779029243748,0.815289570375014
EVL,74.1949126440481,0.308512320077126,0.142849651987255,2.15931960390819,0.0308253802748875,0.201071625485759
YY1,9.57367268224083,-0.588399981223577,0.288060577761261,-2.0408620294174,0.0412645429099047,0.242160800774432
WARS,5.27328863823685,3.19887114597072,0.477543498318306,6.05718611495761,1.38523285910897e-09,5.69677013308563e-08
WDR25,1.4271416092533,0.188440044413351,0.560663772632782,0.338667944171196,0.734859891867719,NA
MEG3,0,NA,NA,NA,NA,NA
RP11-796G6.2,0.15059686286259,-0.335521883540117,0.644820789783916,-0.536764024944536,0.59143062438814,NA
PPP2R5C,21.3902101369671,0.652248405852131,0.218496101732924,2.98167464610313,0.00286676481952681,0.0346115825917182
DYNC1H1,5.30997725866815,-0.0247794126315262,0.368789937331514,-0.067249059114914,0.946383429963488,0.987648233164879
HSP90AA1,78.7861699785709,0.643365480564863,0.134429585284079,4.78564971226002,1.70435084835909e-06,4.50839339988054e-05
WDR20,3.73078694164605,0.45671571777321,0.406432427635129,1.12139577828588,0.262119432372034,0.651060454773499
CINP,2.62666597928614,-0.125284438570914,0.475763017839163,-0.263989194467918,0.791788245060556,0.947331951222146
RCOR1,1.09232557543537,-0.096204930698633,0.580555446997355,-0.165635182965734,0.868444057714425,NA
TRAF3,1.53991515545763,-0.654103898985852,0.542243442251789,-1.19615727157567,0.231635191551532,NA
TNFAIP2,0.328463375624816,0.588090258414726,0.664765068039979,0.914081862844069,0.360673832009964,NA
EIF5,45.9213906712171,0.28355820797155,0.129526824106903,2.18898342667475,0.0285980446344567,0.191283490413952
MARK3,3.850279015249,-0.175027776854996,0.387131235621384,-0.451728041827731,0.651464914188672,0.900439173745401
CKB,0.284060878144209,0.234499128804448,0.648012471733576,0.374254766579311,0.708214781742,NA
BAG5,2.44952793422636,-0.175016468289955,0.437293112532144,-0.400260722285952,0.688964494328952,0.915604417608585
KLC1,1.88694264717415,-1.0662325603904,0.505476940897338,-2.08882655630758,0.0367233389561557,0.224780995657213
APOPT1,8.89483229804479,0.489182942708682,0.280936900134732,1.73993713682527,0.0818700568407776,0.367716705810455
ZFYVE21,1.81312072689108,0.327517187364787,0.526255493206993,0.619043239303217,0.535887874255991,0.850532978569968
C14orf2,17.8571382149281,-0.491541954959971,0.20344255064672,-2.41612265893906,0.0156867759901106,0.123800882776525
SIVA1,14.8730464458125,-0.316205404633772,0.216214644682716,-1.46234775627496,0.143645938030045,0.493306783533882
PLD4,0,NA,NA,NA,NA,NA
CDCA4,5.35605562545009,-0.524507093730809,0.401731042226008,-1.30882391584088,0.190594003795043,0.569079317060185
GPR132,2.28352113850254,-0.382831219301704,0.522324680904861,-0.737293151601975,0.460944095990128,0.809133924304398
NUDT14,1.70898742387128,-1.05483968777188,0.548466683408871,-1.91619463341818,0.0553403262144341,0.288427205141368
BRF1,1.09675029327793,-1.42522371496089,0.626618199850447,-2.33067076068288,0.0197707271148785,NA
CRIP2_ENSG00000182809,0.351259244239104,0.0719636908643991,0.668368794188438,0.113399675185455,0.909713697215709,NA
CRIP1_ENSG00000213145,2.25868359749502,-1.1681812702659,0.471366491649773,-2.452948894939,0.0141690467131638,0.115636995190844
AL928768.3_ENSG00000253701,0.0607712442040499,-0.168807774113138,0.490740343721791,-0.323442554003142,0.746360106492413,NA
KIAA0125,0.0285971629912991,0.00708335167592634,0.490601629230456,0.0144345705803502,0.988483278924753,NA
CYFIP1,0.503622711837669,-0.0194164988021993,0.667081409439333,-0.0305196539994544,0.975652619056529,NA
NIPA2,8.43317881325833,-0.238359040451959,0.27749758251861,-0.859018749719473,0.390330171672113,0.757632014632008
UBE3A,4.67730963687327,-0.733712441989521,0.357640770754587,-2.04853038349378,0.0405080581168489,0.241197890333789
NDNL2,13.3804041175501,0.274600844188653,0.25788242108258,1.06535367855833,0.286715910159235,0.673481727388762
KLF13,4.52238285016969,-0.403772075745159,0.376360583951671,-1.07265309317914,0.283426793616032,0.671146487447051
EMC7,19.4110685155499,0.273211271517014,0.190806966600118,1.4314931828616,0.152288919374702,0.50860283394878
KATNBL1,3.24988264135835,-0.30657119820062,0.422059344112348,-0.726703767430961,0.467407445039788,0.813843258003347
EMC4,15.2222409962724,-0.0314808101604045,0.234711889339828,-0.134061428571326,0.893353999794853,0.975241695338055
NOP10,39.6436202457216,0.01032572802381,0.149626081958683,0.069011332086089,0.944980599306051,0.987648233164879
AQR,1.27690259861936,-0.366398499059586,0.559356009426944,-0.65149159139003,0.514729203302241,NA
ZNF770,3.02050218940462,-0.0816025935536884,0.437933027498844,-0.18672907039257,0.851873062091469,0.962014600593541
RASGRP1,2.55640960227617,-0.167188853987408,0.463185098699948,-0.362157208778416,0.71723455457602,0.920598036583438
THBS1,0.471911018549557,-0.338614976533994,0.65380563655173,-0.517430968547308,0.604855346119999,NA
SRP14,108.807059682102,0.147277750946882,0.103649430645224,1.42089199210593,0.155348161369966,0.512697631004076
IVD,2.09849514438353,-0.755542004535953,0.509957042720745,-1.48178197985073,0.138398315422683,0.484394103979389
C15orf57,7.38706777367986,-0.0242515558617144,0.31840373286523,-0.0762085255911941,0.939253199975902,0.987648233164879
RMDN3,4.68843802792962,0.479669999299966,0.385498352729831,1.24306059414356,0.213845505394068,0.594203532583467
GCHFR,37.9864740625529,-0.55668068798709,0.168234855559853,-3.30967941736746,0.000934028825189064,0.0135380870415062
DNAJC17,2.69608967062891,-0.462881410880465,0.432255657787957,-1.06893725318571,0.285097944166272,0.673286486357675
VPS18,1.63076270212531,-0.330015005852867,0.526012550298273,-0.625201249889674,0.531838981687398,0.849135698999837
INO80,2.33687728844958,-0.436475724601798,0.506731952264391,-0.861137050793925,0.389162565099822,0.757040555316137
CHP1,0.314837154759707,-0.284048285539608,0.667924113462327,-0.422381518521378,0.672746565496408,NA
NDUFAF1,4.14221225652493,-0.0546051926674012,0.389206191404245,-0.140403246969899,0.888341392555169,0.973408512551722
RTF1,14.3361695534592,0.198357062602303,0.246055573945549,0.806192367308839,0.420131939026055,0.776535999660517
EHD4,7.50821554716619,2.25064364922644,0.363608663800729,6.01988066633641,1.74545704915327e-09,7.01380603568154e-08
TMEM87A,7.0538078493348,0.401910481498318,0.30680276370802,1.3092299810991,0.190456459397313,0.568991374726138
ZNF106,3.05589839378686,-0.666026150878242,0.413335218389241,-1.60522121570836,0.108445130092907,0.429860816874295
SNAP23,9.80581700691006,-0.084653443608105,0.303201094931213,-0.279403516919836,0.779935172404362,0.944028224312845
HAUS2,1.29673997549315,0.267726328040686,0.560944099988705,0.474418331728754,0.63520162318052,NA
CCNDBP1,27.1877941098451,-0.512961109557967,0.178426756898114,-2.87480600829171,0.00404275803682287,0.0451801072743793
ADAL,1.30865855957112,-0.365481915407983,0.603752332645783,-0.606160580360468,0.544408126243581,NA
MAP1A,0.0583089696983777,0.0642497231558232,0.493347537389367,0.12962057903975,0.896866620887583,NA
PDIA3,82.1970382865843,0.486035841417786,0.118040994789183,4.11716903021542,3.83554769417388e-05,0.000798036484669222
SERF2,158.898450087113,0.087021981211269,0.0854583150482319,1.01828768454486,0.30854125935602,0.694382723065451
MFAP1,6.17816074001759,-0.20136197077409,0.326003020642914,-0.617195987625133,0.537105461931758,0.850532978569968
CASC4,1.82816788766957,0.594641516747789,0.521645823115958,1.13340584269088,0.2570438616244,0.645433590849705
CTDSPL2,2.17054257186455,0.46088559320295,0.481590586018815,0.953435962082701,0.340369227786875,0.723920652553579
EIF3J-AS1,2.31388027670782,0.0865692263377984,0.447335933491031,0.1932375746633,0.846772912934747,0.960812869374811
EIF3J,10.5251373688128,0.16306797236071,0.255104090486923,0.639053298575526,0.522788259602691,0.84523873235709
SPG11,2.41675093441723,-0.261414787409435,0.495336980697569,-0.530762946141185,0.595583060175185,0.87720265747397
PATL2,3.08706727080089,1.08763778857589,0.438177469452242,2.4499198512766,0.0142888016600273,0.116074462867876
B2M,5986.54743689432,0.61766025916735,0.0752852104011856,8.20422729465687,2.320786688808e-16,1.67350974381991e-14
TRIM69,6.15151712671166,1.37007479277857,0.364341140453127,3.72617414217992,0.000194408116943303,0.00343410848184411
SPATA5L1,1.40922413216961,0.358756066342516,0.545598605681349,0.658033735401653,0.510516453904448,NA
C15orf48,29.1455954559931,0.198309293636404,0.488147455693121,0.407518587198581,0.683627145368489,0.913085437061073
BLOC1S6,2.67997120962594,-0.679573081616988,0.513859259874709,-1.32492512152603,0.18519598776046,0.560915811030529
SQRDL,12.0656984062259,0.925929767677691,0.294797671520487,3.13651525232492,0.00170968543782674,0.0227842636575188
DUT,14.6208780145485,-0.0957898144063419,0.217434245463089,-0.440554295527636,0.6595356968023,0.90411351769982
EID1,21.9512100437357,0.0104247974425675,0.193519595401907,0.0538655030692767,0.957042321308144,0.988997568811304
SECISBP2L,3.48399603202696,0.47875131104234,0.4050924232423,1.17876232876193,0.238492828742922,0.623659339544331
COPS2,2.37503432410547,0.280393747388043,0.446895716497821,0.626241024825937,0.531156862291136,0.849135698999837
DTWD1,2.31214843001313,0.273051623325203,0.449932497359092,0.605228395938256,0.545027250748316,0.853145895522196
SLC27A2,2.80688350634794,1.06377055173151,0.45711380916922,2.30569385522073,0.0211277447085228,0.155330234840313
GABPB1,3.32525874425212,-0.0946591319606992,0.436469125444543,-0.217172909941504,0.828073595604761,0.956224092471219
USP8,4.16371399296053,-0.224038105269125,0.397131943141654,-0.565376552336563,0.571817669608686,0.867699110066337
TRPM7,1.17579682845764,-0.185603364015073,0.553485658480258,-0.333278642414101,0.738923959611023,NA
SPPL2A,13.7545403590609,0.476276543542886,0.242401085661145,1.96307112833149,0.0496379097758074,0.268268949753439
DMXL2,0.201254227346185,-0.241817181572539,0.637635006704222,-0.383922458736213,0.701035919951963,NA
LYSMD2,29.0150191105199,0.944641881790917,0.165929539208025,5.68747349846273,1.28932603621515e-08,4.68069810664591e-07
TMOD3,7.43470386956965,0.160748191290529,0.307069121120228,0.523691323937931,0.600493251067632,0.877505019104904
LEO1,2.26764209506428,0.352979346443384,0.451049360190261,0.779933181997809,0.4354302059446,0.787990908832911
MAPK6,0.448525442814807,0.125156904974692,0.667999680623752,0.186052961087897,0.852403229371724,NA
GNB5,1.92899959962012,1.29405347947426,0.602248046103917,2.15426292145937,0.0312195588990264,0.202888590178364
ARPP19,10.793166671855,0.227935486049817,0.253347897903625,0.899362387237125,0.368459666751111,0.742561901140064
RSL24D1,21.665472272576,-0.360537794936679,0.201316884866285,-1.79146110930672,0.0732193301241029,0.341387558700866
RAB27A,17.3415561662188,0.199546953424949,0.205977022196724,0.968579418153947,0.332755076536039,0.714898333711467
RP11-139H15.1,5.8884022094189,-0.238186953560989,0.347127524077928,-0.686933843122338,0.492124419026925,0.829529926508916
CCPG1,6.59239727343797,-0.259167136400313,0.324158444939882,-0.799769439495751,0.423844392346903,0.78001704816056
TEX9,0.0518236022752666,0.00708335167592634,0.490601629230456,0.0144345705803501,0.988483278924753,NA
ZNF280D,1.94612553381204,0.0891376121900388,0.519820605672987,0.170924364804326,0.864283238233049,0.966292154791287
LINC00926,0.257678782008059,-0.436317409330841,0.667003024639215,-0.676158294106293,0.498940148660164,NA
AQP9,0.3507064568424,0.059173421396581,0.664102705002888,0.0863513910865384,0.931187086822718,NA
ADAM10,9.21060175983274,-0.338303727002038,0.302324659218519,-1.11812150678874,0.263515102185009,0.651546969423151
FAM63B,3.73408521178491,0.133868276313197,0.432241934817853,0.308205969581755,0.757925610357112,0.934289155909416
RNF111,1.27304089266378,-0.79025172860085,0.573060385871787,-1.37310327667055,0.169720242567441,NA
SLTM,12.9066343957128,0.202893988209945,0.238165657214931,0.851779223784476,0.394336639746925,0.758892262065204
GTF2A2,14.6102802009652,-0.0568306337611895,0.212381108067257,-0.2675411122494,0.78905256439211,0.947284525436336
BNIP2,6.58892687518677,0.0559641244854659,0.301245854592035,0.185642009613057,0.852725507246356,0.962014600593541
ANXA2,18.4395466544152,0.885828730864018,0.235666410981505,3.75468311964837,0.000173560916482011,0.00311817291590889
NARG2,1.4018527063809,0.278509900709695,0.526297902271351,0.52671342321564,0.598392612622235,NA
RORA,13.4873152028755,0.469887978292671,0.256814032706587,1.82712931217924,0.067680328953657,0.323857377630358
VPS13C,2.70018914232969,0.210429384926511,0.445627750714207,0.470397436331927,0.63807109544518,0.89377494582848
TPM1,4.32753187893562,-0.61946231649863,0.379927974657079,-1.63106892235899,0.102875777341897,0.418176132762738
LACTB,8.30317223448941,0.697932527918442,0.306266360174488,2.2734048359985,0.0230017949905119,0.165638096894739
RPS27L,23.5716427808093,-0.389935047808607,0.193770448466926,-2.01232650329178,0.044185530396266,0.251179948170566
RAB8B,8.4012670375602,0.195559075357939,0.289039653983468,0.676176171919181,0.498928799224466,0.831916756134809
APH1B,0.662593248483872,-0.0678435296479065,0.642011083243209,-0.105392927429536,0.916064027903954,NA
USP3,3.57817894890473,0.138448753494807,0.39797365421049,0.347093730495306,0.72852090340743,0.924091400842208
HERC1,1.90495653856936,0.169703894201963,0.49940285494584,0.337831739630739,0.735489989886443,0.9276520906015
FAM96A,5.01886833717357,-0.126489577292706,0.341836444240651,-0.36977370212827,0.711551111240268,0.919123640580385
SNX1,5.135271307243,-0.208876078945929,0.34360480629109,-0.608101316953931,0.543120278843812,0.852919196847799
PPIB,46.0157202429038,0.450133699672295,0.134328328643266,3.35041410260469,0.000806908312907984,0.0119591831677781
TRIP4,4.12915398488119,-0.176512612110375,0.369096699334741,-0.477606655472049,0.632930192976084,0.892211981511767
OAZ2,5.80462719974967,-0.740642683709715,0.345064917783683,-2.14495775987247,0.0319562244095869,0.20614897707361
PLEKHO2,1.2423884462093,0.34467550104172,0.590212417991164,0.589361838571753,0.555618570300487,NA
SPG21,9.88503565308439,-0.441610451573834,0.259354954706864,-1.70252439700763,0.0886571090148597,0.384102127418555
MTFMT,0.969991756508371,0.258766715046383,0.577793431326151,0.440673313418716,0.659449519036112,NA
PDCD7,4.77247647672684,-0.0840586021248945,0.355835971015333,-0.235979139830179,0.81344885711381,0.95063330273134
CLPX,4.47538648970766,0.476544062729525,0.395179350564462,1.20745159835015,0.227258274516239,0.61191179388925
DPP8,2.15812938964929,-0.62082782388302,0.498246764519367,-1.24247822405501,0.214060170011136,0.594203532583467
PTPLAD1,5.77970767240386,-0.872314986585934,0.339712902194951,-2.56098138767779,0.0104376947878454,0.0930710087544934
VWA9,1.8801896300047,-0.179922219241873,0.508607183873744,-0.353960013373022,0.723368850416229,0.921988772055939
RAB11A,9.32258432401425,0.333579564486766,0.284386868864271,1.17285793916726,0.240852778998846,0.626407622850753
MAP2K1,12.551796360506,-0.19629571425586,0.22897775583101,-0.857184858993011,0.391342728907387,0.758613990972757
SNAPC5,7.01432947456378,-0.0676650966595591,0.3126434395928,-0.216383893822296,0.828688519760029,0.956224092471219
RPL4,92.7194844059366,-0.793878296483581,0.141868729882449,-5.59505791286935,2.20548138352743e-08,7.84436081276242e-07
SMAD3,1.56284173966155,-0.397092796308739,0.517943075649762,-0.765570261471945,0.443932044961622,NA
AAGAB,2.0635822634946,-0.605025991949287,0.477312374922965,-1.26368368264906,0.206343584135656,0.587448689502485
C15orf61,3.75623880307352,-0.564055366548641,0.377812041006357,-1.49060077958516,0.136066339527373,0.479419820128577
PIAS1,4.19278310870063,0.335651535378136,0.417322746994878,0.804073861747824,0.4213543190915,0.777975845562138
ANP32A,18.8499341909559,-0.883485011187285,0.207806219587697,-4.24940948338267,2.14334796212828e-05,0.000482161695412105
RPLP1,638.045403092206,-0.0430471234660131,0.0764521116082494,-0.563064501051712,0.57339096316208,0.867834971272338
TLE3,1.99040240243355,-0.559765144366354,0.482303948560404,-1.15810849630125,0.246819763197298,0.633590687968192
PKM,45.1670224389741,0.278618630539401,0.16873619704889,1.65133851767124,0.0986694714235399,0.406095463310019
HEXA,6.55643014190177,-0.319719440186076,0.356957383958767,-0.895216652777047,0.370671284434405,0.743990172346575
ADPGK,9.08500019298835,0.432362266337563,0.265467196675743,1.62729573719229,0.10367430283419,0.419478501244564
STOML1,0.733703609639275,-0.00960262524302877,0.644878887089528,-0.0151954179252885,0.987876277206993,NA
PML,5.01180627786468,1.75639463940984,0.387370208212447,4.43605314997049,9.16232350233562e-06,0.000217254373496823
UBL7,6.68990125346236,-0.0657633393846465,0.304243802109268,-0.216250438301725,0.828792539462867,0.956224092471219
UBL7-AS1,1.78057086361705,-0.474554537589788,0.5058937379028,-0.935197733615351,0.349686406303502,0.72991339016124
CLK3,5.44835513780175,0.548969354865395,0.367778059252967,1.48759294438605,0.136858275281599,0.48150655149306
EDC3,0.67959330136269,-0.54989613528534,0.608119350429469,-0.89405366787699,0.37129317725882,NA
CSK,4.65377997335462,-0.264924863022073,0.383697795835717,-0.687999377346261,0.491453173472215,0.829299269321963
SCAMP2,10.9407006776155,-0.174512263950001,0.258222862774542,-0.67570950971267,0.499225097000813,0.832147216786661
MPI,1.48130882407553,-0.0291046713226043,0.565887368651531,-0.0510911343855261,0.959252900503461,NA
FAM219B,1.58622546239387,-0.515658578717656,0.537481947061182,-0.95350924771535,0.3403321128973,NA
COX5A,30.4360918199215,0.0949160739987442,0.174900070251018,0.542802236048493,0.587265973506898,0.875426289753026
PPCDC,1.92244612570534,1.20375876284282,0.584826404408662,2.03548184583299,0.0418024133986618,0.242878481380304
C15orf39,0.496103386373531,0.690592737431583,0.654095988486087,1.05077888248481,0.293360156834979,NA
COMMD4,2.66277139802543,-0.394684264136335,0.466216516270605,-0.848482273030838,0.396169440758963,0.758892262065204
PTPN9,0.625654780490982,0.0149369144596982,0.656583728551369,0.02195838580194,0.982481150845772,NA
SNUPN,3.50053135225199,0.224627471237832,0.487784483096331,0.463483507831013,0.643017833536283,0.896842752185913
IMP3,16.0838903675101,-0.771629291569657,0.229821211227174,-3.35608822114844,0.000790533469474889,0.0118220687026017
UBE2Q2,5.8932271796411,0.0383344924665533,0.326507428781215,0.117421949522616,0.906525691185109,0.979036531336478
FBXO22,3.17341527968719,-0.440686960981674,0.410533789061546,-1.0735130577914,0.283040983142202,0.67053453432068
ETFA,7.5540186480477,0.383016923553181,0.3594508368622,1.06285059544517,0.287849710609715,0.674639749176109
SCAPER,2.05135364996025,-0.563470137668292,0.514448101858437,-1.09862044359804,0.271933656735795,0.657765547730962
RCN2,8.99902784816496,-0.38213160371269,0.275671966595756,-1.3856553043373,0.16585218221982,0.530365743748652
PSTPIP1,1.93699484133394,-0.977586115666776,0.505067308777306,-1.92389357930949,0.0543679242151224,0.285423692185836
TSPAN3,3.00099814353348,-0.603459386752666,0.45351953693298,-1.32680925942283,0.184571786716589,0.560026801719748
IDH3A,2.01264353166806,-0.34011027194007,0.515202053634561,-0.662749038491103,0.507491297091993,0.836467701955646
DNAJA4,0.211145496165954,0.23075113763074,0.66340292815561,0.331913626416015,0.739954480748261,NA
WDR61,6.53018897217419,-0.3852515182814,0.308964249386453,-1.24659219915965,0.212547063502809,0.593135052836134
IREB2,2.43797947314539,-0.00574807480823639,0.513284806835868,-0.0112890559558241,0.990992827863731,0.998000298526934
PSMA4,45.8467616585707,0.835473011723794,0.151205646781424,5.52276908654041,3.33698174505284e-08,1.1480962030038e-06
MORF4L1,24.1680688110911,-0.0177729285211369,0.187593954564667,-0.0947303992081638,0.924528971472338,0.983880196974474
CTSH,0.446553694362104,-0.452777013263836,0.661284872164924,-0.666300180334931,0.505219250350231,NA
TMED3,3.5331046588005,-0.62977024198253,0.436520646626655,-1.43934914465828,0.150051625321519,0.506519996907341
MTHFS,7.69005530945433,-0.233590987792959,0.294540354439471,-0.793517444074144,0.427476410089835,0.782418575352188
ST20,1.85097163004407,0.0539569564826017,0.512519946027689,0.105099519866153,0.916296840286434,0.98215975713048
BCL2A1,2.03844197897317,0.206388560213215,0.587562208020958,0.349392726068606,0.726794493419168,0.924091400842208
ZFAND6,18.1862726842219,-0.358755804922155,0.204341352583972,-1.75583453242788,0.0791166661254138,0.359025974555326
FAH,0.219628237842704,-0.375244454198254,0.638288129219476,-0.649702188520188,0.515884609982053,NA
MESDC2,13.6217157941632,-0.00676428047249111,0.249830483586439,-0.0270723457379755,0.978402031577865,0.994844175048461
MESDC1,2.27798427496297,0.887812789286388,0.467058634643505,1.87895791928265,0.0602502392987156,0.304772169508512
IL16,11.0461478921611,-0.768605881356872,0.245152736450994,-3.13214228670176,0.00173535751604674,0.0230098790037029
RP11-752G15.6,3.37089997052662,-0.832532709527221,0.570668635871993,-1.47547723661628,0.140084283790151,0.486414030258148
WHAMM,9.02035068550358,-0.198073990631232,0.307170433771435,-0.644849969582675,0.519024416028347,0.843421412021587
C15orf40,4.60084584243414,-0.285207547495592,0.398902392073555,-0.713942954546262,0.475262454627401,0.816834470643107
BTBD1,1.9097996886019,-0.371274301570104,0.523922766146776,-0.709731013151075,0.477870956385159,0.819118435171436
TM6SF1,2.57819960658389,-0.435474550944801,0.455800634919425,-0.955245962404687,0.339453327408782,0.723434135821792
WDR73,2.01476076421491,-0.236034629629554,0.497511813306809,-0.474647720132738,0.635038086959123,0.892375998332307
NMB,1.42637191839953,-0.45439795564072,0.605876447763793,-0.752863525290043,0.451531928421163,NA
SEC11A,31.0456697198096,0.240063667240345,0.157482229097316,1.52431922210607,0.127428987682761,0.463314052145152
AKAP13,17.1093954796482,0.00682879911329879,0.206921698604802,0.0329977298474623,0.973676397976279,0.99454321103772
MRPL46,4.36732631319048,-0.129543872269458,0.368206243450829,-0.351766834902631,0.725013132756671,0.922743987144854
MRPS11,9.25510981278728,0.0173464216115692,0.313895830810136,0.0552666859058637,0.955926002381557,0.988582238095375
AEN,0.929758786549271,-0.150015840078168,0.623962468567668,-0.241177163953056,0.8094178090994,NA
ISG20,444.524813174097,3.61808245203119,0.108882532676923,33.1746501948214,2.49881263482128e-241,1.31537497096992e-237
HAPLN3,5.67583656697589,2.0702094387808,0.475919083174275,4.28049857856483,1.86475078440113e-05,0.00042493714844535
POLG,1.52533624725987,-0.0329507417642372,0.537884299498578,-0.0611472862674285,0.95124191058363,NA
ANPEP,0.484147417131792,0.7289876003515,0.667983170030751,1.14975961119545,0.250242894506963,NA
IDH2,23.5500651536176,0.676235415000537,0.186671619624118,3.61997475363871,0.000294631761614681,0.00489256023072455
CIB1,39.7587680232835,-0.342793558119259,0.14536423493791,-2.35796140700255,0.0183756032248468,0.139782045340453
IQGAP1,7.01018554533746,-0.274464968893395,0.306785372135843,-0.895039981953231,0.370765715447094,0.743990172346575
CRTC3,4.13447731220224,-0.159336746717243,0.392810364603669,-0.406177135834545,0.684612452506565,0.913172088931432
FURIN,3.4923698699084,0.841766928267128,0.426613072828377,1.96446313462852,0.049476407445898,0.268222254166022
FES,5.79385141625636,1.28779667687763,0.39619034055793,3.2337424958236,0.00122179562663989,0.017150752476353
UNC45A,2.96916815644909,0.477738098279982,0.421842561225928,1.12991058018332,0.258513905310497,0.646776234579113
HDDC3,4.57439934870898,-0.358857294718628,0.381976805411443,-0.940485275025081,0.3469686992238,0.72991339016124
SLCO3A1,1.04942412681836,-0.0705491925386862,0.615368170981534,-0.115070056853012,0.908389593388117,NA
CHD2,10.2974445525568,-0.111102998224177,0.261975158024243,-0.424207247577711,0.671414675669484,0.908251025904242
LRRC28,0.903303631285916,-0.12965453732933,0.642326124813989,-0.199602885096695,0.841791171210675,NA
MEF2A,2.28988551654287,0.124955303840818,0.481422818857981,0.25926714279114,0.795429129081293,0.947331951222146
LINS,2.60705390231296,0.524589012606155,0.438009276181126,1.19322763397803,0.2327802349059,0.618348143190213
VIMP,18.2588483872009,0.557685786449644,0.206817493611318,2.69408611861364,0.00705819252897082,0.0698180150619178
SNRPA1,8.24308061320728,-0.281494479815469,0.285417801056504,-0.986137478576394,0.324065654467782,0.709536391397173
TM2D3,9.07113389627401,0.0924300221042756,0.281881460638823,0.328049142481698,0.742874506356304,0.929390124184036
TARSL2,1.21605525610575,-0.52293860045832,0.595463714817149,-0.873658268658527,0.382304383633863,NA
POLR3K,6.95677995108071,-0.00961333906525596,0.301283581333644,-0.0318804870962314,0.974567359770837,0.99454321103772
SNRNP25,2.60635983419655,-0.323021969458456,0.486177099831831,-0.665178534984286,0.505936307913837,0.836184842969683
MPG,11.7315911315094,-0.388025694654746,0.280089579582454,-1.38501466605978,0.166047982887573,0.530365743748652
NPRL3,0.901015398240225,-0.993240891330428,0.605097184604503,-1.62331152636685,0.104522826792828,NA
HBM,0.0558260305159655,-0.0487286960371287,0.490694114583024,-0.0987297732893515,0.921352828682113,NA
HBA2,10.8953474534179,0.0695061773382095,0.666028387528478,-2.53321811485587,0.0113020602033652,0.0983372643149002
HBA1,1.76026907444325,0.47661275581207,0.383376710552669,-0.437173971009837,0.661985185028034,0.905820123209663
LUC7L,3.16946699553152,-0.0999636180454386,0.46426234838948,-0.216835009074597,0.828336927670437,0.956224092471219
MRPL28,7.63671454577101,-0.618270086772265,0.338058699398397,-1.82477459453875,0.0680350511792212,0.324693118229755
NME4,1.82556248643483,-1.44438712862095,0.543663050860017,-2.61757860438919,0.0088556089715623,0.0817823256601823
C16orf13,10.6092343827582,-0.264550353956748,0.255418765024897,-1.03580596602927,0.300292673703905,0.68519316618004
FAM195A,1.01909896627197,0.0301311504898307,0.611735296204793,0.0487485311936164,0.961119699524369,NA
RHOT2,4.37666191594526,-0.0222804874478769,0.397097536133233,-0.0562769118637791,0.955121211343466,0.988582238095375
STUB1,17.445582463436,-0.0759544422309343,0.239064832437714,-0.31744169226975,0.750908475937424,0.932394923407
JMJD8,0.877468499796018,-0.222769664202145,0.606283599204077,-0.367310014941082,0.713387784570221,NA
FAM173A,6.67471207436078,-0.410743265885298,0.32809846463624,-1.25284541629967,0.210261969672265,0.59134973527228
RPUSD1,1.52028725092692,-0.21312766272007,0.527756173715297,-0.403472583760262,0.686600599639044,NA
UBE2I,33.2906417760255,-0.144096334035359,0.169368855536598,-0.850750746434646,0.394907827108169,0.758892262065204
TSR3,3.38043667802674,-0.780036726822772,0.414590072887088,-1.87612947592291,0.0606375030971935,0.305852032690403
GNPTG,4.60878426160092,-0.153771067245241,0.35751337226762,-0.430141366211239,0.667092810689371,0.908146716602744
UNKL,1.37079439616568,-0.819518276083731,0.574988699462855,-1.42533752588539,0.154059657660398,NA
C16orf91,4.16039790361605,0.0427394379122354,0.368071101114986,0.116041172099316,0.907619911568571,0.979036531336478
CLCN7,0.934345033335141,-1.33045607352973,0.610500304625358,-2.14580422196462,0.0318886016656313,NA
TMEM204,1.49090926254539,-0.836084301711625,0.550311911558648,-1.49749136856643,0.13426544983894,NA
HN1L,1.51132018974931,-0.457676476853754,0.583677719081238,-0.794006143504075,0.427191854852997,NA
NME3,5.70472855275895,-1.23246067508549,0.33379432053051,-3.67454518765362,0.000238273473457511,0.00408557512794898
MRPS34,11.8060713173446,-0.411662305717378,0.25880417250497,-1.59146062846649,0.111505949226159,0.434535905554651
SPSB3,15.6578550733471,-0.332086020901857,0.20813079748693,-1.59576326735429,0.110541657255418,0.43382436077478
NUBP2,6.98898676308704,-0.315412714221464,0.301224871588223,-1.04655488987762,0.295304916489709,0.679767825889977
HAGH,8.49063515420453,0.0761997818394271,0.276783890235671,0.275265380144091,0.783112360067775,0.945484006925204
FAHD1,1.9752788347994,-0.0377009318350442,0.498816899453834,-0.0756497519255176,0.939697753524539,0.987648233164879
MSRB1,4.6106017129084,-0.581487822572066,0.367538341430793,-1.58246118046183,0.113544327561224,0.43787350936431
NDUFB10,19.7789158664958,-0.546036428207511,0.213245823371551,-2.55932952663752,0.0104874278094427,0.0932530743055851
RPS2,720.608812602937,-0.320715465678371,0.128547007504231,-2.49492337522269,0.0125984332355537,0.10560215374515
SNHG9,1.09999616103448,0.291890501901416,0.589836688078371,0.498136455188808,0.618387867233759,NA
TBL3,1.69345941691754,-0.73773778451603,0.538191886456915,-1.37305453070776,0.169735394956134,0.535022226975503
GFER,4.76854800281235,-0.0811030679721871,0.36687624469491,-0.220965493854728,0.825119300801025,0.95611303452249
SLC9A3R2,0.549052168287847,-0.700670831344712,0.656122666338466,-1.11571373913022,0.264544687644143,NA
NTHL1,1.33985935480245,-1.52224947000708,0.593222529930035,-2.50861554618036,0.0121205320462032,NA
MLST8,0.607700360227002,-0.361846854201303,0.636311097560704,-0.562437456910209,0.573818004681324,NA
PGP,4.03820851891052,-0.544317816426821,0.395739070331849,-1.37416768099776,0.169389631692514,0.534572554693881
RNPS1,19.8204354180074,-0.019678123146491,0.206266481945847,-0.0953669721383466,0.924023348895317,0.983880196974474
AMDHD2,1.20383381336549,-0.476466264435406,0.60241917993144,-0.797303759461953,0.425274637478736,NA
PDPK1,2.04674499700018,-0.0393142551290524,0.535357939344025,-0.0738933666563326,0.94109523406195,0.987648233164879
KCTD5,4.04273866649802,-0.350334644151113,0.398475487272711,-0.880073604743831,0.378819437098273,0.750292195937187
SRRM2,10.1213360933801,-0.0815465327236859,0.270685973959603,-0.301304518909915,0.763182295354537,0.936247661575451
TCEB2,29.3615077378253,-0.146945316641961,0.174354607783489,-0.842844020892806,0.399315684580951,0.760491231416109
FLYWCH2,5.47598229783269,-0.160290904405526,0.332652973185481,-0.481593939698662,0.630094432153959,0.891136772378232
TNFRSF12A,0.793489260927629,0.698544912455911,0.627511954171506,1.08758828042479,0.276776906787953,NA
HCFC1R1,3.73064162524268,-0.694298820573964,0.428977991005891,-1.61912308726593,0.105420782257838,0.423512911805405
THOC6,1.69822329483593,-0.121936989175748,0.495864679494226,-0.244852236051636,0.806570846143007,0.949213477887927
IL32,40.1254290003255,0.179312516538368,0.189785910065037,0.944893884987101,0.344713053749247,0.729263509323934
ZNF200,0.746943567758221,0.493377343095227,0.609940382756449,0.793957502244362,0.427220172274493,NA
MEFV,0,NA,NA,NA,NA,NA
ZNF263,1.46202986371079,0.188862533359375,0.531814090789574,0.355157310053004,0.722471744260246,NA
ZNF75A,4.84106359503661,-0.0331128037029459,0.387199085995141,-0.0855209264761546,0.931847259493277,0.987169244107991
CLUAP1,2.94382527809912,-0.828632727277878,0.420192048730851,-1.96341652149671,0.0495977956361926,0.268268949753439
TRAP1,0.779472709562423,-1.24430683392348,0.618140599185995,-1.97356118389024,0.0484316610715828,NA
CREBBP,1.76285677980954,0.192689451594414,0.541262213976383,0.356976833559208,0.721109148804832,0.921724447409029
CORO7,1.29094682294086,-0.467092628183198,0.566684305577439,-0.825606889670839,0.409027125598464,NA
DNAJA3,1.54766401344446,-0.921711752989012,0.555584997391955,-1.65646800381172,0.0976270794585983,NA
NMRAL1,1.39852931504416,-0.61715215456815,0.546602368972131,-1.11105149363527,0.266546185117535,NA
HMOX2,9.76588349757353,-0.539369869942308,0.280082123823718,-1.92634192507265,0.0540616937354079,0.284580755823187
CDIP1,1.73517016646531,0.0998400291991168,0.513961455208758,0.19305343646533,0.846917118901809,0.960812869374811
UBALD1,3.65521436791,-0.530116668517769,0.377403099915533,-1.40322736620624,0.160549049492753,0.520400367321337
NUDT16L1,5.37159649493794,0.127405852954593,0.34180710324683,0.372971385876088,0.709169740612942,0.918796336349133
ANKS3,1.41634643443917,-0.71257728219934,0.605266664255653,-1.17153605312388,0.241383374833932,NA
ROGDI,0.253238539671626,-0.702864698495205,0.660532650207857,-1.04366600314939,0.296639944094645,NA
GLYR1,2.08687566440299,-0.121234494962353,0.488107778790975,-0.248163178552891,0.804008154610906,0.948768259507023
UBN1,5.05390877978472,-0.275252223508027,0.332199375560959,-0.828335517375023,0.407480513688484,0.768533652474446
NAGPA,1.69091034023526,-0.134320883808164,0.502666976523408,-0.265424203690203,0.790682692764911,0.947331951222146
FAM86A,1.50800001959227,-0.357079745612912,0.552883526048054,-0.645818516157775,0.518396895080382,NA
TMEM186,1.76157516534732,0.015066093252673,0.563282053599403,0.0267872295996639,0.978629438867523,0.994845147376504
CARHSP1,9.25415583374989,-0.123244357851858,0.275783107838197,-0.446900142863833,0.654947160827458,0.901783132114469
ATF7IP2,0.973662829505135,-0.289314551577565,0.589442217084815,-0.483937826608538,0.62842999395785,NA
NUBP1,2.7619181289009,-0.533249109630279,0.434879130158447,-1.22109187077072,0.222051237270519,0.605784438149171
TVP23A,0,NA,NA,NA,NA,NA
DEXI,2.31494850359948,-1.30300521337698,0.478263416202546,-2.68556538454827,0.00724072060389954,0.0708460097749576
RMI2,0.473444046005041,-0.530228756597301,0.660449028847211,-0.831987625856328,0.405415929129592,NA
SOCS1,47.4780680305068,1.17435606992343,0.165697838490303,7.08179597958316,1.42298053232548e-12,7.2024706943859e-11
LITAF,37.8410855848363,-0.300907400764235,0.215076470223967,-1.39927257706544,0.161731259789225,0.5223026696506
SNN,0.522794875660498,0.61251890578275,0.662863435703129,0.968503326072856,0.332793058698963,NA
TXNDC11,1.90888038519651,0.537845870612867,0.483982109503789,1.10542689330321,0.268974655985098,0.657138161386977
ZC3H7A,3.25765341384093,0.136914292962056,0.421314668130298,0.324851561380237,0.745293418638036,0.929591366361252
RSL1D1,20.5382859684503,-0.545774190567215,0.21043318421692,-2.59360065745496,0.0094976732809604,0.0859803261088274
GSPT1,8.39289165026025,-0.524307136229361,0.308732007059074,-1.69802066226661,0.0895038621395856,0.385555098447446
SNX29,0.606068334360534,-0.481569022914146,0.638547308250814,-0.756923720170681,0.449095563520366,NA
CPPED1,0.694827398297521,0.230879535017521,0.634991047058512,0.361845556368236,0.71746744653256,NA
ERCC4,2.63419529249169,0.489989977830732,0.487417367358982,0.998935608946142,0.317825884947295,0.704241805881064
BFAR,3.97833096670543,-0.577501745258023,0.386469457981615,-1.49405781112178,0.135160509701798,0.478014127878479
PDXDC1,1.54576795231861,-0.330816037008487,0.569115241396,-0.58711671975019,0.55712531912348,NA
NTAN1,5.35122172309829,0.026036844376441,0.362026278374515,0.0720354157124169,0.942573723387517,0.987648233164879
RRN3,2.34543801913478,-0.761580182662279,0.460020799677951,-1.64958318779969,0.0990282159231003,0.406935619530991
KIAA0430,1.99424637468142,-0.393551403687449,0.496250991435017,-0.794356498638721,0.426987921350905,0.782340556209942
NDE1,2.09581411781163,0.379156445478807,0.531342371451574,0.715236628934603,0.474462839005555,0.8168221086443
FOPNL,3.89829828022513,0.02003111648983,0.386337034072237,0.0518958161122721,0.95861170804428,0.988997568811304
RPS15A,252.090400672822,-0.02964020222002,0.104298196453062,-0.28418433091714,0.776269122774561,0.943045469032789
ARL6IP1,26.9601230709536,0.0621507329981081,0.190646077987231,0.325877202371505,0.744517264857673,0.929591366361252
SMG1,1.16373718712708,-0.362475428990466,0.552087285087256,-0.650336542574611,0.515474857492289,NA
COQ7,1.43369203586405,0.233198463675272,0.549058935928181,0.420610170817688,0.67403976558798,NA
GDE1,4.09713470926169,-0.491294502313439,0.377373248439643,-1.3002755056526,0.193506560048509,0.570974513506364
CCP110,1.92392089914384,-0.133311738596599,0.52329798545354,-0.25512407384267,0.798627271010702,0.947331951222146
C16orf62,1.58131717123026,-0.446081398138033,0.581048881666844,-0.772408074893572,0.439872772803411,NA
KNOP1,1.79102018045403,-0.567314927551757,0.494857547803636,-1.13886196314686,0.254760732595099,0.641042302285181
THUMPD1,5.25832345097686,0.508836723131286,0.359237355596028,1.41460772683479,0.157183542041753,0.515777219427081
LYRM1,3.38296224782943,0.81384295451861,0.443985906888631,1.82975423297697,0.067286697267851,0.323443674866964
METTL9,17.7161294794524,0.0126691887239826,0.204380110857424,0.0619875239059332,0.950572767375513,0.987648233164879
IGSF6,1.25492356322009,1.62296720052742,0.620398034762691,2.56311438391705,0.0103737865690394,NA
UQCRC2,14.5330637500738,-0.621383031408458,0.219021702213723,-2.83550132254142,0.00457538256336729,0.0497620120114987
POLR3E,1.31938399150352,-1.30762957735619,0.603665574795632,-2.15429470697401,0.0312170677085125,NA
GGA2,11.2016873488835,-0.584850440572491,0.259428727620598,-2.25343663278283,0.0242316319449324,0.171215181957214
UBFD1,1.2652308408112,-0.49619734866023,0.575475222448871,-0.851862877196056,0.394290202990646,NA
NDUFAB1,16.400772390492,-0.199517034505929,0.214304313062126,-0.930701874329709,0.35200779987859,0.732629985842748
DCTN5,1.86960150814843,0.412654427926571,0.501892121322284,0.817536823945961,0.413621714264316,0.772367755901866
RBBP6,5.24442597997575,0.480300950282246,0.348626293389772,1.37482063470249,0.16918705920234,0.534572554693881
TNRC6A,2.01607398118107,0.311518163727913,0.509568288371651,0.612300904081182,0.540338691627483,0.851742070151531
ARHGAP17,0.855979072378666,-0.0959699531675206,0.602400446166723,-0.15847690753225,0.874081015826627,NA
LCMT1,4.81787075836992,-0.134353720246807,0.340193913577585,-0.394654565048274,0.693097838292996,0.91653641518341
NSMCE1,13.3614769179217,-0.578728862612529,0.278738606725166,-2.07943635892932,0.0375772615561447,0.227887908792103
IL4R,5.3910089560517,0.248279606220999,0.372026707897788,0.668881002036314,0.503571389929189,0.834897573728267
IL21R,1.87329321089824,-0.243878927792912,0.596411924482505,-0.422971119408119,0.67231633252971,0.908533039335392
GTF3C1,9.37644583030859,-0.968225876076119,0.287332196689229,-3.36494510064991,0.000765588904625293,0.0115474498393912
XPO6,0.661337603486817,0.59663994862541,0.645521711520377,0.925513076441954,0.354699084942349,NA
CLN3_ENSG00000188603,11.2828676598527,-0.573895177993751,0.247576009620927,-2.31683406559754,0.0205127725782803,0.152083429369109
APOBR,2.65652655094736,-0.529118463789747,0.465154546522442,-1.13977386968421,0.254380522681581,0.641042302285181
IL27,0.288753762675554,0.636121047369593,0.663606373539364,0.992121253210651,0.321138380093387,NA
NUPR1,0.134924335086323,0.00847776137194805,0.526540855869891,0.0160977033024031,0.987156445777678,NA
CCDC101,5.3784742516336,-0.726453552742192,0.362183525758891,-2.00580919777536,0.0448766089594457,0.253950516297612
ATXN2L,2.36693035600717,-0.4062085846781,0.478811050024975,-0.848535690377726,0.396139704699205,0.758892262065204
TUFM,18.6270458033181,-0.471529998915965,0.208729164815208,-2.25926369012059,0.0238669871129043,0.169778135354498
RABEP2,1.94301050026743,0.151349908459552,0.514739844969079,0.294156277183159,0.768638489076791,0.939299018640169
CD19,0.12810109623946,-0.0744585101383622,0.637607325332859,-0.118636190135933,0.905563592232346,NA
NFATC2IP,4.64939665394622,0.304873931221399,0.377726042979676,0.806702805353773,0.419837727478672,0.776535999660517
SPNS1,2.6930874228221,-0.430747924703589,0.47344516517413,-0.906033153542497,0.364918304699654,0.742491576501798
LAT,18.6150085310372,-0.448277634398642,0.21175670934237,-2.11645356165604,0.0343062507899976,0.215756396844142
RP11-426C22.5,7.32482660829119,-0.238310863128558,0.373377885422283,-0.637574430172817,0.523750744890041,0.845294878172523
SPN,7.22374913934664,-0.777622959575323,0.305923569997936,-2.53776299075889,0.011156351004026,0.0973914289970028
KIF22,3.18511453197099,-0.684494039999061,0.464767695156486,-1.46741957761096,0.142261951966234,0.49034755367722
MAZ,5.39766352669531,-0.46545348508115,0.345232086546313,-1.34828329723533,0.177567282191849,0.548219456573544
MVP,9.35126332993637,0.887732702130739,0.311528433265507,2.83999896116985,0.00451136807446022,0.049474669883247
CDIPT,5.4461839574081,-0.715538239137103,0.350757081439557,-2.03719492820056,0.0416305119052752,0.242710875179453
TMEM219,10.6735383155822,-0.156956183778943,0.252433591543896,-0.621669038103511,0.534159514646901,0.85016340257905
HIRIP3,1.70016057932097,0.023161446705905,0.510535179265423,0.0450478880717413,0.964069138510964,0.990737780820354
INO80E,2.01869353789556,-0.442347038231261,0.520174819175924,-0.851844963769959,0.394300146615121,0.758892262065204
ALDOA,26.6911082455673,-0.479010206965694,0.190853028932528,-2.51059531838879,0.0120527778177399,0.102331971665456
PPP4C,35.386581962327,0.0101819604243861,0.146687537197718,0.0694059214228578,0.944666515674103,0.987648233164879
YPEL3,14.5353628702675,-0.991362340437078,0.234180652680195,-4.22966319013649,2.34041450819657e-05,0.000515478743562625
CORO1A,38.5453530503023,-0.729391518769863,0.150529625528174,-4.84413750067568,1.27162850273326e-06,3.41523083591218e-05
CD2BP2,13.8751617667787,-0.126954356746743,0.226247468792816,-0.561132813651164,0.57470700024688,0.868555268870245
SEPT1_ENSG00000180096,9.24300495289851,-0.447625791223,0.263878388766966,-1.69533997658249,0.0900109453178265,0.386048928456605
DCTPP1,4.2488240309319,0.123285431981508,0.353881326453924,0.348014568712037,0.727829242350694,0.924091400842208
SEPHS2,9.30400951745828,-0.167385121270974,0.255665013121385,-0.65469121769768,0.51266658079376,0.83996964894468
ITGAL,1.91991470868726,-0.614792118198202,0.515798929258854,-1.18017485068081,0.237930679380794,0.622498556789513
AC002310.12,0.621650600075106,-0.443167715719351,0.632967453498608,-0.694718936185888,0.48723145854253,NA
ZNF688,6.01707638919736,-0.179216104040634,0.326579498837283,-0.548720138825784,0.583197523425905,0.873385992407955
ZNF689,1.03983950824864,-0.0613171029177598,0.603039766154161,-0.103125966356946,0.917862996717655,NA
PRR14,4.56232309327117,-0.197416374319133,0.356926986505679,-0.552793129667133,0.580405073526257,0.871435341426759
FBRS,1.72584215967601,-0.86639189383198,0.540324225703049,-1.60470138561681,0.108559536866617,0.429937470744781
SRCAP,1.31084361464826,0.214884199838942,0.571724026420963,0.378911496465221,0.704753586742386,NA
PHKG2,3.04588443208752,-0.505638737955054,0.439817324713968,-1.1431426401072,0.252979372952146,0.640170595599684
BCL7C,6.70919127066469,-0.433418584454744,0.306780896719497,-1.41260806775881,0.157770995576461,0.516163157684582
ORAI3,2.56858915630617,-1.52331627112758,0.503841049369436,-2.97629341842323,0.00291755571098096,0.0350023676407492
STX4,6.319780817305,0.54967725478952,0.322125278295508,1.70242188267576,0.0886763108117783,0.384102127418555
ZNF668_ENSG00000167394,0.807505394135979,-0.422253732217532,0.622345947985802,-0.670492953933312,0.502543596639781,NA
VKORC1,8.16551696251864,-0.143300779778398,0.272472121775661,-0.526194772303995,0.598752885853868,0.87745968572794
BCKDK,2.64115329610132,-0.689453435000469,0.464772487967762,-1.47748446420272,0.13954581974097,0.485945869768754
KAT8,1.2725008865254,-0.309452544177593,0.570562308338115,-0.542070315789956,0.58777006694628,NA
FUS,10.8378798036983,-0.273925309570828,0.246670902193599,-1.11074406343772,0.266678529803002,0.655462541760462
PYCARD,9.27322347657029,-0.267238563133181,0.302392288462362,-0.882857581216533,0.377313224825126,0.749213874119995
ITGAX,0.136666959426624,-0.246864360079998,0.61208666623561,-0.402747961000359,0.687133647316579,NA
AHSP,0.114388651965196,0.147038494134265,0.496218171621158,0.289974748807815,0.771835555570849,NA
ZNF720,3.97655312368508,0.403515712245767,0.438523030125466,0.919134542174899,0.358025203819374,0.74052276820298
ZNF267,5.26654025812623,0.602354759185927,0.34516789056887,1.74164140699298,0.0815712111091774,0.366687323039035
VPS35,9.07966753182469,-0.474470252066381,0.275738937542899,-1.72153215445547,0.0851543025634993,0.376802876294755
C16orf87,1.47606845520847,0.053560135401615,0.521601181921601,0.101958456191303,0.918789650334434,NA
DNAJA2,7.66831365564932,0.0457929575074796,0.284282928296319,0.160977523035321,0.872111103761807,0.967909097660163
ITFG1,4.88353173809112,-0.107235709351298,0.338908260133348,-0.316401604609641,0.751697699175116,0.932799785114996
PHKB,1.8698354978259,0.449402106495743,0.540246463882388,0.825026097249798,0.409356774581291,0.769590736212827
LONP2,2.81063239030095,-0.139652262483069,0.430923143602725,-0.32427611744251,0.745728999127751,0.929591366361252
SIAH1,1.88139751750168,-0.297931917513771,0.486150882586021,-0.613160921432012,0.539769941265447,0.851468076362395
N4BP1,9.30704881284273,1.69750010213341,0.312571894016598,5.37453918502719,7.6778785502203e-08,2.49368697967443e-06
PAPD5,1.52709803190522,0.494756919510834,0.580674666204498,0.854020774079722,0.393093479021302,NA
ADCY7,2.26315079882754,-0.262131336466729,0.489182904197684,-0.536618867149149,0.591530908892224,0.876264899235887
BRD7,5.48936044836367,-0.292568461344586,0.340955821569214,-0.857149211981717,0.391362426694352,0.758613990972757
SNX20,10.4247319300202,0.366853844087689,0.276381964014758,1.32649488234889,0.184675829160432,0.560026801719748
RP11-327F22.2,0.564346185419179,1.31598512106565,0.660571323860923,2.03210371838303,0.0421431570450468,NA
CYLD,23.6528748876421,0.86951614431595,0.210516393276028,4.12674541481418,3.67933325533083e-05,0.00077472041024246
CHD9,5.30552089145459,-0.349395270941878,0.344343518029428,-1.01442023523153,0.310382272753667,0.696738713763456
RBL2,4.65130577722873,-0.663819542975733,0.388240560493212,-1.70308769795991,0.0885516577932876,0.384102127418555
AKTIP,1.88009963173325,-0.555433444401274,0.565298307428485,-0.979328424989506,0.327417729914826,0.710584304560553
LPCAT2,0.134924335086323,0.00847776137194805,0.526540855869891,0.0160977033024031,0.987156445777678,NA
NUDT21,5.43200862234417,0.0606608238473214,0.329471731768002,0.184056435234039,0.853969182182214,0.962294122825023
OGFOD1,1.46951749674061,-0.148546603898678,0.524094409621821,-0.282956573228614,0.77721012664825,NA
MT2A,63.5304429215787,3.51281483489824,0.239938662184908,14.4759580370843,1.71913601207537e-47,5.65595747972795e-45
MT1F,1.2299544666795,1.52522459335206,0.587907519234667,2.49353286140539,0.0126478876203502,NA
MT1X,0.879892486830657,0.341177071063508,0.631567277375944,0.525642736029241,0.599136457770167,NA
NUP93,3.24824130097854,-0.126849928789808,0.436738215023719,-0.290745664079299,0.771245844578656,0.940212627573424
HERPUD1,36.2678096055993,1.03825422234015,0.166245544566099,6.23960974985853,4.38663892206932e-10,1.90836919717131e-08
NLRC5,3.60162184119123,0.581484695735397,0.453094200467937,1.28424234648749,0.199057172549931,0.579235465065138
CPNE2,0.0796045426007541,0.0759506479647329,0.526367004784245,0.152589034868804,0.878722372639279,NA
FAM192A,5.9119413935194,0.851542957656863,0.38195745209084,2.21433364849059,0.0268058355569837,0.183492741706063
RSPRY1,1.50785244009699,-0.598115885895147,0.545418470215459,-1.0947035800795,0.273646519674166,NA
ARL2BP,10.9193282354336,-0.425213442849999,0.254948145144889,-1.66859924774981,0.0951968280703984,0.398660384218438
CCL22,0.0817486436635214,-0.0633908087432204,0.529077424996465,-0.132259952717896,0.894778682145847,NA
CIAPIN1,4.80966004781404,0.681526747072086,0.369822487289039,1.83656286628385,0.0662744534348327,0.322429503586838
COQ9,2.53296603580361,-0.567290160938828,0.442534751714176,-1.27690550413101,0.201635610698392,0.581105269555774
POLR2C,8.29281274590296,-0.0488677486215013,0.276779739081403,-0.176467890129928,0.859926372754215,0.965376930300317
GPR97,12.1009040899745,-0.49750152642771,0.3031862294299,-1.64242816567894,0.100501301826194,0.410425797372447
KATNB1_ENSG00000140854,2.36635151885334,-0.956034454027634,0.471397324223714,-2.01982620131659,0.0434014183427746,0.248397428826512
KIFC3_ENSG00000140859,2.5741815325896,0.380288326004592,0.448986847170676,0.843943540562358,0.398700956025264,0.760145538760229
USB1,5.8900470820732,0.0866156611501062,0.330673837328661,0.261723456192873,0.793534655282564,0.947331951222146
C16orf80,6.16869406115873,-0.346036478502748,0.349380710356049,-0.991326196156522,0.321526325471692,0.707277299324274
CNOT1,1.30070277156548,-0.41614582720565,0.594731003644692,-0.693344029081493,0.48809367832348,NA
GOT2,1.09116173069492,0.738385548019416,0.5949363857461,1.24055174365218,0.214771388012475,NA
CKLF,22.1400478058051,-0.306236656536371,0.191610218327799,-1.59832373495585,0.109970947782443,0.433047084392265
CMTM3,10.5930259510903,-0.279218721659313,0.249282290072634,-1.11990319542883,0.262755016456547,0.651503724270968
DYNC1LI2,2.48214691640246,-0.108697074414317,0.454644083120219,-0.239336725096262,0.81084449024118,0.95063330273134
NAE1,7.60735985564109,-0.0776957031240618,0.292946607796173,-0.265173404218186,0.790875882081056,0.947331951222146
FAM96B,28.9578909504222,0.0819435620641889,0.190856881639776,0.429308189437281,0.667698957831095,0.908146716602744
CES2,1.80181082806941,-0.848446935074298,0.543587315821931,-1.54319516393852,0.122783430337674,0.454883810677607
CBFB,3.52364587538898,-0.0351572715087467,0.386048173751482,-0.0910572160538448,0.927447128000453,0.984736361186999
TRADD,11.0161255063127,1.09363883828492,0.267500784935396,4.07474949622413,4.60639046681871e-05,0.000950903506562106
EXOC3L1,0.0285971629912991,0.00708335167592634,0.490601629230456,0.0144345705803502,0.988483278924753,NA
E2F4,3.50715661246254,-0.114012003174161,0.387033994485145,-0.294547934952449,0.768339240232835,0.939299018640169
TMEM208,11.2660127754792,-0.0335711998739745,0.261977333625148,-0.128070953745482,0.89809282227678,0.976805395072154
FHOD1,1.98875044937108,-0.694557567231608,0.561577026979374,-1.24457425671575,0.213288288064213,0.594047380089956
ATP6V0D1,11.7631625877421,0.0947827552338989,0.272174849980352,0.348019891403184,0.72782524500853,0.924091400842208
CTCF,2.82937229354659,-0.0862419464615723,0.437888908153036,-0.196498189748267,0.844220249420621,0.960103014586259
ACD,3.89297830224107,-0.0535649500924973,0.377920497763602,-0.141623015685817,0.88737778628511,0.973157638959338
PARD6A,1.16886355975004,-0.218011211461944,0.59774868350884,-0.3651694091944,0.7149849517811,NA
CENPT,2.43111698521229,-0.307350725244631,0.567811115504305,-0.54783594676006,0.583804553616023,0.873549508310047
THAP11,3.92663581592784,-0.42163257553269,0.431098105637327,-0.979794825493012,0.327187406868489,0.710584304560553
NUTF2,10.6003076281258,-0.586606315152797,0.298554920401508,-1.96621213403657,0.0492741114117195,0.267872531338041
PSMB10,11.1616088635291,0.346209999778087,0.265019882339277,1.30467162662255,0.192004686941239,0.570867836458947
DPEP2,1.5144072838152,-0.00332351484185148,0.546453830345813,-0.00605325308930747,0.995170232312716,NA
DDX28,2.6192180579591,-0.327396998506657,0.508139840220808,-0.639915700841113,0.522227405814985,0.84523873235709
NFATC3,3.50325778756377,-0.352012571919759,0.392700116765428,-0.89507797825007,0.370745405067575,0.743990172346575
SLC7A6,0.396577595263243,-0.674407505552354,0.661916547179885,-1.02245500958785,0.306565596060791,NA
SLC7A6OS,4.21344796384227,0.570309635958476,0.373769628012752,1.52091809138654,0.1282803933551,0.464263436563801
PRMT7,2.73681894504486,-0.400908397708293,0.461665271812769,-0.868192608476885,0.385288899972449,0.752843641223079
ZFP90,0.994515677256362,0.446989609802155,0.603830320654603,0.736446993167993,0.461458714823992,NA
CHTF8_ENSG00000168802,4.433774262747,-0.0851809042096312,0.390438639276566,-0.218366070008306,0.827143899837886,0.956224092471219
VPS4A,4.5217816941316,0.0398031729314033,0.389836163710208,0.102258730973699,0.918551311446934,0.983574878652697
NIP7,4.93015089429924,0.464534322520149,0.362716074647295,1.27933350381907,0.200779639187888,0.580861828098149
CYB5B,10.2939175164627,-0.24602316541089,0.278020084280764,-0.885574060687633,0.375847094495351,0.748282566347779
NFAT5,1.35506862842095,-0.329970967919277,0.544095868631254,-0.603717192921635,0.546031681475835,NA
NQO1,0.246844664335566,-0.753598594439462,0.666998186676292,-1.10796000326096,0.267879089800302,NA
NOB1,4.09436864126476,-0.686876184409026,0.405823376741409,-1.69152182621719,0.0907371827912493,0.387380803092568
AARS,2.09540579858048,0.467951280466266,0.509819822758206,0.917683729309451,0.358784468347453,0.74052276820298
DDX19B,2.26097795930624,-0.616161747140161,0.513612202875943,-1.20524069979131,0.228110394654279,0.612639345642921
DDX19A,0.570992318960228,0.261550994197241,0.644385708487656,0.414482687851975,0.678520643105998,NA
ST3GAL2,2.22366808807178,-0.120264478524393,0.491232281582607,-0.244143128888001,0.807119970939659,0.949213477887927
SF3B3,3.53463050159833,0.373788642058752,0.449182384523598,0.831945669773846,0.405439611900356,0.765781886273224
CMTR2,3.19843443188269,0.0591917797243989,0.423564211733286,0.139684927798517,0.888908935517895,0.973619774566417
IST1,4.81178838854157,0.00166241817417696,0.389417693772149,0.00427929702373623,0.996585625394564,0.998746966792678
TXNL4B,2.01278812256305,-0.115553595652006,0.528318415761975,-0.220451773156346,0.825519327869437,0.95611303452249
PSMD7,18.5886635394286,0.35266400540813,0.235617593331637,1.49601940607648,0.134648598181345,0.476978614284388
GLG1,2.80388267289074,-0.354716588858391,0.411781014761342,-0.860013620421469,0.389781534474208,0.757125460321857
MLKL,2.4930010709607,0.108904606855414,0.501834180356405,0.216695058944516,0.828445998911016,0.956224092471219
WDR59,0.687398797009367,-0.0748789908766757,0.626828444758665,-0.118243186845667,0.905874971800729,NA
CFDP1,8.73234224244532,-0.407900320142721,0.296996398166888,-1.37338881513441,0.169631505025708,0.535015124299179
TMEM170A,9.53990967854687,1.10628698443512,0.285005206877376,3.86427857944355,0.000111418005686583,0.00210216624349167
GABARAPL2,32.4925270464273,-0.0553245856107971,0.151200032035382,-0.365880947878682,0.714453913512752,0.919307113353978
KARS,9.33825455322786,0.0854562321803738,0.292054949464333,0.292413221862257,0.769970700205285,0.939661581686427
TERF2IP,25.3965569680883,0.229575919492732,0.163376706199199,1.40503141115206,0.160011937984205,0.519619273009782
MON1B,1.1908263572267,0.364502327358674,0.576241171539711,0.628036293407273,0.52998016482722,NA
CMC2,10.1768770725405,0.282688406993747,0.262769917007136,1.0756878341261,0.282066890200056,0.670351225747037
CENPN,1.13296391362285,0.852788270184197,0.588080787415028,1.43656351098822,0.150842057967215,NA
CMIP,3.94129526732534,0.197311988690903,0.381721115026887,0.51575604640268,0.606024804617534,0.877703949235001
MPHOSPH6,4.42988289290672,-1.00969333289193,0.367969773484529,-2.73433685169275,0.0062506062660083,0.0635196744870033
HSBP1,14.4778505170467,0.350363591545774,0.2452867541624,1.42778682547843,0.15335322599988,0.510099972831695
MLYCD,2.12871510731434,0.0835427837013048,0.509635481505639,0.163948398920149,0.869771765716997,0.967413325623816
OSGIN1,0,NA,NA,NA,NA,NA
MBTPS1,1.68171581837674,-0.309593921674391,0.514731440776401,-0.59949352026402,0.548843829796307,0.853145895522196
DNAAF1,0.0399585772398783,0.00708335167592633,0.490601629230456,0.0144345705803501,0.988483278924753,NA
COTL1,17.6893552276734,0.529880802269296,0.345655693110605,1.53867844216432,0.123882817786204,0.456027379599006
KLHL36,2.97880447517204,-0.617865038782339,0.500824981364792,-1.2422766221223,0.214134517726223,0.594203532583467
USP10,3.26729700944586,0.446700916228084,0.424992638368539,1.04791418363352,0.294678146823871,0.679767825889977
ZDHHC7,2.70834611436735,-0.964534174725461,0.459973622415169,-2.08444586984093,0.037119629129954,0.226416833997773
C16orf74,0.0848433571513577,-0.24849939770577,0.529366414727909,-0.432336585541859,0.665496800439684,NA
EMC8,4.57095646738826,0.218254349822138,0.360897416600637,0.604419425901692,0.54556482372814,0.853145895522196
COX4I1,142.282051560586,-0.344329605759786,0.0945219979402812,-3.64277343066051,0.000269716227904176,0.00453605822264403
IRF8,3.98683448764744,0.356128602196785,0.384010677528057,0.926112236529268,0.354387655461216,0.736186510792361
MAP1LC3B,31.46666155433,0.202208179026557,0.180762079530483,1.11888706114617,0.263188323558502,0.651546969423151
KLHDC4,4.93955931290657,-0.941061849383066,0.451180816867416,-2.09284490723409,0.0363630015732577,0.223615467618725
SLC7A5,6.35072189762006,0.970858394008433,0.442056371272279,2.2030025819635,0.027594566660016,0.186706682388592
BANP,3.03345404448951,-0.406439866653202,0.477704623344173,-0.852821721164919,0.393758176491183,0.758892262065204
ZC3H18,3.24390663078688,-0.391540502993608,0.410919135307547,-0.950148633062158,0.342036734797915,0.725707929051279
CYBA,209.619299599273,-0.583844730278958,0.099099112210269,-5.89137642141081,3.82992018751512e-09,1.47158393190362e-07
MVD,4.59440532509717,-0.0130280836284639,0.37335999440625,-0.0349584779449764,0.972112850419375,0.994403817451922
SNAI3,4.6493950040389,-0.40637276984654,0.383066789204725,-1.06175979256318,0.288344747251767,0.674799279706057
RNF166,13.3658685832388,-0.631433147496516,0.236320240372098,-2.67181905171221,0.00754413169815868,0.0727550139513979
CTU2,0.923515025738314,-0.819117413960407,0.600315768507889,-1.35460671255629,0.175542893681724,NA
APRT,26.6537017044634,-0.931048909533387,0.170853871715754,-5.44673228909231,5.1303590090511e-08,1.70925378630664e-06
TRAPPC2L,6.83339435264652,-0.281471145942568,0.302492772333765,-0.930487186982703,0.352118895171382,0.732629985842748
ACSF3,1.62979257504872,-0.441635143261367,0.56218986035466,-0.782059481089062,0.434179617880981,0.787110289741839
ANKRD11,4.00267418579326,-0.316228276379494,0.371578287384331,-0.849706920412171,0.395488049932474,0.758892262065204
SPG7,2.08481198556473,-1.19174238461137,0.526350954193604,-2.23871134185746,0.0251747040829887,0.175290532133403
RPL13,674.16925346346,-0.190818906738272,0.122397012364011,-1.55901906945792,0.118991866804298,0.449657707722775
CPNE7,3.15029602516382,-0.830804846786397,0.454334644852951,-1.81854354082872,0.0689810981794017,0.327131982717451
CHMP1A,4.361352040818,-0.00476160289521059,0.378492906210504,-0.0125755231923723,0.98996644865878,0.998000298526934
CDK10,1.28067012200342,-1.13586763887533,0.553991684134826,-2.02202554938316,0.0431737124541235,NA
SPATA2L,1.67263044811212,-0.749293381908844,0.568962727862728,-1.32438704750992,0.185374534053515,0.560924026370495
ZNF276,2.6861026283206,-0.160013950034444,0.477513099842001,-0.333625538071835,0.738662144772372,0.928220942965329
FANCA,3.42739800891496,1.67439589984302,0.447780084048486,3.64755231298586,0.000264750419358035,0.00446681476763044
TCF25,11.4790995162591,-0.583994348633707,0.238195633737561,-2.45089738604203,0.0142500570556475,0.116070447565355
DEF8,1.62911291431627,-0.177274166141575,0.526965798508981,-0.333877794639049,0.738471776542019,0.928220942965329
GLOD4,8.00969819095729,-0.223585207485891,0.30949552466367,-0.722527763438843,0.469970062303962,0.815289570375014
RNMTL1,1.62097093277457,-0.579718102124542,0.525709102123899,-1.10262139411498,0.270191615504749,NA
TIMM22,5.69628098849343,-0.335141430101083,0.343902580079412,-0.97546301148234,0.329330640767273,0.712087513044704
ABR,1.37249064911938,-0.956797720258342,0.564057471644168,-1.68628409985953,0.0917410920710827,NA
YWHAE,6.45269997770032,0.0587287921904414,0.306584576863188,0.191437856133235,0.848182563573136,0.960913700132607
CRK,3.30572715327847,-0.0250119844648784,0.448706496497867,-0.0559706642268594,0.955365177069735,0.988582238095375
INPP5K,3.3279929078812,-0.593444514191696,0.400342190536064,-1.47872596674256,0.139213569354703,0.485945869768754
PITPNA-AS1,2.12373840074615,-0.614509220348834,0.494238924742944,-1.24304562337972,0.213851021749277,0.594203532583467
PITPNA,1.67139907069712,-1.30249100298862,0.586934561186391,-2.21498616126182,0.0267610144045171,0.183424452897627
SLC43A2,2.26497316534055,-0.801207063704836,0.520668875747538,-1.54709612492714,0.121840068229424,0.453582828260034
RILP,0.190697847373334,0.0340978978285228,0.652207748367951,0.0525251763913868,0.958110235160131,NA
PRPF8,2.64202514330964,-0.255664769822169,0.474610757809864,-0.537625573643132,0.590835571028728,0.876264899235887
MIR22HG,1.06464862590527,-0.33588205691895,0.600183333285505,-0.551824071968789,0.58106889309533,NA
SERPINF1,0.294989565762501,-0.163898381155187,0.49071834072931,-0.34128473159441,0.732889241092563,NA
RPA1,3.95269812358831,-0.836854931142372,0.390720410745923,-2.13702281695933,0.0325961358423588,0.2084885286442
TSR1,1.50356086242061,-0.378594202123155,0.569629282672801,-0.671493185259884,0.501906399331639,NA
METTL16,1.70267383790118,-0.745432969947946,0.577865603974068,-1.28471664888665,0.198891318206383,0.579072953007965
PAFAH1B1,12.0521523645951,0.210769166200525,0.250731825643923,0.840863949582768,0.400424156472735,0.761028562274161
TAX1BP3,5.58316513767643,0.173198985189409,0.376224658226057,0.460927768828237,0.644850428228072,0.897778994604696
EMC6,16.135515625113,0.0521511340168574,0.221434604245916,0.235623155481255,0.813725103816816,0.95063330273134
P2RX5,5.53863545424171,1.08794505672872,0.42502080871934,2.55035606374135,0.0107612949968289,0.0947281887346279
ITGAE,20.3690957181692,0.155449636985377,0.223752698399237,0.69443729058456,0.487408014667717,0.826051445335114
C17orf85,5.44000723987635,0.102305183441534,0.329750708979605,0.310105572967055,0.756480674420989,0.933945945914895
CYB5D2,0.769558415368227,0.291695347408019,0.605577985714426,0.478724065384625,0.63213494319181,NA
ANKFY1,2.83717302026111,1.29814619239652,0.500617255610453,2.55443882842114,0.010635911655929,0.0939386559678022
UBE2G1,6.81354585040998,0.184703885716611,0.317929451409247,0.581139317742543,0.561146561573837,0.86143934095208
ARRB2,11.702964745954,-0.368332270594713,0.290631369396032,-1.26732592069346,0.205038775855305,0.58628135115761
MED11,5.5172931640856,-0.507688044710498,0.346980020253593,-1.46212514167747,0.143706920286693,0.493306783533882
CXCL16,1.53745715260989,0.810354826738935,0.566617973345347,1.43028701372322,0.152634660426281,NA
VMO1,0.465953863247353,-0.218601583186392,0.667778081738254,-0.331919712428773,0.739949885064926,NA
PSMB6,28.2019170874851,-0.148835148996038,0.164972008563017,-0.902123016855486,0.366991523282454,0.742491576501798
SLC25A11,8.39639900665419,-0.686021997581401,0.281928798464432,-2.43028927882542,0.0150867760430682,0.120240287517779
RNF167,11.6988704664267,-0.16889113647313,0.253577260259273,-0.665503477829494,0.505728519852685,0.836184842969683
PFN1,197.580531646814,-0.294822051116518,0.128360749411114,-2.29671178676348,0.0216352166138982,0.158618078350362
SPAG7,12.5633440907617,-0.0181946050895093,0.258209711121693,-0.070456805378767,0.943830079383616,0.987648233164879
SCIMP,0.124117620882152,0.277902012057406,0.606997760971014,0.451306171944021,0.651768897172806,NA
RABEP1,4.7663191274277,-0.135120277080247,0.374419258068044,-0.360615326571086,0.718387030294019,0.920598036583438
NUP88,3.32144847756206,-0.385080436874296,0.406558327153705,-0.948034963023103,0.343111655399534,0.726816802423801
RPAIN,6.98537451351882,-0.272125096221336,0.292564802438445,-0.930183688108261,0.352275986058322,0.732667242438171
CTC-524C5.2,0.816447129051212,-0.483310623396037,0.646875335407411,-0.734136465942917,0.462865570666958,NA
C1QBP,16.24105513063,-0.448830642807793,0.212151848506065,-2.11524860871523,0.034408764007575,0.21577532826606
DERL2,17.6890256433288,0.530302385318309,0.212577046765189,2.49273743649391,0.0126762545438553,0.106084561738332
MIS12,2.11524095569407,0.449956492268488,0.470888701925222,0.94924695765239,0.342495023936531,0.726387512490692
TXNDC17,8.18179701638502,-0.079304331760656,0.318056252987529,-0.249526621161479,0.802953451291259,0.948768259507023
MED31,2.08385588920926,-0.218389157312945,0.476626191193688,-0.457678436991534,0.647183481942577,0.898748169886915
XAF1,30.0967375508921,2.46095668445466,0.207621234649864,11.7541226458958,6.72556878457797e-32,1.04127629652995e-29
AC027763.2,0.96415006704647,-0.0343375222101104,0.599991929093648,-0.0564375211073228,0.954993267053501,NA
C17orf49,2.18012493162725,-0.888436864132241,0.524188413367098,-1.68686699713984,0.0916289293019258,0.390196513375309
CLEC10A,0.0518236022752666,0.00708335167592634,0.490601629230456,0.0144345705803501,0.988483278924753,NA
ASGR2,0,NA,NA,NA,NA,NA
ASGR1,0.0576144896266913,-0.164981158665352,0.492033836259756,-0.316735743601118,0.751444124633642,NA
ACADVL,10.3592688367267,-0.779182228425272,0.253399219949108,-3.07246830277259,0.00212296378639236,0.0273234263363555
DVL2,2.62505474898409,-0.23854595557086,0.450749265290264,-0.529838291135688,0.59622405408102,0.877221636230693
PHF23,4.96837742267941,-0.623539355268287,0.356754839156908,-1.74620263541994,0.0807757470497232,0.364044120265191
GABARAP,7.28633098047655,-0.566653566686979,0.284942828449182,-1.98705266910642,0.0469165605233662,0.260515585015823
CTDNEP1,0.961639394468079,-0.203435436054525,0.574776047931971,-0.350691610661463,0.725819720056421,NA
ELP5,5.2096035023574,-0.355532334337526,0.368220252961514,-0.965253934238641,0.33441763870876,0.716181631473926
EIF5A,17.7180644803176,-0.181132895838442,0.417235505266856,-0.433832832785557,0.664409837487792,0.906545719164266
GPS2,2.79045754414445,-0.0240407716814926,0.436136326534844,-0.0550573953075039,0.956092738249155,0.988582238095375
ACAP1,9.92787615898865,-0.715706132951631,0.297476978617096,-2.40645214659845,0.0161083142342907,0.126558456909412
TMEM256,5.59449747497309,-0.607869521084174,0.342149186394354,-1.77590351290586,0.0757488218605358,0.348619797472035
TMEM102,1.50002227721717,-0.495078006518383,0.535431859069686,-0.918757891845935,0.358222221765017,NA
CHRNB1,6.52959922452989,1.05597323509954,0.354175285834343,2.9672292670253,0.00300496794260645,0.0357068876972468
POLR2A,1.94889829225375,-0.185379983045076,0.499932165078649,-0.369699988439398,0.711606040408202,0.919123640580385
EIF4A1,84.8277332730398,-0.080301392900398,0.127403632105958,-0.630382098891111,0.528444620029096,0.847822723855686
CD68,9.32217525547374,1.81933800823754,0.322004811057481,5.58426971407737,2.34684255441647e-08,8.29112698419351e-07
MPDU1,1.49952226943426,0.306468756237498,0.530552694604168,0.57485677987778,0.565388162171317,NA
SAT2,11.7190624122754,0.065176309190681,0.312836387951036,0.208480323314904,0.834853944822973,0.958697898243483
KDM6B,2.19161171754317,-0.301899572781571,0.517048386169005,-0.58625941645378,0.55770119891488,0.859346358577324
LSMD1,3.72600152629057,0.275473063475511,0.39162198827114,0.701277322779173,0.483129963053993,0.82398682271019
CHD3,3.1014835249877,0.0119019247022183,0.418220702719711,0.0285034663612379,0.977260603397368,0.994844175048461
TRAPPC1,36.1897200333569,-0.138903005601532,0.157466428517649,-0.881987895388212,0.377783353167074,0.749213874119995
VAMP2,35.3578336012965,-0.540284888217217,0.145455334150695,-3.71417198852708,0.000203870112210496,0.003589204918649
TMEM107,3.08331825617237,0.0809271188112333,0.40970002369209,0.197272785168612,0.843614075143631,0.959980680743401
C17orf59,4.71862978599885,-0.251164387777009,0.367504052264571,-0.683768111851487,0.494121605692167,0.830212618054124
LINC00324,1.27622784801416,0.266921746665859,0.537443331538771,0.494428385620586,0.62100367122616,NA
RANGRF,7.75256951376095,-0.352601813102052,0.333335095981044,-1.05789165753361,0.29010483898145,0.676012338379084
RPL26,261.721371643619,-0.109192697445305,0.120598835383126,-0.905383478646385,0.365262265240934,0.742491576501798
NDEL1,3.0890100476904,0.356991986210001,0.466541920302174,0.7626457404454,0.445674698016486,0.797702970795273
PIK3R5,0.398197691544712,-0.167838928831946,0.656499826546569,-0.257362918225361,0.796898625915414,NA
STX8,8.06622722653082,-0.485434147979166,0.313176706362961,-1.54736144313649,0.121776113205061,0.453582828260034
GAS7,1.11374025538162,-0.705158906676394,0.582128961806132,-1.2020424303687,0.229347089270118,NA
SCO1,2.96893877077675,0.186187347851924,0.476250230505941,0.390791440038296,0.695951402714607,0.917214265271815
ADPRM,1.78099067074548,0.416866895527547,0.564594296397129,0.746810280848298,0.455178088891853,0.805532093333474
MAP2K4,0.633164456722074,-0.0784672336849779,0.641414997831992,-0.119535149205593,0.904851394618463,NA
ELAC2,2.15135785897359,0.520802899042567,0.538076311807136,0.96441999173102,0.334835403229828,0.716493318130818
PMP22,0,NA,NA,NA,NA,NA
TRIM16,0.294030247731541,0.421521331975327,0.667822922632605,0.613993387667817,0.539219696707341,NA
ZSWIM7,5.07138559101688,-0.464268772447817,0.387371854082553,-1.19941922933959,0.230364974173263,0.615866543447465
TTC19,7.73489302063575,-0.471492532533122,0.352370497508053,-1.33896187995939,0.180583083045379,0.553311611845677
NCOR1,35.3782355596225,-0.213122366388608,0.151224723298313,-1.40905913772273,0.158817682222447,0.517395283753764
PIGL,1.52061024274669,-0.928293313132546,0.558856504644853,-1.64775538989016,0.0994028766423064,NA
CENPV,2.21917239030793,-1.05220442728519,0.507852147222146,-2.04346515413555,0.0410064134370544,0.241304749487996
UBB,246.038350424046,0.171049492835272,0.0933993098646431,1.83136704419027,0.0670457768152209,0.323443674866964
TRPV2,1.5702481252367,-0.350137152726368,0.533353859183726,-0.653199230346691,0.51362784636448,NA
TNFRSF13B,0.058982785093324,-0.0532241652716922,0.49457132927324,-0.110774083307956,0.911795497367985,NA
MPRIP,1.27999645795147,0.211837351921145,0.549433262415183,0.383788980938419,0.701134855755952,NA
FLCN,0.926394434419265,-0.524306901234647,0.628973436238912,-0.828579707224331,0.407342274749124,NA
COPS3,9.15481491440941,0.116157113728826,0.270334233060238,0.429653304447224,0.667447855760822,0.908146716602744
ATPAF2,1.91869031780648,-0.826563881914514,0.526935461549612,-1.56156625641082,0.118390203910333,0.447785608648454
GID4,0.991131277964103,0.143854203995102,0.614157447548952,0.232995650067649,0.815764783569402,NA
DRG2,4.08355931492328,-0.290293407299911,0.372870970845177,-0.778875986070413,0.436052771048057,0.788790992026451
ALKBH5,6.69945293452961,0.165965636394699,0.307095000305077,0.539909065268251,0.589259745835986,0.876264899235887
FLII,3.20408889621288,0.644957468778952,0.447135643410505,1.44131561403373,0.149495538098641,0.506073641512057
TVP23B,2.14707441550859,0.762486780630577,0.46978710241141,1.60623348921581,0.108222617738134,0.42930207970877
PRPSAP2,4.74985645599684,-0.630117419501308,0.374525807520747,-1.68254798313742,0.0924626286366679,0.391122292361439
GRAP,0.058982785093324,-0.0532241652716922,0.49457132927324,-0.110774083307956,0.911795497367985,NA
AKAP10,1.57905709723426,0.547185541638598,0.545942031276285,0.996980769784849,0.318773844249757,NA
USP22,1.27176384631608,0.138433025566234,0.563882727137999,0.243752766613548,0.807422303788092,NA
DHRS7B,2.26334224707463,-0.568496509511858,0.488668092578714,-1.15740928383742,0.2471051828265,0.633590687968192
TMEM11,9.21626287224498,-0.352670779542369,0.317217427681517,-1.1115153471232,0.266346587790367,0.655462541760462
MAP2K3,11.8666388684225,-1.05647914511175,0.248883917880213,-4.23881077903776,2.24706953207608e-05,0.000499095950077995
WSB1,6.07402794451867,-0.0569892044493878,0.334041644713336,-0.170377587552036,0.864713196977046,0.966292154791287
LGALS9,10.3591028076887,3.54216073481408,0.398053175489346,8.25180265688464,1.56022915503501e-16,1.15676708057807e-14
IFT20_ENSG00000109083,7.04299667003501,0.267383331553655,0.300237119724043,0.889446430152899,0.373763201281881,0.745885286059442
TNFAIP1_ENSG00000109079,1.56067250094898,-0.307153709140074,0.563734841733731,-0.544628892933672,0.586008778946288,NA
POLDIP2,3.83875044698783,-0.282783970931312,0.391699637685758,-0.721341399700464,0.470699491332333,0.815289570375014
TMEM199_ENSG00000244045,6.0034225140695,0.0298677828878621,0.328316352745254,0.0909995506649451,0.927492948093682,0.984736361186999
UNC119,2.88010867940597,-0.789925626640742,0.44686317266127,-1.76120775504865,0.078203245957019,0.356183958979517
PIGS,2.42770938669464,-0.0665431685323965,0.505577455756759,-0.131896514019617,0.895066145949468,0.975694386472975
SDF2,16.0409400502633,-0.210019622557332,0.224325682628376,-0.935996158944257,0.349275165364023,0.72991339016124
SUPT6H,1.29874142384066,-0.0315979948927937,0.57413688088924,-0.0549374645575464,0.956188284533282,NA
RAB34,0.303995960245125,-0.38473544976834,0.668080364440437,-0.555633351181284,0.578461527207617,NA
RPL23A,284.911896326046,-0.0365908449840346,0.0932466878260802,-0.392403961356934,0.69475975954855,0.916595331895631
TRAF4,1.26641624460486,-0.125526290993122,0.593783365432692,-0.213890099209677,0.830632761262242,NA
ERAL1,1.62458780695125,-0.218963026994475,0.518839668372768,-0.420610009041976,0.674039883738938,NA
NUFIP2,0.796311565975081,0.271379299264559,0.633253490716547,0.422006762675633,0.673020081308016,NA
TAOK1,1.73508049930925,0.207523152224888,0.564515104550883,0.364284736050039,0.715645396846133,0.920165454078663
TP53I13,4.80705557816041,0.217133012660292,0.436005564344168,0.498244922204487,0.618311423283981,0.883963446747308
SSH2,3.26556118301484,-0.020484940021918,0.441482335411297,-0.0464151275406122,0.962979379473752,0.990737780820354
NSRP1,7.03882914221118,0.397862872301735,0.32356052430109,1.22825194596595,0.219352404002949,0.601416866095245
BLMH,5.89395030797966,0.923200026953231,0.349965869664016,2.62648955458184,0.00862706402668994,0.0802347438807347
CPD,1.15719119213718,0.184515270057823,0.586171242373745,0.315016392081113,0.752749207956716,NA
GOSR1,4.99821491398199,0.208598319586905,0.347856089363379,0.599609532460106,0.548766492760794,0.853145895522196
CRLF3,4.9621351037173,0.134351908481625,0.357159036532049,0.375936708406626,0.706963949509905,0.918320565936037
ATAD5,1.10372986249812,0.517870156997918,0.590572158705543,0.87309467213767,0.382611477674394,NA
TEFM,1.94089305470925,-0.651746400814821,0.5259872043855,-1.22871371141965,0.219179163519344,0.601416866095245
ADAP2,0.143484063219073,-0.061716906908571,0.615626016267841,-0.102459907383008,0.918391634592693,NA
RNF135,2.98186905431667,-0.0665353756367642,0.469081316093191,-0.140914093851787,0.887937807964855,0.973408512551722
NF1,1.4132380743849,0.870013884245993,0.546709030407391,1.56487592567415,0.117612004533746,NA
EVI2B,17.0489400808818,-0.168749685588854,0.215274228212001,-0.783836731180992,0.43313591797107,0.786663144975976
EVI2A,21.2420303381764,-0.100305037896353,0.248879917049705,-0.403066077909673,0.686899614683034,0.914504337162199
RAB11FIP4,1.88561163395961,0.536898028092782,0.52128958676488,1.02631024115621,0.304745371513401,0.690266624632763
COPRS,1.81473024209607,-0.816673337678666,0.533829356915636,-1.53084828957069,0.12580689178744,0.461175124212454
UTP6,3.24258684931846,0.328318130448315,0.413858118490266,0.791697781789162,0.42853691604262,0.782694481040093
RHOT1,1.34496947055961,0.98566732699057,0.547661086617211,1.76504142810831,0.0775568033483461,NA
C17orf75,1.6548099908508,-0.0619456346224348,0.516446424978437,-0.119695767343599,0.904724153424355,0.978611663245645
ZNF207,12.4262991682331,0.52064527391048,0.254620643972803,2.04325392301728,0.0410273082811087,0.241304749487996
PSMD11,11.2061190530279,0.088450497372294,0.263452797351052,0.335591323363743,0.737179067883659,0.928220942965329
CCL2,19.1910088783372,2.73863793737306,0.51117481190776,5.26815483277061,1.37801857122784e-07,4.31779152318056e-06
CCL7,2.51537025208126,3.40941754524527,0.58669454673708,5.61041297002393,2.0184436102621e-08,7.22795045198617e-07
CCL8,19.8334603225188,4.93597796003734,0.586795516030562,7.77631371201944,7.46684055940579e-15,4.62417043584848e-13
CCL13,0.0285971629912991,0.00708335167592634,0.490601629230456,0.0144345705803502,0.988483278924753,NA
ZNF830,7.07368593924833,-0.30716188111155,0.311389488067367,-0.986956543782064,0.323663942698003,0.709536391397173
LIG3,0.762532822648922,-0.517615008654198,0.622448023791494,-0.832091309247528,0.405357406954147,NA
RFFL,1.1172712501222,-0.587413662818565,0.587506818068489,-0.996701974828441,0.318909190846948,NA
SLFN5,32.5697245958296,1.29889968104006,0.249753461139894,5.19209601448861,2.07939713546704e-07,6.36392239598749e-06
RP11-47L3.1,3.90134561000487,-1.25996613985593,0.392288670450679,-3.18717276450844,0.00143670929425833,0.0199022045394102
SLFN11,0.562784274734069,0.204654766049548,0.668580521380566,0.299651913332992,0.764442681507437,NA
SLFN12,1.71052133749138,-0.19783014045866,0.529442440069004,-0.373338316625415,0.708896662056224,0.918699916413199
RP11-1094M14.11,2.33303432152978,-0.310293737398369,0.443768112471975,-0.698043179416375,0.48515019086229,0.824880686272317
AP2B1_ENSG00000006125,3.04876232912206,0.145387930328072,0.434889899597837,0.333890517660418,0.73846217539674,0.928220942965329
TAF15_ENSG00000172660,9.06131605220369,-0.307544867677543,0.264068964166026,-1.16433717595959,0.244287396420052,0.630357281742723
CCL5_ENSG00000161570,574.397512112143,-0.0504182860781408,0.202519782747212,-0.248927224874395,0.80341707560899,0.948768259507023
CCL23,0,NA,NA,NA,NA,NA
CCL3,48.8428957407447,1.47556596196546,0.567604976032021,2.59265552670902,0.00952381089643881,0.0859920078196464
CCL4,114.940900555817,0.51960122611382,0.553439111656284,0.938079006635869,0.348203809563778,0.72991339016124
CCL3L1,0.645883583049703,1.27906644409106,0.659047168255849,1.97061946236172,0.0487674187856251,NA
ZNHIT3_ENSG00000108278,12.2635064626113,-0.0605488767174433,0.240390851985717,-0.251915980428652,0.801106007258193,0.947964478035823
GGNBP2_ENSG00000005955,9.89555109592978,0.245775076176841,0.271694188888339,0.9039185027641,0.36603861720736,0.742491576501798
AATF,8.32780523456717,-0.912092764685209,0.352355218335873,-2.58665934818897,0.00969113488868153,0.087203647955589
TADA2A,1.85653989535316,-0.661871449592973,0.584938590025364,-1.14905100859168,0.250534948075056,0.637888375915282
DUSP14,2.56148440583113,0.469007143622718,0.458897698450322,1.02024672822382,0.307611461178828,0.693583182363072
SYNRG,4.38999561279485,0.392085062945759,0.371442924641163,1.05332472966807,0.292192188643266,0.678499092220422
DDX52,3.20099503801041,-0.0462340460921858,0.419052721979967,-0.11006835235116,0.912355166788,0.980930881938732
MRPL45_ENSG00000174100,2.20974343135598,0.0855744826991842,0.48586821785858,0.175783436317868,0.860464082909072,0.965774612459138
CTB-58E17.1,1.79448259072014,0.41220272338152,0.526580182592417,0.783429491430734,0.433374943484528,0.786663144975976
MLLT6,3.1854043192792,0.624015740273362,0.432918664044137,1.4340778630974,0.15155004431318,0.508336130429745
CISD3,7.0741625713943,0.173490934470029,0.31590720141481,0.548992363792526,0.583010690296759,0.873385992407955
PSMB3,45.0063173964534,0.156346992718082,0.14529228474383,1.07617601742436,0.281848543352774,0.670351225747037
CWC25,6.98723975922182,-0.0331432041279765,0.30579218079248,-0.108420904055499,0.913661819838587,0.981200985965268
RPL23,51.8598862905954,-0.190693477724623,0.146397552163629,-1.30264819243999,0.192694896751412,0.57092167364586
LASP1,5.56291610969831,-1.00235571442125,0.396488305107368,-2.519798293062,0.0117422100900522,0.100833595292063
RPL19,371.483349278728,-0.11121122955763,0.0967986228929513,-1.14889566636331,0.250599004823861,0.637888375915282
CDK12,3.25702226297098,-0.147075006199309,0.400007964996245,-0.367662225249722,0.713125110474612,0.919261107093145
STARD3,3.7474511964943,-0.234588174380373,0.392150483946226,-0.598757612376487,0.54933453221339,0.853145895522196
MIEN1,16.5982503705591,0.169845571851202,0.224252871853685,0.757361647266647,0.448833226878622,0.799545890453153
RP11-94L15.2,3.61988337301235,0.0578027446037776,0.385984608455365,0.149701933241739,0.880999782863897,0.97090195158043
IKZF3,0.778530068993342,0.239946436493386,0.626754096030354,0.375057800815364,0.707617480065206,NA
ORMDL3,3.14452583849439,0.160840553631682,0.415103732226799,0.387059176249596,0.698712399228997,0.917214265271815
PSMD3,4.16095603591434,-0.192801587157876,0.382585164134422,-0.503772822871346,0.614421027619296,0.882299792114979
MED24,1.65615988405813,0.0925224305060897,0.54668014725058,0.170059115561137,0.864963646158158,0.966292154791287
CASC3,2.11707708500493,-0.502477666470293,0.49202833533936,-1.02171701181861,0.306914857078224,0.69339047539046
WIPF2,1.81656390512403,0.583802904871078,0.518076563084511,1.1221592108172,0.26179475206319,0.650819048267141
RARA,2.08624956951337,0.0671976822639832,0.48928092805463,0.137329464878842,0.890770381463663,0.974282596703365
CTD-2267D19.2,1.09917972167754,-0.248929640535914,0.628213625762557,-0.407673833396711,0.683513150487587,NA
IGFBP4,0.396949333213192,1.05826796374184,0.66171190367435,1.57237923415532,0.115862627252213,NA
CCR7,26.8719634891526,0.627283613460218,0.275137207403143,2.27935726252715,0.0226458366454529,0.163746818820967
SMARCE1,6.76068381624527,-0.464495970634004,0.352855005847841,-1.31863281794453,0.187291896636355,0.564119744181139
KRT10,26.4830870733203,0.118145502124134,0.180480006661993,0.654648266490443,0.512694240512777,0.83996964894468
TMEM99,2.53180032082677,-0.212840690703198,0.48481113909228,-0.440911891353707,0.65927678455665,0.90411351769982
JUP_ENSG00000173801,0.090957194551331,0.0855467328551621,0.540004500881504,0.170547682452942,0.864579438413113,NA
EIF1,279.37438597289,0.340980402823782,0.122295513681748,2.78819098621379,0.00530032863856782,0.055801859906842
NT5C3B_ENSG00000141698,2.66075032325809,-0.329762289678279,0.530636202036441,-0.619333366676246,0.535696767613132,0.850532978569968
ACLY_ENSG00000131473,2.77327826486692,-0.0970579697112292,0.476990417401366,-0.204576568434739,0.837902963884531,0.959060926698885
CNP_ENSG00000173786,4.30280058547155,1.2369651032257,0.392907111212434,3.11376083223587,0.00184719157666408,0.0241280805448132
DNAJC7_ENSG00000168259,6.79954041744586,0.500806764523192,0.308945878224149,1.61886666297334,0.105475955048801,0.423512911805405
NKIRAS2_ENSG00000168256,1.62378024717778,0.714950640223713,0.515387345752761,1.37209283760385,0.170034538878464,NA
DHX58_ENSG00000108771,5.67962486054615,2.65193167681754,0.409239235591991,6.15429285166723,7.54132212058633e-10,3.22744062136313e-08
KAT2A_ENSG00000108773,0.840706531166317,0.686081286492644,0.657772887288624,1.07864731920006,0.280744978424722,NA
RAB5C_ENSG00000108774,22.1663466490829,0.0976757421338734,0.179195354719909,0.544986809424565,0.585762589698586,0.874242776346287
STAT5B,2.05590365334734,-0.255418384207331,0.473032460946952,-0.537852089130822,0.590679167335573,0.876264899235887
STAT5A,3.03301013292414,-0.192171798327534,0.455657733729653,-0.422114896150881,0.672941155575065,0.908997239657979
STAT3,13.4012152660742,1.23747790224422,0.28357382326596,4.35386034349012,1.33760938355622e-05,0.000307474925547595
ATP6V0A1,0.090957194551331,0.0855467328551621,0.540004500881504,0.170547682452942,0.864579438413113,NA
COASY,4.07062542419924,0.349393335906367,0.381040698938921,0.915577640036317,0.359888463453037,0.741425963551742
MLX,4.83936944869165,-0.345754662625004,0.381532678372003,-0.907221663208748,0.364289590093149,0.742491576501798
FAM134C,1.23231771185407,0.235397625654174,0.577539858723235,0.407467810726356,0.683664431311616,NA
VPS25,7.18268647694966,-0.262362368977195,0.367530132681192,-0.713462330848502,0.475559714736079,0.816834470643107
COA3,10.3669316652027,-0.207745677729713,0.258001709192683,-0.80478472997964,0.420943914911674,0.777490795822825
BECN1,6.7440846093104,0.125828710940259,0.351912233293278,0.357910722840834,0.720410125922564,0.921654922385975
PSME3,4.51192406257758,0.273715415865912,0.475465601309955,0.582580707846733,0.560175595692613,0.861022635900994
AARSD1,0.647357575456606,0.042375344810069,0.646250593140011,0.0651666637690604,0.948041303147915,NA
RUNDC1,2.77072711771451,-0.352226331916909,0.459651313509028,-0.769869539643948,0.44137728428686,0.795415961823359
RPL27,104.156775163127,0.178691750721973,0.113699957345436,1.57152155969612,0.116061550542917,0.441544497314798
IFI35,50.1201478737466,2.85943240521828,0.237487680426828,11.9510690838777,6.40953641053204e-33,1.04909475612646e-30
NBR1,2.21133099329166,-0.338340683671966,0.468849507224561,-0.720234442329159,0.471380661008815,0.815289570375014
TMEM106A,0.702780662631063,-0.268665711010053,0.637074217995063,-0.425658736419121,0.670356533850984,NA
ARL4D,0.15800223204501,-0.064387905021268,0.647096692375088,-0.108593289500419,0.913525083480325,NA
DHX8,1.8249544460797,-0.409327026436101,0.519117229165499,-0.785497187900598,0.432162118441841,0.786075117995112
DUSP3,0.308839129319932,-0.00266340298022367,0.668142757110277,-0.00429676993866483,0.996571684153681,NA
TMEM101,4.56752602736351,-0.35399263866934,0.376642544910277,-0.938635621729559,0.347917857156842,0.72991339016124
HDAC5,2.58990876457491,-0.0182714516843558,0.440499645376058,-0.041452670417229,0.9669350239308,0.992192196095855
TMUB2,3.54285485247464,0.126036352886228,0.437254834191139,0.287657613441135,0.773608838721999,0.941441916599155
UBTF,2.74968903852993,-0.193613467196641,0.507565596173277,-0.383928386870334,0.701031526045023,0.917214265271815
SLC25A39,9.72883508374994,-0.796088564415745,0.271829951546474,-2.92672757891058,0.00342548784619146,0.0396302593897843
GRN,4.12100090454764,0.290503343588342,0.406038643799533,0.716053133733256,0.473958540873415,0.8168221086443
GPATCH8,6.40235901307108,0.0660232905665367,0.321247632672963,0.205571937644492,0.83712529983608,0.959060926698885
CCDC43,1.41062724577469,-1.14359365617417,0.550875681311894,-2.04480229237033,0.0408743536822068,NA
EFTUD2,1.32485830964413,0.198479446967895,0.543625458389114,0.362005839367298,0.717347666794735,NA
NMT1,1.72724088126018,-0.628834274869384,0.525188937463681,-1.19376483831311,0.232569969503443,0.618348143190213
HEXIM1,1.32644048555093,0.400342737430818,0.564130646998519,0.708674411115109,0.478526547826717,NA
CTD-2020K17.1,1.34098220986623,-0.387170635815828,0.549376488620811,-0.702819554577926,0.482168209287186,NA
FMNL1,9.38641287212743,-0.225177541843135,0.267747906232438,-0.840660566269913,0.400538117953001,0.761028562274161
CTD-2020K17.4,0.573599549127747,0.100993144826683,0.649859218743542,0.161225248902051,0.871915995503507,NA
ARHGAP27,1.64694439399083,0.717749675223606,0.548117214533848,1.30233220918519,0.192802845602047,0.57092167364586
KANSL1,1.67995986279415,0.308414422343492,0.511480670506662,0.597409934646248,0.550233722510991,0.853145895522196
KANSL1-AS1,2.19682394494836,-0.216138501442609,0.511551721882725,-0.423660363438445,0.67181352577471,0.908251025904242
NSF,1.03917323004309,0.204912261269541,0.616134365662358,0.334859900247848,0.737730772414292,NA
GOSR2,3.24745718508868,-0.591569865746539,0.409176426314277,-1.43918824254045,0.150097195689422,0.506519996907341
CDC27,2.49527763041682,0.387579518772909,0.469186759790891,0.827334477330929,0.408047507293708,0.768982340915551
NPEPPS,1.7675501021753,-0.00371865517871316,0.521753350838782,-0.00714820528614582,0.994296605935677,0.998279102354645
KPNB1,7.80584632005362,1.57660781902658,0.314321116671509,4.96346502507041,6.92465158232417e-07,1.95286933051233e-05
TBX21,5.60718764826008,0.151834535846842,0.325028249530952,0.466412027025128,0.640920604315579,0.895675993427031
MRPL10,8.16898394232088,-0.440739270893469,0.2984140951046,-1.474734021985,0.140284065484032,0.486786631976232
SCRN2,3.53142823062422,-0.941942229822837,0.455240650735399,-2.04917769082223,0.040444742724956,0.241197890333789
SP2,1.34919170244191,0.371281489768915,0.569098002277875,0.64445007846996,0.519283619694519,NA
CDK5RAP3,3.22455496962444,-0.882571267632707,0.433040811430959,-2.03213887768934,0.042139598543631,0.244004412443253
CBX1,2.53188188384156,-0.184850837785764,0.465682529811714,-0.396332727902348,0.691859586436235,0.91653641518341
SNX11,1.00515738704762,0.526004118150748,0.589941228624436,0.887580095874042,0.374766664199817,NA
SKAP1,4.20019344732356,-0.201005734421795,0.377903156938137,-0.530997590407704,0.59542044893479,0.87720265747397
HOXB2,10.5026541129348,-0.0605425484409144,0.264213455569262,-0.229100036883659,0.818791164796366,0.953693263615234
HOXB4,3.31978246476133,-0.166015678358932,0.410932353712059,-0.403706053442385,0.686428887630584,0.914312162066648
CALCOCO2,6.56980258616528,1.02261933448784,0.329848983118702,3.0872364020303,0.00202026860695075,0.0261938274556373
ATP5G1,11.5315870299867,-0.230695642179723,0.281616831075939,-0.819224928490925,0.412658094688025,0.771834924401753
UBE2Z,2.25985153938276,0.598986859624188,0.466893465979579,1.27621451008983,0.201879700728788,0.581338135534688
SNF8,15.7011215958595,0.134776589383801,0.222896424071496,0.604801837698898,0.545310672451621,0.853145895522196
GNGT2,5.41569956311887,-0.856059733750332,0.351632516468103,-2.43117201652074,0.0150500674393385,0.120240287517779
ABI3,18.4946445363159,-0.697823728492646,0.238502949567969,-2.92401098210306,0.00345552555221415,0.0398901019887177
PHB,13.6459321777373,-0.437884587637272,0.221083539784688,-1.98069282692631,0.0476257316752749,0.262515027789159
SPOP,5.6910401142454,-0.0705541122277011,0.333952726496992,-0.210875262299754,0.832984607893234,0.957990522496519
SLC35B1,5.71243149717919,0.437861069553019,0.335494802509804,1.30244218000249,0.192765271408283,0.57092167364586
PDK2,1.3670109008714,-0.446890204497675,0.545276100315963,-0.815218693450433,0.414947139433229,NA
PPP1R9B,0.433285234488371,-0.540156807433297,0.659734497775741,-0.809802268871939,0.418053828395994,NA
MRPL27,7.76504132529961,0.445550670225725,0.341510060040683,1.30450754527512,0.192060588595896,0.570867836458947
LRRC59,5.68351972737825,1.0132845126204,0.342707039309489,2.94059792132842,0.00327579443838751,0.0381473269790871
RSAD1,1.65733422337823,0.00329253795405068,0.540778506711348,0.00606307583660139,0.995162395038127,0.998386668092376
LUC7L3,11.3197574214222,0.162241437090595,0.26242605080975,0.61802734587367,0.536557312820163,0.850532978569968
TOB1,1.28198997116696,-0.112481342490826,0.532100923059041,-0.210891449753106,0.832971976197243,NA
SPAG9,1.53029748052638,0.299286078729179,0.540360275843683,0.551651193772512,0.581187354678753,NA
NME1,3.11478930824319,-0.511436072008836,0.431334923103265,-1.18418060089771,0.23634157955514,0.620548943185676
UTP18,3.53331522197187,-0.183835943875652,0.446664316497215,-0.411874881682465,0.680431132388446,0.912201228007465
COX11,3.54392765694468,-0.868791976227727,0.423258798856754,-2.03889655077391,0.0414603532378664,0.242643649396768
MMD,2.12748243505362,0.318509743603516,0.474794367320981,0.67112230750882,0.502142617092567,0.834023189588453
PCTP,1.77646494824865,-0.272609888384899,0.578425064156367,-0.479711357443481,0.63143265088425,0.891832968675796
NOG,0.271854871808388,-0.00100671248355248,0.667528490229682,-0.00163229013935592,0.998697621477394,NA
C17orf67,1.00522928939067,0.0982505317301893,0.584300501186066,0.16718254798486,0.867226415848203,NA
DGKE,0.574419278090911,0.0597534048749607,0.658075501143548,0.089843802381471,0.928411339648535,NA
TRIM25,3.38053970344626,1.65475213975694,0.447968078213383,3.59646232271943,0.000322574280703011,0.00528981624180887
COIL,3.19532810464572,-0.131990314934307,0.426374617352079,-0.309789295597597,0.756721192321606,0.933945945914895
SCPEP1,1.38355975438313,-0.00285175806836911,0.570321304047327,-0.00504363962485208,0.995975774874659,NA
MSI2,1.78672955345729,0.193466326745874,0.489298445020911,0.394276250924786,0.693377095159938,0.91653641518341
MRPS23,7.40644809933977,0.0220377765905119,0.341739079299498,0.0645053455444322,0.948567850849384,0.987648233164879
VEZF1,2.69338678661227,-0.0760629359099828,0.465990971026584,-0.162833783581999,0.870649307797156,0.967413325623816
SRSF1,6.5322207765121,0.204995774731454,0.301943749844476,0.678122988909384,0.497693715808731,0.831916756134809
BZRAP1-AS1,3.55651729991825,-0.972686799369543,0.431600199085945,-2.24710246939311,0.0246334791529975,0.173520312891249
MIR142,46.9109966498319,0.134788839796969,0.160587543134569,0.839269887085504,0.401317877314572,0.761394164499783
SUPT4H1,28.6143194232449,-0.10361880548509,0.156754659391555,-0.661053502313005,0.508578002931017,0.837134023586264
MTMR4,0.966331339319401,-0.507737097137424,0.602839247438854,-0.835196059076229,0.403607328232994,NA
RAD51C,2.40123333638849,0.166775362538666,0.465940536460185,0.357484849665333,0.720728866131671,0.921662766995254
YPEL2,1.14094789213878,-0.392761920544365,0.589244547670284,-0.67076965537682,0.502367281215245,NA
CLTC,1.71264234447637,-0.476231837139575,0.532706527359805,-0.894183934336944,0.371223486586924,0.743990172346575
PTRH2,1.13623067830606,-0.260225897832817,0.562222906699856,-0.458880203122894,0.646320195835648,NA
VMP1,8.5527113049047,0.38820917251728,0.328167634999826,1.18303129040748,0.236796746662275,0.621384882567406
TUBD1,2.6528762096688,0.37487260600547,0.468484321746024,0.799521277734714,0.423988213867773,0.78001704816056
RPS6KB1,1.7859799513911,1.0568122287201,0.570752966160428,1.84715158483219,0.0647251739864677,0.317829585694745
RNFT1,7.43702611478136,-0.474522926073394,0.291738224447917,-1.62547095302977,0.104062248182522,0.419990779394802
APPBP2,3.26138964734456,-0.401348822371713,0.433340159224759,-0.928865907628696,0.352958583035497,0.733507296130618
MED13,1.93313347999956,0.140166813925653,0.497453068943311,0.281317280288317,0.778467057523793,0.943251117855734
METTL2A,1.34470753729884,0.431195576366322,0.540538266946143,0.790159672799002,0.429434524087185,NA
DCAF7,4.60522686252089,-0.0185547334184199,0.415274101089339,-0.0446473859653887,0.964388371755983,0.990737780820354
TACO1,2.85633528956317,0.177429410247824,0.472869046262309,0.37674395157334,0.706363896772656,0.917872019899102
LIMD2,79.1726744454016,-0.35910896990081,0.135376831326191,-2.65254211336881,0.00798881614522517,0.0752292096394728
CCDC47,4.97123868428099,0.565651168767233,0.354636498563139,1.59245142494444,0.111283309283987,0.434535905554651
DDX42,1.347040918867,-0.810673540114813,0.545826653699073,-1.47198901038894,0.141023845239842,NA
FTSJ3,1.13785257479393,0.0602266457474772,0.569692535784657,0.104991974657564,0.916382176819037,NA
PSMC5,16.9315973788905,-0.18154857198263,0.200603617557118,-0.905066367246301,0.365430228573662,0.742491576501798
SMARCD2,0.738371686357401,0.289921454071414,0.65004858672968,0.45403712010982,0.649802109767087,NA
CD79B,3.86089943553389,-1.10048030864325,0.432851704213578,-2.52217715438432,0.0116630954789386,0.100482053357009
ICAM2,20.9205000568862,1.0501604894577,0.225322165695532,4.65238472963813,3.28118163309853e-06,8.26418187398597e-05
ERN1,1.9480581669142,-0.622915005021831,0.503724067440618,-1.22761833229923,0.219590276716387,0.601416866095245
MILR1_ENSG00000271605,0.0305280293728902,0.00708335167592633,0.490601629230456,0.0144345705803501,0.988483278924753,NA
DDX5_ENSG00000108654,39.4556604893264,-0.4912697605372,0.179398443445348,-2.73813024642224,0.00617895992227321,0.0629177330693193
CEP95_ENSG00000258890,1.36467347446006,-0.176135909043607,0.537187725440261,-0.327223800432657,0.743498620764862,NA
GNA13,1.92910842785288,0.269020189104904,0.512313969715758,0.525868061797363,0.598979880991299,0.877499567674755
PRKCA,0.216544211401076,0.0121254358165433,0.665480734172336,0.0189713084793433,0.984863993806257,NA
HELZ,3.65932941088825,-0.0891128234627068,0.411136601587577,-0.216632366641843,0.828494859725757,0.956224092471219
PSMD12,8.22694688915954,-0.161848000056165,0.309911687096514,-0.522778689411224,0.601128271190004,0.877505019104904
PITPNC1,11.688628201469,0.00443698386938264,0.255062604138843,0.0173955990873369,0.986121020044936,0.997107385615932
NOL11,3.72800533296937,0.389009657423878,0.416225521869029,0.933524294200474,0.350549332957362,0.730808589579229
BPTF_ENSG00000171634,5.05714938604477,-0.330766371786503,0.35193681167092,-0.938535191157485,0.347969440769007,0.72991339016124
KPNA2_ENSG00000182481,3.76859702016969,0.120108058646331,0.396598587953064,0.302741799719701,0.762086640114899,0.936140542075212
AMZ2_ENSG00000196704,7.64484486629701,0.0362987797599881,0.301363189548884,0.120481070737187,0.90410207377411,0.978611663245645
ARSG_ENSG00000141337,1.23757804498287,0.48293050891338,0.586040531454204,0.822181359785327,0.410973685957854,NA
WIPI1,2.41659919904272,-0.163599084648323,0.460276852547352,-0.354045684137295,0.723304646688991,0.921988772055939
PRKAR1A,22.7037313611386,-0.225962386510069,0.18838428616451,-1.19981453476068,0.230211377985302,0.615768645180198
KCNJ2,0.0399585772398783,0.00708335167592633,0.490601629230456,0.0144345705803501,0.988483278924753,NA
FAM104A,7.5316311942705,-0.203141392315932,0.297000745945958,-0.684339663646825,0.493760706422112,0.830129252611094
RPL38,32.9921888128525,0.0717766209571974,0.170594233234862,0.420750122865841,0.67393755629485,0.909672114183137
CD300A,19.6452436266768,-0.813929721199707,0.231082068004596,-3.52236642511606,0.00042771251961846,0.0067208319500644
CD300C,0.453937080842823,-0.174477306548902,0.666309686772955,-0.266175812183882,0.790103810351303,NA
CD300E,1.36338728546601,0.403154404765341,0.633890727696197,0.693975397641413,0.487697637806979,NA
CD300LF,0,NA,NA,NA,NA,NA
SLC9A3R1,11.9346154381135,-0.357019054425032,0.245294227055431,-1.4545724691716,0.145787657335291,0.497359836819813
NAT9,1.66373328396328,-0.394845705278921,0.558678700763824,-0.709919187122736,0.477754251345123,0.819118435171436
ICT1,3.74199571168886,0.0244002440221488,0.396561530752541,0.0615195184972474,0.950945470333257,0.987648233164879
ATP5H,19.397540543962,0.0776081552397993,0.204818525547407,0.378939945919275,0.704732459881324,0.917215665787009
ARMC7,1.50955714244639,0.112915318902047,0.5503173674721,0.203750261830417,0.838548662700796,NA
NT5C,6.28663892538709,-0.597548772614298,0.310826050778504,-1.9206465669971,0.0547762801886972,0.286053907652086
HN1,9.98353780601189,0.281453413330845,0.283181738802045,0.993569386616751,0.320432554316947,0.706939214553398
SUMO2,39.6268836980243,-0.0677509096636106,0.136591131865324,-0.49597527907416,0.619911852522763,0.884288125963148
NUP85,0.936221096806566,-1.10560441763749,0.596826758614281,-1.82352038148729,0.0682246130327582,NA
MRPS7,12.4829443606757,-0.608961616122787,0.262900864377663,-2.31602315926961,0.0205570042264244,0.152197004568071
MIF4GD,10.2627427262369,-0.621132581276166,0.258592936646864,-2.39976630962432,0.016405541557222,0.128701595763363
SLC25A19,1.71379838178631,-0.204206855769061,0.532063825516677,-0.385527332204234,0.699846760338253,0.917214265271815
GRB2,12.0896265408091,0.512507389451589,0.251454040293047,2.03732963232659,0.0416170202608198,0.242710875179453
TSEN54,7.25147027741834,-0.856476356304144,0.309740353684566,-2.76085507317058,0.00576502526055399,0.0593876574785835
SMIM5,0.351629247726738,-0.110323821729636,0.663223025319053,-0.183688333110273,0.854257962000984,NA
SAP30BP,9.23531565514851,0.0876622143020098,0.264801975759272,0.330879544638606,0.740735473523848,0.928435782623912
GALK1,2.11231199162784,-0.907412594901427,0.478252465524221,-1.88556796394783,0.0593531978437323,0.30157841066545
H3F3B,597.397796704852,0.595069417166718,0.0853357357767412,6.97318091636274,3.09853736216142e-12,1.524364549011e-10
UNK,3.05681958744482,0.167638882745686,0.400670306641035,0.417721092735608,0.676151048748798,0.910296450284827
WBP2,7.33338007785275,-0.381452032396555,0.332235119309938,-1.14908706156329,0.250520082946358,0.637888375915282
TEN1,3.19543353596789,-0.422142608237078,0.407547075523151,-1.03618954247456,0.300113724513839,0.68519316618004
SRP68,4.65196490766156,-0.047254707984326,0.378763588035888,-0.124744525725692,0.900725806258638,0.978080021005004
EXOC7,5.5373176651974,0.399292386464319,0.367534750319988,1.08444017134057,0.278169680526165,0.666197033835439
UBALD2,3.79470226903251,0.773549059944842,0.4009728002675,1.92193259462426,0.0546142398361943,0.285660890830442
PRPSAP1,5.72151722250961,0.363948403063182,0.34968454187118,1.04136295946571,0.297707126632535,0.682845452981989
SPHK1,3.0303778107527,1.78682995025457,0.474859993877746,3.63139788605622,0.000281890192913419,0.00471069833490869
RHBDF2,5.36335385995132,-0.00840862221080866,0.358765889901315,-0.0234488902339745,0.981292206944808,0.995190338394101
ST6GALNAC1,0.1308760720752,0.0291410424362591,0.571401230863546,0.0607344760668699,0.95157067441963,NA
JMJD6,10.401983344412,-0.215657019722802,0.299034294564239,-0.721686520491762,0.47048723133556,0.815289570375014
METTL23,9.38377118123557,0.107334478201042,0.278201490251641,0.385688695019443,0.699727236334837,0.917214265271815
SRSF2,26.7562364040569,-0.522613208323465,0.184534627968762,-2.83147867187808,0.00463333235287751,0.0502883742382416
MFSD11,3.71291747766766,0.208163484608568,0.469608271078541,0.446695768764363,0.655094737311119,0.901783132114469
SEC14L1,2.78190141711548,-0.170631293202508,0.464296435482968,-0.367567519725679,0.713195737342022,0.919261107093145
SEPT9_ENSG00000184640,7.54678496105405,-1.3544539957526,0.306194394220313,-4.40005192533419,1.08224978189758e-05,0.000254328698745932
TNRC6C,2.09679431457369,-0.337650940256501,0.493719317128975,-0.684780548669078,0.493482411479893,0.829933359115066
TMC6,4.01771706962175,-1.14156672019345,0.399149298411996,-2.8441943744307,0.00445238773079567,0.049134945523917
TMC8,1.1085464252725,-0.528134736949196,0.591199594707716,-0.886034990388876,0.375598672385241,NA
SYNGR2,6.26424977159478,-0.0992001156029575,0.316138833764185,-0.313504513677573,0.753897391997113,0.932921449076858
SOCS3,4.9388781374507,1.37587122407978,0.461638039353697,2.96104807615934,0.00306594076552338,0.0362064230348995
PGS1,2.20491913213739,-0.178025697280695,0.509644117855341,-0.352203198291106,0.72468587854635,0.922654778585273
CYTH1,7.30982828475177,-0.277771628863233,0.318239379261879,-0.872180626178535,0.383109846920037,0.751430869465124
USP36,0.828520727175289,-0.22113191578715,0.610088921913859,-0.358751691367271,0.71978085478195,NA
LGALS3BP,3.14327159734306,1.98726878624808,0.535038677319839,3.56836819015056,0.000359211486118813,0.00578253597226126
CANT1,1.87012697547452,0.249997716717706,0.480967239779502,0.518850740539124,0.603864830949622,0.877505019104904
GAA,0.270417969482256,-0.147619701756099,0.66714198721593,-0.225405094270066,0.821664148957703,NA
EIF4A3,13.3132961839918,0.121221359770362,0.254826917766233,0.475907480925041,0.634140292340896,0.892211981511767
SLC26A11,1.1377815356742,0.870901724151852,0.578661693939291,1.49207152034898,0.135680396996206,NA
RNF213,30.8877394925841,2.32713202754801,0.202242818133933,11.4281307840945,3.02551514909046e-30,4.30440857967897e-28
ENDOV,2.73796373078812,-0.170464719711071,0.450063388300313,-0.378831048048092,0.704813329807837,0.917215665787009
CHMP6,4.24731191749945,-0.430883325937424,0.39089881540211,-1.10342056681514,0.269844569246815,0.65731689611996
ENTHD2,1.64005000375685,-0.208748911589935,0.496888014958542,-0.419375389211399,0.674941807535338,0.909672114183137
C17orf89,10.006977477608,-0.162964018834372,0.287914084356038,-0.566717793496666,0.570905929848605,0.867667104563803
SLC38A10,2.68202927834393,-0.281225054844332,0.439419799216198,-0.639377056581456,0.52257767089794,0.84523873235709
ACTG1_ENSG00000184009,102.044782470716,0.0916167364332546,0.152011920808326,0.60276363581252,0.546665941144071,0.853145895522196
OXLD1,6.75998195485153,-0.511188078589578,0.302484519691252,-1.68919361481236,0.0911823322417279,0.388842690290207
CCDC137,2.73288351429723,-0.693849752673807,0.446766193197663,-1.54946168999945,0.121270774006019,0.452513534890417
ARL16,4.84027562809975,-0.0197091866322438,0.371045233287191,-0.0532386902090389,0.957541728982593,0.988997568811304
HGS,3.10878249164997,-0.350766750332774,0.490732037956533,-0.720855700745665,0.470998300782694,0.815289570375014
MRPL12,2.85860368853349,-0.636064381813543,0.492329922680091,-1.2970760052978,0.194605036570427,0.573355982723231
P4HB,16.278547316115,-0.0171452927288925,0.206677894261143,-0.0829704640377823,0.933875024897747,0.987648233164879
ARHGDIA,14.3726024925528,0.361847988175843,0.214424276830968,1.68653283826938,0.091693215624099,0.390196513375309
ANAPC11,20.2497497172159,-0.0550886848225074,0.187603060049063,-0.293593013123305,0.76906891533798,0.939299018640169
PCYT2,2.87423999384305,-0.255000962421151,0.458485276803408,-0.557467235835707,0.577208238684847,0.868555268870245
SIRT7,6.65036232825526,0.168135130547691,0.311223555953733,0.539518406413759,0.589529199884335,0.876264899235887
MAFG,0.950045517540687,-0.0798017428094962,0.640513224002189,-0.130782632696971,0.895947262082637,NA
PYCR1,0.0399585772398783,0.00708335167592633,0.490601629230456,0.0144345705803501,0.988483278924753,NA
ASPSCR1,1.74151425936461,-0.400324535455261,0.528635418532862,-0.756783557446633,0.449179545226751,0.799892126547232
STRA13,4.58977283989651,-0.356277439638999,0.353725445362157,-1.00623479561037,0.314302637829558,0.7028303657143
DCXR,15.9957216114276,-0.506500628545156,0.214596617120201,-2.35971971941546,0.0182887469616041,0.139524585515774
GPS1,4.46299540233965,-0.751497628852767,0.365808843166817,-2.05170793735596,0.0401980549035433,0.241005194774775
CCDC57,2.14291942723319,-0.563176847517223,0.497192818412134,-1.13560371899666,0.256122451708849,0.643853192834471
SLC16A3,21.4905500228681,-0.362852491292256,0.258035981068472,-1.4059904414844,0.159726963141191,0.519014033318042
CSNK1D,11.1170162433813,0.0588358745366312,0.294252338307467,0.200171502242182,0.841346454025163,0.95986749419997
CD7,122.405237666437,-0.180545045725792,0.133994408966017,-1.34744457208368,0.177837093576766,0.548220338448973
SECTM1,0,NA,NA,NA,NA,NA
OGFOD3,1.78137836798877,-0.733862952990177,0.538197228947774,-1.35402408270214,0.175728694577436,0.544000557575843
HEXDC,2.85483790287492,0.231767275727256,0.432641779952972,0.534793746890396,0.592792487505896,0.876264899235887
C17orf62,8.76761395730249,-0.151834781461556,0.263132164595615,-0.576949688850907,0.563973442769089,0.862630352249697
NARF,9.40237201752897,-0.494339351383922,0.271921409128844,-1.81863875059369,0.0689665618021992,0.327131982717451
WDR45B,3.46134573465326,0.211331275752886,0.428283907633013,0.49448717108451,0.620962164353818,0.884288125963148
FN3KRP,4.7672861010509,-0.180899779109957,0.350650891624342,-0.515739745596223,0.606036191081559,0.877703949235001
TBCD,8.09023245085992,-0.46939690251001,0.307663273199175,-1.52579114442633,0.127061886821224,0.463195133121139
USP14,5.00899064650384,0.275859487132551,0.396906514795656,0.695697129440548,0.486618523615897,0.825568711766102
THOC1,3.59417854158233,-0.247187312312119,0.407833193192068,-0.606766431141498,0.544005928701712,0.853145895522196
ENOSF1,1.56657142855336,-1.0235288072573,0.585423071140761,-1.74573871909309,0.0808563637694429,NA
METTL4,1.48177601059182,0.753959259023566,0.548107698693779,1.3629553426374,0.172896585240241,NA
SMCHD1,19.1557571748726,1.83500232283818,0.249850689712843,7.30198026268871,2.83562874492697e-13,1.53884017662841e-11
EMILIN2,0.692755595064871,-0.736927810659887,0.663928552856252,-1.15668278272769,0.247401986504603,NA
LPIN2,8.15878017192773,2.00485926029619,0.334621609810183,5.88013827962531,4.09923883116172e-09,1.56365168168372e-07
MYL12A,156.577745616206,1.24681692519764,0.0950479673130105,13.113630125934,2.7510832027337e-39,5.79268079167608e-37
MYL12B,131.370724106305,0.0951526667973906,0.105230883267799,0.904201994893459,0.365888302590935,0.742491576501798
TGIF1,22.9006870146475,0.168025653904623,0.271863593225144,0.618361170469187,0.536337287580398,0.850532978569968
DLGAP1-AS1,7.97824811212003,-0.414959812253097,0.266623026045565,-1.55587331256967,0.119738220581823,0.45150572574693
LINC00667,5.55882472990767,0.245331752581049,0.340557882612895,0.71977238485756,0.471665150258463,0.815289570375014
EPB41L3,0.173615694291563,-0.0902278850806135,0.597202731764339,-0.163755423560482,0.869923684709097,NA
NDUFV2,27.9696358410543,0.0779330106472037,0.15348360417664,0.507719431882898,0.611650118900277,0.880807752308066
ANKRD12,36.3957013691437,0.00865769788408705,0.152887386490967,0.0566224770112555,0.954845929201138,0.988582238095375
RALBP1,6.68155525562853,-0.321512917271404,0.296530279891482,-1.08422434132202,0.27826534161049,0.666197033835439
RAB31,1.41542704387123,1.18233337171318,0.564438682298993,2.06083707714918,0.0393185859204297,NA
VAPA,24.8539885494943,-0.228534911878215,0.202690069917929,-1.12798201073887,0.259327516507919,0.64819565379757
NAPG,2.42369052333979,1.05135003276389,0.483024386624481,2.14722440155203,0.0317754209586924,0.205486260352035
CHMP1B,11.8787694160966,-0.451758438888286,0.286175811833559,-1.57816502899893,0.114527701975188,0.438963294430531
MPPE1,2.54544471234053,-0.387111279641434,0.441174617289111,-0.876075181684517,0.380989163815861,0.751133692257189
AFG3L2,2.36280879299901,-0.767791680501836,0.463421654914285,-1.65276084560107,0.0983795456568458,0.405854175813194
PSMG2,15.3041952815387,0.0125582269915716,0.219532659834706,0.0572014298019481,0.954384739209932,0.988582238095375
PTPN2,11.3626902158276,0.725878973320035,0.255542767184918,2.83642303940108,0.00456219721509878,0.0497620120114987
SEH1L,0.705658697258995,-0.183890380061385,0.668570237371102,-0.311677094601496,0.755285937289432,NA
LDLRAD4,7.62194377026262,0.0964885574742014,0.394945278447118,0.244570496945627,0.806789010411564,0.949213477887927
FAM210A,2.01456418950212,-0.474852276714895,0.493015007288362,-0.962086322440155,0.336006244050076,0.718706569963266
RNMT,2.92217952384787,0.40397344829962,0.430522037171394,0.937418759717968,0.348543194865192,0.72991339016124
ROCK1,8.78306867218509,-0.106394522169065,0.27531952160806,-0.386489571191864,0.699134124745372,0.917214265271815
ESCO1,5.0960637536512,-0.368706222020988,0.350795649928094,-1.05217045554918,0.292721351828709,0.678711140652163
SNRPD1,13.4429719071897,0.0555935510125109,0.251204232414524,0.221362611124449,0.824810102290708,0.95611303452249
ABHD3,8.00686942199679,0.0615712695795826,0.27499607900893,0.223802252078027,0.822911177511089,0.954958258736473
RIOK3,3.11475368188884,-0.157680178872702,0.423700233731686,-0.371898824374929,0.709968180470228,0.919123640580385
C18orf8,1.77394399015127,0.0418344444476454,0.506386146930488,0.0822714593910045,0.934430849569219,0.987648233164879
NPC1,1.29672676772609,-0.323930167653063,0.5661802892343,-0.575005219723102,0.565287766849207,NA
TTC39C,9.58878788195866,-0.0945329306553905,0.265447290508569,-0.356141444167721,0.721734641321128,0.921801140594676
OSBPL1A,0,NA,NA,NA,NA,NA
SS18,2.28353222312835,0.369668034593876,0.494798921273654,0.746129296952864,0.455589313157173,0.805532093333474
TAF4B,0.141509383403975,0.116329665361748,0.56544655341752,0.197909257116437,0.843116061302636,NA
RNF125,6.41074291419867,-0.591638051396682,0.333891969457761,-1.771166518326,0.0765330151919558,0.350931874538724
RNF138,3.45515595022636,0.738964603026252,0.40214085672423,1.82856858934535,0.0674642618002912,0.323511119259496
MAPRE2,5.1313650274582,-0.260611449475141,0.395380895266695,-0.659509435914561,0.509568688815577,0.8375123513806
ZNF397,2.17103767340278,0.428988902383523,0.525383063639173,0.81553711288095,0.414764929853589,0.773168428452837
ZNF24,7.7032408399065,0.224671774684106,0.294410757544938,0.762363747730085,0.445842936605057,0.797702970795273
INO80C,2.54212803832883,0.239394376834995,0.453888824170077,0.527175745496397,0.598071550199133,0.877381783222986
GALNT1,2.15479635488748,-0.444034612851382,0.517078615229317,-0.852015564562249,0.39420545340122,0.758892262065204
C18orf21,4.45815766715928,-0.14797478348031,0.374752626817033,-0.394411936401274,0.693276932591627,0.91653641518341
SLC39A6,4.72889529605882,0.912109832636895,0.382987195760705,2.37166327566524,0.0177082207101076,0.135883489530621
ELP2,2.44756298886615,-0.281128657680091,0.44551257578088,-0.630261147169569,0.528523738585636,0.847822723855686
TPGS2,7.94850985236144,0.109035024246166,0.282640612440508,0.385533776376196,0.699841986895032,0.917214265271815
PIK3C3,1.63629720097552,0.823659038469165,0.519103639993263,1.5638689149817,0.117848355934671,0.44629765873389
PSTPIP2,0.49132455686461,-0.174382365547877,0.654461369332464,-0.268824514214156,0.788064727901004,NA
ATP5A1,33.8555718287554,-0.321856319045464,0.157207290789672,-2.04715796009395,0.0406425776455302,0.241197890333789
HAUS1,4.26570216605595,0.398546085158265,0.371236675008233,1.07074556185428,0.284283850361552,0.672513858962409
C18orf25,1.23135959693497,1.71922140834883,0.581539573781179,2.84123856734707,0.00449386807890104,NA
HDHD2,2.64434389884928,-0.105073739495492,0.460992302198144,-0.228718576099818,0.819087655824016,0.953693263615234
IER3IP1_ENSG00000134049,10.5550564568168,0.118906503996367,0.249445203648129,0.476416477407492,0.633777698022321,0.892211981511767
SMAD2,2.79663740068196,0.579048040180622,0.428203575894232,1.34544584894771,0.178481297452899,0.549430146077228
SMAD7,2.63956598017739,-0.275203426178005,0.428024022536255,-0.642204415035876,0.520740466743202,0.845099644435179
C18orf32,4.59928699598414,0.0505847535361484,0.375869992019967,0.134677420397426,0.892866926431661,0.97507602115385
RPL17,32.8052327607983,-0.786482255643595,0.169773881320754,-4.63133044900642,3.63323459545505e-06,9.0777745349334e-05
ACAA2,5.30298481078074,-0.671189181492813,0.347856605206745,-1.92587128982816,0.0541204471167944,0.284605428194611
MBD1,2.29229566830692,-0.154430997550865,0.48794020433385,-0.315422172216202,0.752441134417863,0.932921449076858
CXXC1,3.70037926858186,-0.649695218153416,0.383251881711292,-1.69213306908767,0.090620604509125,0.387197128357171
ME2,6.13354083866332,0.345906695052247,0.328029520328194,1.05401432625225,0.291876358142889,0.678338697246873
ELAC1,1.80643707083365,-0.441930197055505,0.503982609899811,-0.875037161391568,0.381553686149114,0.751394827043282
MBD2,0.472883157246959,0.192619624719229,0.658704534956208,0.290767759170113,0.771228944904121,NA
TCF4,1.11453713512301,0.392641792193658,0.571603810151009,0.682879679199174,0.494682875483921,NA
TXNL1,13.3520994817499,-0.212347941763662,0.246341340238252,-0.862700847996301,0.388301966038058,0.756370883005298
FECH,3.43500470964436,0.787790895905417,0.45640920182452,1.72263746134226,0.0849541061392938,0.376746768927753
NARS,9.3593535658638,-0.209807880549812,0.280244875376912,-0.749405759994754,0.453612680316547,0.803437802552592
RP11-35G9.3,0.934921338571132,0.260203780001744,0.610939256479566,0.429439845104023,0.667603162154696,NA
MALT1,1.35108921910895,-0.328487851331324,0.56422628363062,-0.578806786784267,0.562719551236721,NA
SEC11C,19.5549338406192,0.57143130259741,0.20280475680092,2.81636094592837,0.00485710638486242,0.05213201743987
LMAN1,8.89822201195651,-0.17451906504772,0.279013809793759,-0.625490887395014,0.531648927362471,0.849135698999837
PMAIP1,31.0647415858182,0.987067396010777,0.253916270000638,3.88753966378638,0.000101265444144493,0.00193138151440802
BCL2,0.280647949973976,-0.1907591793761,0.668554773912669,-0.296508647183269,0.766841664225219,NA
KDSR,1.49877019513609,0.856366464707465,0.604600103857975,1.42593917275224,0.153885900797097,NA
VPS4B,9.03986543018818,0.161573619314327,0.29729467981744,0.542992821901129,0.587134744683114,0.875426289753026
SERPINB2,0.299517136206469,-0.953947988578486,0.664422076925743,-1.47079958226897,0.141345325463009,NA
SERPINB8,1.10323308481209,-0.0226000226182635,0.569682815267862,-0.0397782265682751,0.968269935171219,NA
TMX3,1.2776460676704,0.0415523087121949,0.538189117368772,0.0771831179879869,0.93847787147437,NA
CD226,1.6993435467685,0.535781308147454,0.506401127134029,1.05270154417527,0.292477800724719,0.678711140652163
CYB5A,5.38644515091646,-0.983827630761767,0.372737322754144,-2.63272245060828,0.00847035343914463,0.0793379724264365
CNDP2,7.28111475749619,1.29347765709036,0.316907899924539,4.04987382125384,5.1245256506335e-05,0.00104556213274941
LINC00909,1.81384596624278,0.386533846687498,0.513064412449199,0.752970543659205,0.451467615078838,0.802323127022098
ZADH2,1.75801723026888,-1.148695225211,0.521587984096725,-2.17633276940642,0.0295303869240312,0.195329874600911
MBP,22.3739629403928,-0.298902386122267,0.197028092902049,-1.51734510029837,0.129179577012209,0.465435519091218
NFATC1,2.02378582577089,-0.38580969528188,0.530438253610863,-0.72996055979425,0.465414292964712,0.813176357382621
CTDP1,1.83934783894135,-0.357801979827911,0.503013285029193,-0.709092341147036,0.478267175430038,0.819530732898346
HSBP1L1,1.33603923007499,-0.66406669572036,0.554802251787775,-1.19612469136646,0.231647903432281,NA
TXNL4A,6.25841222837023,-0.37106882974517,0.34454531953781,-1.07769888480651,0.281168156322542,0.669109030235923
RBFA,0.938049849171575,-1.14167831075347,0.612212958424851,-1.82531608256233,0.0679533446119791,NA
TRIB3,0.586491368913317,0.404013712267532,0.654727029386912,0.630564343426947,0.528325419190005,NA
RBCK1,29.2196852302065,1.7621598886851,0.182486817886733,9.62129671335676,6.50064239583262e-22,6.11060385208266e-20
TBC1D20,4.1147221221218,0.516777081055664,0.409378642527761,1.26151787498364,0.207122323978126,0.588424180191396
CSNK2A1,2.88252186444493,-0.706090179181602,0.433709270219203,-1.62006854964062,0.105217552430412,0.423120852554385
FAM110A,3.58254448413301,-0.193120550675777,0.398885644126403,-0.483876670798546,0.628473397905833,0.890386931883229
PSMF1,8.10125073151137,0.427155277732762,0.276204742562787,1.54446942038132,0.122474653819477,0.454883810677607
FKBP1A,22.2829694346334,-0.277503702954682,0.174990509611471,-1.58589481539658,0.112763172125736,0.436780969882173
NSFL1C,9.68514336442739,-0.388897828395532,0.259113668044365,-1.50052546516995,0.133478342201413,0.475070989417334
SIRPB1,0.0544577350493327,-0.159476407343064,0.490706495602483,-0.307312443127421,0.758605565408027,NA
SIRPA,0.0931100579121005,-0.0677712653520738,0.542281175622899,-0.137547541482312,0.890598017145178,NA
SNRPB,27.1048102554556,0.06286180853833,0.188345904963201,0.333734139621797,0.738580185437414,0.928220942965329
NOP56,6.64906442267152,0.000362931756803269,0.357302482907711,0.00101374623215979,0.999191147671328,0.999380999684946
IDH3B,9.62717706090818,-0.707980287909155,0.26560094941879,-2.66397287266411,0.00772237898783573,0.0735593235939049
VPS16,2.36427043547688,-0.987999422099686,0.482837662422821,-2.03464734754015,0.0418863696192527,0.243097959951209
PTPRA,9.91505987297668,0.112379680421676,0.279043529877433,0.402697476778185,0.687170790367846,0.914504337162199
MRPS26,8.54775480482737,-0.867839183772148,0.300474114394608,-2.88305058076943,0.00393844194774736,0.0442990564379105
AVP,0.0833428209764625,0.104901741536224,0.491165501285414,0.205640427018564,0.837071796163052,NA
UBOX5,0.59511942216613,-0.486906081761694,0.651750852652082,-0.763368971538682,0.445243379287253,NA
FASTKD5,1.66392223558142,0.204968879416129,0.507708128036108,0.402196106957077,0.687539707086216,0.914504337162199
DDRGK1,9.65995535259347,-0.326383892461651,0.253632921539045,-1.28666204811817,0.198212106618921,0.578375016209534
ITPA,5.99510121747804,-0.0441902906117357,0.380019789721974,-0.116359839713332,0.907367362398774,0.979036531336478
C20orf194,0.199157649904141,-0.362061618949583,0.63317178489468,-0.634355232818829,0.525849018290489,NA
SIGLEC1,0.0399585772398783,0.00708335167592633,0.490601629230456,0.0144345705803501,0.988483278924753,NA
C20orf27,1.396240546852,-0.717418336525722,0.55917320683957,-1.27220614142833,0.203299886131906,NA
CDC25B,1.961818287237,0.214578106477873,0.48290512982969,0.443308831908435,0.657542368440798,0.903311659041397
PANK2,8.76845075698366,0.542946260141992,0.318106460249846,1.70505988272842,0.0881832566376803,0.383833725681168
RNF24,1.31899481195937,0.614457434066309,0.597038547881903,1.05045995306174,0.293506693826923,NA
SMOX,0.214558199546943,-0.141446601348252,0.657154173186188,-0.238463803005246,0.81152138665826,NA
PRNP,10.7245189813861,0.686263105727168,0.316185756382993,2.16889017825091,0.0300910225947999,0.19725920664885
RASSF2,0.493473473148415,-0.940535778342765,0.65913246806807,-1.46411203746254,0.14316333880034,NA
TMEM230,17.6682434230131,-0.152830254564662,0.210965063400649,-0.724303978145172,0.468879135237871,0.815289570375014
PCNA,3.8554719476139,-0.192364460144463,0.375688293119215,-0.511047647366832,0.609317693244611,0.879475825949995
CDS2,3.20634021540171,-0.0926047278413447,0.420218835825932,-0.220023666554349,0.825852723061112,0.956224092471219
GPCPD1,4.0677455292304,0.314240313533617,0.387979725420444,0.808907062220329,0.418568606393949,0.774750278942198
C20orf196,1.78018330796548,0.0525732172989485,0.546759540505871,0.0962779054393208,0.923299858462426,0.983880196974474
TRMT6,2.01852322847499,-1.3538764422434,0.513701790032756,-2.59458105834665,0.00947062788601578,0.0859803261088274
CRLS1,2.71897698610195,-0.44295574579824,0.558061294092198,-0.809730857597473,0.418094878914479,0.774724032066292
TMX4,5.83860322344181,-0.374712670241075,0.360138958728187,-1.03905062474388,0.29878119247138,0.683401390302354
MKKS,7.77545375607511,-0.00844985088181737,0.335356774644036,-0.0252303671315985,0.97987121519317,0.994845147376504
ESF1,2.8284879623479,-0.0327879308930598,0.42492442127543,-0.077021231875969,0.938606654542878,0.987648233164879
SNRPB2,16.5063478907059,0.458550922956974,0.211084365593882,2.17160813233737,0.0298852330964974,0.196644833774953
DSTN,24.8573225263971,-0.453490256661403,0.177111810923069,-2.56059624152601,0.0104492716895717,0.0930710087544934
RRBP1,3.34637647023617,-0.0277492220856739,0.425661262984069,-0.0652570077114901,0.947969372219972,0.987648233164879
SNX5,6.19585668377239,-0.571601524300832,0.354688840901013,-1.61188065321302,0.106987912952686,0.426648361835849
MGME1,2.33266466583842,0.318747040424471,0.538040849397787,0.592409912874797,0.553576129932957,0.855401348304572
PET117,2.14854956586791,-0.497790181616237,0.46688789133809,-1.06218624424865,0.288151143339721,0.674745381912941
SEC23B,4.73859521942979,-0.185792962284592,0.359753798154212,-0.51551061612166,0.606196253077861,0.877703949235001
LINC00493,11.1281302944332,0.308516989323872,0.259110597830172,1.19056223610989,0.233825484124946,0.619027464768111
DTD1,3.44650088681411,-0.63830737469276,0.446169446757562,-1.430107549383,0.152686153795334,0.509140868166487
RIN2,0.130874639260549,-0.192189408681896,0.612652152887547,-0.331649602369602,0.740153860101722,NA
NAA20,16.1078498080523,-0.304636214454291,0.207615553024188,-1.46720158653199,0.14232122548351,0.49034755367722
CRNKL1,3.01331253747213,-0.488390526685103,0.417586146879806,-1.16693100583539,0.243238233286216,0.628978439967429
XRN2,8.84585597539862,-0.0256572589851551,0.305415766327613,-0.0840309740916635,0.93303180508883,0.987351943170534
THBD,0,NA,NA,NA,NA,NA
NXT1,8.3806284495761,-0.353557256731287,0.275981886829652,-1.28137973631616,0.200060318126664,0.580230035602621
CST3,5.72803403866663,0.651133830868384,0.371234979202604,1.74722644823401,0.0805980656811983,0.364044120265191
CST7,152.793939140393,-0.435218462532314,0.120321728783463,-3.61703158124603,0.000298000956298458,0.00493294664765749
APMAP,58.4823914809025,-0.53308605238532,0.129377923382131,-4.12016351586828,3.7860361120845e-05,0.000790860876746539
ACSS1,3.20591760121373,-0.622450596522981,0.466762598399787,-1.3352022787877,0.181810151247018,0.556100311542301
ENTPD6,0.4592324830853,0.188260316150079,0.650228294966701,0.284003624672318,0.776407602884956,NA
ABHD12,3.04993198868053,-1.10746230550281,0.430303296521856,-2.5567805212644,0.0105645850872591,0.0935894297295295
FRG1B,3.97116086696286,-0.161556522836851,0.393171890686783,-0.41129204582438,0.680858401375632,0.912201228007465
HM13,14.6275188904448,1.15690359116817,0.298922825485786,3.85916142733658,0.000113776766657501,0.00213900321316102
BCL2L1,1.29369661653597,-0.369432449126707,0.581501839476022,-0.628349967839226,0.529774704913614,NA
PDRG1,3.62167507449472,0.0279454954186294,0.387465278462604,0.0721475370127928,0.942484495700798,0.987648233164879
HCK,0.110445183852647,0.174058833817848,0.555786034894182,0.328623682434609,0.742440145404824,NA
TM9SF4,1.46816548953656,-0.30359875905763,0.520375535766456,-0.582473448644912,0.560247820826535,NA
ASXL1,1.76696815587802,-1.02996303018612,0.550418016612132,-1.86710512331819,0.0618869091123663,0.310259704349996
COMMD7,12.8847973673647,-0.138704968688865,0.280866731244943,-0.493784444966372,0.621458419776463,0.884288125963148
MAPRE1,13.2993574131785,0.26834599612554,0.250764017370434,1.07023117148925,0.284515266700092,0.672513858962409
CDK5RAP1,4.59622131215103,0.504874271759221,0.399419260890786,1.26465727184931,0.205994213056212,0.587407116754009
CBFA2T2,3.29532451610062,-0.066775108302257,0.401315361323811,-0.166391872642697,0.867848569492655,0.967413325623816
CHMP4B,9.47551347817642,-0.0264985746624492,0.307384648381299,-0.0862976356745632,0.931229817924595,0.986912373979277
RALY,15.3195521838995,0.108341508410306,0.213342201963432,0.507764264227987,0.611618673974655,0.880807752308066
EIF2S2,17.9902433398774,0.172921840071317,0.211215329358849,0.818824342838088,0.412886640247768,0.771834924401753
AHCY,0.976924655185294,0.251904254232916,0.639380423804514,0.392342848279273,0.694804908004592,NA
DYNLRB1,19.2946451627125,-0.192682204066818,0.192473196699293,-1.00111196884582,0.316772679239002,0.704241805881064
MAP1LC3A,2.6268581049112,-0.143516244513098,0.474913553270005,-0.30122698005901,0.763241417598616,0.936247661575451
GSS,3.18116696704886,0.690547014864266,0.501810272591962,1.37486633460258,0.169172888063002,0.534572554693881
TRPC4AP,3.76671231488845,0.484841035804603,0.405060420580004,1.19486284544817,0.232140621403105,0.618348143190213
EDEM2,2.65009989924055,-0.176394803469267,0.458125264456844,-0.382682650379135,0.701955080002496,0.917215665787009
PROCR,0.590818326941442,-0.382416930504887,0.647952819079627,-0.594306479143579,0.552307145907865,NA
MMP24-AS1,7.94030969780816,-0.63703573522928,0.293924832814426,-2.16700392585602,0.0302345547754349,0.19795360241031
EIF6,28.2080440513227,-0.0756901451969525,0.175527743505038,-0.431281586499922,0.666263637394863,0.908050586742816
UQCC1,1.5662687229532,-0.465583658225265,0.550193738301074,-0.849709920468584,0.395486381578427,NA
ERGIC3,10.4641945475099,-0.313329021423058,0.274841587160062,-1.13965831768233,0.254428679027377,0.641042302285181
CPNE1,10.015209375903,0.186778274423921,0.31899301362275,0.58596533158967,0.557898812427488,0.859346358577324
ROMO1,5.11461149065172,-0.788473289866655,0.369097168400357,-2.13522883213332,0.0327423228886016,0.208915863861332
RBM39,33.423794574963,-0.180819619427771,0.15166272830114,-1.19231791275593,0.233136613424586,0.618726103371022
PHF20,3.68377328574012,-0.454437930059561,0.412714932750958,-1.09961295520199,0.271500794895921,0.657765547730962
SCAND1,20.9943404489225,0.360125135372467,0.195217643281842,1.84452044503241,0.0651073290531352,0.318517639531323
LINC00657,3.22415583753775,-0.691235100346257,0.446818341458309,-1.55091533001621,0.120921976127868,0.452464349258858
AAR2,1.35709224349283,-0.0423367447085279,0.540952014676647,-0.0777977221289136,0.9379889584368,NA
DLGAP4_ENSG00000080845,0.937913274613459,-0.20365390124182,0.597778565499554,-0.338071800352296,0.735309080759584,NA
MYL9,0.486761422390672,-0.586746095731093,0.665696149083426,-0.896204704913547,0.370143443332365,NA
TGIF2,2.44342160736746,-0.15291500034127,0.492955678479901,-0.312196222415676,0.754891402816352,0.932977552597736
C20orf24,24.5922045139681,-0.28904257123577,0.194764504158081,-1.48416528538702,0.137765076866276,0.483141482094655
SLA2,24.1635482940367,0.0575186639182381,0.197683711094341,0.291032214844983,0.771026681485612,0.940212627573424
NDRG3,3.33174172422927,-0.518038266644413,0.440647809016024,-1.17368261667529,0.240522175590123,0.625994977863386
SAMHD1,6.59091833595907,1.42020061537168,0.355971481165063,3.94979636743364,7.82177085852935e-05,0.00153286804499372
RPN2,18.6896410392929,-0.165572775724384,0.193840055648344,-0.854029263843217,0.393088775128489,0.758892262065204
MANBAL,1.91014594599543,-0.31879414533339,0.49755570794216,-0.64131226625248,0.521319821305436,0.845099644435179
SRC,0.197545399968005,-0.383630508535626,0.608172834737398,-0.616767072519054,0.537388373551122,NA
BLCAP,5.99973802056741,-0.329262812092979,0.326275543839615,-1.00950733808448,0.312731384172296,0.700816520341834
CTNNBL1,8.72226244038456,0.110026626562508,0.294919385679091,0.373305888724045,0.708920794162313,0.918699916413199
TTI1,1.54033122826047,-0.0930759550775732,0.560698309000971,-0.167313670662627,0.867123248125655,NA
ACTR5,1.13195923785514,-1.34327375260366,0.606524780550088,-2.18969357510301,0.0285464673581727,NA
MAFB,0.503181246462711,0.19346439916885,0.656411882821921,0.288330079920899,0.773094083923312,NA
TOP1,7.9830942894602,0.519593661522855,0.308689785595217,1.68307411972384,0.0923607438125364,0.391122292361439
CHD6,2.62069212250593,-0.279504922972487,0.442438342365592,-0.631239683063024,0.527883818662433,0.847822723855686
SRSF6,2.1238440098087,-0.778132720071603,0.497581155365965,-1.54985867295745,0.121175440753891,0.452513534890417
IFT52,3.93288570053131,0.51047080461552,0.447175144865087,1.14582943318154,0.251865734083864,0.63894998757468
OSER1,10.3328395619299,0.0171432195802472,0.26615182263522,0.0644274513089313,0.948629872444969,0.987648233164879
OSER1-AS1,1.22342085200823,-0.929267440406542,0.554919769843061,-1.65422827616855,0.0980811396767664,NA
TTPAL,3.75541042379847,0.344763569355372,0.428510355871065,0.80578749044563,0.420365392252411,0.776694778805438
SERINC3,7.47528287362859,-0.337675306542727,0.281908639177178,-1.19757097036734,0.231084083094514,0.617162157995697
PKIG,1.01051821982478,-0.13324278842353,0.620714814760061,-0.219346777907127,0.826379925500587,NA
ADA,14.647312183112,-0.0649253662765175,0.251802441864907,-0.257811196853056,0.796552622699577,0.947331951222146
RP11-445H22.3,0.74696129411036,1.81963279495159,0.650135233555108,2.80417960137666,0.00504447965278507,NA
YWHAB,42.7230344897716,0.23118787223919,0.134909497058086,1.7135514489316,0.0866111367571753,0.37953672035752
TOMM34,1.00597167999311,-0.85152484003892,0.63154974944058,-1.36170552576607,0.173290836694188,NA
STK4,26.6739068794853,0.0023278378097939,0.18203340531743,0.0127888313652479,0.989796267047625,0.998000298526934
SYS1,4.21186096523508,-0.0502597976945145,0.405405173750476,-0.123670591103478,0.901576097766657,0.97813202362813
PIGT,5.20996695450218,-0.44234469208645,0.339835736069376,-1.3005733799778,0.193404523766683,0.570974513506364
DNTTIP1,5.36207810852926,-0.369797412715565,0.344043892807709,-1.07510689125621,0.282326874521501,0.670351225747037
ACOT8,2.81678271385096,-0.0740086587360105,0.426225160391078,-0.17369179872101,0.862107683227032,0.96619977318802
CTSA,7.79246002242684,-1.28303391877093,0.359651713313523,-3.55560846582012,0.00037710532506528,0.00599722788865146
PCIF1,1.23144827054776,-0.409567307755402,0.560427402295894,-0.725849720089354,0.46793090278238,NA
MMP9,1.14607191493175,-0.860701228035491,0.621435863274014,-1.38343005463973,0.166533040400446,NA
CD40,1.74093781606893,0.42357195262463,0.517752171691019,0.811119807983907,0.41729687170411,0.774724032066292
SLC35C2,3.44635014302016,-0.374586826652251,0.414931457518352,-0.903018062401883,0.366516308698141,0.742491576501798
ELMO2,0.968846621626976,0.300834489551947,0.610732475799475,0.489048194011534,0.624807577283669,NA
TP53RK,7.01367115513772,-0.156251541060333,0.303839619446118,-0.514089296380034,0.60718956049712,0.878089518257374
NCOA3,1.7571223454371,0.597556961485425,0.4989883633985,1.18777232515404,0.234923120426325,0.61986732126525
PREX1,2.8350989531745,-0.479691245870693,0.477557623862353,-1.00562142679902,0.314597712773091,0.7028303657143
CSE1L,0.614298671725633,-0.370321164253255,0.663471243511025,-0.552930755485511,0.580310826523532,NA
STAU1,4.2846657125451,0.323187893266745,0.397704005023746,0.80977844112929,0.418067525425668,0.774724032066292
DDX27,5.07208571831003,-1.20889395519926,0.362299245761481,-3.3195264220911,0.000901702712845006,0.0131483741839781
ZNFX1,5.29423524458848,2.3092656678522,0.406972693895723,5.45289871470546,4.9555297712689e-08,1.66152284815029e-06
ZFAS1,25.9459646172659,0.293991489391678,0.216499224362665,1.35862188595549,0.174266436303322,0.543125234281046
B4GALT5,1.37463785322333,0.348414613191384,0.578088890246908,0.60386356012678,0.545934357457668,NA
RNF114,10.5505032944706,0.416810747995446,0.270356119791205,1.54206491988423,0.123057818529802,0.455190166777016
TMEM189,1.01254601848653,0.132023966771412,0.607518942871039,0.215770040787019,0.82916700221704,NA
CEBPB,20.0263370628933,0.167545240763167,0.198299479958063,0.845067421653526,0.398073196537069,0.759911380268678
RP11-290F20.3,0.915587782988168,0.167361595311966,0.639980012431467,0.272681674518619,0.785097922669705,NA
PTPN1,5.64547589053751,0.394273340274336,0.34392963112104,1.1461494414112,0.251733323250034,0.63894998757468
BCAS4,1.37831890285392,-1.06284887732107,0.567282574319139,-1.83741650853004,0.0661484315785873,NA
DPM1,13.6704652466393,-0.110952700080084,0.23628146746916,-0.469723720953675,0.638552418123021,0.893973385372229
NFATC2,4.98340544498097,0.373984054657637,0.3443680174052,1.08570764934515,0.277608355366029,0.665450993919298
TSHZ2,1.16203392658732,0.848957915515743,0.610595817653423,1.38055845046733,0.16741476609227,NA
ZNF217,2.13714442379148,-0.138047310371787,0.482217818692939,-0.28684722276759,0.774229303035688,0.941441916599155
PFDN4,3.66577635103848,0.0639352870248033,0.3941582284593,0.162103733136337,0.871224166463209,0.967740876189561
FAM210B,1.47027793990683,-0.564622680512137,0.638883392871425,-0.874537855885546,0.381825413777185,NA
CSTF1,4.07307543782775,-1.00316589902657,0.391131107490759,-2.55634263505071,0.0105778904109236,0.0935894297295295
RTFDC1,10.111231691507,-0.0944856319702114,0.258405955917045,-0.365558732690163,0.714694373271556,0.91939178418902
RAE1,5.8394777294396,-0.236066110996396,0.327738346676226,-0.719856194981102,0.471613541254771,0.815289570375014
RBM38,2.64636345784417,0.652204745128148,0.451790093822875,1.43544913549499,0.151159152853004,0.508110971020571
ZBP1,13.354002256049,1.68003586190434,0.274248954067753,6.08022492003717,1.20014078815761e-09,5.01392151496959e-08
PMEPA1,3.69034895769096,-0.123778586358735,0.403818971733338,-0.30669405669818,0.759076253988451,0.934295191912836
RAB22A,2.80062251229912,-0.386933916410432,0.427186539697185,-0.904905197603111,0.365515613237867,0.742491576501798
VAPB,1.46999354362981,-0.126333315451845,0.595854623405191,-0.2164948345795,0.828602051104224,NA
STX16,2.34548076682895,0.567806349092275,0.476668138791734,1.18583527078807,0.235687359614648,0.620548943185676
GNAS,20.6518490369737,-0.166366975300431,0.193365117705203,-0.860614718358278,0.389450276885583,0.757125460321857
NELFCD,4.98173020498899,-0.467121929644321,0.337429065240418,-1.38311052673305,0.16663097842906,0.530587506608924
CTSZ,0.975464654578394,0.121624488214146,0.598990613057417,0.203706635457647,0.838582756579377,NA
TUBB1,1.44127694687395,-0.285862003193817,0.553784857557024,-0.514268599995052,0.607064211829755,NA
ATP5E,62.4548421715548,0.0117384805404127,0.13880660365923,0.0845672149501005,0.932605464347135,0.987351943170534
SLMO2,6.61820723957136,-0.250859634430861,0.337274331174863,-0.744308151927152,0.456690070625677,0.806175899320444
FAM217B,1.45707175803674,-0.65907489465364,0.545304919436052,-1.19983090646133,0.230205018320697,NA
PPP1R3D,1.24999931974121,0.0734054627074881,0.594796212544988,0.122367084436205,0.90260830538737,NA
PSMA7,72.7759172369069,-0.123384455876418,0.141730198405415,-0.870635782302493,0.383953052358315,0.751430869465124
MTG2,1.14320857486133,0.0116268075762209,0.55192596250494,0.0209993887250921,0.98324614329578,NA
OSBPL2,1.75091175454947,-0.390783857401712,0.501528798393369,-0.778181448551574,0.436462051794073,0.789260130760563
ADRM1,24.0681285981103,-0.0801555636077312,0.171985632176588,-0.466112886702315,0.641134699579711,0.895682871175053
RPS21,29.946457070387,0.0999839727912217,0.161053500997171,0.620752615929876,0.534762404386423,0.850326071899693
OGFR,9.53573312039442,0.768626052593435,0.263833423861246,2.90729313330107,0.00364571387491997,0.0413599953396094
COL9A3,0.356597697309103,0.051700875743784,0.539324538149368,0.101049253155358,0.919511361873097,NA
DIDO1,2.40061688931009,-0.202516839305438,0.489132477544582,-0.41614100836428,0.677306823681201,0.911054167854661
GID8,5.8028939748901,-0.59124042211544,0.328372731285099,-1.79918211862731,0.0719898770476196,0.33684863358104
PPDPF,53.5123363498421,-0.385172840878542,0.132245084832824,-2.91238034103478,0.00358685596922747,0.0408906018147643
HELZ2,11.167621277561,2.17237939238159,0.298181736629284,7.17139305131488,7.42384216181422e-13,3.907910513979e-11
CTD-3184A7.4,2.68631900636209,-1.15144148041471,0.460132837597604,-2.48052427232173,0.0131189331612112,0.108411403705833
STMN3,1.44034191098581,-0.664529787111276,0.584907343156377,-1.13061072745462,0.25821897037313,NA
ARFRP1,4.78872626799778,-0.857397595636381,0.382202900368868,-2.23911330446975,0.0251485448146101,0.175290532133403
TPD52L2,3.52964213149481,-0.325201188365967,0.42022832728645,-0.773677479710431,0.439121540842075,0.793094492550137
DNAJC5,2.58637652867409,0.292938029886868,0.436214850037084,0.668570493769139,0.503769499865115,0.834963050154271
UCKL1,1.42615637634635,-0.515037659965332,0.588427242123954,-0.884368207685262,0.376497479278179,NA
PRPF6,8.26430744931762,-0.38335707899052,0.28785283905168,-1.33187268462263,0.1829020283452,0.557471360023097
TCEA2,1.02114538087198,-0.422258091330345,0.574252494890358,-0.734440803335041,0.462680126161638,NA
RGS19,3.09255988329695,0.584091286275101,0.425411456129814,1.36751569257673,0.171463721942676,0.538668388920444
TPGS1,9.38132577615467,-0.653163239316573,0.262522462062858,-2.48602685478247,0.012917821717112,0.107594008732401
GZMM,22.5626788060165,-0.772341803365738,0.23062480004415,-3.34738686045591,0.000815772796030626,0.0120286498551967
BSG,28.6383499645975,-0.147460178344408,0.177637334157556,-0.830125090104273,0.406468062763201,0.767173855283431
RNF126,6.10469455930804,-0.57670629992293,0.325880031205305,-1.76817711781743,0.0770312983055864,0.352602395026615
PTBP1,3.3562353507161,-0.0523715752336806,0.424363679405789,-0.12314727705114,0.901990474490048,0.978178380246315
CFD,0.609682188447742,1.13401765163834,0.665029512050544,1.64867409329199,0.099214420347792,NA
MED16,1.75373119388865,-0.318511145773185,0.516235080153532,-0.612006992490063,0.540533131199008,0.851742070151531
R3HDM4,4.63345180021578,-0.0433738827530625,0.36902998968474,-0.117626905832159,0.906363285167331,0.979036531336478
WDR18,3.7888293182964,-0.582474350342515,0.400607152852899,-1.4533151876999,0.146136262343465,0.497903744321035
TMEM259,1.42302934599836,-1.06165002160758,0.579439003686274,-1.82289632171239,0.068319095141896,NA
CNN2,1.12797983123669,-0.0378761022326227,0.59069736990339,-0.0638539395879103,0.949086528271962,NA
HMHA1,7.59858170363935,-0.194853679503585,0.306221541432757,-0.636877577964542,0.524204588875086,0.845294878172523
POLR2E,10.9188094908306,-0.404442897786211,0.243102170650599,-1.6635411989321,0.0962041510991502,0.401180557172678
GPX4,34.7665796738153,-0.653602477445484,0.170548431625989,-3.83245406384659,0.000126871294628854,0.00235158624974045
ATP5D,22.2776967161004,-0.586851577043739,0.192013800229843,-3.054731114693,0.00225262379626984,0.0285730401531673
MIDN,3.53638861530489,0.130624614271537,0.428554373880969,0.304772975855512,0.760539065070247,0.935415435685947
CIRBP,37.5844500591739,-0.455365472637462,0.153565127458957,-2.96541723622243,0.00302272665764696,0.0358370115447153
C19orf24,7.86256326843589,-0.704377459993752,0.301142629364191,-2.3388930596293,0.0193409687845837,0.145444085260069
MUM1,6.94126827821379,-1.03277004056424,0.345231242863002,-2.98557161210475,0.00283048855200254,0.034252164914348
NDUFS7,14.3306053405637,-0.359378794984494,0.212025048264723,-1.69508906329216,0.0900585266232353,0.386048928456605
DAZAP1,6.51715073698364,-0.821048994280567,0.330461941774962,-2.48193280039562,0.0130671915628905,0.108323931318198
RPS15,280.545786072035,-0.0113348944231888,0.097655419259101,-0.116068851519448,0.907597974815645,0.979036531336478
C19orf25,10.0460831346211,-0.36842009092812,0.256961548922723,-1.433449417129,0.151729444615012,0.508336130429745
UQCR11_ENSG00000127540,37.0116924468242,-0.103019792069835,0.164487812028635,-0.626130079204378,0.531229624350712,0.849135698999837
CTB-31O20.2,1.06332117425941,-0.671894292344524,0.588574760953885,-1.13454913013072,0.25656427750823,NA
ABHD17A,7.34973427133268,-0.745076903341902,0.316269891114036,-2.3537903718104,0.0185830875663319,0.141156382322036
SCAMP4,1.86835942712513,-0.915352614578294,0.56128940717501,-1.61388655624023,0.106552035217291,0.426208140869165
MKNK2,1.29435616448914,-0.34742984439721,0.576163748126217,-0.602782697876202,0.546653258416077,NA
MOB3A,2.19067942819149,0.306704574904167,0.491221019501754,0.624509852192279,0.532292802122547,0.849602580464854
IZUMO4,0.549684498631875,-0.140706607237527,0.649692697919246,-0.222531008970245,0.823900536687141,NA
PLEKHJ1,8.88276494856806,-0.150898479066765,0.279328297736074,-0.540147006706262,0.589095655338352,0.876264899235887
SF3A2,2.38943013274477,0.0888265313222136,0.459016221052335,0.192375050403234,0.847448434280314,0.960913700132607
OAZ1,211.596642370741,-0.0442223983590352,0.107493919104416,-0.411385209954303,0.680790097146186,0.912201228007465
LSM7,16.9032798484727,-0.33452565520847,0.207262213460275,-1.61394129863491,0.106540159591889,0.426208140869165
TIMM13,9.13311279532621,-0.244969512309874,0.292390648932462,-0.836877381303206,0.402661495521325,0.762862387847521
GADD45B,37.6155701884466,0.49669115181648,0.168781018789766,2.94146047667118,0.00326668526634956,0.0381282289181022
GNG7,0.517141462319988,0.0260031880437574,0.661558384964811,0.0442044017180319,0.964741473421432,NA
SLC39A3,4.11119042809405,0.0216560935555498,0.383006232304824,0.0564320268696832,0.954997643845548,0.988582238095375
SGTA,1.54763283777742,0.596039908983534,0.548245891847064,1.08617260322509,0.277402635804856,NA
THOP1,0.282870969580125,0.265195091550995,0.657411668269014,0.40813425403838,0.683175113170287,NA
AES,13.5530540439832,0.0847515316412374,0.237705988964018,0.356391925682014,0.721547075319483,0.921801140594676
GNA15,2.08864503840918,-0.0528575027568772,0.576357567852801,-0.0942482309927369,0.924911972460888,0.983880196974474
S1PR4,19.7491219743422,-0.368227929178032,0.214708840598555,-1.71507719021829,0.0863310756826074,0.379337881797367
NCLN,0.897235861703741,0.068318565686883,0.608360116391269,0.112884224088573,0.91012234373224,NA
NFIC,1.17360026053095,0.0894461229129084,0.558902865947455,0.159268449155553,0.873457377357691,NA
DOHH,1.8342380572744,-0.57216659174129,0.514028347666304,-1.10702929706871,0.268281261897687,0.656287276385595
HMG20B,4.92310610587263,-0.11810086444266,0.347549308594857,-0.339571308583032,0.734179387945622,0.927236155985066
APBA3,2.24858373067406,-0.174434272539332,0.471618284060936,-0.368436034704275,0.712548132435522,0.919261107093145
MRPL54,8.48744944621079,-0.217301346421236,0.289226565759431,-0.752081096301578,0.452002291317088,0.802323127022098
MATK,19.2217712383157,-0.964453901664647,0.21290898792933,-4.52609022748399,6.00849347612526e-06,0.000144423331773166
DAPK3,2.33985835500263,-0.0444019447928335,0.455396667722528,-0.0975213635494946,0.922312369430705,0.983880196974474
EEF2,51.4694381293972,-0.587110999734953,0.144906977697256,-4.05121398341455,5.09525828966386e-05,0.00104363578353271
PIAS4,2.05582104926493,-0.338999592149984,0.51187560820999,-0.665374198141902,0.505811183704118,0.836184842969683
ZBTB7A,2.4951674373438,-0.902028005632758,0.491952471930403,-1.82987105012966,0.067269223314157,0.323443674866964
MAP2K2,2.37700178741975,-0.557280857598417,0.453536113491048,-1.22493707218435,0.220598931123978,0.603551337545022
SIRT6,2.18458079455263,-0.0715150404559758,0.466889833516874,-0.153191403154328,0.878247336942996,0.97090195158043
EBI3,0.17033963820884,-0.422686907546967,0.590823595708548,-0.696728156999329,0.485972934139677,NA
CCDC94,2.04759827328084,-0.0430238305656915,0.484978677946067,-0.0884833335607829,0.929492530270184,0.98593682618384
TMIGD2,11.4949613511818,-0.832890114405827,0.337130520674584,-2.46356430556076,0.0137563216660466,0.112617849533545
SH3GL1,1.86730791572119,-0.567563183868144,0.55064597551437,-1.03595531925778,0.300222987772248,0.68519316618004
UBXN6,0.795424365551284,-0.0381476094582438,0.658800522456401,-0.0580063996678328,0.953743530914514,NA
LRG1,0,NA,NA,NA,NA,NA
SEMA6B,0.120890998237588,0.00453777299167905,0.607272560290592,0.00853625798280336,0.993189134263945,NA
TNFAIP8L1,1.85920827222984,-0.120260558535104,0.505213710421241,-0.237696423026947,0.812116558183234,0.95063330273134
C19orf10,22.01134619017,0.374371044805226,0.215883876383872,1.73294545193609,0.0831053646009821,0.370734440050483
DPP9,1.28448558233481,0.322272569143488,0.565107114449836,0.566246983363728,0.571225895096908,NA
TICAM1,1.00421324503846,-0.370734735004859,0.6075267835342,-0.614447618770862,0.538919577025437,NA
PLIN3,3.80981410915173,0.156361637774656,0.412971910762707,0.379394872221852,0.704394657818366,0.917215665787009
KDM4B,0.688914032876085,0.604416430386825,0.62816169090523,0.953782325304216,0.340193837895746,NA
SAFB2,5.19479503444558,0.00852574552576586,0.336850700155948,0.025299238501593,0.979816281325604,0.994845147376504
SAFB,5.8643893462415,0.226517078837571,0.327345647898058,0.691442352250192,0.489287596451858,0.82763814515507
RPL36,90.4961668697613,-0.0597021495881401,0.130430192305609,-0.457708538219248,0.647161852987241,0.898748169886915
C19orf70,12.0469015781294,-0.368598953287142,0.228227344398173,-1.61498368806037,0.106314227374728,0.425904180289625
NDUFA11,23.9037131679636,-0.162695639612695,0.175951845567302,-0.924786802904358,0.355076816642697,0.737327164815446
RANBP3,2.88694248918913,-0.496768844301099,0.428621164992504,-1.15699687816425,0.247273635808614,0.633713933250508
CLPP,7.92289255122048,-0.210493130616705,0.282926326526074,-0.743917872652519,0.456926162051757,0.806322265182852
ALKBH7,6.77300082295653,-0.721790296158675,0.319480161603735,-2.2568213212564,0.024019241904905,0.170400659551779
GTF2F1,5.57517781362517,0.821187880982448,0.336717192723068,2.43000626265802,0.0150985619394475,0.120240287517779
DENND1C,2.69984578405545,-1.51435901617266,0.489140290608533,-3.04694960850431,0.0023117646143494,0.0292527137738828
CD70,0.462020273989279,0.151982492313513,0.661555770584427,0.224324222815026,0.822505029360362,NA
TNFSF14,7.22320653820535,-0.584641524404431,0.396033242781869,-1.47584463051351,0.139985606422028,0.486392232478915
GPR108,9.69376083345419,-0.530358365280133,0.258634958087101,-2.04951135261638,0.0404121388851975,0.241197890333789
SH2D3A,0.523071120711105,0.216118786678776,0.660480429446669,0.347062291330997,0.728544521934779,NA
VAV1,1.89500834389792,-0.497721763051356,0.494677299936663,-1.00163412285111,0.31652033423049,0.704241805881064
EMR1,0.325161586533005,0.0664848998764237,0.490758376365731,0.16437717714634,0.869434229180949,NA
MCOLN1,1.42258313090299,0.290246624650087,0.575135924703384,0.496707129726771,0.619395593923348,NA
PNPLA6,1.48282955275619,0.0715792290773128,0.558499924628464,0.129119636704866,0.897262984228875,NA
XAB2,3.46671216466204,-0.884720626091573,0.434601471468833,-2.02978272318111,0.0423786298678605,0.244338562567818
PET100,4.59058465192107,0.0850584546551156,0.378893985847845,0.224167291416425,0.822627133504964,0.954958258736473
STXBP2,7.43941052764056,-0.209253931727343,0.300699923748688,-0.695128738588571,0.486974626029364,0.825586965195824
RETN,0,NA,NA,NA,NA,NA
C19orf59,1.28673017214386,-1.75723319783034,0.658995182335362,-2.77440426520478,0.00553029083022857,NA
MAP2K7,5.05752784733031,-0.570267741297891,0.373566345195409,-1.52695540613198,0.126772100603527,0.463027925999904
SNAPC2,2.43113422612608,-0.874515345879228,0.470583759681898,-1.85216655161703,0.064001910256436,0.315724790196048
TIMM44,2.1468893789439,-0.354964824657935,0.522495656172781,-0.680176144777021,0.496392935212768,0.831916756134809
ELAVL1,8.73501688247398,-0.253019606634361,0.293351332239145,-0.862545779692288,0.388387252424643,0.756370883005298
CERS4,2.87406427510277,-0.817112074677717,0.439091961289096,-1.85453365121988,0.0636628504184557,0.314667835307747
CD320,3.39005423365913,-1.01289195004273,0.452044909738299,-2.2307520109807,0.0256975603341024,0.177289590561881
NDUFA7_ENSG00000267855,4.21314132219553,-0.0170802342798997,0.379425397386378,-0.0449944829384267,0.964111706479771,0.990737780820354
RPS28,83.3786304739691,-0.145999494319718,0.12276178761311,-1.18925791455829,0.23433819084397,0.619068539340127
RAB11B,9.12276659062096,-0.647551493042467,0.262704795543324,-2.46287897075123,0.0137826431587653,0.112658126689038
MARCH2,1.34342776794548,-1.16187546969073,0.579877728229432,-1.97628492225868,0.0481225163175267,NA
HNRNPM,30.9518387554158,-0.0940940311548871,0.17249623978995,-0.545640867360468,0.585312826608254,0.874242776346287
ZNF414,1.40148515064016,-0.458717152947339,0.54158500323881,-0.83555082006921,0.403407645742501,NA
MYO1F_ENSG00000142347,11.2207929665512,-0.506254163383926,0.269832965137309,-1.87418287495332,0.060905223654946,0.306799136191039
ZNF317,1.65984041172641,-0.191656189789686,0.549224053434836,-0.348121809039627,0.727748706270677,0.924091400842208
ZNF559,1.04119885181913,0.0827589144770225,0.57897325710828,0.142600488558471,0.886605711611349,NA
ZNF561,1.29003545983743,-0.169548830775381,0.545128161710906,-0.310128881824055,0.756462949781784,NA
FBXL12,3.3934473920503,-0.178976880905302,0.399967885705289,-0.447494637840143,0.654517958622366,0.901783132114469
UBL5,30.1594635150821,0.105057280475773,0.151136879681846,0.695124768570985,0.486977113779072,0.825586965195824
PIN1,16.7261913628127,-0.164172017106028,0.206369752563483,-0.795476213602725,0.426336542088452,0.78204371879358
C19orf66,23.7748707224759,1.92809903254207,0.241645858441637,7.93368468223094,2.12737818243722e-15,1.39981484404369e-13
PPAN,3.12119796759463,-0.532822411594282,0.437850752102452,-1.21708488503458,0.223571920927314,0.608208057757819
EIF3G,31.7668700074659,-0.555689752363252,0.150214699953076,-3.69906889133509,0.000216391864182499,0.00378434143872649
DNMT1,6.18912760333204,0.635404939085129,0.309438209417152,2.04796218449128,0.040563704884042,0.241197890333789
MRPL4,3.82647681742362,-0.696224829056366,0.379902795744287,-1.82846300588221,0.0674800928850544,0.323511119259496
ICAM1,0.663684563029175,-0.394593770037589,0.64390782603693,-0.602568077309468,0.546796062192895,NA
ICAM3,12.058494544994,0.0496246376756272,0.260651640144615,0.190376660500109,0.849013985432514,0.960913700132607
TYK2,1.14073943936728,-0.314001176021556,0.570363276668854,-0.549924063294272,0.582371458717508,NA
CDC37,20.2115847729111,0.109723528843662,0.194422089480849,0.564374733825494,0.572499130260171,0.867834971272338
PDE4A,1.75216942859782,-0.504785335747891,0.541854949511421,-0.934625624921506,0.349981268382783,0.72991339016124
KEAP1,3.89366714695068,0.271324652885666,0.369964537896127,0.731152683358813,0.464685897854427,0.813131856574164
S1PR5,15.0572651773253,-0.254087090520438,0.24261283319167,-1.04649563273862,0.295332260222336,0.679767825889977
ATG4D,3.23252898799721,-0.542697284690598,0.439250163643595,-1.23576226170919,0.216546946522359,0.597863359210922
KRI1,1.01924641994851,-0.97410667536869,0.575994183921702,-1.66622024173782,0.0956695557422857,NA
CDKN2D,9.22433980734522,0.106693707700616,0.291646029375594,0.366009489270175,0.714357994745336,0.919307113353978
SLC44A2,2.26595458090532,0.0025255667900474,0.451546239333748,0.00557969126941829,0.995548073582367,0.998433860385707
ILF3-AS1,3.70637815870004,0.0123649624179746,0.389639810396452,0.0317075823951741,0.974705248051596,0.99454321103772
ILF3,3.57818209227567,-0.420878025741227,0.407821894910173,-1.03252258539593,0.30182737286642,0.687800558774387
QTRT1,2.74284903593288,-0.0284262807994066,0.462826212949741,-0.061673245351857,0.950823046514912,0.987648233164879
DNM2,5.19619450888113,-0.448718720510291,0.367417855172152,-1.22094824373477,0.22210561657065,0.605784438149171
TMED1,5.83411708375506,-0.691761063916028,0.359145808071634,-1.92174086449256,0.0546383725722946,0.285660890830442
C19orf38,0.832683963877249,0.203597495529848,0.631909186053361,0.326214326173675,0.744262203036614,NA
C19orf52,5.72658971758227,-0.360355372516562,0.343642954609182,-1.04946273600189,0.293965197222886,0.678996401132634
SMARCA4,1.86773895333085,-1.16889662565632,0.541099560722311,-2.14595972318523,0.0318761922251502,0.2058850010714
TMEM205,5.97908321724671,-0.0751427397710898,0.316990254645494,-0.236932610201489,0.812709070879343,0.95063330273134
CCDC159,1.53036769932281,-0.88845977618931,0.541876306032128,-1.63318152514638,0.102430824368616,NA
SWSAP1,1.35940044128056,-0.681780944910427,0.550334720401917,-1.23286159537643,0.217627405945995,NA
PRKCSH,3.81428088979524,0.167264663839202,0.385071926409495,0.434122422513734,0.664199543699533,0.906545719164266
ECSIT,3.26527808534122,0.10692083752961,0.410541668483051,0.260543114664156,0.794444862607883,0.947331951222146
ELOF1,9.24878275051023,-0.181531411434169,0.267512564309597,-0.678753352615878,0.497294154815551,0.831916756134809
ACP5,5.91926087082073,0.683701909590608,0.418064124291916,1.62632087995635,0.103881412225006,0.419671338413224
ZNF136,2.10749612937827,-0.420097515983274,0.522559509550782,-0.809428768773687,0.418268559865578,0.774724032066292
ZNF44,2.80214744749047,-0.0628625437667798,0.438174959687155,-0.143513344170822,0.885884773213045,0.97271214333444
ZNF563,0.41552091510652,-0.385410088600106,0.666437070195243,-0.569372189213559,0.56910358606614,NA
ZNF791,3.91427999415829,-0.149180798305223,0.407395651571852,-0.366179512441509,0.714231128824888,0.919307113353978
WDR83,4.23337448031629,-0.62049955075755,0.412154347110257,-1.50404972645389,0.132568563471515,0.473112486856987
WDR83OS,33.9315760275258,0.110268067605685,0.158278989463269,0.696605815151238,0.486049515626578,0.825568711766102
DHPS,7.8601536472664,-0.368720607457374,0.293685570491812,-1.25490935117529,0.209511668960054,0.590717421213564
C19orf43,46.1874532835646,-0.0572855780789249,0.138161920434009,-0.414599082306846,0.678435420095829,0.911977022720382
ASNA1,12.713039857778,-0.12463551074865,0.22796734478065,-0.546735049193581,0.58456077109047,0.873945830632999
HOOK2,1.3994402323535,-0.0489214372811152,0.556752940324692,-0.0873516113500837,0.93039203083846,NA
JUNB,47.8906194139101,-0.10421826250387,0.135938839963753,-0.766560497183294,0.443342869783951,0.796074358558884
PRDX2,11.694376405384,-0.972735672059114,0.30520844041383,-3.18355580885672,0.00145478066184565,0.0199946877387872
RNASEH2A,3.54256749448217,-0.456091529676456,0.392239754258413,-1.16156665364789,0.24541153388595,0.631400935667467
DNASE2,7.72029749845176,-0.040934754279561,0.297490478376035,-0.137539839826291,0.890604104324977,0.974282596703365
GCDH,4.23543308720408,-1.06350495146731,0.380323016620363,-2.78243970811294,0.00539518886971949,0.0564617777538835
FARSA,4.07348662784441,-0.0622445631892283,0.367543707046724,-0.169051539454741,0.865756102117614,0.96656206183396
CALR,20.2619488203848,0.429547444240018,0.204636236330657,2.09851773688706,0.0358594347490123,0.221814411890483
RAD23A,12.8187151792167,-0.40009260273411,0.236185064542685,-1.69386586718246,0.0902907742822609,0.386614350595115
GADD45GIP1,15.1268818649704,-0.537267896423237,0.235145897328367,-2.28390622229261,0.0223770428751257,0.162922204280307
LYL1,0.310133688014921,0.0296076346609407,0.662492276306528,0.0449517899415971,0.964145736131488,NA
TRMT1,1.46458650523415,0.0329514732306125,0.568569103987208,0.0578226933834774,0.953889861712749,NA
STX10,11.0173738678705,-0.70064782217576,0.269623013784532,-2.59749827233236,0.00939055926451128,0.0858192777228947
IER2,94.2972156502221,0.277470408919581,0.127528173307868,2.17590738027675,0.0295621868427796,0.195329874600911
CACNA1A,0.276153827306301,0.660070098248989,0.646576090781501,1.02510766752069,0.305312388043236,NA
CCDC130,2.7174498577918,-0.577903722866228,0.457921372718358,-1.25385134555205,0.209896042397086,0.590976561839918
MRI1,0.831985843129035,-0.589896390886085,0.625581208123355,-0.940782971439967,0.34681608907916,NA
C19orf53,27.8412397286704,-0.0168396098719326,0.167162231852649,-0.100742179249556,0.919755127477239,0.983880196974474
MIR24-2,2.72360072005288,-0.89653921539065,0.464743251092871,-1.91757031934881,0.0551655166132378,0.28780106982367
IL27RA,3.77386434198675,-0.767503299887568,0.47749143801209,-1.60994009962416,0.107410933749817,0.42737048772414
CD97,12.9138083429543,-0.146966826430536,0.256417276689889,-0.573562860796784,0.566263649852317,0.863252781008572
DDX39A,8.30577148079966,-0.110410384607157,0.287445114542847,-0.38414696700975,0.700869522390286,0.917214265271815
PKN1,3.48507970174544,-0.291107613525418,0.447859471406921,-0.652539632866123,0.514053114195313,0.840626155055647
GIPC1,1.63839350171713,-0.0837850199780306,0.549791900692206,-0.150423604375869,0.880430419545605,0.97090195158043
DNAJB1,6.27854824727912,0.0390574812293354,0.351303340632529,0.111118632497204,0.911522273644362,0.980930881938732
TECR,11.1714963605143,-1.21191296713355,0.262945683568631,-4.59705314227583,4.28508353987216e-06,0.000105405045578912
NDUFB7,18.8928840391227,-0.291697962513563,0.20398557479327,-1.42997945350198,0.152722916192037,0.509140868166487
EMR2,0,NA,NA,NA,NA,NA
ILVBL,1.63360435901833,-0.968309787319362,0.55253378768991,-1.74532831678091,0.0809277355783688,0.364105641097892
BRD4,2.83916089753502,-0.152092404880879,0.460418078284227,-0.329130596281641,0.74205697890749,0.929159832770939
AKAP8,1.13095509205108,0.134575544098742,0.620226932468499,0.225410378943077,0.821660038168338,NA
AKAP8L,2.37793818307724,0.0628777783792065,0.480796916039276,0.131257078183109,0.895571944610052,0.975841588993442
RASAL3,11.3519263395402,-0.426163090613193,0.251563586308906,-1.69362102724179,0.0903373197629164,0.386614350595115
TPM4,7.69968602095193,0.993350207260201,0.297318013447511,3.3284234826237,0.000873389933425028,0.0127709016931926
RAB8A,13.8005990487684,0.931650118154913,0.22854490271791,4.0682912369001,4.73591650952394e-05,0.000973822832270861
HSH2D,12.4282949947204,2.08499822642938,0.308551103327092,6.67634041026923,2.4498256567368e-11,1.16179119432995e-09
FAM32A,10.7319943303955,-0.417179876019585,0.291135468904131,-1.43364166746507,0.151674546413177,0.508336130429745
AP1M1,1.44857579624912,-0.178334512924553,0.524319786689397,-0.338088689464666,0.735296353721705,NA
KLF2,3.60159534090956,0.0021207044664812,0.416889030411671,0.00509512171794238,0.995934698635234,0.998590524498261
EPS15L1,2.30419651015585,-0.394997879331866,0.481780833420365,-0.822350155000558,0.410877639270961,0.771004114590611
CHERP,1.66572645164657,0.17089112135424,0.589194722266881,0.290877685660138,0.771144868026602,0.940212627573424
SLC35E1,2.34705661333571,-0.357670151292338,0.4726280334275,-0.759005228009577,0.447849429403906,0.798831858897212
SMIM7,12.3503496795067,-0.0945675947929202,0.247760964624732,-0.381440559972039,0.70287636930871,0.917215665787009
MYO9B,1.94811135824144,-0.0821880496826155,0.489751253657491,-0.167462592970625,0.867006078344931,0.967413325623816
USE1,4.90018481535473,-0.404751807731417,0.345428621001759,-1.17145604428723,0.241415516212054,0.626809559470412
OCEL1,2.58113588685482,-0.069104486962971,0.44073079741193,-0.156698899397975,0.875482154518383,0.969810198102855
BABAM1,8.14563591805834,-0.253726471925617,0.289485088853688,-0.876120965660215,0.38096427623585,0.751133692257189
MRPL34,15.1328969076899,-0.218334223827951,0.225694823093004,-0.967452045446078,0.333318102972157,0.714990421371408
DDA1,6.38256643965398,0.212612714735952,0.331515208328808,0.641368976778049,0.521282984054734,0.845099644435179
GTPBP3,1.32394947299021,0.107410620728007,0.605978393005375,0.183153974411954,0.854677206512403,NA
BST2,102.369930685551,2.0651210790243,0.162051509792588,12.7250576000841,4.29158221618364e-37,8.68880337922719e-35
CTD-2521M24.9,5.05173739872516,2.18087436823708,0.412795482319246,5.10823169236454,3.25187753270455e-07,9.56306331405405e-06
MVB12A,3.03464039841817,0.181304191013303,0.463859391918742,0.388220763103635,0.697852669085454,0.917214265271815
PGLS,9.5343350797518,-0.452134667343064,0.271302083645158,-1.66631836405346,0.0956500209563118,0.399365680995405
MAP1S,1.59216232590639,-0.762489784705516,0.518679422881403,-1.46572232457768,0.142723949692026,NA
RPL18A,343.463332210335,-0.165588915514393,0.102073929002242,-1.62222970968218,0.104754172581062,0.421579483537241
CCDC124,8.50784836642259,-0.45351570198454,0.319079676552155,-1.42095345990893,0.155330289794998,0.512697631004076
ARRDC2,3.9532371725556,-1.1829451079201,0.441245907953011,-2.66288113230643,0.00774747767678171,0.0736150225461714
IL12RB1,3.51095495498521,-0.344184134737407,0.401166834252904,-0.854012498775187,0.393098064122432,0.758892262065204
IFI30,0.914028217391765,0.93976297863456,0.631627307184251,1.46981002080058,0.141613214398237,NA
JUND,5.62903476373372,0.166767700946629,0.336481466832198,0.496092081172185,0.619829445968664,0.884288125963148
LSM4,17.4701673069398,-0.660583854975277,0.210817041513015,-3.13284911371661,0.00173118411986695,0.0230098790037029
LRRC25,0.113922724876272,-0.304648811102876,0.558092520495972,-0.531845310235336,0.594833137967643,NA
SSBP4,3.36702737192717,-1.04188180692989,0.454327424379354,-2.27948000074084,0.0226385474895999,0.163746818820967
ELL,4.14610591832872,-0.590790817327344,0.434183752639822,-1.35992474911163,0.173853738224796,0.54280313049545
FKBP8,19.4721608210687,-0.503783390634559,0.186065000022181,-2.70714136653033,0.00678653518229316,0.0675758900831644
KXD1,5.08459891804422,-0.0400947847861367,0.334753572860232,-0.119620050985704,0.904784135385237,0.978611663245645
UBA52,121.561967205244,-0.0804474417204922,0.0939653651006548,-0.856153781507267,0.391912723634748,0.758863492929472
C19orf60,7.08019074371221,-0.931033624266427,0.30972795284268,-2.99895690223815,0.00270905624525693,0.0328582305876324
COPE,44.310629225833,0.330069400513189,0.140357717715814,2.3512204843515,0.0187119423918602,0.141930352666789
DDX49,2.45530915071358,-0.338765861459388,0.445242190397787,-0.759766492145072,0.447394175368585,0.798831858897212
HOMER3,0.0704866066127685,0.0747805276884346,0.513683200960839,0.157666411290434,0.87471966929241,NA
SUGP2,0.886506718114076,0.572595422326566,0.590241987950611,0.958175767465264,0.337974134412753,NA
ARMC6,1.12964464627572,-0.545289929822003,0.578822547602261,-0.94323801411275,0.345559173360322,NA
MEF2BNB,3.47912614589397,-0.445180504032233,0.390321065784439,-1.13929911754981,0.254578416335609,0.641042302285181
RFXANK,4.60152996127959,-0.133963789066332,0.375462698806383,-0.357340475668843,0.720836932317527,0.921662766995254
NR2C2AP,2.03252601267851,0.169383075051482,0.51494728634823,0.32793986483365,0.742957131193107,0.929390124184036
SUGP1,2.66343473432286,0.242960252917502,0.450233951209409,0.53955491817576,0.589504013760595,0.876264899235887
GATAD2A,2.15119148823575,-0.0351530153033269,0.515524986836215,-0.0685504375921418,0.94534747107619,0.987648233164879
NDUFA13,23.0369738802046,0.0461494471517805,0.198343084582331,0.232689956039969,0.816002169080895,0.951369970773384
GMIP,1.10545923454779,0.182220973061675,0.633152925906075,0.295281637078016,0.767778742955947,NA
ATP13A1,0.544284226957974,-0.354347603440202,0.648912132225605,-0.539041413591207,0.589858279157523,NA
ZNF101,1.09890237086694,-0.214100977634962,0.596528810083851,-0.358351483173436,0.720080294738192,NA
ZNF14,0.982023866525232,0.512723329921274,0.595190961802525,0.865092600994768,0.386987965432598,NA
ZNF506,1.73560057350807,0.64055172229662,0.583160441735316,1.0981640938072,0.272132842018774,0.657765547730962
ZNF626_ENSG00000188171,2.56566346811312,-0.0156328978128495,0.427271429945354,-0.0365162768080281,0.970870700348827,0.99384369125528
ZNF430_ENSG00000118620,4.44061755793355,0.216655860188679,0.357270761242184,0.60606627248735,0.544470746360345,0.853145895522196
ZNF708,2.61375065387735,-0.312073696573121,0.456277740776898,-0.68575184323009,0.492869608471579,0.829595965876158
ZNF493,1.69207921901997,0.218592445109405,0.505828147110024,0.431617601142336,0.66601936377127,0.908035724136743
ZNF429,2.34038318868324,-0.570872323951397,0.468752847284608,-1.21515187974668,0.22430816963281,0.608248256979286
ZNF43_ENSG00000198521,1.78559388324109,-0.333878666651987,0.539492936725749,-0.62100159263883,0.534598575286605,0.850326071899693
ZNF91,1.82371969749149,-0.648151030300682,0.525490807700382,-1.23111110376996,0.218281313166122,0.600330633493452
ZNF675,1.1721159456385,0.183328094749966,0.585987968448152,0.308406568954498,0.757772984123258,NA
RPSAP58,8.03683160563037,-0.632436928938599,0.306666343681044,-2.06312164431543,0.0391010722341672,0.235770955602126
LINC00662,1.6924594807119,-0.431081559227847,0.547770397695832,-0.783428591933574,0.43337547152029,0.786663144975976
UQCRFS1,25.0501695129352,-0.249817475611627,0.213812048796902,-1.16914436326333,0.242345472609895,0.628220174862001
POP4,7.15409494553295,0.0697340420854943,0.29076133381901,0.239885649276382,0.81041890630152,0.95063330273134
PLEKHF1,12.9589984194411,-0.835069331391883,0.247645014456952,-3.36663016211256,0.000760926627426663,0.0115323621080122
C19orf12,1.84573814089467,0.386493994344445,0.526613503799758,0.728262791545391,0.466452734709374,0.813536859493802
URI1,2.35938397177938,-0.174260572493371,0.488060560168282,-0.358088681314703,0.720276949200566,0.921654922385975
PDCD5,11.8132753774907,0.103284501483624,0.245936835151724,0.419952650899862,0.67452004375815,0.909672114183137
CEBPG,4.07979985438467,0.120499575360218,0.359390478479029,0.33524117001312,0.737443167882974,0.928220942965329
PEPD,3.20024333668394,0.197426599415535,0.418127127865608,0.470995759383669,0.637643763192272,0.89377494582848
LSM14A_ENSG00000257103,12.6475814011669,-0.0345873694696081,0.236331996656695,-0.146308197229351,0.883678095040882,0.972035335666413
GPI,1.30293250348062,-0.269718632843624,0.542688992466501,-0.496572170196454,0.619490782327941,NA
PDCD2L,1.44426019430519,0.396780943446829,0.590582532596924,0.679708364557603,0.496689138641233,NA
UBA2,6.46990684346631,-0.851885899542849,0.312797996096595,-2.71953130341386,0.00653745068433292,0.0657995036373394
ZNF302,4.71164866540358,-0.0713962803296855,0.347949006976637,-0.204981449036558,0.837586618807744,0.959060926698885
ZNF181,1.50015356401896,0.28797581913115,0.570060842436829,0.503782474959899,0.614414244161239,NA
GRAMD1A,2.23608800853036,-0.803691120055866,0.505373290091843,-1.58103677108436,0.113869630347268,0.438188509612737
FXYD5,54.5746191174558,-0.523061137993868,0.159787714625701,-3.2737642600452,0.0010612510719819,0.0151168377960881
LSR,1.04330132419302,-0.431411888359383,0.636235664831848,-0.701937359883095,0.482718228745537,NA
USF2,2.4717729757567,-0.610593808337889,0.476462708598283,-1.2782510377441,0.201160925650252,0.580861828098149
FFAR2,0.0563781033167866,0.0622398448433037,0.490722669150642,0.122626505460959,0.9024028645221,NA
TMEM147,9.54786468484283,-0.460922160995224,0.275067261326101,-1.67479395960085,0.093974664446502,0.394683334763555
RBM42,9.2953552334283,-0.303941394629016,0.269851541272971,-1.12640886263497,0.259992497163857,0.648534108352139
COX6B1,36.2511933451139,-0.0372524469570147,0.141719661583966,-0.262861197255199,0.792657564926102,0.947331951222146
ZBTB32,0.258910986074913,0.742890869337777,0.662137356227778,1.12445285979699,0.260820958095041,NA
U2AF1L4,2.8957426682545,-1.00751411373756,0.446140213747141,-2.24673822517151,0.0246567617862185,0.173520312891249
PSENEN,16.6102287385897,-0.101827483355051,0.201696152474758,-0.504950987454166,0.61359326103902,0.881537916514574
NFKBID,1.20595996776678,0.127607892634033,0.636070161947913,0.203423648090427,0.838803917706646,NA
HCST,18.9857355553643,-0.61227149038881,0.229551723754824,-2.66522691094448,0.00769363907054789,0.0735014810659966
TYROBP,106.221081420989,0.184852416542755,0.145855452505484,1.26731536965344,0.205042547013898,0.58628135115761
SDHAF1,3.44739659824628,-0.431440149139048,0.427633065619581,-1.00513533534766,0.31483168737734,0.7028303657143
ALKBH6,1.83739134044119,-0.446965637402913,0.518709203399059,-0.861745141838742,0.388827778645866,0.756948752511776
POLR2I,8.48634071097902,-0.0460198034722275,0.289652182446427,-0.158852607016518,0.873785000577926,0.969153864947788
TBCB,18.6638054723523,-0.200760472734581,0.21881365847464,-0.917526979609204,0.358866561870403,0.74052276820298
CAPNS1,1.81967728644871,-0.0375292644886688,0.525387554078113,-0.0712808628031057,0.943174225752603,0.987648233164879
ZNF146,3.31181187216791,0.131601825689223,0.420679325843254,0.313004930457797,0.754276916274907,0.932921449076858
ZFP14,1.92603079992272,0.643867998917137,0.52972542841641,1.2092751033361,0.226557172460901,0.611274708269698
ZNF567,2.09518171117969,0.0986011450504324,0.500904092834923,0.197488342997917,0.84344540275159,0.959980680743401
ZNF568,1.8451101243452,-0.073166374585364,0.484745490325961,-0.150788075796866,0.88014289284582,0.97090195158043
ZNF420,1.87553077951751,0.51632700704153,0.508591715055268,1.00916760050307,0.312894262112015,0.700883147130915
SPINT2,1.29834924286115,-0.187814114239308,0.569376494146584,-0.331061801668553,0.74059780403611,NA
YIF1B,3.78893705276124,-0.274375112853773,0.382677672194371,-0.716336510633722,0.473783587596466,0.8168221086443
KCNK6,1.41918519148653,0.0413323854763652,0.57440762874123,0.071903392898714,0.942678789898524,NA
PSMD8,23.999273630835,0.0420541372059944,0.18480926570206,0.227496182888066,0.820037937047235,0.954173231789709
FAM98C,2.0743667979088,-1.08646251376181,0.509074593113748,-2.11851789962387,0.034131230621909,0.214912437791542
EIF3K,44.4507531036853,-0.355758874910336,0.147050282212914,-2.41917787282552,0.0155556315897744,0.123135104794846
ACTN4,6.71061657604203,-0.0337687856267111,0.320426690693764,-0.105328406641823,0.916115223098653,0.98215975713048
ECH1,28.0221541553611,-0.33740439255143,0.162886485489207,-2.07118370899949,0.0383416314256105,0.231988905545303
HNRNPL,2.12919005006182,-0.294612183845354,0.478395361444481,-0.615063928611335,0.538512502559489,0.851256856869114
RINL,1.50626371858307,-0.864562938663869,0.559704140519442,-1.54233629685576,0.122991892972452,NA
SIRT2,7.92849353203786,-0.973383553584756,0.317667136540847,-3.06187027216552,0.0021995875873145,0.0279677030425689
NFKBIB,5.19130005732149,-0.298072672732735,0.363044473895934,-0.822206739115021,0.41095924393557,0.771004114590611
MRPS12,9.62886776084212,-0.307772543398597,0.286324637982316,-1.07432717398415,0.28267606993286,0.67053453432068
GMFG,49.6619040287119,-0.00142034338245109,0.128652855359832,-0.0110394075056019,0.991192006094093,0.998000298526934
SAMD4B,1.35706986011992,0.264880300327024,0.533182306716166,0.495379852962679,0.620332013456927,NA
PAF1,2.32795049513291,0.0389112588615892,0.476939107317502,0.0817140756172089,0.934874085069279,0.987648233164879
MED29,4.47184662014598,-0.13572273549939,0.380072343293817,-0.357816523578012,0.720480624167608,0.921654922385975
ZFP36,36.1733344751731,-0.451277685684467,0.237300303581622,-1.90210966192086,0.057156819590124,0.294395784175179
RPS16,150.468563692013,-0.142811617380758,0.125362736662954,-1.1392291247207,0.254607600903541,0.641042302285181
SUPT5H,1.80954408700344,-0.0577563672540343,0.508718549346454,-0.113421435059159,0.909696446643952,0.980184965846239
TIMM50,3.00013388013476,-0.477834250227222,0.477754306077417,-1.00051757709043,0.317060095676362,0.704241805881064
EID2B,2.29002484959474,-0.736353659558382,0.455950640413148,-1.60879590472597,0.107660976667499,0.428041828684076
DYRK1B,0.888969475939764,-0.0628731233658527,0.59997680906263,-0.104458097446711,0.916805819700367,NA
FBL,13.9597147682073,-0.227773167052153,0.272761786450692,-0.836188952466821,0.403048612425054,0.763182696332909
PSMC4,17.8237271514315,-0.253624016191052,0.201738274289794,-1.25743356208741,0.208596682543944,0.589678963372791
AKT2,1.59416057208198,-0.516594130933539,0.536647644060213,-0.953086517842414,0.340546236535506,NA
PLD3,2.84012127986745,-1.22046503300869,0.448357637409114,-2.6927550826469,0.00708643041869856,0.0698180150619178
SERTAD1,10.6953239532325,0.693982411807067,0.273110948199487,2.53931392897373,0.0111070109718325,0.0971217703583494
SERTAD3,4.89453821023014,-0.0629611301521722,0.459956978811763,-0.137307939762749,0.890787394857014,0.974282596703365
BLVRB,1.94280091763408,0.288563130435596,0.49637812516953,0.578635561762271,0.562835104104776,0.86227124214422
SHKBP1,8.70364986847825,0.250688963931129,0.278223662467329,0.900476802684136,0.367866564815452,0.742491576501798
SNRPA,2.89909358062861,-0.133626346922258,0.418627621781859,-0.319033203674721,0.749701334459516,0.931445366203028
RAB4B,7.23475028074526,0.41176314812982,0.288723292695318,1.42416038319217,0.154400050121637,0.51114210845301
EGLN2,6.30026648630481,0.317877114530107,0.318537876408551,0.996986278895788,0.318771170120464,0.704310287739639
AXL,0.0277809403254875,0.00708335167592632,0.490601629230456,0.0144345705803501,0.988483278924753,NA
HNRNPUL1,6.31768208748316,-0.180569831425623,0.360982243483446,-0.500486877408873,0.616732293882506,0.882915092466009
TGFB1,9.86335966281438,-0.288421840071107,0.273991925563743,-1.05330078013963,0.292203161486265,0.678499092220422
CCDC97,2.7505534414657,-0.282371198526485,0.467462385113462,-0.602648970202839,0.546742235682379,0.853145895522196
B9D2,2.95536412528568,-0.0206318200544976,0.446410000052683,-0.0462798477266236,0.963087201280976,0.990737780820354
EXOSC5,2.2900602071635,-1.0246619798199,0.584772102750301,-1.77439813187877,0.0759973186556784,0.349388546203922
ATP5SL_ENSG00000105341,3.87786896984348,-0.350422136587705,0.401862105253566,-0.870069289942693,0.384262539166817,0.751675215969574
AC006129.4_ENSG00000270164,0.119563119840632,0.222066062624825,0.606594626035815,0.39366040790795,0.693831775762458,NA
AC006129.2_ENSG00000268027,2.49507904784202,-0.161924730429569,0.439006437700841,-0.368035535761785,0.712846737238763,0.919261107093145
RPS19_ENSG00000105372,647.327002292726,-0.102199268172501,0.0819050639493807,-1.24777731575785,0.212112618129332,0.592714862777579
CD79A_ENSG00000105369,3.43805089296795,-0.757764498173591,0.456071903758755,-1.65026396176747,0.0988889597626374,0.406680847023846
ARHGEF1_ENSG00000076928,19.6704930271804,-0.0390600633436552,0.211219306752638,-0.184886144377165,0.853318338821006,0.962014600593541
RABAC1_ENSG00000105404,56.7371436610767,-0.0958565347487584,0.138607120576433,-0.691530384134024,0.489232293238553,0.82763814515507
ZNF574,1.54776798816478,-0.657533376291341,0.524693720508008,-1.24954966732451,0.211464099340867,NA
POU2F2,1.21087917082734,0.369385757245394,0.570480232613322,0.643627872427136,0.519816771690356,NA
DEDD2,3.50119372520046,-0.466588551257339,0.406029057050264,-1.14790276716822,0.251008705741074,0.638324697027026
PAFAH1B3,1.3621119201399,-0.226977733998299,0.555270827212893,-0.407970345142032,0.68329544655182,NA
LYPD3,0.24891755839081,-0.659468169039106,0.640911932508182,-1.08755869857756,0.276789972109419,NA
PHLDB3,1.03927660296927,-0.244017760834224,0.582829041189896,-0.419699851440701,0.674704733644301,NA
ETHE1,6.93659757569587,-0.175292252725553,0.343285806979403,-0.510015752394406,0.610040425967711,0.880203111070734
XRCC1,1.43449083164139,-0.439200829068544,0.540505373183695,-0.806776119588438,0.419795479810778,NA
IRGQ,0.28121441189898,-0.0614813533852964,0.660405692082994,-0.0976005103897479,0.922249519210203,NA
ZNF576,2.16070358159437,0.449805837325694,0.501045556069453,0.898619590377192,0.368855320258185,0.743074782181051
ZNF428,11.101584665975,-0.240179105344748,0.251832576634779,-0.952983175310634,0.340598595332232,0.723956612262797
PLAUR,4.94997720756534,-0.280921588438889,0.511518089770213,-0.557231327451883,0.57736938827426,0.868555268870245
SMG9,0.886092394193059,-0.270880396826032,0.59677850190554,-0.454093412174876,0.649761594672962,NA
KCNN4,0.0277809403254875,0.00708335167592632,0.490601629230456,0.0144345705803501,0.988483278924753,NA
ZNF230,2.03372200447582,0.0772266353829013,0.53495204473318,0.145172568356153,0.884574623748978,0.972514791022268
ZNF224,7.18735000250598,0.103794623595797,0.301331793131505,0.344395883788072,0.730548584018053,0.924948760086839
ZNF226,3.99679788217936,0.15998749504463,0.419244744020053,0.3812704939973,0.703002545475024,0.917215665787009
BCL3,1.25893414216431,-0.0774037762807758,0.550832285092009,-0.14060350728956,0.888183177349932,NA
PVRL2,0.470686355863665,0.196865721022443,0.666721014458883,0.306118731672747,0.759514246291984,NA
TOMM40,2.76275192739164,0.291555760269217,0.437764597040518,0.663481139745308,0.507022454703205,0.836247095948745
CLPTM1,5.17916154482209,-0.323105752617136,0.377422388945012,-0.856213369366998,0.391879768886756,0.758863492929472
RELB,6.6463050136023,-0.293110767840491,0.299001835016395,-0.980208042666935,0.326983435314829,0.710584304560553
CLASRP,0.563882195883662,-0.519037679745967,0.654913329647435,-0.775476003370597,0.438058439778522,NA
ZNF296,1.23492740718154,-0.539106577077084,0.602863199699459,-0.907872848387252,0.363945404272571,NA
GEMIN7,5.42326106866993,-0.672769414187757,0.333365570412457,-2.01509875748088,0.0438943024148652,0.250064510727111
TRAPPC6A,5.68887197323966,-0.800704993966211,0.326942751960481,-2.44394093727482,0.0145278046648244,0.117368346637153
ERCC1,4.76252984072843,-0.923279674342932,0.359547202982461,-2.56268827152821,0.0103865257227055,0.092826267239935
FOSB,0.452091792660575,-0.875696419174116,0.664707466487528,-1.39584041030059,0.162762558415467,NA
PPM1N,0.650479926608186,0.375477441933263,0.627234573197003,0.595866096046597,0.551264684189349,NA
VASP,9.13400400122683,-0.228830497435349,0.272190302003317,-0.840532601638463,0.400609830178894,0.761028562274161
OPA3,0.930331797578951,-0.435587747085516,0.636147748965526,-0.685720482056422,0.492889388291566,NA
EML2,3.43377487037901,0.0188304565068117,0.385160140526467,0.0488174212187305,0.961064798601854,0.990416033641378
SNRPD2,47.4905761514444,0.103847767803158,0.133144557003917,0.779951820026993,0.435419234921119,0.787990908832911
SYMPK,1.1096395275324,0.0745826190978961,0.558434221929767,0.132292591476794,0.894752867018623,NA
CALM3,17.9932732026753,0.18958688861755,0.192111600866807,0.986634543313148,0.323821829593699,0.709536391397173
PTGIR,0.0890263281697399,0.0821477998695112,0.537819456017954,0.161474056659042,0.87172004299475,NA
PRKD2,4.26043445608044,1.69121835699392,0.420371662683929,3.93869552326476,8.19258166334359e-05,0.00159135608397936
SLC1A5,2.27273001984252,-0.152213389936302,0.455669657904011,-0.333806634674389,0.738525476579592,0.928220942965329
AP2S1,18.5885713575785,-0.230123874498356,0.189915380881251,-1.2117365812168,0.225613231350843,0.609968915700826
TMEM160,15.8714844757888,-0.396958169517476,0.24602317237787,-1.61325204380328,0.106689760723578,0.426415060367533
SAE1,3.40807182958738,-0.228177018964039,0.415686519552617,-0.548918684642718,0.583061254931628,0.873385992407955
BBC3,2.39451867476956,-2.17929183567668,0.523828714250108,-3.95972998239846,7.50345540717561e-05,0.00147933293121245
PRR24,0.880507166745355,1.27436079673177,0.614285980501155,2.0123876900633,0.0441790851095622,NA
C5AR1,0.333600585089205,-0.165216139933193,0.66811760515184,-0.25678935181646,0.797341390532593,NA
NAPA,22.3556252818889,1.20751595363701,0.197768734623684,6.09275903193903,1.10981057263899e-09,4.6736342834973e-08
GLTSCR2,41.9123144946451,-0.376552885038949,0.144120859481694,-2.61278365393465,0.00898081326197213,0.0826486031661211
SEPW1,16.7316363948846,0.0687120214578696,0.219381303293098,0.313049536139811,0.754243027735955,0.932921449076858
CARD8,6.93566827864001,-0.145171748532474,0.331957222140243,-0.437479812981962,0.661763413039239,0.905820123209663
CTC-241F20.3,2.15279122038151,0.0587510662210809,0.463774774459863,0.126648239187125,0.899218814967703,0.977316722893737
EMP3,80.3718962517651,-0.280651382372186,0.131990265188381,-2.12633757231074,0.0334751617270002,0.211046182694616
KDELR1,4.03627282353426,0.513460316226845,0.372360794820038,1.37417015042511,0.169388865234359,0.534572554693881
GRWD1,3.58871682204848,-0.235621482919609,0.456292560771451,-0.520206950389784,0.602919341533186,0.877505019104904
CYTH2,4.96159134901083,-0.0992423246382639,0.345080810718434,-0.287373256117293,0.773826536489118,0.941441916599155
RPL18,213.341648655682,-0.0486968377930243,0.107831805591875,-0.451606361954058,0.651552586017521,0.900439173745401
SPHK2,2.02368152333949,-0.0782960825735395,0.475980635123263,-0.164314781377656,0.869483345989551,0.967413325623816
BCAT2,1.0280113751699,-0.978331301171303,0.652155903637265,-1.51101489366246,0.130784656296489,NA
PPP1R15A,6.07629648467505,-0.0639786081266905,0.343917822548305,-0.186131599621068,0.852341561979514,0.962014600593541
NUCB1,11.482453614776,1.41649993052561,0.260856238204308,5.39819237000571,6.7315669136329e-08,2.20092970393563e-06
BAX,19.9441602626798,0.0943916841471925,0.242966706536838,0.388118042036765,0.697928680850422,0.917214265271815
FTL,338.916800059797,-0.132549629198148,0.208711928479173,-0.635072240656476,0.525381300715051,0.845869898839751
RUVBL2,3.82675725271576,-0.624767768204861,0.390825123071686,-1.59432705379913,0.110862801281464,0.43382436077478
SNRNP70,5.27384589326679,-0.263625878654352,0.384861540156527,-0.687694515860169,0.491645174257844,0.829299269321963
CD37,33.1423185802276,0.000874666592293701,0.158226768873729,0.00552867368602762,0.995588779096614,0.998433860385707
PIH1D1,8.20173314035297,-0.641213869011368,0.294998252598892,-2.1719567831792,0.0298589228066276,0.196644833774953
ALDH16A1,1.64670769949618,-0.100852287787135,0.508846107163842,-0.19744968611156,0.843475650948392,0.959980680743401
FLT3LG,2.80784167166863,-0.568665348014469,0.514795686504161,-1.11163688070338,0.266294308593645,0.655462541760462
RPL13A,597.303214403256,-0.294305786511318,0.117396628616798,-2.50691529445948,0.0121789893812619,0.103071061258782
RPS11,71.6452068052131,-0.0135986014674043,0.109640113069993,-0.124026308568737,0.901294444658238,0.97813202362813
FCGRT,1.21195044786337,0.81156575851234,0.590841305954779,1.36918149297842,0.17094254957809,NA
NOSIP,23.7823863798501,0.167917389049954,0.233076943063148,0.7209353273891,0.47094930607777,0.815289570375014
RRAS,0.311161256752203,-0.299908252350182,0.668128495898973,-0.464308632278285,0.642426640220536,NA
IRF3,9.79867928171459,0.228400752988103,0.268931033847736,0.848773291434208,0.396007454647966,0.758892262065204
BCL2L12,3.16912635223292,0.243771119206468,0.490529417607222,0.496406206259113,0.619607847219446,0.884288125963148
PRMT1,13.1238282339342,-0.672503077613733,0.23051526589212,-2.91602408687721,0.00354523129884888,0.0405697772981316
AP2A1,1.44199814057834,-0.0354420628296432,0.521027203622238,-0.0677565327009811,0.945979446079782,NA
MED25,1.6307838711338,0.545228798092551,0.53856367708991,1.00437117251183,0.315199739659552,0.703055690494866
PTOV1,4.59982425771022,0.0704605825796122,0.363555187159178,0.193341236865749,0.84669173318659,0.960812869374811
PNKP,3.4889831324181,-0.345542514597059,0.433363537970201,-0.794563127377038,0.426867674214177,0.782340556209942
AKT1S1,0.527185139600567,-0.928489337225974,0.640337908898746,-1.41253257830894,0.157793205164704,NA
TBC1D17,1.26904009950963,0.449595813627329,0.583497070378936,0.765123614497357,0.444197939349725,NA
IL4I1,1.18547778496797,1.50051935584118,0.626618936336377,2.35804530627029,0.0183714506207965,NA
NUP62,2.75011992298825,0.0894106184016257,0.422542943589526,0.211556654970323,0.832452928168424,0.957990522496519
ATF5,2.06533461654226,1.37550110956428,0.57459825973242,2.36227425599375,0.0181631996577156,0.138767899852271
VRK3,5.17849175427748,-0.282673704695894,0.336262481190598,-0.84016250534858,0.400817278002397,0.761147962267179
NR1H2,12.2403987438536,0.0873884469457341,0.24827210710295,0.352094005344962,0.724767763953287,0.922654778585273
SPIB,0.262229543728321,-0.201273446159067,0.657474314232362,-0.320130864780059,0.748869129137892,NA
EMC10,5.52054419769938,-0.479908983918942,0.348478190846485,-1.3750629277007,0.169111936415789,0.534572554693881
JOSD2,5.2366502303415,0.228790122623252,0.336967361310289,0.67787980446756,0.497847905849772,0.831916756134809
CLEC11A,1.32163849578252,-0.877347513194091,0.612094675205394,-1.44828639510727,0.147536970951831,NA
C19orf48,1.5508967674144,0.0674543460685425,0.590683283069152,0.11525168634153,0.908245631806807,NA
KLK1,0,NA,NA,NA,NA,NA
SIGLEC9,0.466733271252443,0.373553882061365,0.663412369273881,0.550790993648455,0.581776958807447,NA
ETFB,9.80703326869504,-0.696612464008576,0.279282163529608,-2.49217656188656,0.0126962906335769,0.106084561738332
NKG7,458.046696913569,-0.221090148382939,0.154884687714981,-1.42732769365981,0.153485461727757,0.510099972831695
SIGLEC10,0,NA,NA,NA,NA,NA
SIGLEC14,0.0671874447645446,-0.0533255467146272,0.508527613613103,-0.104233865269312,0.916983759737709,NA
FPR1,0.29413052613938,-0.207462247402887,0.667042287025353,-0.295963710745142,0.767257795119206,NA
FPR2,0.0272288675246664,-0.108552561287415,0.490601629230456,-0.216657694052562,0.828475120094584,NA
FPR3,0.0399585772398783,0.00708335167592633,0.490601629230456,0.0144345705803501,0.988483278924753,NA
ZNF350,3.58169852623329,-0.0305192841237311,0.398007234039653,-0.0766948014208453,0.938866340226476,0.987648233164879
PPP2R1A,11.2340127558106,-0.0591118577461487,0.263817234055229,-0.224165650294894,0.82262841044065,0.954958258736473
ZNF766,2.55769626525868,0.0509410955257667,0.472842847166067,0.107871562790118,0.914097575070987,0.981200985965268
ZNF480,3.20367167932225,-0.0224874707389463,0.432579025654679,-0.052129492636095,0.958425513182528,0.988997568811304
ZNF880,2.29486594826141,-0.121865986420724,0.482954727072477,-0.252999340845819,0.800268722560584,0.947964478035823
ZNF701,3.51943313252571,-0.21936776977843,0.381073671902883,-0.57577184529095,0.564769406241484,0.862676539500392
ZNF83,2.00711913570632,-0.838028324022828,0.481573815088436,-1.72591330346823,0.0843630109997113,0.374756869116017
ZNF600,4.52955077157236,-0.155438568627884,0.423277774472156,-0.367022762040706,0.713602039395658,0.919307113353978
ZNF816,2.44182548864223,-0.543259152103031,0.495583892574425,-1.09944615170753,0.271573509516149,0.657765547730962
ZNF160,1.90739158772363,-0.223055984116849,0.522946566313982,-0.426831193100793,0.669502284808712,0.908251025904242
ZNF677,2.15600671235854,0.177441075170267,0.462171923867067,0.383764294674049,0.701153154151555,0.917214265271815
ZNF331,3.75071686860904,-0.194378753065446,0.44466222669462,-0.437716177356964,0.661592040938688,0.905820123209663
MYADM,0.854385073419738,0.0611761450907943,0.632752732029882,0.095483850536733,0.923930517053264,NA
OSCAR_ENSG00000170909,0,NA,NA,NA,NA,NA
NDUFA3_ENSG00000170906,6.60115550303882,-0.071515126289874,0.337425108877153,-0.212261996598413,0.831902642186254,0.957990522496519
TFPT_ENSG00000105619,4.12642834235294,-0.375757153986567,0.444764351883692,-0.848633202250775,0.396085425829495,0.758892262065204
PRPF31_ENSG00000105618,8.87659974691919,-0.255615729546986,0.284000916098811,-0.900367601472786,0.367924656395548,0.742491576501798
CNOT3_ENSG00000088038,1.38435215880368,0.630883088293897,0.556173633474219,1.1164152898965,0.264244411684529,NA
LENG1_ENSG00000105617,5.77631181499599,0.382280427633116,0.35102711266785,1.08796291095141,0.276611481269645,0.663874085887709
MBOAT7_ENSG00000125505,3.7389167006774,-0.0337665983439813,0.389950255862334,-0.0866266949874406,0.93096824612693,0.986912373979277
TSEN34_ENSG00000170892,7.17087136817707,-0.538471209594334,0.302796795336731,-1.775812195304,0.0757638769582083,0.348619797472035
RPS9_ENSG00000170889,261.217585205863,-0.241155236836175,0.114806663538331,-2.10064636060243,0.035672021173612,0.220914728773993
LILRB3_ENSG00000204577,0.173125286397962,-0.352425628471182,0.650562055303854,-0.556847161708506,0.577631858163017,NA
LILRB2_ENSG00000131042,0.301387742791679,0.212573607897313,0.668072976985279,0.312623452201245,0.754566758330062,NA
LILRA3_ENSG00000170866,0.0604291651784408,0.00708335167592633,0.490601629230456,0.0144345705803501,0.988483278924753,NA
LILRA5_ENSG00000187116,0.138226124178134,0.312888563098754,0.61362885835235,0.502140436514094,0.615568737840837,NA
LAIR1_ENSG00000167613,5.10219567306356,-0.574875060424008,0.442858947578524,-1.30134746778427,0.193139546253999,0.57092167364586
LAIR2_ENSG00000167618,4.10333956114802,-0.384745791637519,0.410959276327622,1.70071288467763,0.0889969144566941,0.384321779608323
LILRA2_ENSG00000239998,0.0577568968975566,-0.0491216262106038,0.492276858695349,-0.0992041998932393,0.92097614027816,NA
LILRB1_ENSG00000104972,0.612663548465428,0.177295102508267,0.644611691702506,0.271279221148498,0.786176286585388,NA
LILRB4_ENSG00000186818,0.840358816812466,0.0486144483557754,0.652563195561964,0.0786988281285823,0.937272177608672,NA
KIR2DL3_ENSG00000243772,2.33385789941858,-0.444537187060067,0.532947449718882,-0.82186691310985,0.411152645778324,0.771004114590611
KIR3DL2_ENSG00000240403,3.18960303940605,-0.368679729478897,0.478688841507226,-0.764695427061226,0.444452929875666,0.79768163070764
CTB-61M7.2_ENSG00000268734,0.0791827719027653,-0.108552561287415,0.490601629230456,-0.23624708458697,0.813240945143274,NA
TNNT1,0,NA,NA,NA,NA,NA
HSPBP1,2.91597928828939,-1.28561687424118,0.450331994724304,-2.82971844120371,0.0046588984106358,0.050461813237833
TMEM150B,0,NA,NA,NA,NA,NA
RPL28,164.927513529948,-0.133719011571126,0.131189566943035,-1.01921563828515,0.308100604002942,0.693984415691693
ISOC2,2.65120045080624,0.00642458607882988,0.460488443428302,0.013931126501916,0.988884928779315,0.997985096835567
ZNF524,3.3379117006306,-0.462083792156891,0.446591761736029,-1.03677665071782,0.299839959740211,0.685051019128677
ZNF580,2.64295645056645,-0.263381280996707,0.439029834355057,-0.599058809515523,0.549133668201829,0.853145895522196
ZNF581,1.78795051108357,0.152934930152041,0.512027797864406,0.297316424985728,0.766224942987389,0.937565806574992
U2AF2,1.78357766560411,-0.1734282510663,0.525145632985798,-0.331425353771463,0.740323216497537,0.928435782623912
EPN1,0.828779660866681,-0.185670133405751,0.602260912806501,-0.304625829971673,0.760651145001114,NA
ZNF444,1.96469968529659,-1.05094562064545,0.533193612053915,-1.94788385313328,0.0514288622679773,0.27540338858457
ZNF583,2.57084354029729,0.505293096538419,0.503449757895991,1.00138281291757,0.316641770065227,0.704241805881064
ZNF667-AS1,0.752408233125136,0.229442260275651,0.646436219105496,0.355772754141971,0.722010754863515,NA
ZNF264,2.50156434450357,-0.47880163904307,0.559476087872503,-0.876227830995696,0.380906189499137,0.751133692257189
TRAPPC2P1,5.62881355539414,0.151338875305777,0.340390734270972,0.44460421868865,0.656605798226254,0.902479691086249
ZNF134,1.24741167606776,0.317804851622174,0.578302410149402,0.546782551974376,0.584528131554719,NA
ZNF211,1.94529913183779,-0.825584584776184,0.496445468462996,-1.65523107638212,0.09787763374592,0.404735164209366
ZNF671,0.879117499879615,0.567622696290242,0.618375380550558,0.910199520510392,0.362717296990498,NA
ZNF586,1.06997211493941,0.00205402670934627,0.597449468127933,0.00347188950912803,0.997229838529117,NA
CTD-2368P22.1,2.00755291755919,-0.231366736702023,0.488572098871439,-0.471738703945815,0.637113307452019,0.89377494582848
ZSCAN18,1.79282340542439,-0.448871537058317,0.527286263105636,-0.850912528766412,0.394817944612828,0.758892262065204
ZNF274,3.88358427188647,-0.272357509133034,0.414096576265236,-0.659154948064668,0.509796273690672,0.8375123513806
AC010642.1,5.02986267565521,0.137979474793491,0.383004488473897,0.361069027909484,0.718047845783516,0.920598036583438
A1BG,1.16526357382841,-0.395339885861776,0.618602225451136,-0.651157552807072,0.514944787878915,NA
RPS5,178.814515831722,-0.232542403333759,0.112501877205298,-2.06698086370248,0.0387359571719046,0.234105715904599
TRIM28,1.32512167349198,-0.699925288348187,0.575436113262175,-1.21532074665233,0.224243782110358,NA
CHMP2A,21.3924996383857,0.0332337732717895,0.18793699678957,0.176860855988868,0.85961768624583,0.965310475901895
IL17RA,0.72898510952345,0.589143893606512,0.622672706192263,0.929836861613292,0.352455557607543,NA
CECR5,1.67680988283443,-0.646115490767538,0.560107679876357,-1.14986730737917,0.250198527890681,0.637888375915282
CECR1,0.270711516850977,0.657617579531291,0.668123893409926,0.965959484413259,0.334064454988548,NA
ATP6V1E1,11.2764888130888,-0.000857492499217633,0.255233052580035,-0.00335945871910218,0.997319544797294,0.998757937632699
BCL2L13,2.34637856710949,0.160111087631022,0.474300894616545,0.336567408853387,0.736443028140295,0.928090998355402
BID,9.81165979969974,0.0528763450406125,0.276111837873078,0.191495972520069,0.848137035618404,0.960913700132607
LINC00528,1.63186657104694,0.181463124060304,0.621976750165392,0.30210711179592,0.762570411173729,0.936140542075212
PEX26,1.02537003658674,-0.798337279955513,0.624722292448607,-1.29062902951431,0.19683234482657,NA
DGCR14,2.74270577470177,-0.0495755160865454,0.48123138210033,-0.102456128840379,0.918394633650611,0.983574878652697
C22orf39_ENSG00000242259,5.41508382564077,-0.39159022634871,0.361614357251965,-1.08277527339638,0.278908183349658,0.666745084992099
MRPL40,6.78297351901696,-0.0666651145781173,0.325370311457133,-0.205026538649322,0.837551390595956,0.959060926698885
UFD1L,14.2178454069855,-0.421844236906465,0.243329542751243,-1.73434760333859,0.082856425890784,0.370618348381417
GNB1L,1.8549715108232,-0.050535858832876,0.506053473828506,-0.0995896765886274,0.920670089967063,0.983880196974474
TXNRD2,0.586599258054482,-0.399742540323535,0.662580942871348,-0.586864484926513,0.557294723760595,NA
COMT,9.45140382803578,0.017728769329186,0.261729823087649,0.0677330492916289,0.945998140183329,0.987648233164879
TANGO2,0.752886714880695,-0.162887883583701,0.639279042632455,-0.251530304861991,0.801404135246852,NA
TRMT2A,1.46282832222165,-0.201357073745881,0.554046527590846,-0.364042542402177,0.715826241549606,NA
RANBP1,14.0195765073523,-0.366322375038587,0.219762245616197,-1.66622445680718,0.0956687165150466,0.399365680995405
DGCR6L,9.65000072809208,-0.293312361821067,0.268597615210722,-1.09155350850714,0.275029400522863,0.661377233600891
MED15,3.7306247851727,-1.08155315106492,0.404414007439341,-2.65995124990531,0.00781519623841106,0.0739913543147406
SNAP29,7.14737671263961,0.0662911798379993,0.316529639730657,0.209298822797623,0.834214970699239,0.958488006107808
THAP7,3.71519652818298,-0.670348715078605,0.388490454812327,-1.72138214941936,0.0851815012900376,0.376802876294755
UBE2L3,11.8555809725123,-0.0978428559274419,0.248941630936087,-0.392970498503054,0.694341270946067,0.91653641518341
YDJC,3.79554879193074,-0.00989719562865082,0.381054913145509,-0.0259383618437592,0.979306502004494,0.994845147376504
SDF2L1,27.6456980626255,1.05331730957242,0.237753548599079,4.42434122516792,9.67370180621142e-06,0.000228351418421062
YPEL1,8.60980033114724,-0.30527539542031,0.282865543449763,-1.07827913683879,0.280909204755731,0.669109030235923
MAPK1,8.47146789023877,0.166695073697376,0.315141284738948,0.528108646801993,0.597423929689786,0.877221636230693
PPM1F,1.09284929196762,-0.691826139536018,0.610885753469437,-1.14128611065565,0.253750880140362,NA
IGLL5,0.607805625680882,0.240090593206627,0.668188497091769,0.341977055012445,0.732368159826965,NA
RGL4,2.73876855596379,-0.230607616567034,0.491457656490334,-0.471239982692248,0.637469369450401,0.89377494582848
CHCHD10,2.59452510074577,-0.5324989114755,0.512650244696856,-1.04057684244792,0.298071983503053,0.683261421896032
SMARCB1,6.33450968222143,-0.615732461367936,0.304384596184254,-2.02130458718649,0.0432482446054829,0.247994291506821
MIF,6.12865391960721,-0.562659839547794,0.358364428245553,-1.57117311727163,0.116142442583452,0.441544497314798
DDT,14.9215941221164,-0.130664377459639,0.227114395106584,-0.575524658286776,0.564936518926067,0.862676539500392
CABIN1,2.33890881533271,-0.670634888391924,0.526213841085072,-1.27676053530084,0.201686802332523,0.581105269555774
GUCD1,1.01323520388979,0.112952499619486,0.595531836001029,0.18877933469737,0.850265769132214,NA
SNRPD3,14.8289497050604,-0.362434430502276,0.236512965401015,-1.5323648093285,0.12543243634362,0.460122888440987
ADRBK2,0.107779934894064,-0.0729173601998484,0.556661075577865,-0.143665902983219,0.885764297300969,NA
HPS4,2.69761485418504,-0.392167721114827,0.444914996416902,-0.882260431902774,0.377635988575613,0.749213874119995
TFIP11,2.44851688387385,0.499319668342446,0.447335042380497,1.10992662936622,0.267030644376714,0.655462541760462
TPST2,8.24566967877017,-0.687931758119931,0.296278789705373,-2.31995740878145,0.0203431814743129,0.151680605213574
MIAT,4.15732854912643,-0.249965368250142,0.423109342213779,-0.588089536543169,0.556472195990197,0.858519824059906
PITPNB,2.11342018951848,0.451255925357803,0.4943657045993,0.909345647218468,0.363167702530807,0.742491576501798
HSCB,1.36276506350446,0.61318975933834,0.535103708708251,1.13664851712413,0.255685249263806,NA
CCDC117,2.67026782036261,1.03116338430375,0.47743337259738,2.14295821283147,0.0321164539279786,0.2069290250635
XBP1,35.7770052294034,1.20217151821169,0.173843591115621,6.90728198234007,4.94027346137796e-12,2.40792587969385e-10
EWSR1,16.4795464943731,0.13718717580379,0.217681497001291,0.63021460794632,0.528554183051235,0.847822723855686
AP1B1,0.454077963140165,-0.552937668889407,0.659589619378775,-0.841631063018407,0.399994496281892,NA
THOC5,2.69519028222124,0.666958918253742,0.557955207235115,1.22981205007859,0.21876749475123,0.601039714180831
NIPSNAP1,2.05793631265681,-0.420957057330543,0.522574280133841,-0.809655690693836,0.418138090907418,0.774724032066292
ZMAT5,4.33589724951872,0.29883685953552,0.361557206666973,0.825831288549889,0.408899802515306,0.769281115239661
UQCR10,34.5642551992741,-0.0180163531630198,0.159105056627973,-0.113211297115929,0.909863039447652,0.980184965846239
ASCC2,4.45047156766969,-0.373279862276881,0.362994313376837,-1.02773027333005,0.304076723251078,0.689615684094595
OSM,0.134772439659542,-0.220962936984939,0.614817127873221,-0.396449552753003,0.691773416487957,NA
GATSL3,0.680096207196804,-1.15694805468479,0.649859495943145,-1.78055826982489,0.0749846421255026,NA
TBC1D10A,1.55654138241113,0.3462433047993,0.5627376288847,0.613135460329125,0.539786775005451,NA
SF3A1,1.13408282406526,-0.438566320686672,0.591569197499035,-0.732625389310328,0.463786941399926,NA
MTFP1,2.78003025842816,-0.55149122725292,0.516076375592645,-1.07426776098637,0.282702689968276,0.67053453432068
RP4-539M6.22,0.162169408930087,0.099147810816332,0.623798434725477,0.176020729552146,0.860277656881488,NA
PES1,2.21137447434518,-0.463339915183431,0.53035531867254,-0.884049553556381,0.376669463416456,0.74850436218355
TCN2,0.0963366805566649,0.188863147486625,0.589945363830983,0.325359137937172,0.744909277725805,NA
DUSP18,1.47950762156109,-0.264989397612336,0.536387777359728,-0.488900801303309,0.624911928378588,NA
TUG1,0.754707304298296,-0.232824572149326,0.605400322467528,-0.382134985366089,0.702361242855384,NA
SELM,2.5087246979096,-0.354133700948175,0.462398486123639,-0.766454090544047,0.443406158680594,0.796074358558884
RNF185,0.752497307838555,0.0279255105354032,0.636509100306685,0.0441816630383334,0.96475959855484,NA
PIK3IP1,18.7091321910868,-0.504692376018343,0.265904193251675,-1.8983984074056,0.0576436192636009,0.294988164956045
DRG1,8.34103972729172,-0.0265545634708417,0.41233166665308,-0.0649787070048603,0.948190953767934,0.987648233164879
SFI1,2.23016628052437,0.676924648443754,0.498996543903069,1.35530301419084,0.175321035074899,0.543838999270018
PISD,2.68122370444093,0.0571916945399918,0.466162563832355,0.123176653207294,0.901967212806067,0.978178380246315
PRR14L,1.4921199509729,0.212825864125963,0.542073390353999,0.389799292044424,0.696684967311043,NA
YWHAH,8.5799421337889,0.0268465750265928,0.286718969971589,0.093661314141862,0.925378201979601,0.983880196974474
RTCB,10.0779761657249,0.387891243334886,0.272266796958859,1.42385507168565,0.15448842981549,0.51114210845301
FBXO7,15.2071056827876,0.454186652312036,0.233870554435648,1.94161738173768,0.0521834370716806,0.278149440814769
HMGXB4,4.14325577306278,-0.595335351448398,0.415156553717992,-1.43255219463744,0.151985851838865,0.508336130429745
TOM1,1.60367965656682,-0.602049985557362,0.548297144178279,-1.10243711625392,0.27027168284241,NA
HMOX1,1.20310214887555,2.1057752453001,0.620287147814969,3.33623425870241,0.0008492157300274,NA
MCM5,3.01990166467285,-0.424292549357055,0.435342751235124,-0.973733943744474,0.3301886588779,0.712341434562813
APOL6,4.05268571874624,2.17200285315782,0.434999547647603,4.78179731462628,1.73734806216273e-06,4.57270009961231e-05
APOL3,7.12761310474109,0.633692225732336,0.32442715912742,1.94838486463194,0.0513689294647323,0.275362570979991
APOL2,4.21195404912052,0.981925205211479,0.415764135548033,2.33988600821045,0.0192896264310353,0.145265512922704
APOL1,2.45537947777805,1.14179838603487,0.485351409940065,2.31119972352901,0.0208218256375236,0.15350993019037
MYH9,7.77288024111104,-0.125346067740507,0.29334082694914,-0.427154415186075,0.669266861107668,0.908251025904242
TXN2,7.36449539742512,0.161037003193363,0.28845229047647,0.558226388708375,0.57668980336859,0.868555268870245
EIF3D,13.5696126080894,-0.662590323984084,0.235419079374868,-2.81313362644468,0.00490612586140746,0.0523555076930622
IFT27,4.83372587219931,0.106307586572285,0.346584785615684,0.306835214126196,0.758968803286688,0.934295191912836
NCF4,0.657880541927879,0.1798210631209,0.668379389892166,0.290882002853656,0.771141566091643,NA
MPST,6.04159395892642,-0.271787118631793,0.335478241625693,-0.809844663832295,0.418029458925987,0.774724032066292
KCTD17,0.718924649171457,-0.28278356822424,0.622589342140038,-0.445121301434738,0.656232095693887,NA
IL2RB,17.1409023285212,0.316677246776701,0.265599412611526,1.19312533035625,0.232820292515768,0.618348143190213
RAC2,28.4451141512982,-0.106376457769404,0.1813140686762,-0.586636052510987,0.557448163988907,0.859346358577324
CYTH4,2.24124850415558,-1.01990845302929,0.506483010232811,-1.99269448605062,0.0462949115443693,0.257879803565672
MFNG,6.99815524813953,-0.793884717967246,0.34286376962821,-2.31286955842939,0.0207298119723835,0.153229223339692
LGALS2,0.162628556829206,-0.114245718552618,0.648275972092177,-0.186764366174729,0.851845386940044,NA
GGA1,5.93376919846232,-0.628657118380132,0.34169360039458,-1.83984267620325,0.065791337938532,0.320671854544845
SH3BP1,2.9213000539671,0.259505622301722,0.451524369732146,0.571458986038944,0.567688554520586,0.864662963947938
LGALS1,43.0368844241444,-0.28292750877258,0.251193430828073,-1.12630868632535,0.260034882325207,0.648534108352139
NOL12,5.5212987246958,-0.569759952896566,0.348254580991249,-1.63382776682107,0.102295020255133,0.416780949398623
TRIOBP,0.408456130763259,0.275465527055175,0.668556837017453,0.436813638185891,0.662246507446743,NA
H1F0,0.158365543805531,-0.216417917945057,0.538601048935734,-0.448599734095362,0.653720425644618,NA
EIF3L,21.0640882645501,-1.05394984997224,0.203236996929478,-5.18104843768147,2.20642181443144e-07,6.71364417986539e-06
POLR2F,15.9966732901681,0.0576276861672296,0.215203276673419,0.267877161160475,0.788793874175725,0.947284525436336
MAFF,11.7862103382115,-0.678718872048689,0.331879513795109,-2.04797279586162,0.0405626650622683,0.241197890333789
DDX17,11.1371614005624,-0.223610241839679,0.258830141947109,-0.863716261741743,0.387743778178721,0.75567687831647
TOMM22,8.40921765541217,-0.13014305603455,0.287824753006724,-0.452262709284525,0.651079736904886,0.900439173745401
JOSD1,4.66722583896106,-0.166157453740129,0.392433035000794,-0.424885709138678,0.670919992943134,0.908251025904242
GTPBP1,2.17862037963761,1.07121040118968,0.525443698296725,2.02758395836358,0.0426027276001336,0.245361879745189
SUN2,8.75214559249376,-1.11442880102163,0.285196619215356,-3.89745643883946,9.72083006792747e-05,0.00186753465246607
CBX6,2.26405714009936,-0.428002435758193,0.497989330091067,-0.860432346705169,0.389550761530301,0.757125460321857
APOBEC3A_ENSG00000128383,10.7757265961274,4.18665726134909,0.492735236053723,7.4786035148627,7.51165216620074e-14,4.25175666697642e-12
APOBEC3B,2.49316000117921,2.08147832067466,0.668491264732883,3.30188973359507,0.000960358153502951,0.0138123642624031
APOBEC3C,15.9311217518572,0.151855278521322,0.209551870356399,0.724432912389431,0.468800000150033,0.815289570375014
APOBEC3F,4.36059090338516,0.181514147699933,0.360960368676426,0.502485249220283,0.615326225903183,0.882341937661225
APOBEC3G,196.275892286627,0.245960195791081,0.125118858279169,1.9656076011004,0.049343955401743,0.267872531338041
APOBEC3H,10.6259975257062,0.418994256404179,0.283088578432478,1.47753918405753,0.139531162790286,0.485945869768754
CBX7,3.67429832959827,0.284548450979734,0.410951950627418,0.69363641183846,0.487910252921154,0.826517143506538
RPL3,708.730019437144,-0.46317663574715,0.1095393254249,-4.2283511302379,2.35410200654441e-05,0.000516333040102074
SYNGR1,5.00893773997117,-1.33386456235276,0.499829073513233,-2.65898645802857,0.00783761131953058,0.0740703518599802
MIEF1,1.03881733519425,-0.123621695963687,0.590657609866262,-0.208730340181733,0.83465875375091,NA
ATF4,8.17119855819304,-0.453919541410063,0.309443792352025,-1.46785239308978,0.142144322160334,0.49034755367722
RPS19BP1,22.2153165058988,-0.225532280825182,0.179845016892319,-1.25391162746057,0.209874128274619,0.590976561839918
GRAP2,5.71151518251581,1.03261229336919,0.390335388276317,2.628389867053,0.0085790130035334,0.0799290698240705
TNRC6B,6.00261270322827,-0.082716079607961,0.353247624212105,-0.23398545377797,0.814996271443968,0.95063330273134
ADSL,3.47110549461825,-0.167915012193077,0.410465633758003,-0.409498975128088,0.682173518752135,0.913033664559176
SGSM3,1.7558476928601,0.0957684409480843,0.508413707593439,0.188511737151499,0.850475515542864,0.961740733365766
ST13,22.1845340162364,-0.0913116103763559,0.187121337421663,-0.487985711374202,0.625559961985211,0.887532398688412
RBX1,27.031298645985,0.410073736810577,0.183666323703047,2.23217257249477,0.0256035594199627,0.176872882922157
EP300,0.604009003590182,-0.42191415500647,0.648816429521745,-0.657684409359251,0.510740942536671,NA
L3MBTL2,2.8111538822424,-0.300624439767307,0.489065441969498,-0.62023097811191,0.535105729247938,0.850326071899693
RANGAP1,1.19383913988483,-0.474594753510106,0.542365922921528,-0.869071428778702,0.384808062994462,NA
TOB2,2.69455064630543,-0.0312627434679093,0.507963570573279,-0.061838180373256,0.950691698113078,0.987648233164879
PHF5A,10.1275347953593,-0.0112330787451525,0.249990058204867,-0.0449254811887779,0.96416670629406,0.990737780820354
ACO2,5.04539440926032,-0.139805859229078,0.379190409401459,-0.367837757327064,0.712994213518216,0.919261107093145
POLR3H,1.10740956573965,-0.422701973271555,0.595489013728633,-0.709931601993994,0.477746552220297,NA
PMM1,0.949960108434978,-0.239319123325931,0.609937034494089,-0.389350959491406,0.697016544129886,NA
DESI1,3.28061140279156,0.961400992768026,0.425556780885402,2.24267653341073,0.0249176809572563,0.17488889674533
XRCC6,24.167048205775,-0.221846220638195,0.176982514952603,-1.2537293891214,0.209940381960609,0.590976561839918
NHP2L1,26.5576421663517,-0.0501253103306233,0.18672424641883,-0.268450018307248,0.788352942842075,0.947284525436336
MEI1,4.62564391916291,-0.705293798600714,0.427725427186288,-1.64325780157206,0.100329605206024,0.41004273432027
CENPM,0.177320016738189,0.306654788184082,0.66234479378836,0.468157892345935,0.639671681727747,NA
NAGA,0.520517931411476,-0.246174139125288,0.64827408454386,-0.376741962000114,0.706365375469481,NA
SMDT1_ENSG00000183172,17.668683878767,-0.099737811869896,0.198676899784686,-0.502014923135154,0.615657023705046,0.882575864047757
NDUFA6_ENSG00000184983,23.2037909181025,0.192244661102171,0.176726573472952,1.08776632400373,0.276698279718395,0.663874085887709
RRP7A,9.21373021245932,0.181437809299499,0.325272712726514,0.558052372783025,0.576808621697923,0.868555268870245
POLDIP3,3.25037146544577,-0.049414549835659,0.442537620722875,-0.111763422744931,0.911010990188009,0.980687495368033
CYB5R3,4.82063167439585,-0.19624133255239,0.339131388122028,-0.578856093598945,0.562686278177755,0.86227124214422
ARFGAP3,9.80074385366052,0.122149235559992,0.263790139204542,0.463253131535636,0.643182936216493,0.896842752185913
PACSIN2,4.90442148199527,-0.512847836920098,0.397196949269208,-1.29200004936034,0.196357127497257,0.575514431595524
BIK,0.240947716327785,-0.520726610890667,0.637640397485438,-0.801896245858147,0.422612977915444,NA
MCAT,1.36864205543854,-0.256862085416529,0.526296380527712,-0.485769478522833,0.627130616523236,NA
TSPO,16.6647995491008,-0.393515336199236,0.232460000592711,-1.69265648884723,0.0905208719328679,0.387085190783604
SAMM50,3.76984893472496,0.15974073083338,0.374509136014787,0.426426214305142,0.669797303090232,0.908251025904242
PARVB,0.63079612019999,-0.195121139557697,0.643094040487208,-0.303954207745501,0.761162778446431,NA
PARVG,1.94390957454476,-0.124404708124757,0.476967791710042,-0.259622890271224,0.795154677752212,0.947331951222146
PRR5,6.58003433279411,2.87303432454074,0.412873853871129,6.55885427004526,5.4222758922224e-11,2.52591684041227e-09
CTA-217C2.1,1.2707133754738,0.330988710086011,0.592974265377282,0.555297899174938,0.57869091557827,NA
NUP50,2.56089834974948,-0.221116888940409,0.508736522501381,-0.4399552933745,0.659969487296785,0.904193496937779
KIAA0930,0.824464962876813,0.7505706279819,0.656014403859393,1.15096904024099,0.249744972580702,NA
FAM118A,6.54812000898751,0.0171990821630722,0.413988695799866,0.0415161642763751,0.966884406734641,0.992192196095855
ATXN10,9.88036379236048,-0.669910791691322,0.268298914673535,-2.49589419123814,0.012564007193108,0.105481553212951
TTC38,3.86231420730332,-0.0077372948892599,0.435120777827386,-0.0178111212934155,0.985789532658771,0.997107385615932
TRMU,2.45032915398389,-0.435454891747723,0.456828426562949,-0.953998703211821,0.340084298798085,0.723725920412729
CERK,2.80232784786327,-0.598232449221351,0.42525856074326,-1.40218885972292,0.160858857431179,0.520763238325786
CTA-29F11.1,2.01818854827238,-0.0357910344536283,0.487957380327556,-0.0730088937082276,0.941799040244526,0.987648233164879
TBC1D22A,2.79597825297267,-0.4517966546367,0.47342315554713,-0.95439506495292,0.339883703370439,0.723725920412729
ALG12,1.57093943553448,-0.436262021072035,0.53998131211849,-0.81053519800895,0.417632643898816,NA
CRELD2,5.99209735855412,1.06222648383593,0.342665993853886,3.0811419422478,0.00206208321699898,0.0266049167997124
PIM3,8.56760031575356,-0.892119822635866,0.315345598322477,-2.82726671770108,0.00469472075314978,0.0507454005022185
TRABD,8.92514127334124,-0.508092556419006,0.295625242116858,-1.71882953013898,0.0856454167832212,0.377710561261952
SELO,1.02533880779998,0.0533934064860469,0.580532075062323,0.0912206129501895,0.927317296470912,NA
PPP6R2,1.85099225471738,-0.513786641605334,0.509469824446611,-1.00447969085811,0.315147455540586,0.703055690494866
LMF2,2.63944059573909,0.112276989449316,0.452837445865989,0.248132315060625,0.804032033481696,0.948768259507023
NCAPH2,1.69710242376924,-0.445502457446362,0.533362327660207,-0.835491242523124,0.403441175713985,0.763651330082134
SCO2,6.23080201959187,0.449872962192879,0.341205108314556,1.31552549120354,0.188333356017859,0.565130548910748
TYMP,46.0862477909501,2.36417145428289,0.236785041370119,9.93884942106834,2.82066154534426e-23,3.09332549472754e-21
ODF3B,2.40293936442955,1.67316592518077,0.537095141033331,3.03935590842781,0.00237084585073432,0.0298418769494596
CTA-384D8.35,0.640685634290356,1.74305434409756,0.655392635684589,2.64614908334723,0.00814139269936121,NA
CTA-384D8.34,0.217614103018998,-0.0995935649081756,0.664601469337846,-0.152738298922373,0.878604656931909,NA
KLHDC7B,1.51533471568964,1.51664893117415,0.558056498610043,2.63027406848551,0.0085316057336211,NA
RABL2B_ENSG00000079974,2.10614209223568,-0.460993352955732,0.465838222188439,-0.985923229678385,0.324170786723062,0.709536391397173
HSPA13,2.00488517441717,1.17311066666388,0.562631891201352,2.09203031365831,0.0364358040861817,0.223801718447678
SAMSN1,50.9204542464062,0.414906433827574,0.194726121413199,2.13046864604829,0.0331329416955602,0.20969460722276
NRIP1,0.605596352735588,0.0442442169921882,0.642117023199399,0.0694390803919717,0.944640122322452,NA
BTG3,7.90514983558278,0.571832858006652,0.339538264043954,1.67955585014299,0.0930437637851632,0.392453824170752
C21orf91,3.30009117972303,1.17701676010827,0.491802357209098,2.39173678849159,0.0167688633080923,0.13096631521335
MIR155HG,1.83489990071542,1.9708333290583,0.558830566500466,3.35480014577151,0.000794223412249953,0.0118436035186509
MRPL39,5.69301346571652,-0.495734651068247,0.339061995431451,-1.46296156849534,0.143477895284315,0.493306783533882
ATP5J,32.2415782802836,0.160097171056955,0.181062581691918,0.884227318849923,0.376573513882577,0.74850436218355
GABPA,1.97731090533003,0.884564900726183,0.51086123166471,1.71788706186846,0.0858172171864161,0.377710561261952
APP,0.691728196547676,0.172056890771565,0.633338053676724,0.272226532917116,0.785447841635955,NA
N6AMT1,0.983885262171711,-0.338976508850883,0.628251782203816,-0.548441057897381,0.58338909090434,NA
LTN1,2.63581359069009,0.0382674573669048,0.454143858846741,0.0843195098609478,0.932802401013399,0.987351943170534
USP16,8.81066853776789,0.0838865217451729,0.33056616614466,0.254292228267372,0.79926980345745,0.947389381986043
CCT8,16.0774583535102,-0.16994958343312,0.232869098713499,-0.729883325456845,0.465461505515759,0.813176357382621
MAP3K7CL,3.95987221432413,-0.138670602571417,0.434131039013353,-0.320828486322453,0.74834037065645,0.93060801113526
BACH1,1.61857317995739,-0.414121435556194,0.614733011057814,-0.683963256694664,0.493998368045527,NA
SOD1,50.9139320428526,-0.227661525280545,0.144827430560273,-1.57201110243602,0.115947976414919,0.441544497314798
SCAF4,2.78024731797357,0.315294411584583,0.466819112444154,0.672360618418243,0.501354147473249,0.833605156994755
MIS18A,2.21367467005602,-0.0799783905200183,0.456052408723494,-0.175288725729466,0.860852770184577,0.965868590347758
C21orf59,6.1940964391362,0.067579976517837,0.337434223097098,0.199946874983617,0.841522129641548,0.95986749419997
OLIG1,0.0804207652665658,0.0779596685883439,0.527434344936694,0.15645251070004,0.875676349173133,NA
IFNAR2,3.72723702170794,-1.2453106892079,0.437666856453359,-2.82271673028465,0.00476186245203069,0.0513656638268229
IL10RB-AS1,0.267760698237835,-0.108552561287415,0.490601629230456,-0.23624708458697,0.813240945143274,NA
IL10RB,2.60489328033167,-0.0616461895615868,0.514800271406937,-0.118857344045887,0.905388376646956,0.978776540384895
IFNAR1,3.24321582988933,-0.620394426867087,0.406886828386091,-1.52089451021373,0.128286311832919,0.464263436563801
IFNGR2_ENSG00000159128,1.0907100754473,0.398895531991764,0.659907283466813,0.666082010451802,0.505358682401954,NA
TMEM50B_ENSG00000142188,4.78699697379588,-0.350837713552838,0.357475793626873,-0.98042017634272,0.326878754339721,0.710584304560553
GART_ENSG00000159131,2.56312265849566,0.251819056080508,0.460850918303078,0.545434109002346,0.585454986700099,0.874242776346287
SON,24.020271356013,0.186621694241685,0.191535428604288,0.974369678251063,0.329873019227849,0.712341434562813
CRYZL1,6.71426208583705,-0.156944256909954,0.330307749964908,-0.475099794394476,0.634715845041538,0.892211981511767
ATP5O,32.5542122539011,0.184271379413365,0.196642642967601,0.936939774508631,0.348789538111987,0.72991339016124
LINC00649,0.765921405909178,0.918308056198251,0.639564679003324,1.40780308226332,0.159189387441355,NA
MRPS6,21.4848769084996,-0.275843388995709,0.199740294614558,-1.3814931652686,0.167127377868785,0.531255143177106
SMIM11,6.73488504016749,-0.254501120279484,0.294460181575922,-0.864185931650293,0.387485759231256,0.75545371725679
RUNX1,1.38045786005942,-0.106317423558528,0.541759052404175,-0.195971510748627,0.844632464739773,NA
SETD4,2.44797482824504,-0.087277849745017,0.450342610346004,-0.193863030220431,0.846283132084086,0.960714774054481
CBR1,4.32398751090899,0.0923914909434889,0.499573233941629,0.18267102948993,0.855056148361311,0.962578178993572
CBR3,1.29767131333177,0.0491814690205382,0.557952145276363,0.0882008773327221,0.929717020025751,NA
MORC3,6.77867660445523,0.778088267169205,0.334769480934775,2.31738909321972,0.0204825459414486,0.152073514577977
PIGP,5.38943836959576,0.178533444521861,0.375326175719094,0.475064763572359,0.634740812800906,0.892211981511767
TTC3,7.24435905579234,-0.827546792526932,0.288744763856064,-2.86124616367412,0.00421979265396921,0.0467641863799871
DSCR3,5.00253626244442,0.290853282202592,0.352995120322057,0.822781350060183,0.410632344165327,0.771004114590611
KCNJ15,0,NA,NA,NA,NA,NA
ETS2,1.54845063160851,0.0394752057715825,0.540904850792878,0.0729141724393898,0.941874415988179,NA
PSMG1,4.45808751871795,-0.901508369456352,0.40316442173223,-2.23537665601907,0.0253926313410892,0.176109105901836
BRWD1,4.16469616082973,-0.371828323158912,0.383621027839396,-0.96967979155507,0.332206126512513,0.714898333711467
HMGN1,59.3387126723023,-0.215803878772229,0.132940265690479,-1.62321204186179,0.104544084534482,0.421055899762441
WRB,2.128309800633,-0.0171131148142277,0.481387617324845,-0.0355101985400266,0.971672914246327,0.994340245060783
MX2,29.6720401695561,3.59746322038282,0.262483163460766,13.314037784595,1.91827907120229e-40,4.3903569699169e-38
MX1,114.243147092359,4.04618815335476,0.21011497405912,19.0601100322127,5.41608018317132e-81,4.75170768070231e-78
ABCG1,5.74519771304191,-0.0219634347928262,0.340821258870202,-0.06452205648098,0.948554545169185,0.987648233164879
SLC37A1,1.39925222985956,-0.0337560380347163,0.533202481601057,-0.0631173931164633,0.949673024209544,NA
NDUFV3,2.90842583042504,-0.294765928945227,0.454644802330082,-0.646801914918431,0.517760152875816,0.842240248683032
PKNOX1,2.20749246505594,-0.313587397855645,0.495464218539053,-0.631872034575097,0.527470498433409,0.84781823015373
U2AF1,33.3277509202568,-0.0524891797453087,0.157963860008628,-0.332280833904852,0.739677210845443,0.928396453612475
RRP1B,0.96414821772441,-0.88918602169212,0.602226478318784,-1.46479681926148,0.142976359946542,NA
PDXK,3.37556094649967,-0.103608899010996,0.431511173580776,-0.239017226545774,0.811092224978825,0.95063330273134
CSTB,27.7665764393327,-0.0872733117786724,0.214100561974896,-0.407804823791866,0.683416971879114,0.913085437061073
RRP1,2.73798242629898,-0.12186883110208,0.435774034389068,-0.280191428663875,0.779330642345333,0.94381542557948
AGPAT3,0.709690734746204,0.271900681061382,0.651255297955245,0.441630349741369,0.658756718249398,NA
TRAPPC10,5.18450268550296,-0.40682034973285,0.345178250349073,-1.17779419699611,0.238878662667573,0.624358133208593
PWP2,1.82294263966102,-1.01781937544141,0.603345580643289,-1.70070429820976,0.088998527610666,0.384321779608323
C21orf33,5.84696892561118,-0.305105741797596,0.326096590163852,-0.935214452269587,0.349677791961014,0.72991339016124
AP001055.6,0.184579625548243,0.12659729341886,0.631273035220736,0.240245308092094,0.810140091219623,NA
ICOSLG,0.245799132097657,0.218431508312756,0.617331478535497,0.363112858512799,0.716520579545991,NA
PFKL,2.83347282053666,-0.468063456054195,0.474756855154227,-0.986289133770494,0.323991250461459,0.709536391397173
C21orf2,1.78658903157366,-0.649021924371691,0.515457560054863,-1.2568450544776,0.208809747886874,0.589678963372791
UBE2G2_ENSG00000184787,2.69278334083403,-0.182595242511728,0.455375781288337,-0.401467781343651,0.688075754380371,0.914654235115726
SUMO3,9.20444528626549,-0.753197259015265,0.281484912140464,-2.67233557435579,0.00753252793726877,0.0727550139513979
PTTG1IP,5.21313227812581,-0.68578737141894,0.353693566034922,-1.93650675689801,0.0528056657966293,0.2796469061906
ITGB2,9.034996829143,-1.26926975109844,0.278533881469861,-4.53905983792783,5.65056007781552e-06,0.000136442881878995
FAM207A,3.55181396819318,-0.285607251512782,0.394652437438012,-0.722993698295831,0.469683755797327,0.815289570375014
DIP2A,2.03921422263221,-0.286207089359367,0.489494802984983,-0.58202053010052,0.560552852359795,0.861022635900994
S100B,0.605304298621636,-0.501961653232231,0.668259055190306,-0.714260523351547,0.475066098005994,NA
PRMT2,22.6622777388148,-0.0347517124973749,0.247532996173123,-0.140397138608821,0.888346218521746,0.973408512551722
